SMILE A,SMILE B,SMILE C,Young's Modulus (kPa) log10,Swelling Ratio (times),Source,Young's Modulus (kPa)
C/C(C[*])=C/C[*],[*]CC=CCCC(C1=CC=CC=C1)[*],,3.0791812460476247,,10.4028_www.scientific.net_msf.695.332_part_1.txt_段1_Material1,1199.9999999999995
CC(C=C([*])C=C1C)=C1O[*],[*]CC(CC(C#N)[*])C1=CC=CC=C1,,6.3979400086720375,,10.1007_s00396-021-04820-x_part_2.txt_段1_Material2,2499999.9999999995
CC(COC(C(CC(C(C(C(OC(C)C)=O)C1=CC=CC=C1)C(OCC(OC(C2=CC=CC=C2C(O)=O)=O)C)=O)C3=CC=CC=C3)C(C(OC(C)C[*])=O)C4=CC=CC=C4)=O)OC(C5=CC=CC=C5C(O[*])=O)=O,COC(C(C[*])([*])C)=O,,6.531478917042255,,10.1016_j.polymer.2015.07.016_part_1.txt_段1_Material3,3400000.000000002
CC(COC(C(CC(C(C(C(OC(C)C)=O)C1=CC=CC=C1)C(OCC(OC(C2=CC=CC=C2C(O)=O)=O)C)=O)C3=CC=CC=C3)C(C(OC(C)C[*])=O)C4=CC=CC=C4)=O)OC(C5=CC=CC=C5C(O[*])=O)=O,OCC1OC(C(C(C1[*])O)O)OC2C(C(C(OC2CO)O[*])O)O,,6.414973347970818,,10.3390_polym13111878_part_2.txt_段1_Material1,2600000.0000000014
CC(COC(C(CC(C(C(C(OC(C)C)=O)C1=CC=CC=C1)C(OCC(OC(C2=CC=CC=C2C(O)=O)=O)C)=O)C3=CC=CC=C3)C(C(OC(C)C[*])=O)C4=CC=CC=C4)=O)OC(C5=CC=CC=C5C(O[*])=O)=O,[*]C(F)(C(F)([*])F)F,,6.372912002970106,,10.1016_j.triboint.2016.03.013_part_1.txt_段1_Material1,2359999.9999999986
COC(C(C[*])([*])C)=O,O=C(C1=CC=C(C=C1)C(OCC[*])=O)O[*],,6.2552725051033065,,10.1590_0104-1428.1924_part_1.txt_段1_Material2,1800000.0000000016
COC(C(C[*])([*])C)=O,[*]CC(C1=CC=CC=C1)[*],,6.8750612633917,,10.1007_s10570-010-9487-6_part_1.txt_段1_Material1,7500000.000000001
COC(C(C[*])([*])C)=O,[*]CC(COC1=CC=C(C=C1)C(C)(C)C2=CC=C(C=C2)O[*])O,,6.8909795969896885,,10.1016_j.jngse.2020.103790_part_1.txt_段1_Material1,7779999.999999993
C[Si](C)(C[*])O[*],[*]CC(COC1=CC=C(C=C1)C(C)(C)C2=CC=C(C=C2)O[*])O,,5.715167357848458,,10.1002_app.48641_part_1.txt_段1_Material1,518999.99999999977
C[Si](O[*])(C)[*],[*]CC(C1=CC=CC=C1)[*],,3.0,,10.1007_s10404-018-2152-3_part_1.txt_段1_Material1,1000.0
O=C(C1=CC=C(C=C1)C(OCC[*])=O)O[*],CC(C=C([*])C=C1C)=C1O[*],,6.361727836017593,,10.1007_s13233-020-8075-3_part_2.txt_段1_Material2,2300000.000000001
O=C(C1=CC=C(C=C1)C(OCC[*])=O)O[*],COC(C(C[*])([*])C)=O,,6.409933123331294,,10.1016_j.polymdegradstab.2017.11.001_part_6.txt_段1_Material1,2569999.9999999977
O=C(C1=CC=C(C=C1)C(OCC[*])=O)O[*],O=C(C1=CC=C2C=C(C=CC2=C1)C([*])=O)OCCO[*],,6.477121254719663,,10.4028_www.scientific.net_amr.912-914.445_part_3.txt_段1_Material2,3000000.000000001
O=C(C1=CC=C(C=C1)C(OCC[*])=O)O[*],O=C(CCCCC(N(CCCCCCN([*])[H])[H])=O)[*],,7.021189299069938,,10.1590_1516-1439.281914_part_2.txt_段1_Material2,10500000.000000006
O=C(C1=CC=C(C=C1)C(OCC[*])=O)O[*],O=C(O)C([*])C[*],,4.260071387985075,,10.1016_j.reactfunctpolym.2017.11.001_part_1.txt_段1_Material4,18200.00000000001
O=C(C1=CC=C(C=C1)C(OCC[*])=O)O[*],O=C([*])C(C)O[*],,6.0,,10.1051_matecconf_201925302005_part_1.txt_段1_Material1,1000000.0
O=C(C1=CC=C(C=C1)C(OCC[*])=O)O[*],O=C([*])C1=CC=C(C=C1)OC2=CC=C(C=C2)OC3=CC=C(C=C3)[*],,6.740362689494244,,10.1177_0954008316661616_part_3.txt_段1_Material1,5500000.000000004
O=C(C1=CC=C(C=C1)C(OCC[*])=O)O[*],O=C([*])C1=CC=C2C=C(C=CC2=C1)OC(C3=CC=C(C=C3)O[*])=O,,6.099231615080882,,10.1016_j.compscitech.2012.01.008_part_1.txt_段1_Material1,1256699.9999999998
O=C(C1=CC=C(C=C1)C(OCC[*])=O)O[*],O=C([*])CCCCCN[*],,6.431363764158987,,10.1016_j.compositesb.2021.108928_part_1.txt_段1_Material1,2699999.9999999977
O=C(C1=CC=C(C=C1)C(OCC[*])=O)O[*],O=C([*])OC1=CC=C(C=C1)C(C)(C)C2=CC=C(C=C2)O[*],,6.142702245737616,,10.4028_www.scientific.net_amr.750-752.858_part_1.txt_段1_Material1,1389000.0000000012
O=C(C1=CC=C(C=C1)C(OCC[*])=O)O[*],OC(C(C)(CC(C1=CC=CC=C1)[*])CC(C[*])(C(OCC2CO2)=O)C)=O,,6.238046103128795,,10.1021_acs.iecr.8b06362_part_2.txt_段1_Material1,1729999.9999999986
O=C(C1=CC=C(C=C1)C(OCC[*])=O)O[*],OCC1OC(C(C(C1O[*])O)O)[*],,4.819543935541868,,10.1177_0040517511407381_part_1.txt_段1_Material1,65999.99999999994
O=C(C1=CC=C(C=C1)C(OCC[*])=O)O[*],[*]C(C)C[*],,5.7160033436348,,10.1007_s00289-016-1748-6_part_3.txt_段1_Material1,520000.0000000014
O=C(C1=CC=C(C=C1)C(OCC[*])=O)O[*],[*]C(C1=CC=C(C(OCCCCO[*])=O)C=C1)=O,,6.614897216033135,,10.1002_adv.21918_part_1.txt_段1_Material1,4120000.000000008
O=C(C1=CC=C(C=C1)C(OCC[*])=O)O[*],[*]C(CCCCC(OCCCCO[*])=O)=O,,5.00902574208691,,10.1016_j.matpr.2017.06.173_part_2.txt_段1_Material1,102100.00000000004
O=C(C1=CC=C(C=C1)C(OCC[*])=O)O[*],[*]C(CCCCCO[*])=O,,5.37383114507383,,10.1016_j.polymer.2020.122573_part_2.txt_段1_Material2,236500.0
O=C(C1=CC=C(C=C1)C(OCC[*])=O)O[*],[*]C(F)(C(F)([*])F)F,,6.477121254719663,,10.1080_03602559.2016.1247281_part_6.txt_段1_Material2,3000000.000000001
O=C(C1=CC=C(C=C1)C(OCC[*])=O)O[*],[*]C([H])([H])C(O)([H])[*],,4.862250674597925,,10.1016_j.colsurfa.2013.07.014_part_2.txt_段1_Material4,72819.99999999994
O=C(C1=CC=C(C=C1)C(OCC[*])=O)O[*],[*]C/C=C/C[*],,6.466867620354109,,10.1007_s42452-019-1406-3_part_2.txt_段1_Material1,2929999.9999999977
O=C(C1=CC=C(C=C1)C(OCC[*])=O)O[*],[*]C1=C(C=CN2)C2=C([*])C(O)=C1O,,5.188084373714938,,10.1007_s13233-016-4140-3_part_1.txt_段1_Material1,154199.99999999994
O=C(C1=CC=C(C=C1)C(OCC[*])=O)O[*],[*]C1=CC(C2=NC3=CC(C4=CC=C5N=C([*])NC5=C4)=CC=C3N2)=CC=C1,,6.079181246047625,,10.1016_j.jiec.2015.03.022_part_1.txt_段1_Material1,1200000.0000000007
O=C(C1=CC=C(C=C1)C(OCC[*])=O)O[*],[*]CC(C#N)[*],,5.326335860928752,,10.1002_pc.23015_part_1.txt_段1_Material1,212000.0000000001
O=C(C1=CC=C(C=C1)C(OCC[*])=O)O[*],[*]CC(C1=CC=C(C=C1)S(O)(=O)=O)[*],,6.768638101247615,,10.26599_nr.2025.94907500_OA_part_1.txt_段1_Material1,5870000.000000006
O=C(C1=CC=C(C=C1)C(OCC[*])=O)O[*],[*]CC(C1=CC=CC=C1)[*],,5.48572142648158,,10.1016_j.polymertesting.2020.106755_part_1.txt_段1_Material3,305999.99999999977
O=C(C1=CC=C(C=C1)C(OCC[*])=O)O[*],[*]CC(CC=CCC([*])C1=CC=CC=C1)C#N,,5.507072896756503,,10.1177_204124791700800403_part_3.txt_段1_Material1,321419.9999999998
O=C(C1=CC=C(C=C1)C(OCC[*])=O)O[*],[*]CC(COC1=CC=C(C=C1)C(C)(C)C2=CC=C(C=C2)O[*])O,,5.676693609624866,,10.1039_c6gc01198e_part_2.txt_段1_Material1,474999.99999999977
O=C(C1=CC=C(C=C1)C(OCC[*])=O)O[*],[*]CC([*])Cl,,6.361727836017593,,10.3139_217.3307_part_2.txt_段1_Material2,2300000.000000001
O=C(C1=CC=C(C=C1)C(OCC[*])=O)O[*],[*]NC(C(O)=O)CCC([*])=O,,6.14705767102836,,10.3390_polym13030452_part_3.txt_段1_Material1,1403000.000000001
O=C(C1=CC=C(C=C1)C(OCC[*])=O)O[*],[*]OCC[*],,6.016197353512439,,10.1016_j.polymer.2015.09.024_part_3.txt_段1_Material3,1037999.9999999997
O=C(C1=CC=C(C=C1)C(OCC[*])=O)O[*],[*]O[C@H](C)CC([*])=O,,6.146128035678238,,10.1007_s10924-021-02073-x_part_2.txt_段1_Material2,1400000.0000000005
O=C(C1=CC=C(C=C1)C(OCC[*])=O)O[*],[H]N(C(O[*])=O)CCCCCCN(C(OCCCCO[*])=O)[H],,6.0,,10.1002_app.41246_part_1.txt_段1_Material1,1000000.0
O=C(C1=CC=C(C=C1)C([*])=O)NC2=CC=C(C=C2)N[*],O=C(C1=CC=C(C=C1)C(OCC[*])=O)O[*],,6.334453751150931,,10.1177_15280837211019901_part_3.txt_段1_Material1,2159999.999999999
O=C(C1=CC=C(C=C1)C([*])=O)NC2=CC=C(C=C2)N[*],[*]C(C)C[*],,7.276921132065774,,10.1016_j.compositesa.2016.08.031_part_2.txt_段1_Material3,18920000.000000004
O=C(C1=CC=C(C=C1)C([*])=O)NC2=CC=C(C=C2)N[*],[*]CC(COC1=CC=C(C=C1)C(C)(C)C2=CC=C(C=C2)O[*])O,,7.483587296968894,,10.1016_j.polymertesting.2020.106680_part_1.txt_段1_Material1,30449999.99999998
O=C(C1=CC=C2C=C(C=CC2=C1)C([*])=O)OCCO[*],O=C(C1=CC=C(C=C1)C([*])=O)NC2=CC=C(C=C2)N[*],,7.477121254719663,,10.1002_app.36442_part_2.txt_段1_Material3,30000000.00000001
O=C(C1=CC=C2C=C(C=CC2=C1)C([*])=O)OCCO[*],[*]C1=C(C=CN2)C2=C([*])C(O)=C1O,,6.479393896404411,,10.1177_09540083211014936_part_1.txt_段1_Material1,3015739.999999997
O=C(C1=CC=C2C=C(C=CC2=C1)C([*])=O)OCCO[*],[*]CC(COC1=CC=C(C=C1)C(C)(C)C2=CC=C(C=C2)O[*])O,,7.477121254719663,,10.1002_app.36442_part_2.txt_段1_Material1,30000000.00000001
O=C(CCCCC(N(CCCCCCN([*])[H])[H])=O)[*],[*]CC(COC1=CC=C(C=C1)C(C)(C)C2=CC=C(C=C2)O[*])O,,8.122543524068755,,10.1088_2053-1591_ab3021_part_4.txt_段1_Material2,132600000.00000018
O=C(N)C([*])C[*],OC(C(C)(CC(C1=CC=CC=C1)[*])CC(C[*])(C(OCC2CO2)=O)C)=O,,2.0,,10.1007_s13726-018-0634-5_part_2.txt_段1_Material1,100.0
O=C(O)C([*])C[*],[*]CC(COC1=CC=C(C=C1)C(C)(C)C2=CC=C(C=C2)O[*])O,,6.2552725051033065,,10.1108_mmms-04-2017-0019_part_1.txt_段1_Material2,1800000.0000000016
O=C(O[*])CCCCCCCCCCN[*],[*]CC(CCCC(CC)CC([*])C1=CC=CC=C1)C2=CC=CC=C2,,5.993876914941211,,10.1016_j.eurpolymj.2017.03.008_part_4.txt_段1_Material3,985999.9999999997
O=C([*])C(C)O[*],O=C(C1=CC=C(C=C1)C(OCC[*])=O)O[*],,6.109915863023793,,10.1016_j.matdes.2014.03.016_part_2.txt_段1_Material1,1287999.9999999986
O=C([*])C(C)O[*],O=C([*])OC1=CC=C(C=C1)C(C)(C)C2=CC=C(C=C2)O[*],,6.518513939877887,,10.11113_mjfas.v19n1.2754_OA_part_1.txt_段1_Material1,3299999.9999999967
O=C([*])C(C)O[*],OC(C(C)(CC(C1=CC=CC=C1)[*])CC(C[*])(C(OCC2CO2)=O)C)=O,,5.651762447380111,,10.1002_pat.4649_part_3.txt_段1_Material1,448500.00000000047
O=C([*])C(C)O[*],OC1=C(C=CC=C1CC2=CC=CC([*])=C2O)CC3=CC=CC([*])=C3O,,6.903089986991944,,10.1016_j.compositesa.2013.06.003_part_1.txt_段1_Material1,8000000.000000003
O=C([*])C(C)O[*],[*]/C=C\CC/C=C\CC(CC([*])C1=CC=CC=C1)C2=CC=CC=C2,,6.209515014542631,,10.1021_acssuschemeng.0c09413_part_2.txt_段1_Material1,1619999.9999999993
O=C([*])C(C)O[*],[*]C(C1=CC=C(C=C1)C(OCCCCOC(C2=CC=C(C=C2)C(OCCCCO[*])=O)=O)=O)=O,,6.223080397831155,,10.1002_app.50443_part_1.txt_段1_Material1,1671400.0000000002
O=C([*])C(C)O[*],[*]C(C1=CC=CC=C1)CC2C(OC(C2[*])=O)=O,,6.456366033129043,,10.1016_j.matlet.2019.05.041_part_1.txt_段1_Material1,2859999.9999999977
O=C([*])C(C)O[*],[*]CC(C1=CC=CC=C1)C/C=C/C[*],,6.139879086401237,,10.1016_j.eurpolymj.2016.10.019_part_2.txt_段1_Material3,1380000.0000000014
O=C([*])C(C)O[*],[*]CC(C1=CC=CC=C1)[*],,6.273487409697184,,10.4028_www.scientific.net_kem.773.311_part_1.txt_段1_Material1,1877100.0000000007
O=C([*])C(C)O[*],[*]CC(CC=CCC([*])C1=CC=CC=C1)C#N,,6.337459261290656,,10.1088_1757-899x_701_1_012055_part_1.txt_段1_Material1,2174999.999999998
O=C([*])C(C)O[*],[*]CC(CCCC(CC)CC([*])C1=CC=CC=C1)C2=CC=CC=C2,,6.45484486000851,,10.3390_app11136218_part_2.txt_段1_Material2,2850000.0
O=C([*])C(C)O[*],[*]CC(COC1=CC=C(C=C1)C(C)(C)C2=CC=C(C=C2)O[*])O,,8.146128035678238,,10.1080_01694243.2018.1558477_part_1.txt_段1_Material1,140000000.00000006
O=C([*])C(C)O[*],[*]CC(O)COC1=CC=C(C(C)(C2=CC=C(O[*])C=C2)C)C=C1,,5.728256359248493,,10.3390_polym13091369_part_5.txt_段1_Material2,534879.9999999999
O=C([*])C(C)O[*],[*]N1C(C2=CC3=C(C=C2C1=O)C(N(C3=O)C4=CC=C(C=C4)OC5=CC=C(C=C5)[*])=O)=O,,6.1525940779274695,,10.1016_j.polymer.2020.122724_part_6.txt_段1_Material1,1420999.999999999
O=C([*])C(C)O[*],[*]NC(C1=CC=C2C(C(N(C2=O)C3=CC=C(C=C3)CC4=CC=C([*])C=C4)=O)=C1)=O,,6.4623979978989565,,10.37358_mp.20.3.5377_OA_part_2.txt_段1_Material1,2900000.000000003
O=C([*])C(C)O[*],[*]OCCCOC(C1=CC=C(C([*])=O)C=C1)=O,,6.204119982655925,,10.1002_mame.201900323_part_1.txt_段1_Material1,1600000.000000001
O=C([*])C1=CC=C(C=C1)OC2=CC=C(C=C2)OC3=CC=C(C=C3)[*],[*]C(CCCCCO[*])=O,,6.008600171761918,,10.1007_s10853-019-03728-w_part_2.txt_段1_Material2,1020000.0000000008
O=C([*])C1=CC=C(C=C1)OC2=CC=C(C=C2)OC3=CC=C(C=C3)[*],[*]C(F)(C(F)([*])F)F,,6.113943352306837,,10.1177_0954008317723444_part_2.txt_段1_Material2,1300000.0000000005
O=C([*])C1=CC=C(C=C1)OC2=CC=C(C=C2)OC3=CC=C(C=C3)[*],[*]C1=CC(C2=NC3=CC(C4=CC=C5N=C([*])NC5=C4)=CC=C3N2)=CC=C1,,6.222456336679247,,10.1016_j.memsci.2018.02.039_part_3.txt_段1_Material1,1669000.0000000026
O=C([*])C1=CC=C(C=C1)OC2=CC=C(C=C2)OC3=CC=C(C=C3)[*],[*]CC(C#N)[*],,5.276461804173244,,10.1021_am5047125_part_3.txt_段1_Material1,188999.99999999985
O=C([*])C1=CC=C(C=C1)OC2=CC=C(C=C2)OC3=CC=C(C=C3)[*],[*]CCN[*],,6.301029995663981,,10.3139_217.3655_part_2.txt_段1_Material1,2000000.0
O=C([*])C1=CC=C(C=C1)OC2=CC=C(C=C2)OC3=CC=C(C=C3)[*],[*]NC(C1=CC=C2C(C(N(C2=O)C3=CC=C(C=C3)CC4=CC=C([*])C=C4)=O)=C1)=O,,5.275103949569196,,10.1007_s11581-019-03415-5_part_2.txt_段1_Material1,188409.99999999985
O=C([*])C1=CC=C(C=C1)OC2=CC=C(C=C2)OC3=CC=C(C=C3)[*],[*]OC1C(C(O)=O)OC(OC2C(NC(C)=O)C([*])OC(CO)C2O)C(O)C1O,,6.884795363948981,,10.1177_0967391120969503_part_1.txt_段1_Material3,7669999.999999996
O=C([*])C1=CC=C2C=C(C=CC2=C1)OC(C3=CC=C(C=C3)O[*])=O,O=C([*])CCCCCN[*],,6.7979596437371965,,10.1002_pc.25972_part_3.txt_段1_Material1,6280000.000000006
O=C([*])C1=CC=C2C=C(C=CC2=C1)OC(C3=CC=C(C=C3)O[*])=O,[*]C(C=C1)=CC=C1S[*],,7.505149978319906,,10.1016_j.compscitech.2018.10.001_part_4.txt_段1_Material2,32000000.000000022
O=C([*])CCCCCN[*],O=C([*])C1=CC=C2C=C(C=CC2=C1)OC(C3=CC=C(C=C3)O[*])=O,,6.284453294010853,,10.3390_polym12102323_part_3.txt_段1_Material2,1925100.000000001
O=C([*])CCCCCN[*],O=C([*])OC1=CC=C(C=C1)C(C)(C)C2=CC=C(C=C2)O[*],,6.3979400086720375,,10.1016_j.polymdegradstab.2014.12.021_part_1.txt_段1_Material3,2499999.9999999995
O=C([*])CCCCCN[*],OC(C(C)(CC(C1=CC=CC=C1)[*])CC(C[*])(C(OCC2CO2)=O)C)=O,,6.32221929473392,,10.1016_j.compositesb.2018.08.106_part_1.txt_段1_Material1,2100000.0000000056
O=C([*])CCCCCN[*],[*]CC(C1=CC=CC=C1)[*],,5.4446692309385245,,10.3390_ma11050776_part_2.txt_段1_Material1,278400.0
O=C([*])CCCCCN[*],[*]CC(CC=CCC([*])C1=CC=CC=C1)C#N,,6.063145637106638,,10.1016_j.matdes.2011.08.028_part_2.txt_段1_Material2,1156499.9999999998
O=C([*])CCCCCN[*],[*]CC(CCCC(CC)CC([*])C1=CC=CC=C1)C2=CC=CC=C2,,5.373500477967874,,10.1002_app.41381_part_2.txt_段1_Material1,236319.9999999999
O=C([*])OC1=CC=C(C=C1)C(C)(C)C2=CC=C(C=C2)O[*],CC(CC(C(C(O1)=O)CC1=O)[*])C[*],,5.04688519083771,,10.1515_adms-2016-0019_part_1.txt_段1_Material1,111399.9999999999
O=C([*])OC1=CC=C(C=C1)C(C)(C)C2=CC=C(C=C2)O[*],COC(C(C[*])([*])C)=O,,6.068185861746161,,10.1002_pen.21879_part_2.txt_段1_Material1,1169999.999999999
O=C([*])OC1=CC=C(C=C1)C(C)(C)C2=CC=C(C=C2)O[*],C[Si](C)(C[*])O[*],,6.32221929473392,,10.1299_transjsme.2014smm0149_part_1.txt_段1_Material1,2100000.0000000056
O=C([*])OC1=CC=C(C=C1)C(C)(C)C2=CC=C(C=C2)O[*],O=C(C1=CC=C(C=C1)C(OCC[*])=O)O[*],,6.855525212731306,,10.1002_pi.6213_part_1.txt_段1_Material1,7170100.000000006
O=C([*])OC1=CC=C(C=C1)C(C)(C)C2=CC=C(C=C2)O[*],O=C(O)C([*])C[*],,6.342422680822207,,10.1002_app.46529_part_1.txt_段1_Material1,2200000.000000002
O=C([*])OC1=CC=C(C=C1)C(C)(C)C2=CC=C(C=C2)O[*],O=C([*])C(C)O[*],,6.447158031342219,,10.1016_j.compositesb.2017.07.030_part_1.txt_段1_Material2,2800000.0000000014
O=C([*])OC1=CC=C(C=C1)C(C)(C)C2=CC=C(C=C2)O[*],O=C([*])CCCCCN[*],,6.491361693834273,,10.1002_app.33449_part_1.txt_段1_Material1,3100000.000000003
O=C([*])OC1=CC=C(C=C1)C(C)(C)C2=CC=C(C=C2)O[*],O=C1CCCN1C([*])C[*],,6.32221929473392,,10.1088_0957-4484_24_27_275603_part_1.txt_段1_Material1,2100000.0000000056
O=C([*])OC1=CC=C(C=C1)C(C)(C)C2=CC=C(C=C2)O[*],OCC1OC(C(C(C1[*])O)O)OC2C(C(C(OC2CO)O[*])O)O,,7.0,,10.1155_2012_381342_part_1.txt_段1_Material1,10000000.0
O=C([*])OC1=CC=C(C=C1)C(C)(C)C2=CC=C(C=C2)O[*],[*]C(F)(C(F)([*])F)F,,6.357934847000454,,10.1016_j.polymdegradstab.2011.09.019_part_2.txt_段1_Material1,2280000.000000001
O=C([*])OC1=CC=C(C=C1)C(C)(C)C2=CC=C(C=C2)O[*],[*]C([C@H](C)OC([C@H](C)O[*])=O)=O,,6.309757882316366,,10.1002_app.37766_part_1.txt_段1_Material1,2040600.0000000007
O=C([*])OC1=CC=C(C=C1)C(C)(C)C2=CC=C(C=C2)O[*],[*]C([H])([H])C(O)([H])[*],,5.751510050270041,,10.1166_jnn.2011.3215_part_1.txt_段1_Material1,564299.9999999998
O=C([*])OC1=CC=C(C=C1)C(C)(C)C2=CC=C(C=C2)O[*],[*]C/C=C(C[*])\Cl,,6.290034611362518,,10.1179_1743289811x12988633927952_part_1.txt_段1_Material1,1950000.0000000007
O=C([*])OC1=CC=C(C=C1)C(C)(C)C2=CC=C(C=C2)O[*],[*]CC(C1=CC=CC=C1)[*],,6.301029995663981,,10.1177_8756087917691088_part_3.txt_段1_Material2,2000000.0
O=C([*])OC1=CC=C(C=C1)C(C)(C)C2=CC=C(C=C2)O[*],[*]CC(CC(C#N)[*])C1=CC=CC=C1,,6.073351702386901,,10.1002_app.49762_part_2.txt_段1_Material3,1184000.0000000007
O=C([*])OC1=CC=C(C=C1)C(C)(C)C2=CC=C(C=C2)O[*],[*]CC(CC=CCC([*])C1=CC=CC=C1)C#N,,6.057099097526547,,10.1002_pc.22342_part_1.txt_段1_Material1,1140510.0000000002
O=C([*])OC1=CC=C(C=C1)C(C)(C)C2=CC=C(C=C2)O[*],[*]CC(CCCC(CC)CC([*])C1=CC=CC=C1)C2=CC=CC=C2,,6.301029995663981,,10.1080_03602559.2018.1466167_part_1.txt_段1_Material1,2000000.0
O=C([*])OC1=CC=C(C=C1)C(C)(C)C2=CC=C(C=C2)O[*],[*]CC(COC1=CC=C(C=C1)C(C)(C)C2=CC=C(C=C2)O[*])O,,6.477555332198981,,10.1080_03602559.2013.779707_part_1.txt_段1_Material1,3002999.999999999
O=C([*])OC1=CC=C(C=C1)C(C)(C)C2=CC=C(C=C2)O[*],[*]CC=CCCC(C#N)[*],,5.99563519459755,,10.1080_00222348.2019.1593600_part_2.txt_段1_Material1,989999.9999999994
O=C([*])OC1=CC=C(C=C1)C(C)(C)C2=CC=C(C=C2)O[*],[*]CCCC([*])C(OC)=O,,6.204119982655925,,10.1002_vnl.21763_part_1.txt_段1_Material1,1600000.000000001
O=C([*])OC1=CC=C(C=C1)C(C)(C)C2=CC=C(C=C2)O[*],[*]CCCCO[*],,6.089905111439398,,10.1007_s10692-018-9912-4_part_1.txt_段1_Material1,1230000.0000000005
O=C([*])OC1=CC=C(C=C1)C(C)(C)C2=CC=C(C=C2)O[*],[*]OCC[*],,5.043755126968679,,10.1155_2016_7089530_part_1.txt_段1_Material2,110599.99999999993
O=C1CCCN1C([*])C[*],OC(C(C)(CC(C1=CC=CC=C1)[*])CC(C[*])(C(OCC2CO2)=O)C)=O,,6.491361693834273,,10.1007_s12221-018-8308-7_part_1.txt_段1_Material1,3100000.000000003
O=S(C(C=C1)=CC=C1OC(C=C2)=CC=C2C(C)(C)C(C=C3)=CC=C3O[*])(C4=CC=C([*])C=C4)=O,O=C(C1=CC=C(C=C1)C(OCC[*])=O)O[*],,6.0,,10.3390_membranes10050084_part_2.txt_段1_Material1,1000000.0
O=S(C(C=C1)=CC=C1OC(C=C2)=CC=C2C(C)(C)C(C=C3)=CC=C3O[*])(C4=CC=C([*])C=C4)=O,O=C1CCCN1C([*])C[*],,4.534026106056135,,10.1007_s00289-019-02735-w_part_2.txt_段1_Material1,34200.00000000002
O=S(C(C=C1)=CC=C1OC(C=C2)=CC=C2C(C)(C)C(C=C3)=CC=C3O[*])(C4=CC=C([*])C=C4)=O,[*]CCCCOCCCCOCCCCOCCCCO[*],,6.164352855784437,,10.1177_0954008315613423_part_2.txt_段1_Material2,1460000.0000000002
O=S(C(C=C1)=CC=C1OC(C=C2)=CC=C2C(C)(C)C(C=C3)=CC=C3O[*])(C4=CC=C([*])C=C4)=O,[*]OCC[*],,6.423245873936808,,10.1007_s00289-019-03031-3_part_3.txt_段1_Material1,2650000.0000000005
OC1=C(C=CC=C1CC2=CC=CC([*])=C2O)CC3=CC=CC([*])=C3O,[*]CC(COC1=CC=C(C=C1)C(C)(C)C2=CC=C(C=C2)O[*])O,,6.592176757395867,,10.4028_www.scientific.net_kem.531-532.73_part_1.txt_段1_Material1,3910000.0000000033
OCC1OC(C(C(C1[*])O)O)OC2C(C(C(OC2CO)O[*])O)O,O=S(C(C=C1)=CC=C1OC(C=C2)=CC=C2C(C)(C)C(C=C3)=CC=C3O[*])(C4=CC=C([*])C=C4)=O,,5.045322978786658,,10.1080_10601325.2013.792200_part_2.txt_段1_Material4,111000.00000000004
OCC1OC(C(C(C1[*])O)O)OC2C(C(C(OC2CO)O[*])O)O,[*]CC(COC1=CC=C(C=C1)C(C)(C)C2=CC=C(C=C2)O[*])O,,6.812913356642856,,10.1007_s10570-019-02916-w_part_2.txt_段1_Material1,6500000.000000002
OCC1OC(C(C(C1[*])O)O)OC2C(C(C(OC2CO)O[*])O)O,[*]CC(O)COC1=CC=C(C(C)(C2=CC=C(O[*])C=C2)C)C=C1,,7.0,,10.1007_s00226-020-01211-3_part_1.txt_段1_Material2,10000000.0
[*]/C=C\CC/C=C\CC(CC([*])C1=CC=CC=C1)C2=CC=CC=C2,[*]CC[*],,6.113943352306837,,10.1002_app.45512_part_2.txt_段1_Material2,1300000.0000000005
[*]C(C)C[*],O=C(C1=CC=C(C=C1)C(OCC[*])=O)O[*],,6.161368002234975,,10.1016_j.compscitech.2012.01.001_part_1.txt_段1_Material1,1450000.0000000012
[*]C(C)C[*],O=C(C1=CC=C(C=C1)C([*])=O)NC2=CC=C(C=C2)N[*],,6.418301291319746,,10.1515_polyeng.2011.057_part_1.txt_段1_Material1,2620000.0000000014
[*]C(C)C[*],O=C([*])C1=CC=C2C=C(C=CC2=C1)OC(C3=CC=C(C=C3)O[*])=O,,6.176091259055681,,10.1016_j.eurpolymj.2015.07.057_part_1.txt_段1_Material1,1500000.0000000005
[*]C(C)C[*],O=C([*])OC1=CC=C(C=C1)C(C)(C)C2=CC=C(C=C2)O[*],,6.079181246047625,,10.1002_app.38764_part_1.txt_段1_Material1,1200000.0000000007
[*]C(C)C[*],[*]C(C1=CC=C(C(OCCCCO[*])=O)C=C1)=O,,6.230448921378274,,10.1002_pi.5522_part_3.txt_段1_Material1,1700000.0000000007
[*]C(C)C[*],[*]CC(C1=CC=CC=C1)[*],,5.149834696715785,,10.1177_0892705718797153_part_2.txt_段1_Material1,141199.99999999997
[*]C(C)C[*],[*]CC(CCCC(CC)CC([*])C1=CC=CC=C1)C2=CC=CC=C2,,5.814394112097142,,10.1177_0892705713518792_part_2.txt_段1_Material2,652220.0000000001
[*]C(C)C[*],[*]CC(COC1=CC=C(C=C1)C(C)(C)C2=CC=C(C=C2)O[*])O,,6.298853076409706,,10.1002_pc.24237_part_2.txt_段1_Material1,1989999.9999999988
[*]C(C)C[*],[*]CC=CCCC(C1=CC=CC=C1)[*],,5.786751422145561,,10.1088_1755-1315_596_1_012015_part_1.txt_段1_Material1,611999.9999999997
[*]C(C1=CC=C(C(NC2=CC=C(N[*])C=C2)=O)C=C1)=O,OC1=C(C=CC=C1CC2=CC=CC([*])=C2O)CC3=CC=CC([*])=C3O,,6.969415912353981,,10.1002_pc.24847_part_2.txt_段1_Material1,9320000.0
[*]C(C1=CC=C(C(OCCCCO[*])=O)C=C1)=O,O=C(C1=CC=C(C=C1)C(OCC[*])=O)O[*],,6.72916478969277,,10.1002_adv.21918_part_2.txt_段1_Material1,5359999.999999997
[*]C(C1=CC=C(C(OCCCCO[*])=O)C=C1)=O,O=C([*])C1=CC=C2C=C(C=CC2=C1)OC(C3=CC=C(C=C3)O[*])=O,,6.3979400086720375,,10.1016_j.matdes.2012.05.052_part_1.txt_段1_Material1,2499999.9999999995
[*]C(C1=CC=C(C(OCCCCO[*])=O)C=C1)=O,O=C([*])OC1=CC=C(C=C1)C(C)(C)C2=CC=C(C=C2)O[*],,6.4269989587565375,,10.1007_s10692-018-9914-2_part_1.txt_段1_Material1,2673000.0000000014
[*]C(C1=CC=C(C(OCCCCO[*])=O)C=C1)=O,[*]CC(C#N)[*],,6.3979400086720375,,10.3144_expresspolymlett.2012.49_part_2.txt_段1_Material2,2499999.9999999995
[*]C(C1=CC=C(C(OCCCCO[*])=O)C=C1)=O,[*]CC(C(OCC)=O)[*],,3.556302500767288,,10.1039_d1py00076d_part_2.txt_段1_Material1,3600.000000000008
[*]C(C1=CC=C(C(OCCCCO[*])=O)C=C1)=O,[*]CCC(CCCC(CCCC(C[*])C)C)C,,6.633468455579586,,10.1016_j.compscitech.2016.01.015_part_2.txt_段1_Material1,4299999.999999997
[*]C(C1=CC=C(C(OCCCCO[*])=O)C=C1)=O,[*]CCC(CCCCCC)C[*],,6.243038048686294,,10.1002_app.40660_part_2.txt_段1_Material1,1750000.0
[*]C(C1=CC=C(C(OCCCCO[*])=O)C=C1)=O,[*]CCCCO[*],,6.176091259055681,,10.1002_pen.24792_part_1.txt_段1_Material1,1500000.0000000005
[*]C(C1=CC=C(C(OCCCCO[*])=O)C=C1)=O,[*]OCCCCOC(CCC([*])=O)=O,,4.770852011642144,,10.1016_j.matchemphys.2020.124183_part_1.txt_段1_Material1,58999.99999999994
[*]C(C1=CC=C(C=C1)C(OCCCCOC(C2=CC=C(C=C2)C(OCCCCO[*])=O)=O)=O)=O,[*]OCC[*],,4.948070481518941,,10.1021_acs.iecr.7b00904_part_1.txt_段1_Material1,88729.99999999991
[*]C(C=C1)=CC=C1S[*],O=C([*])C1=CC=C2C=C(C=CC2=C1)OC(C3=CC=C(C=C3)O[*])=O,,6.284656282788515,,10.1007_s10853-011-5745-8_part_2.txt_段1_Material1,1925999.999999998
[*]C(CCCCCO[*])=O,O=C(C1=CC=C(C=C1)C(OCC[*])=O)O[*],,4.468347330412158,,10.1007_s00289-020-03473-0_part_5.txt_段1_Material1,29400.00000000003
[*]C(CCCCCO[*])=O,O=C([*])OC1=CC=C(C=C1)C(C)(C)C2=CC=C(C=C2)O[*],,4.812913356642856,,10.1039_c7tb00419b_part_6.txt_段1_Material1,65000.000000000015
[*]C(CCCCCO[*])=O,[*]CC(C1=CC=CC=C1)C/C=C/C[*],,5.064457989226918,,10.1007_s10924-019-01522-y_part_2.txt_段1_Material2,115999.99999999993
[*]C(CCCCCO[*])=O,[*]CC(C1=CC=CC=C1)[*],,7.176091259055681,,10.1149_1945-7111_aba3fd_part_2.txt_段1_Material4,15000000.000000004
[*]C(CCCCCO[*])=O,[*]CC(CC(C#N)[*])C1=CC=CC=C1,,6.041392685158225,,10.1016_j.polymer.2019.121984_part_1.txt_段1_Material2,1100000.0000000007
[*]C(CCCCCO[*])=O,[*]CC(COC1=CC=C(C=C1)C(C)(C)C2=CC=C(C=C2)O[*])O,,5.541579243946581,,10.1002_app.49886_part_3.txt_段1_Material1,347999.9999999999
[*]C(CCCCCO[*])=O,[*]N1C(C2=CC3=C(C=C2C1=O)C(N(C3=O)C4=CC=C(C=C4)OC5=CC=C(C=C5)[*])=O)=O,,6.633468455579586,,10.1039_c5cc03137k_part_2.txt_段1_Material1,4299999.999999997
[*]C(F)(C(F)([*])F)F,[*]NC(C1=CC=C2C(C(N(C2=O)C3=CC=C(C=C3)CC4=CC=C([*])C=C4)=O)=C1)=O,,4.76789761601809,,10.1016_j.matlet.2016.06.074_part_2.txt_段1_Material1,58599.99999999996
[*]C(N(CN(C(OCOC(N(CN(C(OCCO[*])=O)[H])[H])=O)=O)[H])[H])=O,O=C([*])OC1=CC=C(C=C1)C(C)(C)C2=CC=C(C=C2)O[*],,5.658011396657113,,10.1080_03602559.2012.671426_part_1.txt_段1_Material1,455000.0000000002
[*]C([C@H](C)OC([C@H](C)O[*])=O)=O,O=C(C1=CC=C(C=C1)C(OCC[*])=O)O[*],,6.170555058521209,,10.1080_00222341003652260_part_2.txt_段1_Material1,1481000.0000000002
[*]C([C@H](C)OC([C@H](C)O[*])=O)=O,[*]C(C1=CC=C(C(OCCCCO[*])=O)C=C1)=O,,6.380211241711606,,10.1016_j.eurpolymj.2013.06.038_part_2.txt_段1_Material1,2400000.000000002
[*]C([H])([H])C(O)([H])[*],O=C([*])OC1=CC=C(C=C1)C(C)(C)C2=CC=C(C=C2)O[*],,6.898664858722267,,10.1002_app.32242_part_2.txt_段1_Material1,7918900.0000000065
[*]C([H])([H])C(O)([H])[*],[*]C(C1=CC=C(C(NC2=CC=C(N[*])C=C2)=O)C=C1)=O,,5.653212513775344,,10.1016_j.ijimpeng.2020.103654_part_5.txt_段1_Material1,450000.0000000003
[*]C([H])([H])C(O)([H])[*],[*]CC(CC=CCC([*])C1=CC=CC=C1)C#N,,7.217483944213907,,10.1680_jmacr.18.00256_part_1.txt_段1_Material1,16500000.000000017
[*]C1=CC(C2=NC3=CC(C4=CC=C5N=C([*])NC5=C4)=CC=C3N2)=CC=C1,[*]C1=C(C=CN2)C2=C([*])C(O)=C1O,,6.763427993562937,,10.1002_app.39324_part_1.txt_段1_Material1,5799999.999999994
[*]C1=NC2=CC3=C(C=C2O1)OC(C4=CC=C(C=C4)[*])=N3,[*]C1=NC2=CC3=C(C=C2O1)OC(C4=CC=C(C=C4)[*])=N3,,8.229681842317676,,10.1016_j.polymer.2018.07.001_part_2.txt_段1_Material1,169700000.0000002
[*]C1=NC2=CC3=C(C=C2O1)OC(C4=CC=C(C=C4)[*])=N3,[*]CC(COC1=CC=C(C=C1)C(C)(C)C2=CC=C(C=C2)O[*])O,,8.414973347970818,,10.1002_app.33461_part_1.txt_段1_Material1,260000000.0000001
[*]C1C(O)C(O)C(OC2C(O)C(O)C(O[*])OC2COC(C)=O)OC1COC(C)=O,O=C([*])C1=CC=C(C=C1)OC2=CC=C(C=C2)OC3=CC=C(C=C3)[*],,6.506505032404872,,10.1016_j.compositesb.2015.12.008_part_2.txt_段1_Material1,3210000.000000002
[*]CC(C#N)[*],[*]CC(COC1=CC=C(C=C1)C(C)(C)C2=CC=C(C=C2)O[*])O,,8.09642333059527,,10.1002_pc.24742_part_1.txt_段1_Material1,124859999.99999984
[*]CC(C1=CC=CC=C1)[*],C/C(C[*])=C/C[*],,5.008600171761918,,10.1016_j.matdes.2012.05.020_part_1.txt_段1_Material1,102000.00000000007
[*]CC(C1=CC=CC=C1)[*],COC(C(C[*])([*])C)=O,,5.819543935541868,,10.1021_acs.langmuir.5b04334_part_1.txt_段1_Material1,659999.9999999995
[*]CC(C1=CC=CC=C1)[*],C[Si](C)(C[*])O[*],,6.4623979978989565,,10.1021_acsmacrolett.0c00471_part_1.txt_段1_Material2,2900000.000000003
[*]CC(C1=CC=CC=C1)[*],O=C(N)C([*])C[*],,2.886490725172482,,10.1177_0307174x1704400901_part_1.txt_段1_Material2,770.0
[*]CC(C1=CC=CC=C1)[*],O=C([*])CCCCCN[*],,6.3979400086720375,,10.1007_s00396-021-04820-x_part_2.txt_段1_Material1,2499999.9999999995
[*]CC(C1=CC=CC=C1)[*],[*]C(C)C[*],,5.286613631657004,,10.1016_j.heliyon.2020.e04166_part_1.txt_段1_Material2,193469.99999999988
[*]CC(C1=CC=CC=C1)[*],[*]C(CCCCCO[*])=O,,5.698970004336019,,10.1590_0370-44672017720137_part_2.txt_段1_Material1,500000.0
[*]CC(C1=CC=CC=C1)[*],[*]C([H])([H])C(O)([H])[*],,5.704150516839799,,10.1016_j.jfoodeng.2015.06.003_part_1.txt_段1_Material3,505999.9999999997
[*]CC(C1=CC=CC=C1)[*],[*]C/C=C/C[*],,5.260071387985075,,10.3390_polym13010096_part_2.txt_段1_Material1,182000.0000000001
[*]CC(C1=CC=CC=C1)[*],[*]CC(C1=CC=CC=C1)[*],,6.278753600952829,,10.1002_app.32638_part_1.txt_段1_Material2,1899999.9999999995
[*]CC(C1=CC=CC=C1)[*],[*]CC(CC(C#N)[*])C1=CC=CC=C1,,6.365487984890899,,10.1088_2053-1591_ab38e7_part_2.txt_段1_Material1,2319999.9999999986
[*]CC(C1=CC=CC=C1)[*],[*]CC(CC=CCC([*])C1=CC=CC=C1)C#N,,6.447158031342219,,10.1002_polb.22202_part_2.txt_段1_Material2,2800000.0000000014
[*]CC(C1=CC=CC=C1)[*],[*]CC(CCCC(CC)CC([*])C1=CC=CC=C1)C2=CC=CC=C2,,6.3979400086720375,,10.1002_pc.20978_part_2.txt_段1_Material1,2499999.9999999995
[*]CC(C1=CC=CC=C1)[*],[*]CC=CCCC(C1=CC=CC=C1)[*],,5.938919812244772,,10.1177_0967391118809436_part_1.txt_段1_Material1,868800.0000000009
[*]CC(C1=CC=CC=C1)[*],[*]CCCC(CCCCCC)[*],,5.484299839346786,,10.1002_app.48748_part_3.txt_段1_Material1,305000.00000000006
[*]CC(C1=CC=CC=C1)[*],[*]CCN[*],,7.301029995663981,,10.1016_j.compstruct.2009.09.033_part_2.txt_段1_Material1,20000000.000000004
[*]CC(C1=CC=CC=C1)[*],[*]CC[*],,5.954242509439325,,10.1080_03602559.2016.1255752_part_5.txt_段1_Material2,900000.0000000007
[*]CC(C1=CC=CC=C1)[*],[*]OCC[*],,6.6020599913279625,,10.1039_c6sm00983b_part_1.txt_段1_Material1,4000000.000000001
[*]CC(CC(C#N)[*])C1=CC=CC=C1,[*]C(CCCCC(OCCCCO[*])=O)=O,,6.301029995663981,,10.1002_pen.24935_part_1.txt_段1_Material1,2000000.0
[*]CC(CC=CCC([*])C1=CC=CC=C1)C#N,COC(C(C[*])([*])C)=O,,6.380211241711606,,10.1080_03602550903413979_part_1.txt_段1_Material1,2400000.000000002
[*]CC(CC=CCC([*])C1=CC=CC=C1)C#N,O=C(C1=CC=C(C=C1)C(OCC[*])=O)O[*],,6.301029995663981,,10.1016_j.apsusc.2017.12.168_part_1.txt_段1_Material1,2000000.0
[*]CC(CC=CCC([*])C1=CC=CC=C1)C#N,O=C([*])CCCCCN[*],,6.380211241711606,,10.1007_s10965-010-9540-z_part_2.txt_段1_Material1,2400000.000000002
[*]CC(CC=CCC([*])C1=CC=CC=C1)C#N,O=C([*])OC1=CC=C(C=C1)C(C)(C)C2=CC=C(C=C2)O[*],,6.380211241711606,,10.1002_app.51250_part_2.txt_段1_Material2,2400000.000000002
[*]CC(CC=CCC([*])C1=CC=CC=C1)C#N,[*]C(C)C[*],,5.603198520676098,,10.14419_ijet.v7i3.34.19334_part_1.txt_段1_Material1,401050.0000000004
[*]CC(CC=CCC([*])C1=CC=CC=C1)C#N,[*]C(C1=CC=C(C(OCCCCO[*])=O)C=C1)=O,,6.32221929473392,,10.1002_app.48310_part_1.txt_段1_Material1,2100000.0000000056
[*]CC(CC=CCC([*])C1=CC=CC=C1)C#N,[*]CC(C1=CC=CC=C1)C/C=C/C[*],,6.017033339298781,,10.1002_app.47075_part_1.txt_段1_Material1,1040000.0000000008
[*]CC(CC=CCC([*])C1=CC=CC=C1)C#N,[*]CC(C1=CC=CC=C1)[*],,6.197831693328903,,10.1016_j.polymer.2017.12.038_part_4.txt_段1_Material1,1576999.999999999
[*]CC(CC=CCC([*])C1=CC=CC=C1)C#N,[*]CC(CCCC(CC)CC([*])C1=CC=CC=C1)C2=CC=CC=C2,,6.171480722621874,,10.1080_17452759.2016.1175045_part_2.txt_段1_Material1,1484159.9999999988
[*]CC(CC=CCC([*])C1=CC=CC=C1)C#N,[*]CC([*])Cl,,7.105510184769974,,10.1557_jmr.2019.79_part_1.txt_段1_Material1,12750000.000000007
[*]CC(CC=CCC([*])C1=CC=CC=C1)C#N,[*]OCC[*],,6.373095987078727,,10.1002_app.48377_part_2.txt_段1_Material1,2361000.000000002
[*]CC(CCCC(CC)CC([*])C1=CC=CC=C1)C2=CC=CC=C2,[*]C(C)C[*],,6.079181246047625,,10.1002_mawe.201500396_part_1.txt_段1_Material1,1200000.0000000007
[*]CC(CCCC(CC)CC([*])C1=CC=CC=C1)C2=CC=CC=C2,[*]CC(C1=CC=CC=C1)[*],,5.124830149413859,,10.1016_j.polymer.2015.03.026_part_3.txt_段1_Material1,133300.00000000003
[*]CC(CCCC(CC)CC([*])C1=CC=CC=C1)C2=CC=CC=C2,[*]CC(CCCC(CC)CC([*])C1=CC=CC=C1)C2=CC=CC=C2,,6.486146996806573,,10.1002_app.48888_part_3.txt_段1_Material1,3063000.0000000023
[*]CC(COC1=CC=C(C=C1)C(C)(C)C2=CC=C(C=C2)O[*])O,COC(C(C[*])([*])C)=O,,5.886490725172482,,10.1002_app.50550_part_4.txt_段1_Material1,770000.0000000007
[*]CC(COC1=CC=C(C=C1)C(C)(C)C2=CC=C(C=C2)O[*])O,C[Si](O[*])(C)[*],,5.725911632295048,,10.1002_pc.24285_part_1.txt_段1_Material1,532000.0000000001
[*]CC(COC1=CC=C(C=C1)C(C)(C)C2=CC=C(C=C2)O[*])O,O=C(C1=CC=C(C=C1)C(OCC[*])=O)O[*],,5.413132050434872,,10.3390_coatings8110411_part_1.txt_段1_Material1,258900.00000000012
[*]CC(COC1=CC=C(C=C1)C(C)(C)C2=CC=C(C=C2)O[*])O,O=C(CCCCC(N(CCCCCCN([*])[H])[H])=O)[*],,8.071882007306126,,10.1002_pc.23035_part_1.txt_段1_Material1,118000000.00000016
[*]CC(COC1=CC=C(C=C1)C(C)(C)C2=CC=C(C=C2)O[*])O,O=C(N1C(C([*])=O)CC(O)C1)CNC(C2CCCN2[*])=O,,5.982271233039568,,10.1007_s12221-015-5305-y_part_1.txt_段1_Material1,959999.9999999992
[*]CC(COC1=CC=C(C=C1)C(C)(C)C2=CC=C(C=C2)O[*])O,O=C([*])C(C)O[*],,6.973127853599698,,10.1016_j.polymertesting.2020.106923_part_1.txt_段1_Material1,9399999.999999993
[*]CC(COC1=CC=C(C=C1)C(C)(C)C2=CC=C(C=C2)O[*])O,O=C([*])OC1=CC=C(C=C1)C(C)(C)C2=CC=C(C=C2)O[*],,6.077731179652392,,10.1080_03602559.2011.566298_part_1.txt_段1_Material1,1195999.9999999988
[*]CC(COC1=CC=C(C=C1)C(C)(C)C2=CC=C(C=C2)O[*])O,OC(C(C)(CC(C1=CC=CC=C1)[*])CC(C[*])(C(OCC2CO2)=O)C)=O,,6.3979400086720375,,10.1007_s10570-016-1005-z_part_3.txt_段1_Material1,2499999.9999999995
[*]CC(COC1=CC=C(C=C1)C(C)(C)C2=CC=C(C=C2)O[*])O,OC1=C(C=CC=C1CC2=CC=CC([*])=C2O)CC3=CC=CC([*])=C3O,,7.294466226161593,,10.4028_www.scientific.net_amr.197-198.1532_part_1.txt_段1_Material1,19700000.00000002
[*]CC(COC1=CC=C(C=C1)C(C)(C)C2=CC=C(C=C2)O[*])O,OCC(C(C(C1N)O)O[*])OC1OC2C(OC(C(C2O)N)[*])CO,,7.333648756514701,,10.3390_polym12071501_part_1.txt_段1_Material1,21559999.999999985
[*]CC(COC1=CC=C(C=C1)C(C)(C)C2=CC=C(C=C2)O[*])O,OCC1OC(C(C(C1[*])O)O)OC2C(C(C(OC2CO)O[*])O)O,,7.793755472155577,,10.1016_j.compositesa.2010.05.010_part_1.txt_段1_Material1,62194999.99999996
[*]CC(COC1=CC=C(C=C1)C(C)(C)C2=CC=C(C=C2)O[*])O,OCC1OC(C(C(C1O[*])O)O)[*],,6.087071205906535,,10.1016_j.compscitech.2021.108884_part_1.txt_段1_Material1,1221999.9999999995
[*]CC(COC1=CC=C(C=C1)C(C)(C)C2=CC=C(C=C2)O[*])O,OCC1OC(C(C(C1[*])O)O)OC2C(C(C(OC2CO)O[*])O)O,,6.0,,10.1002_pc.25253_part_2.txt_段1_Material1,1000000.0
[*]CC(COC1=CC=C(C=C1)C(C)(C)C2=CC=C(C=C2)O[*])O,[*]C(C)C[*],,6.544068044350276,,10.1016_j.compositesa.2017.03.027_part_5.txt_段1_Material1,3500000.0000000005
[*]CC(COC1=CC=C(C=C1)C(C)(C)C2=CC=C(C=C2)O[*])O,[*]C(C1=CC=C(C(NC2=CC=C(N[*])C=C2)=O)C=C1)=O,,7.845098040014257,,10.1177_1369433220933461_part_1.txt_段1_Material1,70000000.00000001
[*]CC(COC1=CC=C(C=C1)C(C)(C)C2=CC=C(C=C2)O[*])O,[*]C(CCCCCO[*])=O,,7.301029995663981,,10.1016_j.polymer.2016.03.052_part_2.txt_段1_Material1,20000000.000000004
[*]CC(COC1=CC=C(C=C1)C(C)(C)C2=CC=C(C=C2)O[*])O,[*]C(N(CN(C(OCOC(N(CN(C(OCCO[*])=O)[H])[H])=O)=O)[H])[H])=O,,6.975431808509263,,10.1177_0731684413480007_part_2.txt_段1_Material1,9449999.999999993
[*]CC(COC1=CC=C(C=C1)C(C)(C)C2=CC=C(C=C2)O[*])O,[*]C([H])([H])C(O)([H])[*],,6.184691430817598,,10.1177_0021998320969793_part_2.txt_段1_Material1,1529999.9999999986
[*]CC(COC1=CC=C(C=C1)C(C)(C)C2=CC=C(C=C2)O[*])O,[*]C/C=C/CCC(C/C=C\C[*])C=C,,6.281033367247727,,10.1002_app.35417_part_1.txt_段1_Material1,1909999.9999999984
[*]CC(COC1=CC=C(C=C1)C(C)(C)C2=CC=C(C=C2)O[*])O,[*]C/C=C\CCC(C=C)[*],,5.012837224705172,,10.1002_pc.24852_part_2.txt_段1_Material1,102999.99999999996
[*]CC(COC1=CC=C(C=C1)C(C)(C)C2=CC=C(C=C2)O[*])O,[*]CC(C#N)[*],,7.735997884091794,,10.1016_j.arabjc.2015.03.019_part_2.txt_段1_Material1,54450000.0
[*]CC(COC1=CC=C(C=C1)C(C)(C)C2=CC=C(C=C2)O[*])O,[*]CC(CC=CCC([*])C1=CC=CC=C1)C#N,,5.301029995663981,,10.1039_c8nj05653f_part_4.txt_段1_Material1,200000.00000000003
[*]CC(COC1=CC=C(C=C1)C(C)(C)C2=CC=C(C=C2)O[*])O,[*]CC(COC1=CC=C(C=C1)C(C)(C)C2=CC=C(C=C2)O[*])O,,6.618633737597086,,10.1007_s10570-021-03752-7_part_3.txt_段1_Material1,4155600.0
[*]CC(COC1=CC=C(C=C1)C(C)(C)C2=CC=C(C=C2)O[*])O,[*]CC([*])Cl,,7.665017825412472,,10.1177_0731684420921952_part_2.txt_段1_Material1,46239999.99999997
[*]CC(COC1=CC=C(C=C1)C(C)(C)C2=CC=C(C=C2)O[*])O,[*]CCC1C([*])C2CCC1C2,,6.361727836017593,,10.3144_expresspolymlett.2020.31_part_2.txt_段1_Material1,2300000.000000001
[*]CC(COC1=CC=C(C=C1)C(C)(C)C2=CC=C(C=C2)O[*])O,[*]CCN[*],,6.886490725172482,,10.1002_pc.25839_part_1.txt_段1_Material1,7700000.000000007
[*]CC(COC1=CC=C(C=C1)C(C)(C)C2=CC=C(C=C2)O[*])O,[*]CNCC1=CC=CC([*])=C1O,,6.079181246047625,,10.1016_j.matdes.2016.08.095_part_3.txt_段1_Material1,1200000.0000000007
[*]CC(COC1=CC=C(C=C1)C(C)(C)C2=CC=C(C=C2)O[*])O,[*]N1C(C2=CC3=C(C=C2C1=O)C(N(C3=O)C4=CC=C(C=C4)OC5=CC=C(C=C5)[*])=O)=O,,6.744918542441353,,10.1002_app.50869_part_2.txt_段1_Material1,5558000.000000004
[*]CC(COC1=CC=C(C=C1)C(C)(C)C2=CC=C(C=C2)O[*])O,[*]OC1OC(CO)C(OC2C(O)C(O)C([*])C(CO)O2)C(O)C1O,,5.2455126678141495,,10.1002_pc.22313_part_1.txt_段1_Material1,175999.99999999985
[*]CC(COC1=CC=C(C=C1)C(C)(C)C2=CC=C(C=C2)O[*])O,[*]OCC[*],,6.047140468477217,,10.1002_pen.23733_part_1.txt_段1_Material1,1114655.000000001
[*]CC(COC1=CC=C(C=C1)C(C)(C)C2=CC=C(C=C2)O[*])O,[H]N(C(O[*])=O)CCCCCCN(C(OCCCCO[*])=O)[H],,7.204119982655925,,10.1088_1757-899x_454_1_012082_part_1.txt_段1_Material1,16000000.00000001
[*]CC(COC1=CC=C(C=C1)C(C)(C)C2=CC=C(C=C2)O[*])O,[H]N(C1=CC=C(C=C1)CC2=CC=C(C=C2)N(C(OCCO[*])=O)[H])C([*])=O,,6.900312496983727,,10.1080_15376494.2013.834093_part_1.txt_段1_Material3,7949000.0
[*]CC(O)COC1=CC=C(C(C)(C2=CC=C(O[*])C=C2)C)C=C1,[*]C(CCCCCO[*])=O,,6.0,,10.1016_j.eurpolymj.2012.10.015_part_2.txt_段1_Material1,1000000.0
[*]CC(O)COC1=CC=C(C(C)(C2=CC=C(O[*])C=C2)C)C=C1,[*]OCC[*],,6.3807537708039,,10.1016_j.indcrop.2021.113804_part_2.txt_段1_Material1,2403000.0000000005
[*]CC([*])Cl,[*]CC(C1=CC=CC=C1)[*],,5.187520720836463,,10.1016_j.cej.2016.03.060_part_2.txt_段1_Material3,153999.99999999985
[*]CC([*])Cl,[*]CC(CC=CCC([*])C1=CC=CC=C1)C#N,,6.432327792261604,,10.1002_vnl.20326_part_2.txt_段1_Material1,2705999.9999999977
[*]CC=CCCC(C#N)[*],O=C(C1=CC=C(C=C1)C(OCC[*])=O)O[*],,5.816506437046357,,10.1016_j.apsusc.2015.10.137_part_3.txt_段1_Material3,655399.9999999998
[*]CC=CCCC(C1=CC=CC=C1)[*],C/C(C[*])=C/C[*],,3.869231719730976,,10.5254_rct.18.82695_part_2.txt_段1_Material1,7399.999999999994
[*]CC=CCCC(C1=CC=CC=C1)[*],[*]CC=CCCC(C#N)[*],,2.903089986991944,,10.1007_s00289-021-03576-2_part_3.txt_段1_Material1,800.0000000000011
[*]CC=CCCC(C1=CC=CC=C1)[*],[*]OCC[*],,4.167317334748176,,10.1002_app.34120_part_3.txt_段1_Material1,14699.999999999982
[*]CCC(CCCC(CCCC(C[*])C)C)C,O=S(C(C=C1)=CC=C1OC(C=C2)=CC=C2C(C)(C)C(C=C3)=CC=C3O[*])(C4=CC=C([*])C=C4)=O,,6.491361693834273,,10.1016_j.compscitech.2018.02.039_part_4.txt_段1_Material1,3100000.000000003
[*]CCC(CCCCCC)C[*],OC(C(C)(CC(C1=CC=CC=C1)[*])CC(C[*])(C(OCC2CO2)=O)C)=O,,6.230448921378274,,10.3390_polym10030291_part_2.txt_段1_Material3,1700000.0000000007
[*]CCCC(C1C([*])C2CC1C/C2=C/C)C,[*]CC=CCCC(C1=CC=CC=C1)[*],,5.0,,10.1515_ract-2019-3112_part_1.txt_段1_Material1,100000.0
[*]CCN[*],O=C([*])C1=CC=C2C=C(C=CC2=C1)OC(C3=CC=C(C=C3)O[*])=O,,6.778874472002739,,10.1007_s10965-013-0077-9_part_2.txt_段1_Material3,6009999.999999995
[*]CCN[*],O=C([*])OC1=CC=C(C=C1)C(C)(C)C2=CC=C(C=C2)O[*],,6.3979400086720375,,10.5762_kais.2014.15.2.1216_OA_part_1.txt_段1_Material1,2499999.9999999995
[*]CCN[*],[*]C(C1=CC=C(C(OCCCCO[*])=O)C=C1)=O,,6.247924190766308,,10.1016_j.polymer.2018.09.012_part_5.txt_段1_Material1,1769799.9999999998
[*]CCN[*],[*]CC(C1=CC=CC=C1)[*],,6.278753600952829,,10.1002_pc.21196_part_1.txt_段1_Material1,1899999.9999999995
[*]CCN[*],[*]CC(COC1=CC=C(C=C1)C(C)(C)C2=CC=C(C=C2)O[*])O,,6.445311461756064,,10.1177_0021998318755542_part_2.txt_段1_Material1,2788120.0
[*]CC[*],O=C(C1=CC=C(C=C1)C(OCC[*])=O)O[*],,6.220108088040055,,10.4028_www.scientific.net_msf.659.85_part_1.txt_段1_Material1,1659999.9999999995
[*]CC[*],O=C([*])C1=CC=C2C=C(C=CC2=C1)OC(C3=CC=C(C=C3)O[*])=O,,6.6020599913279625,,10.1515_polyeng-2013-0155_part_1.txt_段1_Material1,4000000.000000001
[*]CC[*],O=C([*])OC1=CC=C(C=C1)C(C)(C)C2=CC=C(C=C2)O[*],,5.687261346243506,,10.1002_pen.21668_part_1.txt_段1_Material1,486699.99999999977
[*]CC[*],[*]C(C1=CC=C(C(OCCCCO[*])=O)C=C1)=O,,5.552668216112194,,10.1051_e3sconf_202341302037_OA_part_1.txt_段1_Material1,357000.00000000035
[*]CC[*],[*]C1=CC(C2=NC3=CC(C4=CC=C5N=C([*])NC5=C4)=CC=C3N2)=CC=C1,,5.895422546039408,,10.1002_pc.23148_part_1.txt_段1_Material1,786000.0000000007
[*]CC[*],[*]CC(C1=CC=CC=C1)[*],,5.599883072073688,,10.1177_0731684411426626_part_1.txt_段1_Material1,397999.9999999998
[*]CC[*],[*]CC(CCCC(CC)CC([*])C1=CC=CC=C1)C2=CC=CC=C2,,5.812913356642856,,10.1002_pc.24096_part_2.txt_段1_Material1,650000.0000000001
[*]CC[*],[*]CC(COC1=CC=C(C=C1)C(C)(C)C2=CC=C(C=C2)O[*])O,,7.929418925714293,,10.5402_2011_718761_part_1.txt_段1_Material1,85000000.00000003
[*]CNCC1=CC=CC([*])=C1O,[*]CC(COC1=CC=C(C=C1)C(C)(C)C2=CC=C(C=C2)O[*])O,,5.240798771117332,,10.1177_1045389x17708041_part_2.txt_段1_Material1,174100.00000000015
[*]N1C(C2=CC3=C(C=C2C1=O)C(N(C3=O)C4=CC=C(C=C4)OC5=CC=C(C=C5)[*])=O)=O,C[Si](C)(C[*])O[*],,6.05307844348342,,10.1515_epoly-2024-0104_OA_part_2.txt_段1_Material1,1130000.0000000005
[*]N1C(C2=CC3=C(C=C2C1=O)C(N(C3=O)C4=CC=C(C=C4)OC5=CC=C(C=C5)[*])=O)=O,C[Si](O[*])(C)[*],,6.008600171761918,,10.1021_acsapm.9b00484_part_5.txt_段1_Material1,1020000.0000000008
[*]N1C(C2=CC3=C(C=C2C1=O)C(N(C3=O)C4=CC=C(C=C4)OC5=CC=C(C=C5)[*])=O)=O,[*]C(CCCCCO[*])=O,,4.954242509439325,,10.1088_0964-1726_21_4_042001_part_1.txt_段1_Material1,90000.00000000007
[*]N1C(C2=CC3=C(C=C2C1=O)C(N(C3=O)C4=CC=C(C=C4)OC5=CC=C(C=C5)[*])=O)=O,[*]C1=C(C=CN2)C2=C([*])C(O)=C1O,,6.770115294787102,,10.1016_j.ceramint.2020.07.340_part_2.txt_段1_Material3,5890000.000000004
[*]N1C(C2=CC3=C(C=C2C1=O)C(N(C3=O)C4=CC=C(C=C4)OC5=CC=C(C=C5)[*])=O)=O,[*]C1=NC2=CC3=C(C=C2O1)OC(C4=CC=C(C=C4)[*])=N3,,6.418301291319746,,10.1016_j.polymer.2013.03.001_part_2.txt_段1_Material2,2620000.0000000014
[*]N1C(C2=CC3=C(C=C2C1=O)C(N(C3=O)C4=CC=C(C=C4)OC5=CC=C(C=C5)[*])=O)=O,[*]CC(C#N)[*],,7.0220157398177205,,10.1016_j.polymer.2016.02.056_part_2.txt_段1_Material1,10520000.000000007
[*]NC(C1=CC=C2C(C(N(C2=O)C3=CC=C(C=C3)CC4=CC=C([*])C=C4)=O)=C1)=O,O=C([*])C1=CC=C(C=C1)OC2=CC=C(C=C2)OC3=CC=C(C=C3)[*],,5.395850376018781,,10.1016_j.polymertesting.2020.106733_part_2.txt_段1_Material1,248799.99999999985
[*]NC(C1=CC=C2C(C(N(C2=O)C3=CC=C(C=C3)CC4=CC=C([*])C=C4)=O)=C1)=O,[*]C(F)(C(F)([*])F)F,,6.74154551677621,,10.1515_polyeng-2011-0156_part_1.txt_段1_Material2,5515000.000000004
[*]NC(C1=CC=C2C(C(N(C2=O)C3=CC=C(C=C3)CC4=CC=C([*])C=C4)=O)=C1)=O,[*]C(N(CN(C(OCOC(N(CN(C(OCCO[*])=O)[H])[H])=O)=O)[H])[H])=O,,5.698970004336019,,10.1080_25740881.2020.1793197_part_2.txt_段1_Material1,500000.0
[*]OC(CC(OC(CC([*])=O)CC)=O)C,O=C([*])OC1=CC=C(C=C1)C(C)(C)C2=CC=C(C=C2)O[*],,6.340444114840119,,10.1016_j.compositesb.2020.108542_part_2.txt_段1_Material5,2190000.000000005
[*]OC1=C(C([*])=CC=C1C)C,O=C([*])C1=CC=C2C=C(C=CC2=C1)OC(C3=CC=C(C=C3)O[*])=O,,6.286456469746983,,10.1007_s10853-010-5037-8_part_1.txt_段1_Material2,1934000.0
[*]OCCCCOC(CCC([*])=O)=O,O=C(C1=CC=C(C=C1)C(OCC[*])=O)O[*],,6.045322978786658,,10.1021_ie101798n_part_2.txt_段1_Material1,1110000.0000000005
[*]OCCCOC(C1=CC=C(C([*])=O)C=C1)=O,C/C(C[*])=C/C[*],,5.944482672150168,,10.1021_acsomega.8b00490_part_2.txt_段1_Material4,879999.9999999992
[*]OCCCOC(C1=CC=C(C([*])=O)C=C1)=O,O=C(C1=CC=C(C=C1)C(OCC[*])=O)O[*],,6.3979400086720375,,10.1002_adv.21443_part_1.txt_段1_Material1,2499999.9999999995
[*]OCCCOC(C1=CC=C(C([*])=O)C=C1)=O,[*]C(C1=CC=C(C=C1)C(OCCCCOC(C2=CC=C(C=C2)C(OCCCCO[*])=O)=O)=O)=O,,6.1702617153949575,,10.1080_00222348.2014.939525_part_3.txt_段1_Material1,1480000.0000000005
[*]OCCCOC(C1=CC=C(C([*])=O)C=C1)=O,[*]C(CCCCC(OCCCCO[*])=O)=O,,4.413634997198556,,10.1002_pat.3752_part_1.txt_段1_Material1,25920.000000000004
[*]OCCCOC(C1=CC=C(C([*])=O)C=C1)=O,[*]CCC(CCCCCC)C[*],,5.949390006644912,,10.1080_00222341003648763_part_2.txt_段1_Material3,889999.9999999991
[*]OCCCOC(C1=CC=C(C([*])=O)C=C1)=O,[*]CCCCO[*],,5.072984744627931,,10.3144_expresspolymlett.2015.49_part_3.txt_段1_Material1,118300.00000000012
[*]OCC[*],[*]CC(C1=CC=CC=C1)[*],,5.0,,10.1021_acs.macromol.7b00789_part_1.txt_段1_Material1,100000.0
[H]N(C(O[*])=O)CCCCCCN(C(OCCCCO[*])=O)[H],O=C(C1=CC=C(C=C1)C(OCC[*])=O)O[*],,6.57978359661681,,10.1016_j.polymer.2012.12.077_part_2.txt_段1_Material1,3800000.0
[H]N(C(O[*])=O)CCCCCCN(C(OCCCCO[*])=O)[H],[*]CC(COC1=CC=C(C=C1)C(C)(C)C2=CC=C(C=C2)O[*])O,,5.442479769064448,,10.1016_j.compositesa.2016.07.017_part_1.txt_段1_Material1,276999.99999999977
[H]N(C(O[*])=O)CCCCCCN(C(OCCCCO[*])=O)[H],[*]CC(O)COC1=CC=C(C(C)(C2=CC=C(O[*])C=C2)C)C=C1,,7.397940008672037,,10.1016_j.compstruct.2010.05.004_part_1.txt_段1_Material1,24999999.99999994
[H]N(C(O[*])=O)CCCCCCN(C(OCCCCO[*])=O)[H],[*]N1C(C2=CC3=C(C=C2C1=O)C(N(C3=O)C4=CC=C(C=C4)OC5=CC=C(C=C5)[*])=O)=O,,6.079181246047625,,10.1021_acs.macromol.9b02359_part_1.txt_段1_Material1,1200000.0000000007
[H]N(C([H])([H])C(N([H])C(C)([H])C(N(C([H])([H])C([*])=O)[H])=O)=O)C(C(N([*])[H])(C)[H])=O,O=C(C1=CC=C(C=C1)C([*])=O)NC2=CC=C(C=C2)N[*],,6.795880017344075,,10.1021_acsnano.7b03119_part_1.txt_段1_Material1,6249999.999999996
[H]N(C([H])([H])C(N([H])C(C)([H])C(N(C([H])([H])C([*])=O)[H])=O)=O)C(C(N([*])[H])(C)[H])=O,O=C([*])OC1=CC=C(C=C1)C(C)(C)C2=CC=C(C=C2)O[*],,6.176091259055681,,10.1016_j.tibtech.2018.04.004_part_3.txt_段1_Material10,1500000.0000000005
[H]N(C([H])([H])C(N([H])C(C)([H])C(N(C([H])([H])C([*])=O)[H])=O)=O)C(C(N([*])[H])(C)[H])=O,[*]CC(COC1=CC=C(C=C1)C(C)(C)C2=CC=C(C=C2)O[*])O,,6.079181246047625,,10.1021_acs.biomac.9b00260_part_4.txt_段1_Material1,1200000.0000000007
[H]N(C1=CC=C(C=C1)CC2=CC=C(C=C2)N(C(OCCO[*])=O)[H])C([*])=O,[*]C1=C(C=CN2)C2=C([*])C(O)=C1O,,6.414973347970818,,10.1016_j.polymertesting.2020.106883_part_1.txt_段1_Material1,2600000.0000000014
[H]N(C1=CC=C(C=C1)CC2=CC=C(C=C2)N(C(OCCO[*])=O)[H])C([*])=O,[*]CCN[*],,6.977723605288848,,10.1007_s12221-021-0890-4_part_1.txt_段1_Material2,9499999.999999996
O=C(C1=CC=C(C=C1)C(OCC[*])=O)O[*],[*]CC([*])N1CCCC1=O,,,2.63,10.1039_c6ra15093d_part_3.txt_段1_Material1,
OCC1OC(C(C(C1O[*])O)O)[*],[*]CC(COC1=CC=C(C=C1)C(C)(C)C2=CC=C(C=C2)O[*])O,,,0.017,10.1007_s10570-013-9877-7_10.1007_s10570-013-9877-7_part_2.txt_段1_Material1,
[*]C1=CC(C2=NC3=CC(C4=CC=C5N=C([*])NC5=C4)=CC=C3N2)=CC=C1,[*]CC([*])N1CCCC1=O,,,0.252,10.1016_j.bej.2016.03.003_part_1.txt_段1_Material3,
[*]CC(COC1=CC=C(C=C1)C(C)(C)C2=CC=C(C=C2)O[*])O,OCC1OC(C(C(C1[*])O)O)OC2C(C(C(OC2CO)O[*])O)O,,,0.01,10.1007_s10570-018-2164-x_10.1007_s10570-018-2164-x_part_2.txt_段1_Material1,
O=S(C(C=C1)=CC=C1OC(C=C2)=CC=C2C(C)(C)C(C=C3)=CC=C3O[*])(C4=CC=C([*])C=C4)=O,[*]CC([*])N1CCCC1=O,,,0.84,10.1002_cplu.201800243_part_1.txt_段1_Material2,
[*]CC([*])N1CCCC1=O,O=S(C(C=C1)=CC=C1OC(C=C2)=CC=C2C(C)(C)C(C=C3)=CC=C3O[*])(C4=CC=C([*])C=C4)=O,,,0.015,10.1016_j.jpowsour.2016.07.081_part_1.txt_段1_Material1,
O=C(C1=CC=C(C=C1)C(OCC[*])=O)O[*],[*]NC(C(O)=O)CCC([*])=O,,,0.1928,10.1021_acsami.9b01200_part_2.txt_段1_Material1,
O=S(C(C=C1)=CC=C1OC(C=C2)=CC=C2C(C)(C)C(C=C3)=CC=C3O[*])(C4=CC=C([*])C=C4)=O,C[Si](O[*])(C)[*],,,0.6579999999999999,10.1002_cjce.23108_part_1.txt_段1_Material1,
[*]CC(C1=CC=CC=C1)[*],COC(C(C[*])([*])C)=O,,,0.0197999999999999,10.1002_slct.201902351_part_3.txt_段1_Material1,
O=C([*])OC1=CC=C(C=C1)C(C)(C)C2=CC=C(C=C2)O[*],[*]C([H])([H])C(O)([H])[*],,,0.25714,10.1002_app.48477_part_2.txt_段1_Material3,
O=C(C1=CC=C(C=C1)C(OCC[*])=O)O[*],[*]C1=CC(C2=NC3=CC(C4=CC=C5N=C([*])NC5=C4)=CC=C3N2)=CC=C1,,,0.118,10.1016_j.jiec.2015.03.022_part_2.txt_段1_Material1,
[*]CC(C1=CC=CC=C1)[*],C[Si](O[*])(C)[*],,,4.17,10.1016_j.polymer.2012.11.057_part_2.txt_段1_Material1,
[*]C([H])([H])C(O)([H])[*],[*]C1=CC(C2=NC3=CC(C4=CC=C5N=C([*])NC5=C4)=CC=C3N2)=CC=C1,,,0.83,10.1016_j.memsci.2017.04.021_part_5.txt_段1_Material2,
O=C(C(C[*])[*])N,[*]C(C1=CC=CC=C1)CC2C(OC(C2[*])=O)=O,,,22.6,10.1002_app.36586_10.1002_app.36586_part_2.txt_段1_Material1,
C/C(C[*])=C/C[*],OC(COCC1OC(OC2C(COCC(O)=O)OC([*])C(O)C2O)C(O)C(O)C1O[*])=O,,5.301029995663981,,10.1007_s10570-021-04082-4_part_2.txt_段1_Material1,200000.00000000003
C/C(C[*])=C/C[*],OCC1OC(C(C(C1[*])O)O)OC2C(C(C(OC2CO)O[*])O)O,,4.086359830674748,,10.1002_mame.201000444_part_2.txt_段1_Material1,12200.000000000004
C/C(C[*])=C/C[*],[*]C1C(C(C(OC1C(O[Na])=O)OC2C(C(O[Na])=O)OC(O[*])C(O)C2O)O)O,,5.0948203803548,,10.1016_j.compositesa.2021.106601_part_2.txt_段1_Material1,124399.9999999999
COC(C(C[*])([*])C)=O,OCC(C(C(C1N)O)O[*])OC1OC2C(OC(C(C2O)N)[*])CO,,6.361727836017593,,10.1080_10667857.2018.1541212_part_1.txt_段1_Material1,2300000.000000001
COC(C(C[*])([*])C)=O,OCC1OC(C(C(C1[*])O)O)OC2C(C(C(OC2CO)O[*])O)O,,6.6020599913279625,,10.1021_acsomega.9b00388_part_2.txt_段1_Material1,4000000.000000001
COC(C(C[*])([*])C)=O,OCC1OC(C(C(C1O[*])O)NC(C)=O)OC2C(O)C(C(OC2CO)[*])NC(C)=O,,6.649334858712142,,10.1016_j.matdes.2013.11.057_part_2.txt_段1_Material1,4460000.000000001
COC(C(C[*])([*])C)=O,OCC1OC(C(C(C1[*])O)O)OC2C(C(C(OC2CO)O[*])O)O,,6.041392685158225,,10.1007_s10570-018-1725-3_part_2.txt_段1_Material1,1100000.0000000007
COC(C(C[*])([*])C)=O,[*]OC1C(C(O)=O)OC(OC2C(NC(C)=O)C([*])OC(CO)C2O)C(O)C1O,,6.3979400086720375,,10.1007_s42452-020-2546-1_part_2.txt_段1_Material1,2499999.9999999995
C[Si](O[*])(C)[*],OCC1OC(C(C(C1[*])O)O)OC2C(C(C(OC2CO)O[*])O)O,,5.905795880367869,,10.3390_polym10091000_part_1.txt_段1_Material1,805000.0000000003
C[Si](O[*])(C)[*],[*]OC1C(C(O)=O)OC(OC2C(NC(C)=O)C([*])OC(CO)C2O)C(O)C1O,,3.0,,10.1002_pc.24445_part_2.txt_段1_Material1,1000.0
O=C(C1=CC=C(C=C1)C(OCC[*])=O)O[*],OCC(C(C(C1N)O)O[*])OC1OC2C(OC(C(C2O)N)[*])CO,,6.950851458888547,,10.1016_j.colsurfa.2019.05.090_part_1.txt_段1_Material1,8930000.000000007
O=C(C1=CC=C(C=C1)C(OCC[*])=O)O[*],OCC1OC(OC2C(O)C(O)C(O[*])OC2CO)C(O)C(O)C1[*],,6.612783856719736,,10.18280_rcma.320204_OA_part_2.txt_段1_Material1,4100000.000000008
O=C(C1=CC=C(C=C1)C(OCC[*])=O)O[*],[*]C1C(OC(C(C1O)O)OC2C(OC(C(C2O)O)OC3C(OC(C(C3O)O)O[*])CO)CO)CO,,6.146128035678238,,10.1007_s10924-021-02073-x_part_2.txt_段1_Material3,1400000.0000000005
O=C(C1=CC=C(C=C1)C(OCC[*])=O)O[*],[*]OC1OC(CO)C(OC2C(O)C(O)C([*])C(CO)O2)C(O)C1O,,5.195456833628169,,10.1088_1757-899x_87_1_012108_part_1.txt_段1_Material1,156840.00000000003
O=C(CCCCC(N(CCCCCCN([*])[H])[H])=O)[*],OCC1OC(C(C(C1[*])O)O)OC2C(C(C(OC2CO)O[*])O)O,,6.474216264076255,,10.1016_j.compositesb.2018.12.148_part_5.txt_段1_Material1,2980000.0000000005
O=C(CCCCC(NCCCCCCCCCCN[*])=O)[*],OCC1OC(C(C(C1[*])O)O)OC2C(C(C(OC2CO)O[*])O)O,,6.348304863048161,,10.3139_217.3142_part_1.txt_段1_Material1,2230000.0
O=C(N)C([*])C[*],OC(COCC1OC(OC2C(COCC(O)=O)OC([*])C(O)C2O)C(O)C(O)C1O[*])=O,,2.146128035678238,,10.1016_j.carbpol.2019.115051_part_5.txt_段1_Material1,140.00000000000006
O=C(N)C([*])C[*],OC1C(C(OC(C1O)OC2C(OC(C(C2O)O)OC3C(C(C(OC3C(OC)=O)OC4C(OC(C(C4O)O)[*])C(O)=O)O)O)C(OC)=O)C(O)=O)O[*],,3.164352855784437,,10.1039_c7sm02005h_part_2.txt_段1_Material1,1460.0000000000002
O=C(N)C([*])C[*],OCC(C(C(C1N)O)O[*])OC1OC2C(OC(C(C2O)N)[*])CO,,1.390935107103379,,10.1002_mame.201800322_part_1.txt_段1_Material1,24.6
O=C(N)C([*])C[*],OCC1OC(C(C(C1[*])O)O)OC2C(C(C(OC2CO)O[*])O)O,,3.562292864456474,,10.1134_s0965545x13050027_part_1.txt_段1_Material1,3649.999999999996
O=C(N)C([*])C[*],[*]C1C(O)C(O)C(OC2C(O)C(O)C(O[*])OC2COCCO)OC1COCCO,,3.539452491549461,,10.1002_pen.24624_part_2.txt_段1_Material2,3463.000000000001
O=C(N1C(C([*])=O)CC(O)C1)CNC(C2CCCN2[*])=O,OCC(C(C(C1N)O)O[*])OC1OC2C(OC(C(C2O)N)[*])CO,,4.598571663482141,,10.3390_polym12010061_part_2.txt_段1_Material1,39679.99999999999
O=C(N1C(C([*])=O)CC(O)C1)CNC(C2CCCN2[*])=O,OCC1OC(C(C(C1O)O[*])O)OC2C(C(C(OC2COS(=O)(O)=O)[*])NC(C)=O)O,,3.562292864456474,,10.1016_j.actbio.2010.03.014_part_1.txt_段1_Material1,3649.999999999996
O=C(N1C(C([*])=O)CC(O)C1)CNC(C2CCCN2[*])=O,OCC1OC(C(C(C1[*])O)O)OC2C(C(C(OC2CO)O[*])O)O,,6.806179973983888,,10.1007_s10570-011-9624-x_part_2.txt_段1_Material1,6400000.000000019
O=C(O)C([*])C[*],CC(NC1C([C@@H](C(O[C@H]1O[*])CO)O[C@@H]2OC([C@H]([C@@H](C2NC(C)=O)O)[*])CO)O)=O,,6.0,,10.1016_j.md.2018.01.004_part_4.txt_段1_Material1,1000000.0
O=C(O)C([*])C[*],[*]C1C(C(C(OC1C(O[Na])=O)OC2C(C(O[Na])=O)OC(O[*])C(O)C2O)O)O,,5.0,,10.1016_j.ijbiomac.2020.06.257_part_2.txt_段1_Material1,100000.0
O=C(O)C([*])C[*],[*]C1C(O)C(O)C(OC2C(O)C(O)C(O[*])OC2COC(C)=O)OC1COC(C)=O,,5.14921911265538,,10.1002_app.40366_part_2.txt_段1_Material1,140999.99999999994
O=C(O[*])CCCCCCCCCCN[*],OCC1OC(C(C(C1[*])O)O)OC2C(C(C(OC2CO)O[*])O)O,,6.313867220369153,,10.1678_rheology.45.39_part_2.txt_段1_Material1,2059999.9999999995
O=C([*])C(C)O[*],CC(NC1C([C@@H](C(O[C@H]1O[*])CO)O[C@@H]2OC([C@H]([C@@H](C2NC(C)=O)O)[*])CO)O)=O,,6.863322860120456,,10.1002_adfm.202008552_part_4.txt_段1_Material2,7300000.0
O=C([*])C(C)O[*],OC(COCC1OC(OC2C(COCC(O)=O)OC([*])C(O)C2O)C(O)C(O)C1O[*])=O,,6.301969226865995,,10.4028_www.scientific.net_amr.747.157_part_1.txt_段1_Material1,2004330.0000000016
O=C([*])C(C)O[*],OCC1OC(C(C(C1[*])O)O)OC2C(C(C(OC2CO)O[*])O)O,,5.0,,10.1002_app.41004_part_1.txt_段1_Material1,100000.0
O=C([*])C(C)O[*],OCC1OC(C(C(C1[*])O)O)OC2C(C(C(OC2CO)O[*])O)O,,6.477121254719663,,10.3390_polym12123006_part_2.txt_段1_Material1,3000000.000000001
O=C([*])C(C)O[*],OCC1OC(OC2C(O)C(O)C(O[*])OC2CO)C(O)C(O)C1[*],,6.207580514765431,,10.1007_s10570-019-02931-x_part_3.txt_段1_Material1,1612800.0
O=C([*])C(C)O[*],[*]C1C(C(C(OC1C(O[Na])=O)OC2C(C(O[Na])=O)OC(O[*])C(O)C2O)O)O,,5.0,,10.1016_j.compscitech.2021.108973_part_2.txt_段1_Material1,100000.0
O=C([*])C(C)O[*],[*]C1C(OC(C(C1O)O)OC2C(OC(C(C2O)O)OC3C(OC(C(C3O)O)O[*])CO)CO)CO,,6.342422680822207,,10.1016_j.carbpol.2016.03.082_part_3.txt_段1_Material1,2200000.000000002
O=C([*])C(C)O[*],[*]OC1C(C(O)=O)OC(OC2C(NC(C)=O)C([*])OC(CO)C2O)C(O)C1O,,6.696836730575163,,10.1002_app.49286_part_1.txt_段1_Material4,4975499.999999996
O=C([*])C(C)O[*],[*]OC1OC(CO)C(OC2C(O)C(O)C([*])C(CO)O2)C(O)C1O,,6.919078092376074,,10.1016_j.matpr.2020.02.457_part_1.txt_段1_Material1,8299999.999999997
O=C([*])CCCCCN[*],OCC(C(C(C1N)O)O[*])OC1OC2C(OC(C(C2O)N)[*])CO,,5.337459261290656,,10.1186_s12951-020-00602-9_part_2.txt_段1_Material3,217499.9999999998
O=C([*])CCCCCN[*],OCC1OC(C(C(C1[*])O)O)OC2C(C(C(OC2CO)O[*])O)O,,6.755874855672492,,10.1002_pc.23587_part_1.txt_段1_Material1,5700000.000000012
O=C([*])CCCCCN[*],OCC1OC(OC2C(O)C(O)C(O[*])OC2CO)C(O)C(O)C1[*],,6.596047007545439,,10.1007_s10924-014-0676-5_part_2.txt_段1_Material1,3945000.0000000014
O=C1CCCN1C([*])C[*],OCC1OC(C(C(C1[*])O)O)OC2C(C(C(OC2CO)O[*])O)O,,5.078094150406411,,10.1016_j.jmrt.2021.02.083_part_2.txt_段1_Material1,119700.00000000007
OC(C(C1OC2OC(C(C(C2O)O)OC3OC(C(C(C3O)O)O)COC4OC(C(C(C4O)O)OC5OC(C(C(C5O)O)OC6OC(C(C(C6O)O[*])O)C)CO)CO)CO)O[*])COC1CO,OCC1OC(C(C(C1[*])O)O)OC2C(C(C(OC2CO)O[*])O)O,,6.079181246047625,,10.1007_s10570-012-9673-9_part_2.txt_段1_Material1,1200000.0000000007
OC(C(C1OC2OC(C(C(C2O)O)OC3OC(C(C(C3O)O)O)COC4OC(C(C(C4O)O)OC5OC(C(C(C5O)O)OC6OC(C(C(C6O)O[*])O)C)CO)CO)CO)O[*])COC1CO,OCC1OC(C(C(C1[*])O)O)OC2C(C(C(OC2CO)O[*])O)O,,6.657055852857104,,10.1007_s10570-014-0433-x_part_2.txt_段1_Material1,4539999.999999998
OC(COCC1OC(OC2C(COCC(O)=O)OC([*])C(O)C2O)C(O)C(O)C1O[*])=O,OC(C(C)(CC(C1=CC=CC=C1)[*])CC(C[*])(C(OCC2CO2)=O)C)=O,,6.962369335670021,,10.1007_s10570-016-0923-0_part_3.txt_段1_Material1,9170000.000000006
OC(COCC1OC(OC2C(COCC(O)=O)OC([*])C(O)C2O)C(O)C(O)C1O[*])=O,OCC1OC(C(C(C1O[*])O)O)[*],,6.57978359661681,,10.1007_s10570-021-04009-z_part_3.txt_段1_Material1,3800000.0
OC(COCC1OC(OC2C(COCC(O)=O)OC([*])C(O)C2O)C(O)C(O)C1O[*])=O,OCC1OC(C(C(C1[*])O)O)OC2C(C(C(OC2CO)O[*])O)O,,5.959041392321094,,10.1007_s10570-021-03838-2_part_2.txt_段1_Material1,910000.0000000006
OC(COCC1OC(OC2C(COCC(O)=O)OC([*])C(O)C2O)C(O)C(O)C1O[*])=O,[*]C([H])([H])C(O)([H])[*],,6.079181246047625,,10.1016_j.carbpol.2017.03.017_part_1.txt_段1_Material1,1200000.0000000007
OC(COCC1OC(OC2C(COCC(O)=O)OC([*])C(O)C2O)C(O)C(O)C1O[*])=O,[*]C1=C(C=CN2)C2=C([*])C(O)=C1O,,6.857332496431268,,10.1007_s10570-017-1387-6_part_1.txt_段1_Material3,7199999.9999999935
OC(COCC1OC(OC2C(COCC(O)=O)OC([*])C(O)C2O)C(O)C(O)C1O[*])=O,[*]CC(C#N)[*],,7.012837224705172,,10.1007_s10965-018-1659-3_part_2.txt_段1_Material2,10299999.999999996
OC(COCC1OC(OC2C(COCC(O)=O)OC([*])C(O)C2O)C(O)C(O)C1O[*])=O,[*]OCC[*],,5.950364854376123,,10.1016_j.indcrop.2019.111644_part_2.txt_段1_Material1,892000.0000000002
OC1=C(C=CC=C1CC2=CC=CC([*])=C2O)CC3=CC=CC([*])=C3O,OCC1OC(C(C(C1[*])O)O)OC2C(C(C(OC2CO)O[*])O)O,,7.176091259055681,,10.1007_s10570-013-0007-3_part_5.txt_段1_Material3,15000000.000000004
OC1=C(C=CC=C1CC2=CC=CC([*])=C2O)CC3=CC=CC([*])=C3O,OCC1OC(C(C(C1[*])O)O)OC2C(C(C(OC2CO)O[*])O)O,,5.939758797292041,,10.1002_pen.23772_part_2.txt_段1_Material2,870480.0000000007
OC1C(C(OC(C1O)OC2C(OC(C(C2O)O)OC3C(C(C(OC3C(OC)=O)OC4C(OC(C(C4O)O)[*])C(O)=O)O)O)C(OC)=O)C(O)=O)O[*],[*]C1C(C(C(OC1C(O[Na])=O)OC2C(C(O[Na])=O)OC(O[*])C(O)C2O)O)O,,6.200303182981585,,10.1002_app.33422_part_1.txt_段1_Material3,1586000.0000000012
OC1C(C(OC(C1O)OC2C(OC(C(C2O)O)OC3C(C(C(OC3C(OC)=O)OC4C(OC(C(C4O)O)[*])C(O)=O)O)O)C(OC)=O)C(O)=O)O[*],[*]OCC[*],,5.892094602690481,,10.1016_j.polymdegradstab.2013.09.012_part_1.txt_段1_Material2,780000.0000000007
OC1C(C(OC(C1OC2C(C(C(C(O2)CO)CO[*])O)O)COC3C(C(C(C(O3)CO)O)O)O)C[*])O,[*]C(CCCCC(OCCCCO[*])=O)=O,,6.919078092376074,,10.1016_j.polymdegradstab.2018.05.020_part_1.txt_段1_Material1,8299999.999999997
OCC(C(C(C1N)O)O[*])OC1OC2C(OC(C(C2O)N)[*])CO,CC(NC1C([C@@H](C(O[C@H]1O[*])CO)O[C@@H]2OC([C@H]([C@@H](C2NC(C)=O)O)[*])CO)O)=O,,6.644044492814749,,10.1016_j.carbpol.2013.07.033_part_1.txt_段1_Material1,4406000.000000003
OCC(C(C(C1N)O)O[*])OC1OC2C(OC(C(C2O)N)[*])CO,O=C(N)C([*])C[*],,2.7781512503836434,,10.1080_09205063.2021.1922170_part_1.txt_段1_Material1,599.9999999999997
OCC(C(C(C1N)O)O[*])OC1OC2C(OC(C(C2O)N)[*])CO,O=C(N1C(C([*])=O)CC(O)C1)CNC(C2CCCN2[*])=O,,6.079181246047625,,10.3390_jfb6040999_part_1.txt_段1_Material1,1200000.0000000007
OCC(C(C(C1N)O)O[*])OC1OC2C(OC(C(C2O)N)[*])CO,O=C1CCCN1C([*])C[*],,6.283301228703549,,10.1002_app.41042_part_2.txt_段1_Material1,1919999.9999999984
OCC(C(C(C1N)O)O[*])OC1OC2C(OC(C(C2O)N)[*])CO,OC(C(C1OC2OC(C(C(C2O)O)OC3OC(C(C(C3O)O)O)COC4OC(C(C(C4O)O)OC5OC(C(C(C5O)O)OC6OC(C(C(C6O)O[*])O)C)CO)CO)CO)O[*])COC1CO,,5.536937022704674,,10.1016_j.carbpol.2020.116734_part_4.txt_段1_Material2,344300.0000000001
OCC(C(C(C1N)O)O[*])OC1OC2C(OC(C(C2O)N)[*])CO,OCC(C(C(C1N)O)O[*])OC1OC2C(OC(C(C2O)N)[*])CO,,6.301029995663981,,10.3390_molecules24010127_part_1.txt_段1_Material1,2000000.0
OCC(C(C(C1N)O)O[*])OC1OC2C(OC(C(C2O)N)[*])CO,OCC1OC(C(C(C1[*])O)O)OC2C(C(C(OC2CO)O[*])O)O,,6.472902651803664,,10.1016_j.carbpol.2012.07.037_part_1.txt_段1_Material1,2970999.9999999986
OCC(C(C(C1N)O)O[*])OC1OC2C(OC(C(C2O)N)[*])CO,[*]C(C(OC1O[*])COC(C)=O)C(O)C1NC(C)=O,,6.531478917042255,,10.1016_j.carbpol.2019.05.013_part_1.txt_段1_Material1,3400000.000000002
OCC(C(C(C1N)O)O[*])OC1OC2C(OC(C(C2O)N)[*])CO,[*]C(CCCCCO[*])=O,,6.033423755486949,,10.1007_s10965-021-02685-w_part_2.txt_段1_Material7,1079999.9999999993
OCC(C(C(C1N)O)O[*])OC1OC2C(OC(C(C2O)N)[*])CO,[*]C([H])([H])C(O)([H])[*],,6.260548372636979,,10.1016_j.carbpol.2015.12.072_part_5.txt_段1_Material1,1821999.9999999984
OCC(C(C(C1N)O)O[*])OC1OC2C(OC(C(C2O)N)[*])CO,[*]C1=CC=C([*])N1,,5.295127085252191,,10.1016_j.compositesa.2010.06.014_part_2.txt_段1_Material2,197299.9999999999
OCC(C(C(C1N)O)O[*])OC1OC2C(OC(C(C2O)N)[*])CO,[*]C1C(C(C(OC1C(O[Na])=O)OC2C(C(O[Na])=O)OC(O[*])C(O)C2O)O)O,,5.301029995663981,,10.1002_app.41686_part_1.txt_段1_Material1,200000.00000000003
OCC(C(C(C1N)O)O[*])OC1OC2C(OC(C(C2O)N)[*])CO,[*]C1C(OC(C(C1O)O)OC2C(OC(C(C2O)O)OC3C(OC(C(C3O)O)O[*])CO)CO)CO,,6.324282455297693,,10.3390_coatings7120224_part_1.txt_段1_Material1,2110000.000000002
OCC(C(C(C1N)O)O[*])OC1OC2C(OC(C(C2O)N)[*])CO,[*]CC(C#N)[*],,6.3670482644844935,,10.1016_j.polymertesting.2018.04.031_part_1.txt_段1_Material1,2328350.0000000005
OCC(C(C(C1N)O)O[*])OC1OC2C(OC(C(C2O)N)[*])CO,[*]CC(C1=CC=CC=C1)[*],,7.204119982655925,,10.1016_j.polymertesting.2018.04.031_part_2.txt_段1_Material4,16000000.00000001
OCC(C(C(C1N)O)O[*])OC1OC2C(OC(C(C2O)N)[*])CO,[*]CCC1C([*])C2CCC1C2,,6.012837224705172,,10.1007_s10965-021-02685-w_part_2.txt_段1_Material8,1029999.9999999997
OCC(C(C(C1N)O)O[*])OC1OC2C(OC(C(C2O)N)[*])CO,[*]OC(C(C1O)O)OC(COC)C1OC(OC(C(C2O)OC3OC(C(C(C3OC)O)OC4OC(C(C(C4OC)O)[*])COC)CO)COC)C2OCC(OC)C,,6.489395921727129,,10.1080_03602559.2018.1542726_part_2.txt_段1_Material1,3085999.999999999
OCC(C(C(C1N)O)O[*])OC1OC2C(OC(C(C2O)N)[*])CO,[*]OCC[*],,4.698970004336019,,10.1007_s10570-014-0231-5_part_2.txt_段1_Material1,49999.99999999999
OCC(C(C(C1N)O)O[*])OC1OC2C(OC(C(C2O)N)[*])CO,[H]N(C([H])([H])C(N([H])C(C)([H])C(N(C([H])([H])C([*])=O)[H])=O)=O)C(C(N([*])[H])(C)[H])=O,,5.477121254719663,,10.1016_j.jphotobiol.2014.08.017_part_1.txt_段1_Material1,300000.0000000001
OCC1OC(C(C(C1[*])O)O)OC2C(C(C(OC2CO)O[*])O)O,OC1C(C(OC(C1O)OC2C(OC(C(C2O)O)OC3C(C(C(OC3C(OC)=O)OC4C(OC(C(C4O)O)[*])C(O)=O)O)O)C(OC)=O)C(O)=O)O[*],,4.02816441942447,,10.1016_j.carbpol.2017.07.004_part_2.txt_段1_Material1,10669.999999999996
OCC1OC(C(C(C1[*])O)O)OC2C(C(C(OC2CO)O[*])O)O,OCC(C(C(C1N)O)O[*])OC1OC2C(OC(C(C2O)N)[*])CO,,7.079181246047625,,10.1007_s10570-014-0330-3_part_3.txt_段1_Material1,12000000.000000007
OCC1OC(C(C(C1[*])O)O)OC2C(C(C(OC2CO)O[*])O)O,OCC1OC(C(C(C1[*])O)O)OC2C(C(C(OC2CO)O[*])O)O,,7.049218022670182,,10.1504_ijvnv.2010.036681_part_1.txt_段1_Material1,11200000.00000001
OCC1OC(C(C(C1[*])O)O)OC2C(C(C(OC2CO)O[*])O)O,[*]C(CCCCCO[*])=O,,6.556302500767287,,10.1590_s0104-14282013005000018_part_1.txt_段1_Material1,3599999.9999999963
OCC1OC(C(C(C1[*])O)O)OC2C(C(C(OC2CO)O[*])O)O,[*]C(F)(C(F)([*])F)F,,7.176091259055681,,10.1007_s10570-020-03456-4_part_3.txt_段1_Material1,15000000.000000004
OCC1OC(C(C(C1[*])O)O)OC2C(C(C(OC2CO)O[*])O)O,[*]C1=C(C=CN2)C2=C([*])C(O)=C1O,,7.017450729510536,,10.1007_s10570-021-04020-4_part_3.txt_段1_Material1,10409999.999999989
OCC1OC(C(C(C1[*])O)O)OC2C(C(C(OC2CO)O[*])O)O,[H]N(C(O[*])=O)CCCCCCN(C(OCCCCO[*])=O)[H],,6.278753600952829,,10.1007_s10570-017-1361-3_part_1.txt_段1_Material1,1899999.9999999995
OCC1OC(C(C(C1[*])O)O)OC2C(C(C(OC2CO)O[*])O)O,[H]N(C([H])([H])C(N([H])C(C)([H])C(N(C([H])([H])C([*])=O)[H])=O)=O)C(C(N([*])[H])(C)[H])=O,,7.079181246047625,,10.1007_s12221-013-0266-5_part_1.txt_段1_Material3,12000000.000000007
OCC1OC(C(C(C1O)O[*])O)OC2C(C(C(OC2COS(=O)(O)=O)[*])NC(C)=O)O,OCC(C(C(C1N)O)O[*])OC1OC2C(OC(C(C2O)N)[*])CO,,5.181843587944773,,10.1002_pen.23928_part_1.txt_段1_Material2,152000.00000000003
OCC1OC(C(C(C1O)O[*])O)OC2C(C(C(OC2COS(=O)(O)=O)[*])NC(C)=O)O,[*]C(CCCCCO[*])=O,,5.181843587944773,,10.1002_pen.23928_part_1.txt_段1_Material1,152000.00000000003
OCC1OC(C(C(C1O)O[*])O)OC2C(C(C(OC2COS(=O)(O)=O)[*])NC(C)=O)O,[*]C1C(C(C(OC1C(O[Na])=O)OC2C(C(O[Na])=O)OC(O[*])C(O)C2O)O)O,,4.340444114840119,,10.1016_j.polymertesting.2019.106286_part_2.txt_段1_Material1,21900.00000000005
OCC1OC(C(C(C1O[*])O)NC(C)=O)OC2C(O)C(C(OC2CO)[*])NC(C)=O,OCC(C(C(C1N)O)O[*])OC1OC2C(OC(C(C2O)N)[*])CO,,6.342422680822207,,10.3389_fchem.2014.00099_part_2.txt_段1_Material1,2200000.000000002
OCC1OC(C(C(C1O[*])O)NC(C)=O)OC2C(O)C(C(OC2CO)[*])NC(C)=O,[H]N(C(O[*])=O)CCCCCCN(C(OCCCCO[*])=O)[H],,5.447158031342219,,10.1002_pi.2833_part_2.txt_段1_Material1,280000.0000000001
OCC1OC(C(C(C1O[*])O)O)[*],OCC1OC(C(C(C1[*])O)O)OC2C(C(C(OC2CO)O[*])O)O,,6.361727836017593,,10.1007_s10570-014-0255-x_part_3.txt_段1_Material1,2300000.000000001
OCC1OC(C(C(C1O[*])O)O)[*],[*]C1C(O)C(O)C(OC2C(O)C(O)C(O[*])OC2COC(C)=O)OC1COC(C)=O,,6.732393759822968,,10.1007_s10570-019-02882-3_part_2.txt_段1_Material1,5399999.999999996
OCC1OC(C(C(C1[*])O)O)OC2C(C(C(OC2CO)O[*])O)O,COC(C(C[*])([*])C)=O,,6.290034611362518,,10.1007_s10570-011-9580-5_part_3.txt_段1_Material2,1950000.0000000007
OCC1OC(C(C(C1[*])O)O)OC2C(C(C(OC2CO)O[*])O)O,COCC1OC(OC2C(CO)OC(O[*])C(OC)C2OC)C(OC)C(O)C1O[*],,6.204119982655925,,10.1007_s10570-018-02228-5_part_1.txt_段1_Material1,1600000.000000001
OCC1OC(C(C(C1[*])O)O)OC2C(C(C(OC2CO)O[*])O)O,O=C(C1=CC=C(C=C1)C(OCC[*])=O)O[*],,6.954242509439325,,10.1007_s10570-018-2044-4_part_2.txt_段1_Material1,9000000.000000007
OCC1OC(C(C(C1[*])O)O)OC2C(C(C(OC2CO)O[*])O)O,O=C(N1C(C([*])=O)CC(O)C1)CNC(C2CCCN2[*])=O,,6.698970004336019,,10.1007_s10570-014-0372-6_part_2.txt_段1_Material1,4999999.999999999
OCC1OC(C(C(C1[*])O)O)OC2C(C(C(OC2CO)O[*])O)O,O=C([*])C(C)O[*],,6.4623979978989565,,10.1007_s10570-018-1822-3_part_1.txt_段1_Material2,2900000.000000003
OCC1OC(C(C(C1[*])O)O)OC2C(C(C(OC2CO)O[*])O)O,O=C([*])CCCCCN[*],,6.698970004336019,,10.1007_s10570-020-03233-3_part_2.txt_段1_Material1,4999999.999999999
OCC1OC(C(C(C1[*])O)O)OC2C(C(C(OC2CO)O[*])O)O,OC(C(C)(CC(C1=CC=CC=C1)[*])CC(C[*])(C(OCC2CO2)=O)C)=O,,6.544068044350276,,10.1007_s10570-015-0798-5_part_6.txt_段1_Material1,3500000.0000000005
OCC1OC(C(C(C1[*])O)O)OC2C(C(C(OC2CO)O[*])O)O,OC(COCC1OC(OC2C(COCC(O)=O)OC([*])C(O)C2O)C(O)C(O)C1O[*])=O,,6.6020599913279625,,10.1007_s10570-015-0779-8_part_9.txt_段1_Material2,4000000.000000001
OCC1OC(C(C(C1[*])O)O)OC2C(C(C(OC2CO)O[*])O)O,OC1C(C(OC(C1OC2C(C(C(C(O2)CO)CO[*])O)O)COC3C(C(C(C(O3)CO)O)O)O)C[*])O,,7.589949601325708,,10.1021_acssuschemeng.7b02025_part_4.txt_段1_Material2,38900000.00000004
OCC1OC(C(C(C1[*])O)O)OC2C(C(C(OC2CO)O[*])O)O,OCC(C(C(C1N)O)O[*])OC1OC2C(OC(C(C2O)N)[*])CO,,6.942504106168081,,10.1007_s10570-019-02755-9_part_1.txt_段1_Material1,8760000.000000006
OCC1OC(C(C(C1[*])O)O)OC2C(C(C(OC2CO)O[*])O)O,OCC1OC(C(C(C1[*])O)O)OC2C(C(C(OC2CO)O[*])O)O,,7.079181246047625,,10.1504_ijvnv.2010.036681_part_2.txt_段1_Material1,12000000.000000007
OCC1OC(C(C(C1[*])O)O)OC2C(C(C(OC2CO)O[*])O)O,OCC1OC(C(C(C1O[*])O)O)[*],,6.838723190031372,,10.1007_s10924-011-0398-x_part_1.txt_段1_Material1,6897999.999999999
OCC1OC(C(C(C1[*])O)O)OC2C(C(C(OC2CO)O[*])O)O,OCC1OC(C(C(C1[*])O)O)OC2C(C(C(OC2CO)O[*])O)O,,6.365487984890899,,10.1016_j.polymertesting.2018.03.043_part_3.txt_段1_Material1,2319999.9999999986
OCC1OC(C(C(C1[*])O)O)OC2C(C(C(OC2CO)O[*])O)O,[*]C(C)C[*],,4.752355804153501,,10.4028_www.scientific.net_amr.511.24_part_1.txt_段1_Material1,56540.0
OCC1OC(C(C(C1[*])O)O)OC2C(C(C(OC2CO)O[*])O)O,[*]C(CCCCC(OCCCCO[*])=O)=O,,6.823545953567112,,10.1002_app.45968_part_2.txt_段1_Material1,6661099.999999994
OCC1OC(C(C(C1[*])O)O)OC2C(C(C(OC2CO)O[*])O)O,[*]C(CCCCCO[*])=O,,6.12057393120585,,10.1016_j.carbpol.2012.05.080_part_2.txt_段1_Material1,1319999.999999999
OCC1OC(C(C(C1[*])O)O)OC2C(C(C(OC2CO)O[*])O)O,[*]C(N(CN(C(OCOC(N(CN(C(OCCO[*])=O)[H])[H])=O)=O)[H])[H])=O,,6.0,,10.1088_2058-8585_aae5d9_part_4.txt_段1_Material1,1000000.0
OCC1OC(C(C(C1[*])O)O)OC2C(C(C(OC2CO)O[*])O)O,[*]C([H])([H])C(O)([H])[*],,6.119317224092021,,10.5402_2012_154314_part_1.txt_段1_Material1,1316185.870000001
OCC1OC(C(C(C1[*])O)O)OC2C(C(C(OC2CO)O[*])O)O,[*]C1=C(C(C[*])=CC=C1)O,,6.69284691927723,,10.1007_s10570-012-9815-0_part_2.txt_段1_Material2,4929999.999999997
OCC1OC(C(C(C1[*])O)O)OC2C(C(C(OC2CO)O[*])O)O,[*]C1=C(C=CN2)C2=C([*])C(O)=C1O,,6.672097857935717,,10.26599_pbm.2018.9260024_OA_part_1.txt_段1_Material1,4699999.999999996
OCC1OC(C(C(C1[*])O)O)OC2C(C(C(OC2CO)O[*])O)O,[*]C1=CC=C([*])N1,,6.980911937776844,,10.1007_s10570-016-1060-5_part_2.txt_段1_Material1,9570000.0
OCC1OC(C(C(C1[*])O)O)OC2C(C(C(OC2CO)O[*])O)O,[*]C1C(C(C(OC1C(O[Na])=O)OC2C(C(O[Na])=O)OC(O[*])C(O)C2O)O)O,,7.1003705451175625,,10.1007_s10570-020-03484-0_part_2.txt_段1_Material1,12599999.999999989
OCC1OC(C(C(C1[*])O)O)OC2C(C(C(OC2CO)O[*])O)O,[*]C1C(O)C(O)C(OC2C(O)C(O)C(O[*])OC2COCCO)OC1COCCO,,7.176091259055681,,10.1016_j.compscitech.2017.07.011_part_4.txt_段1_Material1,15000000.000000004
OCC1OC(C(C(C1[*])O)O)OC2C(C(C(OC2CO)O[*])O)O,[*]C1C(OC(C(C1O)O)OC2C(OC(C(C2O)O)OC3C(OC(C(C3O)O)O[*])CO)CO)CO,,6.612783856719736,,10.1016_j.foodhyd.2018.07.017_part_7.txt_段1_Material2,4100000.000000008
OCC1OC(C(C(C1[*])O)O)OC2C(C(C(OC2CO)O[*])O)O,[*]CC(C#N)[*],,6.886490725172482,,10.1002_adma.202000682_part_3.txt_段1_Material1,7700000.000000007
OCC1OC(C(C(C1[*])O)O)OC2C(C(C(OC2CO)O[*])O)O,[*]CC(C)(C(OCCO)=O)[*],,3.4727564493172123,,10.1007_s10570-020-03631-7_part_1.txt_段1_Material1,2969.9999999999995
OCC1OC(C(C(C1[*])O)O)OC2C(C(C(OC2CO)O[*])O)O,[*]OC1C(C(O)=O)OC(OC2C(NC(C)=O)C([*])OC(CO)C2O)C(O)C1O,,5.477121254719663,,10.1016_j.colsurfb.2015.11.047_part_2.txt_段1_Material1,300000.0000000001
OCC1OC(C(C(C1[*])O)O)OC2C(C(C(OC2CO)O[*])O)O,[*]OCCCCOC(CCC([*])=O)=O,,6.161368002234975,,10.1007_s10570-014-0241-3_part_1.txt_段1_Material1,1450000.0000000012
OCC1OC(C(C(C1[*])O)O)OC2C(C(C(OC2CO)O[*])O)O,[*]O[C@H](C)CC([*])=O,,6.3979400086720375,,10.1016_j.carbpol.2011.08.038_part_1.txt_段1_Material1,2499999.9999999995
OCC1OC(C(C(C1[*])O)O)OC2C(C(C(OC2CO)O[*])O)O,[H]N(C(O[*])=O)CCCCCCN(C(OCCCCO[*])=O)[H],,7.041392685158225,,10.1007_s10570-019-02417-w_part_1.txt_段1_Material1,11000000.000000007
OCC1OC(C(C(C1[*])O)O)OC2C(C(C(OC2CO)O[*])O)O,[H]N(C([H])([H])C(N([H])C(C)([H])C(N(C([H])([H])C([*])=O)[H])=O)=O)C(C(N([*])[H])(C)[H])=O,,6.861534410859038,,10.1007_s10570-014-0520-z_part_2.txt_段1_Material1,7270000.000000006
[*]C(C(O[*])C)=O,OCC1OC(C(C(C1[*])O)O)OC2C(C(C(OC2CO)O[*])O)O,,6.414973347970818,,10.3390_ma12203435_part_2.txt_段1_Material4,2600000.0000000014
[*]C(C)C(OCC(O[*])=O)=O,OCC(C(C(C1N)O)O[*])OC1OC2C(OC(C(C2O)N)[*])CO,,6.079181246047625,,10.1002_jbm.b.33726_part_2.txt_段1_Material1,1200000.0000000007
[*]C(C)C[*],OC(COCC1OC(OC2C(COCC(O)=O)OC([*])C(O)C2O)C(O)C(O)C1O[*])=O,,6.033423755486949,,10.1007_s10853-021-06383-2_part_3.txt_段1_Material1,1079999.9999999993
[*]C(C)C[*],OCC(C(C(C1N)O)O[*])OC1OC2C(OC(C(C2O)N)[*])CO,,6.6020599913279625,,10.1016_j.conbuildmat.2017.04.035_part_3.txt_段1_Material1,4000000.000000001
[*]C(C)C[*],OCC1OC(C(C(C1[*])O)O)OC2C(C(C(OC2CO)O[*])O)O,,6.26142703676955,,10.3390_polym8040129_part_2.txt_段1_Material1,1825689.9999999984
[*]C(C)C[*],OCC1OC(C(C(C1[*])O)O)OC2C(C(C(OC2CO)O[*])O)O,,6.363611979892144,,10.1002_app.34308_part_2.txt_段1_Material1,2309999.999999998
[*]C(C)C[*],[*]C1C(OC(C(C1O)O)OC2C(OC(C(C2O)O)OC3C(OC(C(C3O)O)O[*])CO)CO)CO,,6.220108088040055,,10.1021_ie4025243_part_1.txt_段1_Material1,1659999.9999999995
[*]C(C)C[*],[*]OC1C(C(O)=O)OC(OC2C(NC(C)=O)C([*])OC(CO)C2O)C(O)C1O,,6.377124042346456,,10.3390_ma8030992_part_2.txt_段1_Material3,2383000.0000000014
[*]C(C)C[*],[*]OC1OC(CO)C(OC2C(O)C(O)C([*])C(CO)O2)C(O)C1O,,5.93801909747621,,10.3390_fib6040094_part_1.txt_段1_Material1,866999.9999999993
[*]C(C1=CC=C(C(OCCCCO[*])=O)C=C1)=O,OCC1OC(C(C(C1[*])O)O)OC2C(C(C(OC2CO)O[*])O)O,,6.380211241711606,,10.1177_0021998319830775_part_2.txt_段1_Material1,2400000.000000002
[*]C(CCCCC(OCCCCO[*])=O)=O,OCC1OC(C(C(C1[*])O)O)OC2C(C(C(OC2CO)O[*])O)O,,4.826074802700826,,10.1002_polb.24139_part_3.txt_段1_Material1,66999.99999999993
[*]C(CCCCC(OCCCCO[*])=O)=O,[*]C1C(OC(C(C1O)O)OC2C(OC(C(C2O)O)OC3C(OC(C(C3O)O)O[*])CO)CO)CO,,5.00987563371216,,10.1016_j.polymertesting.2018.07.009_part_3.txt_段1_Material2,102300.0
[*]C(CCCCCO[*])=O,OCC1OC(C(C(C1[*])O)O)OC2C(C(C(OC2CO)O[*])O)O,,4.7160033436348,,10.1016_j.scp.2021.100404_part_1.txt_段1_Material1,52000.00000000014
[*]C(CCCCCO[*])=O,OCC1OC(C(C(C1O)O[*])O)OC2C(C(C(OC2COS(=O)(O)=O)[*])NC(C)=O)O,,6.763427993562937,,10.4188_jte.63.1_part_1.txt_段1_Material1,5799999.999999994
[*]C(CCCCCO[*])=O,OCC1OC(OC2C(O)C(O)C(O[*])OC2CO)C(O)C(O)C1[*],,3.832508912706236,,10.3390_ma13173853_part_3.txt_段1_Material1,6799.999999999997
[*]C(CCCCCO[*])=O,[*]C1C(C(C(OC1C(O[Na])=O)OC2C(C(O[Na])=O)OC(O[*])C(O)C2O)O)O,,3.342422680822206,,10.1016_j.cej.2015.04.038_part_2.txt_段1_Material2,2199.9999999999995
[*]C(CCCCCO[*])=O,[*]C1C(OC(C(C1O)O)OC2C(OC(C(C2O)O)OC3C(OC(C(C3O)O)O[*])CO)CO)CO,,6.0,,10.1016_j.bioactmat.2020.02.006_part_1.txt_段1_Material1,1000000.0
[*]C(CCCCCO[*])=O,[*]OC1C(C(O)=O)OC(OC2C(NC(C)=O)C([*])OC(CO)C2O)C(O)C1O,,5.518513939877887,,10.3390_polym12112587_part_1.txt_段1_Material2,329999.9999999997
[*]C(N(CN(C(OCOC(N(CN(C(OCCO[*])=O)[H])[H])=O)=O)[H])[H])=O,[*]C1C(C(C(OC1C(O[Na])=O)OC2C(C(O[Na])=O)OC(O[*])C(O)C2O)O)O,,3.6989700043360174,,10.1016_j.carbpol.2018.12.090_part_4.txt_段1_Material1,4999.999999999984
[*]C(N(CN(C(OCOC(N(CN(C(OCCO[*])=O)[H])[H])=O)=O)[H])[H])=O,[*]C1C(OC(C(C1O)O)OC2C(OC(C(C2O)O)OC3C(OC(C(C3O)O)O[*])CO)CO)CO,,4.817565369559781,,10.1016_j.carbpol.2011.09.098_part_1.txt_段1_Material1,65700.00000000004
[*]C(N(CN(C(OCOC(N(CN(C(OCCO[*])=O)[H])[H])=O)=O)[H])[H])=O,[*]OC1OC(CO)C(OC2C(O)C(O)C([*])C(CO)O2)C(O)C1O,,3.230448921378274,,10.3390_polym10121338_part_2.txt_段1_Material1,1700.000000000001
[*]C([C@H](C)OC([C@H](C)O[*])=O)=O,OCC(C(C(C1N)O)O[*])OC1OC2C(OC(C(C2O)N)[*])CO,,5.750045312011768,,10.3390_pr9010088_part_2.txt_段1_Material2,562400.0000000001
[*]C([C@H](C)OC([C@H](C)O[*])=O)=O,OCC1OC(C(C(C1[*])O)O)OC2C(C(C(OC2CO)O[*])O)O,,5.401055725771844,,10.1016_j.carbpol.2017.09.046_part_2.txt_段1_Material2,251800.0000000001
[*]C([C@H](C)OC([C@H](C)O[*])=O)=O,[*]C1C(C(C(OC1C(O[Na])=O)OC2C(C(O[Na])=O)OC(O[*])C(O)C2O)O)O,,6.535863520712453,,10.14233_ajchem.2013.15392_part_1.txt_段1_Material1,3434500.0000000014
[*]C([C@H](C)OC([C@H](C)O[*])=O)=O,[*]OC1C(C(O)=O)OC(OC2C(NC(C)=O)C([*])OC(CO)C2O)C(O)C1O,,6.567144045195657,,10.1016_j.polymer.2016.03.007_part_2.txt_段1_Material1,3690999.999999997
[*]C([H])([H])C(O)([H])[*],OC(COCC1OC(OC2C(COCC(O)=O)OC([*])C(O)C2O)C(O)C(O)C1O[*])=O,,4.530839778616521,,10.3390_nano10091797_part_3.txt_段1_Material4,33950.00000000003
[*]C([H])([H])C(O)([H])[*],OCC1OC(C(C(C1[*])O)O)OC2C(C(C(OC2CO)O[*])O)O,,7.0,,10.4028_www.scientific.net_amr.1110.40_part_1.txt_段1_Material1,10000000.0
[*]C([H])([H])C(O)([H])[*],OCC1OC(OC2C(O)C(O)C(O[*])OC2CO)C(O)C(O)C1[*],,5.998808399880894,,10.1002_mawe.202000030_part_2.txt_段1_Material1,997260.0
[*]C([H])([H])C(O)([H])[*],[*]C1C(OC(C(C1O)O)OC2C(OC(C(C2O)O)OC3C(OC(C(C3O)O)O[*])CO)CO)CO,,5.400710636773232,,10.1002_pc.25708_part_2.txt_段1_Material1,251600.00000000012
[*]C([H])([H])C(O)([H])[*],[*]OC(C(C1O)O)OC(COC)C1OC(OC(C(C2O)OC3OC(C(C(C3OC)O)OC4OC(C(C(C4OC)O)[*])COC)CO)COC)C2OCC(OC)C,,7.544068044350276,,10.3390_ma12010037_part_1.txt_段1_Material1,35000000.0
[*]C([H])([H])C(O)([H])[*],[*]OC1C(C(OC(C1O)OC2C3C(C(OC2CO3)[*])O)CO)O,,5.146128035678238,,10.1007_s10126-010-9341-8_part_1.txt_段1_Material1,140000.00000000006
[*]C/C=C/C[*],OCC1OC(C(C(C1[*])O)O)OC2C(C(C(OC2CO)O[*])O)O,,5.423360578084977,,10.1177_0892705720935968_part_3.txt_段1_Material5,265070.0000000001
[*]C/C=C/C[*],[*]C1C(OC(C(C1O)O)OC2C(OC(C(C2O)O)OC3C(OC(C(C3O)O)O[*])CO)CO)CO,,5.6776069527204935,,10.1177_0021998316637130_part_3.txt_段1_Material2,476000.0000000004
[*]C/C=C\CCC(C=C)[*],OCC(C(C(C1N)O)O[*])OC1OC2C(OC(C(C2O)N)[*])CO,,6.146128035678238,,10.1016_j.ijbiomac.2016.06.078_part_1.txt_段1_Material1,1400000.0000000005
[*]C1=CC=C([*])N1,OC(COCC1OC(OC2C(COCC(O)=O)OC([*])C(O)C2O)C(O)C(O)C1O[*])=O,,5.832508912706237,,10.1002_mame.201000148_part_2.txt_段1_Material2,680000.0000000005
[*]C1C(C(C(OC1C(O[Na])=O)OC2C(C(O[Na])=O)OC(O[*])C(O)C2O)O)O,O=C(N)C([*])C[*],,1.6989700043360187,,10.1016_j.coco.2021.100837_part_1.txt_段1_Material1,49.99999999999999
[*]C1C(C(C(OC1C(O[Na])=O)OC2C(C(O[Na])=O)OC(O[*])C(O)C2O)O)O,O=C(O)C([*])C[*],,4.431363764158987,,10.1016_j.electacta.2021.138361_part_1.txt_段1_Material1,26999.99999999997
[*]C1C(C(C(OC1C(O[Na])=O)OC2C(C(O[Na])=O)OC(O[*])C(O)C2O)O)O,OCC(C(C(C1N)O)O[*])OC1OC2C(OC(C(C2O)N)[*])CO,,5.406540180433956,,10.1007_s12588-016-9143-6_part_3.txt_段1_Material1,255000.0000000007
[*]C1C(C(C(OC1C(O[Na])=O)OC2C(C(O[Na])=O)OC(O[*])C(O)C2O)O)O,OCC1OC(C(C(C1[*])O)O)OC2C(C(C(OC2CO)O[*])O)O,,6.301029995663981,,10.1002_app.45857_part_2.txt_段1_Material1,2000000.0
[*]C1C(C(C(OC1C(O[Na])=O)OC2C(C(O[Na])=O)OC(O[*])C(O)C2O)O)O,[*]C(CCCCCO[*])=O,,4.845098040014257,,10.1021_acsami.0c07352_part_5.txt_段1_Material1,70000.00000000001
[*]C1C(C(C(OC1C(O[Na])=O)OC2C(C(O[Na])=O)OC(O[*])C(O)C2O)O)O,[*]C([H])([H])C(O)([H])[*],,3.845098040014257,,10.1016_j.carbon.2016.10.042_part_2.txt_段1_Material1,7000.000000000002
[*]C1C(C(C(OC1C(O[Na])=O)OC2C(C(O[Na])=O)OC(O[*])C(O)C2O)O)O,[*]CC(C#N)[*],,6.707570176097937,,10.1016_j.memsci.2014.06.053_part_2.txt_段1_Material1,5100000.000000004
[*]C1C(C(C(OC1C(O[Na])=O)OC2C(C(O[Na])=O)OC(O[*])C(O)C2O)O)O,[*]CC(C(OCC)=O)[*],,6.386677283960838,,10.3390_polym13040504_part_2.txt_段1_Material3,2435999.9999999995
[*]C1C(C(C(OC1C(O[Na])=O)OC2C(C(O[Na])=O)OC(O[*])C(O)C2O)O)O,[*]OCC[*],,5.672097857935717,,10.1021_acsami.9b17597_part_1.txt_段1_Material1,469999.9999999996
[*]C1C(O)C(O)C(OC2C(O)C(O)C(O[*])OC2COC(C)=O)OC1COC(C)=O,OCC1OC(C(C(C1[*])O)O)OC2C(C(C(OC2CO)O[*])O)O,,6.068185861746161,,10.1007_s10570-015-0665-4_part_1.txt_段1_Material1,1169999.999999999
[*]C1C(O)C(O)C(OC2C(O)C(O)C(O[*])OC2COC(C)=O)OC1COC(C)=O,[*]C(CCCCCO[*])=O,,5.509202522331103,,10.1016_j.mtchem.2020.100358_part_2.txt_段1_Material3,323000.00000000006
[*]C1C(O)C(O)C(OC2C(O)C(O)C(O[*])OC2COC(C)=O)OC1COC(C)=O,[*]C(OCCCO[*])=O,,5.673020907128897,,10.1016_j.mtchem.2020.100358_part_2.txt_段1_Material1,471000.00000000047
[*]C1C(O)C(O)C(OC2C(O)C(O)C(O[*])OC2COC(C)=O)OC1COC(C)=O,[*]OCCCCOC(CCC([*])=O)=O,,5.892094602690481,,10.1002_app.45429_part_2.txt_段1_Material1,780000.0000000007
[*]C1C(O)C(O)C(OC2C(O)C(O)C(O[*])OC2COC(C)=O)OC1COC(C)=O,[*]O[C@H](C)CC([*])=O,,5.673020907128897,,10.1016_j.mtchem.2020.100358_part_2.txt_段1_Material2,471000.00000000047
[*]C1C(O)C(O)C(OC2C(O)C(O)C(O[*])OC2COC(C)=O)OC1COC(C)=O,[H]N(C(O[*])=O)CCCCCCN(C(OCCCCO[*])=O)[H],,6.207095540419218,,10.1016_j.carbpol.2021.118620_part_1.txt_段1_Material1,1610999.9999999984
[*]C1C(OC(C(C1O)O)OC2C(OC(C(C2O)O)OC3C(OC(C(C3O)O)O[*])CO)CO)CO,OCC(C(C(C1N)O)O[*])OC1OC2C(OC(C(C2O)N)[*])CO,,5.0,,10.1177_8756087915590189_part_4.txt_段1_Material3,100000.0
[*]C1C(OC(C(C1O)O)OC2C(OC(C(C2O)O)OC3C(OC(C(C3O)O)O[*])CO)CO)CO,OCC1OC(C(C(C1[*])O)O)OC2C(C(C(OC2CO)O[*])O)O,,5.238522812218293,,10.1088_1757-899x_1034_1_012167_part_2.txt_段1_Material1,173189.99999999988
[*]C1C(OC(C(C1O)O)OC2C(OC(C(C2O)O)OC3C(OC(C(C3O)O)O[*])CO)CO)CO,OCC1OC(C(C(C1[*])O)O)OC2C(C(C(OC2CO)O[*])O)O,,5.639486489268586,,10.1002_pat.4796_part_1.txt_段1_Material1,436000.0000000003
[*]C1C(OC(C(C1O)O)OC2C(OC(C(C2O)O)OC3C(OC(C(C3O)O)O[*])CO)CO)CO,[*]C(C)C[*],,5.672097857935717,,10.1088_1757-899x_368_1_012017_part_1.txt_段1_Material1,469999.9999999996
[*]C1C(OC(C(C1O)O)OC2C(OC(C(C2O)O)OC3C(OC(C(C3O)O)O[*])CO)CO)CO,[*]C(CCCCC(OCCCCO[*])=O)=O,,5.774838005983815,,10.1016_j.carbpol.2020.116392_part_2.txt_段1_Material2,595440.0
[*]C1C(OC(C(C1O)O)OC2C(OC(C(C2O)O)OC3C(OC(C(C3O)O)O[*])CO)CO)CO,[*]C(CCCCCO[*])=O,,4.681241237375588,,10.1016_j.carbpol.2015.03.080_part_2.txt_段1_Material1,48000.00000000005
[*]C1C(OC(C(C1O)O)OC2C(OC(C(C2O)O)OC3C(OC(C(C3O)O)O[*])CO)CO)CO,[*]C([H])([H])C(O)([H])[*],,6.835500327867319,,10.1016_j.compscitech.2010.05.022_part_1.txt_段1_Material1,6847000.0
[*]C1C(OC(C(C1O)O)OC2C(OC(C(C2O)O)OC3C(OC(C(C3O)O)O[*])CO)CO)CO,[*]C1C(OC(C(C1O)O)OC2C(OC(C(C2O)O)OC3C(OC(C(C3O)O)O[*])CO)CO)CO,,6.278753600952829,,10.1016_j.compositesa.2012.11.010_part_1.txt_段1_Material1,1899999.9999999995
[*]C1C(OC(C(C1O)O)OC2C(OC(C(C2O)O)OC3C(OC(C(C3O)O)O[*])CO)CO)CO,[*]CCCC([*])OC(C)=O,,6.32221929473392,,10.1080_15440478.2018.1534192_part_4.txt_段1_Material3,2100000.0000000056
[*]C1C(OC(C(C1O)O)OC2C(OC(C(C2O)O)OC3C(OC(C(C3O)O)O[*])CO)CO)CO,[*]CC[*],,5.737272176535544,,10.4028_www.scientific.net_kem.800.210_part_1.txt_段1_Material1,546100.0000000012
[*]C1C(OC(C(C1O)O)OC2C(OC(C(C2O)O)OC3C(OC(C(C3O)O)O[*])CO)CO)CO,[*]OCCCCOC(CCC([*])=O)=O,,5.371067862271736,,10.1016_j.polymertesting.2013.10.006_part_2.txt_段1_Material2,234999.99999999977
[*]C1C(OC(C(C1O)O)OC2C(OC(C(C2O)O)OC3C(OC(C(C3O)O)O[*])CO)CO)CO,[*]OCC[*],,5.647715410691554,,10.32802_asmscj.2021.571_OA_part_2.txt_段1_Material1,444339.99999999953
[*]C1C(OC(C(C1O)O)OC2C(OC(C(C2O)O)OC3C(OC(C(C3O)O)O[*])CO)CO)CO,[H]N(C(O[*])=O)CCCCCCN(C(OCCCCO[*])=O)[H],,4.872738827472669,,10.1002_star.201900098_part_4.txt_段1_Material1,74600.00000000004
[*]CC(C#N)[*],OCC1OC(C(C(C1[*])O)O)OC2C(C(C(OC2CO)O[*])O)O,,5.146128035678238,,10.1016_j.job.2018.09.002_part_4.txt_段1_Material1,140000.00000000006
[*]CC(C)(C(OCCO)=O)[*],OCC(C(C(C1N)O)O[*])OC1OC2C(OC(C(C2O)N)[*])CO,,2.615529223637133,,"具有双氯芬酸洗脱能力的低摩擦水凝胶,用于干眼治疗性隐形眼镜.pdf",412.6
[*]CC(C)(C(OCCO)=O)[*],OCC1OC(C(C(C1[*])O)O)OC2C(C(C(OC2CO)O[*])O)O,,2.630427875025024,,10.1007_s10570-017-1244-7_part_3.txt_段1_Material1,427.00000000000017
[*]CC(C1=CC=CC=C1)[*],OCC(C(C(C1N)O)O[*])OC1OC2C(OC(C(C2O)N)[*])CO,,6.3979400086720375,,10.1002_pen.25273_part_1.txt_段1_Material1,2499999.9999999995
[*]CC(C1=CC=CC=C1)[*],OCC1OC(C(C(C1[*])O)O)OC2C(C(C(OC2CO)O[*])O)O,,6.246498580795801,,10.1007_s10570-015-0787-8_part_2.txt_段1_Material1,1763999.999999999
[*]CC(C1=CC=CC=C1)[*],[*]C1C(O)C(O)C(OC2C(O)C(O)C(O[*])OC2COC(C)=O)OC1COC(C)=O,,6.146128035678238,,10.1021_acssuschemeng.0c06480_part_2.txt_段1_Material1,1400000.0000000005
[*]CC(OC(O[*])=O)C,OCC(C(C(C1N)O)O[*])OC1OC2C(OC(C(C2O)N)[*])CO,,6.006037954997317,,10.1016_j.carbpol.2010.11.045_part_1.txt_段1_Material1,1013999.9999999992
[*]CC(OC(O[*])=O)C,[*]C1C(O)C(O)C(OC2C(O)C(O)C(O[*])OC2COC(C)=O)OC1COC(C)=O,,6.093421685162235,,10.1016_j.carbpol.2012.11.058_part_1.txt_段1_Material1,1239999.9999999988
[*]CC(OC(O[*])=O)C,[*]C1C(OC(C(C1O)O)OC2C(OC(C(C2O)O)OC3C(OC(C(C3O)O)O[*])CO)CO)CO,,5.78625439578978,,10.1007_s00289-019-02762-7_part_1.txt_段1_Material1,611299.9999999998
[*]CC(OC(O[*])=O)C,[*][C@H]1[C@H](O)[C@@H](O)[C@H](OC2C(O)C(OC(C)=O)C(O[*])OC2CO)O[C@@H]1CO,,6.093421685162235,,10.1016_j.carbpol.2012.11.058_part_2.txt_段1_Material1,1239999.9999999988
[*]CC([*])Cl,OCC1OC(C(C(C1[*])O)O)OC2C(C(C(OC2CO)O[*])O)O,,6.75427186868346,,10.1002_app.35482_part_1.txt_段1_Material1,5679000.000000016
[*]CC([*])Cl,[*]C1C(OC(C(C1O)O)OC2C(OC(C(C2O)O)OC3C(OC(C(C3O)O)O[*])CO)CO)CO,,5.850033257689769,,10.1002_pen.25761_part_2.txt_段1_Material1,707999.9999999998
[*]CCCC([*])OC(C)=O,OCC1OC(C(C(C1[*])O)O)OC2C(C(C(OC2CO)O[*])O)O,,6.079181246047625,,10.1016_j.carbpol.2013.02.039_part_1.txt_段1_Material1,1200000.0000000007
[*]CCN[*],OCC1OC(C(C(C1[*])O)O)OC2C(C(C(OC2CO)O[*])O)O,,5.518513939877887,,10.1007_s10570-021-04086-0_part_2.txt_段1_Material2,329999.9999999997
[*]CCN[*],[*]C1C(OC(C(C1O)O)OC2C(OC(C(C2O)O)OC3C(OC(C(C3O)O)O[*])CO)CO)CO,,5.553883026643875,,10.1016_j.carbpol.2015.09.090_part_4.txt_段1_Material1,358000.0000000002
[*]CC[*],OCC(C(C(C1N)O)O[*])OC1OC2C(OC(C(C2O)N)[*])CO,,6.776327733563306,,10.3390_ma11020291_part_2.txt_段1_Material2,5974860.000000003
[*]CC[*],OCC1OC(C(C(C1[*])O)O)OC2C(C(C(OC2CO)O[*])O)O,,6.056904851336473,,10.1021_acsami.7b13963_part_3.txt_段1_Material1,1140000.0000000002
[*]CC[*],[*]C1C(OC(C(C1O)O)OC2C(OC(C(C2O)O)OC3C(OC(C(C3O)O)O[*])CO)CO)CO,,6.0,,10.34302_crpjfst_2020.12.5.1_OA_part_3.txt_段1_Material1,1000000.0
[*]CC[*],[*]OC1C(C(O)=O)OC(OC2C(NC(C)=O)C([*])OC(CO)C2O)C(O)C1O,,6.033423755486949,,10.1080_03602559.2013.763364_part_2.txt_段1_Material1,1079999.9999999993
[*]CNCC1=CC=CC([*])=C1O,OCC1OC(C(C(C1[*])O)O)OC2C(C(C(OC2CO)O[*])O)O,,6.503790683057181,,10.1177_0967391120903664_part_2.txt_段1_Material1,3189999.999999999
[*]NC(C(N1CCCC1C(NCC(N2CC(CC2C(NC(C(NCC([*])=O)=O)CO)=O)O)=O)=O)=O)CCCCN,[*]OC(C(C1O)O)OC(COC)C1OC(OC(C(C2O)OC3OC(C(C(C3OC)O)OC4OC(C(C(C4OC)O)[*])COC)CO)COC)C2OCC(OC)C,,4.754883228252168,,10.1016_j.matlet.2014.06.055_part_1.txt_段1_Material1,56870.00000000004
[*]NC(C(O)=O)CCC([*])=O,OCC1OC(C(C(C1[*])O)O)OC2C(C(C(OC2CO)O[*])O)O,,5.287129620719111,,10.1016_j.reactfunctpolym.2021.104864_part_1.txt_段1_Material1,193700.0000000001
[*]NCCCCCCCCCCCC([*])=O,[*]C1C(OC(C(C1O)O)OC2C(OC(C(C2O)O)OC3C(OC(C(C3O)O)O[*])CO)CO)CO,,6.2576785748691846,,10.3139_217.2576_part_2.txt_段1_Material1,1810000.0
[*]OC(C(C1O)O)OC(COC)C1OC(OC(C(C2O)OC3OC(C(C(C3OC)O)OC4OC(C(C(C4OC)O)[*])COC)CO)COC)C2OCC(OC)C,OCC1OC(OC2C(O)C(O)C(O[*])OC2CO)C(O)C(O)C1[*],,6.2552725051033065,,10.1021_acssuschemeng.8b01855_part_1.txt_段1_Material1,1800000.0000000016
[*]OC(C(C1O)O)OC(COC)C1OC(OC(C(C2O)OC3OC(C(C(C3OC)O)OC4OC(C(C(C4OC)O)[*])COC)CO)COC)C2OCC(OC)C,[*]C([H])([H])C(O)([H])[*],,6.531478917042255,,10.1007_s10570-015-0624-0_part_3.txt_段1_Material1,3400000.000000002
[*]OC(CC(OC(CC([*])=O)CC)=O)C,OCC1OC(C(C(C1[*])O)O)OC2C(C(C(OC2CO)O[*])O)O,,6.3979400086720375,,10.3390_polym12123006_part_2.txt_段1_Material2,2499999.9999999995
[*]OC(CC(OC(CC([*])=O)CC)=O)C,[*]C1C(OC(C(C1O)O)OC2C(OC(C(C2O)O)OC3C(OC(C(C3O)O)O[*])CO)CO)CO,,6.531478917042255,,10.1002_app.46153_part_1.txt_段1_Material1,3400000.000000002
[*]OC1C(C(C(OC1C)OC2C(C(OC(C2O)COC(C)=O)OC3C(C(C(OC3C(O)=O)OC4C(C(C(OC4CO)O[*])O)O)O)O)OC(C(O)CO)=O)O)O,[*]NC(C(O)=O)CCC([*])=O,,6.308991029000164,,10.1016_j.polymer.2021.124049_part_2.txt_段1_Material1,2036999.9999999984
[*]OC1C(C(O)=O)OC(OC2C(NC(C)=O)C([*])OC(CO)C2O)C(O)C1O,[*]C(CCCCCO[*])=O,,5.361727836017593,,10.1016_j.molstruc.2016.04.020_part_1.txt_段1_Material1,230000.0000000001
[*]OC1C(C(O)=O)OC(OC2C(NC(C)=O)C([*])OC(CO)C2O)C(O)C1O,[*]O[C@H](C)CC([*])=O,,6.544068044350276,,10.1080_10643389.2014.966422_part_1.txt_段1_Material1,3500000.0000000005
[*]OC1C(C(OC(C1O)OC2C3C(C(OC2CO3)[*])O)CO)O,O=C(N)C([*])C[*],,2.6972293427597176,,10.1016_j.polymertesting.2018.05.025_part_1.txt_段1_Material1,498.00000000000006
[*]OC1C(C(OC(C1O)OC2C3C(C(OC2CO3)[*])O)CO)O,OCC1OC(C(C(C1[*])O)O)OC2C(C(C(OC2CO)O[*])O)O,,4.746322765089953,,10.1016_j.foodhyd.2014.09.037_part_8.txt_段1_Material1,55760.00000000005
[*]OC1C(C(OC(C1O)OC2C3C(C(OC2CO3)[*])O)CO)O,[*][C@H]1[C@H](O)[C@@H](O)[C@H](O[C@H]2[C@H]([C@@H](O)[C@H](O[C@H]3[C@H](O)[C@H](O)[C@H](O[C@H]4[C@H](O)[C@H](O)[C@H](O[*])O[C@@H]4CO)O[C@@H]3CO)O[C@@H]2COC(C)=O)O)O[C@@H]1CO,,6.291391053078407,,10.1016_j.carbpol.2013.03.083_part_1.txt_段1_Material2,1956100.0000000016
[*]OC1OC(CO)C(OC2C(O)C(O)C([*])C(CO)O2)C(O)C1O,O=C(C1=CC=C(C=C1)C(OCC[*])=O)O[*],,6.491361693834273,,10.4271_2018-01-0844_part_1.txt_段1_Material1,3100000.000000003
[*]OC1OC(CO)C(OC2C(O)C(O)C([*])C(CO)O2)C(O)C1O,[*]C(C)C[*],,6.113943352306837,,10.1007_s12221-012-1300-8_part_2.txt_段1_Material1,1300000.0000000005
[*]OCC1C(C(C(CC1CO)COCC2C(C(C(CC2CO)C[*])O)COCC3C(C(C(C(O3)CO)O)O)COCC4C(C(C(C(O4)C(O)=O)COCC5C(C(C(C(O5)C(O)=O)O)O)O)O)O)O)O,[*]C1C(OC(C(C1O)O)OC2C(OC(C(C2O)O)OC3C(OC(C(C3O)O)O[*])CO)CO)CO,,5.079181246047625,,10.1016_j.trgeo.2020.100385_part_6.txt_段1_Material1,120000.00000000007
[*]OCCCCOC(CCC([*])=O)=O,[*]C1C(OC(C(C1O)O)OC2C(OC(C(C2O)O)OC3C(OC(C(C3O)O)O[*])CO)CO)CO,,6.041392685158225,,10.1016_j.carbpol.2016.08.048_part_2.txt_段1_Material2,1100000.0000000007
[*]OCCCCOC(CCC([*])=O)=O,[*]OC1C(C(O)=O)OC(OC2C(NC(C)=O)C([*])OC(CO)C2O)C(O)C1O,,5.656960182742849,,10.1007_s13233-016-4131-4_part_2.txt_段1_Material1,453899.9999999999
[*]OCCOC(CC(C([*])=O)C(C1CCCCC1)CC(CC(O)=O)C(OCCO)=O)=O,OCC1OC(C(C(C1[*])O)O)OC2C(C(C(OC2CO)O[*])O)O,,6.44870631990508,,10.1007_s13233-018-6006-3_part_2.txt_段1_Material1,2809999.9999999995
[*]OCCOC(CC(C([*])=O)C(C1CCCCC1)CC(CC(O)=O)C(OCCO)=O)=O,[*]C1C(C(C(OC1C(O[Na])=O)OC2C(C(O[Na])=O)OC(O[*])C(O)C2O)O)O,,4.954242509439325,,10.1016_j.polymdegradstab.2020.109377_part_3.txt_段1_Material4,90000.00000000007
[*]OCCOC(CC(C([*])=O)C(C1CCCCC1)CC(CC(O)=O)C(OCCO)=O)=O,[*]OC1OC(CO)C(OC2C(O)C(O)C([*])C(CO)O2)C(O)C1O,,6.857332496431268,,10.1177_0021998311430866_part_1.txt_段1_Material1,7199999.9999999935
[*]OCC[*],OCC(C(C(C1N)O)O[*])OC1OC2C(OC(C(C2O)N)[*])CO,,6.32221929473392,,10.1088_1757-899x_864_1_012169_part_1.txt_段1_Material1,2100000.0000000056
[*]OCC[*],OCC1OC(C(C(C1[*])O)O)OC2C(C(C(OC2CO)O[*])O)O,,4.505149978319906,,10.1007_s10570-013-0002-8_part_1.txt_段1_Material1,32000.000000000025
[*]O[C@H](C)CC([*])=O,OCC1OC(C(C(C1[*])O)O)OC2C(C(C(OC2CO)O[*])O)O,,5.079181246047625,,10.1007_s10570-014-0415-z_part_2.txt_段1_Material1,120000.00000000007
[*]O[C@H](C)CC([*])=O,[*]OC1OC(CO)C(OC2C(O)C(O)C([*])C(CO)O2)C(O)C1O,,5.771587480881255,,10.1016_j.polymertesting.2013.10.011_part_1.txt_段1_Material2,590999.9999999995
[*][C@H]1[C@H](O)[C@@H](O)[C@H](OC2C(O)C(OC(C)=O)C(O[*])OC2CO)O[C@@H]1CO,[*]C(CCCCCO[*])=O,,5.002166061756507,,10.1177_0885328214542488_part_2.txt_段1_Material1,100499.99999999993
[*][C@H]1[C@H](O)[C@@H](O)[C@H](O[C@H]2[C@H]([C@@H](O)[C@H](O[C@H]3[C@H](O)[C@H](O)[C@H](O[C@H]4[C@H](O)[C@H](O)[C@H](O[*])O[C@@H]4CO)O[C@@H]3CO)O[C@@H]2COC(C)=O)O)O[C@@H]1CO,OCC1OC(C(C(C1[*])O)O)OC2C(C(C(OC2CO)O[*])O)O,,6.071882007306125,,10.1007_s10570-019-02302-6_part_1.txt_段1_Material1,1179999.999999999
[H]N(C(O[*])=O)CCCCCCN(C(OCCCCO[*])=O)[H],OCC1OC(C(C(C1[*])O)O)OC2C(C(C(OC2CO)O[*])O)O,,6.491361693834273,,10.1007_s10570-013-0007-3_part_5.txt_段1_Material2,3100000.000000003
[H]N(C(O[*])=O)CCCCCCN(C(OCCCCO[*])=O)[H],OCC1OC(C(C(C1[*])O)O)OC2C(C(C(OC2CO)O[*])O)O,,6.278753600952829,,10.1016_j.porgcoat.2015.05.013_part_1.txt_段1_Material1,1899999.9999999995
[H]N(C(O[*])=O)CCCCCCN(C(OCCCCO[*])=O)[H],[*]C1C(C(C(OC1C(O[Na])=O)OC2C(C(O[Na])=O)OC(O[*])C(O)C2O)O)O,,5.221674997070769,,10.3390_polym12122882_part_3.txt_段1_Material1,166600.00000000015
[H]N(C(O[*])=O)CCCCCCN(C(OCCCCO[*])=O)[H],[*]C1C(OC(C(C1O)O)OC2C(OC(C(C2O)O)OC3C(OC(C(C3O)O)O[*])CO)CO)CO,,4.239049093140191,,10.1002_app.41158_part_1.txt_段1_Material1,17339.99999999999
[H]N(C(O[*])=O)CCCCCCN(C(OCCCCO[*])=O)[H],[*]OC1C(C(O)=O)OC(OC2C(NC(C)=O)C([*])OC(CO)C2O)C(O)C1O,,4.895201474778894,,10.1080_25740881.2020.1757105_part_3.txt_段1_Material2,78560.00000000007
[H]N(C([H])([H])C(N([H])C(C)([H])C(N(C([H])([H])C([*])=O)[H])=O)=O)C(C(N([*])[H])(C)[H])=O,OC(COCC1OC(OC2C(COCC(O)=O)OC([*])C(O)C2O)C(O)C(O)C1O[*])=O,,5.311965660368366,,10.1016_j.ijbiomac.2018.11.203_part_2.txt_段1_Material1,205099.99999999988
[H]N(C([H])([H])C(N([H])C(C)([H])C(N(C([H])([H])C([*])=O)[H])=O)=O)C(C(N([*])[H])(C)[H])=O,OCC(C(C(C1N)O)O[*])OC1OC2C(OC(C(C2O)N)[*])CO,,5.338456493604605,,10.1002_app.44341_part_1.txt_段1_Material1,218000.0000000001
[H]N(C([H])([H])C(N([H])C(C)([H])C(N(C([H])([H])C([*])=O)[H])=O)=O)C(C(N([*])[H])(C)[H])=O,OCC1OC(C(C(C1[*])O)O)OC2C(C(C(OC2CO)O[*])O)O,,5.489958479424835,,10.1007_s12221-011-1002-7_part_1.txt_段1_Material1,309000.0
C/C(C[*])=C/C[*],OCC(C(C(C1N)O)O[*])OC1OC2C(OC(C(C2O)N)[*])CO,,4.765072201102792,,101002_app57497_段139-141_extracted.txt_Part1_Material1,58220.00000000003
OCC(C(C(C1N)O)O[*])OC1OC2C(OC(C(C2O)N)[*])CO,C/C(C[*])=C/C[*],,4.765072201102792,,101002_app57497_段118-120_extracted.txt_Part1_Material3,58220.00000000003
OCC1OC(C(C(C1[*])O)O)OC2C(C(C(OC2CO)O[*])O)O,O=C(C(C[*])[*])N,,1.6989700043360187,,101039_d5ta04790k_段2-4_extracted.txt_Part1_Material1,49.99999999999999
OCC1OC(C(C(C1[*])O)O)OC2C(C(C(OC2CO)O[*])O)O,O=C(O)C([*])C[*],,2.1357685145678222,,101021_acsapm4c03601_段18-20_extracted.txt_Part1_Material1,136.7
[*]C1C(C(C(OC1C(O[Na])=O)OC2C(C(O[Na])=O)OC(O[*])C(O)C2O)O)O,O=C(C(C[*])[*])N,,3.0293837776852097,,101016_jcarbpol2025123421_段4-6_extracted.txt_Part1_Material1,1070.0000000000002
[*]C1C(C(C(OC1C(O[Na])=O)OC2C(C(O[Na])=O)OC(O[*])C(O)C2O)O)O,O=C(N1C(C([*])=O)CC(O)C1)CNC(C2CCCN2[*])=O,,0.0791812460476248,,101021_acsabm0c01472_段27-29_extracted.txt_Part1_Material2,1.2
[*]C1C(C(C(OC1C(O[Na])=O)OC2C(C(O[Na])=O)OC(O[*])C(O)C2O)O)O,OC(COCC1OC(OC2C(COCC(O)=O)OC([*])C(O)C2O)C(O)C(O)C1O[*])=O,,2.4771212547196626,,101021_acsabm3c00101_段34-36_extracted.txt_Part1_Material1,300.0000000000001
[H]N(C([H])([H])C(N([H])C(C)([H])C(N(C([H])([H])C([*])=O)[H])=O)=O)C(C(N([*])[H])(C)[H])=O,[*]OC1C(C(O)=O)OC(OC2C(NC(C)=O)C([*])OC(CO)C2O)C(O)C1O,,,0.9115,10.1007_s12221-017-1230-6_part_1.txt_段1_Material1,
[*]OC1C(C(O)=O)OC(OC2C(NC(C)=O)C([*])OC(CO)C2O)C(O)C1O,[*]C1C(C(C(OC1C(O[Na])=O)OC2C(C(O[Na])=O)OC(O[*])C(O)C2O)O)O,,,4.0,10.1007_s13233-014-2001-5_part_1.txt_段1_Material1,
[*]C1C(OC(C(C1O)O)OC2C(OC(C(C2O)O)OC3C(OC(C(C3O)O)O[*])CO)CO)CO,[*]CC=CCCC(C1=CC=CC=C1)[*],,,2.0,10.1007_s00289-018-2273-6_part_1.txt_段1_Material1,
[*]OC1C(C(O)=O)OC(OC2C(NC(C)=O)C([*])OC(CO)C2O)C(O)C1O,[*]OC1OC(CO)C(O)C(OC2OC(C(NC(CS)C(OC)=O)=O)C(OC[*])C(O)C2O)C1NC(C)=O,,,0.027,10.1002_app.46071_10.1002_app.46071_part_1.txt_段1_Material1,
[*]C1C(C(C(OC1C(O[Na])=O)OC2C(C(O[Na])=O)OC(O[*])C(O)C2O)O)O,[*]OC(C(C1O)O)OC(COC)C1OC(OC(C(C2O)OC3OC(C(C(C3OC)O)OC4OC(C(C(C4OC)O)[*])COC)CO)COC)C2OCC(OC)C,,,1.3057,10.4103_2230-973x.119215_part_1.txt_段1_Material1,
OCC(C(C(C1N)O)O[*])OC1OC2C(OC(C(C2O)N)[*])CO,O=C(C(C[*])[*])N,,,53.0,10.1007_s00289-011-0643-4_10.1007_s00289-011-0643-4_part_1.txt_段1_Material1,
[*]C1C(O)C(O)C(OC2C(O)C(O)C(O[*])OC2COC(C)=O)OC1COC(C)=O,O=C(C(C[*])[*])N,,,0.026,10.1080_03602559.2018.1482923_part_3.txt_段1_Material1,
[*]CC(OC(O[*])=O)C,[*]C1C(C(C(OC1C(O[Na])=O)OC2C(C(O[Na])=O)OC(O[*])C(O)C2O)O)O,,,0.42,10.1002_slct.201800913_part_1.txt_段1_Material1,
OCC(C(C(C1N)O)O[*])OC1OC2C(OC(C(C2O)N)[*])CO,OCC1OC(C(C(C1[*])O)O)OC2C(C(C(OC2CO)O[*])O)O,,,1.5,10.1007_s10570-015-0650-y_part_1.txt_段1_Material1,
[*]C1C(C(C(OC1C(O[Na])=O)OC2C(C(O[Na])=O)OC(O[*])C(O)C2O)O)O,OC(COCC1OC(OC2C(COCC(O)=O)OC([*])C(O)C2O)C(O)C(O)C1O[*])=O,,,0.018,10.1016_j.colsurfb.2010.08.020_part_1.txt_段1_Material5,
O=C(C(C[*])[*])N,[*]C1C(C(C(OC1C(O[Na])=O)OC2C(C(O[Na])=O)OC(O[*])C(O)C2O)O)O,,,120.0,10.1016_j.carbpol.2018.05.082_part_2.txt_段1_Material1,
O=C(O)C([*])C[*],[*]C1C(C(C(OC1C(O[Na])=O)OC2C(C(O[Na])=O)OC(O[*])C(O)C2O)O)O,,,8.0,10.4028_www.scientific.net_amr.746.88_part_1.txt_段1_Material1,
OC(COCC1OC(OC2C(COCC(O)=O)OC([*])C(O)C2O)C(O)C(O)C1O[*])=O,OCC1OC(C(C(C1O[*])O)O)[*],,,10.75,10.1007_s10570-016-1014-y_part_1.txt_段1_Material1,
[*]C1C(OC(C(C1O)O)OC2C(OC(C(C2O)O)OC3C(OC(C(C3O)O)O[*])CO)CO)CO,O=C(C(C[*])[*])N,,,6.026599999999999,10.5109_7160873_OA_part_1.txt_段1_Material1,
[*]C1C(C(C(OC1C(O[Na])=O)OC2C(C(O[Na])=O)OC(O[*])C(O)C2O)O)O,[*]OC1C(C(OC(C1O)OC2C3C(C(OC2CO3)[*])O)CO)O,,,0.15,10.1080_10717544.2021.1938752_part_1.txt_段1_Material1,
[*]C(C(OC1O[*])COC(C)=O)C(O)C1NC(C)=O,[*]C1C(C(C(OC1C(O[Na])=O)OC2C(C(O[Na])=O)OC(O[*])C(O)C2O)O)O,,,1.915,10.1002_app.34041_part_1.txt_段1_Material1,
OCC(C(C(C1N)O)O[*])OC1OC2C(OC(C(C2O)N)[*])CO,[*]C([H])([H])C(O)([H])[*],,,13.31,10.1007_s12221-018-7816-9_part_2.txt_段1_Material1,
O=C(O)C([*])C[*],OCC1OC(C(C(C1[*])O)O)OC2C(C(C(OC2CO)O[*])O)O,,,0.7,10.1007_s10570-019-02490-1_10.1007_s10570-019-02490-1_part_2.txt_段1_Material1,
O=C(N1C(C([*])=O)CC(O)C1)CNC(C2CCCN2[*])=O,[*]OC1C(C(O)=O)OC(OC2C(NC(C)=O)C([*])OC(CO)C2O)C(O)C1O,,,0.9,10.1002_app.49285_10.1002_app.49285_part_1.txt_段1_Material1,
[*]C1C(C(C(OC1C(O[Na])=O)OC2C(C(O[Na])=O)OC(O[*])C(O)C2O)O)O,OCC1OC(C(C(C1[*])O)O)OC2C(C(C(OC2CO)O[*])O)O,,,5.7,10.1007_s00289-017-2253-2_part_1.txt_段1_Material1,
OCC(C(C(C1N)O)O[*])OC1OC2C(OC(C(C2O)N)[*])CO,[*]OC1C(C(O)=O)OC(OC2C(NC(C)=O)C([*])OC(CO)C2O)C(O)C1O,,,11.2,10.1002_pen.24050_10.1002_pen.24050_part_2.txt_段1_Material1,
OCC(C(C(C1N)O)O[*])OC1OC2C(OC(C(C2O)N)[*])CO,[*]OC(C(C1O)O)OC(COC)C1OC(OC(C(C2O)OC3OC(C(C(C3OC)O)OC4OC(C(C(C4OC)O)[*])COC)CO)COC)C2OCC(OC)C,,,1.0,10.1007_s10570-014-0442-9_10.1007_s10570-014-0442-9_part_2.txt_段1_Material1,
OCC1OC(C(C(C1[*])O)O)OC2C(C(C(OC2CO)O[*])O)O,[*]C1=CC=C([*])N1,,,0.1,10.3390_ma6030738_part_6.txt_段1_Material5,
OCC(C(C(C1N)O)O[*])OC1OC2C(OC(C(C2O)N)[*])CO,O=C(O)C([*])C[*],,,0.4446,10.1007_s10965-018-1568-5_part_2.txt_段1_Material1,
[*]C1C(OC(C(C1O)O)OC2C(OC(C(C2O)O)OC3C(OC(C(C3O)O)O[*])CO)CO)CO,[*]C([H])([H])C(O)([H])[*],,,2.1293,10.1016_j.ijbiomac.2020.07.065_part_4.txt_段1_Material1,
[H]N(C([H])([H])C(N([H])C(C)([H])C(N(C([H])([H])C([*])=O)[H])=O)=O)C(C(N([*])[H])(C)[H])=O,[*]C1C(C(C(OC1C(O[Na])=O)OC2C(C(O[Na])=O)OC(O[*])C(O)C2O)O)O,,,0.95,10.1016_j.eurpolymj.2021.110267_part_2.txt_段1_Material1,
[*]C1C(C(C(OC1C(O[Na])=O)OC2C(C(O[Na])=O)OC(O[*])C(O)C2O)O)O,O=C(C(C[*])[*])N,,,8.0,10.1016_j.carbpol.2018.05.078_part_4.txt_段1_Material1,
OCC1OC(C(C(C1O)O[*])O)OC2C(C(C(OC2COS(=O)(O)=O)[*])NC(C)=O)O,[*]C1C(C(C(OC1C(O[Na])=O)OC2C(C(O[Na])=O)OC(O[*])C(O)C2O)O)O,,,7.0,10.1002_term.2159_10.1002_term.2159_part_2.txt_段1_Material1,
[*]C([H])([H])C(O)([H])[*],[*]OC1C(C(O)=O)OC(OC2C(NC(C)=O)C([*])OC(CO)C2O)C(O)C1O,,,16.9,10.1002_app.42272_10.1002_app.42272_part_1.txt_段1_Material1,
OC(COCC1OC(OC2C(COCC(O)=O)OC([*])C(O)C2O)C(O)C(O)C1O[*])=O,O=C(C(C[*])[*])N,,,23.1255,10.1002_app.38788_part_2.txt_段1_Material1,
OC1C(OC(C(C1O)O)C[*])COCC(OC(C(O)C=O)CO[*])C=O,OCC(C(C(C1N)O)O[*])OC1OC2C(OC(C(C2O)N)[*])CO,,,10.56,10.1016_j.carbpol.2020.117598_part_2.txt_段1_Material1,
[*]CC=CCCC(C1=CC=CC=C1)[*],[*]C1C(OC(C(C1O)O)OC2C(OC(C(C2O)O)OC3C(OC(C(C3O)O)O[*])CO)CO)CO,,,3.5845,10.1007_s13233-013-1088-4_part_2.txt_段1_Material1,
[*]OC1C(C(O)=O)OC(OC2C(NC(C)=O)C([*])OC(CO)C2O)C(O)C1O,OCC1OC(C(C(C1[*])O)O)OC2C(C(C(OC2CO)O[*])O)O,,,2.25,10.1080_14658011.2018.1447340_part_1.txt_段1_Material1,
[H]N(C([H])([H])C(N([H])C(C)([H])C(N(C([H])([H])C([*])=O)[H])=O)=O)C(C(N([*])[H])(C)[H])=O,OC(COCC1OC(OC2C(COCC(O)=O)OC([*])C(O)C2O)C(O)C(O)C1O[*])=O,,,3.89,10.1080_09205063.2018.1523525_part_3.txt_段1_Material1,
OCC(C(C(C1N)O)O[*])OC1OC2C(OC(C(C2O)N)[*])CO,[*]C1C(OC(C(C1O)O)OC2C(OC(C(C2O)O)OC3C(OC(C(C3O)O)O[*])CO)CO)CO,,,3.0,10.1016_j.foodhyd.2014.12.026_part_4.txt_段1_Material2,
OCC1OC(C(C(C1[*])O)O)OC2C(C(C(OC2CO)O[*])O)O,[H]N(C([H])([H])C(N([H])C(C)([H])C(N(C([H])([H])C([*])=O)[H])=O)=O)C(C(N([*])[H])(C)[H])=O,,,2.2,10.1007_s10570-017-1491-7_part_2.txt_段1_Material1,
[*]C1C(C(C(OC1C(O[Na])=O)OC2C(C(O[Na])=O)OC(O[*])C(O)C2O)O)O,[*]OC1C(C(O)=O)OC(OC2C(NC(C)=O)C([*])OC(CO)C2O)C(O)C1O,,,0.56,10.1038_s41598-024-54912-1_OA_part_1.txt_段1_Material1,
[*]C1C(OC(C(C1O)O)OC2C(OC(C(C2O)O)OC3C(OC(C(C3O)O)O[*])CO)CO)CO,[*]OC1C(C(OC(C1O)OC2C3C(C(OC2CO3)[*])O)CO)O,,,0.08,10.1016_j.ijbiomac.2016.05.028_part_3.txt_段1_Material1,
[*]C1C(C(C(OC1C(O[Na])=O)OC2C(C(O[Na])=O)OC(O[*])C(O)C2O)O)O,[*]CC([*])N1CCCC1=O,,,3.5025,10.1007_s00289-013-1067-0_part_4.txt_段1_Material1,
OCC(C(C(C1N)O)O[*])OC1OC2C(OC(C(C2O)N)[*])CO,[*]C(CCCCCO[*])=O,,,7.93,10.2147_ijn.s177256_part_2.txt_段1_Material1,
[*]OC1OC(CO)C(O)C(OC2OC(C(NC(CS)C(OC)=O)=O)C(OC[*])C(O)C2O)C1NC(C)=O,[*]OC1C(C(O)=O)OC(OC2C(NC(C)=O)C([*])OC(CO)C2O)C(O)C1O,,,2.4011,10.4028_www.scientific.net_msf.982.59_part_1.txt_段1_Material1,
OCC(C(C(C1N)O)O[*])OC1OC2C(OC(C(C2O)N)[*])CO,[*]C1C(C(C(OC1C(O[Na])=O)OC2C(C(O[Na])=O)OC(O[*])C(O)C2O)O)O,,,0.9,10.1016_j.ijbiomac.2017.02.095_part_3.txt_段1_Material1,
OCC1OC(C(C(C1[*])O)O)OC2C(C(C(OC2CO)O[*])O)O,OCC(C(C(C1N)O)O[*])OC1OC2C(OC(C(C2O)N)[*])CO,,,15.0,10.1007_s10570-019-02357-5_10.1007_s10570-019-02357-5_part_1.txt_段1_Material1,
[H]N(C([H])([H])C(N([H])C(C)([H])C(N(C([H])([H])C([*])=O)[H])=O)=O)C(C(N([*])[H])(C)[H])=O,OCC(C(C(C1N)O)O[*])OC1OC2C(OC(C(C2O)N)[*])CO,,,16.0,10.1080_1023666x.2020.1786271_part_2.txt_段1_Material1,
OCC(C(C(C1N)O)O[*])OC1OC2C(OC(C(C2O)N)[*])CO,[*]NC(C(O)=O)CCC([*])=O,,,6.17,10.2174_156720112798376041_part_2.txt_段1_Material1,
OCC1OC(C(C(C1[*])O)O)OC2C(C(C(OC2CO)O[*])O)O,O=C(C(C[*])[*])N,,,0.01,10.1007_s10570-017-1585-2_10.1007_s10570-017-1585-2_part_4.txt_段1_Material1,
[*]C(C)C(OCC(O[*])=O)=O,OCC(C(C(C1N)O)O[*])OC1OC2C(OC(C(C2O)N)[*])CO,,,15.0,10.1002_mabi.201000389_10.1002_mabi.201000389_part_2.txt_段1_Material1,
[*]NC(C(O)=O)CCC([*])=O,OCC(C(C(C1N)O)O[*])OC1OC2C(OC(C(C2O)N)[*])CO,,,0.408,10.1007_s12221-020-1364-9_part_1.txt_段1_Material1,
[*]C([H])([H])C(O)([H])[*],[*]C1C(OC(C(C1O)O)OC2C(OC(C(C2O)O)OC3C(OC(C(C3O)O)O[*])CO)CO)CO,,,0.9,10.3390_polym13121962_part_3.txt_段1_Material6,
OCC1OC(C(C(C1[*])O)O)OC2C(C(C(OC2CO)O[*])O)O,O=C(C1=CC=C(C=C1)C(OCC[*])=O)O[*],,,0.188,10.1007_s10570-010-9443-5_part_2.txt_段1_Material3,
OC(C(C1OC2OC(C(C(C2O)O)OC3OC(C(C(C3O)O)O)COC4OC(C(C(C4O)O)OC5OC(C(C(C5O)O)OC6OC(C(C(C6O)O[*])O)C)CO)CO)CO)O[*])COC1CO,[*]C1=C(C=CN2)C2=C([*])C(O)=C1O,,,0.69,10.1016_j.ijbiomac.2020.06.283_part_3.txt_段1_Material1,
[*]C([H])([H])C(O)([H])[*],OCC(C(C(C1N)O)O[*])OC1OC2C(OC(C(C2O)N)[*])CO,,,15.0,10.1080_09205063.2016.1262164_part_3.txt_段1_Material1,
OCC1OC(C(C(C1[*])O)O)OC2C(C(C(OC2CO)O[*])O)O,[*]OC1C(C(O)=O)OC(OC2C(NC(C)=O)C([*])OC(CO)C2O)C(O)C1O,,,0.6462,10.1016_j.ejpb.2015.02.025_part_2.txt_段1_Material1,
[*]OC1C(C(O)=O)OC(OC2C(NC(C)=O)C([*])OC(CO)C2O)C(O)C1O,OCC(C(C(C1N)O)O[*])OC1OC2C(OC(C(C2O)N)[*])CO,,,1.2,10.1002_adhm.201600136_part_2.txt_段1_Material2,
[*]C(CCCCCO[*])=O,OCC(C(C(C1N)O)O[*])OC1OC2C(OC(C(C2O)N)[*])CO,,,2.7,10.1016_j.eurpolymj.2021.110357_part_1.txt_段1_Material3,
[*]C([H])([H])C(O)([H])[*],OCC1OC(C(C(C1[*])O)O)OC2C(C(C(OC2CO)O[*])O)O,,,13.74,10.1007_s10570-020-03396-z_part_3.txt_段1_Material1,
[*]C1C(C(C(OC1C(O[Na])=O)OC2C(C(O[Na])=O)OC(O[*])C(O)C2O)O)O,[*]C([H])([H])C(O)([H])[*],,,6.77,10.1016_j.ecoenv.2020.110935_part_1.txt_段1_Material1,
[*]C1C(C(C(OC1C(O[Na])=O)OC2C(C(O[Na])=O)OC(O[*])C(O)C2O)O)O,[*]CC([*])Cl,,,3.507,10.1007_s10570-013-9897-3_part_2.txt_段1_Material1,
OCC(C(C(C1N)O)O[*])OC1OC2C(OC(C(C2O)N)[*])CO,[*]CC=CCCC(C1=CC=CC=C1)[*],,,0.5,10.1007_s00289-018-2273-6_part_3.txt_段1_Material1,
[*]OC1C(C(O)=O)OC(OC2C(NC(C)=O)C([*])OC(CO)C2O)C(O)C1O,[*]CC([*])N1CCCC1=O,,,2.5,10.1007_s13233-011-0513-9_part_1.txt_段1_Material2,
O=C(C(C[*])[*])N,[*]OC1C(C(O)=O)OC(OC2C(NC(C)=O)C([*])OC(CO)C2O)C(O)C1O,,,18.0,10.1177_0883911509357863_part_2.txt_段1_Material1,
[*]C(C)C[*],OCC(C(C(C1N)O)O[*])OC1OC2C(OC(C(C2O)N)[*])CO,,,0.3467,10.1016_j.desal.2011.06.032_part_1.txt_段1_Material1,
O=C(C(C[*])[*])N,[*]OC1C(C(OC(C1O)OC2C3C(C(OC2CO3)[*])O)CO)O,,,37.52,10.1016_j.nanoso.2020.100507_part_2.txt_段1_Material2,
[*]C([H])([H])C(O)([H])[*],[*]OC1C(C(OC(C1O)OC2C3C(C(OC2CO3)[*])O)CO)O,,,0.0,10.1002_app.50979_part_2.txt_段1_Material1,
[*]OC1C(C(O)=O)OC(OC2C(NC(C)=O)C([*])OC(CO)C2O)C(O)C1O,[*]NC(C(O)=O)CCC([*])=O,,,0.7,10.1016_j.carbpol.2017.09.071_part_1.txt_段1_Material1,
O=C(C(C[*])[*])N,[*]C1C(OC(C(C1O)O)OC2C(OC(C(C2O)O)OC3C(OC(C(C3O)O)O[*])CO)CO)CO,,,17.84,10.37358_mp.23.1.5649_OA_part_2.txt_段1_Material2,
[*]C([H])([H])C(O)([H])[*],OC(COCC1OC(OC2C(COCC(O)=O)OC([*])C(O)C2O)C(O)C(O)C1O[*])=O,,,0.4,10.1002_pc.23823_10.1002_pc.23823_part_1.txt_段1_Material1,
[*]OC(C(C1O)O)OC(COC)C1OC(OC(C(C2O)OC3OC(C(C(C3OC)O)OC4OC(C(C(C4OC)O)[*])COC)CO)COC)C2OCC(OC)C,[*]C([H])([H])C(O)([H])[*],,,4.25,10.1007_s10570-015-0624-0_part_3.txt_段1_Material1,
O=C(N1C(C([*])=O)CC(O)C1)CNC(C2CCCN2[*])=O,OCC(C(C(C1N)O)O[*])OC1OC2C(OC(C(C2O)N)[*])CO,,,8.969299999999999,10.1111_jfbc.12214_part_2.txt_段1_Material2,
O=C(C(C[*])[*])N,OCC1OC(C(C(C1[*])O)O)OC2C(C(C(OC2CO)O[*])O)O,,,0.83,10.1007_s10570-017-1585-2_10.1007_s10570-017-1585-2_part_2.txt_段1_Material1,
[*]OC1C(C(OC(C1O)OC2C3C(C(OC2CO3)[*])O)CO)O,[*]C1C(C(C(OC1C(O[Na])=O)OC2C(C(O[Na])=O)OC(O[*])C(O)C2O)O)O,,,7.1,10.1007_s00289-021-03797-5_part_3.txt_段1_Material1,
OC(COCC1OC(OC2C(COCC(O)=O)OC([*])C(O)C2O)C(O)C(O)C1O[*])=O,OCC(C(C(C1N)O)O[*])OC1OC2C(OC(C(C2O)N)[*])CO,,,44.0,10.1007_s10570-019-02378-0_10.1007_s10570-019-02378-0_part_2.txt_段1_Material1,
OCC(C(C(C1N)O)O[*])OC1OC2C(OC(C(C2O)N)[*])CO,[*]OC1C(C(OC(C1O)OC2C3C(C(OC2CO3)[*])O)CO)O,,,12.0,10.1016_j.carbpol.2018.10.002_part_3.txt_段1_Material1,
[*]OC1C(C(O)=O)OC(OC2C(NC(C)=O)C([*])OC(CO)C2O)C(O)C1O,[H]N(C([H])([H])C(N([H])C(C)([H])C(N(C([H])([H])C([*])=O)[H])=O)=O)C(C(N([*])[H])(C)[H])=O,,,10.75,10.3390_polym13142302_part_3.txt_段1_Material1,
OCC1OC(OC2C(O)C(O)C(O[*])OC2CO)C(O)C(O)C1[*],[*]C([H])([H])C(O)([H])[*],,,14.0424,10.1007_s10570-020-03249-9_part_2.txt_段1_Material1,
[*]C1C(C(C(OC1C(O[Na])=O)OC2C(C(O[Na])=O)OC(O[*])C(O)C2O)O)O,OCC(C(C(C1N)O)O[*])OC1OC2C(OC(C(C2O)N)[*])CO,,,10.0,10.1021_acsami.7b18859_part_2.txt_段1_Material1,
O=C(C(C[*])[*])N,OCC(C(C(C1N)O)O[*])OC1OC2C(OC(C(C2O)N)[*])CO,,,53.0,10.1007_s00289-011-0643-4_10.1007_s00289-011-0643-4_part_4.txt_段1_Material1,
[*]C1C(C(C(OC1C(O[Ca]OC2=O)=O)OC3C2OC(O[*])C(O)C3O)O)O,O=C(C(C[*])[*])N,,,11.9,10.1007_s00289-017-2138-4_part_2.txt_段1_Material1,
OCC(C(C(C1N)O)O[*])OC1OC2C(OC(C(C2O)N)[*])CO,[*]CC([*])N1CCCC1=O,,,22.89,10.3390_polym13121962_part_3.txt_段1_Material8,
[*]C(C)C(OCC(O[*])=O)=O,[*]C1C(C(C(OC1C(O[Na])=O)OC2C(C(O[Na])=O)OC(O[*])C(O)C2O)O)O,,,0.85,10.1021_bm501313t_part_4.txt_段1_Material1,
OCC1OC(C(C(C1[*])O)O)OC2C(C(C(OC2CO)O[*])O)O,O=C(N1C(C([*])=O)CC(O)C1)CNC(C2CCCN2[*])=O,,,4.104,10.1007_s10570-017-1366-y_part_2.txt_段1_Material1,
[*]C(CCCCCO[*])=O,[*]C1C(C(C(OC1C(O[Na])=O)OC2C(C(O[Na])=O)OC(O[*])C(O)C2O)O)O,,,0.057,10.1016_j.reactfunctpolym.2018.09.016_part_1.txt_段1_Material1,
[*]NC(C(O)=O)CCC([*])=O,OCC1OC(C(C(C1O)O[*])O)OC2C(C(C(OC2COS(=O)(O)=O)[*])NC(C)=O)O,,,24.5,10.1016_j.ijbiomac.2019.10.020_part_5.txt_段1_Material1,
[*]OC1C(C(O)=O)OC(OC2C(NC(C)=O)C([*])OC(CO)C2O)C(O)C1O,O=C(N1C(C([*])=O)CC(O)C1)CNC(C2CCCN2[*])=O,,,0.0149,10.1007_s10439-016-1636-0_part_2.txt_段1_Material1,
[*]C1C(C(C(OC1C(O[Ca]OC2=O)=O)OC3C2OC(O[*])C(O)C3O)O)O,[*]O[C@H](C)CC([*])=O,,,0.7565999999999999,10.1016_j.seppur.2021.118761_part_2.txt_段1_Material3,
[*]C1C(C(C(OC1C(O[Ca]OC2=O)=O)OC3C2OC(O[*])C(O)C3O)O)O,O=C(C1=CC=C(C=C1)C(OCC[*])=O)O[*],,,0.6962999999999999,10.1016_j.seppur.2021.118761_part_2.txt_段1_Material1,
[*]C1C(C(C(OC1C(O[Ca]OC2=O)=O)OC3C2OC(O[*])C(O)C3O)O)O,[*]C(C)C[*],,,0.7746,10.1016_j.seppur.2021.118761_part_2.txt_段1_Material2,
[*]C([H])([H])C(O)([H])[*],[*]C1C(C(C(OC1C(O[Na])=O)OC2C(C(O[Na])=O)OC(O[*])C(O)C2O)O)O,,,3.14,10.1016_j.memsci.2014.01.034_part_2.txt_段1_Material1,
OCC1OC(C(C(C1[*])O)O)OC2C(C(C(OC2CO)O[*])O)O,[*]CC(C1=CC=CC=C1)[*],,,3.0286,10.1016_j.foodhyd.2021.106956_part_2.txt_段1_Material2,
[H]N(C(O[*])=O)CCCCCCN(C(OCCCCO[*])=O)[H],[*]OC(C(C1O)O)OC(COC)C1OC(OC(C(C2O)OC3OC(C(C(C3OC)O)OC4OC(C(C(C4OC)O)[*])COC)CO)COC)C2OCC(OC)C,,,1.668,10.1007_s12205-019-0086-2_part_2.txt_段1_Material1,
[*]OCC[*],OCC(C(C(C1N)O)O[*])OC1OC2C(OC(C(C2O)N)[*])CO,,,1.0,在小鼠皮肤伤口缺损模型中评估增强聚乙二醇壳聚糖水凝胶作为敷料的效果,
OCC(C(C(C1N)O)O[*])OC1OC2C(OC(C(C2O)N)[*])CO,[H]N(C([H])([H])C(N([H])C(C)([H])C(N(C([H])([H])C([*])=O)[H])=O)=O)C(C(N([*])[H])(C)[H])=O,,,8.0,合成、优化和细胞反应研究的天然基、热响应、可注射水凝胶：用于3D肝细胞封装和细胞治疗的态度.pdf,
[*]OC1C(C(C(OC1C)OC2C(C(OC(C2O)COC(C)=O)OC3C(C(C(OC3C(O)=O)OC4C(C(C(OC4CO)O[*])O)O)O)O)OC(C(O)CO)=O)O)O,OCC1OC(C(C(C1[*])O)O)OC2C(C(C(OC2CO)O[*])O)O,,,30.0,纳米纤维素增强结冷胶水凝胶作为环状纤维组织再生的潜在生物替代物.pdf,
OCC1OC(C(C(C1[*])O)O)OC2C(C(C(OC2CO)O[*])O)O,[*]C1C(OC(C(C1O)O)OC2C(OC(C(C2O)O)OC3C(OC(C(C3O)O)O[*])CO)CO)CO,,,5.9,茶渣和糖类添加剂制备和表征纤维素复合水凝胶.pdf,
[*]C1C(C(C(OC1C(O[Na])=O)OC2C(C(O[Na])=O)OC(O[*])C(O)C2O)O)O,[*]C1=C(C=CN2)C2=C([*])C(O)=C1O,,,0.8,"生物启发的无钙海藻酸盐水凝胶,具有可调节的物理和机械性能以及改进的生物相容性.pdf",
OCC(C(C(C1N)O)O[*])OC1OC2C(OC(C(C2O)N)[*])CO,[*]C(C(CCCC[NH3+])N[*])=O,,,18.0,通过 Michael 添加基于 PEG-马来酰亚胺修饰多肽的快速原位形成粘合水凝胶.pdf,
OCC1OC(C(C(C1O[*])O)O)[*],O=C(N1C(C([*])=O)CC(O)C1)CNC(C2CCCN2[*])=O,,,2.52,再生纤维素 胶原复合水凝胶膜的制备、表征与评价.pdf,
[*]OC1C(C(O)=O)OC(OC2C(NC(C)=O)C([*])OC(CO)C2O)C(O)C1O,[*]OCC[*],,,80.0,光聚合巯基-丙烯酸酯马来基化透明质酸 巯基封端聚乙二醇水凝胶作为潜在的原位可形成支架.pdf,
[*]C1C(C(C(OC1C(O[Na])=O)OC2C(C(O[Na])=O)OC(O[*])C(O)C2O)O)O,[*]C(CCCCCO[*])=O,,,4.2,"用于组织工程的基于硫酸藻酸盐的水凝胶 纳米纤维复合支架,具有受控的 Kartogenin 递送.pdf",
OCC(C(C(C1N)O)O[*])OC1OC2C(OC(C(C2O)N)[*])CO,O=C(N)C([*])C[*],,,4.9,壳聚糖丙烯酰胺复合水凝胶作为皮肤扩张剂的合成、表征及应用潜力.pdf,
OCC1OC(C(C(C1O)O[*])O)OC2C(C(C(OC2COS(=O)(O)=O)[*])NC(C)=O)O,OCC(C(C(C1N)O)O[*])OC1OC2C(OC(C(C2O)N)[*])CO,,,2.0,角蛋白-壳聚糖 n-ZnO纳米复合水凝胶用于烧伤创面的抗菌治疗：表征和生物医学应用.pdf,
[*]C1C(C(C(OC1C(O[Na])=O)OC2C(C(O[Na])=O)OC(O[*])C(O)C2O)O)O,[H]N(C([H])([H])C(N([H])C(C)([H])C(N(C([H])([H])C([*])=O)[H])=O)=O)C(C(N([*])[H])(C)[H])=O,,,9.8,生物相容性磷酸八钙海藻酸钠丝素蛋白复合骨再生支架.pdf,
OCC(C(C(C1N)O)O[*])OC1OC2C(OC(C(C2O)N)[*])CO,[*]NC(CCC([*])=O)C(O)=O,,,2.0,壳聚糖-γ-聚(谷氨酸)聚电解质复合水凝胶的抗菌活性和生物相容性.pdf,
OCC(C(C(C1N)O)O[*])OC1OC2C(OC(C(C2O)N)[*])CO,O=C(N1C(C([*])=O)CC(O)C1)CNC(C2CCCN2[*])=O,,,0.45,碳酸钙微胶囊和纳米羟基磷灰石对热敏化壳聚糖胶原水凝胶性能的影响,
[*]OCC[*],[*]OC1OC(CO)C(O)C(OC2OC(C(NC(CS)C(OC)=O)=O)C(OC[*])C(O)C2O)C1NC(C)=O,,,1.9,来自超支化PEG大分子单体的混合可注射水凝胶作为糖尿病伤口愈合的干细胞递送和保留平台,
OCC1OC(C(C(C1O)O[*])O)OC2C(C(C(OC2COS(=O)(O)=O)[*])NC(C)=O)O,[*]OC1C(C(O)=O)OC(OC2C(NC(C)=O)C([*])OC(CO)C2O)C(O)C1O,,,17.6,"负载雷奈酸锶的人发角蛋白透明质酸水凝胶具有抗炎和抗氧化特性,可加速伤口修复.pdf",
[*]OC1C(C(C(OC1C)OC2C(C(OC(C2O)COC(C)=O)OC3C(C(C(OC3C(O)=O)OC4C(C(C(OC4CO)O[*])O)O)O)O)OC(C(O)CO)=O)O)O,[*]OC1C(C(C(OC1C)OC2C(C(OC(C2O)COC(C)=O)OC3C(C(C(OC3C(O)=O)OC4C(C(C(OC4CO)O[*])O)O)O)O)OC(C(O)CO)=O)O)O,,,7.5,"改性 Gellan gum 水凝胶,具有可调的物理和机械性能.pdf",
[*]CC(C)(C(OCCO)=O)[*],OCC(C(C(C1N)O)O[*])OC1OC2C(OC(C(C2O)N)[*])CO,,,0.63,"具有双氯芬酸洗脱能力的低摩擦水凝胶,用于干眼治疗性隐形眼镜.pdf",
O=C(N)C([*])C[*],[*]C1C(C(C(OC1C(O[Na])=O)OC2C(C(O[Na])=O)OC(O[*])C(O)C2O)O)O,,,1.51,减少射频能量组织焊接中高导电性水凝胶实现的热损伤.pdf,
[*]C1C(C(C(OC1C(O[Na])=O)OC2C(C(O[Na])=O)OC(O[*])C(O)C2O)O)O,[H]N(C(O[*])=O)CCCCCCN(C(OCCCCO[*])=O)[H],,,5.45,"由海藻酸盐-聚氨酯的互穿网络组成的高吸收性水凝胶,用于生物医学应用.pdf",
OC(C(C1OC2OC(C(C(C2O)O)OC3OC(C(C(C3O)O)O)COC4OC(C(C(C4O)O)OC5OC(C(C(C5O)O)OC6OC(C(C(C6O)O[*])O)C)CO)CO)CO)O[*])COC1CO,[*]C(C(CCCCN[*])N)=O,,,9.0,基于两种天然产物普鲁兰多糖和ε-聚-l-赖氨酸的复合抗菌水凝胶用于烧伤伤口愈合.pdf,
[*]C([H])([H])C(O)([H])[*],OC1C(O[*])C(C(O[Ca]O2)=O)OC(OC3C(O)C(O)C(OC4C(C(O[Ca]O5)=O)OC(OC6C(O)C(O)C(OC7C(C(O[Ca]O8)=O)OC(OC9C(O)C(O)C([*])OC9C8=O)C(O)C7O)OC6C5=O)C(O)C4O)OC3C2=O)C1O,,,3.1,快速延伸的罗望子木葡萄糖PVA水凝胶与用于生物医学应用的互连大孔结构.pdf,
OC(COCC1OC(OC2C(COCC(O)=O)OC([*])C(O)C2O)C(O)C(O)C1O[*])=O,O=C(C(OC(C=O)OC1C(C(C(OC1C(O[Na])=O)O[*])O)O)C(C=O)[*])O[Na],,,30.0,"内含羟基磷灰石和碳酸钙的可注射多糖水凝胶,用于药物输送和骨组织工程.pdf",
[*]OCC[*],[*]OC1C(C(O)=O)OC(OC2C(NC(C)=O)C([*])OC(CO)C2O)C(O)C1O,,,1.1,Silver doped-silica nanoparticles reinforced poly (ethylene glycol) diacrylatehyaluronic acid hydrogel dressings for synergistically accelerating bacterial-infected wound healing.pdf,
[*]OCC[*],OCC1OC(C(C(C1[*])O)O)OC2C(C(C(OC2CO)O[*])O)O,,,17.47,Designer injectable matrices of photocrosslinkable carboxymethyl cellulose methacrylate based hydrogels as cell carriers for gel type autologous chondrocyte implantation (GACI).pdf,
C/C(C[*])=C/C[*],C/C(C[*])=C/C[*],,2.903089986991944,,10.1134_s0965545x13020119_part_1.txt_段1_Material1,800.0000000000011
C/C(C[*])=C/C[*],COC(C(C[*])([*])C)=O,,2.9542425094393248,,10.1177_0021998316689721_part_1.txt_段1_Material1,899.9999999999998
C/C(C[*])=C/C[*],O=C1CCCN1C([*])C[*],,3.322219294733919,,10.1088_1757-899x_801_1_012091_part_1.txt_段1_Material1,2099.999999999999
C/C(C[*])=C/C[*],[*]C(C)C[*],,5.954242509439325,,10.15282_ijame.8.2013.19.0107_OA_part_3.txt_段1_Material3,900000.0000000007
C/C(C[*])=C/C[*],[*]C([H])([H])C(O)([H])[*],,3.505149978319906,,10.5254_1.3673424_part_1.txt_段1_Material1,3199.999999999999
C/C(C[*])=C/C[*],[*]CC(C1=CC=C(C=C1)S(O)(=O)=O)[*],,3.397940008672037,,10.1063_5.0017936_part_1.txt_段1_Material1,2499.999999999997
C/C(C[*])=C/C[*],[*]CC([*])Cl,,3.832508912706236,,10.1002_app.38997_part_1.txt_段1_Material2,6799.999999999997
C/C(C[*])=C/C[*],[*]CC=CCCC(C#N)[*],,5.238046103128795,,10.1016_j.polymer.2018.10.012_part_3.txt_段1_Material1,172999.99999999985
C/C(C[*])=C/C[*],[*]CCCC(C1C([*])C2CC1C/C2=C/C)C,,3.505149978319906,,10.1080_1023666x.2015.1050905_part_2.txt_段1_Material1,3199.999999999999
C/C(C[*])=C/C[*],[*]CCCC([*])OC(C)=O,,6.041392685158225,,10.15282_ijame.8.2013.19.0107_OA_part_3.txt_段1_Material5,1100000.0000000007
C/C(C[*])=C/C[*],[*]CCN[*],,3.8813846567705728,,10.1007_s10118-016-1794-4_part_1.txt_段1_Material1,7609.999999999999
C/C(C[*])=C/C[*],[*]CC[*],,5.576341350205793,,10.1177_096739111602400913_part_1.txt_段1_Material1,376999.99999999977
CC(C=C([*])C=C1C)=C1O[*],[*]C(C)C[*],,6.707570176097937,,10.1515_epoly.2010.10.1.336_part_2.txt_段1_Material1,5100000.000000004
CC(CC(C(C(O1)=O)CC1=O)[*])C[*],CC(CC(C(C(O1)=O)CC1=O)[*])C[*],,6.107549129744687,,10.1016_j.compscitech.2015.01.001_part_1.txt_段1_Material1,1281000.0000000012
CC(CC(C(C(O1)=O)CC1=O)[*])C[*],O=C1C([*])C(CC[*])C(O1)=O,,4.193681029541281,,10.1007_s10924-018-1296-2_part_1.txt_段1_Material1,15619.999999999987
COC(C(C[*])([*])C)=O,COC(C(C[*])([*])C)=O,,6.2405492482826,,10.1002_adv.21749_part_2.txt_段1_Material1,1740000.0000000026
COC(C(C[*])([*])C)=O,C[Si](O[*])(C)[*],,5.278753600952829,,10.1039_c7sm00574a_part_2.txt_段1_Material1,190000.0
COC(C(C[*])([*])C)=O,O=C1CCCN1C([*])C[*],,6.313867220369153,,10.18280_rcma.330503_OA_part_2.txt_段1_Material1,2059999.9999999995
COC(C(C[*])([*])C)=O,[*]C([H])([H])C(O)([H])[*],,4.681241237375588,,10.56294_sctconf2024873_OA_part_2.txt_段1_Material1,48000.00000000005
COC(C(C[*])([*])C)=O,[*]CC(C#N)[*],,5.81504617606463,,10.1177_0021998311431995_part_1.txt_段1_Material1,653199.9999999994
COC(C(C[*])([*])C)=O,[*]CC(C)(C(OCCO)=O)[*],,3.204119982655925,,10.1002_pen.24931_part_2.txt_段1_Material1,1600.000000000001
COC(C(C[*])([*])C)=O,[*]CCN[*],,6.0,,10.1021_ie4043196_part_1.txt_段1_Material1,1000000.0
C[Si](C)(C[*])O[*],[*]CC(C#N)[*],,6.0,,10.1007_s10853-011-5965-y_part_1.txt_段1_Material1,1000000.0
C[Si](O[*])(C)[*],C[Si](C)(C[*])O[*],,3.146128035678238,,10.1002_admt.202000374_part_1.txt_段1_Material1,1400.0000000000005
C[Si](O[*])(C)[*],C[Si](O[*])(C)[*],,2.8750612633917,,10.1088_0960-1317_21_2_027002_part_1.txt_段1_Material1,750.0000000000001
C[Si](O[*])(C)[*],O=C1CCCN1C([*])C[*],,3.3138672203691533,,10.1002_pen.24240_part_1.txt_段1_Material4,2059.9999999999995
C[Si](O[*])(C)[*],[*]C(F)(C(F)([*])F)F,,2.6989700043360187,,10.1088_0960-1317_22_1_015013_part_1.txt_段1_Material1,500.0
C[Si](O[*])(C)[*],[*]C/C=C(C[*])\Cl,,3.2430380486862944,,10.1088_1361-665x_aa7a49_part_2.txt_段1_Material1,1750.0
C[Si](O[*])(C)[*],[*]C1=CC=C([*])N1,,2.6532125137753435,,10.1016_j.progpolymsci.2018.06.001_part_8.txt_段1_Material2,449.99999999999983
C[Si](O[*])(C)[*],[*]CC(C#N)[*],,2.1089031276673134,,10.1002_app.44780_part_2.txt_段1_Material1,128.5
C[Si](O[*])(C)[*],[*]CC(C1=CC=C(C=C1)S(=O)([O-])=O)[*],,3.7781512503836434,,10.1021_jp3071458_part_1.txt_段1_Material1,5999.999999999997
C[Si](O[*])(C)[*],[*]CC(C1=CC=C(C=C1)S(O)(=O)=O)[*],,3.3010299956639813,,10.22190_fume221205002k_OA_part_2.txt_段1_Material1,2000.0
C[Si](O[*])(C)[*],[*]CC1=CC=C(C(Cl)=C1)C[*],,4.431363764158987,,10.1016_j.jmbbm.2016.01.014_part_2.txt_段1_Material3,26999.99999999997
C[Si](O[*])(C)[*],[*]CCN[*],,4.431363764158987,,10.1016_j.jmbbm.2016.01.014_part_2.txt_段1_Material2,26999.99999999997
C[Si](O[*])(C)[*],[*]CC[*],,5.544068044350276,,10.1002_app.46192_part_2.txt_段1_Material1,350000.0
C[Si](O[*])(C)[*],[*]OCC[*],,2.740362689494244,,10.3390_polym12071520_part_2.txt_段1_Material1,550.0000000000003
O=C(N)C([*])C[*],O=C(N)C([*])C[*],,1.954242509439325,,10.1016_j.polymer.2019.02.012_part_3.txt_段1_Material1,90.00000000000003
O=C(N)C([*])C[*],O=C(O)C([*])C[*],,1.9549175537349588,,10.1016_j.nanoen.2019.01.032_part_1.txt_段1_Material1,90.14
O=C(N)C([*])C[*],[*]C([H])([H])C(O)([H])[*],,1.9268567089496924,,10.1002_mame.201900450_part_1.txt_段1_Material1,84.50000000000001
O=C(N)C([*])C[*],[*]C1=C(C=CN2)C2=C([*])C(O)=C1O,,2.8512583487190755,,10.1016_j.carbpol.2021.117894_part_2.txt_段1_Material1,710.0000000000003
O=C(N)C([*])C[*],[*]CC(C#N)[*],,1.380211241711606,,10.1021_acsami.9b05464_part_1.txt_段1_Material1,24.0
O=C(N)C([*])C[*],[*]OCC[*],,0.6334684555795865,,10.1080_09205063.2016.1230933_part_2.txt_段1_Material1,4.3
O=C(O)C([*])C[*],C[Si](O[*])(C)[*],,5.445604203273597,,10.1016_j.porgcoat.2016.10.009_part_3.txt_段1_Material1,278999.9999999999
O=C(O)C([*])C[*],O=C(N)C([*])C[*],,1.7781512503836436,,10.1016_j.carbpol.2018.06.047_part_2.txt_段1_Material1,60.0
O=C(O)C([*])C[*],[*]CC(C)(C(OCCO)=O)[*],,4.101747073946366,,10.1055_s-0040-1717051_part_1.txt_段1_Material1,12639.999999999993
O=C([*])C(C)O[*],COC(C(C[*])([*])C)=O,,6.531478917042255,,10.1002_app.43935_part_2.txt_段1_Material4,3400000.000000002
O=C([*])C(C)O[*],C[Si](C)(C[*])O[*],,6.266114049531676,,10.1038_s41428-024-00971-0_OA_part_2.txt_段1_Material1,1845499.9999999984
O=C([*])C(C)O[*],O=C(N)C([*])C[*],,2.0791812460476247,,10.3390_polym10040403_part_2.txt_段1_Material1,119.99999999999996
O=C([*])C(C)O[*],O=C([*])C(C)O[*],,6.137926673293154,,10.1002_pc.25284_part_2.txt_段1_Material1,1373810.0
O=C([*])C(C)O[*],O=C1C([*])C(CC[*])C(O1)=O,,4.342422680822207,,10.1002_vnl.21710_part_1.txt_段1_Material1,22000.00000000002
O=C([*])C(C)O[*],OCC1OC(C(C(C1O[*])O)O)[*],,6.371067862271736,,10.1177_0892705711425846_part_2.txt_段1_Material2,2349999.9999999977
O=C([*])C(C)O[*],[*]C(C(O[*])C)=O,,6.230448921378274,,10.1002_mame.202000805_part_2.txt_段1_Material1,1700000.0000000007
O=C([*])C(C)O[*],[*]C(C)C(OCC(O[*])=O)=O,,6.361727836017593,,10.1016_j.polymdegradstab.2019.109018_part_2.txt_段1_Material3,2300000.000000001
O=C([*])C(C)O[*],[*]C(C)C[*],,5.089905111439398,,10.1007_s10924-011-0382-5_part_1.txt_段1_Material1,123000.00000000004
O=C([*])C(C)O[*],[*]C(OCCCO[*])=O,,4.453624073591451,,10.4028_www.scientific.net_amr.884-885.481_part_1.txt_段1_Material1,28419.999999999985
O=C([*])C(C)O[*],[*]C([C@H](C)OC([C@H](C)O[*])=O)=O,,6.086359830674748,,10.1007_s00289-019-02862-4_part_3.txt_段1_Material3,1220000.0000000005
O=C([*])C(C)O[*],[*]C([H])([H])C(O)([H])[*],,6.319314304090512,,10.3390_polym11081314_part_2.txt_段1_Material1,2086000.0000000007
O=C([*])C(C)O[*],[*]C/C=C(C[*])\Cl,,5.187520720836463,,10.1002_pat.4274_part_1.txt_段1_Material1,153999.99999999985
O=C([*])C(C)O[*],[*]C/C=C/C[*],,5.528916700277655,,10.1021_ma401508b_part_2.txt_段1_Material2,338000.0000000003
O=C([*])C(C)O[*],[*]C1=C2C(OCCO2)=C([*])S1,,6.568201724066995,,10.1002_adem.202100002_part_1.txt_段1_Material1,3700000.0
O=C([*])C(C)O[*],[*]CC(C#N)[*],,6.477121254719663,,10.1016_j.addr.2016.04.003_part_3.txt_段1_Material2,3000000.000000001
O=C([*])C(C)O[*],[*]CC(C(OCC)=O)[*],,5.3979400086720375,,10.1002_app.36842_part_1.txt_段1_Material3,250000.0
O=C([*])C(C)O[*],[*]CC(OC(O[*])=O)C,,5.71717102683231,,10.1002_app.46009_part_3.txt_段1_Material1,521400.00000000006
O=C([*])C(C)O[*],[*]CC=CCCC(C#N)[*],,6.049218022670182,,10.1177_0095244320958108_part_2.txt_段1_Material1,1120000.000000001
O=C([*])C(C)O[*],[*]CCC1C([*])C2CCC1C2,,6.489958479424835,,10.1177_0892705712475008_part_2.txt_段1_Material1,3090000.0
O=C([*])C(C)O[*],[*]CCCC([*])C(OC)=O,,6.3560258571931225,,10.1002_app.44677_part_2.txt_段1_Material1,2269999.999999999
O=C([*])C(C)O[*],[*]CCCC([*])OC(C)=O,,6.182671386675478,,10.1016_j.polymertesting.2020.106735_part_2.txt_段1_Material2,1522899.999999999
O=C([*])C(C)O[*],[*]CCN[*],,6.5910646070265,,10.1080_03602559.2014.909477_part_2.txt_段1_Material1,3900000.000000011
O=C([*])C(C)O[*],[*]CC[*],,6.32221929473392,,10.4028_www.scientific.net_amm.754-755.54_part_1.txt_段1_Material1,2100000.0000000056
O=C([*])C(C)O[*],[*]NC(C(O)=O)CCC([*])=O,,6.278753600952829,,10.1039_d0gc01394c_part_3.txt_段1_Material2,1899999.9999999995
O=C([*])C(C)O[*],[*]OC(CC(OC(CC([*])=O)CC)=O)C,,6.399154333958217,,10.3144_expresspolymlett.2018.10_part_2.txt_段1_Material1,2507000.000000002
O=C([*])C(C)O[*],[*]OCC[*],,6.073105874968971,,10.3390_polym12020427_part_3.txt_段1_Material1,1183330.0000000005
O=C([*])C(C)O[*],[*]O[C@H](C)CC([*])=O,,6.474755154291798,,10.5552_drind.2018.1737_part_1.txt_段1_Material1,2983699.9999999977
O=C1CCCN1C([*])C[*],C[Si](O[*])(C)[*],,3.397940008672037,,10.1016_j.porgcoat.2020.105975_part_1.txt_段1_Material1,2499.999999999997
O=C1CCCN1C([*])C[*],[*]CC(C1=CC=C(C=C1)S(O)(=O)=O)[*],,5.752048447819439,,10.1039_c8tc02360c_part_2.txt_段1_Material2,565000.0000000002
O=C1CCCN1C([*])C[*],[*]OCC[*],,5.698970004336019,,10.1002_polb.23065_part_3.txt_段1_Material1,500000.0
OCC1OC(C(C(C1O[*])O)O)[*],C/C(C[*])=C/C[*],,6.350248018334163,,10.1016_j.matlet.2013.08.109_part_1.txt_段1_Material1,2240000.000000002
OCC1OC(C(C(C1O[*])O)O)[*],[*]C(CCCCCO[*])=O,,4.176091259055681,,10.4028_www.scientific.net_kem.659.19_part_1.txt_段1_Material1,15000.000000000004
[*]C(C(OC(CO[*])=O)C)=O,[*]OCC[*],,5.7160033436348,,10.1002_pat.1780_part_2.txt_段1_Material1,520000.0000000014
[*]C(C(O[*])C)=O,[*]C(C)C(OCC(O[*])=O)=O,,6.146128035678238,,10.1080_03602551003681846_part_1.txt_段1_Material3,1400000.0000000005
[*]C(C(O[*])C)=O,[*]OCC[*],,5.447158031342219,,10.1166_jnn.2017.12717_part_1.txt_段1_Material1,280000.0000000001
[*]C(C)C[*],C/C(C[*])=C/C[*],,6.079181246047625,,10.1088_1757-899x_957_1_012020_part_1.txt_段1_Material1,1200000.0000000007
[*]C(C)C[*],CC(CC(C(C(O1)=O)CC1=O)[*])C[*],,5.444825199509748,,10.1177_0021998311413686_part_1.txt_段1_Material1,278500.00000000023
[*]C(C)C[*],O=C(O)C([*])C[*],,6.079181246047625,,10.1002_app.46597_part_1.txt_段1_Material1,1200000.0000000007
[*]C(C)C[*],O=C([*])C(C)O[*],,6.544068044350276,,10.1016_j.compositesa.2015.03.029_part_2.txt_段1_Material1,3500000.0000000005
[*]C(C)C[*],[*]C(C)C[*],,6.193124598354461,,10.3390_ma9050314_part_1.txt_段1_Material1,1559999.9999999984
[*]C(C)C[*],[*]C/C=C/C[*],,7.498310553789601,,10.1515_secm.2011.011_part_1.txt_段1_Material4,31500000.000000022
[*]C(C)C[*],[*]C1=C(C=CN2)C2=C([*])C(O)=C1O,,6.357934847000454,,10.1016_j.matdes.2020.109004_part_2.txt_段1_Material1,2280000.000000001
[*]C(C)C[*],[*]CC(C#N)[*],,7.4954055631461936,,10.1002_app.32936_part_2.txt_段1_Material1,31290000.00000002
[*]C(C)C[*],[*]CC(C1=CC=C(C=C1)S(O)(=O)=O)[*],,6.096910013008056,,10.1016_j.eurpolymj.2009.07.019_part_1.txt_段1_Material3,1249999.9999999995
[*]C(C)C[*],[*]CC(OC(O[*])=O)C,,6.079181246047625,,10.1002_app.45266_part_2.txt_段1_Material1,1200000.0000000007
[*]C(C)C[*],[*]CC([*])CC,,5.663700925389648,,10.1088_1757-899x_490_2_022037_part_2.txt_段1_Material1,460999.9999999998
[*]C(C)C[*],[*]CC=CCCC(C#N)[*],,6.004321373782642,,10.1177_0307174x1704400603_part_1.txt_段1_Material1,1009999.9999999992
[*]C(C)C[*],[*]CCCC(C1C([*])C2CC1C/C2=C/C)C,,5.5301996982030825,,10.3139_217.3286_part_2.txt_段1_Material1,339000.0000000003
[*]C(C)C[*],[*]CCCC([*])OC(C)=O,,4.711807229041191,,10.1002_pc.23159_part_1.txt_段1_Material1,51499.99999999997
[*]C(C)C[*],[*]CCN[*],,6.188647295999718,,10.1016_j.compstruct.2018.01.090_part_2.txt_段1_Material1,1544000.000000001
[*]C(C)C[*],[*]CC[*],,6.0,,10.1007_s10965-013-0303-5_part_2.txt_段1_Material1,1000000.0
[*]C(C)C[*],[*]OC(CC(OC(CC([*])=O)CC)=O)C,,5.77451696572855,,10.1002_app.37957_part_1.txt_段1_Material1,595000.0000000003
[*]C(C)C[*],[*]OCC[*],,6.0,,10.1002_macp.201300355_part_2.txt_段1_Material1,1000000.0
[*]C(C=C1)=CC=C1S[*],[*]C(C=C1)=CC=C1S[*],,6.556302500767287,,10.1002_app.41986_part_2.txt_段1_Material2,3599999.9999999963
[*]C(C=C1)=CC=C1S[*],[*]OCC[*],,5.230448921378274,,10.1016_j.memsci.2017.02.040_part_2.txt_段1_Material1,170000.00000000006
[*]C(CCCCCO[*])=O,[*]C1=C(C=CN2)C2=C([*])C(O)=C1O,,4.017033339298781,,10.1038_s41598-019-39457-y_part_2.txt_段1_Material1,10400.00000000001
[*]C(CCCCCO[*])=O,[*]CC(C1=CC=C(C=C1)S(=O)([O-])=O)[*],,5.477121254719663,,10.1002_mame.201700463_part_1.txt_段1_Material1,300000.0000000001
[*]C(F)(C(F)([*])F)F,COC(C(C[*])([*])C)=O,,5.477121254719663,,10.1016_j.apsusc.2018.12.229_part_1.txt_段1_Material1,300000.0000000001
[*]C([C@H](C)OC([C@H](C)O[*])=O)=O,CC(CO[*])[*],,5.331589240955137,,10.1002_app.45299_part_1.txt_段1_Material1,214580.0
[*]C([C@H](C)OC([C@H](C)O[*])=O)=O,C[Si](O[*])(C)[*],,5.176091259055681,,10.1002_app.40211_part_1.txt_段1_Material1,150000.00000000003
[*]C([C@H](C)OC([C@H](C)O[*])=O)=O,[*]C(C(O[*])C)=O,,6.419129307741976,,10.1007_s00289-015-1595-x_part_3.txt_段1_Material1,2625000.0000000005
[*]C([C@H](C)OC([C@H](C)O[*])=O)=O,[*]C(C=C1)=CC=C1S[*],,6.505149978319906,,10.1002_pol.20190192_part_2.txt_段1_Material1,3200000.0000000023
[*]C([C@H](C)OC([C@H](C)O[*])=O)=O,[*]C([C@H](C)OC([C@H](C)O[*])=O)=O,,6.382017042574868,,10.1002_pen.24345_part_2.txt_段1_Material1,2410000.0
[*]C([C@H](C)OC([C@H](C)O[*])=O)=O,[*]C([H])([H])C(O)([H])[*],,6.366982975977851,,10.1016_j.coco.2020.100564_part_1.txt_段1_Material1,2327999.999999999
[*]C([C@H](C)OC([C@H](C)O[*])=O)=O,[*]CC(C(OCC)=O)[*],,5.924279286061882,,10.1016_j.eurpolymj.2014.11.007_part_2.txt_段1_Material1,840000.0000000007
[*]C([C@H](C)OC([C@H](C)O[*])=O)=O,[*]CCCC([*])OC(C)=O,,6.0,,10.1016_j.compositesb.2016.09.082_part_1.txt_段1_Material1,1000000.0
[*]C([C@H](C)OC([C@H](C)O[*])=O)=O,[*]CC[*],,6.12057393120585,,10.1080_03602559.2015.1098698_part_16.txt_段1_Material3,1319999.999999999
[*]C([C@H](C)OC([C@H](C)O[*])=O)=O,[*]NC(C(O)=O)CCC([*])=O,,7.0178677189635055,,10.1016_j.actbio.2016.12.038_part_3.txt_段1_Material1,10419999.999999994
[*]C([C@H](C)OC([C@H](C)O[*])=O)=O,[*]OCC[*],,5.934498451243568,,10.1002_app.44187_part_2.txt_段1_Material3,860000.0000000013
[*]C([H])([H])C(O)([H])[*],C[Si](C)(C[*])O[*],,6.3979400086720375,,10.1016_j.compscitech.2018.06.007_part_1.txt_段1_Material1,2499999.9999999995
[*]C([H])([H])C(O)([H])[*],C[Si](O[*])(C)[*],,3.9242792860618816,,10.1016_j.compscitech.2018.06.007_part_2.txt_段1_Material1,8399.999999999998
[*]C([H])([H])C(O)([H])[*],O=C(O)C([*])C[*],,3.42845877351558,,10.1080_09205063.2019.1706148_part_3.txt_段1_Material1,2681.9999999999995
[*]C([H])([H])C(O)([H])[*],O=C([*])C(C)O[*],,6.4623979978989565,,10.1016_j.carbpol.2014.07.032_part_2.txt_段1_Material3,2900000.000000003
[*]C([H])([H])C(O)([H])[*],O=C1CCCN1C([*])C[*],,5.847276448275631,,10.1080_1539445x.2018.1546191_part_4.txt_段1_Material1,703519.9999999995
[*]C([H])([H])C(O)([H])[*],OCC1OC(C(C(C1O[*])O)O)[*],,5.041392685158225,,10.3390_pr8091149_part_2.txt_段1_Material2,110000.00000000007
[*]C([H])([H])C(O)([H])[*],[*]C(C)C[*],,7.602059991327962,,10.1007_s11771-018-3716-9_part_1.txt_段1_Material1,39999999.999999925
[*]C([H])([H])C(O)([H])[*],[*]C([H])([H])C(O)([H])[*],,4.661812685537261,,10.1016_j.ijadhadh.2019.102539_part_1.txt_段1_Material1,45899.99999999998
[*]C([H])([H])C(O)([H])[*],[*]C1=C(C=CN2)C2=C([*])C(O)=C1O,,6.939519252618618,,10.1007_s10570-017-1387-6_part_3.txt_段1_Material1,8699999.999999994
[*]C([H])([H])C(O)([H])[*],[*]CC(C#N)[*],,6.0,,10.1088_0964-1726_23_7_075016_part_3.txt_段1_Material1,1000000.0
[*]C([H])([H])C(O)([H])[*],[*]CC(C1=CC=C(C=C1)S(O)(=O)=O)[*],,5.648360010980932,,10.1007_s11664-019-07676-8_part_3.txt_段1_Material1,445000.0000000004
[*]C([H])([H])C(O)([H])[*],[*]CCN[*],,5.050147658020303,,10.1039_c5ra11662g_part_2.txt_段1_Material3,112239.9999999999
[*]C([H])([H])C(O)([H])[*],[*]OCC[*],,5.826074802700826,,10.1109_jsen.2020.3027672_part_1.txt_段1_Material1,669999.9999999993
[*]C([H])([H])C(O)([H])[*],[*]O[C@H](C)CC([*])=O,,5.021189299069938,,10.1515_polyeng-2014-0202_part_1.txt_段1_Material1,105000.00000000004
[*]C1=C(C(C[*])=CC=C1)O,COC(C(C[*])([*])C)=O,,6.079181246047625,,10.1557_jmr.2015.331_part_2.txt_段1_Material1,1200000.0000000007
[*]C1=C(C(C[*])=CC=C1)O,O=C(N)C([*])C[*],,3.103803720955957,,10.1016_j.agwat.2019.05.020_part_2.txt_段1_Material3,1269.9999999999998
[*]C1=C(C=CN2)C2=C([*])C(O)=C1O,C[Si](C)(C[*])O[*],,7.08278537031645,,10.1177_0954008309358469_part_3.txt_段1_Material1,12099999.999999993
[*]C1=C(C=CN2)C2=C([*])C(O)=C1O,[*]C(F)(C(F)([*])F)F,,6.133538908370218,,10.1080_10402004.2019.1641645_part_2.txt_段1_Material1,1360000.0000000012
[*]C1=C(C=CN2)C2=C([*])C(O)=C1O,[*]C1=C(C=CN2)C2=C([*])C(O)=C1O,,7.57978359661681,,10.1016_j.polymer.2015.08.053_part_4.txt_段1_Material1,38000000.0
[*]C1=C(C=CN2)C2=C([*])C(O)=C1O,[*]OCC[*],,5.27415784926368,,10.1039_c9tb02769f_part_6.txt_段1_Material1,187999.99999999988
[*]C1=C2C(OCCO2)=C([*])S1,[*]CC(C1=CC=C(C=C1)S(=O)([O-])=O)[*],,5.826074802700826,,10.1016_j.polymer.2019.06.002_part_3.txt_段1_Material1,669999.9999999993
[*]CC(C#N)[*],COC(C(C[*])([*])C)=O,,7.332438459915605,,10.1021_acsanm.0c00364_part_1.txt_段1_Material1,21499999.99999998
[*]CC(C#N)[*],C[Si](O[*])(C)[*],,3.096910013008056,,10.1039_c8sm01271g_part_4.txt_段1_Material1,1249.9999999999982
[*]CC(C#N)[*],[*]C(C)C[*],,7.4271224218663345,,10.1088_1755-1315_330_2_022122_part_1.txt_段1_Material1,26737600.00000001
[*]CC(C#N)[*],[*]C([H])([H])C(O)([H])[*],,5.0,,10.1088_0964-1726_23_7_075016_part_1.txt_段1_Material3,100000.0
[*]CC(C#N)[*],[*]C1=C(C=CN2)C2=C([*])C(O)=C1O,,7.860936620700094,,10.1016_j.compscitech.2017.05.029_part_2.txt_段1_Material1,72600000.0
[*]CC(C#N)[*],[*]CC(C#N)[*],,5.174931593528442,,10.1038_s41467-019-09218-6_part_1.txt_段1_Material1,149599.9999999999
[*]CC(C#N)[*],[*]CCN[*],,6.021189299069938,,10.1021_acs.iecr.5b01236_part_2.txt_段1_Material5,1050000.0000000005
[*]CC(C#N)[*],[*]OCC[*],,5.346352974450639,,10.1021_acsami.6b00359_part_3.txt_段1_Material2,222000.0000000001
[*]CC(C)(C(OCCO)=O)[*],O=C(N)C([*])C[*],,3.0791812460476247,,10.1590_0104-1428.2097_part_1.txt_段1_Material1,1199.9999999999995
[*]CC(C)(C(OCCO)=O)[*],[*]C([C@H](C)OC([C@H](C)O[*])=O)=O,,3.556302500767288,,10.1016_j.eurpolymj.2016.10.023_part_3.txt_段1_Material1,3600.000000000008
[*]CC(C)(C(OCCO)=O)[*],[*]CC(C)(C(OCCO)=O)[*],,2.9912260756924947,,10.1016_j.eurpolymj.2018.02.035_part_1.txt_段1_Material2,979.9999999999995
[*]CC(C1=CC=C(C=C1)S(O)(=O)=O)[*],[*]C(C)C[*],,6.004321373782642,,10.1016_j.memsci.2010.06.031_part_1.txt_段1_Material1,1009999.9999999992
[*]CC(C1=CC=C(C=C1)S(O)(=O)=O)[*],[*]C([H])([H])C(O)([H])[*],,6.176091259055681,,10.1002_admt.201600056_part_2.txt_段1_Material1,1500000.0000000005
[*]CC(C1=CC=CC=C1)[*],[*]C1=C(C=CN2)C2=C([*])C(O)=C1O,,5.738066714777469,,10.1002_app.47740_part_2.txt_段1_Material1,547099.9999999998
[*]CC(OC(O[*])=O)C,[*]C(C)C[*],,5.742725131304698,,10.1177_1558925019849714_part_2.txt_段1_Material1,552999.9999999995
[*]CC(OC(O[*])=O)C,[*]C(C=C1)=CC=C1S[*],,4.845098040014257,,10.1007_s10118-014-1466-1_part_2.txt_段1_Material1,70000.00000000001
[*]CC(OC(O[*])=O)C,[*]C([C@H](C)OC([C@H](C)O[*])=O)=O,,5.857030798272624,,10.1007_s10853-021-05830-4_part_2.txt_段1_Material3,719499.9999999999
[*]CC(OC(O[*])=O)C,[*]C([H])([H])C(O)([H])[*],,6.078094150406411,,10.1002_pi.6235_part_2.txt_段1_Material4,1197000.000000001
[*]CC(OC(O[*])=O)C,[*]C1=C(C=CN2)C2=C([*])C(O)=C1O,,6.382233234970556,,10.1007_s10118-014-1518-6_part_2.txt_段1_Material1,2411199.9999999977
[*]CC(OC(O[*])=O)C,[*]CCCC([*])OC(C)=O,,5.963787827345556,,10.1007_s00289-015-1310-y_part_1.txt_段1_Material1,920000.0000000006
[*]CC([*])Cl,C/C(C[*])=C/C[*],,3.3010299956639813,,10.1016_j.proche.2016.03.105_part_1.txt_段1_Material1,2000.0
[*]CC([*])Cl,COC(C(C[*])([*])C)=O,,6.392978186542541,,10.1080_10739149.2016.1164713_part_2.txt_段1_Material1,2471600.000000001
[*]CC([*])Cl,O=C([*])C(C)O[*],,6.463445031770428,,10.1002_pen.21867_part_1.txt_段1_Material3,2907000.000000003
[*]CC([*])Cl,O=C1CCCN1C([*])C[*],,6.544068044350276,,10.1016_j.memsci.2020.118947_part_1.txt_段1_Material1,3500000.0000000005
[*]CC([*])Cl,[*]C(C)C[*],,6.152288344383057,,10.1080_00914037.2010.531822_part_2.txt_段1_Material1,1420000.0000000007
[*]CC([*])Cl,[*]C([H])([H])C(O)([H])[*],,6.544068044350276,,10.1016_j.coco.2016.06.001_part_1.txt_段1_Material1,3500000.0000000005
[*]CC([*])Cl,[*]CC(OC(O[*])=O)C,,5.02938377768521,,10.1021_acs.macromol.1c00659_part_2.txt_段1_Material1,107000.0
[*]CC([*])Cl,[*]CCCC([*])OC(C)=O,,6.176091259055681,,10.1016_j.compositesa.2014.03.023_part_1.txt_段1_Material1,1500000.0000000005
[*]CC([*])Cl,[*]OCC[*],,5.787318756624548,,10.4028_www.scientific.net_amm.679.128_part_1.txt_段1_Material1,612800.0000000005
[*]CC=CCCC(C#N)[*],C/C(C[*])=C/C[*],,3.404833716619938,,10.1155_2013_798232_part_2.txt_段1_Material1,2540.0
[*]CC=CCCC(C#N)[*],[*]C(C)C[*],,4.968482948553935,,10.1177_0307174x1304000811_part_1.txt_段1_Material1,92999.99999999993
[*]CC=CCCC(C#N)[*],[*]CC([*])Cl,,6.146128035678238,,10.1007_s10973-019-09194-5_part_1.txt_段1_Material1,1400000.0000000005
[*]CC=CCCC(C#N)[*],[*]CC=CCCC(C#N)[*],,4.008600171761918,,10.1515_polyeng-2016-0375_part_1.txt_段1_Material1,10200.00000000001
[*]CC=CCCC(C#N)[*],[*]CCCC([*])OC(C)=O,,4.089905111439398,,10.1002_pc.26049_part_1.txt_段1_Material1,12300.000000000004
[*]CCC1C([*])C2CCC1C2,[*]CCCC([*])OC(C)=O,,7.05865374157237,,10.1002_vnl.21419_part_2.txt_段1_Material1,11446000.0
[*]CCCC(C1C([*])C2CC1C/C2=C/C)C,[*]CC=CCCC(C#N)[*],,3.431363764158988,,10.1016_j.polymertesting.2020.106608_part_1.txt_段1_Material1,2700.000000000003
[*]CCCC([*])C(OC)=O,[*]CC=CCCC(C#N)[*],,6.176091259055681,,10.1515_chem-2017-0047_part_2.txt_段1_Material1,1500000.0000000005
[*]CCCC([*])OC(C)=O,C[Si](O[*])(C)[*],,3.3010299956639813,,10.1007_s13233-018-6134-9_part_1.txt_段1_Material2,2000.0
[*]CCCC([*])OC(C)=O,[*]CC=CCCC(C#N)[*],,5.041392685158225,,10.1016_j.polymer.2020.122212_part_1.txt_段1_Material1,110000.00000000007
[*]CCCC([*])OC(C)=O,[*]CCCC([*])OC(C)=O,,4.41161970596323,,10.3390_polym11061055_part_3.txt_段1_Material1,25800.0
[*]CCCC([*])OC(C)=O,[*]CC[*],,5.17897694729317,,10.1016_j.polymertesting.2017.08.028_part_3.txt_段1_Material1,151000.0000000001
[*]CCN[*],O=C(O)C([*])C[*],,5.271841606536499,,10.1021_acs.macromol.5b00797_part_1.txt_段1_Material1,186999.99999999985
[*]CCN[*],O=C([*])C(C)O[*],,5.365487984890899,,10.1016_j.wasman.2018.02.045_part_2.txt_段1_Material1,231999.99999999985
[*]CCN[*],O=C1C([*])C(CC[*])C(O1)=O,,6.377563035549853,,10.1016_j.polymertesting.2016.12.026_part_1.txt_段1_Material1,2385410.0
[*]CCN[*],[*]C(C)C[*],,4.698970004336019,,10.1016_j.matdes.2009.07.031_part_2.txt_段1_Material1,49999.99999999999
[*]CCN[*],[*]C([H])([H])C(O)([H])[*],,7.602059991327962,,10.1016_j.conbuildmat.2018.05.163_part_1.txt_段1_Material1,39999999.999999925
[*]CCN[*],[*]CC([*])CC,,5.622214022966295,,10.1155_2014_654260_part_2.txt_段1_Material1,418999.9999999998
[*]CCN[*],[*]CC([*])Cl,,6.201397124320452,,10.1515_polyeng-2012-0004_part_1.txt_段1_Material1,1590000.000000001
[*]CCN[*],[*]CC=CCCC(C#N)[*],,6.176091259055681,,10.1016_j.arabjc.2012.04.007_part_1.txt_段1_Material1,1500000.0000000005
[*]CCN[*],[*]CCCC([*])OC(C)=O,,6.079181246047625,,10.1002_app.49401_part_1.txt_段1_Material1,1200000.0000000007
[*]CCN[*],[*]CCN[*],,6.2405492482826,,10.1021_am201752d_part_1.txt_段1_Material1,1740000.0000000026
[*]CCN[*],[*]CC[*],,5.891147030448771,,10.1016_j.compositesb.2018.07.049_part_2.txt_段1_Material1,778299.9999999995
[*]CCN[*],[*]OC(CC(OC(CC([*])=O)CC)=O)C,,5.931966114728173,,10.1002_app.37957_part_1.txt_段1_Material2,855000.0000000003
[*]CCN[*],[*]OCC[*],,5.146778989307833,,10.3390_molecules26082143_part_6.txt_段1_Material1,140210.0000000001
[*]CC[*],C/C(C[*])=C/C[*],,5.021189299069938,,10.1016_j.polymertesting.2011.06.006_part_2.txt_段1_Material1,105000.00000000004
[*]CC[*],C[Si](C)(C[*])O[*],,6.008600171761918,,10.1016_j.eurpolymj.2019.06.016_part_2.txt_段1_Material1,1020000.0000000008
[*]CC[*],O=C(O)C([*])C[*],,5.2552725051033065,,10.1088_1757-899x_11_1_012001_part_1.txt_段1_Material1,180000.00000000015
[*]CC[*],O=C([*])C(C)O[*],,6.041392685158225,,10.1134_s0965545x16010077_part_1.txt_段1_Material1,1100000.0000000007
[*]CC[*],O=C1C([*])C(CC[*])C(O1)=O,,6.2455126678141495,,10.1177_0892705720962170_part_1.txt_段1_Material1,1759999.9999999986
[*]CC[*],[*]C(C)C[*],,6.441176499941076,,10.1080_09593330.2021.1946162_part_2.txt_段1_Material1,2761699.999999999
[*]CC[*],[*]C([H])([H])C(O)([H])[*],,4.6020599913279625,,10.4028_www.scientific.net_amr.1133.156_part_1.txt_段1_Material1,40000.00000000001
[*]CC[*],[*]C1=NC2=CC3=C(C=C2O1)OC(C4=CC=C(C=C4)[*])=N3,,6.100752969451338,,10.1002_app.47812_part_2.txt_段1_Material1,1261109.9999999993
[*]CC[*],[*]CC(C#N)[*],,5.051923916046107,,10.1002_app.32971_part_1.txt_段1_Material1,112700.0000000001
[*]CC[*],[*]CC(C(CCC)=O)([*])C,,5.756636108245848,,10.1016_j.clay.2017.06.035_part_2.txt_段1_Material1,571000.0000000001
[*]CC[*],[*]CC(C1=CC=C(C=C1)S(O)(=O)=O)[*],,6.0,,10.1080_03602559.2013.820758_part_1.txt_段1_Material1,1000000.0
[*]CC[*],[*]CC([*])Cl,,5.862727528317975,,10.3139_217.2489_part_1.txt_段1_Material1,729000.0000000001
[*]CC[*],[*]CC=CCCC(C#N)[*],,5.079181246047625,,10.1080_03602559.2014.974191_part_2.txt_段1_Material1,120000.00000000007
[*]CC[*],[*]CCC1C([*])C2CCC1C2,,6.079181246047625,,10.4236_ojcm.2022.123007_OA_part_1.txt_段1_Material1,1200000.0000000007
[*]CC[*],[*]CCCC(C1C([*])C2CC1C/C2=C/C)C,,5.121559844187501,,10.1177_0095244310379175_part_3.txt_段1_Material4,132299.99999999994
[*]CC[*],[*]CCCC([*])OC(C)=O,,6.218272853571447,,10.1515_polyeng-2014-0213_part_1.txt_段1_Material1,1652999.9999999986
[*]CC[*],[*]CCN[*],,6.924279286061882,,10.1002_mame.202000252_part_1.txt_段1_Material1,8400000.000000007
[*]CC[*],[*]CC[*],,6.134495855834674,,10.1002_app.45755_part_1.txt_段1_Material2,1363000.0000000002
[*]CC[*],[*]OCC[*],,5.518513939877887,,10.5755_j01.ms.23.2.15074_part_1.txt_段1_Material1,329999.9999999997
[*]CC[*],[*]O[C@H](C)CC([*])=O,,5.899820502427096,,10.3389_fmats.2020.00031_part_2.txt_段1_Material1,794000.0000000003
[*]NC(C(O)=O)CCC([*])=O,[*]CC(C1=CC=C(C=C1)S(=O)([O-])=O)[*],,5.845098040014257,,10.1021_ma201974g_part_1.txt_段1_Material1,700000.0000000001
[*]OC(CC(OC(CC([*])=O)CC)=O)C,O=C([*])C(C)O[*],,6.230448921378274,,10.1002_mame.201100053_part_1.txt_段1_Material1,1700000.0000000007
[*]OC(CC(OC(CC([*])=O)CC)=O)C,[*]C(C)C(OCC(O[*])=O)=O,,4.346744054604849,,10.1088_2053-1591_ab0eaa_part_5.txt_段1_Material2,22220.0
[*]OC(CC(OC(CC([*])=O)CC)=O)C,[*]C([H])([H])C(O)([H])[*],,6.1702617153949575,,10.1080_25740881.2021.1918162_part_3.txt_段1_Material1,1480000.0000000005
[*]OC(CC(OC(CC([*])=O)CC)=O)C,[*]CCCC([*])OC(C)=O,,6.358886204405869,,10.1016_j.polymertesting.2020.106615_part_1.txt_段1_Material1,2285000.0000000005
[*]OC(CC(OC(CC([*])=O)CC)=O)C,[*]OCC[*],,4.314288660947498,,10.1039_c6py01131d_part_2.txt_段1_Material1,20620.00000000001
[*]OC1=C(C([*])=CC=C1C)C,[*]C(C)C[*],,6.913813852383717,,10.1016_j.polymer.2018.05.075_part_2.txt_段1_Material2,8200000.0
[*]OC1=C(C([*])=CC=C1C)C,[*]CC(C1=CC=C(C=C1)S(O)(=O)=O)[*],,5.433321711630784,,10.1016_j.ijhydene.2021.03.173_part_2.txt_段1_Material1,271219.99999999994
[*]OCCCCOC(CCC([*])=O)=O,[*]C1=C(C=CN2)C2=C([*])C(O)=C1O,,6.806179973983888,,10.1016_j.compositesb.2020.108273_part_1.txt_段1_Material1,6400000.000000019
[*]OCC[*],COC(C(C[*])([*])C)=O,,5.0,,10.1155_2015_101692_part_2.txt_段1_Material2,100000.0
[*]OCC[*],C[Si](C)(C[*])O[*],,5.301029995663981,,10.1016_j.polymer.2018.07.034_part_6.txt_段1_Material1,200000.00000000003
[*]OCC[*],C[Si](O[*])(C)[*],,4.123851640967086,,10.1016_j.electacta.2019.03.172_part_3.txt_段1_Material1,13300.0
[*]OCC[*],[*]C([C@H](C)OC([C@H](C)O[*])=O)=O,,6.496791315700042,,10.1515_pac-2016-0919_part_2.txt_段1_Material1,3138999.9999999977
[*]OCC[*],[*]CC(C#N)[*],,4.486713775982485,,10.1002_vnl.21576_part_2.txt_段1_Material1,30669.99999999999
[*]OCC[*],[*]CC([*])Cl,,6.32221929473392,,10.1088_1742-6596_908_1_012020_part_1.txt_段1_Material1,2100000.0000000056
[*]OCC[*],[*]CCN[*],,6.504701881045554,,10.1016_j.jpowsour.2011.08.041_part_1.txt_段1_Material1,3196699.999999998
[*]OCC[*],[*]OC1=C(C([*])=CC=C1C)C,,4.247973266361806,,10.1016_j.progpolymsci.2014.10.009_part_5.txt_段1_Material1,17699.99999999999
[*]OCC[*],[*]OCC[*],,5.653212513775344,,10.1016_j.indcrop.2019.111883_part_2.txt_段1_Material1,450000.0000000003
[*]O[C@H](C)CC([*])=O,O=C([*])C(C)O[*],,6.3979400086720375,,10.3390_polym12030647_part_1.txt_段1_Material1,2499999.9999999995
[*]O[C@H](C)CC([*])=O,O=C1CCCN1C([*])C[*],,5.223755453657241,,10.4028_www.scientific.net_amr.1115.296_part_1.txt_段1_Material1,167400.00000000003
[*]O[C@H](C)CC([*])=O,[*]C(C(O[*])C)=O,,6.778151250383644,,10.1016_j.polymer.2011.01.039_part_2.txt_段1_Material1,6000000.000000003
[*]O[C@H](C)CC([*])=O,[*]C([C@H](C)OC([C@H](C)O[*])=O)=O,,5.845098040014257,,10.1016_j.polymdegradstab.2016.09.017_part_7.txt_段1_Material2,700000.0000000001
[*]O[C@H](C)CC([*])=O,[*]OC(CC(OC(CC([*])=O)CC)=O)C,,5.934498451243568,,10.1016_j.compositesa.2019.05.005_part_2.txt_段1_Material2,860000.0000000013
[*]O[C@H](C)CC([*])=O,[*]OCC[*],,5.903089986991944,,10.1021_acsomega.0c05765_part_3.txt_段1_Material3,800000.0000000003
[*]O[C@H](C)CC([*])=O,[*]O[C@H](C)CC([*])=O,,4.927370363039024,,10.1021_acsabm.8b00445_part_1.txt_段1_Material1,84600.00000000017
[*]C1=C(C=CN2)C2=C([*])C(O)=C1O,O=C(C(C[*])[*])N,,1.576226137449605,,101021_acsabm5c00420_段22-24_extracted.txt_Part1_Material1,37.69
[*]OC(CC(OC(CC([*])=O)CC)=O)C,C/C(C[*])=C/C[*],,5.688419822002711,,101088_2053-1591_adf707_段162-164_extracted.txt_Part1_Material1,488000.0000000003
[*]CCCC([*])OC(C)=O,C/C(C[*])=C/C[*],,,10.645,10.3390_polym13091397_part_1.txt_段1_Material1,
[*]C([H])([H])C(O)([H])[*],O=C(O)C([*])C[*],,,0.91051,10.1007_s13726-013-0180-0_part_2.txt_段1_Material1,
[*]CC([*])N1CCCC1=O,[*]C([H])([H])C(O)([H])[*],,,15.6,10.1038_s41598-024-80024-x_OA_part_1.txt_段1_Material1,
OCC1OC(C(C(C1O[*])O)O)[*],[*]C([H])([H])C(O)([H])[*],,,3.1,10.1016_j.carbpol.2015.11.042_part_1.txt_段1_Material1,
[*]NC(C(O)=O)CCC([*])=O,O=C(C(C[*])[*])N,,,14.7,10.2147_ijn.s235609_part_1.txt_段1_Material1,
[*]CC[*],[*]CC=CCCC(C#N)[*],,,9.567,10.1080_03602559.2014.974191_part_2.txt_段1_Material1,
O=C(C(C[*])[*])N,OC1C(OC(C(C1O)O)[*])CO[*],,,1.75,10.1002_pi.3035_part_1.txt_段1_Material1,
[*]C(C(OC1O[*])COC(C)=O)C(O)C1NC(C)=O,O=C(C(C[*])[*])N,,,8.0,10.1002_app.38788_part_1.txt_段1_Material1,
O=C(O)C([*])C[*],[*]C([H])([H])C(O)([H])[*],,,0.6437999999999999,10.1016_j.carbpol.2017.03.070_part_2.txt_段1_Material1,
[*]CC(C)(C(OCCO)=O)[*],C[Si](O[*])(C)[*],,,0.58,10.1039_c7py00563f_part_2.txt_段1_Material1,
C/C(C[*])=C/C[*],[*]CCN[*],,,0.27,10.1080_03602559.2010.482079_part_1.txt_段1_Material1,
O=C(C(C[*])[*])N,O=C(O)C([*])C[*],,,0.91,10.1016_j.fuel.2018.03.103_part_1.txt_段1_Material1,
O=C(O)C([*])C[*],[*]CC(C#N)[*],,,0.0616,10.1016_j.radphyschem.2013.04.001_part_1.txt_段1_Material1,
[*]CC(C#N)[*],[*]CC(C#N)[*],,,1.0244,10.1016_j.cej.2018.06.127_part_4.txt_段1_Material1,
[*]C([H])([H])C(O)([H])[*],O=C(C(C[*])[*])N,,,7.0,10.1007_s00289-018-2615-4_part_2.txt_段1_Material1,
[*]CC(C#N)[*],[*]CC(C1=CC=C(C=C1)S(O)(=O)=O)[*],,,0.05,10.1002_app.45411_part_1.txt_段1_Material3,
[*]C([H])([H])C(O)([H])[*],C/C(C[*])=C/C[*],,,3.5,10.1007_s10924-021-02258-4_part_2.txt_段1_Material1,
[*]CC([*])N1CCCC1=O,C[Si](O[*])(C)[*],,,0.7,10.1002_app.42985_part_2.txt_段1_Material1,
O=C(C(C[*])[*])N,O=C(C(C[*])[*])N,,,26.6,10.1016_j.eurpolymj.2015.04.019_part_1.txt_段1_Material2,
[*]CC(C)(C(OCCO)=O)[*],[*]CC([*])(C)C(OCC[N+](C)(C)CCCS(=O)([O-])=O)=O,,,0.715,10.1002_app.41041_part_1.txt_段1_Material3,
[*]CC(C)(C(OCCO)=O)[*],[*]C([H])([H])C(O)([H])[*],,,9.0,10.1016_j.egypro.2014.07.171_part_2.txt_段1_Material1,
O=C(C(C[*])[*])N,[*]CC([*])N1CCCC1=O,,,0.182,10.1016_j.polymer.2012.12.069_part_2.txt_段1_Material4,
O=C(C(C[*])[*])N,[*]OCC[*],,,5.39,10.19080_ajop.2019.03.555614_OA_part_1.txt_段1_Material1,
O=C(O)C([*])C[*],O=C(C(C[*])[*])N,,,0.15,10.1021_ma301025a_part_1.txt_段1_Material1,
[*]CC([*])N1CCCC1=O,O=C(O)C([*])C[*],,,0.27,10.5897_ajb-11-2333_part_1.txt_段1_Material1,
[*]C([H])([H])C(O)([H])[*],[*]NC(C(O)=O)CCC([*])=O,,,0.0395999999999999,10.4028_www.scientific.net_amr.1095.423_part_1.txt_段1_Material1,
O=C(C(C[*])[*])N,[*]C1=C(C=CN2)C2=C([*])C(O)=C1O,,,6.3215,10.1038_s41598-017-08220-6_part_1.txt_段1_Material1,
[*]C([C@H](C)OC([C@H](C)O[*])=O)=O,[*]NC(C(O)=O)CCC([*])=O,,,3.21,10.1007_s10965-018-1488-4_part_1.txt_段1_Material1,
O=C(C(C[*])[*])N,[*]NC(C(O)=O)CCC([*])=O,,,1.5,10.1007_s00289-011-0549-1_10.1007_s00289-011-0549-1_part_2.txt_段1_Material1,
O=C([*])C(C)O[*],[*]OCC[*],,,1.38,10.4028_www.scientific.net_msf.789.130_part_1.txt_段1_Material1,
[*]C([H])([H])C(O)([H])[*],[*]OCC[*],,,5.8,10.1080_10601325.2019.1607377_part_2.txt_段1_Material2,
[*]C(C)C(OCC(O[*])=O)=O,[*]C([H])([H])C(O)([H])[*],,,2.8,10.1016_j.jconrel.2016.03.011_part_3.txt_段1_Material1,
O=C([*])C(C)O[*],[*]NC(C(O)=O)CCC([*])=O,,,0.4134,10.1007_s12221-021-9320-x_part_2.txt_段1_Material1,
[*]C([H])([H])C(O)([H])[*],[*]CC([*])N1CCCC1=O,,,25.0,10.1007_s13726-021-00949-2_part_2.txt_段1_Material2,
[*]C([H])([H])C(O)([H])[*],[*]CCN[*],,,1.11,单宁酸交联 PVA PEI 基水凝胶作为具有自修复和高抗菌性能的潜在伤口敷料的研究.pdf,
[*]OCC[*],[*]OCC[*],,,25.1,"原位共价交联 PEG 水凝胶,用于眼部药物递送应用.pdf",
CC(O[*])CC([*])=O,[*]OCC[*],,,60.0,聚羟基脂肪酸酯有机 水凝胶的合成和表征.pdf,
[*]CC(CC([*])C(O)=O)C(NC(C)C)=O,[*]NC(CCC([*])=O)C(O)=O,,,14.7,"负载超氧化物歧化酶的聚(N-异丙基丙烯酰胺)聚(γ-谷氨酸)热敏水凝胶,用于伤口敷料应用.pdf",
[*]OCC[*],[*]C([H])([H])C(O)([H])[*],,,4.5,用于生物医学应用的基于聚乙二醇(PEG)-聚(N-异丙基丙烯酰胺)(PNIPAAm)的热敏可注射水凝胶。,
[*]C([H])([H])C(O)([H])[*],[*]C(C(OC(O[*])C=O)CO)C=O,,,16.3,具有可调性能的生物相容性二醛纤维素 聚乙烯醇水凝胶.pdf,
[*]NC(CCC([*])=O)C(O)=O,[*]C([H])([H])C(O)([H])[*],,,5.66,新型聚(γ-谷氨酸)聚乙烯醇水凝胶的血液相容性.pdf,
[*]OCC[*],[Na]OS(CC(C)(C)NC(C([*])C[*])=O)(=O)=O,,,300.0,模型水凝胶的网络弹性随膨胀比的函数：从收缩到极端膨胀状态.pdf,
C[Si](C)(C[*])O[*],[*]OCC[*],,,5.0,光交联 PDMSstar-PEG 水凝胶：组织工程支架的合成、表征和潜在应用.pdf,
[*]OCC[*],[*]C(OCCCO[*])=O,,,58.8,通过光引发交联制备的生物可吸收水凝胶 二丙烯酸化 PTMC-PEG-PTMC 三嵌段共聚物作为抗肿瘤药物的潜在载体.pdf,
C/C(C[*])=C/C[*],O=C(CCCCC(N(CCCCCCN([*])[H])[H])=O)[*],,3.90848501887865,,10.1080_00218464.2019.1707674_part_2.txt_段1_Material1,8100.000000000004
C/C(C[*])=C/C[*],[*]C(CCCCCO[*])=O,,5.742725131304698,,10.1016_j.polymertesting.2017.04.024_part_1.txt_段1_Material1,552999.9999999995
CC(NC(C([*])C)=O)C(NC(C)C(NC(C)C(N[*])=O)=O)=O,[*]C([H])([H])C(O)([H])[*],,6.8750612633917,,10.1515_epoly.2010.10.1.1567_part_1.txt_段1_Material1,7500000.000000001
CC(NC(C([*])C)=O)C(NC(C)C(NC(C)C(N[*])=O)=O)=O,[H]N(C([H])([H])C(N([H])C(C)([H])C(N(C([H])([H])C([*])=O)[H])=O)=O)C(C(N([*])[H])(C)[H])=O,,6.835056101720117,,10.1016_j.matdes.2019.108077_part_1.txt_段1_Material1,6840000.000000006
CCCCCCC1=C(SC([*])=C1)[*],C[Si](O[*])(C)[*],,5.096910013008056,,10.1021_acs.macromol.9b02573_part_2.txt_段1_Material1,124999.99999999996
CCCCCCC1=C(SC([*])=C1)[*],[H]N(C(O[*])=O)CCCCCCN(C(OCCCCO[*])=O)[H],,5.342422680822207,,10.3390_polym11071195_part_2.txt_段1_Material2,220000.0000000002
COC(C(C[*])([*])C)=O,O=C(N1C(C([*])=O)CC(O)C1)CNC(C2CCCN2[*])=O,,5.023540521554854,,10.1016_j.msec.2019.110378_part_1.txt_段1_Material1,105570.0
COC(C(C[*])([*])C)=O,[*]C(CCCCCO[*])=O,,5.901294817165567,,10.1111_ijac.13298_part_2.txt_段1_Material1,796700.0000000001
COC(C(C[*])([*])C)=O,[*]OCCOC(CC(C([*])=O)C(C1CCCCC1)CC(CC(O)=O)C(OCCO)=O)=O,,6.447158031342219,,10.1002_app.51237_part_2.txt_段1_Material2,2800000.0000000014
COC(C(C[*])([*])C)=O,[H]N(C(O[*])=O)CCCCCCN(C(OCCCCO[*])=O)[H],,7.267171728403014,,10.32434_0321-4095-2020-133-6-83-90_OA_part_2.txt_段1_Material3,18500000.0
COC(C(C[*])([*])C)=O,[H]N(C([H])([H])C(N([H])C(C)([H])C(N(C([H])([H])C([*])=O)[H])=O)=O)C(C(N([*])[H])(C)[H])=O,,5.045714058940868,,10.1177_0731684415577236_part_2.txt_段1_Material1,111100.00000000022
C[Si](C)(C[*])O[*],[*]CCC(CCCC(CCCC(C[*])C)C)C,,6.024046225131059,,10.1039_c9sm01952a_part_4.txt_段1_Material4,1056930.0000000005
C[Si](O[*])(C)[*],O=C(N1C(C([*])=O)CC(O)C1)CNC(C2CCCN2[*])=O,,3.3010299956639813,,10.1016_j.apsusc.2015.05.063_part_2.txt_段1_Material1,2000.0
C[Si](O[*])(C)[*],[*]CCC(CCCCCC)C[*],,4.423245873936808,,10.1080_09205063.2020.1856300_part_3.txt_段1_Material2,26500.000000000004
C[Si](O[*])(C)[*],[*]OCCOC(CC(C([*])=O)C(C1CCCCC1)CC(CC(O)=O)C(OCCO)=O)=O,,3.1583624920952498,,10.1039_d0tb02465a_part_2.txt_段1_Material1,1440.0000000000005
C[Si](O[*])(C)[*],[H]N(C(O[*])=O)CCCCCCN(C(OCCCCO[*])=O)[H],,3.6232492903979,,10.1016_j.apsusc.2012.10.043_part_1.txt_段1_Material1,4199.9999999999945
O=C(C1=CC=C(C=C1)C(OCC[*])=O)O[*],O=C(N1C(C([*])=O)CC(O)C1)CNC(C2CCCN2[*])=O,,3.413299764081252,,10.5301_jabfm.5000189_part_1.txt_段1_Material1,2590.0000000000005
O=C(C1=CC=C(C=C1)C(OCC[*])=O)O[*],[*]CCCCOCCCCOCCCCOCCCCO[*],,6.079181246047625,,10.1177_0954008315613423_part_2.txt_段1_Material1,1200000.0000000007
O=C(C1=CC=C(C=C1)C(OCC[*])=O)O[*],[*]OCCOC(CC(C([*])=O)C(C1CCCCC1)CC(CC(O)=O)C(OCCO)=O)=O,,5.643551368562945,,10.1016_j.sciaf.2021.e00755_part_2.txt_段1_Material2,440100.0
O=C(CCCCC(N(CCCCCCN([*])[H])[H])=O)[*],C[Si](C)(C[*])O[*],,6.113943352306837,,10.1002_app.50170_part_3.txt_段1_Material1,1300000.0000000005
O=C(CCCCC(N(CCCCCCN([*])[H])[H])=O)[*],O=C(CCCCC(N(CCCCCCN([*])[H])[H])=O)[*],,6.201397124320452,,10.1038_srep37010_part_1.txt_段1_Material1,1590000.000000001
O=C(CCCCC(N(CCCCCCN([*])[H])[H])=O)[*],O=C([*])CCCCCN[*],,6.986771734266245,,10.1088_1742-6596_1765_1_012003_part_1.txt_段1_Material1,9700000.000000007
O=C(CCCCC(N(CCCCCCN([*])[H])[H])=O)[*],[*]C(C)C[*],,6.004136436761356,,10.1016_j.matdes.2009.10.031_part_1.txt_段1_Material1,1009570.0000000008
O=C(CCCCC(N(CCCCCCN([*])[H])[H])=O)[*],[*]C(F)(C(F)([*])F)F,,6.434888120867316,,10.1177_0954008312446765_part_1.txt_段1_Material1,2722000.0000000014
O=C(CCCCC(N(CCCCCCN([*])[H])[H])=O)[*],[*]CC[*],,6.281033367247727,,10.1016_j.matpr.2020.04.463_part_2.txt_段1_Material1,1909999.9999999984
O=C(CCCCC(N(CCCCCCN([*])[H])[H])=O)[*],[*]OC1=C(C([*])=CC=C1C)C,,5.953421399681036,,10.1002_pen.24484_part_2.txt_段1_Material1,898300.0000000024
O=C(CCCCC(N(CCCCCCN([*])[H])[H])=O)[*],[H]N(C(O[*])=O)CCCCCCN(C(OCCCCO[*])=O)[H],,6.518513939877887,,10.1080_15685543.2013.813185_part_1.txt_段1_Material1,3299999.9999999967
O=C(N)C([*])C[*],O=C(N1C(C([*])=O)CC(O)C1)CNC(C2CCCN2[*])=O,,1.3010299956639813,,10.1002_bit.24810_part_1.txt_段1_Material1,20.000000000000004
O=C(N1C(C([*])=O)CC(O)C1)CNC(C2CCCN2[*])=O,COC(C(C[*])([*])C)=O,,5.023951707423388,,10.1016_j.msec.2019.110378_part_6.txt_段1_Material1,105669.99999999993
O=C(N1C(C([*])=O)CC(O)C1)CNC(C2CCCN2[*])=O,O=C(N1C(C([*])=O)CC(O)C1)CNC(C2CCCN2[*])=O,,6.2322335211147335,,10.3390_polym13132151_part_2.txt_段1_Material1,1706999.9999999995
O=C(N1C(C([*])=O)CC(O)C1)CNC(C2CCCN2[*])=O,O=C([*])CCCCCO[*],,3.247973266361807,,10.2147_ijn.s61375_part_2.txt_段1_Material2,1770.000000000001
O=C(N1C(C([*])=O)CC(O)C1)CNC(C2CCCN2[*])=O,O=C1CCCN1C([*])C[*],,6.302547372487486,,10.4028_www.scientific.net_msf.706-709.595_part_1.txt_段1_Material2,2007000.0000000007
O=C(N1C(C([*])=O)CC(O)C1)CNC(C2CCCN2[*])=O,[*]C(CCCCCO[*])=O,,5.782472624166286,,10.1093_rb_rby020_part_1.txt_段1_Material1,605999.9999999998
O=C(N1C(C([*])=O)CC(O)C1)CNC(C2CCCN2[*])=O,[*]CC(CC=CCC([*])C1=CC=CC=C1)C#N,,3.9036325160842376,,10.1016_j.actbio.2016.02.004_part_1.txt_段1_Material1,8009.999999999998
O=C(N1C(C([*])=O)CC(O)C1)CNC(C2CCCN2[*])=O,[H]N(C(O[*])=O)CCCCCCN(C(OCCCCO[*])=O)[H],,3.4800069429571505,,10.1016_j.actbio.2017.11.017_part_4.txt_段1_Material1,3019.999999999999
O=C(O)C([*])C[*],[*]C(CCCCC(OCCCCO[*])=O)=O,,3.0,,10.1016_j.polymer.2016.12.043_part_2.txt_段1_Material4,1000.0
O=C(O[*])CCCCCCCCCCN[*],O=C(CCCCC(N(CCCCCCN([*])[H])[H])=O)[*],,6.176091259055681,,10.1177_0967391111019002-301_part_1.txt_段1_Material1,1500000.0000000005
O=C(O[*])CCCCCCCCCCN[*],O=C(CCCCC(NCCCCCCCCCCN[*])=O)[*],,6.113943352306837,,10.1016_j.polymer.2013.10.013_part_2.txt_段1_Material1,1300000.0000000005
O=C(O[*])CCCCCCCCCCN[*],[*]CC(C1=CC=CC=C1)[*],,6.544068044350276,,10.1016_j.polymer.2019.121667_part_2.txt_段1_Material3,3500000.0000000005
O=C(O[*])CCCCCCCCCCN[*],[*]CC([*])Cl,,6.544068044350276,,10.1016_j.polymer.2019.121667_part_2.txt_段1_Material2,3500000.0000000005
O=C(O[*])CCCCCCCCCCN[*],[*]NCCCCCCCCCCCC([*])=O,,6.187520720836463,,10.1177_0021998310369580_part_2.txt_段1_Material1,1539999.9999999986
O=C(O[*])CCCCCCCCCCN[*],[*]OC1=C(C([*])=CC=C1C)C,,6.526985068559996,,10.14314_polimery.2021.7.3_OA_part_1.txt_段1_Material1,3365000.0000000005
O=C([*])C(C)O[*],CC(NC(C([*])C)=O)C(NC(C)C(NC(C)C(N[*])=O)=O)=O,,7.146128035678238,,10.1002_pen.25388_part_2.txt_段1_Material1,14000000.000000006
O=C([*])C(C)O[*],O=C(CCCCC(NCCCCCCCCCCN[*])=O)[*],,6.539076098792776,,10.1177_0095244318825286_part_3.txt_段1_Material1,3459999.9999999977
O=C([*])C(C)O[*],O=C(N1C(C([*])=O)CC(O)C1)CNC(C2CCCN2[*])=O,,5.202352067809752,,10.1016_j.msec.2020.111418_part_1.txt_段1_Material1,159350.00000000015
O=C([*])C(C)O[*],O=C(O[*])CCCCCCCCCCN[*],,6.409764104266346,,10.3144_expresspolymlett.2015.67_part_2.txt_段1_Material1,2568999.9999999977
O=C([*])C(C)O[*],[*]C(CCCCC(OCCCCO[*])=O)=O,,5.802773725291976,,10.3390_polym12091904_part_2.txt_段1_Material1,635000.0000000005
O=C([*])C(C)O[*],[*]C(CCCCCO[*])=O,,5.836197480778925,,10.1155_2014_213180_part_1.txt_段1_Material1,685800.0000000001
O=C([*])C(C)O[*],[*]CC(O)COC(CCCCCCCCC(O[*])=O)=O,,4.5820633629117085,,10.1002_pi.5071_part_1.txt_段1_Material1,38199.99999999998
O=C([*])C(C)O[*],[*]CCC(CCCC(CCCC(C[*])C)C)C,,5.550228353055094,,10.1007_s11164-012-0994-y_part_1.txt_段1_Material1,355000.0000000001
O=C([*])C(C)O[*],[*]CCC(CCCCCC)C[*],,6.100025730107863,,10.1002_pen.24171_part_2.txt_段1_Material1,1259000.0000000002
O=C([*])C(C)O[*],[*]CCCC(CCCCCC)[*],,6.3979400086720375,,10.4028_www.scientific.net_msf.953.47_part_1.txt_段1_Material1,2499999.9999999995
O=C([*])C(C)O[*],[*]OCCCCOC(CCC([*])=O)=O,,6.301029995663981,,10.3390_polym13152489_part_3.txt_段1_Material2,2000000.0
O=C([*])C(C)O[*],[H]N(C(O[*])=O)CCCCCCN(C(OCCCCO[*])=O)[H],,6.227115082589125,,10.1016_j.msec.2017.11.008_part_1.txt_段1_Material1,1687000.0000000002
O=C([*])C(C)O[*],[H]N(C([H])([H])C(N([H])C(C)([H])C(N(C([H])([H])C([*])=O)[H])=O)=O)C(C(N([*])[H])(C)[H])=O,,6.387211800313731,,10.3144_expresspolymlett.2020.76_part_3.txt_段1_Material1,2439000.0
O=C([*])CCCCC(NCCCCN[*])=O,[*]C(F)(C(F)([*])F)F,,6.6349808000512285,,10.4028_www.scientific.net_kem.728.264_part_1.txt_段1_Material3,4315000.000000001
O=C([*])CCCCCN[*],C/C(C[*])=C/C[*],,6.270678836144707,,10.1007_s10965-011-9749-5_part_1.txt_段1_Material1,1865000.0000000007
O=C([*])CCCCCN[*],O=C(CCCCC(N(CCCCCCN([*])[H])[H])=O)[*],,6.024895960107485,,10.1016_j.polymertesting.2018.07.010_part_2.txt_段1_Material1,1059000.0
O=C([*])CCCCCN[*],O=C([*])CCCCC(NCCCCN[*])=O,,6.501059262217751,,10.1007_s12221-019-9098-2_part_1.txt_段1_Material1,3169999.999999998
O=C([*])CCCCCN[*],O=C([*])CCCCCN[*],,6.7160033436348,,10.1002_pen.21890_part_2.txt_段1_Material1,5200000.000000014
O=C([*])CCCCCN[*],O=C1C([*])C(CC[*])C(O1)=O,,6.269512944217916,,10.1080_03602559.2016.1276593_part_8.txt_段1_Material5,1859999.9999999988
O=C([*])CCCCCN[*],[*]C(C)C[*],,6.372912002970106,,10.1002_pc.24157_part_2.txt_段1_Material1,2359999.9999999986
O=C([*])CCCCCN[*],[*]C(CCCCCO[*])=O,,6.079181246047625,,10.1088_1748-605x_aa6306_part_2.txt_段1_Material1,1200000.0000000007
O=C([*])CCCCCN[*],[*]C(F)(C(F)([*])F)F,,6.3979400086720375,,10.1177_1350650113495530_part_1.txt_段1_Material3,2499999.9999999995
O=C([*])CCCCCN[*],[*]C([H])([H])C(O)([H])[*],,6.278753600952829,,10.1016_j.compositesb.2014.12.009_part_3.txt_段1_Material1,1899999.9999999995
O=C([*])CCCCCN[*],[*]CC(C#N)[*],,6.380211241711606,,10.1016_j.compositesb.2015.03.038_part_1.txt_段1_Material1,2400000.000000002
O=C([*])CCCCCN[*],[*]CC([*])CC,,6.477121254719663,,10.3390_polym10080872_part_1.txt_段1_Material2,3000000.000000001
O=C([*])CCCCCN[*],[*]CC=CCCC(C#N)[*],,5.283301228703549,,10.5254_rct.13.87976_part_1.txt_段1_Material1,191999.99999999985
O=C([*])CCCCCN[*],[*]CCC(CCCCCC)C[*],,6.57978359661681,,10.1016_j.compscitech.2010.07.023_part_2.txt_段1_Material3,3800000.0
O=C([*])CCCCCN[*],[*]CCCC([*])OC(C)=O,,6.32221929473392,,10.4028_www.scientific.net_amm.735.61_part_1.txt_段1_Material1,2100000.0000000056
O=C([*])CCCCCN[*],[*]CCN[*],,6.184691430817598,,10.1016_j.eurpolymj.2014.12.019_part_2.txt_段1_Material1,1529999.9999999986
O=C([*])CCCCCN[*],[*]OCC[*],,6.271841606536499,,10.1007_s10924-020-01836-2_part_1.txt_段1_Material1,1869999.9999999984
O=C([*])CCCCCN[*],[*]O[C@H](C)CC([*])=O,,6.401572845676446,,10.1002_masy.201800170_part_1.txt_段1_Material2,2521000.0000000005
O=C([*])CCCCCO[*],[*]CC(O[*])CN=[N+]=[N-],,6.176091259055681,,10.1177_0885328213502100_part_2.txt_段1_Material1,1500000.0000000005
O=C1CCCN1C([*])C[*],[*]C(CCCCCO[*])=O,,5.548757828573704,,10.1016_j.molliq.2021.117409_part_2.txt_段1_Material3,353799.99999999977
[*]C(C(O[*])C)=O,[*]C(CCCCCO[*])=O,,6.531478917042255,,10.1016_j.msec.2017.03.134_part_5.txt_段1_Material1,3400000.000000002
[*]C(C)C(OCC(O[*])=O)=O,O=C(N1C(C([*])=O)CC(O)C1)CNC(C2CCCN2[*])=O,,4.778151250383644,,10.1080_09205063.2016.1184121_part_2.txt_段1_Material3,60000.00000000003
[*]C(C)C(OCC(O[*])=O)=O,[*]C(CCCCCO[*])=O,,5.954242509439325,,10.1080_03602551003681846_part_1.txt_段1_Material2,900000.0000000007
[*]C(C)C(OCC(O[*])=O)=O,[*]C(OCCCO[*])=O,,6.045322978786658,,10.1007_s00396-019-04595-2_part_2.txt_段1_Material1,1110000.0000000005
[*]C(C)C(OCC(O[*])=O)=O,[H]N(C(O[*])=O)CCCCCCN(C(OCCCCO[*])=O)[H],,6.3979400086720375,,10.2478_s11696-013-0438-1_part_1.txt_段1_Material1,2499999.9999999995
[*]C(C)C(OCC(O[*])=O)=O,[H]N(C([H])([H])C(N([H])C(C)([H])C(N(C([H])([H])C([*])=O)[H])=O)=O)C(C(N([*])[H])(C)[H])=O,,6.556302500767287,,10.1002_mabi.201900105_part_1.txt_段1_Material1,3599999.9999999963
[*]C(C)C[*],O=C(CCCCC(N(CCCCCCN([*])[H])[H])=O)[*],,6.301029995663981,,10.1016_j.compositesb.2015.05.046_part_4.txt_段1_Material1,2000000.0
[*]C(C)C[*],[*]C(CCCCC(OCCCCO[*])=O)=O,,5.599883072073688,,10.1016_j.polymer.2020.122758_part_5.txt_段1_Material4,397999.9999999998
[*]C(C)C[*],[*]CCC(CCCC(CCCC(C[*])C)C)C,,6.176091259055681,,10.3139_217.2411_part_4.txt_段1_Material1,1500000.0000000005
[*]C(C)C[*],[*]CCC(CCCCCC)C[*],,6.0,,10.1002_pc.25672_part_1.txt_段1_Material1,1000000.0
[*]C(C)C[*],[*]CCCC(CCCCCC)[*],,5.607455023214668,,10.1177_0095244312465298_part_2.txt_段1_Material3,404999.9999999997
[*]C(C)C[*],[*]NCCCCCCCCCCCC([*])=O,,6.278753600952829,,10.1002_pc.24376_part_1.txt_段1_Material1,1899999.9999999995
[*]C(C)C[*],[H]N(C(O[*])=O)CCCCCCN(C(OCCCCO[*])=O)[H],,6.332236415491443,,10.1002_app.33611_part_1.txt_段1_Material1,2148999.9999999986
[*]C(C)C[*],[H]N(C([H])([H])C(N([H])C(C)([H])C(N(C([H])([H])C([*])=O)[H])=O)=O)C(C(N([*])[H])(C)[H])=O,,6.165244326125311,,10.1016_j.compositesb.2019.02.044_part_1.txt_段1_Material1,1463000.0000000012
[*]C(C1=CC=C(C(OCCCCO[*])=O)C=C1)=O,[*]OCCOC(CC(C([*])=O)C(C1CCCCC1)CC(CC(O)=O)C(OCCO)=O)=O,,6.3979400086720375,,10.1016_j.compositesb.2018.04.023_part_1.txt_段1_Material1,2499999.9999999995
[*]C(C1=CC=C(C(OCCCCO[*])=O)C=C1)=O,[H]N(C([H])([H])C(N([H])C(C)([H])C(N(C([H])([H])C([*])=O)[H])=O)=O)C(C(N([*])[H])(C)[H])=O,,6.419955748489758,,10.1007_s00289-011-0509-9_part_2.txt_段1_Material2,2630000.000000001
[*]C(C=C1)=CC=C1S[*],[*]OCCCCOC(CCC([*])=O)=O,,4.858537197569639,,10.1021_acs.iecr.5b00637_part_2.txt_段1_Material3,72199.99999999997
[*]C(CCCCC(OCCCCO[*])=O)=O,COC(C(C[*])([*])C)=O,,4.728028954420519,,10.1016_j.ijbiomac.2019.02.159_part_1.txt_段1_Material1,53460.00000000004
[*]C(CCCCC(OCCCCO[*])=O)=O,O=C([*])C(C)O[*],,4.0,,10.3390_ma13214897_part_3.txt_段1_Material1,10000.0
[*]C(CCCCC(OCCCCO[*])=O)=O,[*]C(CCCCCO[*])=O,,5.760422483423212,,10.1016_j.eurpolymj.2018.09.036_part_3.txt_段1_Material2,575999.9999999998
[*]C(CCCCC(OCCCCO[*])=O)=O,[*]CC(OC(O[*])=O)C,,5.041392685158225,,10.1007_s11814-017-0066-5_part_2.txt_段1_Material1,110000.00000000007
[*]C(CCCCC(OCCCCO[*])=O)=O,[*]CC([*])Cl,,5.61066016308988,,10.1007_s00289-014-1137-y_part_4.txt_段1_Material2,407999.9999999997
[*]C(CCCCC(OCCCCO[*])=O)=O,[*]OCC[*],,5.045322978786658,,10.1002_app.44498_part_2.txt_段1_Material1,111000.00000000004
[*]C(CCCCCO[*])=O,C/C(C[*])=C/C[*],,5.96189547366785,,10.1007_s10924-012-0567-6_part_1.txt_段1_Material1,915999.9999999992
[*]C(CCCCCO[*])=O,C[Si](O[*])(C)[*],,4.022428371185487,,10.1016_j.matlet.2014.05.184_part_1.txt_段1_Material1,10530.00000000002
[*]C(CCCCCO[*])=O,O=C(CCCCC(N(CCCCCCN([*])[H])[H])=O)[*],,5.748188027006201,,10.1002_pc.25539_part_4.txt_段1_Material2,560000.0000000003
[*]C(CCCCCO[*])=O,O=C(N1C(C([*])=O)CC(O)C1)CNC(C2CCCN2[*])=O,,4.389095173354185,,10.1021_acsabm.0c01084_part_1.txt_段1_Material1,24495.99999999997
[*]C(CCCCCO[*])=O,O=C([*])C(C)O[*],,5.781036938621132,,10.1002_pc.22488_part_1.txt_段1_Material1,604000.0000000006
[*]C(CCCCCO[*])=O,O=C([*])CCCCCO[*],,4.0,,10.1016_j.actbio.2016.12.008_part_2.txt_段1_Material1,10000.0
[*]C(CCCCCO[*])=O,O=C1CCCN1C([*])C[*],,5.68930885912362,,10.1016_j.polymer.2011.06.039_part_1.txt_段1_Material4,488999.99999999953
[*]C(CCCCCO[*])=O,[*]C(CCCCC(OCCCCO[*])=O)=O,,3.4771212547196626,,10.1016_j.polymertesting.2019.05.004_part_2.txt_段1_Material1,3000.000000000001
[*]C(CCCCCO[*])=O,[*]C(CCCCCO[*])=O,,5.285557309007774,,10.1016_j.ijbiomac.2021.05.163_part_2.txt_段1_Material1,193000.0000000001
[*]C(CCCCCO[*])=O,[*]C([C@H](C)OC([C@H](C)O[*])=O)=O,,4.79982283099332,,10.1002_marc.201600414_part_1.txt_段1_Material1,63070.00000000006
[*]C(CCCCCO[*])=O,[*]C([H])([H])C(O)([H])[*],,6.698970004336019,,10.3390_ma11061006_part_2.txt_段1_Material3,4999999.999999999
[*]C(CCCCCO[*])=O,[*]C1=CC=C([*])N1,,4.544068044350276,,10.3389_fbioe.2019.00266_part_3.txt_段1_Material1,35000.0
[*]C(CCCCCO[*])=O,[*]CC(C#N)[*],,4.562173863364649,,10.1007_s12221-018-8233-9_part_2.txt_段1_Material1,36490.00000000004
[*]C(CCCCCO[*])=O,[*]CC(O)COC(CCCCCCCCC(O[*])=O)=O,,4.994317152669637,,10.1039_c7qm00600d_part_4.txt_段1_Material1,98699.99999999996
[*]C(CCCCCO[*])=O,[*]CC([*])Cl,,5.079181246047625,,10.1016_j.polymer.2016.09.079_part_3.txt_段1_Material1,120000.00000000007
[*]C(CCCCCO[*])=O,[*]CC=CCCC(C#N)[*],,4.54282542695918,,10.1016_j.matdes.2019.108210_part_5.txt_段1_Material1,34899.999999999985
[*]C(CCCCCO[*])=O,[*]CCN[*],,6.477121254719663,,10.1177_0040517520912478_part_3.txt_段1_Material1,3000000.000000001
[*]C(CCCCCO[*])=O,[*]CC[*],,5.571708831808688,,10.3390_polym11111874_part_4.txt_段1_Material1,373000.0000000002
[*]C(CCCCCO[*])=O,[*]NC(C(O)=O)CCC([*])=O,,4.704853744566289,,10.1177_0040517518775923_part_2.txt_段1_Material2,50682.0
[*]C(CCCCCO[*])=O,[*]OCCOC(CC(C([*])=O)C(C1CCCCC1)CC(CC(O)=O)C(OCCO)=O)=O,,4.792391689498253,,10.1016_j.polymer.2018.06.024_part_2.txt_段1_Material1,61999.99999999981
[*]C(CCCCCO[*])=O,[*]OCC[*],,4.117271295655764,,10.1080_1023666x.2019.1598641_part_1.txt_段1_Material1,13100.000000000004
[*]C(CCCCCO[*])=O,[*]O[C@H](C)CC([*])=O,,5.089905111439398,,10.3390_ma13173853_part_3.txt_段1_Material2,123000.00000000004
[*]C(CCCCCO[*])=O,[H]N(C(O[*])=O)CCCCCCN(C(OCCCCO[*])=O)[H],,4.683947130751513,,10.1002_pc.22191_part_1.txt_段1_Material1,48300.00000000005
[*]C(CCCCCO[*])=O,[H]N(C([H])([H])C(N([H])C(C)([H])C(N(C([H])([H])C([*])=O)[H])=O)=O)C(C(N([*])[H])(C)[H])=O,,5.903089986991944,,10.1002_bip.22016_part_1.txt_段1_Material1,800000.0000000003
[*]C(F)(C(F)([*])F)F,O=C([*])CCCCCN[*],,6.4623979978989565,,10.1177_0892705713484742_part_1.txt_段1_Material1,2900000.000000003
[*]C(OCCCO[*])=O,[*]C(CCCCCO[*])=O,,6.778151250383644,,10.1002_smll.201800821_part_3.txt_段1_Material1,6000000.000000003
[*]C([C@H](C)OC([C@H](C)O[*])=O)=O,O=C(N1C(C([*])=O)CC(O)C1)CNC(C2CCCN2[*])=O,,6.146128035678238,,10.3390_ma8020408_part_2.txt_段1_Material2,1400000.0000000005
[*]C([C@H](C)OC([C@H](C)O[*])=O)=O,O=C(O[*])CCCCCCCCCCN[*],,5.982271233039568,,10.1002_pi.4618_part_1.txt_段1_Material1,959999.9999999992
[*]C([C@H](C)OC([C@H](C)O[*])=O)=O,O=C([*])CCCCCO[*],,6.209246848753374,,10.1016_j.eurpolymj.2017.11.040_part_2.txt_段1_Material1,1618999.9999999995
[*]C([C@H](C)OC([C@H](C)O[*])=O)=O,[*]C(CCCCC(OCCCCO[*])=O)=O,,6.204119982655925,,10.1016_j.eurpolymj.2018.01.037_part_3.txt_段1_Material2,1600000.000000001
[*]C([C@H](C)OC([C@H](C)O[*])=O)=O,[*]C(CCCCCO[*])=O,,4.939019776448666,,10.1016_j.compscitech.2011.11.009_part_1.txt_段1_Material1,86899.99999999997
[*]C([C@H](C)OC([C@H](C)O[*])=O)=O,[*]CCC(CCCCCC)C[*],,6.062205808819713,,10.1007_s12221-017-1175-9_part_2.txt_段1_Material1,1154000.0000000012
[*]C([C@H](C)OC([C@H](C)O[*])=O)=O,[*]OCCCCOC(CCC([*])=O)=O,,5.414973347970818,,10.1021_ie403623f_part_2.txt_段1_Material2,260000.0000000001
[*]C([C@H](C)OC([C@H](C)O[*])=O)=O,[H]N(C(O[*])=O)CCCCCCN(C(OCCCCO[*])=O)[H],,6.301029995663981,,10.1021_acsomega.0c02765_part_2.txt_段1_Material1,2000000.0
[*]C([H])([H])C(O)([H])[*],O=C(N1C(C([*])=O)CC(O)C1)CNC(C2CCCN2[*])=O,,4.597826770377936,,10.15282_jmes.19.1.2025.9.0826_OA_part_1.txt_段1_Material1,39611.99999999997
[*]C([H])([H])C(O)([H])[*],[*]C(CCCCCO[*])=O,,5.0,,10.1007_s10570-021-04100-5_part_1.txt_段1_Material1,100000.0
[*]C([H])([H])C(O)([H])[*],[*]OCCOC(CC(C([*])=O)C(C1CCCCC1)CC(CC(O)=O)C(OCCO)=O)=O,,7.434568904034199,,10.1177_1528083719894737_part_1.txt_段1_Material1,27200000.000000022
[*]C([H])([H])C(O)([H])[*],[H]N(C(O[*])=O)CCCCCCN(C(OCCCCO[*])=O)[H],,5.604118006192035,,10.1016_j.compositesb.2014.10.013_part_1.txt_段1_Material1,401900.0000000002
[*]C([H])([H])C(O)([H])[*],[H]N(C([H])([H])C(N([H])C(C)([H])C(N(C([H])([H])C([*])=O)[H])=O)=O)C(C(N([*])[H])(C)[H])=O,,4.124504224834283,,10.1016_j.actbio.2016.10.019_part_2.txt_段1_Material2,13320.000000000013
[*]C1=CC=C([*])N1,[*]C(CCCCCO[*])=O,,3.871164132802949,,10.1002_jbm.a.36556_part_2.txt_段1_Material1,7432.999999999992
[*]C1=CC=C([*])N1,[H]N(C([H])([H])C(N([H])C(C)([H])C(N(C([H])([H])C([*])=O)[H])=O)=O)C(C(N([*])[H])(C)[H])=O,,5.426023015689876,,10.1016_j.bioelechem.2011.11.008_part_2.txt_段1_Material1,266699.9999999998
[*]CC(C#N)[*],[H]N(C(O[*])=O)CCCCCCN(C(OCCCCO[*])=O)[H],,5.2552725051033065,,10.1002_pen.24798_part_1.txt_段1_Material1,180000.00000000015
[*]CC(C#N)[*],[H]N(C([H])([H])C(N([H])C(C)([H])C(N(C([H])([H])C([*])=O)[H])=O)=O)C(C(N([*])[H])(C)[H])=O,,6.176091259055681,,10.3390_polym12092102_part_2.txt_段1_Material1,1500000.0000000005
[*]CC(C)(C(OCCO)=O)[*],[H]N(C(O[*])=O)CCCCCCN(C(OCCCCO[*])=O)[H],,2.419955748489758,,10.1039_c9tb00080a_part_1.txt_段1_Material1,263.0000000000001
[*]CC(CC=CCC([*])C1=CC=CC=C1)C#N,[H]N(C(O[*])=O)CCCCCCN(C(OCCCCO[*])=O)[H],,5.419955748489758,,10.1016_j.jenvman.2017.04.026_part_2.txt_段1_Material1,263000.0000000001
[*]CC(COC1=CC=C(C=C1)C(C)(C)C2=CC=C(C=C2)O[*])O,[*]OCCOC(CC(C([*])=O)C(C1CCCCC1)CC(CC(O)=O)C(OCCO)=O)=O,,7.174234304941022,,10.1002_pc.23480_part_1.txt_段1_Material1,14936000.000000004
[*]CC(O)COC(CCCCCCCCC(O[*])=O)=O,[*]OCCCCOC(CCC([*])=O)=O,,4.041392685158225,,10.1016_j.matlet.2018.03.051_part_1.txt_段1_Material1,11000.000000000007
[*]CC([*])Cl,[*]C(CCCCCO[*])=O,,6.079181246047625,,10.1021_acs.macromol.8b02146_part_2.txt_段1_Material1,1200000.0000000007
[*]CC([*])Cl,[H]N(C(O[*])=O)CCCCCCN(C(OCCCCO[*])=O)[H],,3.89209460269048,,10.1007_s12221-020-9665-6_part_1.txt_段1_Material1,7799.999999999991
[*]CC=CCCC(C#N)[*],[*]NCCCCCCCCCCCC([*])=O,,3.770852011642144,,10.1016_j.radphyschem.2018.02.024_part_6.txt_段1_Material1,5899.9999999999945
[*]CC=CCCC(C#N)[*],[H]N(C(O[*])=O)CCCCCCN(C(OCCCCO[*])=O)[H],,3.6020599913279625,,10.1016_j.wear.2009.08.037_part_1.txt_段1_Material1,4000.000000000001
[*]CC=CCCC(C1=CC=CC=C1)[*],[H]N(C(O[*])=O)CCCCCCN(C(OCCCCO[*])=O)[H],,4.035829825252828,,10.1002_app.43699_part_2.txt_段1_Material1,10860.000000000007
[*]CCC(CCCC(CCCC(C[*])C)C)C,C[Si](C)(C[*])O[*],,6.024046225131059,,10.1039_c9sm01952a_part_4.txt_段1_Material2,1056930.0000000005
[*]CCC(CCCC(CCCC(C[*])C)C)C,C[Si](O[*])(C)[*],,5.247973266361806,,10.1088_1757-899x_757_1_012037_part_2.txt_段1_Material1,176999.9999999999
[*]CCC(CCCC(CCCC(C[*])C)C)C,[*]C1=C(C=CN2)C2=C([*])C(O)=C1O,,4.833147111912785,,10.3390_jcs4040174_part_3.txt_段1_Material1,68100.0
[*]CCC(CCCC(CCCC(C[*])C)C)C,[*]CCC1C([*])C2CCC1C2,,7.708420900134713,,10.3390_molecules25225347_part_3.txt_段1_Material2,51100000.00000001
[*]CCC(CCCC(CCCC(C[*])C)C)C,[*]O[C@H](C)CC([*])=O,,4.698970004336019,,10.1177_0307174x1704400502_part_1.txt_段1_Material1,49999.99999999999
[*]CCC(CCCC(CCCC(C[*])C)C)C,[H]N(C(O[*])=O)CCCCCCN(C(OCCCCO[*])=O)[H],,6.32221929473392,,10.1016_j.mechmat.2019.103154_part_2.txt_段1_Material1,2100000.0000000056
[*]CCC(CCCCCC)C[*],O=C(O)C([*])C[*],,6.2812606870550125,,10.1016_j.eurpolymj.2009.09.007_part_2.txt_段1_Material1,1910999.9999999984
[*]CCC(CCCCCC)C[*],[*]C(C)C[*],,5.0,,10.1021_acsapm.9b00289_part_3.txt_段1_Material1,100000.0
[*]CCC(CCCCCC)C[*],[*]NCCCCCCCCCCCC([*])=O,,4.26150077319828,,10.1002_app.41511_part_2.txt_段1_Material1,18260.00000000001
[*]CCC1C([*])C2CCC1C2,[*]CCC(CCCCCC)C[*],,7.077222510411053,,10.1002_vnl.21419_part_2.txt_段1_Material2,11945999.999999993
[*]CCCC(CCCCCC)[*],C[Si](O[*])(C)[*],,3.770852011642144,,10.1080_03602559.2016.1227841_part_9.txt_段1_Material1,5899.9999999999945
[*]CCCC([*])OC(C)=O,[*]C(CCCCCO[*])=O,,5.311753861055754,,10.1007_s10973-013-3004-8_part_1.txt_段1_Material1,205000.0
[*]CCCCOCCCCOCCCCOCCCCO[*],[*]C(CCCCCO[*])=O,,6.0,,10.1016_j.polymer.2015.08.047_part_1.txt_段1_Material1,1000000.0
[*]CCCCOCCCCOCCCCOCCCCO[*],[*]CC(C(OCC)=O)[*],,3.824125833916549,,10.1016_j.polymer.2020.122228_part_2.txt_段1_Material1,6670.000000000003
[*]CCN[*],O=C([*])CCCCCN[*],,5.880813592280791,,10.1007_s12221-014-1484-1_part_1.txt_段1_Material4,760000.0
[*]CCN[*],[*]CCC(CCCCCC)C[*],,5.927370363039024,,10.1089_ees.2009.0435_part_3.txt_段1_Material1,846000.0000000017
[*]CCN[*],[*]NCCCCCCCCCCCC([*])=O,,5.847572659142112,,10.1007_s10118-017-1954-1_part_2.txt_段1_Material2,703999.9999999997
[*]CC[*],O=C([*])CCCCCN[*],,4.986771734266245,,10.1002_pc.23415_part_1.txt_段1_Material1,97000.00000000007
[*]CC[*],[*]C(CCCCC(OCCCCO[*])=O)=O,,5.093421685162235,,10.1088_1757-899x_965_1_012020_part_1.txt_段1_Material2,123999.9999999999
[*]CC[*],[*]CCC(CCCC(CCCC(C[*])C)C)C,,6.017033339298781,,10.1080_03602559.2010.482087_part_1.txt_段1_Material1,1040000.0000000008
[*]CC[*],[*]CCC(CCCCCC)C[*],,5.176091259055681,,10.1016_j.polymertesting.2021.107094_part_2.txt_段1_Material1,150000.00000000003
[*]CC[*],[*]NCCCCCCCCCCCC([*])=O,,5.342422680822207,,10.1016_j.polymertesting.2016.12.020_part_3.txt_段1_Material2,220000.0000000002
[*]CC[*],[H]N(C(O[*])=O)CCCCCCN(C(OCCCCO[*])=O)[H],,7.429752280002408,,10.1016_j.ijimpeng.2014.07.004_part_1.txt_段1_Material1,26899999.999999978
[*]NC(C(O)=O)CCC([*])=O,O=C(N1C(C([*])=O)CC(O)C1)CNC(C2CCCN2[*])=O,,5.903089986991944,,10.1039_d0gc01394c_part_7.txt_段1_Material3,800000.0000000003
[*]NC(C(O)=O)CCC([*])=O,[*]C(CCCCCO[*])=O,,5.773069340485962,,10.1007_s12221-019-1060-9_part_1.txt_段1_Material1,593019.9999999997
[*]NCCCCCCCCCCCC([*])=O,C/C(C[*])=C/C[*],,5.926856708949693,,10.1007_s10965-016-0985-6_part_2.txt_段1_Material1,845000.0000000006
[*]NCCCCCCCCCCCC([*])=O,C[Si](C)(C[*])O[*],,5.8750612633917,,10.1002_polb.24613_part_2.txt_段1_Material1,750000.0000000001
[*]NCCCCCCCCCCCC([*])=O,O=C(CCCCC(N(CCCCCCN([*])[H])[H])=O)[*],,6.237040791379191,,10.1002_pc.21100_part_2.txt_段1_Material1,1726000.0000000007
[*]NCCCCCCCCCCCC([*])=O,[*]C(C)C[*],,5.990782691803138,,10.1115_1.4032977_part_1.txt_段1_Material1,978999.9999999998
[*]NCCCCCCCCCCCC([*])=O,[*]C(C1=CC=C(C(OCCCCO[*])=O)C=C1)=O,,6.447158031342219,,10.1016_j.procir.2018.08.105_part_1.txt_段1_Material2,2800000.0000000014
[*]OC(CC(OC(CC([*])=O)CC)=O)C,[*]C(CCCCC(OCCCCO[*])=O)=O,,6.301029995663981,,10.1007_s00396-015-3700-y_part_1.txt_段1_Material1,2000000.0
[*]OC(CC(OC(CC([*])=O)CC)=O)C,[*]C(CCCCCO[*])=O,,4.352182518111363,,10.1088_2053-1591_ab0eaa_part_5.txt_段1_Material4,22500.00000000001
[*]OC(CC(OC(CC([*])=O)CC)=O)C,[H]N(C([H])([H])C(N([H])C(C)([H])C(N(C([H])([H])C([*])=O)[H])=O)=O)C(C(N([*])[H])(C)[H])=O,,6.176091259055681,,10.1177_0885328215626047_part_2.txt_段1_Material1,1500000.0000000005
[*]OC1=C(C([*])=CC=C1C)C,O=C(O[*])CCCCCCCCCCN[*],,6.091315159697223,,10.7569_jrm.2018.634114_part_2.txt_段1_Material3,1234000.0000000012
[*]OCCCCOC(CCC([*])=O)=O,O=C([*])C(C)O[*],,5.791690649020118,,10.3389_fmats.2020.00007_part_1.txt_段1_Material1,618999.9999999995
[*]OCCCCOC(CCC([*])=O)=O,[*]C(C=C1)=CC=C1S[*],,5.155609283678915,,10.1039_c9sm01958h_part_2.txt_段1_Material1,143089.9999999999
[*]OCCCCOC(CCC([*])=O)=O,[*]C(CCCCCO[*])=O,,5.000867721531227,,10.1007_s00289-016-1833-x_part_2.txt_段1_Material1,100200.00000000006
[*]OCCCCOC(CCC([*])=O)=O,[*]OCCCCOC(CCC([*])=O)=O,,6.355068206348851,,10.1007_s12649-019-00591-3_part_2.txt_段1_Material1,2265000.000000002
[*]OCCOC(CC(C([*])=O)C(C1CCCCC1)CC(CC(O)=O)C(OCCO)=O)=O,C/C(C[*])=C/C[*],,5.698970004336019,,10.3390_buildings11010020_part_2.txt_段1_Material1,500000.0
[*]OCCOC(CC(C([*])=O)C(C1CCCCC1)CC(CC(O)=O)C(OCCO)=O)=O,COC(C(C[*])([*])C)=O,,6.937016107464814,,10.1002_app.49825_part_3.txt_段1_Material1,8649999.99999999
[*]OCCOC(CC(C([*])=O)C(C1CCCCC1)CC(CC(O)=O)C(OCCO)=O)=O,O=C(C1=CC=C(C=C1)C(OCC[*])=O)O[*],,6.240798771117332,,10.22146_ajche.82419_OA_part_2.txt_段1_Material1,1741000.0000000016
[*]OCCOC(CC(C([*])=O)C(C1CCCCC1)CC(CC(O)=O)C(OCCO)=O)=O,OC1=C(C=CC=C1CC2=CC=CC([*])=C2O)CC3=CC=CC([*])=C3O,,6.012837224705172,,10.4028_www.scientific.net_amr.1134.61_part_1.txt_段1_Material1,1029999.9999999997
[*]OCCOC(CC(C([*])=O)C(C1CCCCC1)CC(CC(O)=O)C(OCCO)=O)=O,[*]C(CCCCCO[*])=O,,6.580468783951002,,10.1002_pc.22726_part_2.txt_段1_Material1,3806000.0
[*]OCCOC(CC(C([*])=O)C(C1CCCCC1)CC(CC(O)=O)C(OCCO)=O)=O,[*]C([H])([H])C(O)([H])[*],,5.778151250383644,,10.1155_2016_3042392_part_2.txt_段1_Material1,600000.0000000003
[*]OCCOC(CC(C([*])=O)C(C1CCCCC1)CC(CC(O)=O)C(OCCO)=O)=O,[*]C1=C(C(C[*])=CC=C1)O,,5.732393759822968,,10.1007_s12221-016-5888-y_part_2.txt_段1_Material1,539999.9999999995
[*]OCCOC(CC(C([*])=O)C(C1CCCCC1)CC(CC(O)=O)C(OCCO)=O)=O,[H]N(C(O[*])=O)CCCCCCN(C(OCCCCO[*])=O)[H],,6.277090960334402,,10.1177_0967391119852882_part_2.txt_段1_Material2,1892739.999999998
[*]OCCOC(CC(C([*])=O)C(C1CCCCC1)CC(CC(O)=O)C(OCCO)=O)=O,[H]N(C([H])([H])C(N([H])C(C)([H])C(N(C([H])([H])C([*])=O)[H])=O)=O)C(C(N([*])[H])(C)[H])=O,,5.857332496431268,,10.1002_app.51305_part_2.txt_段1_Material1,719999.9999999994
[*]OCC[*],[*]CCCCOCCCCOCCCCOCCCCO[*],,4.685741738602264,,10.1038_pj.2013.39_part_1.txt_段1_Material1,48500.00000000004
[*]OCC[*],[H]N(C([H])([H])C(N([H])C(C)([H])C(N(C([H])([H])C([*])=O)[H])=O)=O)C(C(N([*])[H])(C)[H])=O,,6.204119982655925,,10.1021_acs.biomac.8b01715_part_2.txt_段1_Material1,1600000.000000001
[*]O[C@H](C)CC([*])=O,[*]C(CCCCCO[*])=O,,5.585460729508501,,10.1016_j.clay.2012.01.001_part_2.txt_段1_Material1,385000.0000000003
[*]O[C@H](C)CC([*])=O,[*]OCCCCOC(CCC([*])=O)=O,,6.653212513775344,,10.1002_pi.6282_part_3.txt_段1_Material2,4500000.000000003
[H]N(C(O[*])=O)CCCCCCN(C(OCCCCO[*])=O)[H],CCCCCCC1=C(SC([*])=C1)[*],,4.184691430817598,,10.1016_j.jiec.2017.03.036_part_18.txt_段1_Material2,15299.999999999987
[H]N(C(O[*])=O)CCCCCCN(C(OCCCCO[*])=O)[H],COC(C(C[*])([*])C)=O,,4.933993163831242,,10.1007_s11998-021-00476-y_part_1.txt_段1_Material1,85899.99999999994
[H]N(C(O[*])=O)CCCCCCN(C(OCCCCO[*])=O)[H],C[Si](C)(C[*])O[*],,5.3979400086720375,,10.5301_jabfm.5000192_part_1.txt_段1_Material1,250000.0
[H]N(C(O[*])=O)CCCCCCN(C(OCCCCO[*])=O)[H],O=C(O)C(C[*])CC(CC(C(C(O)=O)[*])C(O)=O)C(O)=O,,6.0,,10.1080_10601325.2018.1561151_part_2.txt_段1_Material1,1000000.0
[H]N(C(O[*])=O)CCCCCCN(C(OCCCCO[*])=O)[H],O=C(O)C([*])C[*],,4.469365398766434,,10.1002_polb.23639_part_1.txt_段1_Material1,29469.0
[H]N(C(O[*])=O)CCCCCCN(C(OCCCCO[*])=O)[H],O=C([*])C(C)O[*],,6.041392685158225,,10.1007_s10856-017-5999-z_part_2.txt_段1_Material1,1100000.0000000007
[H]N(C(O[*])=O)CCCCCCN(C(OCCCCO[*])=O)[H],OC(C(C)(CC(C1=CC=CC=C1)[*])CC(C[*])(C(OCC2CO2)=O)C)=O,,5.079181246047625,,10.1021_acs.biomac.9b01255_part_8.txt_段1_Material1,120000.00000000007
[H]N(C(O[*])=O)CCCCCCN(C(OCCCCO[*])=O)[H],[*]C(CCCCC(OCCCCO[*])=O)=O,,3.892651033877301,,10.1039_c9py00261h_part_1.txt_段1_Material1,7810.000000000009
[H]N(C(O[*])=O)CCCCCCN(C(OCCCCO[*])=O)[H],[*]C(CCCCCO[*])=O,,5.079181246047625,,10.4236_ojpchem.2018.81002_OA_part_1.txt_段1_Material1,120000.00000000007
[H]N(C(O[*])=O)CCCCCCN(C(OCCCCO[*])=O)[H],[*]C([H])([H])C(O)([H])[*],,5.575187844927661,,10.1016_j.carbon.2017.04.002_part_1.txt_段1_Material1,375999.9999999998
[H]N(C(O[*])=O)CCCCCCN(C(OCCCCO[*])=O)[H],[*]C1=C(C=CN2)C2=C([*])C(O)=C1O,,4.56157836830096,,10.1016_j.compositesb.2021.109273_part_1.txt_段1_Material1,36439.99999999997
[H]N(C(O[*])=O)CCCCCCN(C(OCCCCO[*])=O)[H],[*]C1=CC=C([*])N1,,7.133858125203335,,10.1016_j.compositesa.2020.105810_part_1.txt_段1_Material1,13610000.000000006
[H]N(C(O[*])=O)CCCCCCN(C(OCCCCO[*])=O)[H],[*]CC(C#N)[*],,3.964730921053629,,10.1016_j.polymer.2020.122855_part_5.txt_段1_Material1,9219.999999999987
[H]N(C(O[*])=O)CCCCCCN(C(OCCCCO[*])=O)[H],[*]CC(C)(C(OCCO)=O)[*],,3.6972293427597176,,10.1007_s11998-016-9906-1_part_2.txt_段1_Material1,4980.000000000001
[H]N(C(O[*])=O)CCCCCCN(C(OCCCCO[*])=O)[H],[*]CC(C1=CC=CC=C1)[*],,6.0,,10.1002_bkcs.11696_part_1.txt_段1_Material1,1000000.0
[H]N(C(O[*])=O)CCCCCCN(C(OCCCCO[*])=O)[H],[*]CC([*])Cl,,6.690196080028514,,10.1016_j.pnsc.2017.06.001_part_1.txt_段1_Material1,4900000.000000002
[H]N(C(O[*])=O)CCCCCCN(C(OCCCCO[*])=O)[H],[*]CCC(CCCC(CCCC(C[*])C)C)C,,6.079181246047625,,10.1016_j.triboint.2018.11.010_part_2.txt_段1_Material1,1200000.0000000007
[H]N(C(O[*])=O)CCCCCCN(C(OCCCCO[*])=O)[H],[*]CCCCOCCCCOCCCCOCCCCO[*],,4.064457989226918,,10.1016_j.porgcoat.2020.105545_part_2.txt_段1_Material1,11599.99999999999
[H]N(C(O[*])=O)CCCCCCN(C(OCCCCO[*])=O)[H],[*]CCCCO[*],,3.686636269262293,,10.4236_ojopm.2016.61005_OA_part_2.txt_段1_Material1,4859.9999999999945
[H]N(C(O[*])=O)CCCCCCN(C(OCCCCO[*])=O)[H],[*]CC[*],,5.168939213835978,,10.5267_j.esm.2018.3.005_part_2.txt_段1_Material1,147549.99999999997
[H]N(C(O[*])=O)CCCCCCN(C(OCCCCO[*])=O)[H],[*]OCCOC(CC(C([*])=O)C(C1CCCCC1)CC(CC(O)=O)C(OCCO)=O)=O,,6.079181246047625,,10.1007_s10924-019-01623-8_part_1.txt_段1_Material1,1200000.0000000007
[H]N(C(O[*])=O)CCCCCCN(C(OCCCCO[*])=O)[H],[*]OCC[*],,5.648360010980932,,10.1177_1099636219837701_part_1.txt_段1_Material1,445000.0000000004
[H]N(C([H])([H])C(N([H])C(C)([H])C(N(C([H])([H])C([*])=O)[H])=O)=O)C(C(N([*])[H])(C)[H])=O,C/C(C[*])=C/C[*],,4.57978359661681,,10.3390_molecules25010235_part_1.txt_段1_Material1,38000.0
[H]N(C([H])([H])C(N([H])C(C)([H])C(N(C([H])([H])C([*])=O)[H])=O)=O)C(C(N([*])[H])(C)[H])=O,CC(NC(C([*])C)=O)C(NC(C)C(NC(C)C(N[*])=O)=O)=O,,6.57978359661681,,10.1177_0021998317743563_part_2.txt_段1_Material1,3800000.0
[H]N(C([H])([H])C(N([H])C(C)([H])C(N(C([H])([H])C([*])=O)[H])=O)=O)C(C(N([*])[H])(C)[H])=O,O=C(C1=CC=C(C=C1)C(OCC[*])=O)O[*],,7.19942604159399,,10.1007_s40034-013-0019-4_part_1.txt_段1_Material1,15828000.00000001
[H]N(C([H])([H])C(N([H])C(C)([H])C(N(C([H])([H])C([*])=O)[H])=O)=O)C(C(N([*])[H])(C)[H])=O,O=C(N)C([*])C[*],,4.0,,10.1016_j.actbio.2021.02.018_part_3.txt_段1_Material2,10000.0
[H]N(C([H])([H])C(N([H])C(C)([H])C(N(C([H])([H])C([*])=O)[H])=O)=O)C(C(N([*])[H])(C)[H])=O,O=C([*])C(C)O[*],,6.32221929473392,,10.1016_j.msec.2019.109890_part_1.txt_段1_Material1,2100000.0000000056
[H]N(C([H])([H])C(N([H])C(C)([H])C(N(C([H])([H])C([*])=O)[H])=O)=O)C(C(N([*])[H])(C)[H])=O,[*]C(C(OC(CO[*])=O)C)=O,,5.205096047578484,,10.1002_mame.201700666_part_1.txt_段1_Material1,160360.00000000015
[H]N(C([H])([H])C(N([H])C(C)([H])C(N(C([H])([H])C([*])=O)[H])=O)=O)C(C(N([*])[H])(C)[H])=O,[*]C(C)C(OCC(O[*])=O)=O,,6.531478917042255,,10.1155_2019_8050413_part_2.txt_段1_Material4,3400000.000000002
[H]N(C([H])([H])C(N([H])C(C)([H])C(N(C([H])([H])C([*])=O)[H])=O)=O)C(C(N([*])[H])(C)[H])=O,[*]C(CCCCCO[*])=O,,6.079181246047625,,10.1177_155892501701200303_part_3.txt_段1_Material2,1200000.0000000007
[H]N(C([H])([H])C(N([H])C(C)([H])C(N(C([H])([H])C([*])=O)[H])=O)=O)C(C(N([*])[H])(C)[H])=O,[*]C([C@H](C)OC([C@H](C)O[*])=O)=O,,5.491361693834273,,10.1007_s12221-019-1188-7_part_1.txt_段1_Material1,310000.0000000003
[H]N(C([H])([H])C(N([H])C(C)([H])C(N(C([H])([H])C([*])=O)[H])=O)=O)C(C(N([*])[H])(C)[H])=O,[*]CC([*])Cl,,4.892372907398436,,10.1039_c6tb01055e_part_2.txt_段1_Material1,78050.0
[H]N(C([H])([H])C(N([H])C(C)([H])C(N(C([H])([H])C([*])=O)[H])=O)=O)C(C(N([*])[H])(C)[H])=O,[*]CCN[*],,6.176091259055681,,10.1016_j.tibtech.2018.04.004_part_3.txt_段1_Material6,1500000.0000000005
[H]N(C([H])([H])C(N([H])C(C)([H])C(N(C([H])([H])C([*])=O)[H])=O)=O)C(C(N([*])[H])(C)[H])=O,[H]N(C(O[*])=O)CCCCCCN(C(OCCCCO[*])=O)[H],,4.089905111439398,,10.4028_www.scientific.net_msf.848.557_part_1.txt_段1_Material1,12300.000000000004
O=C(C(C[*])[*])N,[*]C(CCCCC(OCCCCO[*])=O)=O,,2.7481880270062,,101039_d5ta04790k_段2-4_extracted.txt_Part1_Material3,559.9999999999992
[*]OCC[*],O=C(N1C(C([*])=O)CC(O)C1)CNC(C2CCCN2[*])=O,,4.778151250383644,,101016_jmtcomm2025112498_段8-10_extracted.txt_Part1_Material1,60000.00000000003
[*]CCN[*],[H]N(C([H])([H])C(N([H])C(C)([H])C(N(C([H])([H])C([*])=O)[H])=O)=O)C(C(N([*])[H])(C)[H])=O,,,11.18,10.1111_j.1365-2230.2011.04331.x_part_1.txt_段1_Material1,
[H]N(C([H])([H])C(N([H])C(C)([H])C(N(C([H])([H])C([*])=O)[H])=O)=O)C(C(N([*])[H])(C)[H])=O,[*]C(C(OC1O[*])COC(C)=O)C(O)C1NC(C)=O,,,0.919,10.1016_j.ijbiomac.2019.06.245_part_1.txt_段1_Material1,
[H]N(C([H])([H])C(N([H])C(C)([H])C(N(C([H])([H])C([*])=O)[H])=O)=O)C(C(N([*])[H])(C)[H])=O,[*]C(CCCCCO[*])=O,,,1.535,10.1002_mabi.201300497_10.1002_mabi.201300497_part_1.txt_段1_Material1,
[*]C(CCCCCO[*])=O,O=C(O)C([*])C[*],,,0.3781,10.1016_j.ijbiomac.2019.09.101_part_4.txt_段1_Material1,
CC(NC(C([*])C)=O)C(NC(C)C(NC(C)C(N[*])=O)=O)=O,[H]N(C([H])([H])C(N([H])C(C)([H])C(N(C([H])([H])C([*])=O)[H])=O)=O)C(C(N([*])[H])(C)[H])=O,,,8.2277,10.1080_09205063.2021.1952383_part_1.txt_段1_Material1,
[*]C([H])([H])C(O)([H])[*],[*]C(CCCCCO[*])=O,,,5.21,10.1002_app.43309_part_1.txt_段1_Material1,
[*]O[C@H](C)CC([*])=O,[*]C(CCCCCO[*])=O,,,1.0,10.1007_s10965-010-9525-y_part_2.txt_段1_Material1,
O=C([*])C(C)O[*],[*]C(CCCCCO[*])=O,,,0.95,10.1016_j.matchemphys.2017.03.051_part_5.txt_段1_Material1,
[H]N(C([H])([H])C(N([H])C(C)([H])C(N(C([H])([H])C([*])=O)[H])=O)=O)C(C(N([*])[H])(C)[H])=O,[*]OCC[*],,,1.8142,10.1002_app.39611_part_2.txt_段1_Material1,
[H]N(C(O[*])=O)CCCCCCN(C(OCCCCO[*])=O)[H],[*]OCC[*],,,6.07,10.1016_j.reactfunctpolym.2019.104433_part_4.txt_段1_Material1,
[H]N(C(O[*])=O)CCCCCCN(C(OCCCCO[*])=O)[H],C[Si](O[*])(C)[*],,,0.1375,10.1007_s00289-018-2666-6_part_3.txt_段1_Material1,
[*]C(C)C[*],[*]C(CCCCCO[*])=O,,,3.9,10.1002_adfm.201500105_part_1.txt_段1_Material1,
[H]N(C(O[*])=O)CCCCCCN(C(OCCCCO[*])=O)[H],[*]CC([*])N1CCCC1=O,,,3.408,10.1002_adv.20254_part_2.txt_段1_Material1,
[H]N(C([H])([H])C(N([H])C(C)([H])C(N(C([H])([H])C([*])=O)[H])=O)=O)C(C(N([*])[H])(C)[H])=O,O=C(N1C(C([*])=O)CC(O)C1)CNC(C2CCCN2[*])=O,,,21.02,10.3390_polym12020372_part_2.txt_段1_Material4,
[*]OCC[*],[*]C(CCCCCO[*])=O,,,2.805,10.1016_j.jiec.2021.05.051_part_8.txt_段1_Material1,
O=C(C(C[*])[*])N,CC(NC(C([*])C)=O)C(NC(C)C(NC(C)C(N[*])=O)=O)=O,,,1.12,10.1016_j.biomaterials.2012.06.091_part_1.txt_段1_Material1,
[*]C([H])([H])C(O)([H])[*],[H]N(C([H])([H])C(N([H])C(C)([H])C(N(C([H])([H])C([*])=O)[H])=O)=O)C(C(N([*])[H])(C)[H])=O,,,10.0,10.1088_1748-6041_9_6_065002_part_1.txt_段1_Material1,
CC(NC(C([*])C)=O)C(NC(C)C(NC(C)C(N[*])=O)=O)=O,[*]OCC[*],,,18.0,10.1016_j.polymertesting.2019.05.006_part_1.txt_段1_Material1,
[*]C(C)C(OCC(O[*])=O)=O,[*]C(CCCCCO[*])=O,,,12.0,10.1039_c8bm00705e_part_1.txt_段1_Material1,
[*]C(CCCCCO[*])=O,[H]N(C(O[*])=O)CCCCCCN(C(OCCCCO[*])=O)[H],,,0.0515,10.4028_www.scientific.net_amr.879.119_part_2.txt_段1_Material1,
[*]CC(C)(C(OCCO)=O)[*],O=C(N1C(C([*])=O)CC(O)C1)CNC(C2CCCN2[*])=O,,,0.9,10.1007_s00289-014-1235-x_part_2.txt_段1_Material2,
O=C(C(C[*])[*])N,O=C(N1C(C([*])=O)CC(O)C1)CNC(C2CCCN2[*])=O,,,7.7,10.1007_s00289-014-1235-x_part_2.txt_段1_Material1,
[*]C(CCCCCO[*])=O,[H]N(C([H])([H])C(N([H])C(C)([H])C(N(C([H])([H])C([*])=O)[H])=O)=O)C(C(N([*])[H])(C)[H])=O,,,1.86,10.1002_app.41653_part_2.txt_段1_Material3,
[H]N(C([H])([H])C(N([H])C(C)([H])C(N(C([H])([H])C([*])=O)[H])=O)=O)C(C(N([*])[H])(C)[H])=O,[*]C([H])([H])C(O)([H])[*],,,0.998,10.1088_1748-6041_9_6_065002_part_2.txt_段1_Material3,
[H]N(C(O[*])=O)CCCCCCN(C(OCCCCO[*])=O)[H],C[Si](C)(C[*])O[*],,,0.073,10.1016_j.colsurfa.2020.124994_part_3.txt_段1_Material1,
CC(NC(C([*])C)=O)C(NC(C)C(NC(C)C(N[*])=O)=O)=O,[*]C([H])([H])C(O)([H])[*],,,1.7,10.3390_molecules22050721_part_2.txt_段1_Material1,
OCC(OCC(COCC(CO[*])O)O)COCC(OCC(COCC(CO)O)O)COCC(COCC(CO[*])O)O,[*]OCC[*],,,9.43,使用电子束的超支化聚(缩水甘油) 聚(环氧乙烷)交联水凝胶用于组织工程支架.pdf,
O=C(N1C(C([*])=O)CC(O)C1)CNC(C2CCCN2[*])=O,O=C(N1C(C([*])=O)CC(O)C1)CNC(C2CCCN2[*])=O,,,0.35,新型透明质酸-酪氨酸 胶原蛋白基注射水凝胶作为组织工程的软填料.pdf,
O=C(N1C(C([*])=O)CC(O)C1)CNC(C2CCCN2[*])=O,[*]CC(C1=CC=C(C=C1)S(=O)(O[Na])=O)[*],,,18.0,用水溶性聚合物对胶原衍生物进行改性以开发用于控释的交联水凝胶.pdf,
[*]C(CCCCCO[*])=O,[*]OCC[*],,,7.6,用于细胞打印的高弹性可生物降解单网络水凝胶.pdf,
O=C(N)C([*])C[*],[H]N(C(O[*])=O)CCCCCCN(C(OCCCCO[*])=O)[H],,,0.23,PNIPA 水凝胶复合材料的制备和力学表征.pdf,
[*]OCC[*],[H]N(C(O[*])=O)CCCCCCN(C(OCCCCO[*])=O)[H],,,3.98,原位水诱导微相分离制备具有多重氢键互锁双连续相结构的坚韧聚氨酯水凝胶.pdf,
[*]OCC[*],[H]N(C([H])([H])C(N([H])C(C)([H])C(N(C([H])([H])C([*])=O)[H])=O)=O)C(C(N([*])[H])(C)[H])=O,,,12.0,辣根过氧化物酶催化poly-PEGDMA接枝聚合制备丝胶蛋白复合水凝胶.pdf,
C/C(C[*])=C/C[*],[*]C(N(CN(C(OCOC(N(CN(C(OCCO[*])=O)[H])[H])=O)=O)[H])[H])=O,,3.661812685537261,,10.4028_www.scientific.net_amr.844.93_part_1.txt_段1_Material4,4589.999999999997
COC(C(C[*])([*])C)=O,[*]C(N(CN(C(OCOC(N(CN(C(OCCO[*])=O)[H])[H])=O)=O)[H])[H])=O,,6.447158031342219,,10.1016_j.wear.2017.11.024_part_1.txt_段1_Material1,2800000.0000000014
C[Si](O[*])(C)[*],[*]C(N(CN(C(OCOC(N(CN(C(OCCO[*])=O)[H])[H])=O)=O)[H])[H])=O,,4.146128035678238,,10.1038_s41427-024-00546-8_OA_part_1.txt_段1_Material1,14000.000000000004
O=C([*])C(C)O[*],[*]C(N(CN(C(OCOC(N(CN(C(OCCO[*])=O)[H])[H])=O)=O)[H])[H])=O,,6.15839265038712,,10.1007_s10570-018-2061-3_part_4.txt_段1_Material1,1440100.0000000012
O=C([*])CCCCCN[*],[*]C(N(CN(C(OCOC(N(CN(C(OCCO[*])=O)[H])[H])=O)=O)[H])[H])=O,,4.742725131304698,,10.1007_s10965-011-9764-6_part_1.txt_段1_Material1,55299.99999999995
OCC1OC(C(C(C1O[*])O)O)[*],[*]C(N(CN(C(OCOC(N(CN(C(OCCO[*])=O)[H])[H])=O)=O)[H])[H])=O,,5.507855871695831,,10.1007_s10570-011-9623-y_part_1.txt_段1_Material1,322000.00000000023
[*]C(C)C[*],[*]C(N(CN(C(OCOC(N(CN(C(OCCO[*])=O)[H])[H])=O)=O)[H])[H])=O,,4.153204900084284,,10.1021_la4023079_part_1.txt_段1_Material1,14229.999999999993
[*]C(CCCCCO[*])=O,[*]C(N(CN(C(OCOC(N(CN(C(OCCO[*])=O)[H])[H])=O)=O)[H])[H])=O,,4.4048337166199385,,10.1002_app.38408_part_1.txt_段1_Material1,25400.000000000025
[*]C(N(CN(C(OCOC(N(CN(C(OCCO[*])=O)[H])[H])=O)=O)[H])[H])=O,C/C(C[*])=C/C[*],,4.643452676486188,,10.1007_s13233-014-2077-y_part_1.txt_段1_Material2,44000.00000000005
[*]C(N(CN(C(OCOC(N(CN(C(OCCO[*])=O)[H])[H])=O)=O)[H])[H])=O,CCCCCCC1=C(SC([*])=C1)[*],,5.811709026696192,,10.1002_app.38397_part_2.txt_段1_Material2,648200.0000000019
[*]C(N(CN(C(OCOC(N(CN(C(OCCO[*])=O)[H])[H])=O)=O)[H])[H])=O,COC(C(C[*])([*])C)=O,,4.887054378050957,,10.1016_j.compscitech.2013.08.011_part_1.txt_段1_Material1,77099.99999999997
[*]C(N(CN(C(OCOC(N(CN(C(OCCO[*])=O)[H])[H])=O)=O)[H])[H])=O,C[Si](C)(C[*])O[*],,3.857332496431269,,10.5254_rct.15.84885_part_1.txt_段1_Material1,7200.000000000008
[*]C(N(CN(C(OCOC(N(CN(C(OCCO[*])=O)[H])[H])=O)=O)[H])[H])=O,C[Si](O[*])(C)[*],,3.792391689498254,,10.4236_ojsta.2015.43005_OA_part_3.txt_段1_Material1,6200.0
[*]C(N(CN(C(OCOC(N(CN(C(OCCO[*])=O)[H])[H])=O)=O)[H])[H])=O,O=C(O)C([*])C[*],,4.382017042574868,,10.1016_j.polymer.2013.07.005_part_2.txt_段1_Material1,24100.0
[*]C(N(CN(C(OCOC(N(CN(C(OCCO[*])=O)[H])[H])=O)=O)[H])[H])=O,O=C([*])C(C)O[*],,6.079181246047625,,10.1088_1361-665x_aab417_part_2.txt_段1_Material1,1200000.0000000007
[*]C(N(CN(C(OCOC(N(CN(C(OCCO[*])=O)[H])[H])=O)=O)[H])[H])=O,O=C1CCCN1C([*])C[*],,3.8790958795000727,,10.1016_j.matdes.2013.11.029_part_1.txt_段1_Material1,7569.999999999999
[*]C(N(CN(C(OCOC(N(CN(C(OCCO[*])=O)[H])[H])=O)=O)[H])[H])=O,[*]C(C)C[*],,6.079181246047625,,10.4028_www.scientific.net_amr.849.121_part_1.txt_段1_Material1,1200000.0000000007
[*]C(N(CN(C(OCOC(N(CN(C(OCCO[*])=O)[H])[H])=O)=O)[H])[H])=O,[*]C(CCCCCO[*])=O,,4.495544337546448,,10.1177_0095244314568691_part_3.txt_段1_Material3,31299.99999999999
[*]C(N(CN(C(OCOC(N(CN(C(OCCO[*])=O)[H])[H])=O)=O)[H])[H])=O,[*]C(N(CN(C(OCOC(N(CN(C(OCCO[*])=O)[H])[H])=O)=O)[H])[H])=O,,6.102135154272175,,10.1002_app.41849_part_2.txt_段1_Material1,1265130.000000001
[*]C(N(CN(C(OCOC(N(CN(C(OCCO[*])=O)[H])[H])=O)=O)[H])[H])=O,[*]C(OCCCO[*])=O,,3.462397997898956,,10.1021_bm2007218_part_2.txt_段1_Material2,2900.0
[*]C(N(CN(C(OCOC(N(CN(C(OCCO[*])=O)[H])[H])=O)=O)[H])[H])=O,[*]C([C@H](C)OC([C@H](C)O[*])=O)=O,,6.049218022670182,,10.1002_app.51014_part_2.txt_段1_Material3,1120000.000000001
[*]C(N(CN(C(OCOC(N(CN(C(OCCO[*])=O)[H])[H])=O)=O)[H])[H])=O,[*]C1=CC=C([*])N1,,4.303196057420489,,10.1016_j.synthmet.2020.116414_part_2.txt_段1_Material2,20099.99999999999
[*]C(N(CN(C(OCOC(N(CN(C(OCCO[*])=O)[H])[H])=O)=O)[H])[H])=O,[*]CC(C#N)[*],,5.505149978319906,,10.1007_s10965-010-9438-9_part_1.txt_段1_Material1,320000.00000000023
[*]C(N(CN(C(OCOC(N(CN(C(OCCO[*])=O)[H])[H])=O)=O)[H])[H])=O,[*]CC(C1=CC=C(C=C1)S(O)(=O)=O)[*],,4.3979400086720375,,10.1088_1361-665x_ab20a2_part_3.txt_段1_Material1,25000.0
[*]C(N(CN(C(OCOC(N(CN(C(OCCO[*])=O)[H])[H])=O)=O)[H])[H])=O,[*]CC(CC=CCC([*])C1=CC=CC=C1)C#N,,4.721810615212546,,10.1002_pc.24387_part_2.txt_段1_Material1,52699.99999999996
[*]C(N(CN(C(OCOC(N(CN(C(OCCO[*])=O)[H])[H])=O)=O)[H])[H])=O,[*]CC=CCCC(C#N)[*],,4.505149978319906,,10.1007_s13233-014-2077-y_part_1.txt_段1_Material3,32000.000000000025
[*]C(N(CN(C(OCOC(N(CN(C(OCCO[*])=O)[H])[H])=O)=O)[H])[H])=O,[*]CCCC(C1C([*])C2CC1C/C2=C/C)C,,4.5910646070265,,10.1007_s13233-014-2077-y_part_1.txt_段1_Material1,39000.00000000011
[*]C(N(CN(C(OCOC(N(CN(C(OCCO[*])=O)[H])[H])=O)=O)[H])[H])=O,[*]OCC[*],,2.6020599913279625,,10.1007_s10853-016-0689-7_part_1.txt_段1_Material1,400.0000000000001
[*]C(N(CN(C(OCOC(N(CN(C(OCCO[*])=O)[H])[H])=O)=O)[H])[H])=O,[H]N(C(O[*])=O)CCCCCCN(C(OCCCCO[*])=O)[H],,3.008600171761917,,10.1002_app.39670_part_2.txt_段1_Material1,1019.9999999999987
[*]C(N(CN(C(OCOC(N(CN(C(OCCO[*])=O)[H])[H])=O)=O)[H])[H])=O,[H]N(C1=CC=C(C=C1)CC2=CC=C(C=C2)N(C(OCCO[*])=O)[H])C([*])=O,,5.949390006644912,,10.1080_03602559.2013.820757_part_2.txt_段1_Material1,889999.9999999991
[*]C([C@H](C)OC([C@H](C)O[*])=O)=O,[*]C(N(CN(C(OCOC(N(CN(C(OCCO[*])=O)[H])[H])=O)=O)[H])[H])=O,,6.32221929473392,,10.1021_acssuschemeng.5b00816_part_2.txt_段1_Material1,2100000.0000000056
[*]C/C=C(C[*])\Cl,[*]C(N(CN(C(OCOC(N(CN(C(OCCO[*])=O)[H])[H])=O)=O)[H])[H])=O,,3.942008053022313,,10.3390_ma11112175_part_2.txt_段1_Material3,8749.999999999998
[*]CC=CCCC(C#N)[*],[*]C(N(CN(C(OCOC(N(CN(C(OCCO[*])=O)[H])[H])=O)=O)[H])[H])=O,,3.833147111912785,,10.3390_ma11112175_part_2.txt_段1_Material2,6809.999999999999
[*]CC=CCCC(C1=CC=CC=C1)[*],[*]C(N(CN(C(OCOC(N(CN(C(OCCO[*])=O)[H])[H])=O)=O)[H])[H])=O,,3.589949601325708,,10.3390_ma11112175_part_2.txt_段1_Material4,3890.000000000004
[*]CCCC(C1C([*])C2CC1C/C2=C/C)C,[*]C(N(CN(C(OCOC(N(CN(C(OCCO[*])=O)[H])[H])=O)=O)[H])[H])=O,,3.709269960975831,,10.3390_ma11112175_part_2.txt_段1_Material5,5120.000000000001
[H]N(C([H])([H])C(N([H])C(C)([H])C(N(C([H])([H])C([*])=O)[H])=O)=O)C(C(N([*])[H])(C)[H])=O,[*]C(N(CN(C(OCOC(N(CN(C(OCCO[*])=O)[H])[H])=O)=O)[H])[H])=O,,4.301029995663981,,10.1007_s00595-017-1615-6_part_1.txt_段1_Material1,20000.000000000004
[H]N(C1=CC=C(C=C1)CC2=CC=C(C=C2)N(C(OCCO[*])=O)[H])C([*])=O,[*]C(N(CN(C(OCOC(N(CN(C(OCCO[*])=O)[H])[H])=O)=O)[H])[H])=O,,6.176091259055681,,10.1080_03602559.2013.820757_part_1.txt_段1_Material1,1500000.0000000005
CC(NC1C([C@@H](C(O[C@H]1O[*])CO)O[C@@H]2OC([C@H]([C@@H](C2NC(C)=O)O)[*])CO)O)=O,[*]NC(C(N1CCCC1C(NCC(N2CC(CC2C(NC(C(NCC([*])=O)=O)CO)=O)O)=O)=O)=O)CCCCN,,4.072984744627931,,10.1021_acs.jafc.9b00984_part_1.txt_段1_Material1,11830.000000000013
COC(C(C[*])([*])C)=O,[*]NC(C(N1CCCC1C(NCC(N2CC(CC2C(NC(C(NCC([*])=O)=O)CO)=O)O)=O)=O)=O)CCCCN,,4.5003737143533735,,10.1007_s12221-012-0994-y_part_1.txt_段1_Material1,31649.99999999997
O=C(N)C([*])C[*],[*]NC(C(N1CCCC1C(NCC(N2CC(CC2C(NC(C(NCC([*])=O)=O)CO)=O)O)=O)=O)=O)CCCCN,,2.57978359661681,,10.1016_j.polymer.2021.123786_part_1.txt_段1_Material1,380.0
O=C(N1C(C([*])=O)CC(O)C1)CNC(C2CCCN2[*])=O,[*]NC(C(N1CCCC1C(NCC(N2CC(CC2C(NC(C(NCC([*])=O)=O)CO)=O)O)=O)=O)=O)CCCCN,,6.501059262217751,,10.1016_j.foodchem.2020.128802_part_1.txt_段1_Material1,3169999.999999998
O=C([*])CCCCCO[*],[*]NC(C(N1CCCC1C(NCC(N2CC(CC2C(NC(C(NCC([*])=O)=O)CO)=O)O)=O)=O)=O)CCCCN,,6.176091259055681,,10.1177_0885328213502100_part_1.txt_段1_Material1,1500000.0000000005
OCC(C(C(C1N)O)O[*])OC1OC2C(OC(C(C2O)N)[*])CO,[*]NC(C(N1CCCC1C(NCC(N2CC(CC2C(NC(C(NCC([*])=O)=O)CO)=O)O)=O)=O)=O)CCCCN,,5.176091259055681,,10.1016_j.ijbiomac.2019.04.115_part_1.txt_段1_Material1,150000.00000000003
OCC(C(C(C1N)O)O[*])OC1OC2C(OC(C(C2O)N)[*])CO,[*]NC(C(N1CCCC1C(NCC(N2CC(CC2C(NC(C(NCC([*])=O)=O)CO)=O)O)=O)=O)=O)CCCCN,,6.002166061756507,,10.1016_j.foodhyd.2014.09.038_part_2.txt_段1_Material3,1004999.9999999992
[*]C(C)C(OCC(O[*])=O)=O,[*]NC(C(N1CCCC1C(NCC(N2CC(CC2C(NC(C(NCC([*])=O)=O)CO)=O)O)=O)=O)=O)CCCCN,,4.1476763242410986,,10.3389_fbioe.2020.00971_part_2.txt_段1_Material1,14049.999999999996
[*]C(CCCCCO[*])=O,[*]NC(C(N1CCCC1C(NCC(N2CC(CC2C(NC(C(NCC([*])=O)=O)CO)=O)O)=O)=O)=O)CCCCN,,4.212187604403958,,10.1177_1528083721991595_part_4.txt_段1_Material1,16300.000000000013
[*]C(N(CN(C(OCOC(N(CN(C(OCCO[*])=O)[H])[H])=O)=O)[H])[H])=O,[*]NC(C(N1CCCC1C(NCC(N2CC(CC2C(NC(C(NCC([*])=O)=O)CO)=O)O)=O)=O)=O)CCCCN,,4.8221680793680175,,10.1016_j.porgcoat.2014.03.011_part_1.txt_段1_Material1,66400.0
[*]C([C@H](C)OC([C@H](C)O[*])=O)=O,[*]NC(C(N1CCCC1C(NCC(N2CC(CC2C(NC(C(NCC([*])=O)=O)CO)=O)O)=O)=O)=O)CCCCN,,4.66661156841903,,10.1039_c5bm00414d_part_2.txt_段1_Material1,46409.99999999997
[*]C([H])([H])C(O)([H])[*],[*]NC(C(N1CCCC1C(NCC(N2CC(CC2C(NC(C(NCC([*])=O)=O)CO)=O)O)=O)=O)=O)CCCCN,,3.959041392321093,,10.1016_j.matpr.2020.12.297_part_1.txt_段1_Material1,9099.999999999987
[*]C1C(OC(C(C1O)O)OC2C(OC(C(C2O)O)OC3C(OC(C(C3O)O)O[*])CO)CO)CO,[*]NC(C(N1CCCC1C(NCC(N2CC(CC2C(NC(C(NCC([*])=O)=O)CO)=O)O)=O)=O)=O)CCCCN,,5.797267540830717,,10.1016_j.foodhyd.2016.05.008_part_2.txt_段1_Material1,627000.0000000006
[*]CC(C)(C(OCCO)=O)[*],[*]NC(C(N1CCCC1C(NCC(N2CC(CC2C(NC(C(NCC([*])=O)=O)CO)=O)O)=O)=O)=O)CCCCN,,2.9474337218870508,,10.1002_pen.24884_part_2.txt_段1_Material2,886.0
[*]NC(C(N1CCCC1C(NCC(N2CC(CC2C(NC(C(NCC([*])=O)=O)CO)=O)O)=O)=O)=O)CCCCN,O=C(N)C([*])C[*],,1.9242792860618816,,10.1039_c7tb01780d_part_1.txt_段1_Material1,83.99999999999999
[*]NC(C(N1CCCC1C(NCC(N2CC(CC2C(NC(C(NCC([*])=O)=O)CO)=O)O)=O)=O)=O)CCCCN,OC1C(OC(C(C1O)O)[*])CO[*],,6.354621218722914,,10.1016_j.lwt.2020.109536_part_2.txt_段1_Material1,2262669.999999999
[*]NC(C(N1CCCC1C(NCC(N2CC(CC2C(NC(C(NCC([*])=O)=O)CO)=O)O)=O)=O)=O)CCCCN,OCC(C(C(C1N)O)O[*])OC1OC2C(OC(C(C2O)N)[*])CO,,5.856227259455358,,10.1016_j.meatsci.2020.108161_part_1.txt_段1_Material1,718170.0000000006
[*]NC(C(N1CCCC1C(NCC(N2CC(CC2C(NC(C(NCC([*])=O)=O)CO)=O)O)=O)=O)=O)CCCCN,OCC1OC(C(C(C1[*])O)O)OC2C(C(C(OC2CO)O[*])O)O,,6.431363764158987,,10.1021_acs.biomac.5b00345_part_2.txt_段1_Material1,2699999.9999999977
[*]NC(C(N1CCCC1C(NCC(N2CC(CC2C(NC(C(NCC([*])=O)=O)CO)=O)O)=O)=O)=O)CCCCN,OCC1OC(C(C(C1O[*])O)NC(C)=O)OC2C(O)C(C(OC2CO)[*])NC(C)=O,,3.4471580313422194,,10.1039_c6tb00021e_part_1.txt_段1_Material3,2800.0000000000014
[*]NC(C(N1CCCC1C(NCC(N2CC(CC2C(NC(C(NCC([*])=O)=O)CO)=O)O)=O)=O)=O)CCCCN,[*]C([H])([H])C(O)([H])[*],,3.0791812460476247,,10.1016_j.matdes.2019.108113_part_3.txt_段1_Material1,1199.9999999999995
[*]NC(C(N1CCCC1C(NCC(N2CC(CC2C(NC(C(NCC([*])=O)=O)CO)=O)O)=O)=O)=O)CCCCN,[*]C1=C(C=CN2)C2=C([*])C(O)=C1O,,5.556302500767287,,10.3389_fbioe.2022.940070_OA_part_2.txt_段1_Material1,359999.99999999965
[*]NC(C(N1CCCC1C(NCC(N2CC(CC2C(NC(C(NCC([*])=O)=O)CO)=O)O)=O)=O)=O)CCCCN,[*]C1C(C(C(OC1C(O[Na])=O)OC2C(C(O[Na])=O)OC(O[*])C(O)C2O)O)O,,4.334855689617291,,10.1088_1742-6596_1213_4_042020_part_2.txt_段1_Material1,21620.0
[*]NC(C(N1CCCC1C(NCC(N2CC(CC2C(NC(C(NCC([*])=O)=O)CO)=O)O)=O)=O)=O)CCCCN,[*]C1C(OC(C(C1O)O)OC2C(OC(C(C2O)O)OC3C(OC(C(C3O)O)O[*])CO)CO)CO,,4.167317334748176,,10.1016_j.jfoodeng.2010.02.023_part_1.txt_段1_Material1,14699.999999999982
[*]NC(C(N1CCCC1C(NCC(N2CC(CC2C(NC(C(NCC([*])=O)=O)CO)=O)O)=O)=O)=O)CCCCN,[*]NC(CCCCNC(C(C)=C)=O)C(N1CCCC1C(NCC(N2CC(O)CC2C(NC(COC(C(C)=C)=O)C(NCC([*])=O)=O)=O)=O)=O)=O,,0.6989700043360189,,10.1016_j.jcis.2019.12.048_part_3.txt_段1_Material1,5.000000000000001
[*]NC(C(N1CCCC1C(NCC(N2CC(CC2C(NC(C(NCC([*])=O)=O)CO)=O)O)=O)=O)=O)CCCCN,[*]OCC[*],,2.556302500767288,,10.1080_09205063.2020.1725861_part_4.txt_段1_Material1,360.00000000000074
[*]NC(C(N1CCCC1C(NCC(N2CC(CC2C(NC(C(NCC([*])=O)=O)CO)=O)O)=O)=O)=O)CCCCN,[H]N(C([H])([H])C(N([H])C(C)([H])C(N(C([H])([H])C([*])=O)[H])=O)=O)C(C(N([*])[H])(C)[H])=O,,5.812913356642856,,10.1016_j.matlet.2010.09.059_part_1.txt_段1_Material1,650000.0000000001
[*]NC(C(N1CCCC1C(NCC(N2CC(CC2C(NC(C(NCC([*])=O)=O)CO)=O)O)=O)=O)=O)CCCCN,OCC(C(C(C1N)O)O[*])OC1OC2C(OC(C(C2O)N)[*])CO,,5.186815124447454,,10.1016_j.foodchem.2015.09.004_part_2.txt_段1_Material1,153749.99999999997
[*]NC(C(N1CCCC1C(NCC(N2CC(CC2C(NC(C(NCC([*])=O)=O)CO)=O)O)=O)=O)=O)CCCCN,[*]C([C@H](C)OC([C@H](C)O[*])=O)=O,,4.821513528404773,,10.1016_j.ijbiomac.2010.06.002_part_2.txt_段1_Material1,66299.99999999994
[*]NC(C(O)=O)CCC([*])=O,[*]NC(C(N1CCCC1C(NCC(N2CC(CC2C(NC(C(NCC([*])=O)=O)CO)=O)O)=O)=O)=O)CCCCN,,4.505149978319906,,10.2147_ijn.s24312_part_1.txt_段1_Material2,32000.000000000025
[*]NC(CCCCNC(C(C)=C)=O)C(N1CCCC1C(NCC(N2CC(O)CC2C(NC(COC(C(C)=C)=O)C(NCC([*])=O)=O)=O)=O)=O)=O,CC(NC1C(OC(C(C1OC2OC(C(C(C2OCC(COC(C(C)=C)=O)O)O)O[*])C([O-])=O)O)O)O[*])=O,,2.8090544272229425,,明胶透明质酸光交联双网水凝胶纳米羟基磷灰石复合材料在骨修复中的潜在应用.pdf,644.2500000000002
[*]NC(CCCCNC(C(C)=C)=O)C(N1CCCC1C(NCC(N2CC(O)CC2C(NC(COC(C(C)=C)=O)C(NCC([*])=O)=O)=O)=O)=O)=O,O=C(N([*])C([*])=O)CC=C,,2.505149978319906,,用三维打印生物可降解高强度超分子聚合物强化明胶水凝胶支架实现骨软骨再生.pdf,319.9999999999999
[*]NC(CCCCNC(C(C)=C)=O)C(N1CCCC1C(NCC(N2CC(O)CC2C(NC(COC(C(C)=C)=O)C(NCC([*])=O)=O)=O)=O)=O)=O,OCC1OC(C(C(C1O[*])O)NC(C)=O)OC2C(O)C(C(OC2CO)[*])NC(C)=O,,3.4471580313422194,,10.1039_c6tb00021e_part_1.txt_段1_Material1,2800.0000000000014
[*]NC(CCCCNC(C(C)=C)=O)C(N1CCCC1C(NCC(N2CC(O)CC2C(NC(COC(C(C)=C)=O)C(NCC([*])=O)=O)=O)=O)=O)=O,[*]OC1C(C(O)=O)OC(OC2C(NC(C)=O)C([*])OC(CO)C2O)C(O)C1O,,1.7993405494535817,,10.1371_journal.pone.0113216_part_2.txt_段1_Material1,63.0
[*]NC(CCCCNC(C(C)=C)=O)C(N1CCCC1C(NCC(N2CC(O)CC2C(NC(COC(C(C)=C)=O)C(NCC([*])=O)=O)=O)=O)=O)=O,[H]N(C([H])([H])C(N([H])C(C)([H])C(N(C([H])([H])C([*])=O)[H])=O)=O)C(C(N([*])[H])(C)[H])=O,,1.5587085705331658,,10.1016_j.msec.2020.111744_part_1.txt_段1_Material1,36.20000000000001
[*]OC1C(C(O)=O)OC(OC2C(NC(C)=O)C([*])OC(CO)C2O)C(O)C1O,[*]NC(C(N1CCCC1C(NCC(N2CC(CC2C(NC(C(NCC([*])=O)=O)CO)=O)O)=O)=O)=O)CCCCN,,4.095518042323151,,10.1002_app.32095_part_2.txt_段1_Material4,12460.000000000018
[*]OC1OC(CO)C(OC2C(O)C(O)C([*])C(CO)O2)C(O)C1O,[*]NC(C(N1CCCC1C(NCC(N2CC(CC2C(NC(C(NCC([*])=O)=O)CO)=O)O)=O)=O)=O)CCCCN,,6.096910013008056,,10.1080_03602551003652698_part_1.txt_段1_Material1,1249999.9999999995
[*]OCC[*],[*]NC(C(N1CCCC1C(NCC(N2CC(CC2C(NC(C(NCC([*])=O)=O)CO)=O)O)=O)=O)=O)CCCCN,,2.146128035678238,,10.1088_1748-605x_aaf31b_part_2.txt_段1_Material1,140.00000000000006
[H]N(C(O[*])=O)CCCCCCN(C(OCCCCO[*])=O)[H],[*]NC(C(N1CCCC1C(NCC(N2CC(CC2C(NC(C(NCC([*])=O)=O)CO)=O)O)=O)=O)=O)CCCCN,,5.32221929473392,,10.1016_j.foodhyd.2020.105837_part_1.txt_段1_Material1,210000.00000000047
[H]N(C([H])([H])C(N([H])C(C)([H])C(N(C([H])([H])C([*])=O)[H])=O)=O)C(C(N([*])[H])(C)[H])=O,[*]NC(C(N1CCCC1C(NCC(N2CC(CC2C(NC(C(NCC([*])=O)=O)CO)=O)O)=O)=O)=O)CCCCN,,6.491361693834273,,10.1016_j.eurpolymj.2020.109842_part_2.txt_段1_Material1,3100000.000000003
[*]NC(C(N1CCCC1C(NCC(N2CC(CC2C(NC(C(NCC([*])=O)=O)CO)=O)O)=O)=O)=O)CCCCN,O=C(C(C[*])[*])N,,2.146128035678238,,101016_jpolymer2025129279_段77-79_extracted.txt_Part1_Material1,140.00000000000006
O=C(C(C[*])[*])N,[*]NC(C(N1CCCC1C(NCC(N2CC(CC2C(NC(C(NCC([*])=O)=O)CO)=O)O)=O)=O)=O)CCCCN,,,16.54,10.1007_s00289-021-03592-2_part_1.txt_段1_Material1,
[*]NC(C(N1CCCC1C(NCC(N2CC(CC2C(NC(C(NCC([*])=O)=O)CO)=O)O)=O)=O)=O)CCCCN,[*]OC1C(C(C(OC1C)OC2C(C(OC(C2O)COC(C)=O)OC3C(C(C(OC3C(O)=O)OC4C(C(C(OC4CO)O[*])O)O)O)O)OC(C(O)CO)=O)O)O,,,1.86,10.1002_app.40557_part_2.txt_段1_Material1,
COCC1OC(OC2C(CO)OC(O[*])C(OC)C2OC)C(OC)C(O)C1O[*],[*]NC(CCCCNC(C(C)=C)=O)C(N1CCCC1C(NCC(N2CC(O)CC2C(NC(COC(C(C)=C)=O)C(NCC([*])=O)=O)=O)=O)=O)=O,,,1.6,10.1021_acsabm.0c00169_part_1.txt_段1_Material1,
[*]NC(C(N1CCCC1C(NCC(N2CC(CC2C(NC(C(NCC([*])=O)=O)CO)=O)O)=O)=O)=O)CCCCN,O=C(C(C[*])[*])N,,,13.28,10.1016_j.colcom.2021.100413_part_1.txt_段1_Material1,
[*]NC(C(N1CCCC1C(NCC(N2CC(CC2C(NC(C(NCC([*])=O)=O)CO)=O)O)=O)=O)=O)CCCCN,[H]N(C([H])([H])C(N([H])C(C)([H])C(N(C([H])([H])C([*])=O)[H])=O)=O)C(C(N([*])[H])(C)[H])=O,,,0.015,10.1016_j.actbio.2011.01.016_part_1.txt_段1_Material1,
[*]NC(C(N1CCCC1C(NCC(N2CC(CC2C(NC(C(NCC([*])=O)=O)CO)=O)O)=O)=O)=O)CCCCN,[*]OC1C(C(O)=O)OC(OC2C(NC(C)=O)C([*])OC(CO)C2O)C(O)C1O,,,25.95,10.1016_j.colsurfb.2021.111725_part_1.txt_段1_Material1,
OCC(C(C(C1N)O)O[*])OC1OC2C(OC(C(C2O)N)[*])CO,[*]NC(C(N1CCCC1C(NCC(N2CC(CC2C(NC(C(NCC([*])=O)=O)CO)=O)O)=O)=O)=O)CCCCN,,,22.33,10.1016_j.carbpol.2018.07.023_part_1.txt_段1_Material1,
[*]NC(C(O)=O)CCC([*])=O,[*]NC(C(N1CCCC1C(NCC(N2CC(CC2C(NC(C(NCC([*])=O)=O)CO)=O)O)=O)=O)=O)CCCCN,,,6.9858,10.1002_app.33249_part_2.txt_段1_Material1,
[*]NC(C(N1CCCC1C(NCC(N2CC(CC2C(NC(C(NCC([*])=O)=O)CO)=O)O)=O)=O)=O)CCCCN,[*]C1C(C(C(OC1C(O[Na])=O)OC2C(C(O[Na])=O)OC(O[*])C(O)C2O)O)O,,,21.9,10.3390_polym12091926_part_2.txt_段1_Material1,
[*]NC(C(N1CCCC1C(NCC(N2CC(CC2C(NC(C(NCC([*])=O)=O)CO)=O)O)=O)=O)=O)CCCCN,OCC(C(C(C1N)O)O[*])OC1OC2C(OC(C(C2O)N)[*])CO,,,9.0,10.1007_s00289-020-03280-7_part_2.txt_段1_Material1,
[*]NC(C(N1CCCC1C(NCC(N2CC(CC2C(NC(C(NCC([*])=O)=O)CO)=O)O)=O)=O)=O)CCCCN,[*]NC(C(N1CCCC1C(NCC(N2CC(CC2C(NC(C(NCC([*])=O)=O)CO)=O)O)=O)=O)=O)CCCCN,,,84.22370000000001,10.1038_s41598-024-62926-y_OA_part_2.txt_段1_Material1,
[*]NC(C(N1CCCC1C(NCC(N2CC(CC2C(NC(C(NCC([*])=O)=O)CO)=O)O)=O)=O)=O)CCCCN,[*]CC(C1=CC=C(C=C1)S(O)(=O)=O)[*],,,7.318,10.1021_acsbiomaterials.8b00135_part_4.txt_段1_Material1,
[*]C1C(C(C(OC1C(O[Na])=O)OC2C(C(O[Na])=O)OC(O[*])C(O)C2O)O)O,[*]NC(C(N1CCCC1C(NCC(N2CC(CC2C(NC(C(NCC([*])=O)=O)CO)=O)O)=O)=O)=O)CCCCN,,,12.0,10.1002_app.36590_part_2.txt_段1_Material1,
[*]C([H])([H])C(O)([H])[*],[*]NC(C(N1CCCC1C(NCC(N2CC(CC2C(NC(C(NCC([*])=O)=O)CO)=O)O)=O)=O)=O)CCCCN,,,7.0,10.1021_acsapm.1c00447_part_1.txt_段1_Material1,
[*]NC(C(N1CCCC1C(NCC(N2CC(CC2C(NC(C(NCC([*])=O)=O)CO)=O)O)=O)=O)=O)CCCCN,[*]OCC[*],,,8.0,10.1080_09205063.2020.1725861_part_4.txt_段1_Material1,
[*]OC1C(C(O)=O)OC(OC2C(NC(C)=O)C([*])OC(CO)C2O)C(O)C1O,[*]NC(C(N1CCCC1C(NCC(N2CC(CC2C(NC(C(NCC([*])=O)=O)CO)=O)O)=O)=O)=O)CCCCN,,,3.5,10.1007_s13233-011-0513-9_part_1.txt_段1_Material1,
[*]NC(C(N1CCCC1C(NCC(N2CC(CC2C(NC(C(NCC([*])=O)=O)CO)=O)O)=O)=O)=O)CCCCN,OC1C(OC(C(C1O)O)[*])CO[*],,,6.41,10.1002_mds3.10151_10.1002_mds3.10151_part_3.txt_段1_Material1,
OCC1OC(C(C(C1[*])O)O)OC2C(C(C(OC2CO)O[*])O)O,[*]NC(C(N1CCCC1C(NCC(N2CC(CC2C(NC(C(NCC([*])=O)=O)CO)=O)O)=O)=O)=O)CCCCN,,,2.0,10.1021_acsami.8b21268_part_5.txt_段1_Material1,
[*]C(C)C(OCC(O[*])=O)=O,[*]NC(C(N1CCCC1C(NCC(N2CC(CC2C(NC(C(NCC([*])=O)=O)CO)=O)O)=O)=O)=O)CCCCN,,,6.5,10.4028_www.scientific.net_amm.467.108_part_1.txt_段1_Material1,
[*]NC(C(N1CCCC1C(NCC(N2CC(CC2C(NC(C(NCC([*])=O)=O)CO)=O)O)=O)=O)=O)CCCCN,OCC1OC(C(C(C1[*])O)O)OC2C(C(C(OC2CO)O[*])O)O,,,7.0,10.1021_acsabm.0c01630_part_3.txt_段1_Material5,
O=C([*])C(C)O[*],[*]NC(C(N1CCCC1C(NCC(N2CC(CC2C(NC(C(NCC([*])=O)=O)CO)=O)O)=O)=O)=O)CCCCN,,,3.88,10.1002_cbin.10178_part_1.txt_段1_Material2,
[*]NC(CCCCNC(C(C)=C)=O)C(N1CCCC1C(NCC(N2CC(O)CC2C(NC(COC(C(C)=C)=O)C(NCC([*])=O)=O)=O)=O)=O)=O,O=C(N([*])C([*])=O)CC=C,,,2.49,用三维打印生物可降解高强度超分子聚合物强化明胶水凝胶支架实现骨软骨再生.pdf,
[*]NC(C(N1CCCC1C(NCC(N2CC(CC2C(NC(C(NCC([*])=O)=O)CO)=O)O)=O)=O)=O)CCCCN,[*]NC(CCC([*])=O)C(O)=O,,,40.65,通过热压预组装和辐射交联制备具有刺激反应的明胶 聚(γ-谷氨酸)水凝胶.pdf,
[*]C(CCCCCO[*])=O,[*]NC(C(N1CCCC1C(NCC(N2CC(CC2C(NC(C(NCC([*])=O)=O)CO)=O)O)=O)=O)=O)CCCCN,,,7.8,"用于组织工程的基于硫酸藻酸盐的水凝胶 纳米纤维复合支架,具有受控的 Kartogenin 递送.pdf",
[*]NC(C(N1CCCC1C(NCC(N2CC(CC2C(NC(C(NCC([*])=O)=O)CO)=O)O)=O)=O)=O)CCCCN,[*]C(C)(C(OCCN(C)C)=O)C[*],,,18.0,"透明质酸和聚乙二醇杂化水凝胶包封具有止血和可持续抗菌特性的纳米凝胶,用于伤口愈合.pdf",
OC1C(OC(C(C1O)O)[*])CO[*],[*]NC(C(N1CCCC1C(NCC(N2CC(CC2C(NC(C(NCC([*])=O)=O)CO)=O)O)=O)=O)=O)CCCCN,,,19.47,用于皮肤组织工程的静电纺丝 PLCL 泊洛沙姆纳米纤维和葡聚糖 明胶水凝胶的制备和表征.pdf,
[*]NC(C(N1CCCC1C(NCC(N2CC(CC2C(NC(C(NCC([*])=O)=O)CO)=O)O)=O)=O)=O)CCCCN,[*]C([H])([H])C(O)([H])[*],,,7.0,"可注射交联京尼平混合明胶-PVA 水凝胶,未来用作生物墨水以加快皮肤愈合能力：物理化学表征和细胞毒性评估.pdf",
[*]NC(C(N1CCCC1C(NCC(N2CC(CC2C(NC(C(NCC([*])=O)=O)CO)=O)O)=O)=O)=O)CCCCN,O=C(C(OC(C=O)OC1C(C(C(OC1C(O[Na])=O)O[*])O)O)C(C=O)[*])O[Na],,,20.0,一种由硬骨鱼和藻酸盐组成的快速原位可胶凝水凝胶.pdf,
[*]NC(CCCCNC(C(C)=C)=O)C(N1CCCC1C(NCC(N2CC(O)CC2C(NC(COC(C(C)=C)=O)C(NCC([*])=O)=O)=O)=O)=O)=O,[*]C1=C(C=CN2)C2=C([*])C(O)=C1O,,,8.96,原位形成负载聚多巴胺修饰富勒烯纳米复合物的活性氧清除杂化水凝胶促进皮肤伤口愈合.pdf,
