idx,y_pred,y_true,residual,fold
0,3.6886012063592837,5.698970004336019,2.010368797976735,1
1,4.038687414798826,5.698970004336019,1.6602825895371929,10
2,3.7435144388970425,5.698970004336019,1.9554555654389763,9
3,4.143231531568215,5.698970004336019,1.5557384727678034,8
4,3.9573569350808877,5.698970004336019,1.741613069255131,7
5,3.2929390057309527,5.698970004336019,2.406030998605066,5
6,3.9080436998106802,5.698970004336019,1.7909263045253385,4
7,3.916554269123382,5.698970004336019,1.7824157352126369,3
8,4.1270322584093915,5.698970004336019,1.5719377459266273,2
9,3.1968169079857973,3.049218022670181,-0.14759888531561627,10
10,3.3377022162000327,3.049218022670181,-0.28848419352985166,8
11,3.2668037969953816,3.049218022670181,-0.21758577432520054,7
12,3.5385302926358384,3.049218022670181,-0.48931226996565735,5
13,3.4886969562630554,3.049218022670181,-0.4394789335928744,4
14,3.1602395944508688,3.049218022670181,-0.11102157178068772,3
15,3.5181542260636807,3.049218022670181,-0.4689362033934996,2
16,3.331604954755888,3.049218022670181,-0.2823869320857071,6
17,3.2934677053515475,3.049218022670181,-0.2442496826813665,1
18,3.3377022162000327,2.903089986991944,-0.4346122292080885,8
19,3.1602395944508688,2.903089986991944,-0.25714960745892457,3
20,3.2934677053515475,2.903089986991944,-0.39037771835960333,1
21,3.1968169079857973,2.903089986991944,-0.2937269209938531,10
22,3.2668037969953816,2.903089986991944,-0.3637138100034374,7
23,3.4886969562630554,2.903089986991944,-0.5856069692711112,4
24,3.3672438769566666,2.903089986991944,-0.4641538899647224,9
25,3.5181542260636807,2.903089986991944,-0.6150642390717365,2
26,3.331604954755888,2.903089986991944,-0.42851496776394393,6
27,5.174339446021957,2.9542425094393248,-2.220096936582632,1
28,5.002014779370717,2.9542425094393248,-2.0477722699313925,8
29,5.209504231638328,2.9542425094393248,-2.2552617221990032,3
30,5.128033873794803,2.9542425094393248,-2.1737913643554783,2
31,5.053220871858923,2.9542425094393248,-2.0989783624195986,9
32,5.084906406834718,2.9542425094393248,-2.1306638973953933,4
33,5.130202966203154,2.9542425094393248,-2.175960456763829,10
34,4.98215152041605,2.9542425094393248,-2.027909010976725,7
35,5.192390255656625,2.9542425094393248,-2.2381477462173005,6
36,5.708839254484442,3.90848501887865,-1.8003542356057918,2
37,5.951787762774216,3.90848501887865,-2.0433027438955658,4
38,5.785613640970247,3.90848501887865,-1.8771286220915973,10
39,5.1007735102831715,3.90848501887865,-1.1922884914045215,3
40,5.778100658847614,3.90848501887865,-1.869615639968964,1
41,5.656538191834254,3.90848501887865,-1.7480531729556037,7
42,5.764385884761988,3.90848501887865,-1.855900865883338,9
43,5.463259292329258,3.90848501887865,-1.5547742734506085,6
44,6.002056966735236,3.90848501887865,-2.0935719478565864,5
45,4.403911849166762,3.322219294733919,-1.0816925544328426,4
46,4.894878832541001,3.322219294733919,-1.5726595378070818,7
47,4.591841633935142,3.322219294733919,-1.2696223392012231,1
48,4.863363160217432,3.322219294733919,-1.5411438654835128,8
49,4.728085478587895,3.322219294733919,-1.4058661838539757,6
50,4.655622741454221,3.322219294733919,-1.3334034467203018,2
51,4.4153802455672535,3.322219294733919,-1.0931609508333344,10
52,4.57051581479086,3.322219294733919,-1.248296520056941,9
53,4.097323891528063,3.322219294733919,-0.7751045967941441,3
54,4.496386881929607,5.301029995663981,0.8046431137343744,7
55,5.316693193797767,5.301029995663981,-0.015663198133785805,1
56,4.893888256460294,5.301029995663981,0.4071417392036869,6
57,4.928191416793698,5.301029995663981,0.37283857887028304,2
58,4.808211954525055,5.301029995663981,0.4928180411389267,4
59,5.367250279586931,5.301029995663981,-0.06622028392294954,8
60,5.341390937506146,5.301029995663981,-0.04036094184216488,9
61,4.875664494440177,5.301029995663981,0.425365501223804,10
62,4.81281784945958,5.301029995663981,0.48821214620440134,3
63,5.328961406351181,4.086359830674748,-1.2426015756764324,3
64,5.359353739642355,4.086359830674748,-1.2729939089676066,4
65,5.264624648150174,4.086359830674748,-1.1782648174754256,9
66,5.137430489677792,4.086359830674748,-1.0510706590030434,2
67,5.78388430801698,4.086359830674748,-1.697524477342232,8
68,5.661727750173434,4.086359830674748,-1.575367919498686,6
69,5.237790978758943,4.086359830674748,-1.1514311480841943,1
70,5.278100775712483,4.086359830674748,-1.1917409450377345,10
71,5.178204156618164,4.086359830674748,-1.0918443259434154,7
72,4.790282149273477,6.035709837827862,1.2454276885543853,10
73,4.6930018853103945,6.035709837827862,1.3427079525174674,5
74,5.163096808292967,6.035709837827862,0.8726130295348948,4
75,4.823137248266793,6.035709837827862,1.212572589561069,2
76,5.887306820026924,6.035709837827862,0.14840301780093768,8
77,5.356115207531899,6.035709837827862,0.6795946302959628,6
78,5.292904727578299,6.035709837827862,0.742805110249563,3
79,4.942965571160081,6.035709837827862,1.092744266667781,7
80,5.047534729721313,6.035709837827862,0.9881751081065486,1
81,4.793755357029756,5.954242509439325,1.1604871524095692,10
82,5.08509738619691,5.954242509439325,0.869145123242415,5
83,5.230877175826676,5.954242509439325,0.7233653336126489,4
84,5.025823836885658,5.954242509439325,0.9284186725536676,2
85,4.794989656887469,5.954242509439325,1.1592528525518562,9
86,5.222259533292065,5.954242509439325,0.7319829761472603,8
87,5.135109812240473,5.954242509439325,0.8191326971988522,3
88,5.1869819502471906,5.954242509439325,0.7672605591921347,1
89,5.177489841510714,5.954242509439325,0.7767526679286112,6
90,5.427589141069069,3.949390006644913,-1.4781991344241558,2
91,5.467819609911294,3.949390006644913,-1.5184296032663815,5
92,5.62599587506951,3.949390006644913,-1.676605868424597,1
93,5.530341300171052,3.949390006644913,-1.5809512935261396,3
94,5.538895948764935,3.949390006644913,-1.5895059421200224,6
95,5.181997986225633,3.949390006644913,-1.2326079795807199,9
96,5.635660944264164,3.949390006644913,-1.6862709376192515,8
97,5.483939939771093,3.949390006644913,-1.5345499331261805,7
98,5.202544371542308,3.949390006644913,-1.2531543648973948,10
99,4.81338718172212,5.742725131304698,0.9293379495825782,3
100,4.4645735254292225,5.742725131304698,1.2781516058754754,9
101,4.560013988982623,5.742725131304698,1.1827111423220753,1
102,5.133110839500346,5.742725131304698,0.6096142918043519,8
103,4.398217596825925,5.742725131304698,1.3445075344787725,2
104,4.4465840422280545,5.742725131304698,1.2961410890766434,4
105,4.281819834327909,5.742725131304698,1.4609052969767893,10
106,4.490298681506376,5.742725131304698,1.252426449798322,5
107,4.663848073273486,5.742725131304698,1.0788770580312121,6
108,4.254827189994539,3.661812685537261,-0.5930145044572779,3
109,4.107196862119353,3.661812685537261,-0.44538417658209184,6
110,3.9097448517512534,3.661812685537261,-0.2479321662139924,2
111,3.9792628697073815,3.661812685537261,-0.3174501841701205,9
112,4.143393326070958,3.661812685537261,-0.4815806405336973,8
113,4.063755593930428,3.661812685537261,-0.40194290839316693,1
114,3.948724612957333,3.661812685537261,-0.28691192742007177,4
115,4.132679745764135,3.661812685537261,-0.4708670602268743,10
116,3.934372560824403,3.661812685537261,-0.2725598752871421,7
117,4.412162205660042,3.505149978319906,-0.9070122273401364,6
118,4.364611930100801,3.505149978319906,-0.859461951780895,3
119,4.740042892508698,3.505149978319906,-1.234892914188792,1
120,4.716764200289212,3.505149978319906,-1.2116142219693065,5
121,4.581710801218444,3.505149978319906,-1.076560822898538,4
122,4.647334382458307,3.505149978319906,-1.1421844041384008,2
123,4.342713842857145,3.505149978319906,-0.837563864537239,8
124,4.362715090276142,3.505149978319906,-0.857565111956236,7
125,4.515685562237992,3.505149978319906,-1.0105355839180858,9
126,3.907659040457742,5.0948203803548,1.1871613398970577,3
127,3.847783227500563,5.0948203803548,1.2470371528542366,6
128,3.507562124770261,5.0948203803548,1.5872582555845387,9
129,3.759846734689248,5.0948203803548,1.3349736456655514,7
130,4.205115356486781,5.0948203803548,0.8897050238680189,8
131,4.144946237696096,5.0948203803548,0.9498741426587038,4
132,3.78903007804338,5.0948203803548,1.3057903023114195,2
133,3.511231479689856,5.0948203803548,1.5835889006649437,5
134,4.022807249338716,5.0948203803548,1.0720131310160834,1
135,4.710188504202564,3.397940008672037,-1.3122484955305267,10
136,4.541349930357118,3.397940008672037,-1.1434099216850808,9
137,4.472506520916826,3.397940008672037,-1.0745665122447892,1
138,4.262366021892986,3.397940008672037,-0.8644260132209491,3
139,4.452380287939713,3.397940008672037,-1.0544402792676757,5
140,4.416374628682804,3.397940008672037,-1.0184346200107668,6
141,4.46702051815233,3.397940008672037,-1.0690805094802927,7
142,4.583400164966954,3.397940008672037,-1.185460156294917,4
143,4.630091337708284,3.397940008672037,-1.2321513290362467,8
144,5.070410735821582,3.832508912706236,-1.237901823115346,10
145,5.015031540512041,3.832508912706236,-1.1825226278058047,5
146,4.998143337231978,3.832508912706236,-1.165634424525742,9
147,4.9394184563358134,3.832508912706236,-1.1069095436295773,6
148,4.6147123696703245,3.832508912706236,-0.7822034569640883,3
149,5.289399718575303,3.832508912706236,-1.4568908058690666,4
150,4.994605293778196,3.832508912706236,-1.1620963810719602,2
151,5.082180202242178,3.832508912706236,-1.2496712895359416,7
152,4.965020599399275,3.832508912706236,-1.132511686693039,1
153,4.784153505177214,5.6020599913279625,0.8179064861507488,2
154,4.860409430681151,5.6020599913279625,0.7416505606468116,9
155,4.941425120555846,5.6020599913279625,0.6606348707721166,7
156,4.963538065163262,5.6020599913279625,0.6385219261647004,3
157,4.850165690158964,5.6020599913279625,0.7518943011689982,5
158,4.847023172769816,5.6020599913279625,0.7550368185581462,10
159,4.947362882708296,5.6020599913279625,0.6546971086196667,4
160,5.056556249351201,5.6020599913279625,0.5455037419767619,6
161,4.8544247588364735,5.6020599913279625,0.747635232491489,1
162,4.261553711031246,5.238046103128795,0.9764923920975495,3
163,4.173876429917322,5.238046103128795,1.064169673211473,6
164,4.300227552637408,5.238046103128795,0.9378185504913867,8
165,3.858743150997311,5.238046103128795,1.379302952131484,10
166,3.991788333224628,5.238046103128795,1.246257769904167,1
167,3.938937790718039,5.238046103128795,1.2991083124107559,7
168,3.9255310885291514,5.238046103128795,1.3125150145996436,2
169,4.066462872407994,5.238046103128795,1.1715832307208007,5
170,4.058964976921222,5.238046103128795,1.1790811262075733,9
171,3.5386835909204297,3.0791812460476247,-0.45950234487280506,2
172,3.580759794584747,3.0791812460476247,-0.5015785485371222,7
173,3.697039727934131,3.0791812460476247,-0.6178584818865063,9
174,3.7688897768684755,3.0791812460476247,-0.6897085308208508,4
175,3.51488241648898,3.0791812460476247,-0.43570117044135515,6
176,3.683589806445891,3.0791812460476247,-0.6044085603982663,5
177,3.697355612792932,3.0791812460476247,-0.6181743667453072,1
178,3.565803465970801,3.0791812460476247,-0.4866222199231762,10
179,3.599545428631057,3.0791812460476247,-0.5203641825834322,3
180,3.5134045915599867,3.823474229170301,0.31006963761031425,7
181,3.535660845060706,3.823474229170301,0.2878133841095951,3
182,3.7004701147670787,3.823474229170301,0.12300411440322234,4
183,3.7177373203623834,3.823474229170301,0.10573690880791764,8
184,3.659680310149738,3.823474229170301,0.16379391902056284,5
185,3.5559196237321116,3.823474229170301,0.26755460543818943,2
186,3.61843615259938,3.823474229170301,0.2050380765709212,1
187,3.6154761473828185,3.823474229170301,0.20799808178748247,9
188,3.5387701228943227,3.823474229170301,0.2847041062759783,6
189,4.484206005891774,3.838849090737255,-0.6453569151545184,6
190,4.302841080298878,3.838849090737255,-0.46399198956162246,4
191,4.500113761316569,3.838849090737255,-0.6612646705793135,1
192,4.433999665130132,3.838849090737255,-0.5951505743928771,7
193,4.5746700825982884,3.838849090737255,-0.7358209918610332,8
194,4.4759714485032625,3.838849090737255,-0.6371223577660072,2
195,4.3706736648889075,3.838849090737255,-0.5318245741516523,3
196,4.454972416015051,3.838849090737255,-0.6161233252777953,5
197,4.5742581905510695,3.838849090737255,-0.7354090998138143,9
198,4.111198384360383,3.505149978319906,-0.6060484060404776,10
199,4.226899743479947,3.505149978319906,-0.7217497651600415,2
200,3.8755786004113295,3.505149978319906,-0.3704286220914237,3
201,4.1905141497669,3.505149978319906,-0.6853641714469938,6
202,4.505461931642308,3.505149978319906,-1.0003119533224019,5
203,3.9932330283126922,3.505149978319906,-0.4880830499927864,7
204,4.483049693031968,3.505149978319906,-0.9778997147120623,4
205,4.370601852870218,3.505149978319906,-0.8654518745503119,1
206,4.33211990455619,3.505149978319906,-0.8269699262362837,9
207,4.613196246050366,6.041392685158225,1.4281964391078592,2
208,4.59615733741383,6.041392685158225,1.4452353477443953,5
209,4.275784014141578,6.041392685158225,1.765608671016647,8
210,4.175723629070044,6.041392685158225,1.8656690560881817,7
211,4.581131692103057,6.041392685158225,1.4602609930551687,10
212,4.518646578441206,6.041392685158225,1.522746106717019,4
213,4.099614844787495,6.041392685158225,1.9417778403707304,3
214,4.67018259993396,6.041392685158225,1.3712100852242655,9
215,4.899849498491286,6.041392685158225,1.1415431866669392,6
216,4.677076151829368,3.8813846567705728,-0.7956914950587954,9
217,5.101536307989736,3.8813846567705728,-1.2201516512191635,1
218,5.232560492315641,3.8813846567705728,-1.3511758355450683,6
219,5.113116660901304,3.8813846567705728,-1.2317320041307314,8
220,5.155423403300734,3.8813846567705728,-1.2740387465301612,7
221,4.762681736584257,3.8813846567705728,-0.8812970798136845,10
222,5.031473268186701,3.8813846567705728,-1.1500886114161286,2
223,5.328094427762719,3.8813846567705728,-1.446709770992146,3
224,5.3586211855037735,3.8813846567705728,-1.4772365287332008,4
225,4.893891189973823,5.576341350205793,0.6824501602319692,1
226,4.94308645418692,5.576341350205793,0.6332548960188724,3
227,4.8808550110366475,5.576341350205793,0.695486339169145,2
228,4.769293540635982,5.576341350205793,0.8070478095698101,10
229,4.545165362962464,5.576341350205793,1.0311759872433282,9
230,4.989963600485332,5.576341350205793,0.5863777497204605,6
231,4.892013061372818,5.576341350205793,0.6843282888329743,7
232,5.111316952566283,5.576341350205793,0.4650243976395094,8
233,5.052162247519364,5.576341350205793,0.5241791026864284,4
234,6.000902303580721,6.823539433656859,0.8226371300761377,7
235,6.116753564626815,6.823539433656859,0.7067858690300444,1
236,6.549742546658728,6.823539433656859,0.2737968869981309,6
237,6.409650507067128,6.823539433656859,0.4138889265897312,8
238,6.3141676798539,6.823539433656859,0.5093717538029594,3
239,6.058224528681337,6.823539433656859,0.7653149049755221,4
240,5.821889120320531,6.823539433656859,1.0016503133363281,10
241,5.738449413385756,6.823539433656859,1.0850900202711031,2
242,5.913617462445294,6.823539433656859,0.9099219712115652,5
243,6.5305784370158175,6.3979400086720375,-0.13263842834378003,2
244,6.308002700708212,6.3979400086720375,0.08993730796382593,3
245,6.623386454535671,6.3979400086720375,-0.22544644586363383,9
246,6.517877918137781,6.3979400086720375,-0.11993790946574379,10
247,6.360321072146396,6.3979400086720375,0.03761893652564119,7
248,6.594423633927273,6.3979400086720375,-0.19648362525523577,8
249,6.5513033866995425,6.3979400086720375,-0.153363378027505,1
250,6.468613050224913,6.3979400086720375,-0.07067304155287513,4
251,6.284821852674827,6.3979400086720375,0.11311815599721076,6
252,6.294669871860062,6.707570176097937,0.4129003042378745,10
253,6.348113922917853,6.707570176097937,0.3594562531800838,9
254,6.188400277457705,6.707570176097937,0.5191698986402313,6
255,6.379179945490381,6.707570176097937,0.3283902306075559,4
256,6.40312735271055,6.707570176097937,0.3044428233873866,5
257,6.395035175731697,6.707570176097937,0.31253500036623993,2
258,6.409093646819076,6.707570176097937,0.2984765292788607,8
259,6.206158595366646,6.707570176097937,0.5014115807312907,3
260,6.466192219635533,6.707570176097937,0.24137795646240345,1
261,6.718101349577158,6.3979400086720375,-0.3201613409051207,5
262,6.773631953411878,6.3979400086720375,-0.3756919447398408,2
263,6.578010896151806,6.3979400086720375,-0.18007088747976852,3
264,6.5522789939187716,6.3979400086720375,-0.15433898524673406,6
265,6.684235642579815,6.3979400086720375,-0.2862956339077778,7
266,6.652166651719011,6.3979400086720375,-0.25422664304697307,8
267,6.737350930850872,6.3979400086720375,-0.3394109221788346,4
268,6.473130138911377,6.3979400086720375,-0.0751901302393394,9
269,6.410145974616899,6.3979400086720375,-0.012205965944861674,10
270,6.130515881128679,6.558708570533166,0.4281926894044865,10
271,5.9726714210657885,6.558708570533166,0.5860371494673773,5
272,5.819972193123064,6.558708570533166,0.7387363774101017,2
273,5.914600263157555,6.558708570533166,0.6441083073756104,4
274,6.13100393748126,6.558708570533166,0.4277046330519054,9
275,5.719276935769902,6.558708570533166,0.8394316347632635,3
276,5.84547917246715,6.558708570533166,0.7132293980660158,6
277,5.760166059830609,6.558708570533166,0.798542510702557,8
278,5.874773842026433,6.558708570533166,0.683934728506733,7
279,6.13100393748126,6.107549129744687,-0.023454807736573713,9
280,5.84547917246715,6.107549129744687,0.2620699572775367,6
281,5.874773842026433,6.107549129744687,0.23277528771825384,7
282,5.969273047001052,6.107549129744687,0.13827608274363445,1
283,5.760166059830609,6.107549129744687,0.34738306991407786,8
284,5.719276935769902,6.107549129744687,0.3882721939747844,3
285,5.819972193123064,6.107549129744687,0.28757693662162254,2
286,6.130515881128679,6.107549129744687,-0.022966751383992623,10
287,5.9726714210657885,6.107549129744687,0.13487770867889814,5
288,5.351542674319776,4.193681029541281,-1.157861644778495,8
289,5.787164640760856,4.193681029541281,-1.5934836112195745,3
290,6.177813438873188,4.193681029541281,-1.9841324093319068,9
291,6.0838483411837725,4.193681029541281,-1.8901673116424913,10
292,5.8506991059192375,4.193681029541281,-1.6570180763779563,4
293,5.462623426883008,4.193681029541281,-1.2689423973417266,6
294,5.976961986272237,4.193681029541281,-1.7832809567309562,2
295,5.809321672046454,4.193681029541281,-1.6156406425051726,7
296,5.924851848923283,4.193681029541281,-1.731170819382002,5
297,6.5007532789463705,5.929418925714293,-0.5713343532320776,9
298,6.023174357957849,5.929418925714293,-0.09375543224355631,3
299,6.279216939235572,5.929418925714293,-0.34979801352127904,2
300,6.169950041464929,5.929418925714293,-0.24053111575063646,7
301,6.2509997591077315,5.929418925714293,-0.3215808333934387,4
302,6.45437025886553,5.929418925714293,-0.524951333151237,10
303,6.386711015169552,5.929418925714293,-0.457292089455259,5
304,6.122311388423332,5.929418925714293,-0.1928924627090387,8
305,6.352230700553132,5.929418925714293,-0.4228117748388396,1
306,6.481653429969809,6.531478917042255,0.049825487072446606,5
307,6.220073640262918,6.531478917042255,0.31140527677933694,3
308,6.566641344727356,6.531478917042255,-0.03516242768510036,9
309,6.380677260362078,6.531478917042255,0.1508016566801773,4
310,6.327115213058953,6.531478917042255,0.2043637039833026,7
311,6.362996967091984,6.531478917042255,0.16848194995027121,6
312,6.395921886459745,6.531478917042255,0.13555703058251023,2
313,6.475390979359134,6.531478917042255,0.05608793768312115,1
314,6.6319983163847915,6.531478917042255,-0.10051939934253618,8
315,6.383777957430944,6.414973347970818,0.031195390539874523,2
316,6.397649333616697,6.414973347970818,0.017324014354120898,4
317,6.4953384011452435,6.414973347970818,-0.08036505317442533,6
318,6.4761737248133775,6.414973347970818,-0.0612003768425593,1
319,6.5175629238792085,6.414973347970818,-0.10258957590839035,9
320,6.470324548464519,6.414973347970818,-0.05535120049370068,3
321,6.375213105424204,6.414973347970818,0.039760242546614144,7
322,6.397899317233559,6.414973347970818,0.017074030737258994,5
323,6.368066314465557,6.414973347970818,0.04690703350526082,10
324,6.304166570149729,6.372912002970106,0.0687454328203776,3
325,6.380386936022774,6.372912002970106,-0.007474933052667332,10
326,6.69902516771899,6.372912002970106,-0.3261131647488833,8
327,6.400713171845429,6.372912002970106,-0.0278011688753228,1
328,6.348328580313003,6.372912002970106,0.024583422657102894,2
329,6.489269531112533,6.372912002970106,-0.1163575281424265,9
330,6.463642661170991,6.372912002970106,-0.09073065820088466,5
331,6.371062062949632,6.372912002970106,0.0018499400204738947,4
332,6.460262053292331,6.372912002970106,-0.08735005032222443,6
333,6.342039692908252,6.384890796530554,0.0428511036223016,1
334,6.2250933368624235,6.384890796530554,0.15979745966813041,2
335,6.4338985502699355,6.384890796530554,-0.0490077537393816,6
336,6.266716209976302,6.384890796530554,0.11817458655425206,4
337,6.490925695853153,6.384890796530554,-0.1060348993225988,8
338,6.439851624920434,6.384890796530554,-0.0549608283898797,3
339,6.264280260318613,6.384890796530554,0.12061053621194073,10
340,6.279001149678089,6.384890796530554,0.10588964685246527,5
341,6.23914002369575,6.384890796530554,0.14575077283480375,7
342,3.3338457102900554,6.325843928293292,2.9919982180032365,3
343,6.0614081152811625,6.325843928293292,0.2644358130121294,8
344,5.810514663552002,6.325843928293292,0.5153292647412897,2
345,5.869416025968148,6.325843928293292,0.4564279023251441,1
346,5.6324149717302765,6.325843928293292,0.6934289565630154,9
347,4.432058756743033,6.325843928293292,1.8937851715502587,5
348,5.849813605324195,6.325843928293292,0.47603032296909653,4
349,5.569700169941848,6.325843928293292,0.7561437583514437,10
350,5.915983043931683,6.325843928293292,0.40986088436160895,6
351,7.300408809445978,7.0,-0.3004088094459778,2
352,6.677421198757201,7.0,0.32257880124279925,4
353,7.001060182091059,7.0,-0.0010601820910594029,8
354,6.9353395707356205,7.0,0.06466042926437954,6
355,6.682261271975034,7.0,0.31773872802496594,10
356,6.968121862795803,7.0,0.03187813720419719,7
357,6.669837465056465,7.0,0.3301625349435353,3
358,7.008124174305164,7.0,-0.008124174305163656,1
359,6.902686905042563,7.0,0.09731309495743723,9
360,6.651782283869757,6.8750612633917,0.2232789795219432,8
361,6.636013409934172,6.8750612633917,0.239047853457528,7
362,6.480171695350631,6.8750612633917,0.39488956804106934,9
363,6.759290546315824,6.8750612633917,0.11577071707587638,1
364,6.457127756527342,6.8750612633917,0.41793350686435815,4
365,6.343896128472536,6.8750612633917,0.5311651349191644,5
366,6.479774251445888,6.8750612633917,0.39528701194581206,6
367,6.33392163442102,6.8750612633917,0.5411396289706802,3
368,6.9379714935477566,6.8750612633917,-0.06291023015605646,2
369,6.413817990121989,6.835056101720117,0.42123811159812785,9
370,6.2488193474823115,6.835056101720117,0.5862367542378051,5
371,6.376756925075671,6.835056101720117,0.45829917664444597,6
372,6.451417294617648,6.835056101720117,0.3836388071024688,1
373,6.516489862882543,6.835056101720117,0.3185662388375734,8
374,6.472921802102527,6.835056101720117,0.3621342996175896,7
375,6.291112996815461,6.835056101720117,0.5439431049046553,10
376,6.106444793760251,6.835056101720117,0.7286113079598655,3
377,6.5984696173680675,6.835056101720117,0.2365864843520491,2
378,6.966587583328986,7.079181246047625,0.11259366271863946,2
379,6.245094950576718,7.079181246047625,0.8340862954709074,10
380,7.0871643924608625,7.079181246047625,-0.007983146413237385,8
381,7.004307327861794,7.079181246047625,0.07487391818583067,1
382,6.733140466648196,7.079181246047625,0.3460407793994289,3
383,6.629000430169346,7.079181246047625,0.4501808158782792,5
384,6.5211752682095385,7.079181246047625,0.5580059778380866,9
385,6.8061800496418945,7.079181246047625,0.2730011964057306,7
386,6.959398452164488,7.079181246047625,0.11978279388313684,4
387,5.1997159010136285,4.072984744627931,-1.1267311563856977,1
388,4.952937742844363,4.072984744627931,-0.8799529982164325,6
389,5.051703422012291,4.072984744627931,-0.9787186773843599,9
390,4.444231015397062,4.072984744627931,-0.37124627076913086,8
391,5.135272926623239,4.072984744627931,-1.0622881819953083,5
392,5.208552492360927,4.072984744627931,-1.1355677477329964,4
393,5.323112844568188,4.072984744627931,-1.250128099940257,7
394,4.937772579905929,4.072984744627931,-0.8647878352779985,3
395,5.143166506020147,4.072984744627931,-1.0701817613922158,10
396,5.387040184978795,5.113943352306837,-0.27309683267195783,4
397,5.654361633938717,5.113943352306837,-0.5404182816318803,9
398,5.390910011198422,5.113943352306837,-0.27696665889158467,10
399,5.539298125935731,5.113943352306837,-0.42535477362889385,5
400,5.3006454076731755,5.113943352306837,-0.18670205536633855,6
401,5.40469381781271,5.113943352306837,-0.290750465505873,3
402,5.520414451812037,5.113943352306837,-0.40647109950520033,1
403,5.561659355191429,5.113943352306837,-0.4477160028845919,8
404,5.668579961548456,5.113943352306837,-0.5546366092416193,7
405,4.808390120799903,5.096910013008056,0.28851989220815355,8
406,4.427595661686995,5.096910013008056,0.6693143513210611,5
407,4.250701108346115,5.096910013008056,0.8462089046619417,10
408,4.356088192699354,5.096910013008056,0.7408218203087023,2
409,4.630668010651688,5.096910013008056,0.4662420023563678,3
410,4.400949776117205,5.096910013008056,0.6959602368908513,4
411,4.476114808147062,5.096910013008056,0.6207952048609942,1
412,4.600856712082053,5.096910013008056,0.4960533009260031,7
413,4.574628224968513,5.096910013008056,0.5222817880395434,9
414,5.057209950542217,5.342422680822207,0.28521273027998983,6
415,5.214423451834562,5.342422680822207,0.12799922898764482,5
416,5.282249260946964,5.342422680822207,0.06017341987524283,1
417,5.1489457694998935,5.342422680822207,0.19347691132231315,3
418,5.126045503771869,5.342422680822207,0.21637717705033754,4
419,5.1723891725709175,5.342422680822207,0.17003350825128916,9
420,5.181957283227286,5.342422680822207,0.16046539759492084,2
421,5.155731374485059,5.342422680822207,0.18669130633714737,10
422,5.469471393168346,5.342422680822207,-0.12704871234613968,7
423,5.776271203415403,6.2405492482826,0.46427804486719726,6
424,6.118062132254904,6.2405492482826,0.12248711602769635,10
425,6.0102582313360875,6.2405492482826,0.23029101694651288,8
426,6.034118095097406,6.2405492482826,0.20643115318519456,9
427,5.950174056867137,6.2405492482826,0.2903751914154631,7
428,6.0296833611209575,6.2405492482826,0.2108658871616429,2
429,5.729216323949594,6.2405492482826,0.511332924333006,3
430,6.108994424742411,6.2405492482826,0.13155482354018933,1
431,5.8888481317728365,6.2405492482826,0.3517011165097639,4
432,4.708412405934666,5.278753600952829,0.5703411950181625,10
433,4.596195178239138,5.278753600952829,0.6825584227136909,8
434,4.41499771305217,5.278753600952829,0.863755887900659,6
435,4.678097477773778,5.278753600952829,0.6006561231790508,1
436,4.566331552305302,5.278753600952829,0.712422048647527,7
437,4.58231002037282,5.278753600952829,0.6964435805800084,2
438,4.518875731548202,5.278753600952829,0.7598778694046269,3
439,4.653046716580468,5.278753600952829,0.6257068843723612,5
440,4.614487050748151,5.278753600952829,0.6642665502046778,9
441,6.283234742334633,6.2552725051033065,-0.027962237231326625,10
442,6.167657319003589,6.2552725051033065,0.08761518609971741,9
443,5.895021519807329,6.2552725051033065,0.3602509852959779,6
444,6.077398435306364,6.2552725051033065,0.17787406979694254,5
445,6.098978162140724,6.2552725051033065,0.1562943429625827,7
446,6.091280112318557,6.2552725051033065,0.16399239278474909,2
447,5.86361118267842,6.2552725051033065,0.3916613224248868,3
448,6.1350761979503,6.2552725051033065,0.12019630715300611,8
449,6.1242624680507545,6.2552725051033065,0.131010037052552,4
450,5.238895800876612,5.023540521554854,-0.21535527932175835,7
451,5.316740664345945,5.023540521554854,-0.29320014279109063,6
452,5.223460963222224,5.023540521554854,-0.19992044166736989,1
453,5.283657409137217,5.023540521554854,-0.2601168875823632,5
454,5.151567735035455,5.023540521554854,-0.12802721348060064,4
455,5.164132557439078,5.023540521554854,-0.1405920358842243,2
456,5.402408226451371,5.023540521554854,-0.3788677048965168,9
457,5.291916274276327,5.023540521554854,-0.2683757527214725,10
458,5.298237356107471,5.023540521554854,-0.27469683455261684,3
459,5.770065079150383,6.313867220369153,0.5438021412187704,9
460,5.821869562541327,6.313867220369153,0.49199765782782645,2
461,5.837177008342569,6.313867220369153,0.47669021202658435,7
462,5.8443526112973645,6.313867220369153,0.46951460907178877,5
463,5.652008535253126,6.313867220369153,0.6618586851160275,10
464,5.397761782161989,6.313867220369153,0.9161054382071638,3
465,5.836140754673083,6.313867220369153,0.4777264656960707,8
466,5.698929633669672,6.313867220369153,0.6149375866994813,4
467,5.850279018630331,6.313867220369153,0.46358820173882265,6
468,5.972766049648,6.361727836017593,0.38896178636959267,5
469,5.926881548156503,6.361727836017593,0.4348462878610899,7
470,5.999598107237631,6.361727836017593,0.3621297287799621,9
471,5.969160687092755,6.361727836017593,0.39256714892483835,2
472,6.133613606504733,6.361727836017593,0.22811422951285998,4
473,6.066819304591312,6.361727836017593,0.29490853142628115,8
474,6.199219856297531,6.361727836017593,0.16250797972006215,3
475,5.8674395292648045,6.361727836017593,0.49428830675278856,10
476,6.218285714270565,6.361727836017593,0.14344212174702786,1
477,6.111750901971732,6.6020599913279625,0.49030908935623074,6
478,6.054589145738594,6.6020599913279625,0.5474708455893689,4
479,5.962449956704189,6.6020599913279625,0.6396100346237734,3
480,6.026196529887776,6.6020599913279625,0.5758634614401865,7
481,6.051453053131946,6.6020599913279625,0.5506069381960161,5
482,6.045227179658403,6.6020599913279625,0.5568328116695591,2
483,6.180518071334527,6.6020599913279625,0.4215419199934356,8
484,6.169119509539058,6.6020599913279625,0.4329404817889042,1
485,6.083401426499915,6.6020599913279625,0.5186585648280477,10
486,5.93320632764663,6.649334858712142,0.7161285310655119,6
487,6.801120304731213,6.649334858712142,-0.15178544601907085,8
488,5.894054787638834,6.649334858712142,0.7552800710733081,9
489,5.7703126700264455,6.649334858712142,0.8790221886856964,7
490,5.952062077324084,6.649334858712142,0.6972727813880581,5
491,6.090060610604112,6.649334858712142,0.5592742481080295,1
492,5.919791242272245,6.649334858712142,0.729543616439897,2
493,5.745949770005551,6.649334858712142,0.9033850887065906,4
494,6.0837889222585115,6.649334858712142,0.5655459364536304,10
495,6.111750901971732,6.041392685158225,-0.0703582168135064,6
496,5.962449956704189,6.041392685158225,0.07894272845403627,3
497,6.083401426499915,6.041392685158225,-0.042008741341689415,10
498,6.180518071334527,6.041392685158225,-0.13912538617630155,8
499,6.054589145738594,6.041392685158225,-0.013196460580368274,4
500,6.169119509539058,6.041392685158225,-0.12772682438083294,1
501,6.045227179658403,6.041392685158225,-0.0038344945001780317,2
502,6.123442265062924,6.041392685158225,-0.08204957990469897,9
503,6.026196529887776,6.041392685158225,0.015196155270449374,7
504,5.599995131622711,5.901294817165567,0.30129968554285647,10
505,5.646000929411546,5.901294817165567,0.2552938877540214,1
506,5.654493897317454,5.901294817165567,0.2468009198481136,9
507,5.459237807492996,5.901294817165567,0.44205700967257133,3
508,5.781025252993416,5.901294817165567,0.12026956417215118,8
509,5.524047603949912,5.901294817165567,0.37724721321565546,5
510,5.527318485306816,5.901294817165567,0.373976331858751,7
511,5.430494232939752,5.901294817165567,0.47080058422581494,4
512,5.511833912610987,5.901294817165567,0.38946090455458027,6
513,5.245275105057256,6.447158031342219,1.2018829262849637,1
514,5.0062462404699986,6.447158031342219,1.4409117908722209,4
515,5.277574615905674,6.447158031342219,1.1695834154365459,3
516,5.013793375348969,6.447158031342219,1.43336465599325,2
517,5.093152415889924,6.447158031342219,1.3540056154522953,5
518,5.172850214111665,6.447158031342219,1.2743078172305546,6
519,5.249132983736207,6.447158031342219,1.1980250476060128,9
520,5.063656114266537,6.447158031342219,1.3835019170756828,8
521,5.318408946692287,6.447158031342219,1.1287490846499324,10
522,5.917471329620307,4.681241237375588,-1.2362300922447194,10
523,6.015181055076097,4.681241237375588,-1.333939817700509,1
524,5.760224106583579,4.681241237375588,-1.0789828692079917,7
525,5.77874623935934,4.681241237375588,-1.0975050019837527,4
526,5.802546706645402,4.681241237375588,-1.1213054692698146,9
527,5.845386778534195,4.681241237375588,-1.1641455411586072,5
528,5.8764504432239155,4.681241237375588,-1.195209205848328,2
529,5.6255638026951,4.681241237375588,-0.9443225653195126,6
530,5.856219161420632,4.681241237375588,-1.1749779240450442,8
531,6.3416184205845605,5.81504617606463,-0.5265722445199303,8
532,5.851544833124251,5.81504617606463,-0.036498657059620854,9
533,5.906274144334085,5.81504617606463,-0.09122796826945478,7
534,6.088309466936024,5.81504617606463,-0.27326329087139367,3
535,5.888661589007966,5.81504617606463,-0.07361541294333573,4
536,5.996924750950445,5.81504617606463,-0.18187857488581471,5
537,6.03476471083347,5.81504617606463,-0.21971853476884018,6
538,5.956080187148439,5.81504617606463,-0.14103401108380886,2
539,5.825770325243708,5.81504617606463,-0.010724149179077713,10
540,5.666319213073133,4.992818520066679,-0.6735006930064538,5
541,5.7334533214073655,4.992818520066679,-0.7406348013406863,10
542,5.693008647925156,4.992818520066679,-0.7001901278584768,2
543,5.50793302988342,4.992818520066679,-0.5151145098167405,1
544,5.685494584296506,4.992818520066679,-0.6926760642298264,8
545,5.542123012549508,4.992818520066679,-0.549304492482829,7
546,5.328725332747035,4.992818520066679,-0.3359068126803555,3
547,5.742550767851518,4.992818520066679,-0.7497322477848387,9
548,5.542846346886325,4.992818520066679,-0.5500278268196457,4
549,4.172166177575465,3.204119982655925,-0.9680461949195402,1
550,3.805887348402158,3.204119982655925,-0.601767365746233,3
551,4.728134394915626,3.204119982655925,-1.5240144122597012,10
552,4.491605256418339,3.204119982655925,-1.2874852737624138,9
553,4.426907029725634,3.204119982655925,-1.2227870470697093,2
554,4.308505809269045,3.204119982655925,-1.10438582661312,4
555,3.8044433003844635,3.204119982655925,-0.6003233177285385,6
556,4.291137242538555,3.204119982655925,-1.0870172598826304,5
557,3.7127819710875705,3.204119982655925,-0.5086619884316455,8
558,5.905772355438352,6.8750612633917,0.9692889079533478,3
559,6.154688939869458,6.8750612633917,0.7203723235222421,8
560,5.960541957081985,6.8750612633917,0.9145193063097148,9
561,6.06556132938081,6.8750612633917,0.8094999340108897,1
562,6.0337637212020745,6.8750612633917,0.8412975421896256,2
563,6.0386394188393435,6.8750612633917,0.8364218445523566,10
564,6.099289777555329,6.8750612633917,0.7757714858363709,7
565,6.116361453578737,6.8750612633917,0.7586998098129634,4
566,6.084804753588778,6.8750612633917,0.790256509802922,5
567,6.581301911170514,6.8909795969896885,0.30967768581917454,7
568,6.694455694113607,6.8909795969896885,0.19652390287608146,2
569,6.4259024939863645,6.8909795969896885,0.46507710300332405,6
570,6.770018047955927,6.8909795969896885,0.12096154903376188,1
571,6.581729678304053,6.8909795969896885,0.30924991868563545,5
572,6.613439821165474,6.8909795969896885,0.27753977582421463,4
573,6.714807667040792,6.8909795969896885,0.17617192994889663,8
574,6.606895650333895,6.8909795969896885,0.2840839466557936,10
575,6.689845561313519,6.8909795969896885,0.20113403567616928,9
576,6.182025117181414,6.0,-0.18202511718141423,8
577,6.1395789011896875,6.0,-0.13957890118968752,5
578,6.103511613715091,6.0,-0.10351161371509132,3
579,6.181359045666845,6.0,-0.18135904566684502,4
580,6.097705492564814,6.0,-0.0977054925648142,2
581,6.0699116539949465,6.0,-0.06991165399494648,6
582,6.1842327998103634,6.0,-0.18423279981036345,7
583,5.892182369442659,6.0,0.10781763055734128,9
584,6.211330764209279,6.0,-0.2113307642092792,1
585,4.832216682220861,4.5003737143533735,-0.33184296786748746,2
586,5.040404387156748,4.5003737143533735,-0.5400306728033746,3
587,4.542160132109615,4.5003737143533735,-0.041786417756241256,6
588,4.770499224635845,4.5003737143533735,-0.27012551028247156,5
589,4.770087581754685,4.5003737143533735,-0.2697138674013111,10
590,4.886103145918207,4.5003737143533735,-0.3857294315648332,7
591,4.692971178783029,4.5003737143533735,-0.19259746442965575,8
592,4.695907706093528,4.5003737143533735,-0.19553399174015418,9
593,4.541535573005593,4.5003737143533735,-0.04116185865221933,4
594,5.477968529838956,6.3979400086720375,0.9199714788330811,2
595,5.386696042759742,6.3979400086720375,1.0112439659122954,1
596,5.576442196307089,6.3979400086720375,0.8214978123649486,6
597,5.790690064780617,6.3979400086720375,0.6072499438914205,3
598,5.185747096743283,6.3979400086720375,1.2121929119287547,7
599,5.302671958422776,6.3979400086720375,1.0952680502492615,4
600,5.133809921604156,6.3979400086720375,1.2641300870678815,10
601,5.266734537153469,6.3979400086720375,1.1312054715185687,9
602,6.001377255838972,6.3979400086720375,0.3965627528330655,8
603,6.3725704297982615,6.447158031342219,0.07458760154395794,1
604,6.217008666534009,6.447158031342219,0.23014936480821024,6
605,6.206118135298185,6.447158031342219,0.2410398960440343,10
606,6.278201718873204,6.447158031342219,0.16895631246901566,3
607,6.178992612013696,6.447158031342219,0.26816541932852367,4
608,6.233288088752937,6.447158031342219,0.21386994258928205,5
609,6.270743751086572,6.447158031342219,0.17641428025564743,7
610,6.28750095131675,6.447158031342219,0.15965708002546908,9
611,6.49964826856952,6.447158031342219,-0.05249023722730062,8
612,5.379059969585325,7.267171728403014,1.888111758817689,9
613,5.471821193102919,7.267171728403014,1.795350535300095,10
614,5.41172793901682,7.267171728403014,1.855443789386194,4
615,5.698178122443901,7.267171728403014,1.568993605959113,3
616,5.602092004950867,7.267171728403014,1.6650797234521466,7
617,5.562874263885304,7.267171728403014,1.70429746451771,1
618,5.961820914915499,7.267171728403014,1.3053508134875145,8
619,5.42567917708163,7.267171728403014,1.8414925513213838,5
620,5.565830839841821,7.267171728403014,1.7013408885611927,2
621,5.931761605527566,5.045714058940868,-0.8860475465866973,5
622,5.734340504827108,5.045714058940868,-0.6886264458862392,4
623,5.937798134846756,5.045714058940868,-0.8920840759058875,9
624,5.857988818838289,5.045714058940868,-0.8122747598974209,8
625,5.9282217394490075,5.045714058940868,-0.8825076805081391,10
626,5.714186813343105,5.045714058940868,-0.6684727544022362,6
627,5.835312808232894,5.045714058940868,-0.7895987492920256,7
628,5.829172001134942,5.045714058940868,-0.7834579421940733,2
629,5.744508168904017,5.045714058940868,-0.6987941099631483,3
630,5.760114701402708,6.230448921378274,0.470334219975566,2
631,5.904063630879768,6.230448921378274,0.3263852904985063,9
632,4.496169434744103,6.230448921378274,1.734279486634171,3
633,6.226387203405065,6.230448921378274,0.004061717973208978,6
634,5.749788187289246,6.230448921378274,0.4806607340890281,8
635,6.3484709785691535,6.230448921378274,-0.11802205719087944,7
636,5.800108874817474,6.230448921378274,0.4303400465607998,5
637,5.880579969577923,6.230448921378274,0.34986895180035127,10
638,6.055501004456936,6.230448921378274,0.17494791692133838,4
639,5.669913117707975,4.127104798364807,-1.5428083193431679,1
640,5.919031208135375,4.127104798364807,-1.7919264097705678,5
641,5.283540256408218,4.127104798364807,-1.1564354580434104,3
642,6.095836957774718,4.127104798364807,-1.9687321594099103,9
643,6.047533944890966,4.127104798364807,-1.9204291465261587,4
644,6.007135333780048,4.127104798364807,-1.8800305354152407,10
645,5.477995488996113,4.127104798364807,-1.3508906906313056,8
646,5.792387426201774,4.127104798364807,-1.6652826278369668,2
647,6.080001732890995,4.127104798364807,-1.952896934526188,7
648,5.751949958181714,6.0,0.24805004181828583,4
649,5.615320610179433,6.0,0.38467938982056715,10
650,6.056227349375703,6.0,-0.056227349375703284,8
651,5.653007200703894,6.0,0.34699279929610594,9
652,5.572783215730354,6.0,0.42721678426964615,7
653,5.899325025972928,6.0,0.10067497402707204,6
654,5.758006120043007,6.0,0.2419938799569934,2
655,5.971187029657671,6.0,0.028812970342329436,3
656,5.8730965771971855,6.0,0.12690342280281453,1
657,6.5179681298546015,5.715167357848458,-0.8028007720061439,7
658,6.527356966426661,5.715167357848458,-0.812189608578203,10
659,6.645584038924496,5.715167357848458,-0.9304166810760384,4
660,6.494935064096684,5.715167357848458,-0.7797677062482267,5
661,6.581955790658033,5.715167357848458,-0.8667884328095754,2
662,6.685729569115817,5.715167357848458,-0.9705622112673593,8
663,6.601926027734192,5.715167357848458,-0.8867586698857339,6
664,6.601757555690786,5.715167357848458,-0.8865901978423283,9
665,6.363161697968668,5.715167357848458,-0.64799434012021,3
666,5.789446715657937,6.024046225131059,0.2345995094731217,3
667,5.8459541097668355,6.024046225131059,0.17809211536422342,8
668,6.161011914082273,6.024046225131059,-0.1369656889512143,4
669,6.196682492855325,6.024046225131059,-0.17263626772426566,9
670,5.883529375342109,6.024046225131059,0.14051684978895018,5
671,5.994376100536581,6.024046225131059,0.029670124594478153,7
672,6.0395223042368595,6.024046225131059,-0.015476079105800622,1
673,5.958565901062429,6.024046225131059,0.06548032406862969,2
674,6.0851827586854865,6.024046225131059,-0.06113653355442761,10
675,1.968214024125188,3.645422269349092,1.6772082452239039,2
676,2.2508356469422286,3.645422269349092,1.3945866224068633,5
677,1.4347191734299727,3.645422269349092,2.2107030959191194,10
678,2.175165802072718,3.645422269349092,1.470256467276374,4
679,1.1108789199365916,3.645422269349092,2.5345433494125,6
680,2.2381640509203464,3.645422269349092,1.4072582184287454,3
681,2.387480198317159,3.645422269349092,1.2579420710319327,8
682,1.6903192475812574,3.645422269349092,1.9551030217678345,9
683,2.3597977270530706,3.645422269349092,1.2856245422960213,1
684,4.3521422658754005,3.146128035678238,-1.2060142301971624,10
685,4.249645224489418,3.146128035678238,-1.10351718881118,3
686,4.28894810779016,3.146128035678238,-1.1428200721119222,9
687,4.166761027099847,3.146128035678238,-1.0206329914216088,8
688,4.309140498486806,3.146128035678238,-1.1630124628085676,4
689,4.035493661721372,3.146128035678238,-0.8893656260431335,7
690,4.300513535171409,3.146128035678238,-1.1543854994931708,5
691,4.289929924983211,3.146128035678238,-1.1438018893049726,1
692,3.9015929421119813,3.146128035678238,-0.7554649064337431,6
693,2.387480198317159,2.8750612633917,0.4875810650745409,8
694,2.2508356469422286,2.8750612633917,0.6242256164494715,5
695,2.3597977270530706,2.8750612633917,0.5152635363386295,1
696,1.8865866676866998,2.8750612633917,0.9884745957050003,7
697,1.968214024125188,2.8750612633917,0.9068472392665121,2
698,1.4347191734299727,2.8750612633917,1.4403420899617274,10
699,2.2381640509203464,2.8750612633917,0.6368972124713537,3
700,1.6903192475812576,2.8750612633917,1.1847420158104425,9
701,2.1751658020727183,2.8750612633917,0.6998954613189818,4
702,3.6386525407662,3.3010299956639813,-0.33762254510221856,5
703,3.6122013595759643,3.3010299956639813,-0.3111713639119831,7
704,3.525442315708192,3.3010299956639813,-0.22441232004421074,2
705,3.525199711104406,3.3010299956639813,-0.22416971544042497,6
706,3.7775375727146083,3.3010299956639813,-0.4765075770506271,9
707,3.724484718242033,3.3010299956639813,-0.4234547225780516,8
708,3.850168892878444,3.3010299956639813,-0.5491388972144629,3
709,3.61641950322357,3.3010299956639813,-0.3153895075595887,10
710,3.6865863481257577,3.3010299956639813,-0.38555635246177644,4
711,3.63888406018287,3.3138672203691533,-0.32501683981371654,3
712,4.1394817747981145,3.3138672203691533,-0.8256145544289613,1
713,4.231161628306497,3.3138672203691533,-0.9172944079373435,5
714,4.027037761936512,3.3138672203691533,-0.7131705415673588,2
715,3.713648780903714,3.3138672203691533,-0.39978156053456093,6
716,4.041952269254509,3.3138672203691533,-0.7280850488853554,9
717,3.8704847647960383,3.3138672203691533,-0.556617544426885,10
718,3.8547658323302714,3.3138672203691533,-0.5408986119611181,4
719,4.139980457498558,3.3138672203691533,-0.8261132371294044,8
720,4.573501267855256,5.905795880367869,1.3322946125126132,2
721,4.80683778884648,5.905795880367869,1.0989580915213883,7
722,4.532764334371788,5.905795880367869,1.3730315459960805,3
723,4.939101161575545,5.905795880367869,0.9666947187923238,10
724,4.889393369774205,5.905795880367869,1.0164025105936636,4
725,4.644958899810601,5.905795880367869,1.2608369805572677,1
726,4.941848624113141,5.905795880367869,0.9639472562547278,9
727,4.828814733564491,5.905795880367869,1.0769811468033774,8
728,4.870056074374506,5.905795880367869,1.0357398059933631,5
729,3.74548858153413,2.6989700043360187,-1.0465185771981114,2
730,3.726944835907152,2.6989700043360187,-1.0279748315711332,8
731,3.7387238738298487,2.6989700043360187,-1.03975386949383,9
732,3.867908788783138,2.6989700043360187,-1.168938784447119,4
733,3.870393730037942,2.6989700043360187,-1.1714237257019233,10
734,3.372554543106429,2.6989700043360187,-0.6735845387704105,6
735,4.034257265866429,2.6989700043360187,-1.3352872615304099,5
736,3.770798623675543,2.6989700043360187,-1.0718286193395241,7
737,4.0713358196730605,2.6989700043360187,-1.3723658153370417,1
738,3.4096434035064394,4.146128035678238,0.7364846321717988,7
739,3.5581587058066493,4.146128035678238,0.5879693298715889,1
740,3.4400869074351323,4.146128035678238,0.7060411282431058,4
741,3.593615248961612,4.146128035678238,0.5525127867166262,8
742,3.7118110561279067,4.146128035678238,0.43431697955033144,3
743,3.2661640555903153,4.146128035678238,0.8799639800879229,2
744,3.4281971855801108,4.146128035678238,0.7179308500981274,9
745,3.6191587731261974,4.146128035678238,0.5269692625520408,10
746,3.466469513847137,4.146128035678238,0.6796585218311013,5
747,2.7053194472955164,3.2430380486862944,0.537718601390778,2
748,3.4422013098986906,3.2430380486862944,-0.19916326121239614,9
749,3.198552593634199,3.2430380486862944,0.044485455052095446,6
750,3.0824531666571606,3.2430380486862944,0.1605848820291338,5
751,2.962248404282125,3.2430380486862944,0.28078964440416954,10
752,2.8862986913852553,3.2430380486862944,0.3567393573010391,7
753,3.1502034110048402,3.2430380486862944,0.09283463768145417,8
754,2.875725430400778,3.2430380486862944,0.3673126182855162,1
755,2.7470073257378953,3.2430380486862944,0.4960307229483991,3
756,3.2549744366737983,2.6532125137753435,-0.6017619228984548,1
757,3.661025033182784,2.6532125137753435,-1.0078125194074405,2
758,3.564026262733986,2.6532125137753435,-0.9108137489586423,8
759,2.9663177217620267,2.6532125137753435,-0.3131052079866832,4
760,4.111524134006028,2.6532125137753435,-1.4583116202306843,5
761,3.40244930775858,2.6532125137753435,-0.7492367939832363,3
762,2.9365895870105305,2.6532125137753435,-0.283377073235187,9
763,3.76814242443681,2.6532125137753435,-1.1149299106614663,7
764,3.322103732462391,2.6532125137753435,-0.6688912186870475,10
765,4.2294398689704416,2.1089031276673134,-2.120536741303128,1
766,4.1107821086995076,2.1089031276673134,-2.001878981032194,4
767,4.2687414049364,2.1089031276673134,-2.159838277269087,8
768,4.089647700184581,2.1089031276673134,-1.9807445725172674,9
769,3.950490298416862,2.1089031276673134,-1.8415871707495488,3
770,3.771317915279421,2.1089031276673134,-1.6624147876121076,6
771,4.023591399163484,2.1089031276673134,-1.9146882714961708,7
772,3.929686664296816,2.1089031276673134,-1.8207835366295027,10
773,4.015547058217549,2.1089031276673134,-1.9066439305502354,2
774,3.969346619432245,3.7781512503836434,-0.19119536904860146,8
775,3.9216106456141646,3.7781512503836434,-0.1434593952305212,5
776,3.9039387091083575,3.7781512503836434,-0.12578745872471409,2
777,3.5053818076315943,3.7781512503836434,0.27276944275204906,6
778,4.03723963157783,3.7781512503836434,-0.2590883811941862,4
779,3.966027422387033,3.7781512503836434,-0.18787617200338946,7
780,4.241624144164742,3.7781512503836434,-0.4634728937810988,10
781,4.033499140596748,3.7781512503836434,-0.255347890213105,9
782,3.913977587802865,3.7781512503836434,-0.13582633741922168,1
783,4.03723963157783,3.3010299956639813,-0.7362096359138484,4
784,3.969346619432245,3.3010299956639813,-0.6683166237682636,8
785,3.966027422387033,3.3010299956639813,-0.6649974267230516,7
786,3.666859151695821,3.3010299956639813,-0.36582915603183963,3
787,3.9216106456141655,3.3010299956639813,-0.6205806499501842,5
788,3.5053818076315943,3.3010299956639813,-0.2043518119676131,6
789,3.913977587802865,3.3010299956639813,-0.6129475921388838,1
790,4.033499140596748,3.3010299956639813,-0.7324691449327672,9
791,3.9039387091083575,3.3010299956639813,-0.6029087134443762,2
792,4.364330990716247,3.0,-1.3643309907162466,1
793,4.356059056955208,3.0,-1.3560590569552078,8
794,4.603663908281597,3.0,-1.6036639082815967,7
795,4.369342716683073,3.0,-1.3693427166830734,3
796,4.320489043225498,3.0,-1.320489043225498,2
797,4.34715158580847,3.0,-1.3471515858084704,9
798,4.657974365542697,3.0,-1.6579743655426968,5
799,4.431036522001748,3.0,-1.4310365220017482,10
800,4.038980209789541,3.0,-1.0389802097895409,6
801,4.34901372951839,4.431363764158987,0.08235003464059698,4
802,4.23463374005784,4.431363764158987,0.19673002410114648,9
803,4.766780575385711,4.431363764158987,-0.3354168112267244,2
804,5.196771882761659,4.431363764158987,-0.7654081186026724,5
805,4.343387381062717,4.431363764158987,0.08797638309626965,10
806,4.264441193751737,4.431363764158987,0.1669225704072499,3
807,4.395214341430253,4.431363764158987,0.03614942272873378,1
808,4.402363975545159,4.431363764158987,0.028999788613828237,6
809,4.4898956015901685,4.431363764158987,-0.05853183743118162,8
810,4.220391227495894,4.423245873936808,0.20285464644091356,6
811,4.656737003650553,4.423245873936808,-0.23349112971374542,2
812,4.639125311097312,4.423245873936808,-0.2158794371605044,1
813,4.601563237317169,4.423245873936808,-0.1783173633803612,3
814,4.5478596315024795,4.423245873936808,-0.12461375756567161,5
815,4.630006090945863,4.423245873936808,-0.20676021700905522,8
816,5.080819376430134,4.423245873936808,-0.6575735024933262,9
817,4.6793457275729375,4.423245873936808,-0.25609985363612964,4
818,4.882235468218998,4.423245873936808,-0.45898959428219044,10
819,4.433508258993171,4.431363764158987,-0.0021444948341837744,8
820,4.3679437131338155,4.431363764158987,0.06342005102517145,6
821,4.4162032229871295,4.431363764158987,0.015160541171857389,2
822,4.118251433754729,4.431363764158987,0.313112330404258,9
823,4.634580616274774,4.431363764158987,-0.2032168521157871,1
824,4.595206208024476,4.431363764158987,-0.16384244386548907,3
825,4.703620332357598,4.431363764158987,-0.2722565681986113,7
826,4.724698744985363,4.431363764158987,-0.2933349808263763,5
827,4.84475259002931,4.431363764158987,-0.41338882587032266,4
828,4.341906173156076,5.544068044350276,1.2021618711941997,8
829,4.420527693142052,5.544068044350276,1.1235403512082236,1
830,4.504254954969006,5.544068044350276,1.03981308938127,4
831,3.950212880966597,5.544068044350276,1.5938551633836786,9
832,4.333411761227235,5.544068044350276,1.2106562831230407,5
833,4.407595390591698,5.544068044350276,1.1364726537585774,7
834,4.239420384260109,5.544068044350276,1.3046476600901666,2
835,4.241728346253246,5.544068044350276,1.3023396980970299,3
836,4.225142500915576,5.544068044350276,1.3189255434347,10
837,3.2514032204100043,3.0,-0.2514032204100043,5
838,3.5030312598766704,3.0,-0.5030312598766704,2
839,2.9687181908404856,3.0,0.031281809159514395,3
840,3.080875547760172,3.0,-0.08087554776017214,10
841,3.134711133222091,3.0,-0.13471113322209094,7
842,3.412621897764946,3.0,-0.41262189776494607,4
843,2.97723687671445,3.0,0.02276312328555008,6
844,3.445375053527288,3.0,-0.4453750535272878,9
845,3.1198473533186313,3.0,-0.11984735331863128,1
846,4.762924379001741,3.1583624920952498,-1.6045618869064913,3
847,5.597736822672927,3.1583624920952498,-2.4393743305776776,9
848,5.602563119738107,3.1583624920952498,-2.4442006276428576,7
849,5.455710307372024,3.1583624920952498,-2.297347815276774,5
850,5.300374636103676,3.1583624920952498,-2.1420121440084263,4
851,4.95920388131432,3.1583624920952498,-1.80084138921907,2
852,4.9254023993329055,3.1583624920952498,-1.7670399072376557,8
853,5.594987920881865,3.1583624920952498,-2.436625428786615,10
854,5.468569068863677,3.1583624920952498,-2.3102065767684272,1
855,3.1035759597666948,2.740362689494244,-0.36321327027245065,6
856,3.4170941831075283,2.740362689494244,-0.6767314936132842,4
857,3.395071921336689,2.740362689494244,-0.6547092318424448,1
858,3.6380112205174884,2.740362689494244,-0.8976485310232443,2
859,3.4027529219030717,2.740362689494244,-0.6623902324088276,3
860,3.6467337594001674,2.740362689494244,-0.9063710699059233,9
861,3.5134243048932228,2.740362689494244,-0.7730616153989787,5
862,3.5678685275658664,2.740362689494244,-0.8275058380716223,8
863,3.37302130014536,2.740362689494244,-0.6326586106511161,7
864,3.640127694258906,3.6232492903979,-0.01687840386100614,2
865,3.8349277217794553,3.6232492903979,-0.2116784313815554,10
866,3.6643746709279865,3.6232492903979,-0.04112538053008663,3
867,3.731537189982631,3.6232492903979,-0.10828789958473095,9
868,3.959297432920096,3.6232492903979,-0.33604814252219617,7
869,3.1145562666443767,3.6232492903979,0.5086930237535232,6
870,3.6253955316510336,3.6232492903979,-0.002146241253133674,8
871,3.865202050383194,3.6232492903979,-0.2419527599852942,5
872,3.5970181595283695,3.6232492903979,0.02623113086953044,1
873,6.225677855930278,5.375092713083399,-0.8505851428468789,4
874,6.061672754905675,5.375092713083399,-0.6865800418222756,5
875,6.186588962247205,5.375092713083399,-0.811496249163806,9
876,5.796523768449309,5.375092713083399,-0.4214310553659102,3
877,5.857484185579456,5.375092713083399,-0.4823914724960572,8
878,6.008489997421449,5.375092713083399,-0.6333972843380504,2
879,6.0959971787479486,5.375092713083399,-0.7209044656645496,1
880,6.3559684485964345,5.375092713083399,-0.9808757355130355,10
881,6.151417462014788,5.375092713083399,-0.7763247489313887,7
882,6.339787153866165,6.361727836017593,0.021940682151427637,2
883,6.3939765162267355,6.361727836017593,-0.0322486802091424,4
884,6.112672154782099,6.361727836017593,0.24905568123549404,3
885,6.367000565042961,6.361727836017593,-0.005272729025367795,1
886,6.351061548119629,6.361727836017593,0.010666287897963755,5
887,6.105577900275077,6.361727836017593,0.2561499357425161,6
888,6.451806130085434,6.361727836017593,-0.09007829406784129,9
889,6.273679743137342,6.361727836017593,0.08804809288025073,8
890,6.299694554882183,6.361727836017593,0.062033281135409624,7
891,6.1350761979503,6.409933123331294,0.2748569253809938,8
892,6.091280112318557,6.409933123331294,0.3186530110127368,2
893,5.86361118267842,6.409933123331294,0.5463219406528745,3
894,6.167657319003589,6.409933123331294,0.24227580432770512,9
895,6.1242624680507545,6.409933123331294,0.2856706552805397,4
896,6.077398435306364,6.409933123331294,0.33253468802493025,5
897,6.283234742334633,6.409933123331294,0.1266983809966611,10
898,5.895021519807329,6.409933123331294,0.5149116035239656,6
899,6.098978162140724,6.409933123331294,0.3109549611905704,7
900,6.877745758794089,6.477121254719663,-0.4006245040744263,3
901,7.0070031785863325,6.477121254719663,-0.5298819238666699,7
902,6.667454461007914,6.477121254719663,-0.19033320628825123,9
903,6.600159438619529,6.477121254719663,-0.1230381838998662,10
904,6.756889481996702,6.477121254719663,-0.27976822727703965,8
905,6.790630609049679,6.477121254719663,-0.3135093543300167,6
906,6.98500263166195,6.477121254719663,-0.5078813769422874,1
907,6.815709440060332,6.477121254719663,-0.3385881853406696,4
908,6.821700681144816,6.477121254719663,-0.3445794264251534,5
909,6.432392094895815,7.021189299069938,0.5887972041741234,1
910,6.474910882089376,7.021189299069938,0.5462784169805621,5
911,6.441053812118923,7.021189299069938,0.5801354869510149,9
912,6.22602925433717,7.021189299069938,0.7951600447327687,3
913,6.359482735053085,7.021189299069938,0.6617065640168533,6
914,6.467203363916048,7.021189299069938,0.5539859351538903,4
915,6.361438311563899,7.021189299069938,0.6597509875060394,8
916,6.458901394793828,7.021189299069938,0.5622879042761104,10
917,6.384442161490688,7.021189299069938,0.6367471375792499,7
918,5.331194637077627,3.413299764081252,-1.9178948729963752,7
919,5.360330134805756,3.413299764081252,-1.9470303707245042,5
920,5.508782935454589,3.413299764081252,-2.0954831713733375,10
921,5.351639133763281,3.413299764081252,-1.938339369682029,4
922,5.166660686839034,3.413299764081252,-1.753360922757782,2
923,5.190167807098251,3.413299764081252,-1.7768680430169992,1
924,5.1356484314913144,3.413299764081252,-1.7223486674100625,8
925,5.45134318537943,3.413299764081252,-2.0380434212981777,9
926,5.092878832345117,3.413299764081252,-1.6795790682638652,3
927,5.171783102092418,4.260071387985075,-0.9117117141073425,4
928,5.184722170464599,4.260071387985075,-0.9246507824795236,5
929,5.076655562299581,4.260071387985075,-0.8165841743145057,1
930,5.67909802483266,4.260071387985075,-1.419026636847585,10
931,4.868573829522844,4.260071387985075,-0.6085024415377687,6
932,4.854264683394485,4.260071387985075,-0.5941932954094096,3
933,5.2846474661884475,4.260071387985075,-1.0245760782033724,2
934,5.227348121363223,4.260071387985075,-0.9672767333781476,7
935,5.37550708305434,4.260071387985075,-1.115435695069265,8
936,6.330481486756599,6.0,-0.3304814867565993,7
937,6.287584685518233,6.0,-0.28758468551823313,9
938,6.321566110362748,6.0,-0.32156611036274807,5
939,6.065040765782373,6.0,-0.06504076578237328,3
940,6.242214253765734,6.0,-0.24221425376573436,2
941,6.306551829412029,6.0,-0.30655182941202863,1
942,6.098787772014036,6.0,-0.09878777201403643,8
943,6.39044415547127,6.0,-0.3904441554712701,10
944,6.400609354246306,6.0,-0.4006093542463063,4
945,6.004768949853258,6.740362689494244,0.7355937396409864,8
946,6.279098999513698,6.740362689494244,0.46126368998054623,2
947,6.111407437084927,6.740362689494244,0.6289552524093169,5
948,6.224493456272897,6.740362689494244,0.5158692332213475,1
949,6.425021706359306,6.740362689494244,0.31534098313493786,10
950,6.48483936892146,6.740362689494244,0.2555233205727845,9
951,5.952576762466408,6.740362689494244,0.7877859270278362,3
952,6.375593760829455,6.740362689494244,0.36476892866478927,7
953,6.338697700733165,6.740362689494244,0.4016649887610795,4
954,6.698873477661177,6.099231615080882,-0.5996418625802953,10
955,6.561318224703539,6.099231615080882,-0.46208660962265746,1
956,6.626584712889947,6.099231615080882,-0.5273530978090655,4
957,6.283214516499037,6.099231615080882,-0.18398290141815554,6
958,6.492628718843071,6.099231615080882,-0.3933971037621893,7
959,6.75451278540717,6.099231615080882,-0.6552811703262877,9
960,6.529949924711938,6.099231615080882,-0.4307183096310565,2
961,6.356744841037815,6.099231615080882,-0.2575132259569335,8
962,6.337815039922224,6.099231615080882,-0.23858342484134187,3
963,6.408459834798209,6.431363764158987,0.022903929360778008,7
964,6.131928511469665,6.431363764158987,0.2994352526893218,3
965,6.381403901077316,6.431363764158987,0.04995986308167133,1
966,6.209677519372158,6.431363764158987,0.22168624478682908,6
967,6.249576866930351,6.431363764158987,0.18178689722863606,8
968,6.3699739241792885,6.431363764158987,0.06138983997969838,10
969,6.387502652128542,6.431363764158987,0.04386111203044507,4
970,6.309941985372735,6.431363764158987,0.12142177878625215,5
971,6.317027666523372,6.431363764158987,0.11433609763561492,9
972,6.440349949825968,4.6464037262230695,-1.793946223602899,10
973,6.354773091298774,4.6464037262230695,-1.7083693650757041,2
974,6.487975337173614,4.6464037262230695,-1.8415716109505444,5
975,6.442553958815746,4.6464037262230695,-1.7961502325926766,9
976,6.372624843426587,4.6464037262230695,-1.7262211172035178,3
977,6.469830219002371,4.6464037262230695,-1.8234264927793014,1
978,6.436276200588466,4.6464037262230695,-1.7898724743653966,6
979,6.413239721156713,4.6464037262230695,-1.7668359949336434,8
980,6.465891528252348,4.6464037262230695,-1.8194878020292782,4
981,6.250863925114535,6.142702245737616,-0.10816167937691912,7
982,6.085679967436821,6.142702245737616,0.05702227830079476,3
983,6.292992510288662,6.142702245737616,-0.150290264551046,5
984,6.409670307284983,6.142702245737616,-0.2669680615473675,9
985,6.425549302917775,6.142702245737616,-0.2828470571801587,10
986,6.323682566561625,6.142702245737616,-0.18098032082400906,4
987,6.038247720449481,6.142702245737616,0.10445452528813526,6
988,6.205114944953678,6.142702245737616,-0.06241269921606207,2
989,6.125817387397564,6.142702245737616,0.0168848583400516,8
990,6.186784993633622,6.431363764158987,0.24457877052536503,4
991,6.249426480525838,6.431363764158987,0.18193728363314854,1
992,6.226468988607352,6.431363764158987,0.20489477555163482,8
993,6.121527027218823,6.431363764158987,0.3098367369401638,2
994,6.194624304888823,6.431363764158987,0.23673945927016415,5
995,6.2955797249254255,6.431363764158987,0.13578403923356142,9
996,6.3030045092032125,6.431363764158987,0.12835925495577438,10
997,6.13998924355895,6.431363764158987,0.2913745206000371,3
998,6.199862306715479,6.431363764158987,0.2315014574435077,7
999,5.940162224754052,6.19258417809083,0.2524219533367784,5
1000,5.973039738198225,6.19258417809083,0.21954443989260497,1
1001,5.84963757871084,6.19258417809083,0.3429465993799905,2
1002,5.988738583377973,6.19258417809083,0.20384559471285701,7
1003,6.02972531886664,6.19258417809083,0.1628588592241904,9
1004,6.070018265133477,6.19258417809083,0.12256591295735308,10
1005,5.952701256253492,6.19258417809083,0.23988292183733861,6
1006,6.0429637547644495,6.19258417809083,0.1496204233263807,4
1007,6.02908172541752,6.19258417809083,0.16350245267330976,8
1008,6.363360954606166,6.238046103128795,-0.12531485147737076,4
1009,6.266866919399828,6.238046103128795,-0.028820816271032612,2
1010,6.0729276616471815,6.238046103128795,0.1651184414816136,10
1011,6.278240393044586,6.238046103128795,-0.04019428991579055,6
1012,6.23312672622772,6.238046103128795,0.004919376901074912,7
1013,6.267638647945607,6.238046103128795,-0.029592544816812172,1
1014,6.139212061735642,6.238046103128795,0.098834041393153,3
1015,6.142651078201374,6.238046103128795,0.09539502492742091,5
1016,6.413082760089743,6.238046103128795,-0.17503665696094828,8
1017,6.055475459313347,6.950851458888547,0.8953759995752,5
1018,6.00592431623377,6.950851458888547,0.9449271426547767,2
1019,6.2981141540306815,6.950851458888547,0.6527373048578653,4
1020,6.018822453674852,6.950851458888547,0.9320290052136952,10
1021,6.237626870515096,6.950851458888547,0.7132245883734507,6
1022,6.047266287834533,6.950851458888547,0.9035851710540141,7
1023,6.381162662344617,6.950851458888547,0.5696887965439297,8
1024,6.225310348664213,6.950851458888547,0.7255411102243334,1
1025,6.035972842908363,6.950851458888547,0.914878615980184,9
1026,5.980637971208259,4.819543935541868,-1.161094035666391,3
1027,6.07784413598444,4.819543935541868,-1.258300200442572,6
1028,6.136120011416637,4.819543935541868,-1.316576075874769,8
1029,6.275107651734718,4.819543935541868,-1.4555637161928496,10
1030,6.233221358598192,4.819543935541868,-1.413677423056324,9
1031,6.344488469865002,4.819543935541868,-1.5249445343231338,1
1032,6.223876624833901,4.819543935541868,-1.4043326892920325,2
1033,6.05085903231389,4.819543935541868,-1.2313150967720219,5
1034,6.4968653569662544,4.819543935541868,-1.6773214214243861,4
1035,6.182700806999846,4.716504163773217,-1.4661966432266293,5
1036,6.259945922726112,4.716504163773217,-1.5434417589528948,7
1037,6.204717496376324,4.716504163773217,-1.4882133326031068,6
1038,6.2349287946145555,4.716504163773217,-1.5184246308413387,3
1039,6.11908943019737,4.716504163773217,-1.4025852664241532,8
1040,6.2774550407939484,4.716504163773217,-1.5609508770207317,9
1041,6.05086740001455,4.716504163773217,-1.334363236241333,2
1042,6.229985072445688,4.716504163773217,-1.513480908672471,10
1043,6.266681272172982,4.716504163773217,-1.5501771083997653,4
1044,6.039077591101474,6.612783856719736,0.5737062656182621,2
1045,6.167580257871407,6.612783856719736,0.4452035988483294,1
1046,6.224861673573327,6.612783856719736,0.3879221831464097,4
1047,6.1960731868968555,6.612783856719736,0.41671066982288085,10
1048,6.0468585834386674,6.612783856719736,0.5659252732810689,3
1049,6.121791889583665,6.612783856719736,0.49099196713607096,6
1050,6.115360013569291,6.612783856719736,0.49742384315044497,7
1051,6.079832420336081,6.612783856719736,0.5329514363836552,5
1052,6.177518605892185,6.612783856719736,0.43526525082755096,9
1053,6.198936373801311,5.7160033436348,-0.48293303016651024,10
1054,6.100347497807639,5.7160033436348,-0.3843441541728385,9
1055,6.243622374601446,5.7160033436348,-0.5276190309666458,4
1056,6.201430046634901,5.7160033436348,-0.48542670300010027,7
1057,5.98959818051783,5.7160033436348,-0.27359483688302966,8
1058,6.216417504631944,5.7160033436348,-0.5004141609971438,1
1059,6.10665811783828,5.7160033436348,-0.3906547742034796,5
1060,6.107166797580499,5.7160033436348,-0.3911634539456985,2
1061,5.9114192253083635,5.7160033436348,-0.19541588167356316,3
1062,6.245537057623507,6.3979400086720375,0.15240295104853008,1
1063,6.117306814457291,6.3979400086720375,0.2806331942147464,2
1064,6.234922097986845,6.3979400086720375,0.1630179106851921,4
1065,6.019786514086154,6.3979400086720375,0.37815349458588354,8
1066,6.105212421386421,6.3979400086720375,0.29272758728561676,5
1067,6.113155186647484,6.3979400086720375,0.28478482202455346,10
1068,5.943417825525542,6.3979400086720375,0.4545221831464952,6
1069,6.036778082050701,6.3979400086720375,0.36116192662133617,9
1070,5.936506254695989,6.3979400086720375,0.46143375397604824,3
1071,5.849884260358039,6.077258863692948,0.22737460333490844,6
1072,5.924722881052605,6.077258863692948,0.15253598264034274,9
1073,6.0456954899861435,6.077258863692948,0.0315633737068044,3
1074,5.9973234420385415,6.077258863692948,0.07993542165440637,1
1075,5.929905183703854,6.077258863692948,0.1473536799890942,7
1076,5.9684293695295505,6.077258863692948,0.10882949416339738,10
1077,5.915336404404963,6.077258863692948,0.1619224592879851,2
1078,5.892431101368856,6.077258863692948,0.18482776232409215,5
1079,5.9827710491890445,6.077258863692948,0.09448781450390342,4
1080,6.145028457275403,6.614897216033135,0.46986875875773215,7
1081,6.064549243615622,6.614897216033135,0.5503479724175131,3
1082,6.222126673596005,6.614897216033135,0.3927705424371304,10
1083,6.221361393123891,6.614897216033135,0.3935358229092447,9
1084,6.0981829909939815,6.614897216033135,0.5167142250391539,2
1085,6.096303390108509,6.614897216033135,0.5185938259246266,1
1086,6.23320899343151,6.614897216033135,0.3816882226016256,4
1087,6.089860724946573,6.614897216033135,0.5250364910865626,6
1088,6.058643607697901,6.614897216033135,0.5562536083352345,8
1089,5.372173383131379,5.00902574208691,-0.3631476410444687,6
1090,5.477153271749414,5.00902574208691,-0.46812752966250315,2
1091,5.59116397500656,5.00902574208691,-0.5821382329196494,8
1092,5.616340978880341,5.00902574208691,-0.6073152367934309,4
1093,5.5801967653499975,5.00902574208691,-0.5711710232630871,9
1094,5.444415888177787,5.00902574208691,-0.43539014609087623,5
1095,5.476447186665725,5.00902574208691,-0.4674214445788145,3
1096,5.452964519779936,5.00902574208691,-0.4439387776930257,7
1097,5.571892829544118,5.00902574208691,-0.5628670874572075,1
1098,5.577190140671782,5.37383114507383,-0.20335899559795134,5
1099,5.640718549992753,5.37383114507383,-0.26688740491892293,7
1100,5.472733934469408,5.37383114507383,-0.09890278939557806,6
1101,5.515046457148599,5.37383114507383,-0.14121531207476856,2
1102,5.7986388196655,5.37383114507383,-0.42480767459167,10
1103,5.637842117771451,5.37383114507383,-0.26401097269762097,4
1104,5.631796414581914,5.37383114507383,-0.25796526950808385,1
1105,5.470367002315349,5.37383114507383,-0.09653585724151892,8
1106,5.416715317624892,5.37383114507383,-0.04288417255106136,3
1107,5.771342057550359,6.477121254719663,0.7057791971693037,6
1108,5.83222816163291,6.477121254719663,0.6448930930867522,9
1109,5.860786050968049,6.477121254719663,0.6163352037516132,5
1110,5.941343915631141,6.477121254719663,0.5357773390885212,3
1111,5.908214390222503,6.477121254719663,0.5689068644971593,1
1112,5.900693457103086,6.477121254719663,0.576427797616577,4
1113,6.10072457926129,6.477121254719663,0.3763966754583725,10
1114,6.0026642194851645,6.477121254719663,0.4744570352344981,8
1115,5.843989345667087,6.477121254719663,0.633131909052576,7
1116,6.093876520289021,4.862250674597925,-1.231625845691096,10
1117,5.799311166377209,4.862250674597925,-0.9370604917792846,3
1118,5.98181663513409,4.862250674597925,-1.119565960536165,4
1119,6.065105537605767,4.862250674597925,-1.2028548630078424,8
1120,5.70915287170173,4.862250674597925,-0.8469021971038053,6
1121,5.934271594476212,4.862250674597925,-1.0720209198782875,9
1122,5.931568578398479,4.862250674597925,-1.0693179038005542,5
1123,5.884377048472436,4.862250674597925,-1.022126373874511,2
1124,5.89175726367932,4.862250674597925,-1.0295065890813957,7
1125,5.90716966251349,6.466867620354109,0.5596979578406192,1
1126,5.485085404183476,6.466867620354109,0.9817822161706333,9
1127,6.2032817934480375,6.466867620354109,0.2635858269060716,8
1128,6.022526903828008,6.466867620354109,0.4443407165261011,3
1129,5.763077136400912,6.466867620354109,0.7037904839531972,5
1130,5.69834451600542,6.466867620354109,0.7685231043486889,10
1131,5.855020128488826,6.466867620354109,0.6118474918652828,7
1132,5.8624238155268245,6.466867620354109,0.6044438048272847,2
1133,6.139787649572566,6.466867620354109,0.3270799707815435,4
1134,6.0912775579945535,5.188084373714938,-0.9031931842796155,7
1135,6.217773178153757,5.188084373714938,-1.0296888044388188,9
1136,6.111433267604454,5.188084373714938,-0.923348893889516,6
1137,6.413304200308983,5.188084373714938,-1.2252198265940448,2
1138,6.127795817058071,5.188084373714938,-0.9397114433431328,3
1139,5.973239717592743,5.188084373714938,-0.785155343877805,10
1140,6.279039531762645,5.188084373714938,-1.0909551580477066,1
1141,6.495786001010769,5.188084373714938,-1.307701627295831,8
1142,6.205565225243202,5.188084373714938,-1.0174808515282638,5
1143,6.259368601495393,6.079181246047625,-0.1801873554477682,4
1144,6.169621074781584,6.079181246047625,-0.09043982873395873,1
1145,6.197497174627124,6.079181246047625,-0.11831592857949857,6
1146,6.2652021781607665,6.079181246047625,-0.1860209321131414,7
1147,6.586487065688753,6.079181246047625,-0.507305819641128,9
1148,6.454920859843569,6.079181246047625,-0.3757396137959441,5
1149,6.206195361891347,6.079181246047625,-0.12701411584372213,2
1150,6.292452000539964,6.079181246047625,-0.21327075449233845,10
1151,6.0740778088966705,6.079181246047625,0.005103437150954626,3
1152,6.0247981029751125,6.146128035678238,0.12132993270312564,5
1153,6.2004064961286325,6.146128035678238,-0.054278460450394306,10
1154,6.123221061723425,6.146128035678238,0.02290697395481356,4
1155,6.095460549684272,6.146128035678238,0.050667485993965755,1
1156,5.772356884532527,6.146128035678238,0.3737711511457116,3
1157,5.847944202322873,6.146128035678238,0.298183833355365,6
1158,5.662656451860067,6.146128035678238,0.48347158381817135,8
1159,6.204686177037002,6.146128035678238,-0.05855814135876347,9
1160,5.99135321857182,6.146128035678238,0.15477481710641783,7
1161,6.192285034325138,5.326335860928752,-0.8659491733963867,8
1162,6.002163612185481,5.326335860928752,-0.6758277512567297,10
1163,5.943194103362082,5.326335860928752,-0.61685824243333,2
1164,5.9734441296479055,5.326335860928752,-0.6471082687191538,9
1165,6.055085704898873,5.326335860928752,-0.728749843970121,1
1166,5.981114600630076,5.326335860928752,-0.6547787397013245,3
1167,6.063906077518367,5.326335860928752,-0.7375702165896154,5
1168,6.023713024179655,5.326335860928752,-0.6973771632509029,6
1169,6.021384006451774,5.326335860928752,-0.695048145523022,7
1170,5.841709526335083,6.768638101247615,0.926928574912532,7
1171,5.6902400273599705,6.768638101247615,1.0783980738876444,5
1172,5.706029015188374,6.768638101247615,1.0626090860592408,2
1173,5.839110097410342,6.768638101247615,0.9295280038372731,4
1174,5.785041335461586,6.768638101247615,0.9835967657860287,1
1175,5.843994975306621,6.768638101247615,0.9246431259409942,6
1176,5.643099181417946,6.768638101247615,1.125538919829669,3
1177,6.20400246711516,6.768638101247615,0.564635634132455,8
1178,5.806150203809335,6.768638101247615,0.9624878974382796,9
1179,6.153439756299703,5.48572142648158,-0.6677183298181237,8
1180,6.18044981259526,5.48572142648158,-0.6947283861136802,10
1181,6.064653703039575,5.48572142648158,-0.5789322765579952,1
1182,5.8932654351194484,5.48572142648158,-0.40754400863786877,3
1183,6.009764930794268,5.48572142648158,-0.5240435043126883,2
1184,6.119131465640997,5.48572142648158,-0.6334100391594175,5
1185,5.957690053349459,5.48572142648158,-0.4719686268678789,6
1186,6.050563740299979,5.48572142648158,-0.5648423138183993,9
1187,6.199864933576474,5.48572142648158,-0.714143507094894,7
1188,6.200179699442092,5.507072896756503,-0.6931068026855893,9
1189,6.145630551064936,5.507072896756503,-0.6385576543084328,8
1190,6.110405154161788,5.507072896756503,-0.6033322574052855,3
1191,6.269733104014404,5.507072896756503,-0.762660207257901,1
1192,6.304663912805344,5.507072896756503,-0.7975910160488411,10
1193,6.264578692470704,5.507072896756503,-0.7575057957142013,4
1194,6.140275114345181,5.507072896756503,-0.6332022175886785,2
1195,6.16498453232337,5.507072896756503,-0.657911635566867,5
1196,6.227583329203855,5.507072896756503,-0.7205104324473526,7
1197,6.0448600191487145,5.08361010516231,-0.9612499139864044,6
1198,6.1898742259746244,5.08361010516231,-1.1062641208123143,5
1199,6.329985532743561,5.08361010516231,-1.2463754275812509,8
1200,6.122429102068304,5.08361010516231,-1.0388189969059942,2
1201,6.284540439713601,5.08361010516231,-1.2009303345512912,4
1202,6.122423089193232,5.08361010516231,-1.0388129840309217,9
1203,6.228443480454536,5.08361010516231,-1.144833375292226,10
1204,6.212268814615614,5.08361010516231,-1.1286587094533038,1
1205,6.121730468875003,5.08361010516231,-1.038120363712693,3
1206,6.12971782828882,6.156851901070011,0.027134072781191065,9
1207,6.111909442007941,6.156851901070011,0.04494245906206995,1
1208,5.992204487150111,6.156851901070011,0.16464741391990056,5
1209,6.037705352532572,6.156851901070011,0.11914654853743922,6
1210,5.939972870613534,6.156851901070011,0.21687903045647694,2
1211,6.1016958009555555,6.156851901070011,0.0551561001144556,7
1212,6.051972647400033,6.156851901070011,0.10487925366997786,8
1213,6.027569471092773,6.156851901070011,0.1292824299772377,3
1214,6.014522815942047,6.156851901070011,0.14232908512796438,4
1215,6.690399109856141,5.676693609624866,-1.013705500231275,4
1216,6.458190527247579,5.676693609624866,-0.7814969176227127,8
1217,6.379420729579885,5.676693609624866,-0.7027271199550187,3
1218,6.564393353474772,5.676693609624866,-0.8876997438499057,5
1219,6.647728905903195,5.676693609624866,-0.9710352962783286,2
1220,6.638761686302534,5.676693609624866,-0.9620680766776672,10
1221,6.687722542867723,5.676693609624866,-1.0110289332428568,9
1222,6.60371741896502,5.676693609624866,-0.9270238093401533,7
1223,6.382614387692898,5.676693609624866,-0.7059207780680312,6
1224,6.8075624281120275,7.252853030979893,0.4452906028678658,8
1225,6.651885964867729,7.252853030979893,0.6009670661121644,7
1226,6.403709380804884,7.252853030979893,0.8491436501750096,10
1227,6.450366974490039,7.252853030979893,0.8024860564898546,9
1228,6.766684934079763,7.252853030979893,0.48616809690013074,1
1229,6.524669723326407,7.252853030979893,0.7281833076534863,3
1230,6.745379153438241,7.252853030979893,0.5074738775416527,2
1231,6.607554990057621,7.252853030979893,0.6452980409222722,4
1232,6.680061491990613,7.252853030979893,0.5727915389892804,6
1233,6.601788784091403,6.301029995663981,-0.3007587884274221,2
1234,6.4511011877272635,6.301029995663981,-0.15007119206328223,8
1235,6.6645940389656415,6.301029995663981,-0.36356404330166026,1
1236,6.6302802782826,6.301029995663981,-0.32925028261861833,4
1237,6.574554434108639,6.301029995663981,-0.27352443844465757,7
1238,6.534720168424618,6.301029995663981,-0.23369017276063708,10
1239,6.586896107801192,6.301029995663981,-0.285866112137211,9
1240,6.346385197227684,6.301029995663981,-0.04535520156370243,3
1241,6.514629716928671,6.301029995663981,-0.21359972126469007,5
1242,6.5203524030923194,6.477121254719663,-0.04323114837265685,9
1243,6.611548292257981,6.477121254719663,-0.13442703753831875,1
1244,6.503056420622016,6.477121254719663,-0.025935165902353674,10
1245,6.59245621663193,6.477121254719663,-0.115334961912267,4
1246,6.500981847076309,6.477121254719663,-0.023860592356646393,7
1247,6.627212936832367,6.477121254719663,-0.15009168211270474,8
1248,6.563961638112747,6.477121254719663,-0.08684038339308398,3
1249,6.269415430981857,6.477121254719663,0.20770582373780577,6
1250,6.516591274190897,6.477121254719663,-0.039470019471234075,2
1251,6.317349193798552,6.361727836017593,0.04437864221904064,10
1252,6.103794786668435,6.361727836017593,0.25793304934915806,2
1253,6.279472344586796,6.361727836017593,0.08225549143079736,4
1254,6.242151849431484,6.361727836017593,0.11957598658610902,8
1255,6.269784584606743,6.361727836017593,0.09194325141085002,7
1256,6.1664477896333025,6.361727836017593,0.19528004638429053,9
1257,6.012601708301259,6.361727836017593,0.34912612771633444,6
1258,5.882421929753699,6.361727836017593,0.47930590626389424,3
1259,6.113009034660961,6.361727836017593,0.24871880135663194,1
1260,5.83992789984237,6.079181246047625,0.2392533462052553,6
1261,6.171299745958656,6.079181246047625,-0.09211849991103094,8
1262,5.699099351008803,6.079181246047625,0.3800818950388223,5
1263,5.760188530245031,6.079181246047625,0.3189927158025938,2
1264,5.678136133564323,6.079181246047625,0.40104511248330255,7
1265,5.740709017661068,6.079181246047625,0.3384722283865571,9
1266,5.716671105386945,6.079181246047625,0.3625101406606799,10
1267,5.662315470276704,6.079181246047625,0.4168657757709209,3
1268,5.977806512200584,6.079181246047625,0.10137473384704077,1
1269,5.555798228414738,4.396199347095736,-1.1595988813190017,3
1270,5.689698369186865,4.396199347095736,-1.2934990220911287,8
1271,5.688958428163553,4.396199347095736,-1.2927590810678167,1
1272,5.867269700956066,4.396199347095736,-1.4710703538603296,10
1273,5.65045387252591,4.396199347095736,-1.2542545254301736,6
1274,5.737488541200994,4.396199347095736,-1.3412891941052578,7
1275,5.638484424286141,4.396199347095736,-1.242285077190405,5
1276,5.700420527586651,4.396199347095736,-1.3042211804909147,9
1277,5.78145279822092,4.396199347095736,-1.385253451125184,4
1278,6.19404577170445,6.14705767102836,-0.046988100676089495,10
1279,6.072341266261693,6.14705767102836,0.07471640476666686,3
1280,6.180538350252957,6.14705767102836,-0.03348067922459652,2
1281,6.331307244970293,6.14705767102836,-0.18424957394193253,1
1282,5.9481877278219555,6.14705767102836,0.19886994320640472,8
1283,6.169604157745597,6.14705767102836,-0.02254648671723647,7
1284,6.032994088521145,6.14705767102836,0.1140635825072156,9
1285,6.051674289473209,6.14705767102836,0.09538338155515103,6
1286,6.169344803706754,6.14705767102836,-0.022287132678393995,5
1287,6.0468585834386674,5.195456833628169,-0.8514017498104982,3
1288,6.115360013569291,5.195456833628169,-0.9199031799411221,7
1289,6.079832420336081,5.195456833628169,-0.8843755867079119,5
1290,6.224861673573327,5.195456833628169,-1.0294048399451574,4
1291,6.1960731868968555,5.195456833628169,-1.0006163532686863,10
1292,5.995938981150704,5.195456833628169,-0.8004821475225343,8
1293,6.167580257871407,5.195456833628169,-0.9721234242432377,1
1294,6.039077591101474,5.195456833628169,-0.843620757473305,2
1295,6.121791889583665,5.195456833628169,-0.9263350559554961,6
1296,6.3262868645167245,5.643551368562945,-0.6827354959537795,1
1297,5.983614519856802,5.643551368562945,-0.3400631512938572,3
1298,6.233850951947815,5.643551368562945,-0.5902995833848701,4
1299,6.210227395984925,5.643551368562945,-0.5666760274219795,5
1300,6.272088207829343,5.643551368562945,-0.6285368392663981,10
1301,6.28455860370032,5.643551368562945,-0.6410072351373746,9
1302,6.035771048716813,5.643551368562945,-0.3922196801538682,8
1303,6.007546251403863,5.643551368562945,-0.36399488284091763,2
1304,6.297691621057699,5.643551368562945,-0.6541402524947539,7
1305,5.587026188086874,6.016197353512439,0.429171165425565,7
1306,5.543495420131824,6.016197353512439,0.4727019333806153,5
1307,5.370463945718647,6.016197353512439,0.6457334077937915,3
1308,5.512339195809144,6.016197353512439,0.503858157703295,1
1309,5.526961799052321,6.016197353512439,0.4892355544601177,8
1310,5.759062441025743,6.016197353512439,0.25713491248669573,9
1311,5.620444222836082,6.016197353512439,0.39575313067635687,4
1312,5.857959637367712,6.016197353512439,0.15823771614472726,10
1313,5.665274777448957,6.016197353512439,0.350922576063482,2
1314,5.32725316536643,6.079181246047625,0.7519280806811954,8
1315,5.306305627777955,6.079181246047625,0.7728756182696701,7
1316,5.149202345002576,6.079181246047625,0.9299789010450494,3
1317,5.2193568190057595,6.079181246047625,0.8598244270418656,1
1318,5.311909194297908,6.079181246047625,0.7672720517497167,4
1319,5.276978696781126,6.079181246047625,0.8022025492664993,5
1320,5.485435239348412,6.079181246047625,0.5937460066992131,2
1321,5.589760683974246,6.079181246047625,0.4894205620733789,10
1322,5.294085064592547,6.079181246047625,0.7850961814550779,6
1323,5.955229832552878,6.146128035678238,0.19089820312535988,7
1324,5.698384576022663,6.146128035678238,0.44774345965557494,3
1325,5.897965642380375,6.146128035678238,0.24816239329786338,5
1326,6.203520333068181,6.146128035678238,-0.057392297389943,10
1327,6.04296507275864,6.146128035678238,0.10316296291959848,1
1328,5.803870963901006,6.146128035678238,0.3422570717772322,6
1329,6.0062521198506555,6.146128035678238,0.13987591582758263,9
1330,5.875561187622878,6.146128035678238,0.2705668480553598,2
1331,5.814397998563483,6.146128035678238,0.3317300371147551,8
1332,5.525200618764364,6.0,0.4747993812356359,5
1333,5.655393212055525,6.0,0.34460678794447475,6
1334,5.590039744317784,6.0,0.4099602556822157,4
1335,5.455182278988892,6.0,0.5448177210111078,9
1336,5.730574533940029,6.0,0.2694254660599711,7
1337,5.547257526881831,6.0,0.4527424731181693,1
1338,5.5359238404833775,6.0,0.4640761595166225,2
1339,6.011920238697267,6.0,-0.011920238697267216,8
1340,5.651226107605745,6.0,0.34877389239425494,10
1341,5.40540430812047,4.113943352306837,-1.2914609558136334,4
1342,5.424660003837411,4.113943352306837,-1.3107166515305737,1
1343,5.447164937160784,4.113943352306837,-1.3332215848539475,6
1344,5.365261065048995,4.113943352306837,-1.251317712742158,5
1345,5.386660944365725,4.113943352306837,-1.2727175920588882,9
1346,5.351399126770646,4.113943352306837,-1.2374557744638093,2
1347,5.532047448538586,4.113943352306837,-1.4181040962317493,7
1348,5.350120943681322,4.113943352306837,-1.236177591374485,3
1349,5.476049392128129,4.113943352306837,-1.3621060398212919,10
1350,6.081225682050328,6.577491799837225,0.496266117786897,1
1351,6.01771435462427,6.577491799837225,0.5597774452129549,5
1352,6.090793749269342,6.577491799837225,0.48669805056788285,6
1353,5.923165278491155,6.577491799837225,0.6543265213460705,2
1354,6.069209516698693,6.577491799837225,0.5082822831385325,3
1355,6.068227976854812,6.577491799837225,0.5092638229824127,10
1356,6.033122507452781,6.577491799837225,0.5443692923844443,7
1357,6.0272371242571205,6.577491799837225,0.5502546755801045,4
1358,6.282939629031697,6.577491799837225,0.2945521708055283,8
1359,6.003810065554232,5.472756449317212,-0.5310536162370196,2
1360,5.74492689095337,5.472756449317212,-0.2721704416361579,8
1361,6.557253521627913,5.472756449317212,-1.0844970723107004,7
1362,6.65695921468208,5.472756449317212,-1.1842027653648675,10
1363,5.622598769729716,5.472756449317212,-0.14984232041250412,3
1364,5.698300623446596,5.472756449317212,-0.225544174129384,6
1365,6.726657605004562,5.472756449317212,-1.25390115568735,5
1366,6.623802619272513,5.472756449317212,-1.1510461699553005,4
1367,6.254254520013935,5.472756449317212,-0.7814980706967223,1
1368,6.5201189038338745,6.334453751150931,-0.1856651526829438,4
1369,6.1298350995726505,6.334453751150931,0.2046186515782802,2
1370,6.283649971804701,6.334453751150931,0.05080377934622948,1
1371,6.547730060294007,6.334453751150931,-0.21327630914307605,10
1372,6.360779254563865,6.334453751150931,-0.02632550341293438,6
1373,6.441780947682497,6.334453751150931,-0.10732719653156675,7
1374,6.71631160054509,6.334453751150931,-0.38185784939415957,8
1375,6.516662101338927,6.334453751150931,-0.18220835018799608,5
1376,6.25056321738409,6.334453751150931,0.08389053376684075,3
1377,6.475703120242616,7.276921132065774,0.801218011823158,7
1378,6.304773987728651,7.276921132065774,0.9721471443371232,6
1379,6.592287567975986,7.276921132065774,0.684633564089788,5
1380,6.613355809352136,7.276921132065774,0.6635653227136382,9
1381,6.524804203436331,7.276921132065774,0.7521169286294427,4
1382,6.4412837952952575,7.276921132065774,0.8356373367705165,10
1383,6.162314050909286,7.276921132065774,1.114607081156488,2
1384,6.354424252059057,7.276921132065774,0.922496880006717,1
1385,6.483297087935294,7.276921132065774,0.79362404413048,3
1386,6.162064398648676,4.819543935541868,-1.3425204631068075,10
1387,6.483120358187115,4.819543935541868,-1.6635764226452467,3
1388,6.50278255664221,4.819543935541868,-1.683238621100342,9
1389,6.39510803722336,4.819543935541868,-1.5755641016814916,1
1390,6.672569795831803,4.819543935541868,-1.853025860289935,4
1391,6.22644667512641,4.819543935541868,-1.4069027395845417,6
1392,6.375632671309431,4.819543935541868,-1.5560887357675623,7
1393,6.3677439313132735,4.819543935541868,-1.5481999957714052,2
1394,6.545414699078637,4.819543935541868,-1.7258707635367685,5
1395,6.796453275778625,7.483587296968894,0.6871340211902686,5
1396,7.637515669476909,7.483587296968894,-0.15392837250801517,8
1397,6.844486782843684,7.483587296968894,0.63910051412521,1
1398,6.701385732694005,7.483587296968894,0.7822015642748887,2
1399,7.102661261413318,7.483587296968894,0.3809260355555759,6
1400,6.73533083015092,7.483587296968894,0.7482564668179741,7
1401,7.440666152668084,7.483587296968894,0.04292114430081018,3
1402,6.739975104800006,7.483587296968894,0.7436121921688876,10
1403,6.919931411001589,7.483587296968894,0.5636558859673046,9
1404,7.675590864145215,8.041392685158225,0.36580182101301073,6
1405,7.422828108971204,8.041392685158225,0.6185645761870218,8
1406,7.523149274200651,8.041392685158225,0.5182434109575746,1
1407,7.513442642658007,8.041392685158225,0.5279500425002182,7
1408,7.554897216800613,8.041392685158225,0.4864954683576119,2
1409,6.7387694497349635,8.041392685158225,1.3026232354232619,10
1410,7.295998434027696,8.041392685158225,0.7453942511305289,5
1411,7.628622690009224,8.041392685158225,0.41276999514900137,3
1412,6.939086604990097,8.041392685158225,1.1023060801681286,9
1413,7.176351705699282,7.477121254719663,0.300769549020381,3
1414,7.06135020208436,7.477121254719663,0.4157710526353027,5
1415,7.141772779773497,7.477121254719663,0.3353484749461657,7
1416,6.929489102027868,7.477121254719663,0.5476321526917944,9
1417,6.720436944804693,7.477121254719663,0.75668430991497,10
1418,6.922919630322058,7.477121254719663,0.5542016243976047,4
1419,7.08318427487492,7.477121254719663,0.3939369798447423,1
1420,7.131249743333135,7.477121254719663,0.3458715113865276,6
1421,7.0563046102972615,7.477121254719663,0.4208166444224011,2
1422,7.1781849495252645,6.479393896404411,-0.6987910531208534,3
1423,7.27438385891799,6.479393896404411,-0.7949899625135792,1
1424,6.654396814861004,6.479393896404411,-0.17500291845659266,9
1425,6.283808833987571,6.479393896404411,0.19558506241684004,10
1426,7.059725253082274,6.479393896404411,-0.5803313566778625,7
1427,7.246323265707953,6.479393896404411,-0.7669293693035417,8
1428,7.104126219991418,6.479393896404411,-0.6247323235870068,6
1429,7.395530379116391,6.479393896404411,-0.9161364827119796,2
1430,7.002349909963831,6.479393896404411,-0.52295601355942,5
1431,7.138911123691902,7.477121254719663,0.3382101310277603,7
1432,7.20128023116859,7.477121254719663,0.2758410235510729,6
1433,7.149409929911464,7.477121254719663,0.32771132480819887,3
1434,7.243670024561567,7.477121254719663,0.23345123015809577,2
1435,6.935527046447102,7.477121254719663,0.5415942082725609,9
1436,6.763990771623328,7.477121254719663,0.713130483096335,10
1437,7.035891800972186,7.477121254719663,0.4412294537474768,5
1438,6.934307678410248,7.477121254719663,0.5428135763094142,4
1439,7.2461664322702966,7.477121254719663,0.23095482244936605,1
1440,6.5296629794319445,6.320146286111054,-0.2095166933208903,8
1441,6.667482302181024,6.320146286111054,-0.34733601606996967,5
1442,6.0519666056548,6.320146286111054,0.26817968045625395,3
1443,6.517187038288022,6.320146286111054,-0.19704075217696815,4
1444,6.492371844554112,6.320146286111054,-0.1722255584430581,10
1445,6.525925311893742,6.320146286111054,-0.2057790257826877,1
1446,6.471044520970252,6.320146286111054,-0.15089823485919762,6
1447,6.45467942824944,6.320146286111054,-0.13453314213838574,7
1448,6.446353736708563,6.320146286111054,-0.1262074505975086,2
1449,6.45841792418618,6.3979400086720375,-0.06047791551414239,4
1450,6.5656135616329205,6.3979400086720375,-0.16767355296088304,8
1451,6.510779169888207,6.3979400086720375,-0.11283916121616944,9
1452,6.484885615562612,6.3979400086720375,-0.08694560689057429,2
1453,6.6263872456378206,6.3979400086720375,-0.22844723696578306,3
1454,6.559153475896713,6.3979400086720375,-0.1612134672246759,5
1455,6.441760590716624,6.3979400086720375,-0.04382058204458694,7
1456,6.438433871028326,6.3979400086720375,-0.04049386235628827,6
1457,6.501575929744149,6.3979400086720375,-0.10363592107211161,1
1458,6.361735564759846,6.113943352306837,-0.24779221245300942,4
1459,6.333358229286545,6.113943352306837,-0.21941487697970796,3
1460,6.31124865963456,6.113943352306837,-0.19730530732772333,6
1461,6.218805352620029,6.113943352306837,-0.10486200031319193,2
1462,6.316588946427469,6.113943352306837,-0.2026455941206322,9
1463,6.182182370828249,6.113943352306837,-0.06823901852141212,7
1464,6.468182880051713,6.113943352306837,-0.354239527744876,8
1465,6.375394849500515,6.113943352306837,-0.26145149719367833,5
1466,6.295245283836851,6.113943352306837,-0.1813019315300144,10
1467,6.0519666056548,6.201397124320452,0.1494305186656515,3
1468,6.667482302181024,6.201397124320452,-0.46608517786057213,5
1469,6.542653950292256,6.201397124320452,-0.3412568259718043,9
1470,6.492371844554112,6.201397124320452,-0.29097472023366056,10
1471,6.471044520970252,6.201397124320452,-0.2696473966498001,6
1472,6.525925311893742,6.201397124320452,-0.32452818757329016,1
1473,6.454679428249439,6.201397124320452,-0.2532823039289873,7
1474,6.5296629794319445,6.201397124320452,-0.32826585511149275,8
1475,6.517187038288022,6.201397124320452,-0.3157899139675706,4
1476,6.529687202107713,6.986771734266245,0.4570845321585324,1
1477,6.456260966930632,6.986771734266245,0.5305107673356133,10
1478,6.531411073409546,6.986771734266245,0.4553606608566989,8
1479,6.438439761302826,6.986771734266245,0.5483319729634193,2
1480,6.61174136186596,6.986771734266245,0.37503037240028547,6
1481,6.61135121035722,6.986771734266245,0.3754205239090256,5
1482,6.537366241445246,6.986771734266245,0.4494054928209996,7
1483,6.540368412837323,6.986771734266245,0.4464033214289218,3
1484,6.513615574689163,6.986771734266245,0.47315615957708257,9
1485,6.414192885606767,6.474216264076255,0.06002337846948791,5
1486,6.3030470906685645,6.474216264076255,0.17116917340769078,7
1487,6.297930576690976,6.474216264076255,0.1762856873852794,10
1488,6.329631537791433,6.474216264076255,0.14458472628482255,8
1489,6.57124505385811,6.474216264076255,-0.09702878978185492,3
1490,6.379366228131935,6.474216264076255,0.09485003594432051,9
1491,6.5081900761451985,6.474216264076255,-0.03397381206894323,1
1492,6.306227571718053,6.474216264076255,0.16798869235820213,2
1493,6.433103525702845,6.474216264076255,0.04111273837341045,4
1494,6.413881740192879,6.004136436761356,-0.4097453034315235,9
1495,6.411343669233553,6.004136436761356,-0.4072072324721967,2
1496,6.505520984612354,6.004136436761356,-0.5013845478509982,8
1497,6.461072534934382,6.004136436761356,-0.45693609817302594,4
1498,6.560956962298583,6.004136436761356,-0.5568205255372272,5
1499,6.43016394314045,6.004136436761356,-0.4260275063790937,7
1500,6.446814682055874,6.004136436761356,-0.44267824529451794,3
1501,6.424075932124353,6.004136436761356,-0.41993949536299713,6
1502,6.509104827897656,6.004136436761356,-0.5049683911363001,1
1503,6.35302118453184,6.477121254719663,0.12410007018782299,1
1504,6.376992352899269,6.477121254719663,0.10012890182039325,6
1505,6.316736037741424,6.477121254719663,0.1603852169782387,3
1506,6.290708216400418,6.477121254719663,0.1864130383192446,2
1507,6.3423876646556305,6.477121254719663,0.13473359006403207,10
1508,6.350904032477487,6.477121254719663,0.12621722224217535,4
1509,6.291998210230757,6.477121254719663,0.18512304448890582,7
1510,6.35220517994249,6.477121254719663,0.1249160747771727,8
1511,6.446506797431568,6.477121254719663,0.03061445728809442,9
1512,6.38943445031621,6.434888120867316,0.045453670551106384,3
1513,6.274435436465807,6.434888120867316,0.16045268440150906,4
1514,6.066624207207941,6.434888120867316,0.3682639136593755,6
1515,6.182281626477446,6.434888120867316,0.2526064943898705,2
1516,6.638476428750486,6.434888120867316,-0.2035883078831695,8
1517,6.238118400273085,6.434888120867316,0.19676972059423115,9
1518,6.4029352907340416,6.434888120867316,0.031952830133274546,5
1519,6.295689648328844,6.434888120867316,0.13919847253847184,10
1520,6.17871569027414,6.434888120867316,0.2561724305931765,7
1521,6.704626771873222,8.122543524068755,1.4179167521955325,4
1522,6.757504740007479,8.122543524068755,1.3650387840612757,5
1523,7.158981593785225,8.122543524068755,0.9635619302835297,3
1524,6.869827963321445,8.122543524068755,1.2527155607473102,1
1525,6.973283291448232,8.122543524068755,1.1492602326205228,6
1526,6.668698450391011,8.122543524068755,1.4538450736777442,10
1527,6.801661393816343,8.122543524068755,1.3208821302524116,8
1528,6.764548251615192,8.122543524068755,1.3579952724535627,9
1529,6.762525628413259,8.122543524068755,1.3600178956554956,2
1530,6.376518792907309,6.281033367247727,-0.0954854256595814,6
1531,6.404541660321391,6.281033367247727,-0.12350829307366418,1
1532,6.378409700715874,6.281033367247727,-0.097376333468147,7
1533,6.360335700432743,6.281033367247727,-0.07930233318501578,10
1534,6.331569626165183,6.281033367247727,-0.05053625891745561,3
1535,6.325423042597014,6.281033367247727,-0.044389675349286506,9
1536,6.454812642914622,6.281033367247727,-0.17377927566689522,4
1537,6.509912635553051,6.281033367247727,-0.2288792683053238,8
1538,6.488622088894062,6.281033367247727,-0.20758872164633502,5
1539,6.073203923206104,5.953421399681036,-0.11978252352506757,6
1540,5.7722762370001055,5.953421399681036,0.18114516268093084,3
1541,6.333809501142318,5.953421399681036,-0.380388101461282,4
1542,6.221947531786286,5.953421399681036,-0.2685261321052499,7
1543,6.2468147531093585,5.953421399681036,-0.2933933534283222,2
1544,6.265505016596418,5.953421399681036,-0.31208361691538133,10
1545,6.402591072850549,5.953421399681036,-0.4491696731695125,8
1546,6.393041269857528,5.953421399681036,-0.4396198701764913,9
1547,6.423951012597684,5.953421399681036,-0.4705296129166481,1
1548,5.848210589197296,6.518513939877887,0.6703033506805909,10
1549,5.972596082648853,6.518513939877887,0.5459178572290337,5
1550,6.128905152975942,6.518513939877887,0.38960878690194534,8
1551,6.063769192975771,6.518513939877887,0.45474474690211597,4
1552,5.774358309013384,6.518513939877887,0.744155630864503,9
1553,5.892276902631228,6.518513939877887,0.6262370372466588,2
1554,5.371399909189454,6.518513939877887,1.1471140306884333,3
1555,5.968863696029534,6.518513939877887,0.5496502438483528,1
1556,5.632511774972536,6.518513939877887,0.8860021649053511,6
1557,6.06122387783296,6.556423121371285,0.495199243538325,3
1558,6.51484243618409,6.556423121371285,0.04158068518719471,10
1559,6.110230435380905,6.556423121371285,0.44619268599038,6
1560,6.597663360995697,6.556423121371285,-0.041240239624412034,9
1561,6.346270184770506,6.556423121371285,0.21015293660077905,4
1562,6.294143291619397,6.556423121371285,0.262279829751888,7
1563,6.581614450581201,6.556423121371285,-0.025191329209915736,5
1564,6.243878419343831,6.556423121371285,0.3125447020274539,8
1565,6.326088911786526,6.556423121371285,0.23033420958475936,2
1566,6.413638992989436,6.348304863048161,-0.06533412994127552,6
1567,6.318883046988997,6.348304863048161,0.029421816059163497,10
1568,6.4298044212039995,6.348304863048161,-0.08149955815583887,1
1569,6.42408694142476,6.348304863048161,-0.07578207837659967,9
1570,6.379252107712567,6.348304863048161,-0.030947244664406348,5
1571,6.2198772296689935,6.348304863048161,0.12842763337916718,7
1572,6.186273436769753,6.348304863048161,0.16203142627840794,8
1573,6.530834062151433,6.348304863048161,-0.18252919910327225,3
1574,6.245421515649069,6.348304863048161,0.102883347399092,2
1575,0.25020334934055266,1.954242509439325,1.7040391600987723,1
1576,-0.6122122015989471,1.954242509439325,2.566454711038272,7
1577,0.593702411576541,1.954242509439325,1.360540097862784,8
1578,0.07388480469340822,1.954242509439325,1.8803577047459168,6
1579,-0.958059601317621,1.954242509439325,2.9123021107569462,5
1580,-0.39624296302852613,1.954242509439325,2.350485472467851,4
1581,-1.283214754507284,1.954242509439325,3.237457263946609,10
1582,0.42572878266778263,1.954242509439325,1.5285137267715423,3
1583,-1.0331845077507702,1.954242509439325,2.987427017190095,9
1584,1.3636919101585547,2.6020599913279625,1.2383680811694078,8
1585,0.967335542683039,2.6020599913279625,1.6347244486449235,5
1586,1.2986831300965145,2.6020599913279625,1.303376861231448,3
1587,1.3623491475406941,2.6020599913279625,1.2397108437872684,6
1588,1.154405758597114,2.6020599913279625,1.4476542327308486,2
1589,1.030757576370953,2.6020599913279625,1.5713024149570094,4
1590,1.384059705888059,2.6020599913279625,1.2180002854399035,9
1591,1.150809979464626,2.6020599913279625,1.4512500118633365,10
1592,1.1921741990483834,2.6020599913279625,1.409885792279579,1
1593,2.3694825550274023,1.3010299956639813,-1.068452559363421,2
1594,2.5325254010638973,1.3010299956639813,-1.231495405399916,7
1595,2.902020313786889,1.3010299956639813,-1.600990318122908,9
1596,2.7362183909527937,1.3010299956639813,-1.4351883952888125,10
1597,2.276033945125919,1.3010299956639813,-0.9750039494619376,8
1598,2.517852650865127,1.3010299956639813,-1.2168226552011459,6
1599,2.40525426739138,1.3010299956639813,-1.1042242717273987,4
1600,2.2880765711844324,1.3010299956639813,-0.9870465755204512,5
1601,2.479206483769919,1.3010299956639813,-1.1781764881059376,1
1602,1.778244153798479,1.9549175537349588,0.1766733999364798,1
1603,1.720439150176057,1.9549175537349588,0.23447840355890182,2
1604,2.114664611818675,1.9549175537349588,-0.15974705808371636,8
1605,1.6408398349445015,1.9549175537349588,0.3140777187904573,7
1606,1.3322628333994235,1.9549175537349588,0.6226547203355353,9
1607,1.4149286656042195,1.9549175537349588,0.5399888881307393,5
1608,1.8169975591578127,1.9549175537349588,0.1379199945771461,10
1609,2.0438483815106165,1.9549175537349588,-0.08893082777565775,6
1610,1.8100861678462294,1.9549175537349588,0.14483138588872935,3
1611,3.4654792029809753,2.0,-1.4654792029809753,5
1612,4.152658299294506,2.0,-2.1526582992945063,9
1613,3.2201491200793306,2.0,-1.2201491200793306,2
1614,3.5165934530635266,2.0,-1.5165934530635266,3
1615,3.314413955939868,2.0,-1.3144139559398682,7
1616,2.7313617824945764,2.0,-0.7313617824945764,8
1617,2.8683857451415484,2.0,-0.8683857451415484,1
1618,2.725158077111267,2.0,-0.7251580771112671,6
1619,4.121015751760565,2.0,-2.121015751760565,10
1620,3.1160953706167356,2.146128035678238,-0.9699673349384974,2
1621,3.0128403923611233,2.146128035678238,-0.8667123566828852,5
1622,2.8090396246141527,2.146128035678238,-0.6629115889359145,6
1623,3.017922633270914,2.146128035678238,-0.8717945975926757,1
1624,4.372716404803185,2.146128035678238,-2.226588369124947,9
1625,2.4574752667710555,2.146128035678238,-0.31134723109281737,3
1626,2.7450507671319073,2.146128035678238,-0.5989227314536691,4
1627,2.5919616780169137,2.146128035678238,-0.4458336423386755,7
1628,3.62310914280019,2.146128035678238,-1.4769811071219516,10
1629,2.9644519426617486,3.164352855784437,0.19990091312268854,5
1630,3.0686631683293832,3.164352855784437,0.0956896874550539,1
1631,3.52632542073035,3.164352855784437,-0.3619725649459129,9
1632,3.3344510069647795,3.164352855784437,-0.17009815118034233,3
1633,3.242916401235963,3.164352855784437,-0.07856354545152566,8
1634,3.2800517944571097,3.164352855784437,-0.11569893867267256,2
1635,3.4733506937092273,3.164352855784437,-0.3089978379247902,7
1636,3.5881075271338663,3.164352855784437,-0.4237546713494291,6
1637,3.97980437716158,3.164352855784437,-0.8154515213771427,10
1638,3.6370930278163263,1.390935107103379,-2.246157920712947,10
1639,2.5785288118625638,1.390935107103379,-1.1875937047591847,8
1640,2.2619300907078213,1.390935107103379,-0.8709949836044422,3
1641,3.0588844370788224,1.390935107103379,-1.6679493299754433,4
1642,2.9936289709184076,1.390935107103379,-1.6026938638150285,7
1643,3.9138501148538425,1.390935107103379,-2.5229150077504636,9
1644,3.2549328269825097,1.390935107103379,-1.8639977198791307,5
1645,2.7434607677288083,1.390935107103379,-1.3525256606254292,2
1646,2.5605770115489292,1.390935107103379,-1.1696419044455502,1
1647,3.70502866362317,2.9552065375419416,-0.7498221260812286,10
1648,3.2413933423695585,2.9552065375419416,-0.2861868048276168,8
1649,3.3848033514155076,2.9552065375419416,-0.42959681387356596,5
1650,3.261151587626865,2.9552065375419416,-0.30594505008492323,2
1651,3.3779884755707044,2.9552065375419416,-0.42278193802876274,1
1652,3.4092796579251705,2.9552065375419416,-0.4540731203832289,7
1653,3.6131979655389137,2.9552065375419416,-0.6579914279969721,4
1654,2.9542028664592,2.9552065375419416,0.0010036710827416861,3
1655,3.8297304266736862,2.9552065375419416,-0.8745238891317446,9
1656,4.205913165246516,3.562292864456474,-0.6436203007900416,9
1657,3.2827872224533072,3.562292864456474,0.27950564200316697,3
1658,4.252926718703888,3.562292864456474,-0.6906338542474137,10
1659,3.747143970166332,3.562292864456474,-0.18485110570985785,5
1660,3.6828808160935025,3.562292864456474,-0.12058795163702829,6
1661,3.4153274929661963,3.562292864456474,0.14696537149027789,8
1662,3.5746371479341885,3.562292864456474,-0.012344283477714324,4
1663,2.9356317221674315,3.562292864456474,0.6266611422890427,1
1664,3.70882764260047,3.562292864456474,-0.14653477814399585,7
1665,2.4423189695632375,1.9268567089496924,-0.515462260613545,4
1666,2.826862300329858,1.9268567089496924,-0.9000055913801657,9
1667,2.5257360457515503,1.9268567089496924,-0.5988793368018579,1
1668,2.369459969333972,1.9268567089496924,-0.4426032603842798,6
1669,2.837428803488053,1.9268567089496924,-0.9105720945383606,10
1670,2.1683045596725927,1.9268567089496924,-0.24144785072290031,3
1671,2.698424973799647,1.9268567089496924,-0.7715682648499544,5
1672,2.231950088122538,1.9268567089496924,-0.3050933791728456,8
1673,2.4133176785385335,1.9268567089496924,-0.4864609695888411,7
1674,3.7102921156245707,1.146128035678238,-2.564164079946333,1
1675,4.319878888821306,1.146128035678238,-3.1737508531430683,10
1676,3.186693417646268,1.146128035678238,-2.0405653819680296,3
1677,3.7937139334275476,1.146128035678238,-2.64758589774931,7
1678,3.836755559266952,1.146128035678238,-2.690627523588714,2
1679,4.121196293432647,1.146128035678238,-2.975068257754409,5
1680,3.9150019121073036,1.146128035678238,-2.7688738764290655,4
1681,3.6204099811219033,1.146128035678238,-2.474281945443665,6
1682,3.3192598911104514,1.146128035678238,-2.1731318554322137,8
1683,3.528573525527154,2.8512583487190755,-0.6773151768080785,2
1684,4.176219655084549,2.8512583487190755,-1.3249613063654735,9
1685,2.604779009652867,2.8512583487190755,0.24647933906620834,1
1686,3.275352165646069,2.8512583487190755,-0.42409381692699366,4
1687,2.737136480062989,2.8512583487190755,0.11412186865608653,6
1688,3.266019813649466,2.8512583487190755,-0.41476146493039057,8
1689,3.2511130620529296,2.8512583487190755,-0.39985471333385414,5
1690,2.841548131875299,2.8512583487190755,0.009710216843776376,7
1691,2.7794540935082397,2.8512583487190755,0.07180425521083578,3
1692,2.707949457425923,2.0,-0.7079494574259231,3
1693,2.6010114488171454,2.0,-0.6010114488171454,5
1694,2.8379791093835833,2.0,-0.8379791093835833,6
1695,2.9363724702604896,2.0,-0.9363724702604896,10
1696,2.8627477514248016,2.0,-0.8627477514248016,4
1697,2.7263074283908684,2.0,-0.7263074283908684,1
1698,2.9946559393838434,2.0,-0.9946559393838434,9
1699,2.9166479129878526,2.0,-0.9166479129878526,8
1700,2.822322027324639,2.0,-0.8223220273246392,7
1701,3.630845775952347,3.539452491549461,-0.09139328440288619,4
1702,3.8223869175408156,3.539452491549461,-0.28293442599135465,1
1703,3.4929025890292977,3.539452491549461,0.04654990252016322,8
1704,3.9180978026743465,3.539452491549461,-0.37864531112488553,5
1705,3.623621126423881,3.539452491549461,-0.08416863487442017,2
1706,3.4699588551375387,3.539452491549461,0.0694936364119223,9
1707,3.8501156348146064,3.539452491549461,-0.31066314326514544,7
1708,3.3933066488779495,3.539452491549461,0.14614584267151143,3
1709,3.624978277951838,3.539452491549461,-0.08552578640237707,6
1710,2.7006088180638192,1.380211241711606,-1.3203975763522133,6
1711,3.058011527664942,1.380211241711606,-1.677800285953336,9
1712,2.6576077011344728,1.380211241711606,-1.2773964594228668,2
1713,2.6908920849482896,1.380211241711606,-1.3106808432366837,7
1714,2.533594424191228,1.380211241711606,-1.153383182479622,1
1715,2.8728720249244466,1.380211241711606,-1.4926607832128407,10
1716,2.5676087843256203,1.380211241711606,-1.1873975426140144,4
1717,2.36001760426878,1.380211241711606,-0.979806362557174,3
1718,3.0405613075751066,1.380211241711606,-1.6603500658635006,5
1719,1.8796650326546116,2.273232834043045,0.3935678013884334,8
1720,2.4797778562431136,2.273232834043045,-0.20654502220006865,1
1721,2.5478860703711996,2.273232834043045,-0.27465323632815464,6
1722,2.762468061911199,2.273232834043045,-0.489235227868154,10
1723,2.2420863525189576,2.273232834043045,0.031146481524087388,3
1724,2.694233269633619,2.273232834043045,-0.4210004355905741,2
1725,2.550807508879034,2.273232834043045,-0.27757467483598885,9
1726,2.5556904384525994,2.273232834043045,-0.28245760440955436,5
1727,2.6070003378959896,2.273232834043045,-0.3337675038529446,4
1728,2.29330856346646,2.57978359661681,0.2864750331503503,4
1729,2.753418354522004,2.57978359661681,-0.173634757905194,2
1730,2.2305678574571166,2.57978359661681,0.3492157391596935,8
1731,2.5948416550677846,2.57978359661681,-0.01505805845097452,1
1732,2.6480539439426063,2.57978359661681,-0.06827034732579618,5
1733,2.691361747236262,2.57978359661681,-0.11157815061945175,10
1734,2.605565953028462,2.57978359661681,-0.02578235641165172,9
1735,2.4388219176861483,2.57978359661681,0.1409616789306618,6
1736,2.645701446226345,2.57978359661681,-0.06591784960953495,7
1737,2.1235784953836827,0.6334684555795865,-1.490110039804096,6
1738,1.9618448332632872,0.6334684555795865,-1.3283763776837008,8
1739,1.874116079564717,0.6334684555795865,-1.2406476239851303,4
1740,2.014365122900817,0.6334684555795865,-1.3808966673212302,7
1741,2.2915530061732543,0.6334684555795865,-1.6580845505936677,10
1742,1.9332203598268016,0.6334684555795865,-1.299751904247215,3
1743,2.5291988458549284,0.6334684555795865,-1.8957303902753417,9
1744,1.8206050805971392,0.6334684555795865,-1.1871366250175526,1
1745,2.2489711824048144,0.6334684555795865,-1.6155027268252278,2
1746,4.465467894656652,6.079181246047625,1.613713351390973,1
1747,4.419569108282723,6.079181246047625,1.6596121377649018,5
1748,5.021312086207373,6.079181246047625,1.0578691598402523,8
1749,4.561913686545608,6.079181246047625,1.5172675595020175,9
1750,4.811166745821625,6.079181246047625,1.2680145002260002,7
1751,4.538342338633427,6.079181246047625,1.540838907414198,10
1752,4.767540524002257,6.079181246047625,1.311640722045368,4
1753,4.53593381995093,6.079181246047625,1.5432474260966949,2
1754,4.8882206430499915,6.079181246047625,1.1909606029976336,3
1755,5.164132557439078,5.023951707423388,-0.1401808500156907,2
1756,5.402408226451371,5.023951707423388,-0.37845651902798316,9
1757,5.291916274276327,5.023951707423388,-0.2679645668529389,10
1758,5.314974416190382,5.023951707423388,-0.2910227087669943,8
1759,5.223460963222224,5.023951707423388,-0.19950925579883627,1
1760,5.283657409137217,5.023951707423388,-0.25970570171382956,5
1761,5.298237356107471,5.023951707423388,-0.2742856486840832,3
1762,5.238895800876612,5.023951707423388,-0.21494409345322474,7
1763,5.316740664345945,5.023951707423388,-0.292788956922557,6
1764,4.419569108282723,6.2322335211147335,1.8126644128320102,5
1765,4.767540524002257,6.2322335211147335,1.4646929971124765,4
1766,4.465467894656652,6.2322335211147335,1.7667656264580813,1
1767,5.021312086207373,6.2322335211147335,1.2109214349073607,8
1768,4.538342338633427,6.2322335211147335,1.6938911824813063,10
1769,5.064011759175773,6.2322335211147335,1.1682217619389608,6
1770,4.561913686545608,6.2322335211147335,1.670319834569126,9
1771,4.53593381995093,6.2322335211147335,1.6962997011638032,2
1772,4.811166745821625,6.2322335211147335,1.4210667752931085,7
1773,4.8606225605599205,3.247973266361807,-1.6126492941981136,7
1774,4.73703111704756,3.247973266361807,-1.4890578506857532,1
1775,4.7401528632687056,3.247973266361807,-1.4921795969068987,10
1776,4.9920215037240885,3.247973266361807,-1.7440482373622817,6
1777,4.663745231357773,3.247973266361807,-1.4157719649959666,8
1778,4.739213039552421,3.247973266361807,-1.4912397731906144,5
1779,4.739268645035916,3.247973266361807,-1.4912953786741094,4
1780,4.811002043619929,3.247973266361807,-1.5630287772581224,3
1781,4.604516992743113,3.247973266361807,-1.356543726381306,2
1782,5.208394489263173,6.302547372487486,1.0941528832243126,3
1783,5.034051071374193,6.302547372487486,1.2684963011132933,5
1784,5.018651472351231,6.302547372487486,1.2838959001362547,9
1785,4.988265894876728,6.302547372487486,1.3142814776107583,8
1786,5.2501201744207044,6.302547372487486,1.0524271980667814,7
1787,4.900000346799596,6.302547372487486,1.4025470256878902,10
1788,5.03603610920431,6.302547372487486,1.266511263283176,1
1789,5.247801196360933,6.302547372487486,1.054746176126553,6
1790,4.822169501220091,6.302547372487486,1.480377871267395,4
1791,5.358872010205777,4.598571663482141,-0.7603003467236364,6
1792,5.21859158550792,4.598571663482141,-0.6200199220257794,7
1793,5.120029375591265,4.598571663482141,-0.5214577121091244,3
1794,5.3300329237616735,4.598571663482141,-0.7314612602795325,4
1795,5.134624428129104,4.598571663482141,-0.5360527646469633,10
1796,5.360803189651154,4.598571663482141,-0.7622315261690131,1
1797,5.28357676235149,4.598571663482141,-0.6850050988693495,9
1798,5.284818618814222,4.598571663482141,-0.6862469553320807,5
1799,5.635879217885015,4.598571663482141,-1.037307554402874,8
1800,4.930859935863865,4.812913356642856,-0.1179465792210097,5
1801,5.072753725176433,4.812913356642856,-0.2598403685335775,1
1802,5.40012432873865,4.812913356642856,-0.5872109720957939,8
1803,5.03407269507498,4.812913356642856,-0.2211593384321242,4
1804,4.952107165965127,4.812913356642856,-0.1391938093222711,7
1805,5.05289556705655,4.812913356642856,-0.23998221041369394,3
1806,4.813422344628559,4.812913356642856,-0.00050898798570298,2
1807,5.014624852746565,4.812913356642856,-0.20171149610370964,9
1808,5.153690347683727,4.812913356642856,-0.34077699104087156,6
1809,4.576217453529566,3.562292864456474,-1.0139245890730915,7
1810,4.563754426132674,3.562292864456474,-1.0014615616762002,2
1811,4.047900331709252,3.562292864456474,-0.48560746725277815,8
1812,4.403936461809722,3.562292864456474,-0.8416435973532477,3
1813,4.787106534000296,3.562292864456474,-1.2248136695438219,6
1814,4.802075182518146,3.562292864456474,-1.2397823180616716,1
1815,4.735833073525948,3.562292864456474,-1.1735402090694742,9
1816,4.669797724708905,3.562292864456474,-1.1075048602524311,4
1817,4.615746534269689,3.562292864456474,-1.0534536698132144,5
1818,5.366653339844252,6.806179973983888,1.4395266341396367,7
1819,5.694221128793177,6.806179973983888,1.1119588451907116,6
1820,5.601808093717289,6.806179973983888,1.2043718802665992,8
1821,5.375371904171376,6.806179973983888,1.430808069812512,5
1822,5.281875833780851,6.806179973983888,1.5243041402030375,1
1823,5.388222723831463,6.806179973983888,1.4179572501524254,10
1824,5.600925537138079,6.806179973983888,1.2052544368458094,3
1825,5.1848803708755025,6.806179973983888,1.621299603108386,2
1826,5.401896203304875,6.806179973983888,1.4042837706790134,4
1827,4.912112250955436,5.782472624166286,0.8703603732108505,9
1828,4.739213039552421,5.782472624166286,1.0432595846138648,5
1829,4.663745231357773,5.782472624166286,1.1187273928085126,8
1830,4.811002043619929,5.782472624166286,0.9714705805463568,3
1831,4.739268645035916,5.782472624166286,1.0432039791303698,4
1832,4.8606225605599205,5.782472624166286,0.9218500636063656,7
1833,4.9920215037240885,5.782472624166286,0.7904511204421976,6
1834,4.73703111704756,5.782472624166286,1.045441507118726,1
1835,4.7401528632687056,5.782472624166286,1.0423197608975805,10
1836,5.475506874063233,6.054957596012407,0.5794507219491747,1
1837,5.385854417302256,6.054957596012407,0.6691031787101513,5
1838,5.074065797761524,6.054957596012407,0.9808917982508829,3
1839,5.250149639639703,6.054957596012407,0.804807956372704,8
1840,5.249436975312726,6.054957596012407,0.8055206206996814,10
1841,5.298101579968902,6.054957596012407,0.7568560160435052,4
1842,5.150409982449569,6.054957596012407,0.9045476135628387,7
1843,5.191931688433355,6.054957596012407,0.8630259075790523,2
1844,5.406176890029798,6.054957596012407,0.6487807059826096,9
1845,4.703490711114175,6.15124723746237,1.4477565263481953,4
1846,4.776273276247062,6.15124723746237,1.374973961215308,2
1847,4.909122495252941,6.15124723746237,1.2421247422094295,1
1848,4.746863948217485,6.15124723746237,1.404383289244885,3
1849,4.8149097055137355,6.15124723746237,1.3363375319486348,9
1850,4.556198466363261,6.15124723746237,1.5950487710991093,7
1851,4.659493914575579,6.15124723746237,1.4917533228867912,5
1852,4.627623887787713,6.15124723746237,1.523623349674657,8
1853,4.83312654527894,6.15124723746237,1.31812069218343,6
1854,5.3233428256938735,3.9036325160842376,-1.419710309609636,7
1855,5.558373491814014,3.9036325160842376,-1.6547409757297764,3
1856,4.854563973400809,3.9036325160842376,-0.950931457316571,8
1857,5.382077487757498,3.9036325160842376,-1.4784449716732606,4
1858,5.485877000768753,3.9036325160842376,-1.5822444846845158,5
1859,5.30060718850118,3.9036325160842376,-1.3969746724169427,1
1860,5.52274563368445,3.9036325160842376,-1.6191131176002127,9
1861,5.237091687618095,3.9036325160842376,-1.3334591715338577,2
1862,5.260613469382252,3.9036325160842376,-1.3569809532980148,6
1863,4.239689187462837,6.501059262217751,2.2613700747549146,10
1864,4.757332019583664,6.501059262217751,1.7437272426340868,6
1865,4.135338959424347,6.501059262217751,2.365720302793404,5
1866,4.508324825534064,6.501059262217751,1.992734436683687,2
1867,5.1893205023932305,6.501059262217751,1.3117387598245207,8
1868,4.480176706377722,6.501059262217751,2.0208825558400294,4
1869,4.158958160161493,6.501059262217751,2.342101102056258,1
1870,4.663969625895442,6.501059262217751,1.8370896363223093,7
1871,4.904781087642224,6.501059262217751,1.5962781745755272,3
1872,4.137260720295696,4.892762234615817,0.7555015143201205,9
1873,4.161062220645421,4.892762234615817,0.7317000139703955,5
1874,4.821179659801573,4.892762234615817,0.07158257481424357,8
1875,4.436041926874855,4.892762234615817,0.4567203077409614,7
1876,4.204385477105467,4.892762234615817,0.6883767575103494,10
1877,4.843836740021074,4.892762234615817,0.0489254945947426,6
1878,4.420629111590828,4.892762234615817,0.4721331230249888,1
1879,4.462628760282187,4.892762234615817,0.4301334743336298,2
1880,4.338301905109316,4.892762234615817,0.5544603295065009,4
1881,5.868112809431163,7.068185861746161,1.2000730523149983,6
1882,5.879413849590844,7.068185861746161,1.188772012155317,1
1883,5.409201488635558,7.068185861746161,1.658984373110603,10
1884,5.619178318478152,7.068185861746161,1.4490075432680092,2
1885,6.030615024431036,7.068185861746161,1.0375708373151253,8
1886,5.603924566762027,7.068185861746161,1.4642612949841345,7
1887,5.672457369577024,7.068185861746161,1.3957284921691375,5
1888,5.477425289416282,7.068185861746161,1.590760572329879,9
1889,5.84957322705794,7.068185861746161,1.2186126346882213,3
1890,4.494025181559672,3.4800069429571505,-1.0140182386025214,1
1891,4.368104298207261,3.4800069429571505,-0.8880973552501108,3
1892,4.757039604263971,3.4800069429571505,-1.2770326613068206,10
1893,4.608669932077819,3.4800069429571505,-1.1286629891206688,6
1894,4.64380308561419,3.4800069429571505,-1.1637961426570391,9
1895,4.771292786693001,3.4800069429571505,-1.2912858437358508,7
1896,4.603235264865871,3.4800069429571505,-1.1232283219087207,5
1897,4.173848227374756,3.4800069429571505,-0.6938412844176054,8
1898,4.4832595136525635,3.4800069429571505,-1.003252570695413,4
1899,5.060091022315211,4.336459733848529,-0.7236312884666818,9
1900,4.748094199522758,4.336459733848529,-0.41163446567422923,3
1901,5.093874191144085,4.336459733848529,-0.7574144572955559,7
1902,4.798556690790294,4.336459733848529,-0.4620969569417648,8
1903,5.132861926571477,4.336459733848529,-0.7964021927229483,10
1904,4.957763052670707,4.336459733848529,-0.6213033188221777,2
1905,5.039752134113951,4.336459733848529,-0.703292400265422,1
1906,5.111846886084759,4.336459733848529,-0.7753871522362301,6
1907,5.092976003206951,4.336459733848529,-0.7565162693584222,4
1908,5.0884048449847645,5.0,-0.08840484498476453,3
1909,5.52583380876865,5.0,-0.5258338087686498,6
1910,5.981082875136574,5.0,-0.9810828751365737,8
1911,5.854856596566815,5.0,-0.8548565965668153,7
1912,5.867796474762524,5.0,-0.8677964747625238,1
1913,5.913991914907756,5.0,-0.913991914907756,10
1914,5.911774715931673,5.0,-0.9117747159316734,9
1915,5.877694857365745,5.0,-0.8776948573657446,5
1916,5.909313977496144,5.0,-0.9093139774961436,4
1917,5.831243073893569,6.0,0.16875692610643078,9
1918,6.100317313073367,6.0,-0.10031731307336678,2
1919,6.113371361009505,6.0,-0.11337136100950485,8
1920,5.78398644340795,6.0,0.21601355659205002,10
1921,5.621691694042834,6.0,0.3783083059571659,6
1922,5.901401220408521,6.0,0.09859877959147934,4
1923,5.575643871369033,6.0,0.4243561286309667,3
1924,5.836938955828225,6.0,0.16306104417177458,1
1925,5.880053021085606,6.0,0.11994697891439365,7
1926,3.001443174639708,5.445604203273597,2.4441610286338893,3
1927,3.040564016538759,5.445604203273597,2.4050401867348383,10
1928,2.994183178975315,5.445604203273597,2.4514210242982823,5
1929,3.5774458368959023,5.445604203273597,1.868158366377695,8
1930,2.6422162058907745,5.445604203273597,2.803387997382823,9
1931,3.1502365117461038,5.445604203273597,2.2953676915274936,2
1932,2.965509940914361,5.445604203273597,2.4800942623592364,7
1933,3.0978383195179644,5.445604203273597,2.347765883755633,1
1934,2.9871427767045744,5.445604203273597,2.458461426569023,6
1935,1.3523665450344255,1.7781512503836436,0.4257847053492181,4
1936,2.0438483815106165,1.7781512503836436,-0.2656971311269729,6
1937,1.8169975591578127,1.7781512503836436,-0.03884630877416906,10
1938,2.114664611818675,1.7781512503836436,-0.3365133614350315,8
1939,1.3322628333994235,1.7781512503836436,0.4458884169842201,9
1940,1.720439150176057,1.7781512503836436,0.05771210020758666,2
1941,1.8100861678462294,1.7781512503836436,-0.03193491746258581,3
1942,1.6408398349445015,1.7781512503836436,0.13731141543914216,7
1943,1.778244153798479,1.7781512503836436,-9.29034148353658e-05,1
1944,3.3423599103456296,2.400537989391946,-0.9418219209536836,8
1945,3.2920505462841945,2.400537989391946,-0.8915125568922484,1
1946,3.653269238769826,2.400537989391946,-1.25273124937788,9
1947,3.2562087304077125,2.400537989391946,-0.8556707410157665,4
1948,3.398854196306064,2.400537989391946,-0.9983162069141178,6
1949,3.45577978890168,2.400537989391946,-1.055241799509734,5
1950,3.6349680592026425,2.400537989391946,-1.2344300698106965,2
1951,3.3337552799115544,2.400537989391946,-0.9332172905196083,3
1952,3.507488793254811,2.400537989391946,-1.106950803862865,7
1953,4.713135021012081,3.0,-1.7131350210120813,10
1954,4.345847703187313,3.0,-1.3458477031873128,9
1955,4.488376518092039,3.0,-1.4883765180920392,2
1956,4.182679162553493,3.0,-1.1826791625534927,4
1957,4.235744327452542,3.0,-1.235744327452542,7
1958,4.19314835506286,3.0,-1.1931483550628599,3
1959,4.159675414307194,3.0,-1.159675414307194,6
1960,4.334689864421883,3.0,-1.3346898644218834,1
1961,4.20910586936945,3.0,-1.2091058693694503,5
1962,4.962939774460789,3.653212513775344,-1.3097272606854453,7
1963,4.719401628909689,3.653212513775344,-1.0661891151343452,6
1964,4.882191535619814,3.653212513775344,-1.22897902184447,1
1965,5.01871058458365,3.653212513775344,-1.3654980708083064,2
1966,4.917926056664288,3.653212513775344,-1.264713542888944,9
1967,5.027709245565636,3.653212513775344,-1.374496731790292,4
1968,5.16608154736077,3.653212513775344,-1.5128690335854262,10
1969,4.960555973240717,3.653212513775344,-1.3073434594653728,8
1970,4.9395267121681075,3.653212513775344,-1.2863141983927635,5
1971,3.9547386069598325,5.0,1.0452613930401675,4
1972,3.9894644261236496,5.0,1.0105355738763504,2
1973,4.666980011262262,5.0,0.3330199887377381,8
1974,3.9598160233759,5.0,1.0401839766241001,10
1975,4.090972722391602,5.0,0.9090272776083976,6
1976,3.927543498954894,5.0,1.0724565010451061,7
1977,3.4739432310945064,5.0,1.5260567689054936,5
1978,4.017248035755434,5.0,0.9827519642445663,3
1979,4.025233245879151,5.0,0.9747667541208491,1
1980,5.481012108213014,5.14921911265538,-0.33179299555763464,8
1981,5.460311987247256,5.14921911265538,-0.3110928745918766,7
1982,5.319465752965159,5.14921911265538,-0.1702466403097791,6
1983,5.3585054449121765,5.14921911265538,-0.20928633225679683,4
1984,5.362035687295875,5.14921911265538,-0.2128165746404953,1
1985,5.517387571908153,5.14921911265538,-0.3681684592527734,5
1986,5.548651142980654,5.14921911265538,-0.39943203032527475,10
1987,5.244656642889684,5.14921911265538,-0.09543753023430401,3
1988,5.426788203613898,5.14921911265538,-0.27756909095851867,9
1989,3.0596077727295965,4.101747073946366,1.0421393012167695,6
1990,2.717906634071254,4.101747073946366,1.383840439875112,9
1991,3.0087354416310963,4.101747073946366,1.0930116323152697,4
1992,2.8783355744488004,4.101747073946366,1.2234114994975656,5
1993,2.960594093579258,4.101747073946366,1.1411529803671079,1
1994,3.2599132027781077,4.101747073946366,0.8418338711682583,7
1995,3.3169311535925687,4.101747073946366,0.7848159203537972,2
1996,3.4063155322979664,4.101747073946366,0.6954315416483996,10
1997,2.998494328894254,4.101747073946366,1.103252745052112,8
1998,5.6169897607150485,6.2552725051033065,0.6382827443882579,6
1999,6.155077185364479,6.2552725051033065,0.10019531973882767,1
2000,6.291652718925535,6.2552725051033065,-0.03638021382222867,10
2001,6.249150317043812,6.2552725051033065,0.006122188059494604,8
2002,6.299524380596502,6.2552725051033065,-0.044251875493195314,9
2003,6.169765572119813,6.2552725051033065,0.08550693298349366,7
2004,6.008431473893124,6.2552725051033065,0.24684103121018275,3
2005,6.22859496210386,6.2552725051033065,0.02667754299944658,4
2006,6.252007201050976,6.2552725051033065,0.0032653040523307197,2
2007,5.525420426120781,6.361727836017593,0.8363074098968122,3
2008,5.395355226968791,6.361727836017593,0.9663726090488023,10
2009,5.50039066680962,6.361727836017593,0.8613371692079728,5
2010,5.16507084395756,6.361727836017593,1.1966569920600332,9
2011,5.512883645437908,6.361727836017593,0.8488441905796851,2
2012,5.646765185578712,6.361727836017593,0.7149626504388813,8
2013,5.596795876749041,6.361727836017593,0.7649319592685524,4
2014,5.596171726971088,6.361727836017593,0.7655561090465053,7
2015,5.565833886674368,6.361727836017593,0.7958939493432249,1
2016,6.293742722831582,6.421603926869831,0.12786120403824874,6
2017,6.185702150831691,6.421603926869831,0.23590177603813967,10
2018,6.3060394307086,6.421603926869831,0.11556449616123121,7
2019,6.137187199141642,6.421603926869831,0.28441672772818904,2
2020,6.276733636294959,6.421603926869831,0.14487029057487177,3
2021,6.3931962692875475,6.421603926869831,0.028407657582283363,4
2022,6.334905798427792,6.421603926869831,0.0866981284420385,9
2023,6.244591228992238,6.421603926869831,0.17701269787759255,1
2024,6.420196475697,6.421603926869831,0.0014074511728310313,8
2025,6.392082528575716,6.176091259055681,-0.21599126952003456,10
2026,6.483501485294565,6.176091259055681,-0.3074102262388836,4
2027,6.469772575452992,6.176091259055681,-0.29368131639731043,5
2028,6.4918723785422765,6.176091259055681,-0.31578111948659515,3
2029,6.509938588236485,6.176091259055681,-0.33384732918080395,6
2030,6.34662018560568,6.176091259055681,-0.17052892654999852,2
2031,6.414865491146314,6.176091259055681,-0.2387742320906323,7
2032,6.420435575533263,6.176091259055681,-0.2443443164775818,1
2033,6.494768000555817,6.176091259055681,-0.3186767415001359,8
2034,6.499610832874985,6.113943352306837,-0.3856674805681477,9
2035,6.425963360161571,6.113943352306837,-0.31202000785473416,3
2036,6.328488294841273,6.113943352306837,-0.21454494253443634,7
2037,6.382437974527267,6.113943352306837,-0.2684946222204303,4
2038,6.425463480426291,6.113943352306837,-0.3115201281194544,5
2039,6.410144842515423,6.113943352306837,-0.29620149020858566,10
2040,6.339513032032714,6.113943352306837,-0.2255696797258775,1
2041,6.326307139495078,6.113943352306837,-0.21236378718824067,6
2042,6.345733789286603,6.113943352306837,-0.2317904369797663,8
2043,6.24281845438339,6.313867220369153,0.07104876598576304,9
2044,6.370332770373052,6.313867220369153,-0.056465550003898635,6
2045,6.3189051295065575,6.313867220369153,-0.005037909137404206,3
2046,6.309323130988892,6.313867220369153,0.004544089380261518,4
2047,6.194366977060521,6.313867220369153,0.11950024330863229,7
2048,6.310486313978074,6.313867220369153,0.0033809063910794634,1
2049,6.228135845362023,6.313867220369153,0.08573137500713024,8
2050,6.1230433001864615,6.313867220369153,0.1908239201826918,10
2051,6.121107325106021,6.313867220369153,0.19275989526313264,2
2052,6.102353508947152,6.544068044350276,0.4417145354031238,2
2053,6.310923798983084,6.544068044350276,0.2331442453671917,7
2054,6.193499433717084,6.544068044350276,0.350568610633192,3
2055,6.172930074503619,6.544068044350276,0.37113796984665637,5
2056,6.176684574217835,6.544068044350276,0.36738347013244077,9
2057,6.361303949061619,6.544068044350276,0.18276409528865667,4
2058,6.081247419340013,6.544068044350276,0.4628206250102629,10
2059,6.227808822277056,6.544068044350276,0.3162592220732199,1
2060,6.540726107427252,6.544068044350276,0.0033419369230234253,8
2061,6.3010222416945325,5.993876914941211,-0.3071453267533215,8
2062,6.1849811659293685,5.993876914941211,-0.19110425098815753,3
2063,6.167313614808809,5.993876914941211,-0.17343669986759824,6
2064,6.196458764686572,5.993876914941211,-0.20258184974536064,7
2065,6.111826909320426,5.993876914941211,-0.11794999437921483,10
2066,6.188878635049799,5.993876914941211,-0.1950017201085883,1
2067,6.025251363395315,5.993876914941211,-0.03137444845410364,2
2068,6.049613304787639,5.993876914941211,-0.05573638984642759,5
2069,6.11162770535988,5.993876914941211,-0.1177507904186692,4
2070,6.243856413001286,6.544068044350276,0.30021163134899,1
2071,6.259589028780582,6.544068044350276,0.28447901556969324,6
2072,6.383388851767642,6.544068044350276,0.1606791925826334,4
2073,6.295483214971968,6.544068044350276,0.2485848293783075,9
2074,6.141807375740118,6.544068044350276,0.4022606686101575,5
2075,6.194126141819245,6.544068044350276,0.34994190253103064,2
2076,6.2188917112296265,6.544068044350276,0.3251763331206492,3
2077,6.38294407300917,6.544068044350276,0.16112397134110523,7
2078,6.626601859360263,6.544068044350276,-0.08253381500998724,8
2079,6.0763219946658475,6.187520720836463,0.1111987261706151,8
2080,6.385670764820422,6.187520720836463,-0.19815004398395963,9
2081,6.137855590563894,6.187520720836463,0.0496651302725688,4
2082,6.172628591889739,6.187520720836463,0.014892128946724092,7
2083,6.021038207352561,6.187520720836463,0.16648251348390186,6
2084,6.269375070024232,6.187520720836463,-0.08185434918776924,10
2085,6.1880663422586,6.187520720836463,-0.0005456214221375433,5
2086,6.096521796388814,6.187520720836463,0.09099892444764901,3
2087,6.149232710553847,6.187520720836463,0.038288010282615303,1
2088,6.189306983621374,6.526985068559996,0.33767808493862184,3
2089,6.055638738574902,6.526985068559996,0.47134632998509396,7
2090,6.043030314042887,6.526985068559996,0.483954754517109,5
2091,6.210757750199886,6.526985068559996,0.3162273183601094,1
2092,6.298133048747205,6.526985068559996,0.22885201981279035,8
2093,6.1863729430767425,6.526985068559996,0.34061212548325326,4
2094,6.251374041661335,6.526985068559996,0.2756110268986607,9
2095,6.065389484308371,6.526985068559996,0.46159558425162484,10
2096,6.001824029748477,6.526985068559996,0.5251610388115191,2
2097,6.512667949304626,6.1003705451175625,-0.41229740418706307,5
2098,6.365842151447396,6.1003705451175625,-0.26547160632983324,10
2099,6.444217432378689,6.1003705451175625,-0.3438468872611269,7
2100,6.401125222350982,6.1003705451175625,-0.3007546772334191,1
2101,6.481878153781347,6.1003705451175625,-0.3815076086637843,4
2102,6.376087829232171,6.1003705451175625,-0.2757172841146085,2
2103,6.253598830919969,6.1003705451175625,-0.1532282858024061,6
2104,6.322498906550763,6.1003705451175625,-0.22212836143320036,9
2105,6.229300918522567,6.1003705451175625,-0.12893037340500424,8
2106,4.82403362010034,5.806179973983888,0.9821463538835484,3
2107,4.808296216548129,5.806179973983888,0.9978837574357593,2
2108,4.693337094960472,5.806179973983888,1.1128428790234164,9
2109,4.900143843657847,5.806179973983888,0.9060361303260418,8
2110,5.052183407995935,5.806179973983888,0.7539965659879533,4
2111,4.9652669599990675,5.806179973983888,0.8409130139848209,6
2112,4.904519816881755,5.806179973983888,0.9016601571021337,1
2113,4.684262055854231,5.806179973983888,1.1219179181296575,10
2114,5.029699688520677,5.806179973983888,0.7764802854632116,5
2115,5.821502669661277,5.093421685162235,-0.7280809844990426,5
2116,5.673686041528295,5.093421685162235,-0.5802643563660599,9
2117,5.651725060006331,5.093421685162235,-0.5583033748440966,2
2118,5.82084014149592,5.093421685162235,-0.7274184563336856,1
2119,5.869000824246933,5.093421685162235,-0.775579139084698,3
2120,5.700969344041223,5.093421685162235,-0.6075476588789881,7
2121,5.677520284719112,5.093421685162235,-0.584098599556877,10
2122,6.0499408026754,5.093421685162235,-0.9565191175131655,8
2123,5.881049902759796,5.093421685162235,-0.7876282175975611,4
2124,5.451306850764657,3.963787827345555,-1.4875190234191016,8
2125,5.33583774824065,3.963787827345555,-1.3720499208950945,7
2126,5.417494139291162,3.963787827345555,-1.453706311945607,6
2127,5.527562039283864,3.963787827345555,-1.5637742119383087,5
2128,5.338730039039498,3.963787827345555,-1.3749422116939427,10
2129,5.4957224394332505,3.963787827345555,-1.5319346120876953,1
2130,5.49255142675142,3.963787827345555,-1.5287635994058646,4
2131,5.212827323584117,3.963787827345555,-1.2490394962385616,9
2132,5.306575252118485,3.963787827345555,-1.3427874247729297,2
2133,5.304260406398707,6.0751453270538525,0.7708849206551456,10
2134,5.906863523056384,6.0751453270538525,0.16828180399746806,8
2135,5.713604977184283,6.0751453270538525,0.3615403498695695,5
2136,5.482433956837864,6.0751453270538525,0.5927113702159881,7
2137,5.658449289170071,6.0751453270538525,0.4166960378837814,3
2138,5.650594747960297,6.0751453270538525,0.4245505790935553,4
2139,5.453902676089442,6.0751453270538525,0.6212426509644109,2
2140,5.678575683644252,6.0751453270538525,0.39656964340960066,6
2141,5.355012226486459,6.0751453270538525,0.7201331005673932,9
2142,6.829573568718167,7.146128035678238,0.3165544669600715,1
2143,6.836963840412334,7.146128035678238,0.3091641952659039,7
2144,6.645408243703355,7.146128035678238,0.5007197919748831,4
2145,6.725961195375798,7.146128035678238,0.4201668403024401,9
2146,6.614473549821736,7.146128035678238,0.5316544858565022,5
2147,6.608487292219941,7.146128035678238,0.5376407434582973,10
2148,7.071465694551902,7.146128035678238,0.07466234112633607,2
2149,6.666189163168312,7.146128035678238,0.4799388725099263,8
2150,6.495481096344732,7.146128035678238,0.6506469393335061,3
2151,6.368204825021117,4.792391689498253,-1.5758131355228642,9
2152,6.462516995545654,4.792391689498253,-1.6701253060474013,7
2153,6.272838200242965,4.792391689498253,-1.480446510744712,10
2154,6.229734616405412,4.792391689498253,-1.4373429269071591,8
2155,6.066124738275477,4.792391689498253,-1.273733048777224,3
2156,6.28742356387004,4.792391689498253,-1.4950318743717874,6
2157,6.30266254602033,4.792391689498253,-1.5102708565220775,4
2158,6.252235413964813,4.792391689498253,-1.4598437244665607,5
2159,6.465961415174479,4.792391689498253,-1.6735697256762263,1
2160,6.514352330226497,6.863322860120456,0.3489705298939585,9
2161,6.726020871625117,6.863322860120456,0.1373019884953388,7
2162,6.815395646130157,6.863322860120456,0.04792721399029887,4
2163,6.810759999703468,6.863322860120456,0.05256286041698832,2
2164,6.349107528072802,6.863322860120456,0.5142153320476535,10
2165,6.958868466498736,6.863322860120456,-0.09554560637828047,8
2166,6.873462472181213,6.863322860120456,-0.010139612060757308,3
2167,6.903632991659551,6.863322860120456,-0.04031013153909502,6
2168,6.653252994409456,6.863322860120456,0.21006986571099961,5
2169,6.321371692984511,6.531478917042255,0.21010722405774462,1
2170,6.059838830671897,6.531478917042255,0.4716400863703587,3
2171,6.087445511228547,6.531478917042255,0.4440334058137081,6
2172,6.211130468312867,6.531478917042255,0.32034844872938795,9
2173,6.25966584764418,6.531478917042255,0.2718130693980756,4
2174,6.313604798080915,6.531478917042255,0.21787411896134046,5
2175,6.251116751559724,6.531478917042255,0.280362165482531,7
2176,6.258938149524752,6.531478917042255,0.2725407675175031,2
2177,6.236247237532766,6.531478917042255,0.2952316795094889,8
2178,6.143706095406974,4.472024697700282,-1.671681397706692,3
2179,6.269859114527605,4.472024697700282,-1.7978344168273228,8
2180,6.19269802061878,4.472024697700282,-1.7206733229184978,10
2181,6.325548888024275,4.472024697700282,-1.8535241903239932,1
2182,6.199289142564202,4.472024697700282,-1.7272644448639198,7
2183,6.215308146337906,4.472024697700282,-1.7432834486376239,9
2184,6.243049893503435,4.472024697700282,-1.771025195803153,4
2185,6.202983279800813,4.472024697700282,-1.7309585821005316,2
2186,6.231942866656678,4.472024697700282,-1.7599181689563963,6
2187,5.829745860151518,5.315970345456917,-0.5137755146946006,2
2188,5.9461006428602206,5.315970345456917,-0.6301302974033032,1
2189,5.829771984558275,5.315970345456917,-0.5138016391013576,5
2190,5.922599011191264,5.315970345456917,-0.6066286657343465,3
2191,5.703575697595856,5.315970345456917,-0.3876053521389382,6
2192,5.856853995859782,5.315970345456917,-0.5408836504028649,10
2193,6.063358746095672,5.315970345456917,-0.747388400638755,8
2194,5.768143451964674,5.315970345456917,-0.45217310650775655,7
2195,5.792573046131738,5.315970345456917,-0.476602700674821,9
2196,6.147911237631619,6.266114049531676,0.11820281190005666,5
2197,6.217576073616903,6.266114049531676,0.0485379759147726,4
2198,6.109845700265129,6.266114049531676,0.1562683492665462,10
2199,6.043862131251568,6.266114049531676,0.22225191828010793,9
2200,6.220195081810252,6.266114049531676,0.04591896772142334,6
2201,6.058372415021735,6.266114049531676,0.207741634509941,7
2202,6.2531053797246505,6.266114049531676,0.013008669807025086,1
2203,6.087706838919243,6.266114049531676,0.17840721061243237,3
2204,6.156807297572319,6.266114049531676,0.10930675195935624,8
2205,3.943739216535113,3.397940008672037,-0.5457992078630758,9
2206,4.340521655795359,3.397940008672037,-0.9425816471233222,5
2207,4.131321371789856,3.397940008672037,-0.7333813631178185,7
2208,3.916240098376221,3.397940008672037,-0.5183000897041841,10
2209,3.9543247126223307,3.397940008672037,-0.5563847039502936,2
2210,3.8109806344753396,3.397940008672037,-0.4130406258033026,6
2211,4.325857910455395,3.397940008672037,-0.9279179017833576,4
2212,3.965067008017802,3.397940008672037,-0.5671269993457648,3
2213,4.248735449974514,3.397940008672037,-0.8507954413024765,1
2214,6.098787772014036,6.109915863023793,0.011128091009756425,8
2215,6.39044415547127,6.109915863023793,-0.28052829244747723,10
2216,6.330481486756599,6.109915863023793,-0.22056562373280642,7
2217,6.306551829412029,6.109915863023793,-0.19663596638823577,1
2218,6.071531219846086,6.109915863023793,0.03838464317770729,6
2219,6.065040765782373,6.109915863023793,0.04487509724141958,3
2220,6.321566110362748,6.109915863023793,-0.2116502473389552,5
2221,6.400609354246306,6.109915863023793,-0.2906934912225134,4
2222,6.242214253765734,6.109915863023793,-0.1322983907419415,2
2223,6.42907375979604,6.539076098792776,0.11000233899673617,8
2224,6.3833530083520325,6.539076098792776,0.15572309044074384,6
2225,6.516011150660772,6.539076098792776,0.02306494813200466,10
2226,6.502167161372998,6.539076098792776,0.03690893741977863,3
2227,6.441039251367963,6.539076098792776,0.09803684742481344,2
2228,6.454726913451562,6.539076098792776,0.08434918534121394,4
2229,6.43442849040915,6.539076098792776,0.10464760838362608,7
2230,6.63792953041838,6.539076098792776,-0.09885343162560378,5
2231,6.592657071788269,6.539076098792776,-0.05358097299549236,9
2232,6.650846443180889,6.342817314635733,-0.3080291285451562,10
2233,6.633380292388482,6.342817314635733,-0.2905629777527494,7
2234,6.694383166205306,6.342817314635733,-0.351565851569573,8
2235,6.8660700647826305,6.342817314635733,-0.5232527501468978,3
2236,6.73523060836485,6.342817314635733,-0.39241329372911693,1
2237,6.711048257987283,6.342817314635733,-0.36823094335155027,2
2238,6.732763322968145,6.342817314635733,-0.3899460083324122,5
2239,6.7534360470377,6.342817314635733,-0.410618732401967,9
2240,6.653554102514879,6.342817314635733,-0.31073678787914627,4
2241,3.4444627563128494,2.0791812460476247,-1.3652815102652247,1
2242,3.9120789269825833,2.0791812460476247,-1.8328976809349586,10
2243,3.3260114526943325,2.0791812460476247,-1.2468302066467079,3
2244,3.22040801960441,2.0791812460476247,-1.1412267735567854,8
2245,3.910063484836619,2.0791812460476247,-1.8308822387889943,9
2246,3.888975160445479,2.0791812460476247,-1.8097939143978543,7
2247,3.9071214907192098,2.0791812460476247,-1.8279402446715851,4
2248,3.9623711217015507,2.0791812460476247,-1.883189875653926,5
2249,3.6131932513308413,2.0791812460476247,-1.5340120052832167,2
2250,5.396112057136022,5.202352067809752,-0.1937599893262698,1
2251,5.428781318083236,5.202352067809752,-0.22642925027348415,8
2252,5.282775547277781,5.202352067809752,-0.08042347946802941,2
2253,5.481040370481689,5.202352067809752,-0.2786883026719371,4
2254,5.501155350717446,5.202352067809752,-0.2988032829076941,9
2255,5.385799889865305,5.202352067809752,-0.18344782205555266,10
2256,5.5430827333212465,5.202352067809752,-0.34073066551149456,6
2257,5.610888294456142,5.202352067809752,-0.40853622664639033,5
2258,5.332926396734711,5.202352067809752,-0.13057432892495946,3
2259,6.388580835403107,6.409764104266346,0.021183268863238958,9
2260,6.409510032415573,6.409764104266346,0.00025407185077241934,7
2261,6.328452396683935,6.409764104266346,0.0813117075824108,2
2262,6.305490998534796,6.409764104266346,0.1042731057315498,6
2263,6.314614629823686,6.409764104266346,0.09514947444265953,3
2264,6.416717622833957,6.409764104266346,-0.006953518567611283,8
2265,6.301247463662284,6.409764104266346,0.10851664060406208,10
2266,6.468101455729493,6.409764104266346,-0.058337351463147336,4
2267,6.361379254862969,6.409764104266346,0.048384849403376506,5
2268,6.442518817493543,6.477121254719663,0.034602437226119775,7
2269,6.502461051120231,6.477121254719663,-0.025339796400568382,6
2270,6.205972004313481,6.477121254719663,0.27114925040618143,9
2271,6.430342282923255,6.477121254719663,0.046778971796407554,2
2272,6.342421786425307,6.477121254719663,0.13469946829435564,5
2273,6.655205407841852,6.477121254719663,-0.17808415312218973,8
2274,6.436848079765889,6.477121254719663,0.04027317495377325,3
2275,6.481387606366982,6.477121254719663,-0.004266351647319588,1
2276,6.484665011751264,6.477121254719663,-0.007543757031601039,4
2277,6.365842151447396,6.137926673293154,-0.22791547815424185,10
2278,6.481878153781347,6.137926673293154,-0.3439514804881929,4
2279,6.253598830919969,6.137926673293154,-0.11567215762681471,6
2280,6.376087829232171,6.137926673293154,-0.2381611559390171,2
2281,6.512667949304627,6.137926673293154,-0.37474127601147345,5
2282,6.444217432378689,6.137926673293154,-0.3062907590855355,7
2283,6.255861848019442,6.137926673293154,-0.11793517472628778,3
2284,6.229300918522567,6.137926673293154,-0.09137424522941284,8
2285,6.401125222350982,6.137926673293154,-0.2631985490578277,1
2286,6.481878153781347,6.45071087814692,-0.031167275634427227,4
2287,6.401125222350982,6.45071087814692,0.04958565579593799,1
2288,6.444217432378689,6.45071087814692,0.006493445768230188,7
2289,6.365842151447396,6.45071087814692,0.08486872669952383,10
2290,6.322498906550763,6.45071087814692,0.12821197159615672,9
2291,6.253598830919969,6.45071087814692,0.19711204722695097,6
2292,6.376087829232171,6.45071087814692,0.07462304891474858,2
2293,6.512667949304626,6.45071087814692,-0.06195707115770599,5
2294,6.229300918522567,6.45071087814692,0.22140995962435284,8
2295,6.46580262234414,6.60422605308447,0.13842343074033003,6
2296,6.498513901322533,6.60422605308447,0.10571215176193682,1
2297,6.444304934255441,6.60422605308447,0.15992111882902904,3
2298,6.519683103798921,6.60422605308447,0.08454294928554873,4
2299,6.45046479804837,6.60422605308447,0.15376125503610005,5
2300,6.481488028014426,6.60422605308447,0.12273802507004383,8
2301,6.446569309914345,6.60422605308447,0.1576567431701248,2
2302,6.157604746852461,6.60422605308447,0.446621306232009,10
2303,6.185391394266456,6.60422605308447,0.41883465881801385,9
2304,6.236259640546673,6.187520720836463,-0.04873891971021038,8
2305,6.291714089707852,6.187520720836463,-0.10419336887138897,9
2306,6.334503757576472,6.187520720836463,-0.1469830367400098,7
2307,6.2939862743285,6.187520720836463,-0.10646555349203712,2
2308,6.407860518478455,6.187520720836463,-0.22033979764199252,4
2309,6.413912876922324,6.187520720836463,-0.22639215608586127,1
2310,6.262301257836443,6.187520720836463,-0.07478053699998011,10
2311,6.2938808024130095,6.187520720836463,-0.10636008157654686,3
2312,6.347569043980383,6.187520720836463,-0.16004832314392026,6
2313,6.312858731237804,6.278753600952829,-0.03410513028497508,3
2314,6.373282542761398,6.278753600952829,-0.0945289418085693,1
2315,6.434548537021693,6.278753600952829,-0.1557949360688644,7
2316,6.468959852772401,6.278753600952829,-0.19020625181957218,4
2317,6.459668151144641,6.278753600952829,-0.18091455019181257,5
2318,6.293778026557289,6.278753600952829,-0.01502442560446049,2
2319,6.275648601125105,6.278753600952829,0.003104999827724164,6
2320,6.148654854738458,6.278753600952829,0.13009874621437056,9
2321,6.213735744451947,6.278753600952829,0.06501785650088188,10
2322,6.502990410849857,6.518513939877887,0.015523529028030225,9
2323,6.409562451980551,6.518513939877887,0.10895148789733611,4
2324,6.447217279357088,6.518513939877887,0.0712966605207992,1
2325,6.371550892937776,6.518513939877887,0.14696304694011086,7
2326,6.328823981435405,6.518513939877887,0.18968995844248226,8
2327,6.369725386180555,6.518513939877887,0.14878855369733213,2
2328,6.219547498505633,6.518513939877887,0.29896644137225437,3
2329,6.447743295341882,6.518513939877887,0.07077064453600546,10
2330,6.202952974096785,6.518513939877887,0.3155609657811018,6
2331,6.202609184388985,4.342422680822207,-1.8601865035667782,5
2332,5.721705840548285,4.342422680822207,-1.3792831597260786,8
2333,6.266476368141428,4.342422680822207,-1.9240536873192218,9
2334,6.156814781383011,4.342422680822207,-1.8143921005608048,1
2335,6.225804034255704,4.342422680822207,-1.8833813534334976,3
2336,6.134886708678248,4.342422680822207,-1.7924640278560418,4
2337,6.063424639828393,4.342422680822207,-1.7210019590061867,7
2338,5.629451060570884,4.342422680822207,-1.2870283797486772,6
2339,6.210028455242535,4.342422680822207,-1.867605774420328,10
2340,6.504391458580139,5.651762447380111,-0.8526290112000279,8
2341,6.371675305244722,5.651762447380111,-0.7199128578646103,2
2342,6.045771462482889,5.651762447380111,-0.3940090151027773,10
2343,6.493240221791326,5.651762447380111,-0.8414777744112145,4
2344,6.485424332428077,5.651762447380111,-0.8336618850479658,1
2345,6.426765136840555,5.651762447380111,-0.775002689460444,6
2346,6.414831015705751,5.651762447380111,-0.7630685683256395,7
2347,6.095596864179159,5.651762447380111,-0.44383441679904756,9
2348,6.39294334189705,5.651762447380111,-0.7411808945169387,3
2349,6.4849851596837915,6.301969226865995,-0.1830159328177965,8
2350,6.031171133452373,6.301969226865995,0.2707980934136218,10
2351,6.169899349578459,6.301969226865995,0.13206987728753639,5
2352,6.219112640572853,6.301969226865995,0.08285658629314163,2
2353,6.363334784544988,6.301969226865995,-0.0613655576789931,4
2354,6.230736625841673,6.301969226865995,0.07123260102432205,9
2355,6.289921283260247,6.301969226865995,0.012047943605748124,3
2356,6.462491812863896,6.301969226865995,-0.16052258599790115,6
2357,6.214059483215454,6.301969226865995,0.08790974365054094,7
2358,7.005864918507146,6.903089986991944,-0.102774931515202,4
2359,7.017672098092082,6.903089986991944,-0.11458211110013838,7
2360,7.011797502606567,6.903089986991944,-0.10870751561462288,1
2361,7.060311857129034,6.903089986991944,-0.1572218701370902,5
2362,6.863415672150994,6.903089986991944,0.03967431484094952,10
2363,6.99723281904646,6.903089986991944,-0.09414283205451657,6
2364,6.922745405407379,6.903089986991944,-0.019655418415434944,8
2365,6.737572539894275,6.903089986991944,0.16551744709766858,2
2366,6.931936480832019,6.903089986991944,-0.028846493840075205,3
2367,6.3514750521027175,5.983175072037813,-0.3682999800649043,7
2368,6.349089868546075,5.983175072037813,-0.3659147965082621,6
2369,6.1599263462641005,5.983175072037813,-0.17675127422628734,9
2370,6.21211903696106,5.983175072037813,-0.2289439649232472,2
2371,6.474123734613838,5.983175072037813,-0.49094866257602465,1
2372,6.562129241576207,5.983175072037813,-0.5789541695383935,4
2373,6.033409966738015,5.983175072037813,-0.05023489470020159,10
2374,6.192269508893013,5.983175072037813,-0.20909443685519946,5
2375,6.355891694788585,5.983175072037813,-0.37271662275077144,3
2376,6.423240317397178,6.587710965018911,0.1644706476217337,4
2377,6.135389006202287,6.587710965018911,0.45232195881662474,2
2378,6.024811236316613,6.587710965018911,0.5628997287022983,10
2379,6.2111563964379,6.587710965018911,0.3765545685810112,5
2380,6.445824351489471,6.587710965018911,0.1418866135294401,6
2381,6.385987258897792,6.587710965018911,0.20172370612111923,1
2382,6.397854475127226,6.587710965018911,0.18985648989168524,8
2383,6.477723311682452,6.587710965018911,0.10998765333645899,3
2384,6.138179427779332,6.587710965018911,0.4495315372395794,9
2385,6.024811236316613,6.5843312243675305,0.5595199880509174,10
2386,6.385987258897792,6.5843312243675305,0.19834396546973831,1
2387,6.138179427779332,6.5843312243675305,0.4461517965881985,9
2388,6.423240317397178,6.5843312243675305,0.16109090697035278,4
2389,6.135389006202287,6.5843312243675305,0.4489422181652438,2
2390,6.220276782050834,6.5843312243675305,0.3640544423166965,7
2391,6.2111563964379,6.5843312243675305,0.3731748279296303,5
2392,6.397854475127226,6.5843312243675305,0.18647674924030433,8
2393,6.445824351489471,6.5843312243675305,0.13850687287805918,6
2394,5.9353995020503945,5.229425847920695,-0.705973654129699,4
2395,5.692602736775738,5.229425847920695,-0.4631768888550427,2
2396,5.646826446703296,5.229425847920695,-0.41740059878260016,7
2397,5.415455392861221,5.229425847920695,-0.18602954494052515,10
2398,5.592425791221706,5.229425847920695,-0.36299994330101093,5
2399,5.57555225406466,5.229425847920695,-0.3461264061439646,9
2400,5.932204705344412,5.229425847920695,-0.7027788574237164,8
2401,5.924655245182503,5.229425847920695,-0.6952293972618078,6
2402,5.825263246120369,5.229425847920695,-0.5958373981996736,1
2403,5.870096671499908,6.136720567156407,0.26662389565649836,9
2404,5.9723048979296705,6.136720567156407,0.16441566922673623,8
2405,5.867563867504005,6.136720567156407,0.2691566996524015,5
2406,5.8210676536917205,6.136720567156407,0.31565291346468616,2
2407,5.962911603286702,6.136720567156407,0.17380896386970512,1
2408,6.004123281124139,6.136720567156407,0.13259728603226772,4
2409,5.730238632723154,6.136720567156407,0.40648193443325287,10
2410,5.821990137020146,6.136720567156407,0.3147304301362608,7
2411,5.900216713151189,6.136720567156407,0.23650385400521756,3
2412,6.250977017594091,5.0,-1.2509770175940913,9
2413,6.3690748299563245,5.0,-1.3690748299563245,1
2414,6.217796712475131,5.0,-1.2177967124751312,2
2415,6.3524241111941615,5.0,-1.3524241111941615,4
2416,6.324034395071737,5.0,-1.3240343950717373,6
2417,6.224271913921487,5.0,-1.2242719139214868,3
2418,6.196533943162219,5.0,-1.196533943162219,10
2419,6.2579416582944765,5.0,-1.2579416582944765,7
2420,6.279526718069043,5.0,-1.279526718069043,5
2421,6.169226606791123,6.531478917042255,0.36225231025113214,7
2422,6.182488093592867,6.531478917042255,0.34899082344938837,5
2423,6.255752861625782,6.531478917042255,0.27572605541647377,6
2424,6.19844996259764,6.531478917042255,0.33302895444461544,9
2425,6.046115017508538,6.531478917042255,0.4853638995337173,8
2426,6.28715435248885,6.531478917042255,0.24432456455340557,1
2427,6.284122293722411,6.531478917042255,0.24735662331984454,4
2428,6.120514002275161,6.531478917042255,0.41096491476709396,2
2429,6.100962756354556,6.531478917042255,0.4305161606876995,3
2430,5.89894892623046,4.292256071356476,-1.6066928548739838,7
2431,5.874007495380631,4.292256071356476,-1.581751424024155,10
2432,5.913357212907129,4.292256071356476,-1.6211011415506524,5
2433,5.891361154558277,4.292256071356476,-1.5991050832018008,8
2434,5.923624652455759,4.292256071356476,-1.6313685810992826,6
2435,5.8337816826488815,4.292256071356476,-1.5415256112924052,2
2436,5.8791929551734485,4.292256071356476,-1.5869368838169722,3
2437,5.947770069505675,4.292256071356476,-1.6555139981491989,4
2438,5.9545111304829765,4.292256071356476,-1.6622550591265002,9
2439,6.311552519613948,6.371067862271736,0.059515342657787684,6
2440,6.598193299713578,6.371067862271736,-0.22712543744184188,4
2441,6.531851154149731,6.371067862271736,-0.160783291877995,7
2442,6.2071722934991636,6.371067862271736,0.16389556877257228,3
2443,6.2928670648941525,6.371067862271736,0.07820079737758334,9
2444,6.2880645039922864,6.371067862271736,0.08300335827944938,5
2445,6.380266419630802,6.371067862271736,-0.00919855735906605,2
2446,6.328055375131019,6.371067862271736,0.04301248714071715,8
2447,6.2612172390623515,6.371067862271736,0.10985062320938432,10
2448,5.51294106575538,6.305351369446623,0.7924103036912431,10
2449,6.272622630089218,6.305351369446623,0.03272873935740517,4
2450,6.011136156054571,6.305351369446623,0.2942152133920528,7
2451,6.042326450055696,6.305351369446623,0.26302491939092754,1
2452,6.258647130807102,6.305351369446623,0.046704238639521556,8
2453,5.593045800458866,6.305351369446623,0.7123055689877571,9
2454,5.84032249454226,6.305351369446623,0.4650288749043634,2
2455,5.855506002148441,6.305351369446623,0.4498453672981828,3
2456,6.050720970065834,6.305351369446623,0.25463039938078946,6
2457,6.159829556006819,6.477121254719663,0.317291698712844,8
2458,6.2579416582944765,6.477121254719663,0.21917959642518614,7
2459,6.250977017594091,6.477121254719663,0.2261442371255713,9
2460,6.196533943162219,6.477121254719663,0.28058731155744354,10
2461,6.3690748299563245,6.477121254719663,0.10804642476333814,1
2462,6.324034395071737,6.477121254719663,0.15308685964792534,6
2463,6.3524241111941615,6.477121254719663,0.1246971435255011,4
2464,6.224271913921487,6.477121254719663,0.2528493407981758,3
2465,6.217796712475131,6.477121254719663,0.2593245422445314,2
2466,6.627415189158417,6.894105511777515,0.2666903226190982,4
2467,6.519673133456977,6.894105511777515,0.3744323783205381,7
2468,6.67094311807779,6.894105511777515,0.22316239369972557,1
2469,6.391462406376565,6.894105511777515,0.5026431054009501,9
2470,6.6839743338609905,6.894105511777515,0.2101311779165247,3
2471,6.239097540509485,6.894105511777515,0.6550079712680299,10
2472,6.624916254412834,6.894105511777515,0.26918925736468147,8
2473,6.450138700909819,6.894105511777515,0.4439668108676962,5
2474,6.754673564977202,6.894105511777515,0.1394319468003129,6
2475,6.324994041836463,6.477121254719663,0.1521272128831992,5
2476,6.3701766017707095,6.477121254719663,0.10694465294895306,9
2477,5.990252385727541,6.477121254719663,0.48686886899212123,8
2478,6.215599283673286,6.477121254719663,0.26152197104637676,7
2479,6.124409168504777,6.477121254719663,0.35271208621488537,6
2480,6.145239931195464,6.477121254719663,0.33188132352419863,3
2481,6.510304387880629,6.477121254719663,-0.033183133160965994,2
2482,6.3296799920014974,6.477121254719663,0.14744126271816516,4
2483,6.325304393975079,6.477121254719663,0.15181686074458334,10
2484,5.780843472228621,6.530839778616521,0.7499963063879003,8
2485,5.554344534338547,6.530839778616521,0.9764952442779737,6
2486,5.596821287117695,6.530839778616521,0.9340184914988257,3
2487,5.737861011233989,6.530839778616521,0.7929787673825315,5
2488,5.7133944200635245,6.530839778616521,0.8174453585529964,7
2489,5.750108034403265,6.530839778616521,0.7807317442132558,4
2490,5.732573642240198,6.530839778616521,0.7982661363763226,9
2491,5.716220988571139,6.530839778616521,0.8146187900453823,1
2492,5.6778521422842845,6.530839778616521,0.8529876363322364,2
2493,6.407860518478455,6.3979400086720375,-0.009920509806417677,4
2494,6.368043734209076,6.3979400086720375,0.029896274462961614,5
2495,6.413912876922324,6.3979400086720375,-0.01597286825028643,1
2496,6.236259640546673,6.3979400086720375,0.16168036812536446,8
2497,6.291714089707852,6.3979400086720375,0.10622591896418587,9
2498,6.262301257836443,6.3979400086720375,0.13563875083559473,10
2499,6.2939862743285,6.3979400086720375,0.10395373434353772,2
2500,6.334503757576472,6.3979400086720375,0.06343625109556505,7
2501,6.347569043980383,6.3979400086720375,0.050370964691654585,6
2502,6.344081929218981,5.681241237375588,-0.6628406918433933,4
2503,6.066683561209471,5.681241237375588,-0.38544232383388355,10
2504,6.1480243165080255,5.681241237375588,-0.4667830791324379,5
2505,6.506504954619829,5.681241237375588,-0.8252637172442414,6
2506,6.4496330996348465,5.681241237375588,-0.7683918622592589,3
2507,6.397691019624788,5.681241237375588,-0.7164497822492004,8
2508,6.226381864552358,5.681241237375588,-0.54514062717677,2
2509,6.23796348892021,5.681241237375588,-0.5567222515446222,9
2510,6.419477157192817,5.681241237375588,-0.738235919817229,1
2511,6.024811236316613,6.173186268412274,0.14837503209566094,10
2512,6.445824351489471,6.173186268412274,-0.2726380830771973,6
2513,6.385987258897792,6.173186268412274,-0.21280099048551815,1
2514,6.2111563964379,6.173186268412274,-0.03797012802562616,5
2515,6.220276782050834,6.173186268412274,-0.04709051363855998,7
2516,6.477723311682452,6.173186268412274,-0.3045370432701784,3
2517,6.423240317397178,6.173186268412274,-0.2500540489849037,4
2518,6.397854475127226,6.173186268412274,-0.22466820671495213,8
2519,6.135389006202287,6.173186268412274,0.03779726220998736,2
2520,6.266151634213361,6.5910646070265,0.3249129728131397,1
2521,6.28054039195279,6.5910646070265,0.31052421507371086,8
2522,6.07156427030821,6.5910646070265,0.5195003367182904,2
2523,6.288571261689497,6.5910646070265,0.30249334533700356,3
2524,6.161762897787731,6.5910646070265,0.42930170923876965,5
2525,6.202741785258915,6.5910646070265,0.38832282176758515,4
2526,6.079067279081702,6.5910646070265,0.5119973279447985,9
2527,6.0730501083707376,6.5910646070265,0.5180144986557629,10
2528,6.1123651789169715,6.5910646070265,0.4786994281095289,7
2529,6.2388221142586495,7.074450718954592,0.8356286046959429,7
2530,6.260731528279991,7.074450718954592,0.8137191906746013,9
2531,6.002930996754957,7.074450718954592,1.0715197221996355,10
2532,6.431485160429995,7.074450718954592,0.6429655585245975,2
2533,6.539355515519443,7.074450718954592,0.5350952034351497,4
2534,6.336030308956293,7.074450718954592,0.7384204099982998,5
2535,6.438648195921881,7.074450718954592,0.6358025230327113,3
2536,6.563617915148254,7.074450718954592,0.5108328038063386,8
2537,6.444813167158458,7.074450718954592,0.6296375517961348,1
2538,6.26778815277835,6.486487153065907,0.21869900028755662,1
2539,6.1850832226334775,6.486487153065907,0.3014039304324294,5
2540,6.220102834538197,6.486487153065907,0.2663843185277104,7
2541,6.235572240216132,6.486487153065907,0.2509149128497752,3
2542,6.1292777199761606,6.486487153065907,0.3572094330897464,2
2543,6.224194046724478,6.486487153065907,0.26229310634142866,9
2544,6.145141153561932,6.486487153065907,0.34134599950397515,10
2545,6.179994593513308,6.486487153065907,0.30649255955259935,6
2546,6.197561967048705,6.486487153065907,0.2889251860172015,8
2547,6.553540376647807,6.505149978319906,-0.04839039832790082,7
2548,6.718211070269563,6.505149978319906,-0.2130610919496565,1
2549,6.496517534677813,6.505149978319906,0.008632443642093257,3
2550,6.485194130925606,6.505149978319906,0.019955847394300008,8
2551,6.501359535390845,6.505149978319906,0.0037904429290609443,10
2552,6.652834602307249,6.505149978319906,-0.1476846239873426,4
2553,6.56954637675826,6.505149978319906,-0.06439639843835376,5
2554,6.532922219763006,6.505149978319906,-0.027772241443099865,6
2555,6.634517533843091,6.505149978319906,-0.12936755552318502,2
2556,5.990693250756297,5.549003262025788,-0.44168998873050924,3
2557,6.2497826145074,5.549003262025788,-0.7007793524816126,9
2558,6.119296563883562,5.549003262025788,-0.5702933018577747,2
2559,6.137801143335112,5.549003262025788,-0.5887978813093246,10
2560,6.0610308773083625,5.549003262025788,-0.5120276152825749,8
2561,6.174188303304558,5.549003262025788,-0.6251850412787707,4
2562,6.082302001119704,5.549003262025788,-0.5332987390939161,5
2563,6.048120657622754,5.549003262025788,-0.4991173955969668,6
2564,6.138087815475948,5.549003262025788,-0.5890845534501601,1
2565,6.227781580414974,6.190331698170292,-0.037449882244682264,1
2566,6.143442103237046,6.190331698170292,0.04688959493324596,8
2567,5.9577450336119036,6.190331698170292,0.23258666455838828,9
2568,6.1040935586598435,6.190331698170292,0.08623813951044834,3
2569,6.170410741653845,6.190331698170292,0.01992095651644643,6
2570,5.826332631720206,6.190331698170292,0.36399906645008606,10
2571,5.959329870948227,6.190331698170292,0.23100182722206508,2
2572,6.001721493240123,6.190331698170292,0.18861020493016856,7
2573,5.989656743907352,6.190331698170292,0.20067495426294002,5
2574,6.125291217717039,6.196728722623287,0.0714375049062479,9
2575,6.124747675870295,6.196728722623287,0.07198104675299177,10
2576,6.199571306389683,6.196728722623287,-0.002842583766396345,2
2577,6.273294884777475,6.196728722623287,-0.07656616215418843,8
2578,6.319055132888532,6.196728722623287,-0.12232641026524504,7
2579,6.382656141358701,6.196728722623287,-0.18592741873541385,4
2580,6.364992579653037,6.196728722623287,-0.16826385702974989,1
2581,6.3037102187323155,6.196728722623287,-0.10698149610902874,5
2582,6.354024959078959,6.196728722623287,-0.15729623645567248,6
2583,6.329029334069547,4.968482948553935,-1.3605463855156126,2
2584,6.266591560631079,4.968482948553935,-1.2981086120771446,8
2585,6.494460046943646,4.968482948553935,-1.5259770983897116,9
2586,6.40072726454881,4.968482948553935,-1.4322443159948754,4
2587,6.418723411803845,4.968482948553935,-1.4502404632499104,5
2588,6.297362490282975,4.968482948553935,-1.32887954172904,6
2589,6.335584793619876,4.968482948553935,-1.3671018450659416,7
2590,6.478979325291031,4.968482948553935,-1.5104963767370965,1
2591,6.357656893316393,4.968482948553935,-1.389173944762458,10
2592,5.9183969576090725,6.568201724066995,0.6498047664579225,7
2593,5.998156442907757,6.568201724066995,0.5700452811592376,6
2594,5.939182844070938,6.568201724066995,0.6290188799960568,2
2595,5.965034510747537,6.568201724066995,0.6031672133194581,1
2596,5.872680017443513,6.568201724066995,0.6955217066234818,3
2597,5.9730465499879655,6.568201724066995,0.5951551740790295,9
2598,5.9205222747366975,6.568201724066995,0.6476794493302975,8
2599,5.9766387404577825,6.568201724066995,0.5915629836092124,4
2600,5.9314911172279,6.568201724066995,0.6367106068390953,5
2601,6.245104903359981,4.913813852383717,-1.3312910509762643,6
2602,5.913450520773611,4.913813852383717,-0.9996366683898943,5
2603,5.915167608872949,4.913813852383717,-1.001353756489232,2
2604,5.999857262221216,4.913813852383717,-1.0860434098374991,7
2605,6.223254387359204,4.913813852383717,-1.3094405349754874,3
2606,6.029650221380443,4.913813852383717,-1.1158363689967263,4
2607,5.75816098130381,4.913813852383717,-0.8443471289200932,9
2608,6.31520810400108,4.913813852383717,-1.4013942516173632,8
2609,5.789921993011454,4.913813852383717,-0.8761081406277373,10
2610,6.224271913921487,6.207580514765431,-0.016691399156055553,3
2611,6.196533943162219,6.207580514765431,0.011046571603212207,10
2612,6.279526718069043,6.207580514765431,-0.07194620330361179,5
2613,6.217796712475131,6.207580514765431,-0.010216197709699948,2
2614,6.3690748299563245,6.207580514765431,-0.1614943151908932,1
2615,6.2579416582944765,6.207580514765431,-0.050361143529045194,7
2616,6.159829556006819,6.207580514765431,0.04775095875861268,8
2617,6.250977017594091,6.207580514765431,-0.04339650282866003,9
2618,6.324034395071737,6.207580514765431,-0.11645388030630599,6
2619,6.334503757576472,6.225309281725863,-0.10919447585060915,7
2620,6.236259640546673,6.225309281725863,-0.010950358820809747,8
2621,6.2938808024130095,6.225309281725863,-0.06857152068714623,3
2622,6.262301257836443,6.225309281725863,-0.03699197611057947,10
2623,6.291714089707852,6.225309281725863,-0.06640480798198833,9
2624,6.413912876922324,6.225309281725863,-0.18860359519646064,1
2625,6.347569043980383,6.225309281725863,-0.12225976225451962,6
2626,6.368043734209076,6.225309281725863,-0.1427344524832126,5
2627,6.2939862743285,6.225309281725863,-0.06867699260263649,2
2628,6.0477963119461915,6.491361693834273,0.4435653818880816,4
2629,5.589307266314434,6.491361693834273,0.9020544275198388,9
2630,5.695881509600628,6.491361693834273,0.7954801842336447,2
2631,5.549770806473149,6.491361693834273,0.9415908873611238,5
2632,6.116355459074776,6.491361693834273,0.3750062347594971,6
2633,5.554416152317299,6.491361693834273,0.9369455415169741,10
2634,5.863790123264339,6.491361693834273,0.6275715705699341,7
2635,6.232950536306469,6.491361693834273,0.25841115752780386,8
2636,5.920953511960776,6.491361693834273,0.5704081818734972,1
2637,5.929621499565206,6.209515014542631,0.27989351497742465,6
2638,6.2568959488822715,6.209515014542631,-0.047380934339640746,8
2639,6.324638110284844,6.209515014542631,-0.11512309574221291,1
2640,6.015417642922426,6.209515014542631,0.19409737162020502,3
2641,6.034494146785389,6.209515014542631,0.17502086775724202,4
2642,6.155069661814898,6.209515014542631,0.054445352727732654,7
2643,5.889707323935379,6.209515014542631,0.31980769060725134,2
2644,5.763731722459445,6.209515014542631,0.4457832920831857,10
2645,6.002756574774175,6.209515014542631,0.2067584397684561,5
2646,6.253598830919969,6.230448921378274,-0.02314990954169449,6
2647,6.322498906550763,6.230448921378274,-0.09204998517248875,9
2648,6.512667949304626,6.230448921378274,-0.28221902792635145,5
2649,6.444217432378689,6.230448921378274,-0.21376851100041527,7
2650,6.401125222350982,6.230448921378274,-0.17067630097270747,1
2651,6.376087829232171,6.230448921378274,-0.14563890785389688,2
2652,6.255861848019442,6.230448921378274,-0.025412926641167566,3
2653,6.229300918522567,6.230448921378274,0.0011480028557073751,8
2654,6.365842151447396,6.230448921378274,-0.13539323006912163,10
2655,6.37308948534002,6.361727836017593,-0.011361649322426892,1
2656,6.177499564374593,6.361727836017593,0.1842282716429997,3
2657,6.327726306333387,6.361727836017593,0.03400152968420578,8
2658,6.462065362881569,6.361727836017593,-0.10033752686397612,7
2659,6.149683840967367,6.361727836017593,0.21204399505022575,9
2660,6.421424161557572,6.361727836017593,-0.05969632553997872,5
2661,6.346180256392519,6.361727836017593,0.015547579625073915,4
2662,6.204970974182384,6.361727836017593,0.1567568618352091,6
2663,6.198595630181905,6.361727836017593,0.1631322058356881,2
2664,6.342227473363969,5.089905111439398,-1.2523223619245707,5
2665,6.1569803452265655,5.089905111439398,-1.0670752337871674,8
2666,6.1337253287299704,5.089905111439398,-1.0438202172905724,3
2667,6.144462674083331,5.089905111439398,-1.0545575626439332,6
2668,6.127823351956848,5.089905111439398,-1.0379182405174499,9
2669,6.378137594471413,5.089905111439398,-1.288232483032015,1
2670,6.266125880847148,5.089905111439398,-1.1762207694077498,2
2671,6.353590067905095,5.089905111439398,-1.2636849564656973,7
2672,6.15477828740331,5.089905111439398,-1.0648731759639123,10
2673,6.066540234444115,6.426511261364575,0.35997102692046035,10
2674,6.082263002635735,6.426511261364575,0.3442482587288396,3
2675,6.262478632394259,6.426511261364575,0.16403262897031556,5
2676,6.040855608776075,6.426511261364575,0.38565565258849954,9
2677,6.099513745055339,6.426511261364575,0.3269975163092358,6
2678,6.354853380158326,6.426511261364575,0.07165788120624939,1
2679,6.305443304497661,6.426511261364575,0.12106795686691374,7
2680,6.121920516290507,6.426511261364575,0.30459074507406836,8
2681,6.319204974436399,6.426511261364575,0.10730628692817579,4
2682,5.692854797108698,6.095029796648452,0.40217499953975455,10
2683,6.1193263523816865,6.095029796648452,-0.024296555733234193,6
2684,5.648074524594532,6.095029796648452,0.4469552720539207,9
2685,6.334774802935516,6.095029796648452,-0.2397450062870634,8
2686,5.912211474540512,6.095029796648452,0.18281832210794047,5
2687,6.049935855302492,6.095029796648452,0.045093941345960786,7
2688,6.043671228037954,6.095029796648452,0.0513585686104987,1
2689,6.0463378394947735,6.095029796648452,0.0486919571536788,4
2690,6.157720059805447,6.095029796648452,-0.06269026315699477,3
2691,6.420850160763619,6.223080397831155,-0.19776976293246395,10
2692,6.30629255645471,6.223080397831155,-0.0832121586235548,8
2693,6.501108899656096,6.223080397831155,-0.27802850182494065,2
2694,6.530165591271721,6.223080397831155,-0.3070851934405656,9
2695,6.493130568554931,6.223080397831155,-0.2700501707237759,4
2696,6.402024944338299,6.223080397831155,-0.17894454650714398,1
2697,6.1996208713743455,6.223080397831155,0.0234595264568096,6
2698,6.318982414849919,6.223080397831155,-0.09590201701876389,3
2699,6.433850775656495,6.223080397831155,-0.21077037782534003,7
2700,6.311497726274706,6.456366033129043,0.14486830685433638,3
2701,6.267947188434558,6.456366033129043,0.18841884469448456,10
2702,6.175758933652182,6.456366033129043,0.28060709947686036,6
2703,6.370313267214017,6.456366033129043,0.08605276591502609,4
2704,6.367990745454694,6.456366033129043,0.08837528767434844,8
2705,6.255076087326599,6.456366033129043,0.20128994580244353,9
2706,6.372243241398021,6.456366033129043,0.08412279173102188,7
2707,6.3960084046226235,6.456366033129043,0.060357628506419125,2
2708,6.421175097594634,6.456366033129043,0.03519093553440911,5
2709,5.813108746324879,5.802773725291976,-0.010335021032902958,1
2710,5.621558816818524,5.802773725291976,0.18121490847345179,7
2711,5.644964050041946,5.802773725291976,0.15780967525003042,2
2712,5.686894136645525,5.802773725291976,0.1158795886464512,5
2713,5.607095411800606,5.802773725291976,0.19567831349136977,9
2714,5.685618946611919,5.802773725291976,0.11715477868005664,10
2715,5.807486746888381,5.802773725291976,-0.004713021596405298,4
2716,5.556023790007578,5.802773725291976,0.24674993528439781,6
2717,5.793480928429072,5.802773725291976,0.009292796862903963,3
2718,5.7925730461317375,6.3979400086720375,0.6053669625403,9
2719,5.9461006428602206,6.3979400086720375,0.45183936581181694,1
2720,6.0633587460956715,6.3979400086720375,0.334581262576366,8
2721,5.829771984558275,6.3979400086720375,0.5681680241137625,5
2722,5.856853995859782,6.3979400086720375,0.5410860128122552,10
2723,5.922599011191264,6.3979400086720375,0.47534099748077363,3
2724,5.768143451964674,6.3979400086720375,0.6297965567073636,7
2725,5.871708212556437,6.3979400086720375,0.5262317961156002,4
2726,5.829745860151518,6.3979400086720375,0.5681941485205195,2
2727,5.924337053646631,5.603642280263075,-0.3206947733835559,7
2728,5.8655812865531045,5.603642280263075,-0.26193900629002975,9
2729,5.997052103871235,5.603642280263075,-0.39340982360816046,5
2730,5.923295127897035,5.603642280263075,-0.31965284763395996,10
2731,5.823306118647293,5.603642280263075,-0.21966383838421866,6
2732,6.065974937490394,5.603642280263075,-0.46233265722731964,4
2733,5.920005176209289,5.603642280263075,-0.3163628959462139,2
2734,6.045544220569323,5.603642280263075,-0.4419019403062485,8
2735,6.017176262513208,5.603642280263075,-0.41353398225013294,3
2736,5.843108744572479,6.20682587603185,0.3637171314593708,6
2737,6.074032131515706,6.20682587603185,0.13279374451614423,10
2738,6.0912305899700465,6.20682587603185,0.11559528606180347,1
2739,6.07092667640231,6.20682587603185,0.13589919962953978,9
2740,6.073181959172919,6.20682587603185,0.13364391685893118,3
2741,6.049423603540337,6.20682587603185,0.15740227249151317,5
2742,6.094713885234199,6.20682587603185,0.11211199079765066,4
2743,5.958959945663752,6.20682587603185,0.24786593036809812,7
2744,6.001120373305506,6.20682587603185,0.20570550272634414,2
2745,5.894718292956133,6.342422680822207,0.44770438786607336,5
2746,5.97736808430567,6.342422680822207,0.3650545965165364,2
2747,5.769746028465166,6.342422680822207,0.5726766523570408,10
2748,6.136590699909308,6.342422680822207,0.20583198091289834,4
2749,5.761516363342754,6.342422680822207,0.5809063174794522,9
2750,5.886857494624646,6.342422680822207,0.4555651861975605,7
2751,6.028641999274146,6.342422680822207,0.31378068154806105,3
2752,6.041691678543459,6.342422680822207,0.3007310022787477,1
2753,6.042202608261901,6.342422680822207,0.3002200725603057,8
2754,5.3044660237466115,6.301029995663981,0.9965639719173698,7
2755,5.527042493004509,6.301029995663981,0.7739875026594722,8
2756,5.572612605413631,6.301029995663981,0.7284173902503506,4
2757,5.50246581028557,6.301029995663981,0.7985641853784111,1
2758,5.115052111939651,6.301029995663981,1.1859778837243304,10
2759,5.237005624637867,6.301029995663981,1.0640243710261146,2
2760,5.084177118744783,6.301029995663981,1.216852876919198,9
2761,5.064592721806923,6.301029995663981,1.2364372738570584,5
2762,5.428805722764706,6.301029995663981,0.8722242728992748,6
2763,5.810939229393528,6.505149978319906,0.6942107489263787,4
2764,5.720985109969557,6.505149978319906,0.7841648683503495,7
2765,5.798492062010616,6.505149978319906,0.7066579163092905,9
2766,5.768537145088931,6.505149978319906,0.7366128332309749,2
2767,5.875964661647608,6.505149978319906,0.6291853166722987,8
2768,5.826344107972509,6.505149978319906,0.6788058703473974,1
2769,5.8700525181879275,6.505149978319906,0.6350974601319788,10
2770,5.7536904122148105,6.505149978319906,0.7514595661050958,5
2771,5.796223770340519,6.505149978319906,0.7089262079793874,3
2772,5.696110766170017,6.176091259055681,0.47998049288566413,5
2773,5.791168005572957,6.176091259055681,0.38492325348272427,1
2774,5.81828089418003,6.176091259055681,0.3578103648756512,3
2775,5.840627887716728,6.176091259055681,0.3354633713389532,10
2776,5.772090786960204,6.176091259055681,0.4040004720954773,7
2777,5.7458262055690055,6.176091259055681,0.4302650534866759,2
2778,5.515906815071905,6.176091259055681,0.6601844439837761,6
2779,5.8790584515138535,6.176091259055681,0.2970328075418278,9
2780,5.95944616544197,6.176091259055681,0.2166450936137112,8
2781,6.012797313469649,7.1003705451175625,1.0875732316479132,10
2782,6.072589164003449,7.1003705451175625,1.0277813811141137,8
2783,5.829946311577741,7.1003705451175625,1.2704242335398215,2
2784,6.057324083788767,7.1003705451175625,1.043046461328795,6
2785,6.018304688410679,7.1003705451175625,1.0820658567068833,5
2786,6.047086585805882,7.1003705451175625,1.0532839593116803,7
2787,6.144206997258334,7.1003705451175625,0.9561635478592283,1
2788,6.046528449102187,7.1003705451175625,1.0538420960153756,9
2789,6.04225750632443,7.1003705451175625,1.0581130387931328,4
2790,5.820016427350557,5.836197480778925,0.01618105342836884,5
2791,5.672006937615979,5.836197480778925,0.16419054316294623,2
2792,5.833623794124429,5.836197480778925,0.002573686654496754,1
2793,5.705754685147163,5.836197480778925,0.13044279563176264,10
2794,5.682708768670968,5.836197480778925,0.15348871210795778,6
2795,5.783264526632768,5.836197480778925,0.05293295414615784,9
2796,5.790371131811989,5.836197480778925,0.04582634896693616,4
2797,5.676595893869244,5.836197480778925,0.15960158690968118,8
2798,5.778995319101829,5.836197480778925,0.0572021616770968,7
2799,5.382163154770748,6.054708787938054,0.6725456331673065,4
2800,5.3918160704631335,6.054708787938054,0.6628927174749206,1
2801,5.203648523386406,6.054708787938054,0.8510602645516485,2
2802,5.695927848482035,6.054708787938054,0.3587809394560191,8
2803,5.2240716010216275,6.054708787938054,0.8306371869164266,9
2804,5.467583784581909,6.054708787938054,0.587125003356145,3
2805,5.268857992185481,6.054708787938054,0.7858507957525731,7
2806,5.4244529296621975,6.054708787938054,0.6302558582758566,6
2807,5.155926910846005,6.054708787938054,0.8987818770920493,10
2808,6.022616377566537,6.477121254719663,0.45450487715312526,7
2809,5.9869693805961335,6.477121254719663,0.4901518741235291,3
2810,6.085165505155165,6.477121254719663,0.39195574956449786,1
2811,6.011995428356819,6.477121254719663,0.4651258263628435,2
2812,5.9823080228604875,6.477121254719663,0.49481323185917514,5
2813,5.790824705799111,6.477121254719663,0.6862965489205513,10
2814,6.110769978534845,6.477121254719663,0.366351276184818,8
2815,6.094227916948415,6.477121254719663,0.38289333777124757,6
2816,5.858213173918636,6.477121254719663,0.6189080808010265,9
2817,5.969595337033371,6.133644275865875,0.16404893883250438,6
2818,6.075955285004421,6.133644275865875,0.05768899086145396,1
2819,5.699454920106984,6.133644275865875,0.4341893557588916,10
2820,5.855461955263611,6.133644275865875,0.278182320602264,9
2821,6.010863926297855,6.133644275865875,0.12278034956802042,3
2822,5.769305808449458,6.133644275865875,0.3643384674164176,2
2823,5.890330963994551,6.133644275865875,0.243313311871324,7
2824,5.890273987866424,6.133644275865875,0.24337028799945148,5
2825,6.036376493354143,6.133644275865875,0.09726778251173229,4
2826,5.8791929551734485,6.32221929473392,0.4430263395604719,3
2827,5.89894892623046,6.32221929473392,0.4232703685034602,7
2828,5.8337816826488815,6.32221929473392,0.4884376120850389,2
2829,5.874007495380631,6.32221929473392,0.44821179935328903,10
2830,5.9545111304829765,6.32221929473392,0.3677081642509439,9
2831,5.891361154558277,6.32221929473392,0.4308581401756433,8
2832,5.947770069505675,6.32221929473392,0.3744492252282452,4
2833,6.004173762665004,6.32221929473392,0.3180455320689166,1
2834,5.923624652455759,6.32221929473392,0.39859464227816144,6
2835,5.89894892623046,5.880813592280791,-0.01813533394966882,7
2836,6.004173762665004,5.880813592280791,-0.12336017038421243,1
2837,5.8337816826488815,5.880813592280791,0.04703190963190984,2
2838,5.923624652455759,5.880813592280791,-0.04281106017496761,6
2839,5.8791929551734485,5.880813592280791,0.0016206371073428372,3
2840,5.947770069505675,5.880813592280791,-0.06695647722488385,4
2841,5.913357212907129,5.880813592280791,-0.03254362062633742,5
2842,5.891361154558277,5.880813592280791,-0.010547562277485767,8
2843,5.9545111304829765,5.880813592280791,-0.07369753820218516,9
2844,5.318470146096373,6.477121254719663,1.1586511086232898,10
2845,5.4323620253255145,6.477121254719663,1.0447592293941481,5
2846,5.413997585078467,6.477121254719663,1.0631236696411959,4
2847,5.576873796676973,6.477121254719663,0.9002474580426894,8
2848,5.411603385925183,6.477121254719663,1.0655178687944797,3
2849,5.637563172020618,6.477121254719663,0.8395580826990443,6
2850,5.158865438235022,6.477121254719663,1.3182558164846405,2
2851,5.363882437526129,6.477121254719663,1.1132388171935332,7
2852,5.478404174374266,6.477121254719663,0.9987170803453962,9
2853,5.888638178804601,4.6020599913279625,-1.2865781874766382,5
2854,5.833601040633102,4.6020599913279625,-1.2315410493051395,7
2855,5.675242226102761,4.6020599913279625,-1.0731822347747988,8
2856,5.912541884247984,4.6020599913279625,-1.3104818929200217,10
2857,5.893304790165968,4.6020599913279625,-1.2912447988380054,4
2858,5.767317007795171,4.6020599913279625,-1.1652570164672085,2
2859,5.724260336404012,4.6020599913279625,-1.1222003450760498,3
2860,5.718632712723211,4.6020599913279625,-1.116572721395248,6
2861,5.978753331442201,4.6020599913279625,-1.3766933401142385,1
2862,5.901821439897764,6.02530586526477,0.12348442536700599,1
2863,5.874115984434406,6.02530586526477,0.15118988083036466,8
2864,5.749382252647966,6.02530586526477,0.2759236126168041,9
2865,5.8649320006708905,6.02530586526477,0.16037386459387992,3
2866,5.810158523297677,6.02530586526477,0.21514734196709373,7
2867,5.712128702836422,6.02530586526477,0.3131771624283486,2
2868,5.830533720312622,6.02530586526477,0.19477214495214845,4
2869,5.631085971227828,6.02530586526477,0.3942198940369428,10
2870,5.843702570622209,6.02530586526477,0.18160329464256098,6
2871,5.600760894372477,5.477121254719663,-0.1236396396528141,6
2872,5.663034521473813,5.477121254719663,-0.18591326675415054,9
2873,5.534649669845695,5.477121254719663,-0.057528415126032684,1
2874,4.974255236458763,5.477121254719663,0.5028660182608995,2
2875,5.575970010454913,5.477121254719663,-0.09884875573525065,7
2876,5.842047566888804,5.477121254719663,-0.36492631216914173,4
2877,5.42998072086076,5.477121254719663,0.0471405338589026,8
2878,5.562008208527201,5.477121254719663,-0.08488695380753875,10
2879,5.388543383819635,5.477121254719663,0.08857787090002756,3
2880,5.6138586458073,6.505149978319906,0.8912913325126066,5
2881,5.387875729815228,6.505149978319906,1.1172742485046783,10
2882,5.849702469478429,6.505149978319906,0.6554475088414771,1
2883,5.624196514276627,6.505149978319906,0.8809534640432792,3
2884,5.689630078769865,6.505149978319906,0.8155198995500417,4
2885,5.570242965567404,6.505149978319906,0.9349070127525021,2
2886,5.576235300424872,6.505149978319906,0.9289146778950341,9
2887,5.651651871958353,6.505149978319906,0.8534981063615534,6
2888,5.615026627533846,6.505149978319906,0.8901233507860606,7
2889,5.9545111304829765,6.812913356642856,0.8584022261598792,9
2890,5.874007495380631,6.812913356642856,0.9389058612622243,10
2891,6.004173762665004,6.812913356642856,0.8087395939778519,1
2892,5.923624652455759,6.812913356642856,0.8892887041870967,6
2893,5.8791929551734485,6.812913356642856,0.9337204014694072,3
2894,5.891361154558277,6.812913356642856,0.9215522020845786,8
2895,5.8337816826488815,6.812913356642856,0.9791316739939742,2
2896,5.89894892623046,6.812913356642856,0.9139644304123955,7
2897,5.947770069505675,6.812913356642856,0.8651432871371805,4
2898,5.547656089643099,5.17897694729317,-0.3686791423499294,1
2899,5.52881298245239,5.17897694729317,-0.34983603515922024,5
2900,5.5091052805013,5.17897694729317,-0.3301283332081306,7
2901,5.501001953287452,5.17897694729317,-0.3220250059942824,4
2902,5.477743302800606,5.17897694729317,-0.29876635550743647,10
2903,5.45915724789824,5.17897694729317,-0.28018030060507026,6
2904,5.444160324643558,5.17897694729317,-0.26518337735038866,8
2905,5.509188052441322,5.17897694729317,-0.33021110514815266,2
2906,5.579880345752044,5.17897694729317,-0.40090339845887435,9
2907,5.7602988521441,5.365487984890899,-0.39481086725320047,10
2908,5.68686063369419,5.365487984890899,-0.3213726488032904,3
2909,5.804103841173523,5.365487984890899,-0.4386158562826239,9
2910,5.711315726289442,5.365487984890899,-0.34582774139854244,2
2911,5.807892541500595,5.365487984890899,-0.4424045566096959,6
2912,5.869321839494464,5.365487984890899,-0.503833854603565,5
2913,5.821498387195893,5.365487984890899,-0.4560104023049938,7
2914,5.838567187275022,5.365487984890899,-0.47307920238412304,1
2915,6.024884531504503,5.365487984890899,-0.6593965466136034,8
2916,5.294379923280932,6.15839265038712,0.8640127271061884,8
2917,5.418867261746914,6.15839265038712,0.7395253886402067,6
2918,5.48077045523975,6.15839265038712,0.6776221951473707,1
2919,5.4345653150655755,6.15839265038712,0.7238273353215448,3
2920,5.410981794943945,6.15839265038712,0.7474108554431753,4
2921,5.419613859108347,6.15839265038712,0.7387787912787731,10
2922,5.356676897244371,6.15839265038712,0.8017157531427497,9
2923,5.31823997864446,6.15839265038712,0.8401526717426604,7
2924,5.408538919132645,6.15839265038712,0.7498537312544755,5
2925,5.731456383334843,4.477121254719663,-1.25433512861518,7
2926,5.639410225654849,4.477121254719663,-1.1622889709351867,3
2927,5.652185128556933,4.477121254719663,-1.1750638738372707,10
2928,5.669110991983939,4.477121254719663,-1.1919897372642767,6
2929,5.864328591136414,4.477121254719663,-1.3872073364167514,4
2930,5.557664310741733,4.477121254719663,-1.0805430560220701,8
2931,5.831020364327468,4.477121254719663,-1.3538991096078057,1
2932,5.69324340875092,4.477121254719663,-1.2161221540312575,9
2933,5.586627165294415,4.477121254719663,-1.109505910574752,2
2934,5.76393450589776,4.453624073591451,-1.3103104323063093,10
2935,5.844109810427167,4.453624073591451,-1.390485736835716,7
2936,5.734915832327775,4.453624073591451,-1.281291758736324,3
2937,4.926321785579354,4.453624073591451,-0.47269771198790345,6
2938,5.961968941286413,4.453624073591451,-1.5083448676949622,8
2939,6.026017051162323,4.453624073591451,-1.572392977570872,5
2940,5.915616245988621,4.453624073591451,-1.4619921723971698,9
2941,6.126213795553547,4.453624073591451,-1.6725897219620967,1
2942,6.057208856666611,4.453624073591451,-1.60358478307516,2
2943,6.474432497053693,6.086359830674748,-0.3880726663789442,10
2944,6.5195448464673165,6.086359830674748,-0.4331850157925681,5
2945,6.486264940131324,6.086359830674748,-0.39990510945657576,9
2946,6.409040819685771,6.086359830674748,-0.3226809890110225,2
2947,6.348623396128416,6.086359830674748,-0.2622635654536678,8
2948,6.481681089637194,6.086359830674748,-0.3953212589624453,4
2949,6.38980059258547,6.086359830674748,-0.30344076191072133,1
2950,6.483039853479525,6.086359830674748,-0.39668002280477666,7
2951,6.298218893945855,6.086359830674748,-0.21185906327110704,6
2952,6.3945381461280775,6.086359830674748,-0.3081783154533291,2
2953,6.51393729185903,6.086359830674748,-0.4275774611842813,9
2954,6.375633723844625,6.086359830674748,-0.2892738931698764,1
2955,6.476318329654951,6.086359830674748,-0.38995849898020296,7
2956,6.26154898506315,6.086359830674748,-0.1751891543884012,3
2957,6.472840966665084,6.086359830674748,-0.3864811359903353,4
2958,6.361528031335788,6.086359830674748,-0.27516820066103964,8
2959,6.29601371944383,6.086359830674748,-0.20965388876908175,6
2960,6.4868326311181335,6.086359830674748,-0.40047280044338507,10
2961,6.039282790419633,6.319314304090512,0.2800315136708793,2
2962,6.064701466773756,6.319314304090512,0.2546128373167562,7
2963,6.144399795607133,6.319314304090512,0.1749145084833792,8
2964,5.952951202923741,6.319314304090512,0.3663631011667716,9
2965,6.177180284810178,6.319314304090512,0.1421340192803342,5
2966,6.1282748762663894,6.319314304090512,0.19103942782412275,3
2967,6.228567514860875,6.319314304090512,0.09074678922963741,1
2968,6.020300348331089,6.319314304090512,0.29901395575942313,10
2969,6.175175513832838,6.319314304090512,0.1441387902576743,4
2970,6.226005913260978,6.477121254719663,0.25111534145868486,7
2971,6.218352739279711,6.477121254719663,0.25876851543995194,8
2972,6.225561104833233,6.477121254719663,0.25156014988642994,3
2973,6.308046572500163,6.477121254719663,0.16907468221949973,1
2974,6.170117942610805,6.477121254719663,0.3070033121088578,2
2975,6.09430662039136,6.477121254719663,0.38281463432830254,9
2976,6.0752793022796,6.477121254719663,0.40184195244006293,6
2977,6.313527315074609,6.477121254719663,0.16359393964505387,5
2978,6.311097368823172,6.477121254719663,0.16602388589649042,4
2979,6.079067279081702,6.374198257929082,0.2951309788473804,9
2980,6.202741785258915,6.374198257929082,0.17145647267016706,4
2981,6.266151634213361,6.374198257929082,0.1080466237157216,1
2982,6.28054039195279,6.374198257929082,0.09365786597629278,8
2983,6.0730501083707376,6.374198257929082,0.3011481495583448,10
2984,6.1123651789169715,6.374198257929082,0.26183307901211084,7
2985,6.196445227446095,6.374198257929082,0.17775303048298774,6
2986,6.161762897787731,6.374198257929082,0.21243536014135156,5
2987,6.288571261689497,6.374198257929082,0.08562699623958547,3
2988,5.495060628130269,6.3979400086720375,0.9028793805417683,5
2989,5.365976286016208,6.3979400086720375,1.0319637226558296,10
2990,5.714943427610984,6.3979400086720375,0.6829965810610537,6
2991,5.766106805605651,6.3979400086720375,0.6318332030663862,4
2992,6.165984966673889,6.3979400086720375,0.2319550419981482,8
2993,5.784927633337163,6.3979400086720375,0.6130123753348746,3
2994,5.825172387182245,6.3979400086720375,0.5727676214897928,1
2995,5.52466725488312,6.3979400086720375,0.8732727537889176,7
2996,5.449340659341794,6.3979400086720375,0.9485993493302436,9
2997,5.500639297441847,5.187520720836463,-0.3131185766053841,10
2998,5.426015949401374,5.187520720836463,-0.23849522856491134,1
2999,5.6100633889795235,5.187520720836463,-0.42254266814306085,9
3000,5.406527531922472,5.187520720836463,-0.21900681108600928,3
3001,5.264447519477068,5.187520720836463,-0.07692679864060548,2
3002,5.639491885648918,5.187520720836463,-0.4519711648124556,5
3003,5.53534071105928,5.187520720836463,-0.34781999022281695,8
3004,5.499097977892816,5.187520720836463,-0.31157725705635375,7
3005,5.908610644103569,5.187520720836463,-0.7210899232671064,6
3006,5.4679551282361905,5.528916700277655,0.060961572041464684,9
3007,6.132883046137258,5.528916700277655,-0.603966345859603,1
3008,6.01741455651825,5.528916700277655,-0.4884978562405946,5
3009,6.299955049297156,5.528916700277655,-0.7710383490195012,4
3010,6.019288069933711,5.528916700277655,-0.49037136965605566,7
3011,6.289667150098752,5.528916700277655,-0.7607504498210966,3
3012,6.04381918677362,5.528916700277655,-0.5149024864959646,2
3013,6.367769116703125,5.528916700277655,-0.8388524164254703,8
3014,5.554842317769616,5.528916700277655,-0.02592561749196065,10
3015,5.739135668511273,6.568201724066995,0.8290660555557219,9
3016,5.960444870946378,6.568201724066995,0.607756853120617,10
3017,5.549569369265397,6.568201724066995,1.018632354801598,7
3018,5.950201012475448,6.568201724066995,0.6180007115915469,2
3019,6.1507869059380935,6.568201724066995,0.41741481812890147,4
3020,6.038405271434409,6.568201724066995,0.5297964526325858,1
3021,5.827309118422562,6.568201724066995,0.7408926056444329,5
3022,6.236614155146683,6.568201724066995,0.3315875689203116,3
3023,6.245266083155365,6.568201724066995,0.32293564091162974,6
3024,5.593436591711244,5.0,-0.5934365917112441,7
3025,5.662541435717,5.0,-0.6625414357170003,8
3026,5.144366659228582,5.0,-0.14436665922858172,9
3027,5.526000017139706,5.0,-0.5260000171397063,3
3028,5.154585417127825,5.0,-0.1545854171278247,10
3029,5.6223572319890875,5.0,-0.6223572319890875,1
3030,5.772419368568106,5.0,-0.772419368568106,6
3031,5.403850332799946,5.0,-0.4038503327999461,2
3032,5.9282465703553155,5.0,-0.9282465703553155,4
3033,5.65090156547445,6.079181246047625,0.42827968057317545,6
3034,5.172647723092354,6.079181246047625,0.9065335229552707,7
3035,4.962125369882182,6.079181246047625,1.117055876165443,5
3036,5.010898210641326,6.079181246047625,1.0682830354062993,9
3037,5.529702382363387,6.079181246047625,0.5494788636842385,8
3038,5.135491126674453,6.079181246047625,0.9436901193731719,3
3039,5.1714618705164215,6.079181246047625,0.9077193755312036,1
3040,5.4211924462196075,6.079181246047625,0.6579887998280176,4
3041,4.9280220486156505,6.079181246047625,1.1511591974319746,2
3042,6.0665122511883025,4.814913181275074,-1.2515990699132287,8
3043,5.604005656730865,4.814913181275074,-0.7890924754557913,5
3044,5.7196053066707915,4.814913181275074,-0.9046921253957176,2
3045,5.34130553522062,4.814913181275074,-0.5263923539455462,9
3046,6.051753250364454,4.814913181275074,-1.2368400690893804,6
3047,5.38524792466422,4.814913181275074,-0.5703347433891466,10
3048,5.899854325432522,4.814913181275074,-1.0849411441574484,1
3049,6.141560439262942,4.814913181275074,-1.3266472579878679,4
3050,5.941293202438814,4.814913181275074,-1.1263800211637403,3
3051,4.7990989801373445,5.08170727009735,0.2826082899600051,5
3052,4.869235676696834,5.08170727009735,0.21247159340051525,9
3053,4.786040944062057,5.08170727009735,0.29566632603529275,10
3054,5.417699041072702,5.08170727009735,-0.3359917709753528,6
3055,5.5180419087374295,5.08170727009735,-0.43633463864007993,4
3056,5.198130917880403,5.08170727009735,-0.11642364778305314,2
3057,5.155502630929796,5.08170727009735,-0.0737953608324462,7
3058,5.652324214337569,5.08170727009735,-0.5706169442402196,8
3059,5.153081515515312,5.08170727009735,-0.071374245417962,3
3060,5.784380914973668,6.384711742938283,0.6003308279646147,1
3061,5.4763425770336305,6.384711742938283,0.9083691659046522,2
3062,5.24155170811683,6.384711742938283,1.1431600348214523,10
3063,5.528903612780142,6.384711742938283,0.8558081301581408,3
3064,5.652146106570427,6.384711742938283,0.7325656363678554,7
3065,5.438604569236337,6.384711742938283,0.9461071737019457,5
3066,5.880834534445518,6.384711742938283,0.5038772084927645,6
3067,5.1894075356940235,6.384711742938283,1.1953042072442592,9
3068,5.971498987521998,6.384711742938283,0.41321275541628477,4
3069,5.939437297093211,6.342422680822207,0.4029853837289954,3
3070,6.003275556831644,6.342422680822207,0.33914712399056235,6
3071,6.3078816671226905,6.342422680822207,0.03454101369951612,1
3072,5.814142917817626,6.342422680822207,0.5282797630045808,8
3073,6.136062138984345,6.342422680822207,0.2063605418378618,7
3074,6.210611369755505,6.342422680822207,0.1318113110667012,5
3075,6.20585835275565,6.342422680822207,0.13656432806655694,10
3076,6.09687324036082,6.342422680822207,0.24554944046138694,2
3077,6.283459340048188,6.342422680822207,0.058963340774018214,9
3078,6.159384144995827,5.671172842715083,-0.48821130228074416,6
3079,6.3229233723929035,5.671172842715083,-0.6517505296778205,5
3080,6.272999486425222,5.671172842715083,-0.6018266437101394,10
3081,6.131822424274882,5.671172842715083,-0.4606495815597995,3
3082,6.029847763126685,5.671172842715083,-0.35867492041160176,8
3083,6.221984448397018,5.671172842715083,-0.5508116056819352,2
3084,6.323060616708029,5.671172842715083,-0.6518877739929465,9
3085,6.260514597895168,5.671172842715083,-0.5893417551800848,7
3086,6.353691961345313,5.671172842715083,-0.6825191186302302,4
3087,5.798051614372248,6.278753600952829,0.4807019865805806,8
3088,5.88698337623686,6.278753600952829,0.3917702247159687,9
3089,5.697886139831018,6.278753600952829,0.5808674611218105,6
3090,5.815203068022023,6.278753600952829,0.46355053293080584,5
3091,5.916956386811574,6.278753600952829,0.3617972141412551,3
3092,5.743952403471994,6.278753600952829,0.5348011974808351,2
3093,5.73180275874752,6.278753600952829,0.5469508422053089,7
3094,5.909880516245283,6.278753600952829,0.36887308470754565,4
3095,5.95196160315326,6.278753600952829,0.32679199779956924,1
3096,5.718632712723211,6.284656282788515,0.5660235700653047,6
3097,5.888638178804601,6.284656282788515,0.39601810398391457,5
3098,5.978753331442201,6.284656282788515,0.3059029513463143,1
3099,5.675242226102761,6.284656282788515,0.609414056685754,8
3100,5.912541884247984,6.284656282788515,0.3721143985405311,10
3101,5.724260336404012,6.284656282788515,0.560395946384503,3
3102,5.9993607807056755,6.284656282788515,0.2852955020828398,9
3103,5.893304790165968,6.284656282788515,0.3913514926225474,4
3104,5.833601040633102,6.284656282788515,0.45105524215541326,7
3105,6.177129316045749,6.3560258571931225,0.17889654114737308,1
3106,5.9964344101501785,6.3560258571931225,0.359591447042944,7
3107,5.565390524816361,6.3560258571931225,0.7906353323767616,8
3108,5.947405145286016,6.3560258571931225,0.4086207119071066,2
3109,6.138754438276086,6.3560258571931225,0.21727141891703639,10
3110,5.681487813030482,6.3560258571931225,0.6745380441626407,3
3111,6.091929277418733,6.3560258571931225,0.2640965797743897,5
3112,6.15170271169425,6.3560258571931225,0.2043231454988721,4
3113,5.787249882692056,6.3560258571931225,0.5687759745010661,6
3114,5.358632793939193,5.671172842715083,0.31254004877589026,10
3115,5.356098542640851,5.671172842715083,0.3150743000742322,6
3116,5.157732694246371,5.671172842715083,0.5134401484687121,8
3117,5.291193332198707,5.671172842715083,0.37997951051637635,9
3118,5.406658610749918,5.671172842715083,0.26451423196516455,7
3119,5.416227429587134,5.671172842715083,0.25494541312794894,5
3120,5.284402936314656,5.671172842715083,0.38676990640042685,2
3121,5.428934564117591,5.671172842715083,0.24223827859749214,3
3122,5.379563222928649,5.671172842715083,0.29160961978643396,1
3123,6.276063080400966,6.477121254719663,0.201058174318697,4
3124,6.319380295265026,6.477121254719663,0.15774095945463618,3
3125,5.996092711222178,6.477121254719663,0.4810285434974846,9
3126,6.263750456763348,6.477121254719663,0.21337079795631464,1
3127,5.938017171160014,6.477121254719663,0.539104083559649,10
3128,6.356023174596365,6.477121254719663,0.12109808012329726,8
3129,6.28161420459613,6.477121254719663,0.19550705012353298,6
3130,6.108361921822713,6.477121254719663,0.36875933289694984,2
3131,6.3198225312244825,6.477121254719663,0.15729872349518015,5
3132,5.245183709126891,5.0,-0.24518370912689136,10
3133,5.939242870659339,5.0,-0.9392428706593394,8
3134,5.8863236662998135,5.0,-0.8863236662998135,6
3135,5.467116094710561,5.0,-0.46711609471056104,5
3136,5.546480610582941,5.0,-0.5464806105829414,2
3137,5.709586774794881,5.0,-0.7095867747948814,3
3138,5.77918940885134,5.0,-0.77918940885134,1
3139,5.314666656770821,5.0,-0.31466665677082073,9
3140,5.647160073853237,5.0,-0.6471600738532368,7
3141,5.790676275176912,5.852174904420303,0.061498629243391,2
3142,5.764174514343257,5.852174904420303,0.0880003900770463,7
3143,5.641124443922093,5.852174904420303,0.21105046049820952,10
3144,5.821066226667778,5.852174904420303,0.031108677752524905,1
3145,5.841677075618881,5.852174904420303,0.010497828801422138,6
3146,5.815083554839028,5.852174904420303,0.037091349581275246,3
3147,5.900532128114706,5.852174904420303,-0.04835722369440276,8
3148,5.723914429779911,5.852174904420303,0.12826047464039192,9
3149,5.8106378612228,5.852174904420303,0.04153704319750329,4
3150,5.503234987101629,5.3979400086720375,-0.10529497842959135,6
3151,5.372937475728295,5.3979400086720375,0.025002532943742217,3
3152,5.4592221486002765,5.3979400086720375,-0.061282139928239054,1
3153,5.797234364564358,5.3979400086720375,-0.3992943558923203,5
3154,5.697519050240355,5.3979400086720375,-0.2995790415683173,9
3155,5.595550329998786,5.3979400086720375,-0.19761032132674838,8
3156,5.756775315556875,5.3979400086720375,-0.35883530688483756,4
3157,5.591445353267055,5.3979400086720375,-0.19350534459501745,10
3158,5.618412243849859,5.3979400086720375,-0.22047223517782122,7
3159,6.087599448312834,6.139879086401237,0.05227963808840297,1
3160,6.130303748829485,6.139879086401237,0.009575337571751774,4
3161,6.175664088099284,6.139879086401237,-0.03578500169804677,10
3162,5.9240329309508075,6.139879086401237,0.2158461554504294,6
3163,6.148285253375572,6.139879086401237,-0.008406166974334717,7
3164,5.919497747594644,6.139879086401237,0.22038133880659316,3
3165,6.270158154259179,6.139879086401237,-0.1302790678579422,5
3166,6.106835223661418,6.139879086401237,0.033043862739819296,9
3167,6.107248537144266,6.139879086401237,0.03263054925697073,8
3168,6.362221840620166,6.273487409697184,-0.08873443092298228,7
3169,6.402392784312172,6.273487409697184,-0.1289053746149884,4
3170,6.264480867275958,6.273487409697184,0.00900654242122556,1
3171,6.305678873940764,6.273487409697184,-0.03219146424357966,8
3172,6.37222345397053,6.273487409697184,-0.09873604427334559,5
3173,6.150655340460945,6.273487409697184,0.1228320692362388,10
3174,6.0977175547340385,6.273487409697184,0.17576985496314546,9
3175,6.169788501525496,6.273487409697184,0.1036989081716877,6
3176,6.146485264724979,6.273487409697184,0.12700214497220497,3
3177,6.12871926169419,6.320623955053538,0.1919046933593478,10
3178,6.29644534100586,6.320623955053538,0.024178614047677627,8
3179,6.322901687304885,6.320623955053538,-0.0022777322513469755,6
3180,6.281264071017887,6.320623955053538,0.03935988403565105,7
3181,6.2758385003723305,6.320623955053538,0.044785454681207426,5
3182,6.2234356884865525,6.320623955053538,0.09718826656698543,3
3183,6.149768479184522,6.320623955053538,0.17085547586901573,9
3184,6.348295966283037,6.320623955053538,-0.027672011229499027,4
3185,6.1603289354110595,6.320623955053538,0.1602950196424784,2
3186,5.934215313089186,6.6020599913279625,0.6678446782387768,7
3187,5.811529301072061,6.6020599913279625,0.7905306902559017,6
3188,5.989558059737635,6.6020599913279625,0.6125019315903275,4
3189,5.931466579298454,6.6020599913279625,0.6705934120295085,5
3190,5.817050788705039,6.6020599913279625,0.7850092026229234,10
3191,5.807923961254403,6.6020599913279625,0.7941360300735596,9
3192,5.8713271944511565,6.6020599913279625,0.730732796876806,2
3193,5.897542477943417,6.6020599913279625,0.7045175133845456,8
3194,5.842825471977115,6.6020599913279625,0.7592345193508478,1
3195,6.398715070025788,6.337459261290656,-0.061255808735132256,5
3196,6.482001749765314,6.337459261290656,-0.14454248847465845,1
3197,6.413579323209159,6.337459261290656,-0.07612006191850362,7
3198,6.383602405492128,6.337459261290656,-0.04614314420147192,8
3199,6.337845436703827,6.337459261290656,-0.000386175413170875,10
3200,6.275803758780255,6.337459261290656,0.06165550251040042,9
3201,6.376343051704507,6.337459261290656,-0.03888379041385104,2
3202,6.303779591490119,6.337459261290656,0.03367966980053705,6
3203,6.323983909857783,6.337459261290656,0.013475351432872706,3
3204,6.243481633923463,6.301029995663981,0.05754836174051814,9
3205,6.274867493603926,6.301029995663981,0.026162502060055104,2
3206,6.290756216397077,6.301029995663981,0.010273779266904093,5
3207,6.36106853065243,6.301029995663981,-0.06003853498844869,4
3208,6.241377908855031,6.301029995663981,0.05965208680895007,10
3209,6.338643305773482,6.301029995663981,-0.037613310109501086,3
3210,6.378290830006028,6.301029995663981,-0.07726083434204689,6
3211,6.425080684072689,6.301029995663981,-0.12405068840870737,1
3212,6.3285612581334085,6.301029995663981,-0.027531262469427276,7
3213,6.223001019325838,6.3979400086720375,0.17493898934619967,3
3214,6.356049551556522,6.3979400086720375,0.041890457115515645,10
3215,6.354878614107442,6.3979400086720375,0.0430613945645959,9
3216,6.160918018425692,6.3979400086720375,0.23702199024634574,6
3217,6.363393089342474,6.3979400086720375,0.03454691932956333,1
3218,6.257654573586917,6.3979400086720375,0.14028543508512037,4
3219,6.354816877478157,6.3979400086720375,0.043123131193880226,5
3220,6.201210054184806,6.3979400086720375,0.19672995448723185,2
3221,6.1870986863712565,6.3979400086720375,0.210841322300781,8
3222,6.2588133029242305,6.45484486000851,0.19603155708427966,7
3223,6.242993383931091,6.45484486000851,0.2118514760774195,9
3224,6.173940496479368,6.45484486000851,0.2809043635291424,10
3225,6.132667472488085,6.45484486000851,0.32217738752042546,2
3226,6.147888081922261,6.45484486000851,0.3069567780862492,4
3227,6.233629311227814,6.45484486000851,0.22121554878069638,5
3228,6.081681606490682,6.45484486000851,0.373163253517828,6
3229,6.255755547271481,6.45484486000851,0.199089312737029,1
3230,6.166104886924239,6.45484486000851,0.28873997308427146,8
3231,6.81613005293065,8.146128035678238,1.3299979827475878,2
3232,6.75354437771727,8.146128035678238,1.3925836579609685,5
3233,6.823967538136128,8.146128035678238,1.32216049754211,1
3234,6.456168453120631,8.146128035678238,1.6899595825576075,3
3235,6.7615212887047305,8.146128035678238,1.3846067469735077,4
3236,6.791151424587581,8.146128035678238,1.354976611090657,9
3237,6.693331371367738,8.146128035678238,1.4527966643105001,10
3238,6.710657595577846,8.146128035678238,1.4354704401003922,7
3239,6.653652620755596,8.146128035678238,1.4924754149226418,8
3240,5.7105020899467585,4.5820633629117085,-1.12843872703505,1
3241,5.796975231611894,4.5820633629117085,-1.2149118687001854,10
3242,5.645169698719741,4.5820633629117085,-1.0631063358080324,8
3243,5.789258616140083,4.5820633629117085,-1.2071952532283747,7
3244,5.563088802239455,4.5820633629117085,-0.9810254393277464,3
3245,5.855440449740762,4.5820633629117085,-1.2733770868290533,9
3246,5.77820566949751,4.5820633629117085,-1.1961423065858012,6
3247,4.970285592181087,4.5820633629117085,-0.38822222926937844,2
3248,5.771902550818354,4.5820633629117085,-1.189839187906646,5
3249,6.106258119151619,6.272305844402086,0.16604772525046751,10
3250,6.141783785821428,6.272305844402086,0.13052205858065857,9
3251,6.064936772185315,6.272305844402086,0.20736907221677114,7
3252,6.306524237480125,6.272305844402086,-0.034218393078038645,4
3253,5.978535002374721,6.272305844402086,0.2937708420273655,6
3254,5.91655259985139,6.272305844402086,0.3557532445506961,8
3255,5.592979551829153,6.272305844402086,0.6793262925729335,2
3256,6.073379001823289,6.272305844402086,0.19892684257879711,5
3257,5.81086156548162,6.272305844402086,0.46144427892046647,3
3258,6.7615212887047305,5.728256359248493,-1.0332649294562373,4
3259,6.81613005293065,5.728256359248493,-1.0878736936821571,2
3260,6.710657595577846,5.728256359248493,-0.9824012363293528,7
3261,6.823967538136128,5.728256359248493,-1.095711178887635,1
3262,6.791151424587581,5.728256359248493,-1.062895065339088,9
3263,6.693331371367738,5.728256359248493,-0.9650750121192448,10
3264,6.456168453120631,5.728256359248493,-0.7279120938721375,3
3265,6.653652620755596,5.728256359248493,-0.9253962615071032,8
3266,6.568393919324522,5.728256359248493,-0.8401375600760286,6
3267,6.1424973812627135,5.71717102683231,-0.42532635443040334,4
3268,6.18134908480922,5.71717102683231,-0.4641780579769099,7
3269,6.205883595874389,5.71717102683231,-0.4887125690420788,9
3270,6.139813081732535,5.71717102683231,-0.42264205490022455,1
3271,6.2696775370233375,5.71717102683231,-0.5525065101910274,10
3272,6.023754425508616,5.71717102683231,-0.306583398676306,8
3273,6.176823513981688,5.71717102683231,-0.4596524871493779,2
3274,6.219780455527377,5.71717102683231,-0.5026094286950666,5
3275,6.024473092695315,5.71717102683231,-0.3073020658630048,6
3276,5.534275737226882,6.049218022670182,0.5149422854432997,10
3277,5.813734066960412,6.049218022670182,0.23548395570977032,3
3278,5.7689415432202855,6.049218022670182,0.2802764794498964,7
3279,5.5354652486725895,6.049218022670182,0.5137527739975924,9
3280,5.965350835334399,6.049218022670182,0.08386718733578302,6
3281,5.770726226441733,6.049218022670182,0.2784917962284492,4
3282,5.762446376055232,6.049218022670182,0.2867716466149499,8
3283,5.529289575648248,6.049218022670182,0.5199284470219343,2
3284,5.767624484270897,6.049218022670182,0.28159353839928514,1
3285,5.1069991618746995,6.396199347095736,1.2892001852210369,2
3286,5.371234142873609,6.396199347095736,1.0249652042221271,7
3287,5.241396138179595,6.396199347095736,1.1548032089161415,8
3288,5.521702151598925,6.396199347095736,0.8744971954968115,6
3289,5.206407144187186,6.396199347095736,1.1897922029085501,9
3290,5.314171863155754,6.396199347095736,1.0820274839399824,5
3291,5.262969981124829,6.396199347095736,1.133229365970907,4
3292,5.347434046670589,6.396199347095736,1.0487653004251474,1
3293,5.159827098912173,6.396199347095736,1.2363722481835637,10
3294,5.941094864457592,5.550228353055094,-0.39086651140249806,8
3295,6.376937029365815,5.550228353055094,-0.8267086763107212,4
3296,6.371701325468932,5.550228353055094,-0.8214729724138374,7
3297,6.262562695524319,5.550228353055094,-0.7123343424692248,2
3298,5.95191655168071,5.550228353055094,-0.40168819862561556,3
3299,6.286898178730667,5.550228353055094,-0.7366698256755724,10
3300,6.442731198829758,5.550228353055094,-0.892502845774664,9
3301,5.7319491543728835,5.550228353055094,-0.18172080131778934,6
3302,6.243067649412689,5.550228353055094,-0.6928392963575947,5
3303,6.556872903224846,5.575072325713813,-0.9818005775110334,1
3304,6.651330187433522,5.575072325713813,-1.076257861719709,9
3305,6.196734664337025,5.575072325713813,-0.6216623386232119,3
3306,6.07543642989677,5.575072325713813,-0.5003641041829567,6
3307,6.509617870303214,5.575072325713813,-0.9345455445894011,4
3308,6.219054468074083,5.575072325713813,-0.6439821423602705,8
3309,6.403575625860039,5.575072325713813,-0.8285033001462265,5
3310,6.458570509304501,5.575072325713813,-0.8834981835906879,10
3311,6.645879774770485,5.575072325713813,-1.0708074490566721,7
3312,6.132437902683294,6.100025730107863,-0.032412172575431164,4
3313,6.014242061466281,6.100025730107863,0.08578366864158138,1
3314,5.767478327423786,6.100025730107863,0.33254740268407623,3
3315,6.2967155576674925,6.100025730107863,-0.19668982755962983,9
3316,6.006964646299438,6.100025730107863,0.0930610838084247,8
3317,6.106452385516311,6.100025730107863,-0.006426655408448667,2
3318,5.808447162169676,6.100025730107863,0.2915785679381866,6
3319,6.176880549763901,6.100025730107863,-0.07685481965603813,10
3320,6.148792051399925,6.100025730107863,-0.04876632129206193,7
3321,6.102053823077462,4.860338006570994,-1.241715816506468,10
3322,5.603518101937431,4.860338006570994,-0.7431800953664371,3
3323,5.880987762588025,4.860338006570994,-1.020649756017031,1
3324,5.97741158808804,4.860338006570994,-1.1170735815170456,2
3325,6.25293724230943,4.860338006570994,-1.3925992357384356,9
3326,6.0369619511612935,4.860338006570994,-1.1766239445902995,7
3327,6.007099206383897,4.860338006570994,-1.1467611998129028,4
3328,5.6346956765786365,4.860338006570994,-0.7743576700076424,6
3329,5.901902258667458,4.860338006570994,-1.0415642520964639,5
3330,6.565186603326302,6.489958479424835,-0.07522812390146782,9
3331,6.78083302550262,6.489958479424835,-0.2908745460777853,2
3332,6.532609170066021,6.489958479424835,-0.042650690641186095,8
3333,6.761658987488189,6.489958479424835,-0.2717005080633541,6
3334,6.825477295261919,6.489958479424835,-0.33551881583708454,5
3335,6.789772660314967,6.489958479424835,-0.2998141808901327,1
3336,6.513031770431616,6.489958479424835,-0.02307329100678146,10
3337,7.283713996442056,6.489958479424835,-0.793755517017221,3
3338,6.712369920651126,6.489958479424835,-0.2224114412262912,7
3339,6.256104583122237,6.3979400086720375,0.14183542554980022,9
3340,6.108988564738458,6.3979400086720375,0.28895144393357963,1
3341,6.171869906250617,6.3979400086720375,0.22607010242142067,4
3342,6.156242849445671,6.3979400086720375,0.2416971592263666,6
3343,5.982699699578225,6.3979400086720375,0.4152403090938126,3
3344,6.131793500635404,6.3979400086720375,0.2661465080366332,5
3345,6.241860832934647,6.3979400086720375,0.15607917573739005,8
3346,6.180915013066951,6.3979400086720375,0.2170249956050867,10
3347,6.142770963491957,6.3979400086720375,0.25516904518008054,7
3348,5.87121064524282,6.3560258571931225,0.48481521195030286,6
3349,5.907876172720441,6.3560258571931225,0.4481496844726811,5
3350,5.889967419042685,6.3560258571931225,0.4660584381504371,2
3351,5.760426474963405,6.3560258571931225,0.5955993822297172,9
3352,5.823238575049056,6.3560258571931225,0.5327872821440662,8
3353,6.0451683562681895,6.3560258571931225,0.31085750092493303,4
3354,5.5829211682780935,6.3560258571931225,0.773104688915029,10
3355,5.749759828356477,6.3560258571931225,0.6062660288366457,3
3356,6.152877217487467,6.3560258571931225,0.20314863970565522,1
3357,5.155380434826963,4.705863712283919,-0.4495167225430441,3
3358,5.525306598766133,4.705863712283919,-0.8194428864822143,1
3359,5.536092130557955,4.705863712283919,-0.8302284182740358,4
3360,5.443958205824738,4.705863712283919,-0.7380944935408191,5
3361,5.2003480795606905,4.705863712283919,-0.4944843672767716,10
3362,5.273380897484246,4.705863712283919,-0.5675171852003276,2
3363,5.438940838730683,4.705863712283919,-0.7330771264467639,9
3364,5.27218734238405,4.705863712283919,-0.5663236301001309,8
3365,5.357273012944072,4.705863712283919,-0.6514093006601529,7
3366,5.542666671401524,4.833147111912785,-0.7095195594887391,7
3367,5.5397757816042,4.833147111912785,-0.7066286696914146,8
3368,5.3755832639481,4.833147111912785,-0.5424361520353145,10
3369,5.65052647416538,4.833147111912785,-0.8173793622525949,2
3370,5.5778784962184895,4.833147111912785,-0.7447313843057044,6
3371,5.56583899468134,4.833147111912785,-0.7326918827685551,5
3372,5.662647786994964,4.833147111912785,-0.829500675082179,4
3373,5.551543553795249,4.833147111912785,-0.7183964418824642,9
3374,5.48506055732423,4.833147111912785,-0.651913445411445,3
3375,6.129900579468795,6.182671386675478,0.05277080720668348,3
3376,5.961576867587717,6.182671386675478,0.22109451908776112,6
3377,5.950129823402646,6.182671386675478,0.23254156327283226,9
3378,6.044254625375759,6.182671386675478,0.13841676129971958,1
3379,5.924377054825888,6.182671386675478,0.2582943318495907,10
3380,5.948885813367115,6.182671386675478,0.23378557330836358,7
3381,5.96751285512308,6.182671386675478,0.21515853155239828,2
3382,6.270908761106445,6.182671386675478,-0.08823737443096658,8
3383,6.024746631180124,6.182671386675478,0.15792475549535467,5
3384,6.094806908858401,6.262023704606317,0.16721679574791626,9
3385,5.992023834785771,6.262023704606317,0.2699998698205466,2
3386,5.922195326665281,6.262023704606317,0.3398283779410365,6
3387,6.129901821373563,6.262023704606317,0.1321218832327542,1
3388,6.160136550347111,6.262023704606317,0.1018871542592068,3
3389,6.062564470446236,6.262023704606317,0.1994592341600816,7
3390,5.978133049339328,6.262023704606317,0.28389065526698953,4
3391,6.004853988255727,6.262023704606317,0.2571697163505906,10
3392,6.155927128302871,6.262023704606317,0.10609657630344671,8
3393,5.771187887054902,6.408239965311849,0.6370520782569473,2
3394,5.789323611837576,6.408239965311849,0.6189163534742734,1
3395,5.791032165516949,6.408239965311849,0.6172077997949001,9
3396,5.7918394529618356,6.408239965311849,0.6164005123500136,6
3397,5.790618692238776,6.408239965311849,0.6176212730730732,5
3398,5.64559981121741,6.408239965311849,0.7626401540944387,7
3399,5.643680492164438,6.408239965311849,0.7645594731474112,3
3400,5.749615732045692,6.408239965311849,0.6586242332661572,10
3401,5.977557779896872,6.408239965311849,0.4306821854149767,8
3402,6.455477733618649,6.5910646070265,0.1355868734078518,4
3403,6.421613619836413,6.5910646070265,0.16945098719008733,5
3404,6.243711929864487,6.5910646070265,0.34735267716201346,2
3405,6.334424493613688,6.5910646070265,0.25664011341281245,3
3406,6.277623891489524,6.5910646070265,0.3134407155369763,6
3407,6.421730227874418,6.5910646070265,0.16933437915208227,7
3408,6.349468383459626,6.5910646070265,0.2415962235668747,1
3409,6.250957767491008,6.5910646070265,0.34010683953549226,8
3410,6.044773848402675,6.5910646070265,0.546290758623825,9
3411,5.992539440877407,5.876217840591642,-0.11632160028576521,9
3412,6.2078610832050565,5.876217840591642,-0.3316432426134144,2
3413,6.226066955131919,5.876217840591642,-0.3498491145402767,3
3414,6.195416467750313,5.876217840591642,-0.31919862715867087,6
3415,6.361345491053864,5.876217840591642,-0.48512765046222217,7
3416,6.346983624432496,5.876217840591642,-0.47076578384085366,1
3417,6.19742314772938,5.876217840591642,-0.3212053071377383,8
3418,6.3834009217813765,5.876217840591642,-0.5071830811897344,4
3419,6.327241961203387,5.876217840591642,-0.4510241206117449,5
3420,5.442601927962392,6.1041455505540085,0.6615436225916165,5
3421,5.045077427715648,6.1041455505540085,1.0590681228383607,9
3422,5.051625865776452,6.1041455505540085,1.0525196847775566,8
3423,5.10304542354109,6.1041455505540085,1.0011001270129185,10
3424,5.277931687036484,6.1041455505540085,0.8262138635175242,1
3425,5.1871919639849935,6.1041455505540085,0.916953586569015,6
3426,5.261086365006649,6.1041455505540085,0.8430591855473599,2
3427,5.187036412443521,6.1041455505540085,0.9171091381104874,4
3428,5.377561221462513,6.1041455505540085,0.7265843290914953,7
3429,5.45678258283222,4.630122642859312,-0.8266599399729087,10
3430,5.517516367593758,4.630122642859312,-0.8873937247344461,9
3431,6.172525224452294,4.630122642859312,-1.5424025815929827,3
3432,6.020964509909502,4.630122642859312,-1.3908418670501907,6
3433,5.89903474225959,4.630122642859312,-1.2689120994002785,7
3434,5.822354400353305,4.630122642859312,-1.1922317574939933,2
3435,6.074464737755908,4.630122642859312,-1.4443420948965962,4
3436,5.7113607761745335,4.630122642859312,-1.081238133315222,5
3437,6.393018302801086,4.630122642859312,-1.7628956599417744,8
3438,5.77312400343838,6.5910646070265,0.81794060358812,10
3439,5.912052392078795,6.5910646070265,0.6790122149477051,2
3440,6.019534387559337,6.5910646070265,0.5715302194671636,4
3441,5.965526384249654,6.5910646070265,0.6255382227768465,5
3442,5.750484550420483,6.5910646070265,0.8405800566060178,9
3443,5.897171210601754,6.5910646070265,0.6938933964247465,6
3444,5.877672884730574,6.5910646070265,0.7133917222959267,8
3445,5.975621503869672,6.5910646070265,0.6154431031568288,7
3446,5.914142908106488,6.5910646070265,0.6769216989200126,3
3447,6.224444367545807,5.978180516937414,-0.2462638506083934,7
3448,6.1551669455153295,5.978180516937414,-0.1769864285779157,6
3449,6.177757777461116,5.978180516937414,-0.19957726052370184,1
3450,6.2593733703707555,5.978180516937414,-0.28119285343334166,5
3451,5.978846384359561,5.978180516937414,-0.0006658674221471372,9
3452,6.008984749826444,5.978180516937414,-0.03080423288903056,10
3453,6.133871022126618,5.978180516937414,-0.15569050518920413,4
3454,6.163891957959589,5.978180516937414,-0.18571144102217563,3
3455,6.271865462338826,5.978180516937414,-0.2936849454014121,8
3456,6.267638654600276,6.32221929473392,0.05458064013364439,7
3457,6.243067779321697,6.32221929473392,0.07915151541222354,1
3458,6.242272868635189,6.32221929473392,0.07994642609873104,5
3459,6.112482455162536,6.32221929473392,0.20973683957138434,8
3460,6.323543582966512,6.32221929473392,-0.001324288232591897,4
3461,6.148704690710394,6.32221929473392,0.17351460402352625,6
3462,6.176381228414719,6.32221929473392,0.14583806631920115,2
3463,6.143928191355666,6.32221929473392,0.17829110337825416,10
3464,6.100462263593492,6.32221929473392,0.22175703114042822,3
3465,6.178932668801904,6.100025730107863,-0.07890693869404153,7
3466,6.357784605584674,6.100025730107863,-0.257758875476811,4
3467,6.324549683479094,6.100025730107863,-0.22452395337123132,1
3468,6.254984485702068,6.100025730107863,-0.15495875559420558,3
3469,6.1571395334307555,6.100025730107863,-0.05711380332289284,5
3470,6.000442890280074,6.100025730107863,0.09958283982778848,9
3471,6.247846529284845,6.100025730107863,-0.14782079917698265,6
3472,6.068112447674643,6.100025730107863,0.03191328243321934,2
3473,6.280426755544423,6.100025730107863,-0.18040102543656023,8
3474,6.137361235591385,5.675778341674085,-0.4615828939173001,10
3475,6.295384693864848,5.675778341674085,-0.6196063521907629,1
3476,6.169988188548038,5.675778341674085,-0.49420984687395286,3
3477,6.099358904136399,5.675778341674085,-0.42358056246231435,9
3478,6.154264386575105,5.675778341674085,-0.47848604490102,2
3479,6.192624300665786,5.675778341674085,-0.5168459589917012,5
3480,6.299293708557321,5.675778341674085,-0.623515366883236,4
3481,6.175994347236036,5.675778341674085,-0.5002160055619509,8
3482,6.27729270495921,5.675778341674085,-0.6015143632851254,6
3483,6.285515755330876,6.0,-0.28551575533087625,3
3484,6.36503637366168,6.0,-0.3650363736616802,8
3485,6.345682744859,6.0,-0.3456827448590003,7
3486,6.133403448858192,6.0,-0.1334034488581919,9
3487,6.390113702888236,6.0,-0.390113702888236,1
3488,6.28502488697037,6.0,-0.28502488697037,2
3489,6.295853618173992,6.0,-0.29585361817399214,5
3490,6.3777788751078015,6.0,-0.3777788751078015,4
3491,6.256853017347868,6.0,-0.2568530173478676,6
3492,5.833561766267684,6.431363764158987,0.5978019978913025,1
3493,5.7852662396934935,6.431363764158987,0.6460975244654934,10
3494,5.699587492765984,6.431363764158987,0.7317762713930032,9
3495,5.850501372694836,6.431363764158987,0.5808623914641506,2
3496,5.84572704832428,6.431363764158987,0.5856367158347071,7
3497,5.808208516690843,6.431363764158987,0.6231552474681443,5
3498,5.890943124640672,6.431363764158987,0.5404206395183149,4
3499,5.781241057232701,6.431363764158987,0.650122706926286,8
3500,5.731837033244161,6.431363764158987,0.6995267309148261,3
3501,6.487103045206691,6.1525940779274695,-0.33450896727922164,10
3502,6.5549201465272455,6.1525940779274695,-0.40232606859977604,5
3503,6.378465525446299,6.1525940779274695,-0.2258714475188297,2
3504,6.631941869671254,6.1525940779274695,-0.47934779174378495,9
3505,6.439625424004176,6.1525940779274695,-0.28703134607670666,1
3506,6.270195963053063,6.1525940779274695,-0.11760188512559377,6
3507,6.397745423435943,6.1525940779274695,-0.24515134550847328,3
3508,6.343354107831433,6.1525940779274695,-0.1907600299039638,8
3509,6.43635273546199,6.1525940779274695,-0.2837586575345208,4
3510,6.675284599606832,6.732393759822968,0.05710916021613599,5
3511,6.6259565022229285,6.732393759822968,0.10643725760003964,2
3512,6.665854723875228,6.732393759822968,0.06653903594774047,1
3513,6.40452618396019,6.732393759822968,0.32786757586277826,6
3514,6.626968349755238,6.732393759822968,0.10542541006773032,10
3515,6.394808126893705,6.732393759822968,0.33758563292926347,3
3516,6.7858215277065765,6.732393759822968,-0.05342776788360837,9
3517,6.500633761817653,6.732393759822968,0.2317599980053151,8
3518,6.575152688268213,6.732393759822968,0.15724107155475497,7
3519,5.2441277527597725,4.491361693834273,-0.7527660589254994,8
3520,5.2389056155975995,4.491361693834273,-0.7475439217633264,9
3521,5.443529751468115,4.491361693834273,-0.952168057633842,6
3522,5.359978861647025,4.491361693834273,-0.8686171678127517,1
3523,5.430418496782438,4.491361693834273,-0.9390568029481647,3
3524,5.312497645877602,4.491361693834273,-0.8211359520433286,2
3525,5.247830584943981,4.491361693834273,-0.7564688911097077,4
3526,5.423139196971675,4.491361693834273,-0.9317775031374023,5
3527,5.4202857600594925,4.491361693834273,-0.9289240662252194,7
3528,4.867572101015217,4.77901897191487,-0.08855312910034652,3
3529,4.706790161388497,4.77901897191487,0.07222881052637309,2
3530,4.582951414325406,4.77901897191487,0.1960675575894637,6
3531,4.809722979403615,4.77901897191487,-0.0307040074887448,7
3532,4.555300530058001,4.77901897191487,0.22371844185686918,5
3533,4.751149487114248,4.77901897191487,0.02786948480062179,8
3534,4.287157128329598,4.77901897191487,0.49186184358527196,9
3535,4.480427870458125,4.77901897191487,0.2985911014567453,1
3536,4.57515767591413,4.77901897191487,0.2038612960007402,4
3537,5.433282536567966,6.556302500767287,1.1230199641993206,4
3538,5.541932584665145,6.556302500767287,1.014369916102142,3
3539,5.442662247398047,6.556302500767287,1.1136402533692396,2
3540,5.5959669815338,6.556302500767287,0.960335519233487,1
3541,5.718741742720875,6.556302500767287,0.8375607580464122,7
3542,5.501783632928695,6.556302500767287,1.054518867838592,9
3543,5.666300856308063,6.556302500767287,0.8900016444592236,8
3544,5.568240081017386,6.556302500767287,0.9880624197499008,10
3545,5.840052972398882,6.556302500767287,0.7162495283684045,6
3546,4.8087988974723395,4.850033257689769,0.04123436021742943,6
3547,4.884774359364018,4.850033257689769,-0.03474110167424893,10
3548,4.773349903771956,4.850033257689769,0.07668335391781333,8
3549,4.991708833925854,4.850033257689769,-0.14167557623608484,7
3550,4.882716321463646,4.850033257689769,-0.03268306377387731,9
3551,4.9955185713549435,4.850033257689769,-0.1454853136651746,2
3552,4.886479081732908,4.850033257689769,-0.03644582404313912,1
3553,5.070224867292343,4.850033257689769,-0.22019160960257445,5
3554,4.723266022602457,4.850033257689769,0.12676723508731147,4
3555,6.1557469208809765,6.278753600952829,0.12300668007185234,10
3556,6.367960962403263,6.278753600952829,-0.08920736145043406,2
3557,6.2889157425200315,6.278753600952829,-0.010162141567202632,4
3558,6.153882855977692,6.278753600952829,0.12487074497513717,8
3559,6.0739336365148935,6.278753600952829,0.20481996443793538,9
3560,6.249426923260091,6.278753600952829,0.029326677692737668,6
3561,6.3913811898808195,6.278753600952829,-0.11262758892799063,5
3562,6.447503109924285,6.278753600952829,-0.16874950897145613,1
3563,6.260383344228319,6.278753600952829,0.018370256724510092,3
3564,6.24574124157314,6.4623979978989565,0.2166567563258166,8
3565,6.131648421076035,6.4623979978989565,0.33074957682292183,2
3566,6.327423779577968,6.4623979978989565,0.13497421832098855,10
3567,6.203406916311885,6.4623979978989565,0.2589910815870713,1
3568,6.18842130795452,6.4623979978989565,0.2739766899444369,4
3569,6.2222575387369075,6.4623979978989565,0.24014045916204907,5
3570,6.1039920899205455,6.4623979978989565,0.358405907978411,3
3571,6.605207975718898,6.4623979978989565,-0.1428099778199412,9
3572,6.21966720240702,6.4623979978989565,0.2427307954919362,6
3573,6.2324121910603765,6.399154333958217,0.1667421428978404,7
3574,6.094521754866492,6.399154333958217,0.3046325790917246,6
3575,6.198091834185468,6.399154333958217,0.20106249977274882,4
3576,6.155364165100056,6.399154333958217,0.24379016885816096,9
3577,5.905850191511221,6.399154333958217,0.4933041424469957,3
3578,6.36350569036074,6.399154333958217,0.03564864359747677,5
3579,6.0102085731219175,6.399154333958217,0.3889457608362994,8
3580,6.118072921910941,6.399154333958217,0.28108141204727577,1
3581,6.077092746884094,6.399154333958217,0.32206158707412325,2
3582,5.699372867711658,6.3979400086720375,0.6985671409603791,3
3583,5.920160885442786,6.3979400086720375,0.47777912322925165,10
3584,5.87823577009015,6.3979400086720375,0.5197042385818875,4
3585,5.870363389021263,6.3979400086720375,0.5275766196507741,1
3586,5.8291061776734585,6.3979400086720375,0.568833830998579,6
3587,5.786022560708921,6.3979400086720375,0.6119174479631164,8
3588,5.937156964989065,6.3979400086720375,0.46078304368297207,7
3589,5.886719096024186,6.3979400086720375,0.5112209126478513,9
3590,6.04401596932653,6.3979400086720375,0.3539240393455074,5
3591,6.190261328931619,5.880813592280791,-0.3094477366508279,9
3592,6.059749259634954,5.880813592280791,-0.17893566735416222,6
3593,5.93692754053698,5.880813592280791,-0.056113948256188984,3
3594,6.1972516003434635,5.880813592280791,-0.3164380080626721,10
3595,6.021854779933382,5.880813592280791,-0.14104118765259077,2
3596,6.130661476083981,5.880813592280791,-0.24984788380318967,7
3597,6.167444303202192,5.880813592280791,-0.2866307109214006,1
3598,6.171602872125509,5.880813592280791,-0.29078927984471736,4
3599,6.237768552058238,5.880813592280791,-0.35695495977744685,5
3600,6.317960314790952,5.892094602690481,-0.425865712100471,4
3601,6.22426953799175,5.892094602690481,-0.3321749353012695,1
3602,6.254994876104116,5.892094602690481,-0.3629002734136355,5
3603,6.243939700603082,5.892094602690481,-0.35184509791260155,7
3604,6.219518556867853,5.892094602690481,-0.32742395417737225,2
3605,6.2191563279201985,5.892094602690481,-0.32706172522971766,6
3606,5.997772194221221,5.892094602690481,-0.10567759153073997,3
3607,6.191252874451279,5.892094602690481,-0.2991582717607981,8
3608,6.189192061913839,5.892094602690481,-0.29709745922335795,10
3609,6.084634012809219,5.7160033436348,-0.36863066917441856,5
3610,5.753462912828291,5.7160033436348,-0.037459569193490694,3
3611,5.870632527296789,5.7160033436348,-0.15462918366198863,1
3612,5.887869677748304,5.7160033436348,-0.1718663341135036,2
3613,5.985343627576979,5.7160033436348,-0.2693402839421788,7
3614,5.803179044417794,5.7160033436348,-0.08717570078299364,8
3615,5.91015090402235,5.7160033436348,-0.19414756038754977,9
3616,5.916202675325228,5.7160033436348,-0.20019933169042758,4
3617,5.851600391081619,5.7160033436348,-0.13559704744681866,6
3618,5.2520048311315435,6.696836730575163,1.4448318994436198,10
3619,6.204532509664728,6.696836730575163,0.4923042209104356,8
3620,5.740185455139989,6.696836730575163,0.9566512754351741,1
3621,5.8115375017146835,6.696836730575163,0.8852992288604797,4
3622,5.651225760853283,6.696836730575163,1.0456109697218805,2
3623,5.646994800224208,6.696836730575163,1.0498419303509552,3
3624,5.379727456534533,6.696836730575163,1.3171092740406305,5
3625,5.8391832066943445,6.696836730575163,0.8576535238808187,6
3626,5.556629822400506,6.696836730575163,1.1402069081746573,7
3627,5.605261056853436,5.530481449815745,-0.0747796070376916,3
3628,5.646826446703296,5.530481449815745,-0.11634499688755096,7
3629,5.415455392861221,5.530481449815745,0.11502605695452406,10
3630,5.924655245182503,5.530481449815745,-0.39417379536675856,6
3631,5.825263246120369,5.530481449815745,-0.2947817963046244,1
3632,5.692602736775738,5.530481449815745,-0.1621212869599935,2
3633,5.9353995020503945,5.530481449815745,-0.40491805223464983,4
3634,5.932204705344412,5.530481449815745,-0.40172325552866717,8
3635,5.592425791221706,5.530481449815745,-0.06194434140596172,5
3636,5.155502630929796,6.465828815357437,1.310326184427641,7
3637,5.198130917880403,6.465828815357437,1.267697897477034,2
3638,4.786040944062057,6.465828815357437,1.67978787129538,10
3639,4.7990989801373445,6.465828815357437,1.6667298352200923,5
3640,4.869235676696834,6.465828815357437,1.5965931386606025,9
3641,5.652324214337569,6.465828815357437,0.8135046010198677,8
3642,5.5180419087374295,6.465828815357437,0.9477869066200073,4
3643,5.4656416540970305,6.465828815357437,1.0001871612604063,1
3644,5.153081515515312,6.465828815357437,1.3127472998421252,3
3645,5.318237863155505,6.5910646070265,1.2728267438709953,4
3646,4.849313875514741,6.5910646070265,1.7417507315117593,5
3647,4.8101981788241215,6.5910646070265,1.780866428202379,10
3648,5.142961168615867,6.5910646070265,1.4481034384106337,1
3649,5.293417512964681,6.5910646070265,1.2976470940618192,2
3650,5.419972168787213,6.5910646070265,1.1710924382392873,6
3651,5.538331720453339,6.5910646070265,1.0527328865731613,8
3652,4.977039655587924,6.5910646070265,1.6140249514385765,9
3653,4.997089916534463,6.5910646070265,1.593974690492037,7
3654,6.217796712475131,6.919078092376074,0.7012813799009425,2
3655,6.279526718069043,6.919078092376074,0.6395513743070307,5
3656,6.324034395071737,6.919078092376074,0.5950436973043365,6
3657,6.3524241111941615,6.919078092376074,0.5666539811819122,4
3658,6.15982955600682,6.919078092376074,0.7592485363692534,8
3659,6.257941658294476,6.919078092376074,0.6611364340815982,7
3660,6.224271913921487,6.919078092376074,0.6948061784545869,3
3661,6.3690748299563245,6.919078092376074,0.5500032624197493,1
3662,6.25097701759409,6.919078092376074,0.6681010747819833,9
3663,6.144194778651399,6.301029995663981,0.15683521701258218,1
3664,5.844377451363327,6.301029995663981,0.4566525443006544,10
3665,5.943578716855269,6.301029995663981,0.3574512788087123,2
3666,5.885273253550878,6.301029995663981,0.41575674211310343,3
3667,5.745282464165687,6.301029995663981,0.5557475314982945,9
3668,5.986654246946361,6.301029995663981,0.3143757487176204,6
3669,6.232715270945538,6.301029995663981,0.06831472471844346,4
3670,6.040382110766191,6.301029995663981,0.2606478848977902,7
3671,6.142517368245184,6.301029995663981,0.1585126274187969,5
3672,6.4457454168792045,6.380211241711606,-0.06553417516759819,8
3673,6.197941378529986,6.380211241711606,0.1822698631816202,5
3674,6.359653142139078,6.380211241711606,0.0205580995725283,4
3675,6.083226912844901,6.380211241711606,0.29698432886670556,3
3676,5.842644192921363,6.380211241711606,0.5375670487902431,9
3677,6.166342816852671,6.380211241711606,0.2138684248589353,2
3678,5.8576572231893715,6.380211241711606,0.5225540185222348,10
3679,6.3026624545130465,6.380211241711606,0.07754878719855984,6
3680,6.164921793634928,6.380211241711606,0.21528944807667827,7
3681,6.3358343175138945,6.204119982655925,-0.13171433485796946,10
3682,6.352000411578041,6.204119982655925,-0.14788042892211628,1
3683,6.224543278067045,6.204119982655925,-0.020423295411119646,8
3684,6.403611461864259,6.204119982655925,-0.19949147920833354,7
3685,6.2803733154098085,6.204119982655925,-0.07625333275388346,6
3686,6.2551718686667614,6.204119982655925,-0.051051886010836434,3
3687,6.4038929149504025,6.204119982655925,-0.19977293229447746,4
3688,6.419044772329218,6.204119982655925,-0.21492478967329287,9
3689,6.240287644054915,6.204119982655925,-0.03616766139898964,2
3690,5.997005236723497,6.301029995663981,0.30402475894048386,10
3691,5.9488061199742255,6.301029995663981,0.35222387568975577,2
3692,5.872517361520342,6.301029995663981,0.4285126341436394,8
3693,5.92803143999705,6.301029995663981,0.3729985556669311,6
3694,5.977061462994393,6.301029995663981,0.32396853266958825,1
3695,6.108419502404932,6.301029995663981,0.1926104932590489,9
3696,5.865073439606161,6.301029995663981,0.43595655605782024,3
3697,6.022052619528545,6.301029995663981,0.27897737613543594,5
3698,6.035358355528253,6.301029995663981,0.26567164013572864,7
3699,5.7454038036254556,6.073105874968971,0.3277020713435155,10
3700,5.652178820421243,6.073105874968971,0.42092705454772794,3
3701,5.6888154349096665,6.073105874968971,0.38429044005930457,8
3702,5.800479555196764,6.073105874968971,0.27262631977220675,5
3703,5.780037201156914,6.073105874968971,0.2930686738120567,9
3704,5.821596640332728,6.073105874968971,0.2515092346362433,2
3705,5.712372958823514,6.073105874968971,0.3607329161454569,6
3706,5.759596036791829,6.073105874968971,0.31350983817714173,7
3707,5.805730199619179,6.073105874968971,0.26737567534979245,4
3708,5.159154606008932,6.2552725051033065,1.0961178990943745,9
3709,5.191219819193389,6.2552725051033065,1.0640526859099175,1
3710,5.440101852105443,6.2552725051033065,0.8151706529978631,8
3711,5.121533962729946,6.2552725051033065,1.1337385423733606,10
3712,5.287714439765387,6.2552725051033065,0.9675580653379194,4
3713,5.275993692374107,6.2552725051033065,0.9792788127291994,5
3714,5.283759005237054,6.2552725051033065,0.9715134998662522,6
3715,5.251237220863297,6.2552725051033065,1.0040352842400093,3
3716,5.240602634542997,6.2552725051033065,1.0146698705603097,2
3717,6.033529960441454,6.32221929473392,0.28868933429246635,7
3718,6.086833725624305,6.32221929473392,0.2353855691096154,4
3719,5.939193625573732,6.32221929473392,0.38302566916018854,6
3720,5.909965761412775,6.32221929473392,0.4122535333211452,8
3721,5.9846370062620915,6.32221929473392,0.3375822884718289,9
3722,5.896854699933723,6.32221929473392,0.4253645948001976,3
3723,5.982032307679853,6.32221929473392,0.340186987054067,10
3724,6.031928879506357,6.32221929473392,0.29029041522756316,1
3725,6.0868135990524275,6.32221929473392,0.23540569568149294,5
3726,5.955636670997985,5.866287339084195,-0.08934933191379013,3
3727,6.084750597490839,5.866287339084195,-0.2184632584066435,7
3728,6.165985404210369,5.866287339084195,-0.29969806512617403,10
3729,6.167841622489864,5.866287339084195,-0.30155428340566903,5
3730,5.9324119316953015,5.866287339084195,-0.06612459261110626,6
3731,6.050796692877326,5.866287339084195,-0.18450935379313105,8
3732,6.131404912102138,5.866287339084195,-0.2651175730179425,2
3733,6.22268551031893,5.866287339084195,-0.3563981712347344,9
3734,6.134991368880039,5.866287339084195,-0.2687040297958436,4
3735,5.9205222747366975,6.318063334962762,0.3975410602260645,8
3736,5.939182844070938,6.318063334962762,0.37888049089182374,2
3737,5.872680017443513,6.318063334962762,0.44538331751924876,3
3738,5.9730465499879655,6.318063334962762,0.3450167849747965,9
3739,5.998156442907757,6.318063334962762,0.31990689205500455,6
3740,5.9766387404577825,6.318063334962762,0.3414245945049794,4
3741,5.9314911172279,6.318063334962762,0.3865722177348623,5
3742,5.9183969576090725,6.318063334962762,0.3996663773536895,7
3743,5.92134730738379,6.318063334962762,0.3967160275789716,10
3744,5.9730465499879655,6.368100851709351,0.39505430172138567,9
3745,5.9183969576090725,6.368100851709351,0.44970389410027867,7
3746,5.872680017443513,6.368100851709351,0.49542083426583794,3
3747,5.9205222747366975,6.368100851709351,0.4475785769726537,8
3748,5.998156442907757,6.368100851709351,0.36994440880159374,6
3749,5.9766387404577825,6.368100851709351,0.3914621112515686,4
3750,5.92134730738379,6.368100851709351,0.4467535443255608,10
3751,5.939182844070938,6.368100851709351,0.4289180076384129,2
3752,5.9314911172279,6.368100851709351,0.43660973448145146,5
3753,5.830311232807097,6.378397900948138,0.5480866681410408,6
3754,5.8143949615601676,6.378397900948138,0.5640029393879704,9
3755,5.796005494096839,6.378397900948138,0.5823924068512989,10
3756,5.924524173070286,6.378397900948138,0.45387372787785196,2
3757,5.956106358390522,6.378397900948138,0.42229154255761614,1
3758,5.898127249822289,6.378397900948138,0.4802706511258492,5
3759,5.833948558451861,6.378397900948138,0.5444493424962769,8
3760,5.7884016496187725,6.378397900948138,0.5899962513293655,3
3761,5.9527792648603235,6.378397900948138,0.4256186360878145,4
3762,5.397398025273511,6.326130956710794,0.928732931437283,1
3763,5.095969308497163,6.326130956710794,1.230161648213631,5
3764,5.370570136143513,6.326130956710794,0.955560820567281,7
3765,5.352550123345121,6.326130956710794,0.9735808333656735,3
3766,5.1291307422417844,6.326130956710794,1.1970002144690097,9
3767,5.519456999169755,6.326130956710794,0.8066739575410393,6
3768,5.560606157621544,6.326130956710794,0.76552479908925,4
3769,5.348711945278504,6.326130956710794,0.97741901143229,2
3770,5.5584620891361896,6.326130956710794,0.7676688675746046,8
3771,5.692968182696185,4.354108439147401,-1.3388597435487837,3
3772,5.783652085014305,4.354108439147401,-1.4295436458669037,6
3773,6.026106496828183,4.354108439147401,-1.6719980576807814,9
3774,5.685908755232148,4.354108439147401,-1.3318003160847471,8
3775,5.910540791112757,4.354108439147401,-1.5564323519653556,5
3776,5.940327699350514,4.354108439147401,-1.586219260203113,1
3777,5.868980591663627,4.354108439147401,-1.5148721525162259,2
3778,5.850736298827886,4.354108439147401,-1.4966278596804852,7
3779,5.965109515302224,4.354108439147401,-1.6110010761548228,10
3780,5.931466579298454,6.396722278503773,0.4652556992053194,5
3781,5.817050788705039,6.396722278503773,0.5796714897987343,10
3782,5.807923961254403,6.396722278503773,0.5887983172493705,9
3783,5.989558059737634,6.396722278503773,0.4071642187661393,4
3784,5.934215313089186,6.396722278503773,0.4625069654145877,7
3785,5.811529301072061,6.396722278503773,0.5851929774317126,6
3786,5.897542477943417,6.396722278503773,0.4991798005603565,8
3787,5.783818939502003,6.396722278503773,0.61290333900177,3
3788,5.842825471977115,6.396722278503773,0.5538968065266587,1
3789,5.772414406404784,5.619093330626742,-0.15332107577804166,8
3790,6.042640800723111,5.619093330626742,-0.42354747009636906,7
3791,6.031493327657836,5.619093330626742,-0.41239999703109387,2
3792,5.75378427446024,5.619093330626742,-0.13469094383349756,3
3793,5.947209028788052,5.619093330626742,-0.3281156981613096,5
3794,6.0960608775184335,5.619093330626742,-0.4769675468916912,4
3795,6.030222204238152,5.619093330626742,-0.4111288736114096,10
3796,6.135649257375095,5.619093330626742,-0.516555926748353,9
3797,5.944388647996672,5.619093330626742,-0.32529531736993,1
3798,4.773349903771956,3.6989700043360174,-1.0743798994359381,8
3799,4.8491243673033475,3.6989700043360174,-1.15015436296733,3
3800,5.070224867292343,3.6989700043360174,-1.371254862956326,5
3801,4.7232660226024565,3.6989700043360174,-1.0242960182664391,4
3802,4.8087988974723395,3.6989700043360174,-1.109828893136322,6
3803,4.991708833925854,3.6989700043360174,-1.2927388295898363,7
3804,4.882716321463646,3.6989700043360174,-1.1837463171276288,9
3805,4.9955185713549435,3.6989700043360174,-1.296548567018926,2
3806,4.884774359364018,3.6989700043360174,-1.1858043550280004,10
3807,5.427184547562084,5.766784515497859,0.33959996793577485,7
3808,5.452888703059204,5.766784515497859,0.3138958124386546,5
3809,5.4734460375132645,5.766784515497859,0.29333847798459445,10
3810,5.351851057987846,5.766784515497859,0.41493345751001254,3
3811,5.577804878810893,5.766784515497859,0.18897963668696605,2
3812,5.415802382508633,5.766784515497859,0.350982132989226,8
3813,5.421919483327744,5.766784515497859,0.344865032170115,6
3814,5.548157336704655,5.766784515497859,0.21862717879320392,9
3815,5.409101744121842,5.766784515497859,0.3576827713760169,1
3816,6.1608393580751475,6.474755154291798,0.31391579621665056,1
3817,6.169566606439045,6.474755154291798,0.30518854785275273,10
3818,6.056233686453207,6.474755154291798,0.4185214678385911,4
3819,5.987842955981309,6.474755154291798,0.48691219831048915,8
3820,5.998328233898525,6.474755154291798,0.4764269203932727,6
3821,6.040732921036092,6.474755154291798,0.434022233255706,9
3822,5.871875565201394,6.474755154291798,0.6028795890904037,3
3823,6.048101892776169,6.474755154291798,0.42665326151562866,2
3824,6.090911546379205,6.474755154291798,0.38384360791259287,7
3825,5.912259337291928,5.643452676486188,-0.26880666080574045,7
3826,6.301804595239676,5.643452676486188,-0.6583519187534881,8
3827,5.844950156543461,5.643452676486188,-0.20149748005727286,4
3828,6.097024035300733,5.643452676486188,-0.45357135881454536,3
3829,5.704989400866978,5.643452676486188,-0.061536724380790275,10
3830,5.638078180577479,5.643452676486188,0.005374495908708532,9
3831,6.151553125979415,5.643452676486188,-0.5081004494932273,6
3832,5.818366062934476,5.643452676486188,-0.1749133864482877,5
3833,5.85427459557048,5.643452676486188,-0.21082191908429238,2
3834,6.061939033673781,6.453318340047038,0.39137930637325713,8
3835,6.171850383368701,6.453318340047038,0.2814679566783367,6
3836,6.038553624905828,6.453318340047038,0.41476471514121016,3
3837,6.144608772539608,6.453318340047038,0.30870956750742984,10
3838,6.118103036487395,6.453318340047038,0.335215303559643,5
3839,6.118901100287251,6.453318340047038,0.3344172397597873,9
3840,6.129952167765938,6.453318340047038,0.32336617228109965,4
3841,6.242507865537312,6.453318340047038,0.21081047450972612,1
3842,6.104091888667979,6.453318340047038,0.3492264513790593,7
3843,5.764456936336896,4.764176132390331,-1.0002808039465654,9
3844,5.835395723046534,4.764176132390331,-1.0712195906562032,1
3845,5.628926934656914,4.764176132390331,-0.8647508022665837,3
3846,5.752656307763218,4.764176132390331,-0.9884801753728869,5
3847,5.759861589898687,4.764176132390331,-0.9956854575083565,7
3848,5.731778371288593,4.764176132390331,-0.9676022388982624,4
3849,5.735446537956076,4.764176132390331,-0.9712704055657451,6
3850,5.830536435396411,4.764176132390331,-1.0663603030060802,10
3851,5.7246298766987165,4.764176132390331,-0.9604537443083858,8
3852,5.923166135919082,6.227115082589125,0.3039489466700429,7
3853,5.496189127328685,6.227115082589125,0.7309259552604406,9
3854,5.847980209502117,6.227115082589125,0.37913487308700855,1
3855,5.581099114280475,6.227115082589125,0.6460159683086504,10
3856,5.9606100455834214,6.227115082589125,0.2665050370057038,6
3857,6.069056529541359,6.227115082589125,0.15805855304776628,8
3858,5.861502358123842,6.227115082589125,0.3656127244652829,3
3859,5.791091299758537,6.227115082589125,0.4360237828305884,5
3860,5.760143940062275,6.227115082589125,0.4669711425268499,2
3861,5.913450520773611,6.039255443806487,0.12580492303287638,5
3862,5.999857262221216,6.039255443806487,0.03939818158527153,7
3863,6.029650221380443,6.039255443806487,0.009605222426044335,4
3864,6.31520810400108,6.039255443806487,-0.2759526601945925,8
3865,6.245104903359981,6.039255443806487,-0.20584945955349365,6
3866,6.055237384106432,6.039255443806487,-0.015981940299944597,1
3867,5.75816098130381,6.039255443806487,0.28109446250267744,9
3868,5.789921993011454,6.039255443806487,0.24933345079503333,10
3869,6.223254387359204,6.039255443806487,-0.18399894355271673,3
3870,5.577080216385751,6.079181246047625,0.5021010296618744,2
3871,5.617236365669991,6.079181246047625,0.4619448803776338,7
3872,5.651264632245858,6.079181246047625,0.4279166138017674,6
3873,5.40017411743086,6.079181246047625,0.6790071286167647,9
3874,5.500841817113634,6.079181246047625,0.5783394289339912,1
3875,5.767658132503178,6.079181246047625,0.31152311354444695,8
3876,5.510847517652797,6.079181246047625,0.568333728394828,5
3877,5.420445129156991,6.079181246047625,0.6587361168906343,10
3878,5.627451416675408,6.079181246047625,0.4517298293722174,3
3879,6.045870390189409,6.387211800313731,0.34134141012432195,6
3880,5.997098911192771,6.387211800313731,0.3901128891209593,4
3881,6.048556969999393,6.387211800313731,0.3386548303143373,9
3882,6.203841828500548,6.387211800313731,0.1833699718131827,5
3883,6.113410992690403,6.387211800313731,0.2738008076233278,7
3884,6.1054413563157555,6.387211800313731,0.28177044399797513,1
3885,6.04776967326074,6.387211800313731,0.3394421270529904,10
3886,6.015654643292578,6.387211800313731,0.37155715702115266,2
3887,5.9606285409488065,6.387211800313731,0.42658325936492414,3
3888,5.933937569781767,5.575072325713813,-0.35886524406795406,3
3889,6.191436015964935,5.575072325713813,-0.6163636902511218,8
3890,6.133201693146664,5.575072325713813,-0.5581293674328514,10
3891,6.07196640184099,5.575072325713813,-0.49689407612717673,2
3892,6.126593513999076,5.575072325713813,-0.5515211882852631,4
3893,6.2351318035102805,5.575072325713813,-0.6600594777964677,9
3894,6.144773799799701,5.575072325713813,-0.5697014740858881,5
3895,6.195435270337103,5.575072325713813,-0.6203629446232899,7
3896,5.79456402186596,5.575072325713813,-0.21949169615214714,6
3897,5.94120280312667,6.539076098792776,0.5978732956661066,7
3898,5.836200038376496,6.539076098792776,0.7028760604162807,4
3899,5.938196115815709,6.539076098792776,0.6008799829770677,9
3900,5.95531127385086,6.539076098792776,0.5837648249419161,8
3901,5.889656278702008,6.539076098792776,0.6494198200907686,6
3902,6.050820660349147,6.539076098792776,0.4882554384436295,5
3903,5.724780353123815,6.539076098792776,0.8142957456689617,3
3904,5.842847709421435,6.539076098792776,0.696228389371341,2
3905,5.935243158549104,6.539076098792776,0.603832940243672,10
3906,5.594109424851825,6.008600171761918,0.4144907469100927,3
3907,5.729817142371224,6.008600171761918,0.2787830293906941,8
3908,5.880558210558222,6.008600171761918,0.12804196120369582,2
3909,5.969670744264145,6.008600171761918,0.03892942749777273,10
3910,6.13416808264644,6.008600171761918,-0.1255679108845218,9
3911,5.865223414038795,6.008600171761918,0.1433767577231233,4
3912,5.836791345029375,6.008600171761918,0.17180882673254327,1
3913,5.654562199667802,6.008600171761918,0.35403797209411625,5
3914,6.0135450477433166,6.008600171761918,-0.004944875981398589,7
3915,6.240508284151096,6.113943352306837,-0.12656493184425877,10
3916,6.316324540775477,6.113943352306837,-0.20238118846863973,8
3917,6.2447313782286376,6.113943352306837,-0.1307880259218006,7
3918,6.131774655853905,6.113943352306837,-0.017831303547067634,1
3919,5.968666930985834,6.113943352306837,0.14527642132100294,3
3920,6.194991216804925,6.113943352306837,-0.0810478644980881,2
3921,6.256524042228432,6.113943352306837,-0.14258068992159512,9
3922,5.96016648394463,6.113943352306837,0.15377686836220672,5
3923,5.845225431166845,6.113943352306837,0.2687179211399924,6
3924,6.226104703551558,6.222456336679247,-0.0036483668723104046,2
3925,6.728775317903652,6.222456336679247,-0.5063189812244042,9
3926,6.33388874159128,6.222456336679247,-0.11143240491203255,10
3927,6.197885660458275,6.222456336679247,0.02457067622097231,1
3928,6.393534120793353,6.222456336679247,-0.17107778411410557,7
3929,6.30124241059483,6.222456336679247,-0.07878607391558301,4
3930,6.2817603023471476,6.222456336679247,-0.059303965667900194,8
3931,6.13327977155408,6.222456336679247,0.08917656512516725,3
3932,6.375244235874022,6.222456336679247,-0.15278789919477465,5
3933,6.151258911133947,5.276461804173244,-0.8747971069607035,10
3934,6.071091647860564,5.276461804173244,-0.7946298436873205,6
3935,6.301727581332762,5.276461804173244,-1.0252657771595182,3
3936,6.0891713315084495,5.276461804173244,-0.8127095273352056,5
3937,6.320181508366357,5.276461804173244,-1.043719704193113,4
3938,6.378042078964787,5.276461804173244,-1.1015802747915435,7
3939,6.286970063346811,5.276461804173244,-1.0105082591735668,2
3940,6.381452411717109,5.276461804173244,-1.104990607543865,8
3941,6.252287531774585,5.276461804173244,-0.9758257276013413,1
3942,6.387010468751771,6.301029995663981,-0.08598047308778956,9
3943,6.27521871337535,6.301029995663981,0.02581128228863161,8
3944,6.289903787104795,6.301029995663981,0.01112620855918589,10
3945,6.027495640465066,6.301029995663981,0.27353435519891534,6
3946,6.369888644965476,6.301029995663981,-0.06885864930149488,2
3947,6.487960424330062,6.301029995663981,-0.18693042866608067,7
3948,6.14299197499573,6.301029995663981,0.15803802066825146,3
3949,6.415121673554872,6.301029995663981,-0.11409167789089114,4
3950,6.215357129464308,6.301029995663981,0.08567286619967351,5
3951,6.347831983089718,5.275103949569196,-1.072728033520522,10
3952,5.862629994932333,5.275103949569196,-0.5875260453631368,6
3953,5.832164414905809,5.275103949569196,-0.5570604653366127,3
3954,5.913459398299632,5.275103949569196,-0.6383554487304357,5
3955,6.215180951088451,5.275103949569196,-0.9400770015192546,7
3956,5.968057110294414,5.275103949569196,-0.6929531607252182,8
3957,6.0348845387324745,5.275103949569196,-0.7597805891632783,1
3958,6.1143793494683045,5.275103949569196,-0.8392753998991083,4
3959,6.696889464920955,5.275103949569196,-1.4217855153517585,9
3960,6.624596405882837,6.884795363948981,0.2601989580661437,8
3961,5.651890388904807,6.884795363948981,1.2329049750441738,10
3962,6.020718423980883,6.884795363948981,0.8640769399680979,1
3963,6.0705005404086725,6.884795363948981,0.8142948235403082,4
3964,5.888011025386346,6.884795363948981,0.9967843385626347,2
3965,5.967069443918578,6.884795363948981,0.9177259200304029,6
3966,5.7891426863526085,6.884795363948981,1.0956526775963722,9
3967,6.061130551624654,6.884795363948981,0.8236648123243269,7
3968,6.5998020215557665,6.884795363948981,0.2849933423932143,3
3969,6.649309084703627,6.849419413796899,0.2001103290932722,3
3970,6.577255936854628,6.849419413796899,0.2721634769422714,6
3971,6.731082755613961,6.849419413796899,0.1183366581829377,4
3972,6.973249934485372,6.849419413796899,-0.12383052068847267,5
3973,6.752759850124534,6.849419413796899,0.0966595636723655,1
3974,6.639937747935612,6.849419413796899,0.20948166586128725,7
3975,6.700664445268901,6.849419413796899,0.14875496852799852,2
3976,6.692185924280365,6.849419413796899,0.1572334895165337,8
3977,6.8243486215646225,6.849419413796899,0.025070792232276595,10
3978,6.823648136570442,6.7979596437371965,-0.025688492833245036,9
3979,6.648778126797366,6.7979596437371965,0.14918151693983095,8
3980,6.720451838264171,6.7979596437371965,0.07750780547302583,10
3981,6.624654095422574,6.7979596437371965,0.1733055483146222,6
3982,6.649820259521266,6.7979596437371965,0.14813938421593065,2
3983,6.582194710969722,6.7979596437371965,0.21576493276747488,3
3984,6.655198439437825,6.7979596437371965,0.14276120429937134,7
3985,6.698113317545308,6.7979596437371965,0.09984632619188893,1
3986,6.6389089257729355,6.7979596437371965,0.15905071796426107,4
3987,6.628013216939755,7.505149978319906,0.8771367613801511,1
3988,6.6119258015481215,7.505149978319906,0.8932241767717848,2
3989,6.596312300795237,7.505149978319906,0.9088376775246694,4
3990,6.712032161104358,7.505149978319906,0.7931178172155482,10
3991,6.820762322756841,7.505149978319906,0.6843876555630652,5
3992,6.340036859714909,7.505149978319906,1.1651131186049977,6
3993,6.499807064205436,7.505149978319906,1.00534291411447,3
3994,6.827747929872368,7.505149978319906,0.6774020484475383,9
3995,6.4711236729960895,7.505149978319906,1.0340263053238168,7
3996,6.340723000309476,6.517723594833735,0.17700059452425965,3
3997,6.542917891522717,6.517723594833735,-0.025194296688981765,1
3998,6.514637152165332,6.517723594833735,0.0030864426684029667,9
3999,6.55665917025383,6.517723594833735,-0.03893557542009507,5
4000,6.553341624113858,6.517723594833735,-0.0356180292801227,6
4001,6.462962903708798,6.517723594833735,0.054760691124937644,10
4002,6.323559805166336,6.517723594833735,0.19416378966739956,2
4003,6.609500355307481,6.517723594833735,-0.09177676047374561,8
4004,6.458965235787113,6.517723594833735,0.05875835904662274,4
4005,6.637764384999409,6.6349808000512285,-0.0027835849481805397,8
4006,6.245874089381758,6.6349808000512285,0.3891067106694708,10
4007,6.183552293793802,6.6349808000512285,0.45142850625742614,9
4008,6.132817829730962,6.6349808000512285,0.5021629703202661,7
4009,6.2227334016923805,6.6349808000512285,0.41224739835884794,4
4010,6.297513187784008,6.6349808000512285,0.3374676122672202,5
4011,6.478760885734243,6.6349808000512285,0.1562199143169858,3
4012,6.277093404471036,6.6349808000512285,0.35788739558019245,1
4013,6.0813579198589185,6.6349808000512285,0.55362288019231,2
4014,6.474859208411178,6.6452748593294935,0.1704156509183159,5
4015,6.493889817395334,6.6452748593294935,0.15138504193415958,1
4016,6.56280881307913,6.6452748593294935,0.08246604625036369,7
4017,6.43312774504842,6.6452748593294935,0.21214711428107336,4
4018,6.401121376374879,6.6452748593294935,0.2441534829546148,3
4019,6.395654564408566,6.6452748593294935,0.24962029492092785,9
4020,6.341075543345514,6.6452748593294935,0.3041993159839791,10
4021,6.380727580992122,6.6452748593294935,0.26454727833737124,2
4022,6.4863902987138955,6.6452748593294935,0.15888456061559797,8
4023,5.379279322757239,6.270678836144707,0.8913995133874675,9
4024,5.641942639433338,6.270678836144707,0.6287361967113689,5
4025,5.583205214518258,6.270678836144707,0.6874736216264488,3
4026,5.646158745698738,6.270678836144707,0.6245200904459685,6
4027,5.609740827830157,6.270678836144707,0.6609380083145497,7
4028,5.381983373672579,6.270678836144707,0.8886954624721275,10
4029,5.6903657796102145,6.270678836144707,0.580313056534492,1
4030,5.485759256639803,6.270678836144707,0.784919579504904,2
4031,6.118065557094104,6.270678836144707,0.15261327905060273,8
4032,6.456260966930631,6.024895960107485,-0.43136500682314605,10
4033,6.492056661232964,6.024895960107485,-0.46716070112547925,4
4034,6.513615574689163,6.024895960107485,-0.4887196145816777,9
4035,6.537366241445246,6.024895960107485,-0.5124702813377606,7
4036,6.540368412837323,6.024895960107485,-0.5154724527298384,3
4037,6.531411073409547,6.024895960107485,-0.5065151133020622,8
4038,6.61135121035722,6.024895960107485,-0.5864552502497347,5
4039,6.529687202107713,6.024895960107485,-0.5047912420002278,1
4040,6.438439761302826,6.024895960107485,-0.41354380119534095,2
4041,6.421105413743906,7.385606273598312,0.9645008598544065,9
4042,6.3635535409034905,7.385606273598312,1.0220527326948217,10
4043,6.522114089336426,7.385606273598312,0.8634921842618866,1
4044,6.4979978630482025,7.385606273598312,0.8876084105501096,3
4045,6.492123648411472,7.385606273598312,0.8934826251868397,6
4046,6.514570661897433,7.385606273598312,0.8710356117008793,8
4047,6.459604261042137,7.385606273598312,0.9260020125561752,4
4048,6.541951048838094,7.385606273598312,0.8436552247602185,5
4049,6.4131652281042335,7.385606273598312,0.9724410454940786,2
4050,6.6389089257729355,6.284453294010853,-0.3544556317620824,4
4051,6.624654095422574,6.284453294010853,-0.34020080141172127,6
4052,6.649820259521266,6.284453294010853,-0.3653669655104128,2
4053,6.655198439437825,6.284453294010853,-0.3707451454269721,7
4054,6.823648136570442,6.284453294010853,-0.5391948425595885,9
4055,6.582194710969722,6.284453294010853,-0.2977414169588686,3
4056,6.8441442334210745,6.284453294010853,-0.5596909394102214,5
4057,6.720451838264171,6.284453294010853,-0.43599854425331763,10
4058,6.648778126797366,6.284453294010853,-0.3643248327865125,8
4059,6.545766410191971,6.501059262217751,-0.044707147974219374,5
4060,6.5149412466425245,6.501059262217751,-0.013881984424773286,7
4061,6.624465183392622,6.501059262217751,-0.12340592117487059,3
4062,6.614413426698402,6.501059262217751,-0.11335416448065061,6
4063,6.569931351374502,6.501059262217751,-0.06887208915675114,8
4064,6.490879897141336,6.501059262217751,0.010179365076415259,9
4065,6.461566961638344,6.501059262217751,0.03949230057940678,4
4066,6.539869264266386,6.501059262217751,-0.03881000204863483,1
4067,6.433728657074907,6.501059262217751,0.06733060514284439,10
4068,6.194427450099278,6.501059262217751,0.30663181211847323,7
4069,6.12744542239086,6.501059262217751,0.37361383982689134,2
4070,6.222846309946327,6.501059262217751,0.2782129522714243,1
4071,6.2202009786282355,6.501059262217751,0.2808582835895157,5
4072,6.195494034854057,6.501059262217751,0.3055652273636946,4
4073,6.251113307033755,6.501059262217751,0.2499459551839962,8
4074,6.164738324208362,6.501059262217751,0.336320938009389,6
4075,6.154330602426253,6.501059262217751,0.3467286597914985,10
4076,6.172665388001415,6.501059262217751,0.3283938742163359,3
4077,6.56280881307913,6.7160033436348,0.15319453055567056,7
4078,6.395654564408566,6.7160033436348,0.3203487792262347,9
4079,6.4863902987138955,6.7160033436348,0.22961304492090484,8
4080,6.341075543345514,6.7160033436348,0.37492780028928596,10
4081,6.493889817395334,6.7160033436348,0.22211352623946645,1
4082,6.474859208411178,6.7160033436348,0.24114413522362277,5
4083,6.401121376374879,6.7160033436348,0.3148819672599217,3
4084,6.43312774504842,6.7160033436348,0.28287559858638023,4
4085,6.527247457752362,6.7160033436348,0.18875588588243808,6
4086,6.423545407488987,6.3979400086720375,-0.025605398816949787,10
4087,6.303572895741829,6.3979400086720375,0.09436711293020839,3
4088,6.444627255017562,6.3979400086720375,-0.04668724634552479,5
4089,6.497340124750387,6.3979400086720375,-0.09940011607834975,9
4090,6.373957297277106,6.3979400086720375,0.023982711394931577,4
4091,6.437950639417575,6.3979400086720375,-0.040010630745537235,8
4092,6.479173422696819,6.3979400086720375,-0.08123341402478168,1
4093,6.339698076503138,6.3979400086720375,0.05824193216889917,2
4094,6.358587751318329,6.3979400086720375,0.039352257353708175,6
4095,6.373671601609248,6.2716557723522754,-0.10201582925697217,4
4096,6.3829480029564944,6.2716557723522754,-0.111292230604219,8
4097,6.413034739414513,6.2716557723522754,-0.14137896706223785,7
4098,6.344693144383652,6.2716557723522754,-0.07303737203137661,2
4099,6.411847028276491,6.2716557723522754,-0.14019125592421577,9
4100,6.416239331182603,6.2716557723522754,-0.1445835588303277,5
4101,6.266676372750518,6.2716557723522754,0.004979399601757528,6
4102,6.255030647904311,6.2716557723522754,0.016625124447964268,3
4103,6.478230190782086,6.2716557723522754,-0.2065744184298106,1
4104,5.815972678443754,6.269512944217916,0.45354026577416207,6
4105,6.184043866350501,6.269512944217916,0.08546907786741542,5
4106,6.312679625492698,6.269512944217916,-0.04316668127478174,3
4107,6.267091355688849,6.269512944217916,0.0024215885290672645,2
4108,6.212560629173206,6.269512944217916,0.05695231504471021,10
4109,6.226893956904954,6.269512944217916,0.0426189873129621,1
4110,5.810485011598101,6.269512944217916,0.459027932619815,8
4111,6.294584204680717,6.269512944217916,-0.02507126046280117,9
4112,6.130794245586488,6.269512944217916,0.13871869863142816,4
4113,6.106721210009226,6.32221929473392,0.21549808472469412,9
4114,6.470362054307916,6.32221929473392,-0.1481427595739957,2
4115,6.767427154234592,6.32221929473392,-0.44520785950067143,8
4116,6.436568356906,6.32221929473392,-0.11434906217207974,3
4117,6.528463859793315,6.32221929473392,-0.2062445650593947,7
4118,6.363884565442379,6.32221929473392,-0.04166527070845838,5
4119,6.584797671502581,6.32221929473392,-0.26257837676866025,1
4120,6.454723993260612,6.32221929473392,-0.13250469852669156,4
4121,6.081500485422145,6.32221929473392,0.24071880931177514,10
4122,6.125062655585792,5.337459261290656,-0.7876033942951359,9
4123,6.4599137605375905,5.337459261290656,-1.1224544992469347,6
4124,6.591913334779661,5.337459261290656,-1.254454073489005,8
4125,6.2007546914292435,5.337459261290656,-0.8632954301385878,2
4126,6.0119063785319575,5.337459261290656,-0.6744471172413018,10
4127,6.274139273330451,5.337459261290656,-0.9366800120397949,5
4128,6.569474867173561,5.337459261290656,-1.2320156058829053,1
4129,6.270277612739977,5.337459261290656,-0.9328183514493213,3
4130,6.36080092381158,5.337459261290656,-1.0233416625209246,7
4131,6.269696785593896,6.755874855672492,0.48617807007859604,9
4132,6.4520153351105956,6.755874855672492,0.3038595205618968,1
4133,6.3343988052157965,6.755874855672492,0.4214760504566959,7
4134,6.346737863023486,6.755874855672492,0.4091369926490067,4
4135,6.345682863496989,6.755874855672492,0.41019199217550373,3
4136,6.440211926791092,6.755874855672492,0.3156629288814008,6
4137,6.2597937982179666,6.755874855672492,0.4960810574545258,5
4138,6.229466830275728,6.755874855672492,0.5264080253967647,2
4139,6.278266195765363,6.755874855672492,0.477608659907129,8
4140,6.4520153351105956,6.596047007545439,0.14403167243484383,1
4141,6.269696785593896,6.596047007545439,0.32635022195154306,9
4142,6.346737863023486,6.596047007545439,0.24930914452195374,4
4143,6.229466830275728,6.596047007545439,0.3665801772697117,2
4144,6.193719056854557,6.596047007545439,0.4023279506908821,10
4145,6.345682863496989,6.596047007545439,0.25036414404845075,3
4146,6.2597937982179666,6.596047007545439,0.3362532093274728,5
4147,6.278266195765363,6.596047007545439,0.317780811780076,8
4148,6.440211926791092,6.596047007545439,0.15583508075434782,6
4149,6.354472470372562,6.372912002970106,0.018439532597544606,5
4150,6.181191914570615,6.372912002970106,0.1917200883994914,10
4151,6.249101844254809,6.372912002970106,0.12381015871529755,3
4152,6.395818221600758,6.372912002970106,-0.02290621863065212,8
4153,6.449294225600637,6.372912002970106,-0.07638222263053063,7
4154,6.319922927832798,6.372912002970106,0.052989075137308106,6
4155,6.21463188354303,6.372912002970106,0.15828011942707665,9
4156,6.47390920110849,6.372912002970106,-0.10099719813838348,1
4157,6.3194532815032565,6.372912002970106,0.05345872146684982,2
4158,6.332741861441005,4.484299839346786,-1.8484420220942193,4
4159,6.28153339280406,4.484299839346786,-1.797233553457274,5
4160,6.170011788968079,4.484299839346786,-1.6857119496212931,3
4161,6.266854924655247,4.484299839346786,-1.782555085308461,2
4162,6.0969799018802595,4.484299839346786,-1.6126800625334736,10
4163,6.113772832976852,4.484299839346786,-1.629472993630066,9
4164,6.312045115992972,4.484299839346786,-1.8277452766461861,8
4165,6.381809647322283,4.484299839346786,-1.8975098079754975,7
4166,6.223864092449225,4.484299839346786,-1.7395642531024391,6
4167,6.4240171441399,6.227886704613674,-0.19613043952622622,8
4168,6.336164819107094,6.227886704613674,-0.1082781144934204,4
4169,6.194868858063212,6.227886704613674,0.033017846550461805,10
4170,6.40751122986717,6.227886704613674,-0.17962452525349626,7
4171,6.346516157157364,6.227886704613674,-0.11862945254368995,2
4172,6.406942831373574,6.227886704613674,-0.17905612675990046,1
4173,6.252455650845964,6.227886704613674,-0.024568946232290223,6
4174,6.307442892349876,6.227886704613674,-0.07955618773620188,3
4175,6.359724303164019,6.227886704613674,-0.13183759855034527,5
4176,5.76838808744387,6.477121254719663,0.7087331672757928,9
4177,6.273270179995009,6.477121254719663,0.20385107472465336,8
4178,6.050004468897268,6.477121254719663,0.42711678582239454,6
4179,5.828970863458835,6.477121254719663,0.6481503912608275,7
4180,5.943895017138517,6.477121254719663,0.5332262375811458,4
4181,5.8479671890957645,6.477121254719663,0.6291540656238981,5
4182,5.699777467571961,6.477121254719663,0.7773437871477018,10
4183,5.87494328768421,6.477121254719663,0.6021779670354528,1
4184,5.969712474950755,6.477121254719663,0.507408779768908,3
4185,5.707386551227062,6.079181246047625,0.37179469482056327,3
4186,5.7437158403725626,6.079181246047625,0.33546540567506256,10
4187,5.71354263922426,6.079181246047625,0.36563860682336546,2
4188,5.835057168191599,6.079181246047625,0.24412407785602586,9
4189,5.823929201762745,6.079181246047625,0.25525204428488024,5
4190,5.908988935169002,6.079181246047625,0.1701923108786234,1
4191,5.822538943947939,6.079181246047625,0.25664230209968597,4
4192,5.911335074791047,6.079181246047625,0.16784617125657775,7
4193,5.693389781777715,6.079181246047625,0.38579146426990985,8
4194,6.42876410450564,6.3979400086720375,-0.03082409583360235,8
4195,6.2587494351098085,6.3979400086720375,0.13919057356222897,3
4196,5.9618347432070475,6.3979400086720375,0.43610526546498996,9
4197,6.170696891728806,6.3979400086720375,0.22724311694323163,7
4198,6.032410134700109,6.3979400086720375,0.36552987397192815,2
4199,6.118053307321877,6.3979400086720375,0.27988670135016047,4
4200,6.099679917459143,6.3979400086720375,0.2982600912128941,6
4201,6.230316217485144,6.3979400086720375,0.16762379118689363,1
4202,6.14078080189005,6.3979400086720375,0.25715920678198767,5
4203,5.492421068367577,4.742725131304698,-0.7496959370628788,10
4204,5.5046690590919525,4.742725131304698,-0.7619439277872546,7
4205,5.430621917944042,4.742725131304698,-0.6878967866393442,9
4206,5.593651004388345,4.742725131304698,-0.8509258730836473,1
4207,5.434537280491574,4.742725131304698,-0.6918121491868758,8
4208,5.241077216244552,4.742725131304698,-0.49835208493985395,2
4209,5.48938601524364,4.742725131304698,-0.7466608839389419,3
4210,5.4994514111012265,4.742725131304698,-0.7567262797965286,4
4211,5.462982400367088,4.742725131304698,-0.7202572690623903,6
4212,6.229534578541087,6.278753600952829,0.0492190224117417,3
4213,6.362552077564975,6.278753600952829,-0.08379847661214601,1
4214,6.066613409447852,6.278753600952829,0.21214019150497698,10
4215,6.117080797102076,6.278753600952829,0.16167280385075244,2
4216,6.114249115384456,6.278753600952829,0.16450448556837305,6
4217,6.22939001344123,6.278753600952829,0.04936358751159897,7
4218,6.207466461547248,6.278753600952829,0.07128713940558118,5
4219,6.055761610747786,6.278753600952829,0.2229919902050428,9
4220,6.5265913937303255,6.278753600952829,-0.24783779277749662,8
4221,6.417531747783296,6.380211241711606,-0.037320506071689685,3
4222,6.3921002591996645,6.380211241711606,-0.011889017488058151,1
4223,6.33333485527209,6.380211241711606,0.04687638643951608,7
4224,6.5083775381317865,6.380211241711606,-0.12816629642018018,8
4225,5.983736583540612,6.380211241711606,0.3964746581709946,10
4226,6.320047341944696,6.380211241711606,0.060163899766910056,4
4227,6.178925574290251,6.380211241711606,0.201285667421355,2
4228,6.377361292898892,6.380211241711606,0.0028499488127140538,6
4229,6.310602377188993,6.380211241711606,0.06960886452261317,5
4230,6.4039767814279225,5.4446692309385245,-0.959307550489398,4
4231,6.374452799300614,5.4446692309385245,-0.9297835683620894,1
4232,6.324398310951547,5.4446692309385245,-0.8797290800130222,6
4233,6.457896195355306,5.4446692309385245,-1.0132269644167815,7
4234,6.162600015677641,5.4446692309385245,-0.7179307847391163,9
4235,6.166813474314894,5.4446692309385245,-0.7221442433763698,10
4236,6.244867541165063,5.4446692309385245,-0.8001983102265386,3
4237,6.368647486196314,5.4446692309385245,-0.9239782552577891,5
4238,6.2242896875613525,5.4446692309385245,-0.779620456622828,2
4239,6.362828602996369,6.43695733066945,0.07412872767308087,6
4240,6.474416422865822,6.43695733066945,-0.037459092196372445,7
4241,6.500087044533364,6.43695733066945,-0.06312971386391464,8
4242,6.26819761311204,6.43695733066945,0.1687597175574096,9
4243,6.380850875888851,6.43695733066945,0.056106454780598725,4
4244,6.42655014905852,6.43695733066945,0.010407181610929683,5
4245,6.371986798342678,6.43695733066945,0.06497053232677175,2
4246,6.220085095071823,6.43695733066945,0.21687223559762625,10
4247,6.411052128019525,6.43695733066945,0.02590520264992424,3
4248,6.506000665652208,6.063145637106638,-0.44285502854557013,1
4249,6.451928842478338,6.063145637106638,-0.3887832053717002,6
4250,6.467028392342266,6.063145637106638,-0.4038827552356281,7
4251,6.393901940026676,6.063145637106638,-0.33075630292003755,8
4252,6.317876225440962,6.063145637106638,-0.2547305883343238,10
4253,6.335616755549087,6.063145637106638,-0.2724711184424491,2
4254,6.395717703097616,6.063145637106638,-0.3325720659909779,4
4255,6.372230160153384,6.063145637106638,-0.30908452304674583,3
4256,6.348040658848997,6.063145637106638,-0.2848950217423587,5
4257,6.406507413957469,6.442479769064448,0.03597235510697949,7
4258,6.416019656081928,6.442479769064448,0.02646011298252038,1
4259,6.317081188749849,6.442479769064448,0.1253985803145996,6
4260,6.27124236213099,6.442479769064448,0.17123740693345813,10
4261,6.333311152949123,6.442479769064448,0.10916861611532536,2
4262,6.333725032812853,6.442479769064448,0.10875473625159504,4
4263,6.350366825783573,6.442479769064448,0.09211294328087494,5
4264,6.362009592422212,6.442479769064448,0.08047017664223599,3
4265,6.244786721657745,6.442479769064448,0.19769304740670357,9
4266,6.4708007736397395,6.645324001562293,0.17452322792255348,8
4267,6.171412801458572,6.645324001562293,0.47391120010372134,5
4268,6.277363871652677,6.645324001562293,0.3679601299096156,1
4269,6.235011576150398,6.645324001562293,0.4103124254118953,4
4270,6.280183770767391,6.645324001562293,0.36514023079490165,3
4271,6.265022711988735,6.645324001562293,0.38030128957355824,7
4272,6.251171755798441,6.645324001562293,0.394152245763852,9
4273,6.154935098952707,6.645324001562293,0.49038890260958556,2
4274,6.316603033286575,6.645324001562293,0.32872096827571795,6
4275,6.21712526045223,5.373500477967874,-0.8436247824843557,3
4276,6.1583912277991475,5.373500477967874,-0.7848907498312734,4
4277,6.205010967136378,5.373500477967874,-0.8315104891685037,5
4278,6.223836719583525,5.373500477967874,-0.8503362416156506,6
4279,6.313964766756054,5.373500477967874,-0.9404642887881796,8
4280,6.2797749112420265,5.373500477967874,-0.9062744332741524,1
4281,6.230553584082816,5.373500477967874,-0.8570531061149422,9
4282,6.176606068995347,5.373500477967874,-0.8031055910274727,10
4283,6.1233651965977955,5.373500477967874,-0.7498647186299214,2
4284,6.2470067121353035,6.477121254719663,0.23011454258435915,9
4285,6.045001486421557,6.477121254719663,0.4321197682981053,2
4286,6.1205755238831925,6.477121254719663,0.3565457308364701,3
4287,6.216412296069653,6.477121254719663,0.2607089586500093,10
4288,6.108597413843644,6.477121254719663,0.3685238408760183,4
4289,6.120330058537187,6.477121254719663,0.3567911961824759,5
4290,6.140397990018742,6.477121254719663,0.33672326470092084,1
4291,6.188766739352153,6.477121254719663,0.28835451536750956,6
4292,6.190922219535892,6.477121254719663,0.28619903518377043,7
4293,5.854695826806714,5.283301228703549,-0.571394598103165,3
4294,5.951065609998007,5.283301228703549,-0.6677643812944574,7
4295,5.938898369101658,5.283301228703549,-0.6555971403981085,6
4296,5.616646207929611,5.283301228703549,-0.33334497922606143,10
4297,5.840533515563028,5.283301228703549,-0.5572322868594783,8
4298,5.614228654912585,5.283301228703549,-0.33092742620903604,2
4299,5.727653539543195,5.283301228703549,-0.4443523108396459,5
4300,5.632261519470641,5.283301228703549,-0.3489602907670921,9
4301,5.92117996709401,5.283301228703549,-0.6378787383904605,1
4302,5.388232281680078,6.176091259055681,0.7878589773756035,4
4303,5.32049700148029,6.176091259055681,0.8555942575753912,8
4304,5.290338531076357,6.176091259055681,0.885752727979324,9
4305,5.3316304144173605,6.176091259055681,0.8444608446383208,5
4306,5.2466832486644615,6.176091259055681,0.9294080103912199,10
4307,5.540805286785222,6.176091259055681,0.6352859722704594,7
4308,5.197012155873326,6.176091259055681,0.9790791031823556,2
4309,5.495177355334624,6.176091259055681,0.6809139037210574,1
4310,5.4522972022676806,6.176091259055681,0.7237940567880008,6
4311,6.0739676442273955,6.57978359661681,0.5058159523894146,1
4312,6.058320586837725,6.57978359661681,0.5214630097790849,5
4313,6.17986864783572,6.57978359661681,0.39991494878109,10
4314,5.9443385208935355,6.57978359661681,0.6354450757232746,6
4315,6.216985969653258,6.57978359661681,0.3627976269635518,7
4316,5.85950261194991,6.57978359661681,0.7202809846668998,3
4317,6.1362889360296595,6.57978359661681,0.4434946605871506,4
4318,6.305338508312298,6.57978359661681,0.2744450883045122,9
4319,6.1531928380511,6.57978359661681,0.4265907585657098,8
4320,6.1165955176958064,5.845098040014257,-0.2714974776815495,10
4321,6.083599603186171,5.845098040014257,-0.23850156317191384,2
4322,6.205894500079061,5.845098040014257,-0.3607964600648037,9
4323,6.116107366875965,5.845098040014257,-0.27100932686170776,5
4324,5.9575878679580665,5.845098040014257,-0.11248982794380957,3
4325,6.254976879828737,5.845098040014257,-0.40987883981448014,7
4326,6.194171643534565,5.845098040014257,-0.34907360352030814,4
4327,6.117313889029236,5.845098040014257,-0.2722158490149793,1
4328,6.299231239574081,5.845098040014257,-0.45413319955982434,8
4329,5.391235513903027,5.62797998982998,0.2367444759269528,9
4330,5.554958872870435,5.62797998982998,0.07302111695954494,1
4331,5.678314796892638,5.62797998982998,-0.050334807062658804,4
4332,5.593537242759539,5.62797998982998,0.03444274707044048,5
4333,5.596524109908528,5.62797998982998,0.03145587992145149,6
4334,5.773284757887777,5.62797998982998,-0.14530476805779724,8
4335,5.469629374690565,5.62797998982998,0.1583506151394145,3
4336,5.30344496423589,5.62797998982998,0.32453502559408953,10
4337,5.478419075579353,5.62797998982998,0.14956091425062645,7
4338,6.008437529604524,6.146128035678238,0.13769050607371458,9
4339,5.85337796686646,6.146128035678238,0.29275006881177834,4
4340,5.810758717551079,6.146128035678238,0.3353693181271593,5
4341,5.709184317461257,6.146128035678238,0.4369437182169813,3
4342,5.920106323533445,6.146128035678238,0.22602171214479316,7
4343,5.908246278757285,6.146128035678238,0.23788175692095326,10
4344,6.017738985066969,6.146128035678238,0.12838905061126926,8
4345,5.8780518837949485,6.146128035678238,0.2680761518832897,6
4346,5.867092295802241,6.146128035678238,0.2790357398759973,1
4347,5.544852078667756,6.528736777724652,0.9838846990568957,5
4348,5.697377054263058,6.528736777724652,0.8313597234615937,7
4349,5.323196962605797,6.528736777724652,1.205539815118855,10
4350,5.524502439249632,6.528736777724652,1.0042343384750199,2
4351,5.702701693743195,6.528736777724652,0.8260350839814574,4
4352,5.479770117400952,6.528736777724652,1.0489666603236998,9
4353,5.758407393544528,6.528736777724652,0.7703293841801244,8
4354,5.831981530295112,6.528736777724652,0.6967552474295404,6
4355,5.79648423379217,6.528736777724652,0.7322525439324821,3
4356,6.188718949937978,6.32221929473392,0.13350034479594264,1
4357,6.220036313950975,6.32221929473392,0.10218298078294552,3
4358,6.021760292576394,6.32221929473392,0.30045900215752663,2
4359,6.11973906752055,6.32221929473392,0.20248022721337033,7
4360,6.028739252439961,6.32221929473392,0.2934800422939592,5
4361,6.0662626033751605,6.32221929473392,0.25595669135875987,4
4362,6.5820416858277655,6.32221929473392,-0.2598223910938451,8
4363,6.009885387005142,6.32221929473392,0.3123339077287781,9
4364,6.15732666154321,6.32221929473392,0.16489263319071057,6
4365,6.2934850803716476,6.184691430817598,-0.10879364955404913,2
4366,6.132687965979632,6.184691430817598,0.05200346483796636,9
4367,6.50734242401875,6.184691430817598,-0.32265099320115187,7
4368,6.456357440001273,6.184691430817598,-0.2716660091836749,4
4369,6.443470609252497,6.184691430817598,-0.2587791784348985,1
4370,6.509203207613303,6.184691430817598,-0.3245117767957044,8
4371,6.4179860351891165,6.184691430817598,-0.23329460437151806,5
4372,6.1492134637424005,6.184691430817598,0.0354779670751979,10
4373,6.423022174727313,6.184691430817598,-0.23833074390971465,6
4374,6.062486204225998,6.6020599913279625,0.5395737871019648,6
4375,6.197904546439241,6.6020599913279625,0.4041554448887217,9
4376,6.259189285269395,6.6020599913279625,0.3428707060585676,8
4377,6.230315791523647,6.6020599913279625,0.37174419980431583,4
4378,6.111662641599855,6.6020599913279625,0.49039734972810756,10
4379,6.039044651709629,6.6020599913279625,0.5630153396183335,3
4380,6.153825180946607,6.6020599913279625,0.44823481038135515,5
4381,6.288027223593591,6.6020599913279625,0.3140327677343713,7
4382,6.154150129640992,6.6020599913279625,0.4479098616869708,1
4383,6.1554727295391904,5.900312496983727,-0.25516023255546383,9
4384,6.119687533706202,5.900312496983727,-0.21937503672247516,2
4385,6.169192347846303,5.900312496983727,-0.26887985086257604,5
4386,6.291018737170766,5.900312496983727,-0.3907062401870398,7
4387,6.156451267485481,5.900312496983727,-0.2561387705017548,4
4388,6.251049951783114,5.900312496983727,-0.3507374547993871,1
4389,6.141925992513479,5.900312496983727,-0.24161349552975242,10
4390,6.116745308461706,5.900312496983727,-0.21643281147797921,6
4391,6.124678249628389,5.900312496983727,-0.22436575264466274,3
4392,5.6213541173032935,6.108226656374929,0.4868725390716353,3
4393,5.775642907200631,6.108226656374929,0.3325837491742982,2
4394,5.947965459656855,6.108226656374929,0.16026119671807404,7
4395,5.845261963082458,6.108226656374929,0.26296469329247074,8
4396,5.8698870479057925,6.108226656374929,0.23833960846913627,4
4397,5.908440361649391,6.108226656374929,0.19978629472553777,1
4398,5.86853549526618,6.108226656374929,0.2396911611087491,10
4399,5.772642285103941,6.108226656374929,0.33558437127098806,5
4400,5.64998051363012,6.108226656374929,0.4582461427448088,6
4401,5.951416519444519,6.385606273598312,0.4341897541537927,10
4402,6.095845669976552,6.385606273598312,0.2897606036217599,4
4403,6.01741908391813,6.385606273598312,0.3681871896801825,2
4404,5.995927671236877,6.385606273598312,0.38967860236143537,5
4405,6.116898278489854,6.385606273598312,0.2687079951084579,6
4406,6.2474986020859085,6.385606273598312,0.13810767151240366,3
4407,5.908366849211296,6.385606273598312,0.47723942438701616,9
4408,6.151837325254367,6.385606273598312,0.23376894834394513,1
4409,6.1086438847219675,6.385606273598312,0.2769623888763446,7
4410,5.952359608549993,6.585460729508501,0.633101120958508,4
4411,5.924064289981338,6.585460729508501,0.661396439527163,2
4412,5.787744262638257,6.585460729508501,0.7977164668702441,9
4413,5.971998014307123,6.585460729508501,0.6134627152013783,8
4414,5.848718145519561,6.585460729508501,0.7367425839889403,5
4415,5.837740098089926,6.585460729508501,0.7477206314185754,10
4416,5.963029713996412,6.585460729508501,0.6224310155120891,1
4417,5.880563536127148,6.585460729508501,0.7048971933813526,6
4418,5.975039855873456,6.585460729508501,0.6104208736350447,7
4419,5.852300340040588,6.271841606536499,0.4195412664959104,5
4420,5.77202712324988,6.271841606536499,0.4998144832866185,3
4421,5.904265315427096,6.271841606536499,0.36757629110940293,8
4422,5.934965941871618,6.271841606536499,0.3368756646648805,1
4423,5.882612767633818,6.271841606536499,0.3892288389026808,9
4424,5.838175431113458,6.271841606536499,0.4336661754230402,6
4425,5.9116033992343775,6.271841606536499,0.3602382073021211,2
4426,5.814313281792177,6.271841606536499,0.45752832474432115,10
4427,5.886308422445382,6.271841606536499,0.38553318409111625,4
4428,6.162075615659178,6.401572845676446,0.23949723001726841,6
4429,6.156635499579834,6.401572845676446,0.244937346096612,8
4430,5.9809160329537345,6.401572845676446,0.4206568127227115,3
4431,6.139859581900596,6.401572845676446,0.26171326377585036,5
4432,6.0707365794330075,6.401572845676446,0.33083626624343854,2
4433,6.1129557413922155,6.401572845676446,0.2886171042842305,9
4434,6.228711184483292,6.401572845676446,0.17286166119315372,1
4435,6.086356361197195,6.401572845676446,0.3152164844792509,4
4436,6.194804996328358,6.401572845676446,0.206767849348088,7
4437,4.930805345916515,3.724275869600789,-1.2065294763157262,5
4438,4.801612884979262,3.724275869600789,-1.0773370153784727,2
4439,4.825368206168181,3.724275869600789,-1.1010923365673921,3
4440,5.098222435714097,3.724275869600789,-1.3739465661133075,9
4441,4.999534166359861,3.724275869600789,-1.2752582967590715,7
4442,4.74727771498408,3.724275869600789,-1.0230018453832912,6
4443,4.852373313733287,3.724275869600789,-1.1280974441324982,4
4444,4.611723330788418,3.724275869600789,-0.8874474611876284,8
4445,4.89680649933757,3.724275869600789,-1.172530629736781,10
4446,5.196138238090978,6.176091259055681,0.9799530209647029,4
4447,5.380297074118191,6.176091259055681,0.7957941849374901,6
4448,5.964932109701186,6.176091259055681,0.2111591493544953,9
4449,5.277906656439747,6.176091259055681,0.8981846026159346,2
4450,5.517428561739107,6.176091259055681,0.6586626973165748,8
4451,5.3917572564982486,6.176091259055681,0.7843340025574328,7
4452,5.341194980572424,6.176091259055681,0.8348962784832574,3
4453,5.137923684628037,6.176091259055681,1.0381675744276446,10
4454,5.125192376780244,6.176091259055681,1.0508988822754377,5
4455,4.277749601278111,6.176091259055681,1.8983416577775705,4
4456,4.492691055522997,6.176091259055681,1.6834002035326847,2
4457,4.785287407988639,6.176091259055681,1.3908038510670426,8
4458,4.245423925204086,6.176091259055681,1.930667333851595,9
4459,4.325387850702316,6.176091259055681,1.8507034083533656,5
4460,4.676323859132557,6.176091259055681,1.4997673999231242,6
4461,4.352880984104636,6.176091259055681,1.8232102749510455,10
4462,4.776515631438513,6.176091259055681,1.3995756276171685,3
4463,4.656863564839308,6.176091259055681,1.5192276942163732,7
4464,6.410821044273649,6.301029995663981,-0.10979104860966782,10
4465,6.344209150720999,6.301029995663981,-0.043179155057017304,1
4466,6.263162576207322,6.301029995663981,0.03786741945665906,4
4467,6.22919998318212,6.301029995663981,0.07183001248186116,7
4468,6.06057552723077,6.301029995663981,0.24045446843321105,3
4469,6.082315084460127,6.301029995663981,0.218714911203854,6
4470,6.472091617942463,6.301029995663981,-0.17106162227848198,9
4471,6.313318113084333,6.301029995663981,-0.012288117420351519,5
4472,6.187739155137654,6.301029995663981,0.11329084052632687,2
4473,6.2188555252790705,5.04688519083771,-1.1719703344413608,5
4474,5.903747078440271,5.04688519083771,-0.8568618876025615,6
4475,5.949326708395852,5.04688519083771,-0.9024415175581426,8
4476,5.876706258211273,5.04688519083771,-0.8298210673735635,3
4477,6.082673140082356,5.04688519083771,-1.0357879492446465,7
4478,6.076614620089629,5.04688519083771,-1.029729429251919,2
4479,6.394915256563245,5.04688519083771,-1.3480300657255357,9
4480,6.167230892938666,5.04688519083771,-1.1203457021009564,1
4481,6.319882879649143,5.04688519083771,-1.272997688811433,10
4482,6.390014556137282,6.068185861746161,-0.3218286943911206,9
4483,6.0089220978743905,6.068185861746161,0.05926376387177079,3
4484,6.0227182509584996,6.068185861746161,0.045467610787661705,6
4485,6.195153663725914,6.068185861746161,-0.12696780197975244,4
4486,6.292534406815022,6.068185861746161,-0.22434854506886115,5
4487,6.35807495330075,6.068185861746161,-0.2898890915545884,8
4488,6.242573746771255,6.068185861746161,-0.1743878850250935,2
4489,6.349056409330678,6.068185861746161,-0.28087054758451657,1
4490,6.354046514037609,6.068185861746161,-0.28586065229144797,10
4491,5.766117349021529,6.181843587944773,0.41572623892324323,10
4492,6.471631083963435,6.181843587944773,-0.28978749601866216,8
4493,5.835616473191253,6.181843587944773,0.3462271147535194,2
4494,5.990664160369961,6.181843587944773,0.191179427574812,4
4495,5.974847372682896,6.181843587944773,0.20699621526187695,1
4496,5.998769985760089,6.181843587944773,0.18307360218468371,3
4497,5.654878119804023,6.181843587944773,0.5269654681407498,5
4498,5.880003311163783,6.181843587944773,0.30184027678098957,6
4499,5.825723404330762,6.181843587944773,0.3561201836140109,9
4500,6.072944697250195,6.32221929473392,0.24927459748372538,7
4501,6.210335031590411,6.32221929473392,0.11188426314350952,8
4502,6.257095722314549,6.32221929473392,0.06512357241937128,10
4503,6.274090991998606,6.32221929473392,0.04812830273531432,9
4504,6.171273516524612,6.32221929473392,0.15094577820930866,5
4505,6.118527494046388,6.32221929473392,0.20369180068753234,2
4506,6.110592122590419,6.32221929473392,0.21162717214350124,6
4507,6.062179861016642,6.32221929473392,0.260039433717278,3
4508,6.302974481811112,6.32221929473392,0.019244812922808663,1
4509,6.205114944953678,6.855525212731306,0.6504102677776284,2
4510,6.085679967436821,6.855525212731306,0.7698452452944853,3
4511,6.409670307284983,6.855525212731306,0.445854905446323,9
4512,6.425549302917775,6.855525212731306,0.42997590981353184,10
4513,6.125817387397564,6.855525212731306,0.7297078253337421,8
4514,6.323682566561625,6.855525212731306,0.5318426461696815,4
4515,6.322514451242269,6.855525212731306,0.5330107614890371,1
4516,6.038247720449481,6.855525212731306,0.8172774922818258,6
4517,6.292992510288662,6.855525212731306,0.5625327024426445,5
4518,5.6524740108167135,6.342422680822207,0.6899486700054931,2
4519,5.5266486917185444,6.342422680822207,0.8157739891036622,1
4520,5.655057516639274,6.342422680822207,0.6873651641829328,5
4521,5.762076449600074,6.342422680822207,0.5803462312221326,8
4522,5.5799103779113715,6.342422680822207,0.7625123029108352,7
4523,5.840253941121973,6.342422680822207,0.5021687397002337,9
4524,5.605776697853501,6.342422680822207,0.7366459829687058,4
4525,5.425381273059638,6.342422680822207,0.9170414077625688,3
4526,5.068687126213839,6.342422680822207,1.2737355546083675,6
4527,6.371550892937776,6.447158031342219,0.07560713840444322,7
4528,6.447743295341882,6.447158031342219,-0.0005852639996621889,10
4529,6.202952974096785,6.447158031342219,0.24420505724543418,6
4530,6.219547498505633,6.447158031342219,0.22761053283658672,3
4531,6.328823981435405,6.447158031342219,0.11833404990681462,8
4532,6.447217279357088,6.447158031342219,-5.924801486845155e-05,1
4533,6.369725386180555,6.447158031342219,0.07743264516166448,2
4534,6.502990410849857,6.447158031342219,-0.05583237950763742,9
4535,6.409562451980551,6.447158031342219,0.03759557936166846,4
4536,6.358587751318329,6.491361693834273,0.13277394251594377,6
4537,6.47917342269682,6.491361693834273,0.012188271137453022,1
4538,6.3396980765031365,6.491361693834273,0.15166361733113654,2
4539,6.423545407488987,6.491361693834273,0.0678162863452858,10
4540,6.303572895741829,6.491361693834273,0.18778879809244398,3
4541,6.437950639417575,6.491361693834273,0.053411054416698356,8
4542,6.497340124750387,6.491361693834273,-0.0059784309161141636,9
4543,6.373957297277106,6.491361693834273,0.11740439655716717,4
4544,6.444627255017562,6.491361693834273,0.0467344388167108,5
4545,5.808192279244107,6.32221929473392,0.5140270154898134,3
4546,6.214793541415838,6.32221929473392,0.10742575331808268,9
4547,5.956642646937978,6.32221929473392,0.3655766477959421,8
4548,5.9456704446347555,6.32221929473392,0.37654885009916494,6
4549,6.190247116682341,6.32221929473392,0.13197217805157901,4
4550,6.02276197033302,6.32221929473392,0.2994573244009002,2
4551,6.071162797296899,6.32221929473392,0.2510564974370215,7
4552,6.029791686033081,6.32221929473392,0.29242760870083906,10
4553,6.089640800972477,6.32221929473392,0.23257849376144346,1
4554,6.379396379837252,7.0,0.6206036201627478,9
4555,6.284160605989867,7.0,0.7158393940101329,4
4556,6.179313116278599,7.0,0.8206868837214012,7
4557,6.159598376169796,7.0,0.8404016238302043,6
4558,6.115765809169786,7.0,0.884234190830214,8
4559,6.198722200930496,7.0,0.8012777990695037,3
4560,6.239483232267547,7.0,0.7605167677324527,5
4561,6.319647391378504,7.0,0.6803526086214964,1
4562,6.262770166195358,7.0,0.7372298338046424,10
4563,6.191360707630336,6.357934847000454,0.1665741393701179,1
4564,6.125077244026792,6.357934847000454,0.2328576029736622,4
4565,6.061788970088802,6.357934847000454,0.29614587691165184,2
4566,6.135109372407259,6.357934847000454,0.22282547459319524,3
4567,6.19874846472994,6.357934847000454,0.15918638227051396,9
4568,6.19673336265747,6.357934847000454,0.16120148434298365,5
4569,6.3508865672641095,6.357934847000454,0.007048279736344476,8
4570,6.058657266621404,6.357934847000454,0.2992775803790497,7
4571,6.241109136203191,6.357934847000454,0.11682571079726323,10
4572,6.360408599637564,6.309757882316366,-0.05065071732119808,7
4573,6.457166937589976,6.309757882316366,-0.14740905527361026,5
4574,6.398486375356662,6.309757882316366,-0.08872849304029629,1
4575,6.178389888446677,6.309757882316366,0.13136799386968878,3
4576,6.54974022772483,6.309757882316366,-0.23998234540846397,9
4577,6.220716781737544,6.309757882316366,0.08904110057882164,6
4578,6.347708518618163,6.309757882316366,-0.0379506363017974,8
4579,6.346995295726584,6.309757882316366,-0.037237413410218245,2
4580,6.3883525490507145,6.309757882316366,-0.07859466673434845,4
4581,6.28959583318436,5.751510050270041,-0.5380857829143189,1
4582,6.245686782203192,5.751510050270041,-0.4941767319331509,10
4583,5.905690165156073,5.751510050270041,-0.15418011488603156,6
4584,6.2311044947306895,5.751510050270041,-0.47959444446064836,5
4585,6.200416629228084,5.751510050270041,-0.4489065789580424,4
4586,6.292432771682983,5.751510050270041,-0.540922721412942,3
4587,6.124433933592057,5.751510050270041,-0.37292388332201565,2
4588,6.110862817357644,5.751510050270041,-0.35935276708760266,7
4589,6.365001740500364,5.751510050270041,-0.6134916902303225,8
4590,5.826105354796306,6.290034611362518,0.4639292565662121,5
4591,5.826984873249476,6.290034611362518,0.4630497381130425,3
4592,5.86001884503505,6.290034611362518,0.4300157663274682,4
4593,5.932227652281747,6.290034611362518,0.3578069590807713,6
4594,5.995105425647463,6.290034611362518,0.29492918571505555,9
4595,5.579400780708945,6.290034611362518,0.7106338306535731,2
4596,5.700034964567249,6.290034611362518,0.5899996467952695,1
4597,5.708993590232428,6.290034611362518,0.5810410211300905,7
4598,6.012306274125633,6.290034611362518,0.2777283372368853,8
4599,6.300983519024987,6.301029995663981,4.647663899426391e-05,7
4600,6.312385445351342,6.301029995663981,-0.01135544968736113,9
4601,6.283520138919112,6.301029995663981,0.017509856744869268,10
4602,6.2953428996724226,6.301029995663981,0.005687095991558699,1
4603,6.333923318922689,6.301029995663981,-0.03289332325870742,4
4604,6.134365992739485,6.301029995663981,0.16666400292449612,3
4605,6.344496486529078,6.301029995663981,-0.043466490865096574,5
4606,6.123790781960004,6.301029995663981,0.17723921370397733,6
4607,6.190142712337533,6.301029995663981,0.11088728332644848,2
4608,6.598619645036578,6.073351702386901,-0.5252679426496769,4
4609,6.436956207497426,6.073351702386901,-0.36360450511052456,9
4610,6.568922592125418,6.073351702386901,-0.4955708897385165,2
4611,6.432276231690555,6.073351702386901,-0.3589245293036534,6
4612,6.450967496232998,6.073351702386901,-0.3776157938460969,3
4613,6.552897689534574,6.073351702386901,-0.4795459871476728,7
4614,6.652704670047677,6.073351702386901,-0.5793529676607756,1
4615,6.6056290736955665,6.073351702386901,-0.5322773713086653,5
4616,6.397839804870198,6.073351702386901,-0.32448810248329707,10
4617,6.361966489571398,6.057099097526547,-0.30486739204485147,10
4618,6.122425266727533,6.057099097526547,-0.06532616920098633,6
4619,6.151264635448809,6.057099097526547,-0.09416553792226257,3
4620,6.2910992677272315,6.057099097526547,-0.23400017020068464,4
4621,6.135736295500252,6.057099097526547,-0.0786371979737055,8
4622,6.285086150747722,6.057099097526547,-0.22798705322117474,7
4623,6.406474293306283,6.057099097526547,-0.34937519577973575,1
4624,6.3725837349081464,6.057099097526547,-0.3154846373815996,9
4625,6.275958766533437,6.057099097526547,-0.21885966900689002,5
4626,6.306516211877291,6.186278103445368,-0.12023810843192262,7
4627,6.377141674141884,6.186278103445368,-0.19086357069651516,8
4628,6.281643486449441,6.186278103445368,-0.09536538300407216,9
4629,6.2897514077491685,6.186278103445368,-0.10347330430380008,10
4630,6.329323291086533,6.186278103445368,-0.1430451876411647,4
4631,6.1356112875590485,6.186278103445368,0.05066681588631994,6
4632,6.306329995763828,6.186278103445368,-0.12005189231845925,5
4633,6.238774213390701,6.186278103445368,-0.05249610994533249,2
4634,6.347834646278397,6.186278103445368,-0.16155654283302834,1
4635,6.282450411053796,6.301029995663981,0.01857958461018505,9
4636,6.2654256428510235,6.301029995663981,0.03560435281295771,10
4637,6.1769209561892735,6.301029995663981,0.12410903947470775,5
4638,6.18376613507583,6.301029995663981,0.1172638605881513,7
4639,6.240651222125186,6.301029995663981,0.06037877353879484,3
4640,6.248773381176718,6.301029995663981,0.0522566144872636,1
4641,6.099898152512163,6.301029995663981,0.20113184315181787,2
4642,6.151784405617778,6.301029995663981,0.14924559004620352,4
4643,6.1337862778982855,6.301029995663981,0.1672437177656958,6
4644,6.708166560959305,6.477555332198981,-0.23061122876032414,9
4645,6.468390493179103,6.477555332198981,0.009164839019877746,8
4646,6.705864642368465,6.477555332198981,-0.2283093101694842,1
4647,6.556155961759588,6.477555332198981,-0.07860062956060698,5
4648,6.515860876407373,6.477555332198981,-0.038305544208392384,7
4649,6.608130254489504,6.477555332198981,-0.13057492229052325,10
4650,6.24910815336916,6.477555332198981,0.22844717882982124,3
4651,6.5536296106096845,6.477555332198981,-0.07607427841070358,2
4652,6.430219721930038,6.477555332198981,0.047335610268943284,6
4653,5.835484816837215,5.99563519459755,0.1601503777603348,6
4654,5.917475738402511,5.99563519459755,0.0781594561950385,9
4655,5.88433532608151,5.99563519459755,0.11129986851603935,10
4656,5.852833749102439,5.99563519459755,0.14280144549511053,7
4657,5.8817971543374385,5.99563519459755,0.11383804026011113,4
4658,5.692746661217312,5.99563519459755,0.302888533380238,2
4659,5.874119745434915,5.99563519459755,0.12151544916263468,3
4660,5.7915916971470365,5.99563519459755,0.2040434974505132,5
4661,5.8347439106977825,5.99563519459755,0.16089128389976715,1
4662,5.879504473909346,6.204119982655925,0.32461550874657874,6
4663,5.930937741218271,6.204119982655925,0.2731822414376541,10
4664,5.9489830740977245,6.204119982655925,0.2551369085582005,7
4665,6.001901881006475,6.204119982655925,0.20221810164944998,2
4666,6.197816580184301,6.204119982655925,0.006303402471623976,8
4667,6.071711656116645,6.204119982655925,0.13240832653927992,4
4668,5.989464624935915,6.204119982655925,0.21465535772000965,5
4669,6.108126191561374,6.204119982655925,0.09599379109455075,9
4670,6.263603523219406,6.204119982655925,-0.05948354056348126,1
4671,5.6194684024407255,6.089905111439398,0.4704367089986725,2
4672,5.862906187540988,6.089905111439398,0.22699892389841025,8
4673,6.057278833311955,6.089905111439398,0.03262627812744334,9
4674,5.833832545543113,6.089905111439398,0.256072565896285,5
4675,5.924148857483922,6.089905111439398,0.16575625395547622,10
4676,5.850116495545616,6.089905111439398,0.2397886158937821,1
4677,5.792015231999419,6.089905111439398,0.29788987943997913,4
4678,5.67742412576815,6.089905111439398,0.41248098567124813,3
4679,5.778749673702928,6.089905111439398,0.3111554377364705,7
4680,5.9648794829142755,5.043755126968679,-0.9211243559455964,2
4681,5.903116720342305,5.043755126968679,-0.8593615933736256,1
4682,5.702067650858189,5.043755126968679,-0.65831252388951,6
4683,5.9434825854417985,5.043755126968679,-0.8997274584731194,5
4684,5.879148120047132,5.043755126968679,-0.8353929930784529,7
4685,5.750381128440641,5.043755126968679,-0.7066260014719621,3
4686,6.134285369288716,5.043755126968679,-1.0905302423200371,9
4687,5.913884367522599,5.043755126968679,-0.8701292405539203,4
4688,5.893681502633818,5.043755126968679,-0.849926375665139,8
4689,6.114549232562556,6.394451680826216,0.27990244826365984,9
4690,6.06630320597006,6.394451680826216,0.32814847485615584,3
4691,6.051838424181295,6.394451680826216,0.34261325664492137,2
4692,5.764391008051546,6.394451680826216,0.63006067277467,5
4693,5.673315054395487,6.394451680826216,0.7211366264307291,4
4694,5.9621385823574204,6.394451680826216,0.4323130984687955,10
4695,5.839351247697724,6.394451680826216,0.5551004331284917,1
4696,5.634903269628447,6.394451680826216,0.7595484111977688,7
4697,4.918671546273868,6.394451680826216,1.4757801345523482,6
4698,4.231161628306497,3.397940008672037,-0.8332216196344597,5
4699,4.1394817747981145,3.397940008672037,-0.7415417661260775,1
4700,4.139980457498558,3.397940008672037,-0.7420404488265206,8
4701,4.499860620253214,3.397940008672037,-1.101920611581177,7
4702,3.8704847647960383,3.397940008672037,-0.47254475612400126,10
4703,3.854765832330272,3.397940008672037,-0.45682582365823476,4
4704,3.63888406018287,3.397940008672037,-0.24094405151083276,3
4705,4.041952269254509,3.397940008672037,-0.6440122605824716,9
4706,3.713648780903714,3.397940008672037,-0.31570877223167715,6
4707,5.898590065983889,6.491361693834273,0.5927716278503841,2
4708,6.239676459307453,6.491361693834273,0.25168523452682035,8
4709,6.197291025388544,6.491361693834273,0.2940706684457295,4
4710,5.959602921722044,6.491361693834273,0.5317587721122292,7
4711,5.736274195192047,6.491361693834273,0.7550874986422258,9
4712,5.839582851419242,6.491361693834273,0.6517788424150313,5
4713,5.890862006817925,6.491361693834273,0.6004996870163479,1
4714,6.132558522556888,6.491361693834273,0.35880317127738515,3
4715,5.566666534534917,6.491361693834273,0.9246951592993558,10
4716,5.863444170133498,5.078094150406411,-0.7853500197270868,4
4717,5.742066294652288,5.078094150406411,-0.6639721442458768,2
4718,5.866646630963149,5.078094150406411,-0.7885524805567377,5
4719,5.274692889709121,5.078094150406411,-0.19659873930271043,3
4720,5.864383383236259,5.078094150406411,-0.7862892328298479,7
4721,5.7038646231761,5.078094150406411,-0.6257704727696893,10
4722,5.775785782364311,5.078094150406411,-0.6976916319579001,6
4723,5.752215382103482,5.078094150406411,-0.6741212316970708,1
4724,5.715384426100736,5.078094150406411,-0.6372902756943253,8
4725,5.864418734315486,5.12057393120585,-0.7438448031096367,1
4726,5.767109035129786,5.12057393120585,-0.6465351039239362,8
4727,5.829821626833809,5.12057393120585,-0.7092476956279592,10
4728,5.892958589996396,5.12057393120585,-0.7723846587905463,6
4729,5.948511862755199,5.12057393120585,-0.8279379315493491,9
4730,5.991680662332969,5.12057393120585,-0.871106731127119,4
4731,5.464498917146643,5.12057393120585,-0.34392498594079335,3
4732,5.913977609695372,5.12057393120585,-0.793403678489522,7
4733,5.814229987257577,5.12057393120585,-0.6936560560517275,2
4734,5.284477246631215,5.548757828573704,0.26428058194248916,5
4735,5.107174571519786,5.548757828573704,0.4415832570539182,3
4736,5.166524816926302,5.548757828573704,0.3822330116474024,2
4737,5.395796463732631,5.548757828573704,0.15296136484107326,8
4738,5.421806741071634,5.548757828573704,0.12695108750206963,7
4739,5.057745530896632,5.548757828573704,0.4910122976770719,10
4740,5.288662781061431,5.548757828573704,0.26009504751227297,9
4741,5.053520570817716,5.548757828573704,0.4952372577559876,6
4742,5.112505877053502,5.548757828573704,0.4362519515202017,4
4743,5.026368898572426,5.752048447819439,0.7256795492470127,3
4744,5.330975103800511,5.752048447819439,0.4210733440189278,5
4745,5.548025636252732,5.752048447819439,0.20402281156670643,7
4746,5.335988880953614,5.752048447819439,0.4160595668658251,9
4747,5.246321163311146,5.752048447819439,0.5057272845082927,4
4748,5.486467432581564,5.752048447819439,0.26558101523787503,6
4749,5.329798775058844,5.752048447819439,0.42224967276059466,10
4750,5.728083616527324,5.752048447819439,0.023964831292114575,8
4751,5.324915877752441,5.752048447819439,0.42713257006699745,1
4752,5.030778086486258,5.698970004336019,0.6681919178497608,6
4753,5.281911940481234,5.698970004336019,0.4170580638547845,8
4754,4.992425645979747,5.698970004336019,0.7065443583562718,1
4755,5.118239620844811,5.698970004336019,0.5807303834912076,5
4756,5.283593625799998,5.698970004336019,0.4153763785360205,2
4757,4.706164636306281,5.698970004336019,0.992805368029738,3
4758,5.0007636699676885,5.698970004336019,0.6982063343683302,10
4759,5.306316190810792,5.698970004336019,0.3926538135252269,7
4760,5.219387684720002,5.698970004336019,0.47958231961601694,9
4761,4.995291205494852,5.008600171761918,0.013308966267065792,3
4762,5.218527617314085,5.008600171761918,-0.20992744555216714,6
4763,6.106043091919781,5.008600171761918,-1.0974429201578628,9
4764,5.4237276748654635,5.008600171761918,-0.4151275031035455,2
4765,6.45115344067049,5.008600171761918,-1.442553268908572,5
4766,5.620174063230673,5.008600171761918,-0.6115738914687547,7
4767,6.2809343225686085,5.008600171761918,-1.2723341508066905,10
4768,5.406418886453079,5.008600171761918,-0.39781871469116137,8
4769,5.341084465691166,5.008600171761918,-0.33248429392924805,4
4770,5.843965919856903,6.0,0.1560340801430966,4
4771,6.399871186008695,6.0,-0.39987118600869476,5
4772,5.605567190669585,6.0,0.39443280933041525,6
4773,6.232222998617224,6.0,-0.23222299861722373,9
4774,6.357574843463618,6.0,-0.3575748434636177,10
4775,5.494606824874433,6.0,0.5053931751255671,3
4776,5.821060777274096,6.0,0.17893922272590412,8
4777,5.925140218578822,6.0,0.07485978142117844,7
4778,5.830474731257407,6.0,0.16952526874259277,2
4779,5.457409155424998,4.534026106056135,-0.9233830493688631,6
4780,5.575755394642112,4.534026106056135,-1.0417292885859766,2
4781,5.583595604748173,4.534026106056135,-1.0495694986920379,1
4782,6.028604393542953,4.534026106056135,-1.494578287486818,10
4783,5.761802748394453,4.534026106056135,-1.227776642338318,7
4784,5.4685608197342646,4.534026106056135,-0.9345347136781292,8
4785,5.000959479777646,4.534026106056135,-0.46693337372151067,3
4786,5.578587446740886,4.534026106056135,-1.0445613406847505,4
4787,6.03130271144146,4.534026106056135,-1.4972766053853244,9
4788,5.582674801230279,6.164352855784437,0.5816780545541578,2
4789,6.094339164960425,6.164352855784437,0.07001369082401254,5
4790,5.655988643312159,6.164352855784437,0.5083642124722783,7
4791,6.178930351748655,6.164352855784437,-0.014577495964218201,8
4792,5.8987581639670035,6.164352855784437,0.26559469181743367,9
4793,5.296056893250175,6.164352855784437,0.8682959625342619,3
4794,5.926862766830958,6.164352855784437,0.23749008895347945,10
4795,5.720112954586274,6.164352855784437,0.4442399011981628,1
4796,5.574872032021729,6.164352855784437,0.5894808237627078,6
4797,6.153668035394574,6.552668216112194,0.39900018071761956,7
4798,6.367991325241567,6.552668216112194,0.18467689087062666,10
4799,6.038540276559134,6.552668216112194,0.5141279395530596,2
4800,6.159183899146743,6.552668216112194,0.3934843169654503,1
4801,6.153781226976547,6.552668216112194,0.39888698913564635,8
4802,6.4089542101197585,6.552668216112194,0.1437140059924351,9
4803,6.0993942130221255,6.552668216112194,0.45327400309006816,3
4804,6.14243227972201,6.552668216112194,0.4102359363901833,4
4805,6.521511568548546,6.552668216112194,0.031156647563647333,5
4806,5.6507051365203536,6.423245873936808,0.7725407374164543,8
4807,6.039911150582989,6.423245873936808,0.38333472335381913,10
4808,5.964682814337096,6.423245873936808,0.45856305959971166,9
4809,5.308336238864459,6.423245873936808,1.1149096350723493,4
4810,5.572941344424542,6.423245873936808,0.8503045295122655,7
4811,5.561719289282528,6.423245873936808,0.8615265846542801,2
4812,5.220797551227295,6.423245873936808,1.2024483227095129,6
4813,5.319307591504717,6.423245873936808,1.1039382824320905,1
4814,6.126347291926211,6.423245873936808,0.2968985820105967,5
4815,6.333323125429941,6.079181246047625,-0.254141879382316,4
4816,6.020169593901541,6.079181246047625,0.059011652146083726,8
4817,5.584150902304189,6.079181246047625,0.49503034374343624,6
4818,5.9081259885241275,6.079181246047625,0.1710552575234976,5
4819,5.9524876974918275,6.079181246047625,0.12669354855579762,7
4820,5.7721064365760615,6.079181246047625,0.3070748094715636,10
4821,5.816089513420525,6.079181246047625,0.2630917326271005,9
4822,6.113013172966347,6.079181246047625,-0.0338319269187215,1
4823,5.906316421156645,6.079181246047625,0.1728648248909801,3
4824,6.416921258445158,6.9084850188786495,0.4915637604334915,6
4825,6.552396147234119,6.9084850188786495,0.3560888716445305,9
4826,6.934259672295219,6.9084850188786495,-0.025774653416569038,3
4827,6.717728482252491,6.9084850188786495,0.1907565366261581,1
4828,6.3575920162945305,6.9084850188786495,0.550893002584119,2
4829,5.573591718713321,6.9084850188786495,1.3348933001653283,8
4830,6.913382661461431,6.9084850188786495,-0.0048976425827813586,4
4831,6.478353762382346,6.9084850188786495,0.43013125649630357,7
4832,6.324138778015824,6.9084850188786495,0.5843462408628257,10
4833,6.411630655210554,6.913283901760418,0.5016532465498642,9
4834,6.701487743923774,6.913283901760418,0.21179615783664385,3
4835,6.278099459010682,6.913283901760418,0.6351844427497362,10
4836,6.285949856428287,6.913283901760418,0.6273340453321312,2
4837,6.664997641750006,6.913283901760418,0.24828626001041254,4
4838,6.368160197040906,6.913283901760418,0.5451237047195123,7
4839,6.397561246272571,6.913283901760418,0.5157226554878473,5
4840,6.374424013553703,6.913283901760418,0.5388598882067148,6
4841,6.515940997129931,6.913283901760418,0.39734290463048705,1
4842,6.5391471090132995,6.079181246047625,-0.45996586296567443,1
4843,6.3595762467410655,6.079181246047625,-0.28039500069344037,7
4844,6.4100910394794335,6.079181246047625,-0.3309097934318084,5
4845,6.133735771788202,6.079181246047625,-0.05455452574057684,8
4846,6.4308420194769065,6.079181246047625,-0.35166077342928137,9
4847,6.73094059807109,6.079181246047625,-0.6517593520234648,4
4848,6.25227153665421,6.079181246047625,-0.1730902906065852,2
4849,6.355185018985905,6.079181246047625,-0.2760037729382798,6
4850,6.228891858750664,6.079181246047625,-0.1497106127030392,10
4851,6.25227153665421,6.657055852857104,0.40478431620289346,2
4852,6.355185018985905,6.657055852857104,0.30187083387119884,6
4853,6.4100910394794335,6.657055852857104,0.2469648133776703,5
4854,6.133735771788202,6.657055852857104,0.5233200810689018,8
4855,6.818400077091504,6.657055852857104,-0.16134422423440054,3
4856,6.5391471090132995,6.657055852857104,0.11790874384380423,1
4857,6.228891858750664,6.657055852857104,0.42816399410643946,10
4858,6.4308420194769065,6.657055852857104,0.2262138333801973,9
4859,6.73094059807109,6.657055852857104,-0.07388474521398614,4
4860,5.996293220043495,4.615097451301758,-1.3811957687417369,1
4861,5.048990956894211,4.615097451301758,-0.43389350559245266,6
4862,5.555402403175959,4.615097451301758,-0.940304951874201,10
4863,5.346453771705932,4.615097451301758,-0.7313563204041742,5
4864,4.984206057762438,4.615097451301758,-0.36910860646067967,7
4865,4.816210215512725,4.615097451301758,-0.2011127642109667,3
4866,5.575420073703981,4.615097451301758,-0.9603226224022228,2
4867,5.367303448832785,4.615097451301758,-0.7522059975310267,4
4868,5.495535838183413,4.615097451301758,-0.8804383868816545,8
4869,5.9928182452688725,6.962369335670021,0.9695510904011488,2
4870,6.380670496883632,6.962369335670021,0.5816988387863891,4
4871,5.757614056169042,6.962369335670021,1.2047552795009793,5
4872,6.505803742796475,6.962369335670021,0.45656559287354614,8
4873,5.949454305731819,6.962369335670021,1.0129150299382026,9
4874,5.779499036555933,6.962369335670021,1.1828702991140885,10
4875,6.308942926635055,6.962369335670021,0.6534264090349664,1
4876,5.710060052401558,6.962369335670021,1.2523092832684632,7
4877,6.331809022653993,6.962369335670021,0.6305603130160282,3
4878,6.110891022236108,6.57978359661681,0.4688925743807024,6
4879,6.130633224696017,6.57978359661681,0.4491503719207932,7
4880,6.129607773619056,6.57978359661681,0.45017582299775416,2
4881,5.886991593626513,6.57978359661681,0.6927920029902968,10
4882,6.1052164161438105,6.57978359661681,0.4745671804729996,3
4883,6.465091646748215,6.57978359661681,0.11469194986859499,8
4884,6.135476676989506,6.57978359661681,0.4443069196273042,9
4885,6.375899388825489,6.57978359661681,0.20388420779132144,1
4886,6.347272086005357,6.57978359661681,0.23251151061145325,4
4887,6.199123723027344,5.959041392321094,-0.24008233070625007,8
4888,5.957250038779483,5.959041392321094,0.0017913535416109738,7
4889,6.220249645771193,5.959041392321094,-0.261208253450099,6
4890,5.838205663056619,5.959041392321094,0.12083572926447506,5
4891,6.065176124535733,5.959041392321094,-0.1061347322146391,4
4892,6.028293254063236,5.959041392321094,-0.06925186174214204,2
4893,6.121449328488198,5.959041392321094,-0.1624079361671038,9
4894,5.901769487836376,5.959041392321094,0.057271904484718306,10
4895,6.159438283107739,5.959041392321094,-0.2003968907866449,3
4896,5.9043336201320775,6.079181246047625,0.1748476259155476,9
4897,5.351551316243533,6.079181246047625,0.7276299298040918,7
4898,5.668808837091201,6.079181246047625,0.410372408956424,10
4899,5.954967020000992,6.079181246047625,0.12421422604663324,8
4900,5.497700116586269,6.079181246047625,0.5814811294613564,3
4901,5.621991410378488,6.079181246047625,0.45718983566913707,5
4902,5.603718958231968,6.079181246047625,0.4754622878156569,6
4903,5.613597692839068,6.079181246047625,0.4655835532085568,4
4904,6.103017309804816,6.079181246047625,-0.02383606375719083,1
4905,6.143134868006855,6.857332496431268,0.7141976284244134,4
4906,6.296238632115076,6.857332496431268,0.5610938643161925,2
4907,6.291571034978252,6.857332496431268,0.5657614614530164,1
4908,6.68430389471203,6.857332496431268,0.1730286017192384,8
4909,5.6509756198291665,6.857332496431268,1.2063568766021016,10
4910,5.991952528021989,6.857332496431268,0.8653799684092789,3
4911,6.122956625749586,6.857332496431268,0.7343758706816823,9
4912,5.582214055360909,6.857332496431268,1.2751184410703589,7
4913,5.870444494840458,6.857332496431268,0.9868880015908097,5
4914,5.9513627256269155,7.012837224705172,1.0614744990782565,9
4915,6.137116041101201,7.012837224705172,0.8757211836039707,1
4916,5.694684121900626,7.012837224705172,1.318153102804546,4
4917,5.735758561710525,7.012837224705172,1.2770786629946471,3
4918,5.731384849252305,7.012837224705172,1.2814523754528668,5
4919,5.817359646293086,7.012837224705172,1.1954775784120857,6
4920,5.587417050802799,7.012837224705172,1.4254201739023733,10
4921,5.4914634775555715,7.012837224705172,1.5213737471496005,7
4922,5.85240468878704,7.012837224705172,1.1604325359181322,2
4923,5.301112868737174,5.950364854376123,0.6492519856389496,3
4924,5.343848698760625,5.950364854376123,0.6065161556154983,6
4925,5.601620980342027,5.950364854376123,0.34874387403409646,8
4926,5.579277253187728,5.950364854376123,0.37108760118839523,1
4927,5.380564201259303,5.950364854376123,0.56980065311682,10
4928,5.76684586520416,5.950364854376123,0.1835189891719633,9
4929,5.169957895588883,5.950364854376123,0.78040695878724,4
4930,5.550340182279543,5.950364854376123,0.4000246720965803,2
4931,5.075071353833394,5.950364854376123,0.8752935005427291,7
4932,7.338906884492336,7.727541257028556,0.38863437253622024,8
4933,6.898988842824082,7.727541257028556,0.8285524142044745,9
4934,7.289610430456329,7.727541257028556,0.43793082657222726,4
4935,7.36435343301766,7.727541257028556,0.3631878240108959,3
4936,7.360991753757219,7.727541257028556,0.3665495032713375,1
4937,7.054136036374496,7.727541257028556,0.6734052206540602,10
4938,7.389262242309946,7.727541257028556,0.3382790147186103,5
4939,7.5046007334147555,7.727541257028556,0.22294052361380068,6
4940,7.293537216666598,7.727541257028556,0.43400404036195805,7
4941,6.802865063265612,7.176091259055681,0.3732261957900693,7
4942,6.864421999129065,7.176091259055681,0.3116692599266164,4
4943,6.5754193563237004,7.176091259055681,0.6006719027319809,9
4944,6.657206838138467,7.176091259055681,0.5188844209172148,8
4945,6.974456402825271,7.176091259055681,0.20163485623041044,1
4946,6.9618161458504835,7.176091259055681,0.21427511320519788,6
4947,6.614224027820532,7.176091259055681,0.5618672312351496,10
4948,6.543678720950954,7.176091259055681,0.6324125381047274,2
4949,6.920494812072274,7.176091259055681,0.25559644698340733,3
4950,6.864421999129065,5.939758797292041,-0.9246632018370242,4
4951,6.9618161458504835,5.939758797292041,-1.0220573485584428,6
4952,6.657206838138467,5.939758797292041,-0.7174480408464259,8
4953,6.802865063265612,5.939758797292041,-0.8631062659735713,7
4954,6.543678720950954,5.939758797292041,-0.6039199236589132,2
4955,6.974456402825271,5.939758797292041,-1.0346976055332302,1
4956,6.782586605141796,5.939758797292041,-0.8428278078497549,5
4957,6.614224027820532,5.939758797292041,-0.674465230528491,10
4958,6.920494812072274,5.939758797292041,-0.9807360147802333,3
4959,7.0279578658835815,6.592176757395867,-0.43578110848771434,4
4960,6.889983745486974,6.592176757395867,-0.29780698809110717,2
4961,7.049584806816286,6.592176757395867,-0.4574080494204189,6
4962,6.911729595876673,6.592176757395867,-0.3195528384808055,9
4963,7.058686021882212,6.592176757395867,-0.4665092644863451,5
4964,7.1115909725721975,6.592176757395867,-0.5194142151763304,8
4965,6.895937885255946,6.592176757395867,-0.3037611278600787,10
4966,7.0037875427262275,6.592176757395867,-0.41161078533036033,7
4967,6.969480375445301,6.592176757395867,-0.37730361804943424,3
4968,4.468236734992635,5.136720567156407,0.6684838321637718,8
4969,5.119882458851844,5.136720567156407,0.01683810830456256,9
4970,5.411492213425976,5.136720567156407,-0.27477164626956974,7
4971,4.549778319925575,5.136720567156407,0.5869422472308319,5
4972,5.097306203176502,5.136720567156407,0.03941436397990472,6
4973,5.8025172201408255,5.136720567156407,-0.6657966529844188,4
4974,5.546485181942447,5.136720567156407,-0.40976461478604076,1
4975,5.43207776996922,5.136720567156407,-0.29535720281281375,10
4976,5.095424389839083,5.136720567156407,0.04129617731732349,2
4977,4.8741716859038196,6.200303182981585,1.3261314970777658,10
4978,5.080168521612936,6.200303182981585,1.120134661368649,6
4979,5.302327296198929,6.200303182981585,0.8979758867826559,1
4980,4.694477793898004,6.200303182981585,1.505825389083581,2
4981,4.996293663196311,6.200303182981585,1.2040095197852745,7
4982,5.076736521652066,6.200303182981585,1.1235666613295194,3
4983,5.508865926302103,6.200303182981585,0.6914372566794826,4
4984,5.429344596212391,6.200303182981585,0.7709585867691944,8
4985,4.56876300945184,6.200303182981585,1.6315401735297455,9
4986,5.260335087498248,5.892094602690481,0.6317595151922326,2
4987,5.336257685104175,5.892094602690481,0.5558369175863058,10
4988,4.705582984328857,5.892094602690481,1.1865116183616236,5
4989,5.592810056703946,5.892094602690481,0.2992845459865352,4
4990,5.259075618419537,5.892094602690481,0.6330189842709437,7
4991,5.2291271043701,5.892094602690481,0.6629674983203806,9
4992,5.156254718060009,5.892094602690481,0.7358398846304715,6
4993,5.350434317276258,5.892094602690481,0.5416602854142232,1
4994,5.00537471722802,5.892094602690481,0.8867198854624609,8
4995,6.919323872475997,6.826074802700826,-0.09324906977517067,3
4996,7.359806664222444,6.826074802700826,-0.533731861521618,6
4997,7.541593816737834,6.826074802700826,-0.7155190140370076,7
4998,7.390693564520649,6.826074802700826,-0.5646187618198226,5
4999,6.9247066559868955,6.826074802700826,-0.09863185328606949,10
5000,7.3112322988711975,6.826074802700826,-0.4851574961703715,1
5001,6.987748135041627,6.826074802700826,-0.1616733323408006,8
5002,7.389051665606292,6.826074802700826,-0.5629768629054661,4
5003,6.9325664184411915,6.826074802700826,-0.10649161574036548,9
5004,7.275856570182508,6.919078092376074,-0.3567784778064347,2
5005,6.808973833492259,6.919078092376074,0.11010425888381459,1
5006,6.844435126067407,6.919078092376074,0.07464296630866674,7
5007,6.887870291369459,6.919078092376074,0.03120780100661502,4
5008,6.369725188673618,6.919078092376074,0.5493529037024558,10
5009,6.79532765306385,6.919078092376074,0.12375043931222418,3
5010,6.7554684437572945,6.919078092376074,0.16360964861877925,6
5011,6.805631355560551,6.919078092376074,0.11344673681552297,8
5012,6.703483459006905,6.919078092376074,0.21559463336916895,5
5013,6.47023424588961,5.8750612633917,-0.5951729824979095,2
5014,6.643975726165122,5.8750612633917,-0.7689144627734219,4
5015,5.9954883044227385,5.8750612633917,-0.1204270410310384,3
5016,6.411485351702871,5.8750612633917,-0.536424088311171,10
5017,6.343501623346515,5.8750612633917,-0.4684403599548146,9
5018,6.261070489550742,5.8750612633917,-0.3860092261590422,8
5019,6.00237547032059,5.8750612633917,-0.12731420692889017,1
5020,6.258947338031023,5.8750612633917,-0.38388607463932267,5
5021,5.862276348892476,5.8750612633917,0.01278491449922381,6
5022,5.592577362713368,5.176091259055681,-0.4164861036576868,8
5023,5.557453126603033,5.176091259055681,-0.38136186754735135,10
5024,4.865448886789249,5.176091259055681,0.31064237226643243,3
5025,5.591647833419295,5.176091259055681,-0.41555657436361404,7
5026,5.97266215374674,5.176091259055681,-0.796570894691059,4
5027,5.7543705404336025,5.176091259055681,-0.5782792813779212,9
5028,5.707114813590862,5.176091259055681,-0.5310235545351807,1
5029,5.3500614108060045,5.176091259055681,-0.17397015175032315,2
5030,5.749220360276431,5.176091259055681,-0.5731291012207498,6
5031,6.7890150338022135,6.644044492814749,-0.14497054098746442,1
5032,6.255537230625209,6.644044492814749,0.38850726218954,9
5033,6.509180983779647,6.644044492814749,0.13486350903510225,7
5034,6.398462380193355,6.644044492814749,0.24558211262139373,5
5035,6.417717310233304,6.644044492814749,0.22632718258144546,3
5036,6.670591326961949,6.644044492814749,-0.026546834147199938,2
5037,6.775945951032581,6.644044492814749,-0.13190145821783172,4
5038,6.022147287609503,6.644044492814749,0.6218972052052463,10
5039,6.832542211561155,6.644044492814749,-0.1884977187464063,6
5040,2.8373049675620425,2.7781512503836434,-0.05915371717839912,6
5041,2.5785288118625638,2.7781512503836434,0.19962243852107964,8
5042,3.2549328269825097,2.7781512503836434,-0.47678157659886633,5
5043,3.9138501148538425,2.7781512503836434,-1.135698864470199,9
5044,3.6370930278163263,2.7781512503836434,-0.8589417774326829,10
5045,2.9936289709184076,2.7781512503836434,-0.21547772053476422,7
5046,2.2619300907078213,2.7781512503836434,0.5162211596758222,3
5047,3.0588844370788224,2.7781512503836434,-0.280733186695179,4
5048,2.7434607677288083,2.7781512503836434,0.0346904826548351,2
5049,5.120029375591265,6.079181246047625,0.9591518704563597,3
5050,5.284818618814222,6.079181246047625,0.7943626272334035,5
5051,5.085466999810974,6.079181246047625,0.9937142462366513,2
5052,5.28357676235149,6.079181246047625,0.7956044836961347,9
5053,5.134624428129104,6.079181246047625,0.9445568179185209,10
5054,5.21859158550792,6.079181246047625,0.8605896605397048,7
5055,5.3300329237616735,6.079181246047625,0.7491483222859516,4
5056,5.358872010205777,6.079181246047625,0.7203092358418477,6
5057,5.635879217885015,6.079181246047625,0.4433020281626101,8
5058,3.8035092610759484,3.0791812460476247,-0.7243280150283238,9
5059,2.9787633616327245,3.0791812460476247,0.10041788441490018,1
5060,3.2521092016647035,3.0791812460476247,-0.17292795561707885,6
5061,3.266687144394251,3.0791812460476247,-0.18750589834662623,2
5062,2.856802133632839,3.0791812460476247,0.22237911241478558,3
5063,3.1794816918991566,3.0791812460476247,-0.10030044585153197,8
5064,3.3756969528558463,3.0791812460476247,-0.2965157068082216,5
5065,3.158477908845141,3.0791812460476247,-0.07929666279751624,4
5066,3.261656547554313,3.0791812460476247,-0.18247530150668823,7
5067,5.728648982231454,6.283301228703549,0.5546522464720951,5
5068,5.696965911891094,6.283301228703549,0.5863353168124554,6
5069,5.814750822522585,6.283301228703549,0.468550406180964,7
5070,5.6965065149671945,6.283301228703549,0.5867947137363547,4
5071,5.611259899825457,6.283301228703549,0.672041328878092,2
5072,5.7029979675965015,6.283301228703549,0.5803032611070478,1
5073,6.004978044847367,6.283301228703549,0.27832318385618215,8
5074,5.323897823468301,6.283301228703549,0.959403405235248,3
5075,5.653746304965661,6.283301228703549,0.6295549237378886,9
5076,5.366394190143889,6.2878017299302265,0.9214075397863377,8
5077,5.256809044300973,6.2878017299302265,1.0309926856292533,7
5078,5.2812463549006,6.2878017299302265,1.0065553750296266,1
5079,4.873233223795575,6.2878017299302265,1.4145685061346516,4
5080,5.157243135681821,6.2878017299302265,1.1305585942484058,5
5081,5.080660135122873,6.2878017299302265,1.2071415948073536,2
5082,5.312895787139729,6.2878017299302265,0.9749059427904978,6
5083,4.906510093711643,6.2878017299302265,1.3812916362185836,9
5084,5.302537474203688,6.2878017299302265,0.9852642557265385,3
5085,6.592722408314322,5.536937022704674,-1.0557853856096484,6
5086,6.499777831366046,5.536937022704674,-0.9628408086613724,5
5087,6.652684129304898,5.536937022704674,-1.1157471066002245,1
5088,5.801119074372724,5.536937022704674,-0.2641820516680502,8
5089,6.3025750795940745,5.536937022704674,-0.7656380568894008,2
5090,6.397446885933881,5.536937022704674,-0.8605098632292076,7
5091,6.2229410605327535,5.536937022704674,-0.6860040378280798,3
5092,6.318270851211192,5.536937022704674,-0.7813338285065186,9
5093,6.926713308729888,5.536937022704674,-1.3897762860252145,4
5094,5.557453126603033,6.301029995663981,0.7435768690609486,10
5095,5.749220360276431,6.301029995663981,0.5518096353875501,6
5096,5.591647833419295,6.301029995663981,0.7093821622446859,7
5097,5.592577362713368,6.301029995663981,0.7084526329506131,8
5098,5.3500614108060045,6.301029995663981,0.9509685848579768,2
5099,5.707114813590862,6.301029995663981,0.5939151820731192,1
5100,5.97266215374674,6.301029995663981,0.3283678419172409,4
5101,5.7543705404336025,6.301029995663981,0.5466594552303787,9
5102,5.7883050665308335,6.301029995663981,0.5127249291331477,5
5103,6.0052593854234,6.472902651803664,0.46764326638026343,5
5104,6.344938323435877,6.472902651803664,0.1279643283677867,6
5105,6.021003645101016,6.472902651803664,0.45189900670264826,7
5106,5.988184926294024,6.472902651803664,0.48471772550963976,9
5107,5.898309141254619,6.472902651803664,0.574593510549045,2
5108,6.280045455631366,6.472902651803664,0.19285719617229802,4
5109,6.308255547478517,6.472902651803664,0.16464710432514718,8
5110,5.859607452095998,6.472902651803664,0.6132951997076654,10
5111,6.1122163466671635,6.472902651803664,0.36068630513650035,1
5112,5.464571139280161,5.0,-0.464571139280161,9
5113,5.446177858840672,5.0,-0.44617785884067196,2
5114,5.371118771379446,5.0,-0.3711187713794457,1
5115,5.3934232659582015,5.0,-0.39342326595820154,5
5116,5.535032625799328,5.0,-0.5350326257993281,6
5117,5.127810027773289,5.0,-0.12781002777328876,3
5118,5.6010489227399995,5.0,-0.6010489227399995,4
5119,5.486252462213266,5.0,-0.48625246221326623,8
5120,5.345846266404066,5.0,-0.3458462664040658,10
5121,6.6093081367034054,6.531478917042255,-0.07782921966115008,7
5122,6.748888715786744,6.531478917042255,-0.2174097987444883,1
5123,6.322426828052983,6.531478917042255,0.20905208898927263,3
5124,6.70924790997238,6.531478917042255,-0.17776899293012427,4
5125,6.040378708876061,6.531478917042255,0.49110020816619393,10
5126,6.515467624685547,6.531478917042255,0.016011292356708395,2
5127,6.636428812809858,6.531478917042255,-0.10494989576760272,6
5128,6.167266254312808,6.531478917042255,0.3642126627294475,9
5129,6.382306908662785,6.531478917042255,0.14917200837947053,5
5130,5.47934047961984,6.033423755486949,0.554083275867109,5
5131,5.340036075717565,6.033423755486949,0.6933876797693843,2
5132,5.339629976142177,6.033423755486949,0.6937937793447722,10
5133,5.654677930795589,6.033423755486949,0.37874582469136087,4
5134,5.566759535992271,6.033423755486949,0.4666642194946782,9
5135,5.604541138422368,6.033423755486949,0.4288826170645814,3
5136,5.603686439195123,6.033423755486949,0.42973731629182677,6
5137,5.673284960073441,6.033423755486949,0.36013879541350846,8
5138,5.5127841140110885,6.033423755486949,0.520639641475861,7
5139,5.224252155449625,3.662757831681574,-1.5614943237680508,1
5140,4.996097289818704,3.662757831681574,-1.33333945813713,5
5141,5.150672344120218,3.662757831681574,-1.487914512438644,2
5142,5.328862535093406,3.662757831681574,-1.6661047034118321,8
5143,5.184290220615632,3.662757831681574,-1.5215323889340584,9
5144,5.10932715409041,3.662757831681574,-1.4465693224088363,7
5145,5.277543436569661,3.662757831681574,-1.614785604888087,6
5146,5.105703844825887,3.662757831681574,-1.4429460131443128,3
5147,4.9489953037796495,3.662757831681574,-1.2862374720980756,10
5148,5.816069116879132,6.260548372636979,0.4444792557578472,4
5149,5.524792579363791,6.260548372636979,0.7357557932731877,8
5150,5.522711022417077,6.260548372636979,0.7378373502199018,7
5151,5.75100908467675,6.260548372636979,0.5095392879602292,9
5152,5.597383735915122,6.260548372636979,0.6631646367218567,2
5153,5.9300199337207955,6.260548372636979,0.33052843891618355,1
5154,5.611846067437913,6.260548372636979,0.6487023051990661,10
5155,5.235236172630411,6.260548372636979,1.0253122000065682,3
5156,5.593402261728833,6.260548372636979,0.6671461109081465,6
5157,5.9682104555588396,5.301029995663981,-0.6671804598948583,2
5158,6.028726652738145,5.301029995663981,-0.7276966570741639,3
5159,6.278557076243831,5.301029995663981,-0.9775270805798497,1
5160,5.894633333499019,5.301029995663981,-0.593603337835038,10
5161,6.122271846525217,5.301029995663981,-0.8212418508612354,8
5162,6.224575215332383,5.301029995663981,-0.9235452196684015,4
5163,5.995828097722793,5.301029995663981,-0.6947981020588117,7
5164,5.981595144978123,5.301029995663981,-0.680565149314142,9
5165,6.0501841284931634,5.301029995663981,-0.7491541328291822,6
5166,6.142186171378376,6.176091259055681,0.03390508767730527,3
5167,5.938607964388366,6.176091259055681,0.23748329466731555,5
5168,5.85296150632243,6.176091259055681,0.3231297527332515,2
5169,6.083582547526889,6.176091259055681,0.09250871152879192,4
5170,5.876171453059439,6.176091259055681,0.29991980599624224,7
5171,6.1001228681059985,6.176091259055681,0.07596839094968288,1
5172,5.825833652540984,6.176091259055681,0.3502576065146972,10
5173,5.925904826650885,6.176091259055681,0.25018643240479665,9
5174,6.143433214120576,6.176091259055681,0.032658044935105046,6
5175,5.448593330358489,5.4996870826184034,0.05109375225991464,5
5176,5.552469192428799,5.4996870826184034,-0.052782109810395994,1
5177,5.288692865474344,5.4996870826184034,0.21099421714405953,7
5178,5.461775489009451,5.4996870826184034,0.037911593608952465,2
5179,5.577853572798072,5.4996870826184034,-0.07816649017966881,9
5180,5.430746659563162,5.4996870826184034,0.06894042305524106,10
5181,5.377138727272844,5.4996870826184034,0.1225483553455593,6
5182,5.300981197974266,5.4996870826184034,0.19870588464413785,3
5183,5.486950588109278,5.4996870826184034,0.012736494509125507,8
5184,5.263185382291565,5.295127085252191,0.03194170296062637,9
5185,5.497268672397861,5.295127085252191,-0.20214158714567,6
5186,5.5250805084447,5.295127085252191,-0.22995342319250867,7
5187,5.1989427589404045,5.295127085252191,0.09618432631178653,1
5188,5.361313487709758,5.295127085252191,-0.0661864024575669,10
5189,5.726101755747767,5.295127085252191,-0.43097467049557636,5
5190,5.505655313211068,5.295127085252191,-0.2105282279588767,8
5191,5.361965716361192,5.295127085252191,-0.06683863110900123,2
5192,4.975945371084729,5.295127085252191,0.31918171416746244,3
5193,4.903383814309135,5.301029995663981,0.39764618135484664,2
5194,4.8346244256963775,5.301029995663981,0.46640556996760374,10
5195,5.440419600213241,5.301029995663981,-0.13938960454925997,4
5196,4.970575716375723,5.301029995663981,0.3304542792882579,7
5197,4.696461860648113,5.301029995663981,0.6045681350158683,3
5198,4.866153230553936,5.301029995663981,0.4348767651100456,8
5199,4.931000242280885,5.301029995663981,0.37002975338309607,6
5200,4.7676840672311,5.301029995663981,0.5333459284328814,5
5201,5.4421582377529,5.301029995663981,-0.14112824208891883,1
5202,5.370771284907482,3.911690158753861,-1.4590811261536212,8
5203,4.3840223253176775,3.911690158753861,-0.4723321665638167,10
5204,4.274799928400674,3.911690158753861,-0.3631097696468135,6
5205,4.187195215726028,3.911690158753861,-0.2755050569721673,3
5206,4.153740116870128,3.911690158753861,-0.24204995811626695,5
5207,4.088147233121534,3.911690158753861,-0.176457074367673,1
5208,4.219702471054185,3.911690158753861,-0.308012312300324,2
5209,4.289147770998841,3.911690158753861,-0.37745761224497976,9
5210,5.058623204683471,3.911690158753861,-1.14693304592961,7
5211,6.029162046475827,6.324282455297693,0.29512040882186596,3
5212,5.898553100034665,6.324282455297693,0.42572935526302835,10
5213,5.996512679943048,6.324282455297693,0.32776977535464535,6
5214,6.171580815760729,6.324282455297693,0.15270163953696425,4
5215,5.975062052296556,6.324282455297693,0.3492204030011372,8
5216,6.023149395643263,6.324282455297693,0.30113305965442994,1
5217,6.016039818255034,6.324282455297693,0.3082426370426594,9
5218,5.913514979874315,6.324282455297693,0.4107674754233779,7
5219,5.783886205508786,6.324282455297693,0.5403962497889072,2
5220,5.4632295324372535,5.72029163965499,0.25706210721773637,10
5221,5.57984296472051,5.72029163965499,0.14044867493448,6
5222,5.669273750193008,5.72029163965499,0.05101788946198216,4
5223,5.34943136613333,5.72029163965499,0.37086027352165996,3
5224,5.404074559271156,5.72029163965499,0.3162170803838338,5
5225,5.417570308758413,5.72029163965499,0.3027213308965768,7
5226,5.560460557753771,5.72029163965499,0.15983108190121875,9
5227,5.424038748138011,5.72029163965499,0.2962528915169793,1
5228,5.450305754840814,5.72029163965499,0.26998588481417585,2
5229,5.632801968233602,6.3670482644844935,0.7342462962508911,2
5230,5.8017311172935795,6.3670482644844935,0.565317147190914,9
5231,5.690569919491766,6.3670482644844935,0.6764783449927272,7
5232,5.5230332053378355,6.3670482644844935,0.844015059146658,10
5233,5.865090273187909,6.3670482644844935,0.5019579912965844,8
5234,5.943141549306898,6.3670482644844935,0.42390671517759504,1
5235,5.885012193321505,6.3670482644844935,0.4820360711629883,6
5236,5.561161811998169,6.3670482644844935,0.8058864524863241,3
5237,5.9037734234983175,6.3670482644844935,0.463274840986176,4
5238,5.982708011195884,7.204119982655925,1.221411971460041,6
5239,5.8602032125673915,7.204119982655925,1.3439167700885335,9
5240,6.270868199423891,7.204119982655925,0.9332517832320342,4
5241,5.991523112151013,7.204119982655925,1.2125968705049122,7
5242,6.015391261600129,7.204119982655925,1.1887287210557957,5
5243,5.934236973984079,7.204119982655925,1.2698830086718464,8
5244,5.749642128996275,7.204119982655925,1.4544778536596503,10
5245,5.965553113819588,7.204119982655925,1.2385668688363367,3
5246,5.811246065410344,7.204119982655925,1.3928739172455806,2
5247,6.610448125696016,6.012837224705172,-0.5976109009908441,5
5248,6.91546121835344,6.012837224705172,-0.9026239936482678,6
5249,6.658937393646979,6.012837224705172,-0.6461001689418069,8
5250,6.513200947961512,6.012837224705172,-0.5003637232563403,7
5251,6.327233915887146,6.012837224705172,-0.3143966911819742,9
5252,6.582686143410857,6.012837224705172,-0.5698489187056852,2
5253,6.858269437285041,6.012837224705172,-0.845432212579869,1
5254,6.907237260581888,6.012837224705172,-0.8944000358767159,4
5255,6.124581774153617,6.012837224705172,-0.11174454944844481,10
5256,4.733484522957014,5.176091259055681,0.44260673609866696,10
5257,4.661821694096951,5.176091259055681,0.5142695649587301,9
5258,4.987936408852368,5.176091259055681,0.18815485020331302,7
5259,4.888697543477844,5.176091259055681,0.28739371557783766,4
5260,4.84597928441249,5.176091259055681,0.33011197464319153,5
5261,5.065313773890061,5.176091259055681,0.11077748516562025,2
5262,5.001905115192021,5.176091259055681,0.17418614386366027,6
5263,5.487844916988146,5.176091259055681,-0.31175365793246446,8
5264,5.10113845135875,5.176091259055681,0.07495280769693125,1
5265,5.319536672235574,6.278982116865443,0.9594454446298686,7
5266,5.281303987276359,6.278982116865443,0.997678129589084,5
5267,5.251218480894691,6.278982116865443,1.0277636359707518,10
5268,5.438207805856594,6.278982116865443,0.8407743110088486,6
5269,5.302838124638503,6.278982116865443,0.9761439922269401,2
5270,5.585434548232134,6.278982116865443,0.693547568633309,3
5271,5.5812589251345015,6.278982116865443,0.6977231917309412,8
5272,5.223255912927857,6.278982116865443,1.0557262039375859,4
5273,5.198195361886541,6.278982116865443,1.0807867549789014,9
5274,4.769540627896574,6.17897694729317,1.4094363193965957,7
5275,4.681618175515875,6.17897694729317,1.4973587717772947,6
5276,5.13785172433174,6.17897694729317,1.0411252229614298,8
5277,4.467540477519192,6.17897694729317,1.711436469773978,10
5278,4.611545174573227,6.17897694729317,1.5674317727199423,4
5279,4.996664686339797,6.17897694729317,1.1823122609533723,3
5280,4.787648800390031,6.17897694729317,1.391328146903139,2
5281,4.430792911860741,6.17897694729317,1.7481840354324287,5
5282,4.64554225978076,6.17897694729317,1.5334346875124094,1
5283,4.600354791361977,4.329194415088451,-0.2711603762735262,4
5284,4.7812059122105355,4.329194415088451,-0.45201149712208455,8
5285,4.886865034597457,4.329194415088451,-0.5576706195090058,2
5286,4.558522296744697,4.329194415088451,-0.2293278816562463,10
5287,4.656735851259765,4.329194415088451,-0.32754143617131426,3
5288,5.0018714762609475,4.329194415088451,-0.6726770611724966,6
5289,4.570172846790606,4.329194415088451,-0.24097843170215505,9
5290,4.6409095003416745,4.329194415088451,-0.31171508525322356,5
5291,4.948546095983768,4.329194415088451,-0.619351680895317,1
5292,5.06531377389006,6.002166061756507,0.9368522878664471,2
5293,4.661821694096951,6.002166061756507,1.3403443676595561,9
5294,4.888697543477844,6.002166061756507,1.1134685182786637,4
5295,4.84597928441249,6.002166061756507,1.1561867773440175,5
5296,5.001905115192022,6.002166061756507,1.0002609465644854,6
5297,4.987936408852368,6.002166061756507,1.014229652904139,7
5298,5.14748910274433,6.002166061756507,0.8546769590121777,3
5299,5.487844916988146,6.002166061756507,0.5143211447683615,8
5300,4.733484522957014,6.002166061756507,1.268681538799493,10
5301,6.512223033018744,6.489395921727129,-0.02282711129161452,2
5302,6.248908793290355,6.489395921727129,0.240487128436774,9
5303,6.137712869879739,6.489395921727129,0.3516830518473899,10
5304,6.731596340897968,6.489395921727129,-0.2422004191708389,4
5305,6.858093328444223,6.489395921727129,-0.36869740671709383,1
5306,6.600849968607169,6.489395921727129,-0.11145404688003957,8
5307,6.596008905029564,6.489395921727129,-0.1066129833024343,6
5308,6.549405658723043,6.489395921727129,-0.060009736995914054,7
5309,6.300568909458009,6.489395921727129,0.1888270122691207,5
5310,5.0178805077975195,5.0,-0.017880507797519485,4
5311,4.835926354428265,5.0,0.16407364557173487,7
5312,4.935631402571105,5.0,0.06436859742889478,2
5313,4.776873873788545,5.0,0.22312612621145522,3
5314,4.928963072066286,5.0,0.07103692793371419,8
5315,4.99069109504042,5.0,0.009308904959580033,9
5316,4.849351696833112,5.0,0.15064830316688838,5
5317,5.1344600909140805,5.0,-0.1344600909140805,6
5318,4.838510564287346,5.0,0.16148943571265395,10
5319,4.065342168085499,5.0,0.9346578319145014,3
5320,4.450883010869612,5.0,0.549116989130388,2
5321,4.236330487037537,5.0,0.7636695129624629,5
5322,4.427702491688667,5.0,0.5722975083113333,9
5323,5.294674326309642,5.0,-0.2946743263096421,8
5324,5.046561058783474,5.0,-0.04656105878347372,4
5325,4.551785731549812,5.0,0.4482142684501884,6
5326,4.408163346953077,5.0,0.591836653046923,10
5327,4.953575928968612,5.0,0.046424071031387903,7
5328,5.224230387771644,4.698970004336019,-0.5252603834356249,3
5329,5.259919700213996,4.698970004336019,-0.5609496958779774,7
5330,5.482769672412712,4.698970004336019,-0.7837996680766937,8
5331,5.356364763316961,4.698970004336019,-0.6573947589809421,5
5332,5.576372068762971,4.698970004336019,-0.8774020644269527,9
5333,5.410558220083818,4.698970004336019,-0.7115882157477991,6
5334,5.33224914573706,4.698970004336019,-0.633279141401041,1
5335,5.452463998242236,4.698970004336019,-0.7534939939062175,4
5336,5.349311863054146,4.698970004336019,-0.6503418587181269,2
5337,5.096884458960481,5.294466226161593,0.19758176720111198,1
5338,5.274397792329506,5.294466226161593,0.020068433832087784,2
5339,5.150311418404024,5.294466226161593,0.14415480775756961,3
5340,5.303502307427068,5.294466226161593,-0.009036081265474394,8
5341,5.4465818135187964,5.294466226161593,-0.1521155873572031,9
5342,5.224624139177244,5.294466226161593,0.06984208698434902,10
5343,5.181639915511426,5.294466226161593,0.11282631065016702,4
5344,5.189965711867607,5.294466226161593,0.10450051429398677,6
5345,5.135038965795165,5.294466226161593,0.15942726036642796,5
5346,6.0301285147797605,5.477121254719663,-0.5530072600600979,4
5347,5.63893005741286,5.477121254719663,-0.16180880269319697,3
5348,5.820198135223303,5.477121254719663,-0.3430768805036406,9
5349,5.884334096872076,5.477121254719663,-0.40721284215241305,2
5350,5.775683970162622,5.477121254719663,-0.29856271544295954,7
5351,6.130322261604383,5.477121254719663,-0.6532010068847205,1
5352,5.986517009256582,5.477121254719663,-0.5093957545369197,6
5353,5.716050819510611,5.477121254719663,-0.23892956479094796,10
5354,5.6582847497885425,5.477121254719663,-0.18116349506887985,8
5355,5.951291348613913,6.1264561134318045,0.17516476481789134,5
5356,6.07842892105267,6.1264561134318045,0.04802719237913422,6
5357,5.968762640682486,6.1264561134318045,0.15769347274931889,9
5358,6.155454603231813,6.1264561134318045,-0.028998489800008187,3
5359,6.045022574465883,6.1264561134318045,0.08143353896592131,8
5360,5.8733326548656954,6.1264561134318045,0.25312345856610907,2
5361,6.074572543406591,6.1264561134318045,0.05188357002521382,4
5362,5.8800913459012545,6.1264561134318045,0.24636476753055003,10
5363,6.146908989519166,6.1264561134318045,-0.02045287608736146,1
5364,5.995311219602316,5.0,-0.9953112196023159,10
5365,6.016360590974913,5.0,-1.0163605909749132,1
5366,5.962358802597466,5.0,-0.9623588025974659,7
5367,6.070419008568371,5.0,-1.0704190085683711,9
5368,6.001354307366653,5.0,-1.001354307366653,6
5369,5.753029860492419,5.0,-0.7530298604924193,8
5370,6.108395079508868,5.0,-1.1083950795088677,4
5371,5.8746425347048135,5.0,-0.8746425347048135,2
5372,5.967692045464086,5.0,-0.9676920454640863,5
5373,5.270453696559403,4.02816441942447,-1.2422892771349332,5
5374,5.456918642458311,4.02816441942447,-1.4287542230338417,6
5375,5.791351821518877,4.02816441942447,-1.763187402094407,1
5376,5.012795158743149,4.02816441942447,-0.9846307393186793,8
5377,5.7159866121247225,4.02816441942447,-1.6878221927002528,7
5378,4.842390077337225,4.02816441942447,-0.8142256579127549,3
5379,5.737982982740621,4.02816441942447,-1.7098185633161513,10
5380,5.512724205684357,4.02816441942447,-1.4845597862598874,2
5381,5.680612233457751,4.02816441942447,-1.6524478140332812,9
5382,6.308255547478517,7.079181246047625,0.7709256985691084,8
5383,6.1122163466671635,7.079181246047625,0.9669648993804616,1
5384,6.280045455631366,7.079181246047625,0.7991357904162593,4
5385,6.344938323435877,7.079181246047625,0.734242922611748,6
5386,5.988184926294024,7.079181246047625,1.090996319753601,9
5387,6.271495377408214,7.079181246047625,0.8076858686394113,3
5388,6.021003645101016,7.079181246047625,1.0581776009466095,7
5389,5.859607452095998,7.079181246047625,1.2195737939516267,10
5390,6.0052593854234,7.079181246047625,1.0739218606242247,5
5391,5.925904826650885,6.018650576891155,0.09274575024027065,9
5392,6.1001228681059985,6.018650576891155,-0.08147229121484312,1
5393,6.143433214120576,6.018650576891155,-0.12478263722942096,6
5394,5.876171453059439,6.018650576891155,0.14247912383171624,7
5395,5.825833652540984,6.018650576891155,0.19281692435017117,10
5396,6.142186171378376,6.018650576891155,-0.12353559448722073,3
5397,6.083582547526889,6.018650576891155,-0.06493197063573408,4
5398,6.20463556543375,6.018650576891155,-0.18598498854259482,8
5399,5.938607964388366,6.018650576891155,0.08004261250278955,5
5400,5.725170343507622,7.049218022670182,1.3240476791625602,3
5401,6.108395079508868,7.049218022670182,0.9408229431613142,4
5402,5.753029860492419,7.049218022670182,1.2961881621777627,8
5403,5.962358802597466,7.049218022670182,1.086859220072716,7
5404,6.016360590974913,7.049218022670182,1.0328574316952688,1
5405,6.070419008568371,7.049218022670182,0.9787990141018108,9
5406,6.001354307366653,7.049218022670182,1.0478637153035288,6
5407,5.8746425347048135,7.049218022670182,1.1745754879653685,2
5408,5.967692045464086,7.049218022670182,1.0815259772060957,5
5409,5.732762669070972,6.556302500767287,0.8235398316963147,9
5410,5.625856602250772,6.556302500767287,0.9304458985165152,10
5411,5.6012405329367185,6.556302500767287,0.9550619678305683,4
5412,5.555952232904608,6.556302500767287,1.0003502678626788,6
5413,5.667792875914143,6.556302500767287,0.8885096248531434,1
5414,5.556167888635203,6.556302500767287,1.0001346121320838,5
5415,5.545382263406197,6.556302500767287,1.0109202373610895,3
5416,5.5808991173088796,6.556302500767287,0.9754033834584073,7
5417,5.556723833953312,6.556302500767287,0.9995786668139752,8
5418,5.850658251007573,7.176091259055681,1.3254330080481083,4
5419,5.857806263354133,7.176091259055681,1.3182849957015481,5
5420,6.087791819006813,7.176091259055681,1.0882994400488686,3
5421,5.80565393328401,7.176091259055681,1.3704373257716718,7
5422,5.834922429236955,7.176091259055681,1.3411688298187263,9
5423,5.766897086314582,7.176091259055681,1.409194172741099,2
5424,6.160914264244689,7.176091259055681,1.015176994810992,8
5425,6.002937168396308,7.176091259055681,1.1731540906593736,6
5426,5.90757262203204,7.176091259055681,1.2685186370236412,10
5427,5.530893564885022,5.615539749308947,0.08464618442392524,3
5428,5.26742488843967,5.615539749308947,0.348114860869277,2
5429,5.4297634395974805,5.615539749308947,0.18577630971146686,1
5430,5.47497624072911,5.615539749308947,0.14056350857983713,5
5431,5.363730364996941,5.615539749308947,0.25180938431200683,4
5432,5.3910384604951505,5.615539749308947,0.22450128881379694,8
5433,5.52587001623903,5.615539749308947,0.08966973306991743,9
5434,5.320018656517297,5.615539749308947,0.29552109279165073,7
5435,5.445182764169319,5.615539749308947,0.1703569851396285,10
5436,6.352756382573609,7.017450729510536,0.6646943469369271,3
5437,5.829921695784318,7.017450729510536,1.1875290337262179,10
5438,6.24138419712346,7.017450729510536,0.7760665323870759,1
5439,6.172782634465789,7.017450729510536,0.8446680950447467,9
5440,6.598607580061095,7.017450729510536,0.4188431494494411,8
5441,6.165666561213269,7.017450729510536,0.8517841682972671,5
5442,6.368718293030639,7.017450729510536,0.6487324364798965,2
5443,6.46027042052592,7.017450729510536,0.5571803089846155,4
5444,6.26869638059196,7.017450729510536,0.7487543489185757,6
5445,5.192872393729771,3.838849090737255,-1.3540233029925157,6
5446,4.962852410168279,3.838849090737255,-1.1240033194310235,9
5447,5.09118531564393,3.838849090737255,-1.2523362249066747,2
5448,5.532680847521319,3.838849090737255,-1.6938317567840637,8
5449,4.856590367219121,3.838849090737255,-1.0177412764818654,10
5450,4.68399180311306,3.838849090737255,-0.8451427123758051,1
5451,4.79636465280433,3.838849090737255,-0.957515562067075,7
5452,5.065602081877762,3.838849090737255,-1.2267529911405064,4
5453,4.455499957225956,3.838849090737255,-0.6166508664887007,3
5454,5.8114670279499,6.278753600952829,0.4672865730029292,6
5455,5.599869113067601,6.278753600952829,0.6788844878852283,1
5456,5.7489483959548915,6.278753600952829,0.5298052049979374,3
5457,5.5315872099759815,6.278753600952829,0.7471663909768473,2
5458,5.661102137618807,6.278753600952829,0.6176514633340222,7
5459,5.502454173362287,6.278753600952829,0.7762994275905415,5
5460,5.4348001431314374,6.278753600952829,0.8439534578213914,9
5461,5.537525304037799,6.278753600952829,0.7412282969150299,4
5462,5.523399554849048,6.278753600952829,0.7553540461037809,10
5463,5.914880533943129,7.079181246047625,1.1643007121044961,5
5464,5.94509958233592,7.079181246047625,1.1340816637117053,9
5465,5.921510003905628,7.079181246047625,1.1576712421419968,7
5466,5.7854593246807635,7.079181246047625,1.2937219213668616,2
5467,5.907939819171425,7.079181246047625,1.1712414268762004,10
5468,6.042102446112239,7.079181246047625,1.0370787999353865,3
5469,6.153096318800224,7.079181246047625,0.926084927247401,8
5470,6.012783211220388,7.079181246047625,1.0663980348272375,1
5471,6.08421093644399,7.079181246047625,0.9949703096036355,6
5472,5.211472268907736,5.181843587944773,-0.029628680962963116,10
5473,5.122042092022422,5.181843587944773,0.05980149592235051,3
5474,5.464334463519756,5.181843587944773,-0.2824908755749833,8
5475,5.337858317774913,5.181843587944773,-0.1560147298301402,2
5476,5.268656231321893,5.181843587944773,-0.08681264337712058,7
5477,5.53217785746998,5.181843587944773,-0.35033426952520763,4
5478,5.666408336235523,5.181843587944773,-0.48456474829075,6
5479,5.39706459719162,5.181843587944773,-0.2152210092468474,5
5480,5.81700008175967,5.181843587944773,-0.6351564938148977,1
5481,4.9628872304210905,5.181843587944773,0.21895635752368214,4
5482,4.978153037022669,5.181843587944773,0.20369055092210342,9
5483,5.34757542641924,5.181843587944773,-0.1657318384744677,3
5484,5.004631164880123,5.181843587944773,0.1772124230646499,2
5485,5.3463077390555735,5.181843587944773,-0.16446415111080093,1
5486,4.899861707183583,5.181843587944773,0.28198188076118935,10
5487,5.6133265787607955,5.181843587944773,-0.4314829908160229,8
5488,4.954692336528892,5.181843587944773,0.22715125141588022,5
5489,5.103737116262928,5.181843587944773,0.0781064716818447,7
5490,4.0039372124027865,4.340444114840119,0.33650690243733283,5
5491,4.580911796225679,4.340444114840119,-0.2404676813855593,6
5492,4.582070563877775,4.340444114840119,-0.24162644903765518,4
5493,4.7762911841098274,4.340444114840119,-0.43584706926970807,1
5494,4.250897527279552,4.340444114840119,0.08954658756056766,8
5495,4.372502873943843,4.340444114840119,-0.03205875910372402,9
5496,4.365077882704276,4.340444114840119,-0.02463376786415683,10
5497,4.318868647968559,4.340444114840119,0.021575466871560423,7
5498,4.296234882526976,4.340444114840119,0.04420923231314333,2
5499,4.19416816360141,3.403120521175818,-0.7910476424255921,1
5500,4.090900706060418,3.403120521175818,-0.6877801848845997,9
5501,3.967993504582829,3.403120521175818,-0.5648729834070112,7
5502,3.6842619860671424,3.403120521175818,-0.2811414648913244,3
5503,3.9098447832506666,3.403120521175818,-0.5067242620748487,6
5504,4.24240931997244,3.403120521175818,-0.839288798796622,10
5505,3.168710623813655,3.403120521175818,0.2344098973621631,8
5506,3.9454291292409107,3.403120521175818,-0.5423086080650927,4
5507,3.9554283873678546,3.403120521175818,-0.5523078661920366,5
5508,5.200421901609337,4.991226075692495,-0.20919582591684183,7
5509,6.241015134973632,4.991226075692495,-1.2497890592811371,8
5510,5.5793567052721835,4.991226075692495,-0.5881306295796884,9
5511,5.635743410878665,4.991226075692495,-0.6445173351861699,5
5512,5.208690282990235,4.991226075692495,-0.21746420729773952,3
5513,5.212925266336714,4.991226075692495,-0.22169919064421872,4
5514,5.476610497588399,4.991226075692495,-0.4853844218959038,2
5515,5.472816054078305,4.991226075692495,-0.4815899783858102,6
5516,5.665895430777723,4.991226075692495,-0.6746693550852276,1
5517,5.799536663130222,6.342422680822207,0.542886017691985,6
5518,5.487721046790521,6.342422680822207,0.8547016340316853,3
5519,5.831835566872899,6.342422680822207,0.5105871139493079,5
5520,5.688699271926864,6.342422680822207,0.6537234088953428,2
5521,5.8451963912497344,6.342422680822207,0.49722628957247217,10
5522,5.542945321557744,6.342422680822207,0.7994773592644622,7
5523,5.945355569708876,6.342422680822207,0.3970671111133308,1
5524,5.722080303147828,6.342422680822207,0.6203423776743788,9
5525,6.256277855786624,6.342422680822207,0.08614482503558296,8
5526,5.462171468680205,5.447158031342219,-0.015013437337985991,6
5527,5.176891466695584,5.447158031342219,0.27026656464663557,9
5528,5.298124399734893,5.447158031342219,0.14903363160732663,5
5529,5.338267266340336,5.447158031342219,0.10889076500188377,1
5530,5.257415676219619,5.447158031342219,0.18974235512260051,7
5531,5.299612332476795,5.447158031342219,0.14754569886542424,3
5532,5.284705916876931,5.447158031342219,0.16245211446528884,2
5533,5.88838858713459,5.447158031342219,-0.44123055579237036,8
5534,5.552997322475145,5.447158031342219,-0.10583929113292534,10
5535,6.557672420276038,6.741151598851785,0.18347917857574725,7
5536,6.479384128452874,6.741151598851785,0.2617674703989117,1
5537,6.3313255864040485,6.741151598851785,0.40982601244773686,8
5538,6.09655720102435,6.741151598851785,0.6445943978274356,10
5539,6.319130240719869,6.741151598851785,0.4220213581319161,2
5540,5.933393736252793,6.741151598851785,0.8077578625989927,5
5541,6.208809013941738,6.741151598851785,0.5323425849100474,6
5542,6.187910524919204,6.741151598851785,0.5532410739325817,9
5543,6.095972016026602,6.741151598851785,0.6451795828251834,3
5544,5.283808422128864,6.350248018334163,1.0664395962052993,2
5545,5.098729433017243,6.350248018334163,1.2515185853169202,5
5546,5.2859744958856405,6.350248018334163,1.0642735224485227,6
5547,5.236198199323883,6.350248018334163,1.1140498190102806,9
5548,5.425067396141025,6.350248018334163,0.925180622193138,1
5549,5.881121678820577,6.350248018334163,0.4691263395135863,8
5550,5.0993603259767415,6.350248018334163,1.2508876923574217,10
5551,5.4450045824257645,6.350248018334163,0.9052434359083987,3
5552,5.67903905654216,6.350248018334163,0.6712089617920034,4
5553,6.024060768096223,6.361727836017593,0.33766706792137047,5
5554,6.162561778478593,6.361727836017593,0.19916605753900019,9
5555,6.119598617111262,6.361727836017593,0.24212921890633066,3
5556,6.073164830282734,6.361727836017593,0.2885630057348587,10
5557,6.141427323574303,6.361727836017593,0.2203005124432904,8
5558,6.2529494254469435,6.361727836017593,0.10877841057064952,6
5559,6.338235198843986,6.361727836017593,0.023492637173607278,7
5560,6.324012201071894,6.361727836017593,0.03771563494569907,1
5561,6.190654749660716,6.361727836017593,0.171073086356877,2
5562,5.550951165105415,4.176091259055681,-1.3748599060497337,6
5563,5.514884559754891,4.176091259055681,-1.3387933006992094,3
5564,5.85045475701281,4.176091259055681,-1.6743634979571285,1
5565,5.569276921736801,4.176091259055681,-1.3931856626811197,10
5566,5.74159044196124,4.176091259055681,-1.5654991829055582,9
5567,5.859549094330011,4.176091259055681,-1.6834578352743295,7
5568,5.496413931612657,4.176091259055681,-1.3203226725569754,5
5569,5.659787441996683,4.176091259055681,-1.483696182941002,8
5570,5.661160210909765,4.176091259055681,-1.4850689518540836,2
5571,5.1982712601187675,5.507855871695831,0.30958461157706374,6
5572,5.43407086521782,5.507855871695831,0.073785006478011,1
5573,5.0544918237824925,5.507855871695831,0.45336404791333873,5
5574,5.175996435127991,5.507855871695831,0.3318594365678402,2
5575,5.368033968513121,5.507855871695831,0.13982190318271037,7
5576,5.292648543155945,5.507855871695831,0.21520732853988633,10
5577,5.501939845117374,5.507855871695831,0.005916026578456801,4
5578,5.331358008077428,5.507855871695831,0.17649786361840292,9
5579,5.307904763396629,5.507855871695831,0.19995110829920204,8
5580,6.255327877870057,6.732393759822968,0.4770658819529112,3
5581,6.3694201201877485,6.732393759822968,0.36297363963521967,8
5582,6.52938850861787,6.732393759822968,0.2030052512050986,4
5583,6.451422601056085,6.732393759822968,0.2809711587668833,1
5584,6.537433763197634,6.732393759822968,0.19495999662533414,6
5585,6.24083423624283,6.732393759822968,0.491559523580138,5
5586,6.50586803545727,6.732393759822968,0.22652572436569773,7
5587,6.083548845705769,6.732393759822968,0.6488449141171992,10
5588,6.174205099385807,6.732393759822968,0.5581886604371613,9
5589,5.962358802597466,4.130333768495007,-1.8320250341024584,7
5590,5.995311219602316,4.130333768495007,-1.8649774511073085,10
5591,5.725170343507622,4.130333768495007,-1.5948365750126143,3
5592,6.016360590974913,4.130333768495007,-1.8860268224799057,1
5593,6.001354307366653,4.130333768495007,-1.8710205388716457,6
5594,5.967692045464086,4.130333768495007,-1.8373582769690788,5
5595,6.108395079508868,4.130333768495007,-1.9780613110138603,4
5596,5.753029860492419,4.130333768495007,-1.6226960919974118,8
5597,6.070419008568371,4.130333768495007,-1.9400852400733637,9
5598,5.962449956704189,6.290034611362518,0.3275846546583292,3
5599,6.083401426499915,6.290034611362518,0.20663318486260351,10
5600,6.045227179658403,6.290034611362518,0.2448074317041149,2
5601,6.180518071334527,6.290034611362518,0.10951654002799138,8
5602,6.123442265062924,6.290034611362518,0.16659234629959396,9
5603,6.054589145738594,6.290034611362518,0.23544546562392465,4
5604,6.026196529887776,6.290034611362518,0.2638380814747423,7
5605,6.111750901971732,6.290034611362518,0.17828370939078653,6
5606,6.169119509539058,6.290034611362518,0.12091510182345999,1
5607,5.864576106052638,6.204119982655925,0.3395438766032868,2
5608,5.716142034252619,6.204119982655925,0.487977948403306,8
5609,5.935182996811524,6.204119982655925,0.26893698584440084,5
5610,6.125482186031995,6.204119982655925,0.07863779662393,4
5611,6.364578139538234,6.204119982655925,-0.16045815688230913,6
5612,5.978520758921206,6.204119982655925,0.22559922373471863,10
5613,6.243538979728105,6.204119982655925,-0.039418997072179884,7
5614,5.554749429046599,6.204119982655925,0.6493705536093257,1
5615,5.338339185465541,6.204119982655925,0.8657807971903839,3
5616,6.039077591101474,6.954242509439325,0.915164918337851,2
5617,6.1960731868968555,6.954242509439325,0.7581693225424697,10
5618,6.121791889583665,6.954242509439325,0.8324506198556598,6
5619,5.995938981150704,6.954242509439325,0.9583035282886216,8
5620,6.177518605892185,6.954242509439325,0.7767239035471398,9
5621,6.115360013569291,6.954242509439325,0.8388824958700338,7
5622,6.167580257871407,6.954242509439325,0.7866622515679182,1
5623,6.0468585834386674,6.954242509439325,0.9073839260006578,3
5624,6.224861673573327,6.954242509439325,0.7293808358659986,4
5625,6.0741047045587235,7.079181246047625,1.0050765414889016,5
5626,6.3052214182312145,7.079181246047625,0.7739598278164106,7
5627,6.191494276891902,7.079181246047625,0.8876869691557232,10
5628,6.307121003102302,7.079181246047625,0.7720602429453232,1
5629,6.117427628447412,7.079181246047625,0.9617536176002135,3
5630,6.203967118675793,7.079181246047625,0.8752141273718319,6
5631,6.408414739114013,7.079181246047625,0.670766506933612,4
5632,6.1800362257473385,7.079181246047625,0.8991450203002866,2
5633,6.205794395846529,7.079181246047625,0.8733868502010962,9
5634,5.459748341888637,6.698970004336019,1.239221662447382,9
5635,5.600925537138079,6.698970004336019,1.0980444671979397,3
5636,5.694221128793177,6.698970004336019,1.004748875542842,6
5637,5.388222723831463,6.698970004336019,1.3107472805045557,10
5638,5.281875833780851,6.698970004336019,1.4170941705551678,1
5639,5.366653339844252,6.698970004336019,1.332316664491767,7
5640,5.375371904171376,6.698970004336019,1.3235981001646424,5
5641,5.601808093717289,6.698970004336019,1.0971619106187296,8
5642,5.401896203304875,6.698970004336019,1.2970738010311438,4
5643,6.2579416582944765,6.4623979978989565,0.20445633960448006,7
5644,6.196533943162219,6.4623979978989565,0.26586405473673747,10
5645,6.279526718069043,6.4623979978989565,0.18287127982991347,5
5646,6.217796712475131,6.4623979978989565,0.2446012854238253,2
5647,6.159829556006819,6.4623979978989565,0.30256844189213794,8
5648,6.224271913921487,6.4623979978989565,0.2381260839774697,3
5649,6.324034395071737,6.4623979978989565,0.13836360282721927,6
5650,6.3690748299563245,6.4623979978989565,0.09332316794263207,1
5651,6.3524241111941615,6.4623979978989565,0.10997388670479502,4
5652,6.278266195765363,6.698970004336019,0.42070380857065537,8
5653,6.346737863023486,6.698970004336019,0.3522321413125331,4
5654,6.269696785593896,6.698970004336019,0.42927321874212243,9
5655,6.440211926791092,6.698970004336019,0.2587580775449272,6
5656,6.3343988052157965,6.698970004336019,0.3645711991202223,7
5657,6.345682863496989,6.698970004336019,0.3532871408390301,3
5658,6.4520153351105956,6.698970004336019,0.2469546692254232,1
5659,6.2597937982179666,6.698970004336019,0.4391762061180522,5
5660,6.193719056854557,6.698970004336019,0.5052509474814615,10
5661,5.8423547551118205,6.334453751150931,0.4920989960391102,5
5662,6.007146626454026,6.334453751150931,0.3273071246969046,8
5663,5.881844592619118,6.334453751150931,0.4526091585318124,6
5664,5.626023071747299,6.334453751150931,0.7084306794036319,3
5665,5.746206048282385,6.334453751150931,0.5882477028685456,2
5666,5.783425941460599,6.334453751150931,0.551027809690332,9
5667,5.69248413410039,6.334453751150931,0.6419696170505409,10
5668,5.818464305472393,6.334453751150931,0.5159894456785379,7
5669,5.777812945046773,6.334453751150931,0.5566408061041574,4
5670,6.203786748952071,5.045322978786658,-1.1584637701654135,9
5671,5.764118533191904,5.045322978786658,-0.7187955544052462,1
5672,5.7901956497036755,5.045322978786658,-0.7448726709170179,4
5673,5.840726882247462,5.045322978786658,-0.7954039034608043,7
5674,5.792029426045811,5.045322978786658,-0.7467064472591538,2
5675,5.639904821341601,5.045322978786658,-0.5945818425549438,6
5676,5.53746361780574,5.045322978786658,-0.4921406390190821,3
5677,5.702780914172947,5.045322978786658,-0.6574579353862893,8
5678,6.21615180546698,5.045322978786658,-1.1708288266803226,10
5679,6.404632791172525,6.544068044350276,0.13943525317775052,3
5680,6.152980795161971,6.544068044350276,0.3910872491883044,2
5681,6.097205911930591,6.544068044350276,0.4468621324196844,5
5682,6.45181524683965,6.544068044350276,0.09225279751062576,6
5683,6.445756210144835,6.544068044350276,0.09831183420544054,8
5684,5.998301705840111,6.544068044350276,0.5457663385101643,9
5685,5.918899258816692,6.544068044350276,0.6251687855335835,10
5686,6.323420396958597,6.544068044350276,0.22064764739167853,4
5687,6.176949695359389,6.544068044350276,0.36711834899088647,7
5688,5.957250038779483,6.6020599913279625,0.6448099525484796,7
5689,6.220249645771193,6.6020599913279625,0.3818103455567696,6
5690,6.065176124535733,6.6020599913279625,0.5368838667922295,4
5691,6.173557790579373,6.6020599913279625,0.42850220074858925,1
5692,6.028293254063236,6.6020599913279625,0.5737667372647266,2
5693,5.838205663056619,6.6020599913279625,0.7638543282713437,5
5694,6.199123723027344,6.6020599913279625,0.40293626830061857,8
5695,6.159438283107739,6.6020599913279625,0.44262170822022373,3
5696,5.901769487836376,6.6020599913279625,0.700290503491587,10
5697,7.111136799830431,7.589949601325708,0.47881280149527683,7
5698,7.0778495738736416,7.589949601325708,0.5121000274520666,6
5699,7.108872831693401,7.589949601325708,0.48107676963230706,4
5700,7.49752151758384,7.589949601325708,0.0924280837418685,2
5701,7.1641553026902836,7.589949601325708,0.4257942986354246,1
5702,6.966409631960217,7.589949601325708,0.623539969365491,3
5703,6.9660168268980405,7.589949601325708,0.6239327744276677,5
5704,6.635260005369933,7.589949601325708,0.9546895959557755,9
5705,6.592808224445857,7.589949601325708,0.9971413768798509,10
5706,6.0052593854234,6.942504106168081,0.9372447207446806,5
5707,6.344938323435877,6.942504106168081,0.5975657827322038,6
5708,6.271495377408214,6.942504106168081,0.6710087287598672,3
5709,6.308255547478517,6.942504106168081,0.6342485586895643,8
5710,6.021003645101016,6.942504106168081,0.9215004610670654,7
5711,6.1122163466671635,6.942504106168081,0.8302877595009175,1
5712,5.859607452095998,6.942504106168081,1.0828966540720826,10
5713,5.898309141254619,6.942504106168081,1.044194964913462,2
5714,5.988184926294024,6.942504106168081,0.9543191798740569,9
5715,5.925904826650885,6.43569150818434,0.5097866815334555,9
5716,5.876171453059439,6.43569150818434,0.5595200551249011,7
5717,6.143433214120576,6.43569150818434,0.2922582940637639,6
5718,5.85296150632243,6.43569150818434,0.5827300018619104,2
5719,6.083582547526889,6.43569150818434,0.3521089606574508,4
5720,5.825833652540984,6.43569150818434,0.609857855643356,10
5721,5.938607964388366,6.43569150818434,0.4970835437959744,5
5722,6.1001228681059985,6.43569150818434,0.33556864007834175,1
5723,6.142186171378376,6.43569150818434,0.29350533680596413,3
5724,6.070419008568371,7.079181246047625,1.008762237479254,9
5725,5.995311219602316,7.079181246047625,1.0838700264453092,10
5726,5.967692045464086,7.079181246047625,1.1114892005835388,5
5727,6.108395079508868,7.079181246047625,0.9707861665387574,4
5728,5.725170343507622,7.079181246047625,1.3540109025400033,3
5729,6.001354307366653,7.079181246047625,1.077826938680972,6
5730,5.962358802597466,7.079181246047625,1.1168224434501592,7
5731,6.016360590974913,7.079181246047625,1.062820655072712,1
5732,5.753029860492419,7.079181246047625,1.3261513855552058,8
5733,6.2529494254469435,6.838723190031372,0.5857737645844283,6
5734,6.024060768096223,6.838723190031372,0.8146624219351493,5
5735,6.338235198843986,6.838723190031372,0.5004879911873861,7
5736,6.119598617111262,6.838723190031372,0.7191245729201095,3
5737,6.190654749660716,6.838723190031372,0.6480684403706558,2
5738,6.073164830282734,6.838723190031372,0.7655583597486375,10
5739,6.324012201071894,6.838723190031372,0.5147109889594779,1
5740,6.162561778478593,6.838723190031372,0.676161411552779,9
5741,6.141427323574303,6.838723190031372,0.6972958664570692,8
5742,6.001354307366653,6.365487984890899,0.3641336775242463,6
5743,5.725170343507622,6.365487984890899,0.6403176413832776,3
5744,5.995311219602316,6.365487984890899,0.37017676528858345,10
5745,6.016360590974913,6.365487984890899,0.34912739391598624,1
5746,6.070419008568371,6.365487984890899,0.29506897632252826,9
5747,5.962358802597466,6.365487984890899,0.40312918229343353,7
5748,5.8746425347048135,6.365487984890899,0.49084545018608594,2
5749,6.108395079508868,6.365487984890899,0.25709290538203167,4
5750,5.753029860492419,6.365487984890899,0.6124581243984801,8
5751,5.962358802597466,4.880813592280791,-1.0815452103166745,7
5752,5.753029860492419,4.880813592280791,-0.8722162682116279,8
5753,5.8746425347048135,4.880813592280791,-0.9938289424240221,2
5754,6.108395079508868,4.880813592280791,-1.2275814872280764,4
5755,5.967692045464086,4.880813592280791,-1.086878453183295,5
5756,5.995311219602316,4.880813592280791,-1.1144976273215246,10
5757,6.016360590974913,4.880813592280791,-1.1355469986941218,1
5758,6.001354307366653,4.880813592280791,-1.1205407150858617,6
5759,5.725170343507622,4.880813592280791,-0.8443567512268304,3
5760,6.1413466294810295,4.752355804153501,-1.3889908253275287,7
5761,6.058990174808177,4.752355804153501,-1.3066343706546766,8
5762,6.208371586389027,4.752355804153501,-1.456015782235526,6
5763,6.196461670437057,4.752355804153501,-1.4441058662835564,4
5764,6.085482965541799,4.752355804153501,-1.3331271613882985,5
5765,6.068469673923296,4.752355804153501,-1.3161138697697954,2
5766,6.05756009071642,4.752355804153501,-1.305204286562919,3
5767,6.242894538821628,4.752355804153501,-1.4905387346681271,1
5768,6.0105833932369865,4.752355804153501,-1.2582275890834858,10
5769,5.419193047037877,6.823545953567112,1.404352906529235,5
5770,5.75299526464338,6.823545953567112,1.0705506889237313,3
5771,5.608771840288499,6.823545953567112,1.2147741132786125,4
5772,5.601122902862737,6.823545953567112,1.222423050704375,10
5773,5.400700485267313,6.823545953567112,1.4228454682997986,7
5774,5.584896839978783,6.823545953567112,1.2386491135883286,1
5775,5.448348181759706,6.823545953567112,1.3751977718074055,2
5776,5.5335844334672215,6.823545953567112,1.2899615200998902,6
5777,5.677115097511801,6.823545953567112,1.1464308560553107,8
5778,5.545382263406197,6.12057393120585,0.5751916677996523,3
5779,5.6012405329367185,6.12057393120585,0.519333398269131,4
5780,5.556723833953312,6.12057393120585,0.563850097252538,8
5781,5.5808991173088796,6.12057393120585,0.53967481389697,7
5782,5.667792875914143,6.12057393120585,0.4527810552917062,1
5783,5.732762669070972,6.12057393120585,0.3878112621348775,9
5784,5.556167888635203,6.12057393120585,0.5644060425706465,5
5785,5.4973558460378165,6.12057393120585,0.6232180851680331,2
5786,5.555952232904608,6.12057393120585,0.5646216983012415,6
5787,5.219577539536787,6.0,0.7804224604632131,1
5788,5.2592320536818,6.0,0.7407679463181998,8
5789,5.197634323970872,6.0,0.8023656760291278,3
5790,5.412246310146049,6.0,0.587753689853951,10
5791,5.269135792548129,6.0,0.7308642074518712,6
5792,5.173652289143178,6.0,0.8263477108568216,5
5793,5.166474974129337,6.0,0.8335250258706628,7
5794,5.232106292472457,6.0,0.7678937075275432,4
5795,5.327788409429015,6.0,0.6722115905709849,9
5796,5.92146728640478,6.119317224092021,0.19784993768724135,5
5797,6.042789788111984,6.119317224092021,0.07652743598003742,1
5798,6.115208822097298,6.119317224092021,0.0041084019947232875,3
5799,5.862235286094315,6.119317224092021,0.2570819379977056,7
5800,5.9087399031822905,6.119317224092021,0.21057732090973058,10
5801,5.917513315464862,6.119317224092021,0.20180390862715925,9
5802,6.200701694712332,6.119317224092021,-0.08138447062031062,8
5803,5.838700056698786,6.119317224092021,0.2806171673932347,2
5804,5.944204077071498,6.119317224092021,0.17511314702052339,4
5805,5.89229784647998,5.903089986991944,0.010792140511964199,6
5806,6.162893895537704,5.903089986991944,-0.2598039085457602,8
5807,5.773933838915798,5.903089986991944,0.12915614807614606,4
5808,5.8169017103103045,5.903089986991944,0.08618827668163931,5
5809,5.83855333570197,5.903089986991944,0.06453665128997343,10
5810,6.157802018008376,5.903089986991944,-0.2547120310164326,3
5811,5.719504651800586,5.903089986991944,0.1835853351913581,7
5812,5.723258920071558,5.903089986991944,0.17983106692038575,2
5813,5.929614390319589,5.903089986991944,-0.026524403327645274,1
5814,6.299179939737329,6.69284691927723,0.3936669795399004,6
5815,6.2648828344111225,6.69284691927723,0.42796408486610726,4
5816,6.310831623889658,6.69284691927723,0.3820152953875722,8
5817,6.184478518192078,6.69284691927723,0.5083684010851517,7
5818,6.289564436814961,6.69284691927723,0.40328248246226917,1
5819,6.155577876642466,6.69284691927723,0.5372690426347635,2
5820,6.351214300557788,6.69284691927723,0.3416326187194416,3
5821,6.124060863107739,6.69284691927723,0.5687860561694906,9
5822,6.118123780866113,6.69284691927723,0.5747231384111169,5
5823,6.172782634465789,6.672097857935717,0.49931522346992807,9
5824,6.26869638059196,6.672097857935717,0.4034014773437571,6
5825,6.46027042052592,6.672097857935717,0.21182743740979681,4
5826,6.24138419712346,6.672097857935717,0.43071366081225726,1
5827,6.352756382573609,6.672097857935717,0.31934147536210844,3
5828,6.368718293030639,6.672097857935717,0.3033795649050779,2
5829,6.048131160045683,6.672097857935717,0.623966697890034,7
5830,6.165666561213269,6.672097857935717,0.5064312967224485,5
5831,6.598607580061095,6.672097857935717,0.07349027787462248,8
5832,5.861933297306274,6.980911937776844,1.1189786404705693,5
5833,5.688494833118391,6.980911937776844,1.292417104658453,10
5834,5.435518499855833,6.980911937776844,1.5453934379210104,4
5835,5.667316855496913,6.980911937776844,1.3135950822799307,3
5836,5.833609094945788,6.980911937776844,1.1473028428310554,7
5837,5.816072555711255,6.980911937776844,1.1648393820655887,8
5838,5.701827597633831,6.980911937776844,1.2790843401430125,2
5839,5.516817833389715,6.980911937776844,1.4640941043871285,1
5840,5.849583544506974,6.980911937776844,1.13132839326987,6
5841,5.354426797545146,7.1003705451175625,1.7459437475724169,1
5842,5.785188098903627,7.1003705451175625,1.3151824462139352,8
5843,5.082422833258676,7.1003705451175625,2.017947711858887,2
5844,5.373764978042063,7.1003705451175625,1.7266055670754996,7
5845,5.585791266553233,7.1003705451175625,1.5145792785643293,3
5846,5.141850463595995,7.1003705451175625,1.9585200815215673,10
5847,5.1497936893684075,7.1003705451175625,1.950576855749155,9
5848,5.5780212104548115,7.1003705451175625,1.522349334662751,4
5849,5.554719059577302,7.1003705451175625,1.5456514855402608,6
5850,6.377596206107823,7.176091259055681,0.7984950529478585,7
5851,6.144722580065956,7.176091259055681,1.0313686789897254,4
5852,6.691418736059569,7.176091259055681,0.48467252299611197,1
5853,6.310420989574798,7.176091259055681,0.8656702694808835,10
5854,6.982237539471441,7.176091259055681,0.19385371958424003,6
5855,5.7734216029157945,7.176091259055681,1.4026696561398868,9
5856,5.787176806980955,7.176091259055681,1.3889144520747267,2
5857,6.152907650969262,7.176091259055681,1.023183608086419,5
5858,7.060594793205715,7.176091259055681,0.11549646584996598,8
5859,6.089943944025491,6.612783856719736,0.5228399126942449,9
5860,5.739770242096768,6.612783856719736,0.8730136146229688,2
5861,5.911060308915126,6.612783856719736,0.70172354780461,1
5862,5.997531175781821,6.612783856719736,0.6152526809379157,4
5863,5.392945189702175,6.612783856719736,1.2198386670175614,8
5864,5.614441757622539,6.612783856719736,0.9983420990971972,6
5865,5.826144857183687,6.612783856719736,0.7866389995360494,7
5866,6.010951987119332,6.612783856719736,0.6018318696004039,10
5867,5.906783861104009,6.612783856719736,0.705999995615727,5
5868,6.041101774795781,6.886490725172482,0.8453889503767016,1
5869,5.949560510833424,6.886490725172482,0.9369302143390579,9
5870,5.816887252012565,6.886490725172482,1.0696034731599173,10
5871,6.019773423508237,6.886490725172482,0.8667173016642451,5
5872,6.101013705532696,6.886490725172482,0.785477019639786,3
5873,6.031070850216216,6.886490725172482,0.855419874956266,4
5874,6.268547176615934,6.886490725172482,0.6179435485565481,6
5875,5.905504735821966,6.886490725172482,0.9809859893505166,2
5876,6.2101280977916105,6.886490725172482,0.6763626273808718,8
5877,3.898834537810215,3.4727564493172123,-0.42607808849300266,3
5878,4.132477132041033,3.4727564493172123,-0.6597206827238207,6
5879,4.788560991245878,3.4727564493172123,-1.3158045419286655,9
5880,4.623921141256633,3.4727564493172123,-1.151164691939421,7
5881,4.081669641268849,3.4727564493172123,-0.6089131919516371,1
5882,4.5726907729686,3.4727564493172123,-1.0999343236513877,4
5883,4.470321819692469,3.4727564493172123,-0.9975653703752565,2
5884,4.941581434955744,3.4727564493172123,-1.4688249856385314,10
5885,4.533908749768126,3.4727564493172123,-1.0611523004509138,5
5886,6.519411578507807,6.812913356642856,0.29350177813504885,7
5887,6.533471316908362,6.812913356642856,0.27944203973449344,6
5888,6.6518514410550695,6.812913356642856,0.16106191558778615,4
5889,6.525166672527138,6.812913356642856,0.28774668411571813,5
5890,6.396236486729169,6.812913356642856,0.4166768699136867,8
5891,6.627355350889694,6.812913356642856,0.18555800575316184,9
5892,6.751528902978737,6.812913356642856,0.06138445366411904,1
5893,6.491183227718345,6.812913356642856,0.3217301289245107,10
5894,6.614913749482383,6.812913356642856,0.19799960716047238,2
5895,6.525166672527138,7.0,0.47483332747286244,5
5896,6.450691085794028,7.0,0.5493089142059722,3
5897,6.751528902978737,7.0,0.24847109702126335,1
5898,6.533471316908362,7.0,0.46652868309163775,6
5899,6.6518514410550695,7.0,0.34814855894493046,4
5900,6.614913749482383,7.0,0.3850862505176167,2
5901,6.491183227718345,7.0,0.508816772281655,10
5902,6.6273553508896965,7.0,0.3726446491103035,9
5903,6.519411578507807,7.0,0.48058842149219316,7
5904,5.350367912064064,5.477121254719663,0.1267533426555989,2
5905,5.48148313338969,5.477121254719663,-0.004361878670027686,4
5906,5.311906789398562,5.477121254719663,0.1652144653211005,9
5907,5.094573072851196,5.477121254719663,0.38254818186846684,5
5908,5.23499092371094,5.477121254719663,0.24213033100872217,10
5909,5.262654717451831,5.477121254719663,0.21446653726783182,7
5910,5.1766834394048145,5.477121254719663,0.30043781531484814,1
5911,5.545781154300429,5.477121254719663,-0.06865989958076657,6
5912,5.201947295462203,5.477121254719663,0.2751739592574598,3
5913,5.992180460184235,6.161368002234975,0.16918754205074027,6
5914,6.063028017410681,6.161368002234975,0.09833998482429429,4
5915,6.031033742381353,6.161368002234975,0.13033425985362257,8
5916,5.903901559229085,6.161368002234975,0.2574664430058906,3
5917,5.6829582830059,6.161368002234975,0.4784097192290755,9
5918,5.739281437545015,6.161368002234975,0.42208656468995986,2
5919,5.8765241057176265,6.161368002234975,0.28484389651734876,5
5920,5.986199020968576,6.161368002234975,0.17516898126639902,1
5921,5.7371211665362924,6.161368002234975,0.4242468356986828,10
5922,5.988144828492652,6.3979400086720375,0.4097951801793851,9
5923,5.880511718231251,6.3979400086720375,0.5174282904407868,5
5924,5.84892123389327,6.3979400086720375,0.5490187747787676,2
5925,6.022155956098022,6.3979400086720375,0.3757840525740157,10
5926,6.042289418869987,6.3979400086720375,0.35565058980205055,6
5927,5.915354575552353,6.3979400086720375,0.4825854331196844,4
5928,5.901039487270388,6.3979400086720375,0.4969005214016491,7
5929,6.093030804375524,6.3979400086720375,0.30490920429651336,1
5930,5.842933406893774,6.3979400086720375,0.5550066017782633,3
5931,5.5315872099759815,7.041392685158225,1.5098054751822438,2
5932,5.661102137618807,7.041392685158225,1.3802905475394187,7
5933,5.502454173362287,7.041392685158225,1.538938511795938,5
5934,5.523399554849048,7.041392685158225,1.5179931303091774,10
5935,5.599869113067601,7.041392685158225,1.4415235720906248,1
5936,5.900506215185979,7.041392685158225,1.140886469972246,8
5937,5.8114670279499,7.041392685158225,1.2299256572083257,6
5938,5.7489483959548915,7.041392685158225,1.2924442892033339,3
5939,5.537525304037799,7.041392685158225,1.5038673811204264,4
5940,5.94509958233592,6.861534410859038,0.9164348285231183,9
5941,6.08421093644399,6.861534410859038,0.7773234744150486,6
5942,6.012783211220388,6.861534410859038,0.8487511996386505,1
5943,5.921510003905628,6.861534410859038,0.9400244069534098,7
5944,5.914880533943129,6.861534410859038,0.9466538769159092,5
5945,6.153096318800225,6.861534410859038,0.7084380920588131,8
5946,5.896476119890386,6.861534410859038,0.9650582909686518,4
5947,5.907939819171425,6.861534410859038,0.9535945916876134,10
5948,6.042102446112239,6.861534410859038,0.8194319647467996,3
5949,6.108395079508868,4.740362689494244,-1.3680323900146236,4
5950,5.962358802597466,4.740362689494244,-1.2219961131032218,7
5951,5.753029860492419,4.740362689494244,-1.0126671709981752,8
5952,6.001354307366653,4.740362689494244,-1.260991617872409,6
5953,5.8746425347048135,4.740362689494244,-1.1342798452105693,2
5954,6.070419008568371,4.740362689494244,-1.330056319074127,9
5955,5.995311219602317,4.740362689494244,-1.2549485301080727,10
5956,5.725170343507622,4.740362689494244,-0.9848076540133777,3
5957,6.016360590974913,4.740362689494244,-1.275997901480669,1
5958,5.119692316636658,4.698970004336019,-0.42072231230063917,2
5959,6.099844033740424,4.698970004336019,-1.400874029404405,1
5960,5.285477229742913,4.698970004336019,-0.5865072254068942,4
5961,4.664617601655194,4.698970004336019,0.034352402680824845,9
5962,4.821912170198922,4.698970004336019,-0.12294216586290307,6
5963,5.122718763128709,4.698970004336019,-0.4237487587926907,10
5964,4.749429229637997,4.698970004336019,-0.050459225301977995,3
5965,5.16668739684756,4.698970004336019,-0.467717392511541,5
5966,4.835115482186682,4.698970004336019,-0.136145477850663,8
5967,5.948801874373915,6.113943352306837,0.1651414779329219,7
5968,5.7514386125740415,6.113943352306837,0.3625047397327954,4
5969,5.728765863690587,6.113943352306837,0.38517748861625023,3
5970,6.0107652357484405,6.113943352306837,0.10317811655839648,8
5971,5.616466205405108,6.113943352306837,0.49747714690172895,6
5972,5.601584472969362,6.113943352306837,0.5123588793374747,2
5973,6.132433125018985,6.113943352306837,-0.018489772712148245,1
5974,5.491544505649408,6.113943352306837,0.6223988466574291,10
5975,5.568492785791036,6.113943352306837,0.5454505665158011,5
5976,5.486707124189108,5.7160033436348,0.22929621944569245,2
5977,5.460059538905241,5.7160033436348,0.2559438047295597,8
5978,5.251949067381303,5.7160033436348,0.4640542762534974,3
5979,5.448940519799216,5.7160033436348,0.2670628238355848,7
5980,5.632262089961061,5.7160033436348,0.08374125367373964,9
5981,5.6208206723777945,5.7160033436348,0.09518267125700586,10
5982,5.49149811008644,5.7160033436348,0.22450523354835994,5
5983,5.338948785212978,5.7160033436348,0.3770545584218219,4
5984,5.209754247000273,5.7160033436348,0.5062490966345274,6
5985,6.444217432378689,6.431363764158987,-0.012853668219702463,7
5986,6.365842151447396,6.431363764158987,0.06552161271159118,10
5987,6.401125222350982,6.431363764158987,0.030238541808005337,1
5988,6.481878153781347,6.431363764158987,-0.05051438962235988,4
5989,6.322498906550763,6.431363764158987,0.10886485760822406,9
5990,6.376087829232171,6.431363764158987,0.05527593492681593,2
5991,6.229300918522567,6.431363764158987,0.20206284563642019,8
5992,6.253598830919969,6.431363764158987,0.17776493323901832,6
5993,6.255861848019442,6.431363764158987,0.17550191613954524,3
5994,6.159829556006819,6.414973347970818,0.2551437919639996,8
5995,6.196533943162219,6.414973347970818,0.21843940480859914,10
5996,6.3690748299563245,6.414973347970818,0.04589851801449374,1
5997,6.279526718069043,6.414973347970818,0.13544662990177514,5
5998,6.224271913921487,6.414973347970818,0.19070143404933138,3
5999,6.2579416582944765,6.414973347970818,0.15703168967634173,7
6000,6.250977017594091,6.414973347970818,0.1639963303767269,9
6001,6.217796712475131,6.414973347970818,0.19717663549568698,2
6002,6.3524241111941615,6.414973347970818,0.06254923677665669,4
6003,6.421424161557572,6.146128035678238,-0.2752961258793336,5
6004,6.204970974182386,6.146128035678238,-0.05884293850414757,6
6005,6.346180256392519,6.146128035678238,-0.20005222071428097,4
6006,6.149683840967367,6.146128035678238,-0.0035558052891291325,9
6007,6.37308948534002,6.146128035678238,-0.22696144966178178,1
6008,6.198595630181905,6.146128035678238,-0.05246759450366678,2
6009,6.327726306333387,6.146128035678238,-0.1815982706551491,8
6010,6.1868330557549545,6.146128035678238,-0.04070502007671628,10
6011,6.177499564374593,6.146128035678238,-0.03137152869635518,3
6012,5.705754685147163,6.531478917042255,0.8257242318950926,10
6013,5.672006937615979,6.531478917042255,0.8594719794262762,2
6014,5.778995319101829,6.531478917042255,0.7524835979404267,7
6015,5.833623794124429,6.531478917042255,0.6978551229178267,1
6016,5.642178418361311,6.531478917042255,0.8893004986809441,3
6017,5.682708768670968,6.531478917042255,0.8487701483712877,6
6018,5.783264526632768,6.531478917042255,0.7482143904094878,9
6019,5.820016427350557,6.531478917042255,0.7114624896916988,5
6020,5.676595893869244,6.531478917042255,0.8548830231730111,8
6021,5.759596036791829,5.447158031342219,-0.31243800544960987,7
6022,5.652178820421243,5.447158031342219,-0.20502078907902366,3
6023,5.780037201156914,5.447158031342219,-0.3328791698146949,9
6024,5.821596640332728,5.447158031342219,-0.3744386089905083,2
6025,5.800479555196764,5.447158031342219,-0.35332152385454485,5
6026,5.7600833699962015,5.447158031342219,-0.3129253386539821,1
6027,5.6888154349096665,5.447158031342219,-0.24165740356744703,8
6028,5.7454038036254556,5.447158031342219,-0.2982457722832361,10
6029,5.712372958823514,5.447158031342219,-0.2652149274812947,6
6030,6.2705743474758,6.361727836017593,0.09115348854179306,5
6031,5.948529072684821,6.361727836017593,0.4131987633327725,10
6032,6.349062685504513,6.361727836017593,0.01266515051308037,8
6033,6.094503745102036,6.361727836017593,0.26722409091555743,4
6034,6.240489864205331,6.361727836017593,0.12123797181226248,1
6035,6.071320017311117,6.361727836017593,0.29040781870647603,6
6036,5.868357734653096,6.361727836017593,0.4933701013644969,3
6037,5.893547026048384,6.361727836017593,0.4681808099692093,9
6038,6.402129636784243,6.361727836017593,-0.040401800766649565,7
6039,5.066688781500182,4.778151250383644,-0.2885375311165381,2
6040,5.284862457850116,4.778151250383644,-0.5067112074664726,1
6041,5.234882039967282,4.778151250383644,-0.4567307895836379,10
6042,5.309509640168614,4.778151250383644,-0.5313583897849705,9
6043,5.227810081152798,4.778151250383644,-0.44965883076915425,4
6044,5.061490508047597,4.778151250383644,-0.28333925766395307,3
6045,5.48306226788834,4.778151250383644,-0.7049110175046964,5
6046,5.029574680060473,4.778151250383644,-0.2514234296768292,8
6047,5.407998364481231,4.778151250383644,-0.6298471140975872,6
6048,5.150437161080076,4.31722734917642,-0.8332098119036555,10
6049,4.994477634771115,4.31722734917642,-0.6772502855946945,2
6050,5.086933266446159,4.31722734917642,-0.7697059172697385,4
6051,5.330260246938899,4.31722734917642,-1.0130328977624785,7
6052,5.1042131978453,4.31722734917642,-0.7869858486688797,9
6053,5.180559881796787,4.31722734917642,-0.8633325326203671,1
6054,4.954262705077278,4.31722734917642,-0.6370353559008581,3
6055,5.312560447257437,4.31722734917642,-0.9953330980810167,6
6056,4.992817832060871,4.31722734917642,-0.6755904828844512,8
6057,6.225000090030449,6.079181246047625,-0.1458188439828243,4
6058,6.431042110261436,6.079181246047625,-0.351860864213811,8
6059,6.301551538033064,6.079181246047625,-0.22237029198543912,1
6060,5.891230973813802,6.079181246047625,0.18795027223382288,2
6061,5.912623360766706,6.079181246047625,0.16655788528091886,9
6062,5.798568663235809,6.079181246047625,0.2806125828118162,10
6063,5.998978332682392,6.079181246047625,0.08020291336523311,3
6064,6.160318311120176,6.079181246047625,-0.08113706507255092,5
6065,6.1707086894948695,6.079181246047625,-0.0915274434472444,7
6066,5.570789132946552,5.954242509439325,0.3834533764927732,9
6067,5.519251640602773,5.954242509439325,0.434990868836552,10
6068,5.717315357068658,5.954242509439325,0.23692715237066686,1
6069,5.54389248931777,5.954242509439325,0.4103500201215553,4
6070,5.776998568545039,5.954242509439325,0.17724394089428586,7
6071,5.706613634190794,5.954242509439325,0.24762887524853117,8
6072,5.445192925444342,5.954242509439325,0.5090495839949831,2
6073,5.713677429899276,5.954242509439325,0.24056507954004935,5
6074,5.570914938051955,5.954242509439325,0.38332757138736984,6
6075,5.042891271265218,5.484769477716173,0.441878206450955,3
6076,5.172374627809985,5.484769477716173,0.3123948499061884,10
6077,5.13833951984555,5.484769477716173,0.34642995787062336,4
6078,5.310122657258699,5.484769477716173,0.17464682045747448,6
6079,5.298423358546201,5.484769477716173,0.186346119169972,9
6080,5.3486940599187855,5.484769477716173,0.13607541779738774,5
6081,5.020484947607592,5.484769477716173,0.4642845301085812,2
6082,5.2393509983714015,5.484769477716173,0.2454184793447718,1
6083,4.9417851327764595,5.484769477716173,0.5429843449397138,8
6084,5.933361122062896,6.045322978786658,0.11196185672376124,5
6085,5.988015642583526,6.045322978786658,0.057307336203131776,4
6086,5.567163067200424,6.045322978786658,0.47815991158623383,3
6087,5.830846981069971,6.045322978786658,0.21447599771668635,2
6088,5.713432346426021,6.045322978786658,0.3318906323606363,9
6089,5.98334304114515,6.045322978786658,0.061979937641507554,8
6090,6.0188663356038195,6.045322978786658,0.026456643182838135,1
6091,5.575231953121687,6.045322978786658,0.47009102566497063,10
6092,5.8336553921027345,6.045322978786658,0.21166758668392305,7
6093,4.710890048192543,4.1476763242410986,-0.5632137239514448,6
6094,4.613230647670263,4.1476763242410986,-0.46555432342916436,4
6095,4.5785907712815055,4.1476763242410986,-0.43091444704040693,9
6096,4.746810317123338,4.1476763242410986,-0.5991339928822397,10
6097,4.921276586991017,4.1476763242410986,-0.7736002627499188,5
6098,4.725369113924946,4.1476763242410986,-0.5776927896838471,3
6099,5.043666010162734,4.1476763242410986,-0.8959896859216352,7
6100,4.496157646124724,4.1476763242410986,-0.34848132188362513,8
6101,4.757027910267051,4.1476763242410986,-0.6093515860259524,1
6102,5.4037511012529365,6.3979400086720375,0.994188907419101,10
6103,5.522317126912879,6.3979400086720375,0.8756228817591589,4
6104,5.452339377633989,6.3979400086720375,0.9456006310380483,2
6105,5.8661972243046945,6.3979400086720375,0.531742784367343,7
6106,5.6833245740434055,6.3979400086720375,0.714615434628632,1
6107,6.183479330281551,6.3979400086720375,0.21446067839048677,8
6108,5.7509058808760365,6.3979400086720375,0.647034127796001,6
6109,5.287782429214017,6.3979400086720375,1.1101575794580203,9
6110,5.658316975742426,6.3979400086720375,0.7396230329296118,5
6111,6.344976559456125,6.556302500767287,0.2113259413111619,8
6112,5.860676714030881,6.556302500767287,0.6956257867364055,10
6113,5.987023742405381,6.556302500767287,0.5692787583619054,1
6114,6.063172854952388,6.556302500767287,0.49312964581489904,5
6115,6.0549413627954785,6.556302500767287,0.5013611379718084,7
6116,5.884535507524786,6.556302500767287,0.6717669932425006,6
6117,5.86007684399223,6.556302500767287,0.6962256567750567,3
6118,5.801532700060181,6.556302500767287,0.7547698007071055,4
6119,5.839729856235546,6.556302500767287,0.7165726445317411,9
6120,6.276577586187012,6.079181246047625,-0.19739634013938723,1
6121,6.187243909306743,6.079181246047625,-0.10806266325911817,4
6122,5.9922310350161325,6.079181246047625,0.08695021103149259,6
6123,6.177273497112335,6.079181246047625,-0.09809225106470976,7
6124,5.9624683211641925,6.079181246047625,0.11671292488343266,3
6125,5.827373171790902,6.079181246047625,0.251808074256723,9
6126,5.858244429693853,6.079181246047625,0.22093681635377216,10
6127,6.032240036715414,6.079181246047625,0.046941209332211464,8
6128,6.059202333348662,6.079181246047625,0.01997891269896268,5
6129,5.0438674529204715,6.079181246047625,1.0353137931271537,7
6130,5.025823836885658,6.079181246047625,1.0533574091619675,2
6131,4.793755357029756,6.079181246047625,1.2854258890178691,10
6132,5.230877175826676,6.079181246047625,0.8483040702209488,4
6133,5.222259533292065,6.079181246047625,0.8569217127555602,8
6134,5.1869819502471906,6.079181246047625,0.8921992958004346,1
6135,5.177489841510714,6.079181246047625,0.9016914045369111,6
6136,5.135109812240473,6.079181246047625,0.9440714338071521,3
6137,5.08509738619691,6.079181246047625,0.9940838598507149,5
6138,5.757234430393454,6.079181246047625,0.3219468156541714,6
6139,5.939481423245309,6.079181246047625,0.1396998228023163,8
6140,5.614572838729208,6.079181246047625,0.46460840731841735,7
6141,5.5671021252678745,6.079181246047625,0.5120791207797506,10
6142,5.758950275162113,6.079181246047625,0.320230970885512,1
6143,5.590854099884233,6.079181246047625,0.48832714616339246,3
6144,5.519560413654094,6.079181246047625,0.5596208323935308,9
6145,5.59091762199043,6.079181246047625,0.48826362405719514,2
6146,5.610587336068263,6.079181246047625,0.46859390997936234,5
6147,5.483939939771093,5.775464809345739,0.29152486957464596,7
6148,5.62599587506951,5.775464809345739,0.14946893427622943,1
6149,5.181997986225633,5.775464809345739,0.5934668231201066,9
6150,5.624915184202107,5.775464809345739,0.15054962514363268,4
6151,5.427589141069069,5.775464809345739,0.3478756682766706,2
6152,5.530341300171052,5.775464809345739,0.24512350917468684,3
6153,5.538895948764935,5.775464809345739,0.23656886058080406,6
6154,5.635660944264164,5.775464809345739,0.13980386508157494,8
6155,5.467819609911294,5.775464809345739,0.3076451994344449,5
6156,5.562680392425778,6.1068026275996505,0.5441222351738721,1
6157,5.571720109466462,6.1068026275996505,0.5350825181331889,3
6158,5.435629753119421,6.1068026275996505,0.6711728744802299,2
6159,5.401970207027585,6.1068026275996505,0.7048324205720657,7
6160,5.311482469185974,6.1068026275996505,0.7953201584136762,10
6161,5.307172360526603,6.1068026275996505,0.7996302670730477,9
6162,5.503265244980249,6.1068026275996505,0.6035373826194013,6
6163,5.510923009429104,6.1068026275996505,0.5958796181705468,5
6164,5.480363621488497,6.1068026275996505,0.6264390061111538,4
6165,6.247688452321029,5.681241237375588,-0.5664472149454411,5
6166,6.008594922766805,5.681241237375588,-0.3273536853912171,6
6167,6.189962089670377,5.681241237375588,-0.5087208522947897,10
6168,6.205725118765061,5.681241237375588,-0.5244838813894734,2
6169,6.2935020468243446,5.681241237375588,-0.6122608094487569,1
6170,6.300922857256593,5.681241237375588,-0.6196816198810051,9
6171,6.159028497961592,5.681241237375588,-0.4777872605860045,4
6172,6.1200815430920334,5.681241237375588,-0.43884030571644583,3
6173,6.252400345477367,5.681241237375588,-0.5711591081017797,7
6174,5.757564518350184,5.444825199509748,-0.3127393188404355,3
6175,6.057984480872592,5.444825199509748,-0.6131592813628437,2
6176,6.075432723395427,5.444825199509748,-0.6306075238856792,5
6177,6.107084926296816,5.444825199509748,-0.6622597267870676,9
6178,6.076945599513343,5.444825199509748,-0.6321204000035952,7
6179,6.096484063888272,5.444825199509748,-0.6516588643785237,4
6180,6.1608490048692195,5.444825199509748,-0.7160238053594714,1
6181,5.99223361484653,5.444825199509748,-0.5474084153367818,8
6182,5.973573133435142,5.444825199509748,-0.528747933925394,6
6183,6.009554280947613,6.301897717195208,0.2923434362475952,4
6184,6.088541405270559,6.301897717195208,0.21335631192464977,7
6185,6.022631588498373,6.301897717195208,0.2792661286968352,8
6186,6.075906251417814,6.301897717195208,0.22599146577739404,10
6187,6.1281785892763025,6.301897717195208,0.17371912791890587,1
6188,5.934222183649368,6.301897717195208,0.3676755335458406,3
6189,5.926433875636244,6.301897717195208,0.3754638415589646,6
6190,5.994931137627395,6.301897717195208,0.30696657956781337,2
6191,6.049022303070775,6.301897717195208,0.2528754141244338,5
6192,5.689310733971402,6.0,0.31068926602859825,10
6193,5.836200298835332,6.0,0.1637997011646677,7
6194,5.691816303666949,6.0,0.3081836963330513,2
6195,5.692496216457491,6.0,0.30750378354250874,5
6196,5.824256296017168,6.0,0.1757437039828318,4
6197,5.81969477852575,6.0,0.1803052214742502,3
6198,5.677710554577383,6.0,0.3222894454226166,9
6199,5.9004681830492665,6.0,0.09953181695073354,8
6200,5.8559222567740195,6.0,0.14407774322598055,1
6201,5.949343108845256,6.018284308426531,0.06894119958127476,6
6202,5.842334840227044,6.018284308426531,0.1759494681994873,1
6203,5.784735753137367,6.018284308426531,0.23354855528916385,7
6204,5.695921968803028,6.018284308426531,0.3223623396235027,2
6205,5.808572769792584,6.018284308426531,0.20971153863394676,5
6206,5.737958782661685,6.018284308426531,0.28032552576484626,9
6207,5.870518173624706,6.018284308426531,0.14776613480182466,4
6208,5.983080707422533,6.018284308426531,0.035203601003997775,3
6209,5.693173063327878,6.018284308426531,0.3251112450986531,10
6210,6.0949976683673635,5.949877704036875,-0.14511996433048857,3
6211,5.936317926857963,5.949877704036875,0.013559777178912213,2
6212,5.934647665749348,5.949877704036875,0.015230038287526781,7
6213,5.915645878987391,5.949877704036875,0.034231825049483966,10
6214,5.887081478617493,5.949877704036875,0.06279622541938146,6
6215,5.937775924365261,5.949877704036875,0.012101779671613855,4
6216,5.946472916324174,5.949877704036875,0.0034047877127010295,9
6217,6.0544937307736575,5.949877704036875,-0.10461602673678261,1
6218,5.882096576571513,5.949877704036875,0.06778112746536191,5
6219,6.2176602952057785,6.0,-0.21766029520577845,4
6220,6.305332804373801,6.0,-0.3053328043738013,7
6221,6.226464158169822,6.0,-0.22646415816982213,3
6222,6.471674109364569,6.0,-0.4716741093645691,8
6223,6.083122518686207,6.0,-0.08312251868620724,2
6224,6.270039667181503,6.0,-0.27003966718150263,9
6225,6.267239573209976,6.0,-0.2672395732099764,6
6226,6.188243790752697,6.0,-0.18824379075269704,10
6227,6.405872111178406,6.0,-0.4058721111784056,1
6228,6.201430046634901,6.161368002234975,-0.040062044399925334,7
6229,6.198936373801311,6.161368002234975,-0.0375683715663353,10
6230,5.912842983240864,6.161368002234975,0.24852501899411106,6
6231,6.100347497807639,6.161368002234975,0.06102050442733642,9
6232,5.98959818051783,6.161368002234975,0.17176982171714528,8
6233,5.9114192253083635,6.161368002234975,0.24994877692661177,3
6234,6.216417504631944,6.161368002234975,-0.05504950239696882,1
6235,6.107166797580499,6.161368002234975,0.05420120465447642,2
6236,6.10665811783828,6.161368002234975,0.05470988439669533,5
6237,6.036778082050701,5.049218022670182,-0.9875600593805194,9
6238,6.113155186647484,5.049218022670182,-1.063937163977302,10
6239,6.245537057623507,5.049218022670182,-1.1963190349533255,1
6240,6.203501058832003,5.049218022670182,-1.1542830361618215,7
6241,5.936506254695989,5.049218022670182,-0.8872882320258073,3
6242,6.105212421386421,5.049218022670182,-1.0559943987162388,5
6243,5.943417825525542,5.049218022670182,-0.8941998028553604,6
6244,6.019786514086154,5.049218022670182,-0.970568491415972,8
6245,6.117306814457291,5.049218022670182,-1.0680887917871091,2
6246,6.177639085061557,6.011993114659257,-0.16564597040230034,1
6247,5.95733212510851,6.011993114659257,0.054660989550746386,3
6248,6.157240562380802,6.011993114659257,-0.14524744772154552,9
6249,6.083956148639742,6.011993114659257,-0.07196303398048531,5
6250,6.1711738424058185,6.011993114659257,-0.15918072774656178,7
6251,6.030435360039163,6.011993114659257,-0.01844224537990602,8
6252,5.917726788337548,6.011993114659257,0.0942663263217085,6
6253,6.0868011399955195,6.011993114659257,-0.07480802533626285,4
6254,6.140962567551821,6.011993114659257,-0.128969452892564,10
6255,6.088555353375841,6.315970345456917,0.2274149920810764,4
6256,5.73868764049099,6.315970345456917,0.5772827049659277,3
6257,6.011643220779331,6.315970345456917,0.30432712467758627,1
6258,5.923293020476744,6.315970345456917,0.3926773249801734,8
6259,6.1313636128602536,6.315970345456917,0.18460673259666383,10
6260,6.025109469226644,6.315970345456917,0.29086087623027357,2
6261,6.090522385995309,6.315970345456917,0.22544795946160878,7
6262,6.173853259562223,6.315970345456917,0.14211708589469474,9
6263,5.950841737117249,6.315970345456917,0.36512860833966876,5
6264,6.4412837952952575,6.418301291319746,-0.022982503975511825,10
6265,6.304773987728651,6.418301291319746,0.11352730359109486,6
6266,6.524804203436331,6.418301291319746,-0.10650291211658569,4
6267,6.592287567975986,6.418301291319746,-0.17398627665624034,5
6268,6.475703120242616,6.418301291319746,-0.05740182892287038,7
6269,6.483297087935294,6.418301291319746,-0.06499579661554833,3
6270,6.613355809352136,6.418301291319746,-0.19505451803239016,9
6271,6.354424252059057,6.418301291319746,0.06387703926068866,1
6272,6.162314050909286,6.418301291319746,0.2559872404104597,2
6273,6.560956962298583,6.301029995663981,-0.2599269666346018,5
6274,6.356739663690325,6.301029995663981,-0.055709668026343806,10
6275,6.4610725349343845,6.301029995663981,-0.16004253927040324,4
6276,6.446814682055874,6.301029995663981,-0.14578468639189257,3
6277,6.424075932124353,6.301029995663981,-0.12304593646037176,6
6278,6.411343669233553,6.301029995663981,-0.11031367356957134,2
6279,6.413881740192879,6.301029995663981,-0.11285174452889812,9
6280,6.509104827897656,6.301029995663981,-0.20807483223367473,1
6281,6.505520984612354,6.301029995663981,-0.2044909889483728,8
6282,5.096379017857021,6.079181246047625,0.9828022281906037,1
6283,5.244126871794941,6.079181246047625,0.8350543742526844,8
6284,5.03885124314173,6.079181246047625,1.040330002905895,4
6285,5.004030795226672,6.079181246047625,1.0751504508209528,5
6286,4.792280279809541,6.079181246047625,1.2869009662380844,6
6287,4.943608680547793,6.079181246047625,1.1355725654998325,3
6288,5.109026326245487,6.079181246047625,0.9701549198021384,7
6289,5.139001006932204,6.079181246047625,0.9401802391154215,10
6290,5.162116872802482,6.079181246047625,0.9170643732451431,2
6291,6.1569803452265655,6.544068044350276,0.3870876991237102,8
6292,6.353590067905095,6.544068044350276,0.19047797644518027,7
6293,6.127823351956848,6.544068044350276,0.41624469239342776,9
6294,6.266125880847148,6.544068044350276,0.27794216350312784,2
6295,6.1337253287299704,6.544068044350276,0.4103427156203052,3
6296,6.378137594471413,6.544068044350276,0.16593044987886252,1
6297,6.342227473363969,6.544068044350276,0.20184057098630692,5
6298,6.370954240946435,6.544068044350276,0.17311380340384108,4
6299,6.144462674083331,6.544068044350276,0.3996053702669444,6
6300,6.658870933146169,6.176091259055681,-0.4827796740904873,1
6301,6.3715172309883465,6.176091259055681,-0.1954259719326652,6
6302,6.6336486295587385,6.176091259055681,-0.4575573705030571,4
6303,6.491920992747752,6.176091259055681,-0.31582973369207057,8
6304,6.652608699408271,6.176091259055681,-0.47651744035258936,2
6305,6.55305302832037,6.176091259055681,-0.37696176926468894,7
6306,6.784831847214638,6.176091259055681,-0.6087405881589563,9
6307,6.84422430378197,6.176091259055681,-0.6681330447262885,5
6308,6.6698742099400175,6.176091259055681,-0.4937829508843361,10
6309,6.327623133898228,6.342422680822207,0.014799546923979001,4
6310,6.236072556873218,6.342422680822207,0.1063501239489888,2
6311,6.333460816915461,6.342422680822207,0.00896186390674547,7
6312,6.3783719845335165,6.342422680822207,-0.03594930371130989,6
6313,6.2538264565779,6.342422680822207,0.08859622424430658,5
6314,6.147074240832007,6.342422680822207,0.1953484399901999,10
6315,6.211068131332875,6.342422680822207,0.13135454948933134,9
6316,6.43682802568298,6.342422680822207,-0.09440534486077379,1
6317,6.297674460537921,6.342422680822207,0.04474822028428527,8
6318,6.223864092449225,6.57978359661681,0.3559195041675851,6
6319,6.113772832976852,6.57978359661681,0.4660107636399582,9
6320,6.332741861441005,6.57978359661681,0.24704173517580497,4
6321,6.312045115992972,6.57978359661681,0.2677384806238381,8
6322,6.381809647322283,6.57978359661681,0.19797394929452672,7
6323,6.435254876314425,6.57978359661681,0.14452872030238506,1
6324,6.170011788968079,6.57978359661681,0.4097718076487311,3
6325,6.28153339280406,6.57978359661681,0.29825020381275014,5
6326,6.266854924655247,6.57978359661681,0.31292867196156315,2
6327,6.098638069167018,6.0,-0.09863806916701812,6
6328,6.085170000059082,6.0,-0.08517000005908226,1
6329,6.2085391267677865,6.0,-0.20853912676778652,3
6330,6.012929309920025,6.0,-0.01292930992002539,7
6331,5.782920317560685,6.0,0.21707968243931486,9
6332,6.062650525884612,6.0,-0.06265052588461195,4
6333,5.820200113925253,6.0,0.17979988607474695,2
6334,5.993555641712515,6.0,0.00644435828748513,5
6335,5.725186457284986,6.0,0.27481354271501424,10
6336,6.044639395202087,6.313593064521326,0.2689536693192389,10
6337,6.0724677737874355,6.313593064521326,0.24112529073389055,9
6338,6.23977909054026,6.313593064521326,0.07381397398106593,7
6339,6.08888261627926,6.313593064521326,0.22471044824206565,2
6340,6.461139852919929,6.313593064521326,-0.14754678839860258,8
6341,6.1723960107594005,6.313593064521326,0.1411970537619256,6
6342,6.112847762101503,6.313593064521326,0.2007453024198229,3
6343,6.229042883492327,6.313593064521326,0.08455018102899903,1
6344,6.1989965132327285,6.313593064521326,0.11459655128859758,5
6345,6.4028905642095175,6.079181246047625,-0.3237093181618924,1
6346,6.06693148369397,6.079181246047625,0.012249762353655491,6
6347,6.2316626632300025,6.079181246047625,-0.1524814171823774,8
6348,6.316922653245286,6.079181246047625,-0.23774140719766113,10
6349,6.312888709504649,6.079181246047625,-0.23370746345702376,4
6350,6.113916677519414,6.079181246047625,-0.03473543147178848,3
6351,6.293437560666701,6.079181246047625,-0.21425631461907546,7
6352,6.381941250302172,6.079181246047625,-0.3027600042545471,9
6353,6.346917852319764,6.079181246047625,-0.26773660627213847,5
6354,5.909302363702727,5.623249290397901,-0.2860530733048261,3
6355,6.248187702688452,5.623249290397901,-0.6249384122905512,5
6356,6.342293922785477,5.623249290397901,-0.7190446323875763,9
6357,6.162447690093625,5.623249290397901,-0.5391983996957244,7
6358,6.204251954189814,5.623249290397901,-0.5810026637919128,4
6359,6.165471486823352,5.623249290397901,-0.5422221964254517,2
6360,6.054062791600912,5.623249290397901,-0.4308135012030112,8
6361,5.973979844752586,5.623249290397901,-0.35073055435468525,6
6362,6.2725860309539465,5.623249290397901,-0.6493367405560457,10
6363,6.053970344979797,6.033423755486949,-0.020546589492847822,9
6364,5.7972634436428345,6.033423755486949,0.2361603118441149,10
6365,6.0616715811071575,6.033423755486949,-0.02824782562020811,2
6366,6.215624636475465,6.033423755486949,-0.18220088098851583,3
6367,5.862948156261627,6.033423755486949,0.1704755992253224,5
6368,5.968368362937379,6.033423755486949,0.06505539254957071,7
6369,6.381699312565359,6.033423755486949,-0.3482755570784093,8
6370,6.340808081113148,6.033423755486949,-0.3073843256261988,1
6371,6.257409265149691,6.033423755486949,-0.22398550966274122,6
6372,6.073272187155746,6.6020599913279625,0.5287878041722163,3
6373,5.986679564548045,6.6020599913279625,0.6153804267799172,5
6374,5.744397822051527,6.6020599913279625,0.8576621692764359,10
6375,5.895283208127472,6.6020599913279625,0.7067767832004908,2
6376,6.238472009018934,6.6020599913279625,0.36358798230902867,4
6377,6.251767364358776,6.6020599913279625,0.3502926269691864,1
6378,6.142869982378085,6.6020599913279625,0.4591900089498777,6
6379,6.173758884452611,6.6020599913279625,0.4283011068753515,8
6380,5.923317495461453,6.6020599913279625,0.6787424958665094,9
6381,5.532282998432781,6.36005731412298,0.8277743156901991,1
6382,5.329888049001922,6.36005731412298,1.0301692651210583,6
6383,5.397799169725401,6.36005731412298,0.9622581443975795,2
6384,5.3970304264090645,6.36005731412298,0.9630268877139159,10
6385,5.3842993538346215,6.36005731412298,0.9757579602883588,7
6386,5.42762016395887,6.36005731412298,0.9324371501641107,3
6387,5.3805509284260085,6.36005731412298,0.9795063856969719,5
6388,5.503787649832938,6.36005731412298,0.8562696642900427,4
6389,5.622208025791047,6.36005731412298,0.7378492883319332,8
6390,6.068404569573975,6.26142703676955,0.1930224671955756,9
6391,6.05756009071642,6.26142703676955,0.2038669460531306,3
6392,6.1413466294810295,6.26142703676955,0.12008040728852087,7
6393,6.196461670437057,6.26142703676955,0.06496536633249317,4
6394,6.058990174808177,6.26142703676955,0.202436861961373,8
6395,6.085482965541799,6.26142703676955,0.17594407122775113,5
6396,6.0105833932369865,6.26142703676955,0.25084364353256383,10
6397,6.068469673923296,6.26142703676955,0.1929573628462542,2
6398,6.208371586389027,6.26142703676955,0.05305545038052362,6
6399,6.063288200240906,6.124634624019139,0.061346423778233294,3
6400,6.387124259773542,6.124634624019139,-0.2624896357544033,1
6401,6.124207958251744,6.124634624019139,0.00042666576739502915,6
6402,6.2055547501697434,6.124634624019139,-0.08092012615060451,2
6403,6.209796128186356,6.124634624019139,-0.08516150416721668,8
6404,6.033754747319768,6.124634624019139,0.09087987669937103,9
6405,6.347408756305914,6.124634624019139,-0.22277413228677467,7
6406,5.985861777211586,6.124634624019139,0.1387728468075533,10
6407,6.386343428767192,6.124634624019139,-0.2617088047480527,4
6408,6.1413466294810295,6.363611979892144,0.2222653504111145,7
6409,6.05756009071642,6.363611979892144,0.30605188917572423,3
6410,6.0105833932369865,6.363611979892144,0.35302858665515746,10
6411,6.058990174808177,6.363611979892144,0.30462180508396663,8
6412,6.242894538821628,6.363611979892144,0.12071744107051607,1
6413,6.068469673923296,6.363611979892144,0.29514230596884783,2
6414,6.068404569573975,6.363611979892144,0.2952074103181692,9
6415,6.208371586389027,6.363611979892144,0.15524039350311725,6
6416,6.196461670437057,6.363611979892144,0.1671503094550868,4
6417,6.201736634758726,5.707570176097937,-0.49416645866078923,8
6418,6.091240451503377,5.707570176097937,-0.3836702754054402,5
6419,6.030594365381991,5.707570176097937,-0.3230241892840544,3
6420,6.1257369439163005,5.707570176097937,-0.4181667678183638,4
6421,6.235916862040226,5.707570176097937,-0.5283466859422896,1
6422,6.104954008155598,5.707570176097937,-0.3973838320576615,2
6423,6.065711143700204,5.707570176097937,-0.3581409676022673,10
6424,6.088730792263385,5.707570176097937,-0.38116061616544794,9
6425,6.140736798700576,5.707570176097937,-0.4331666226026396,6
6426,6.279526396168888,6.32221929473392,0.04269289856503278,1
6427,6.1010850610636265,6.32221929473392,0.22113423367029394,5
6428,6.1003206578132545,6.32221929473392,0.22189863692066591,2
6429,6.20682045756909,6.32221929473392,0.11539883716483068,4
6430,6.026696803283129,6.32221929473392,0.29552249145079124,9
6431,5.990299071835301,6.32221929473392,0.3319202228986198,10
6432,6.175765649015272,6.32221929473392,0.1464536457186485,7
6433,6.193148740218562,6.32221929473392,0.12907055451535854,6
6434,6.108921902233188,6.32221929473392,0.2132973925007322,8
6435,6.145272135733479,6.600972895686748,0.4557007599532694,9
6436,6.091841057172089,6.600972895686748,0.5091318385146595,6
6437,6.085586662625304,6.600972895686748,0.5153862330614443,5
6438,6.092146739276766,6.600972895686748,0.5088261564099827,10
6439,6.19273404105707,6.600972895686748,0.408238854629678,1
6440,5.974935559594379,6.600972895686748,0.6260373360923692,8
6441,6.08275438928049,6.600972895686748,0.5182185064062583,7
6442,5.924546375051494,6.600972895686748,0.6764265206352542,3
6443,6.061781174154924,6.600972895686748,0.5391917215318243,2
6444,5.850396781014914,5.9954289654317074,0.14503218441679344,5
6445,6.200853780218103,5.9954289654317074,-0.20542481478639552,8
6446,5.492888621062796,5.9954289654317074,0.5025403443689118,9
6447,6.2742834117097805,5.9954289654317074,-0.2788544462780731,1
6448,5.861303672631919,5.9954289654317074,0.13412529279978802,2
6449,5.989032445110511,5.9954289654317074,0.0063965203211964194,3
6450,5.953766513803054,5.9954289654317074,0.04166245162865323,4
6451,6.074081030276703,5.9954289654317074,-0.07865206484499598,7
6452,5.618078575522041,5.9954289654317074,0.3773503899096662,10
6453,5.827373171790902,6.193124598354461,0.3657514265635591,9
6454,6.032240036715414,6.193124598354461,0.16088456163904752,8
6455,5.9624683211641925,6.193124598354461,0.2306562771902687,3
6456,5.858244429693853,6.193124598354461,0.3348801686606082,10
6457,5.9922310350161325,6.193124598354461,0.20089356333832864,6
6458,6.276577586187012,6.193124598354461,-0.08345298783255117,1
6459,6.059202333348662,6.193124598354461,0.13392226500579874,5
6460,6.0807750057864824,6.193124598354461,0.11234959256797872,2
6461,6.187243909306743,6.193124598354461,0.00588068904771788,4
6462,6.002747137213974,5.45075702813707,-0.5519901090769039,2
6463,6.254051083152606,5.45075702813707,-0.8032940550155363,4
6464,6.085739050998467,5.45075702813707,-0.6349820228613972,7
6465,6.194809069415453,5.45075702813707,-0.7440520412783833,3
6466,6.134416894405589,5.45075702813707,-0.6836598662685187,6
6467,6.319184747336156,5.45075702813707,-0.8684277191990866,1
6468,5.935347855154496,5.45075702813707,-0.48459082701742595,9
6469,6.204690862345501,5.45075702813707,-0.7539338342084312,8
6470,5.798085854830859,5.45075702813707,-0.34732882669378906,10
6471,6.279526396168888,6.283301228703549,0.0037748325346615985,1
6472,6.1003206578132545,6.283301228703549,0.18298057089029474,2
6473,6.175765649015272,6.283301228703549,0.10753557968827732,7
6474,6.1010850610636265,6.283301228703549,0.18221616763992277,5
6475,6.026696803283129,6.283301228703549,0.25660442542042006,9
6476,6.193148740218562,6.283301228703549,0.09015248848498736,6
6477,6.082289329985363,6.283301228703549,0.20101189871818637,3
6478,6.20682045756909,6.283301228703549,0.0764807711344595,4
6479,6.108921902233188,6.283301228703549,0.17437932647036103,8
6480,5.991776098571964,4.380211241711606,-1.6115648568603573,10
6481,6.084575754476947,4.380211241711606,-1.7043645127653404,9
6482,5.999391643592092,4.380211241711606,-1.6191804018804854,8
6483,6.049605616117638,4.380211241711606,-1.669394374406032,2
6484,5.87553511930951,4.380211241711606,-1.4953238775979036,6
6485,6.173464755717833,4.380211241711606,-1.793253514006227,7
6486,5.967983510292665,4.380211241711606,-1.587772268581059,3
6487,6.046833133174117,4.380211241711606,-1.666621891462511,4
6488,6.079920618625538,4.380211241711606,-1.6997093769139315,5
6489,6.108549627364702,6.230448921378274,0.12189929401357169,5
6490,6.18316937686985,6.230448921378274,0.047279544508423754,1
6491,6.172307518434596,6.230448921378274,0.05814140294367842,8
6492,6.167315785587965,6.230448921378274,0.06313313579030932,7
6493,6.161792992154085,6.230448921378274,0.06865592922418884,2
6494,6.166460110517983,6.230448921378274,0.06398881086029107,3
6495,6.197224772449864,6.230448921378274,0.03322414892840975,6
6496,6.128982365773552,6.230448921378274,0.10146655560472251,9
6497,6.022456855458629,6.230448921378274,0.2079920659196448,10
6498,6.038037188523563,6.278753600952829,0.24071641242926578,7
6499,6.052701087709363,6.278753600952829,0.22605251324346565,9
6500,6.0142001957758815,6.278753600952829,0.26455340517694736,10
6501,6.0016068330249865,6.278753600952829,0.2771467679278423,2
6502,6.048453562471185,6.278753600952829,0.23030003848164426,4
6503,6.072513991660343,6.278753600952829,0.20623960929248586,5
6504,6.013429718022461,6.278753600952829,0.26532388293036746,1
6505,6.08685963104747,6.278753600952829,0.191893969905359,8
6506,5.997156417661462,6.278753600952829,0.2815971832913666,6
6507,5.419386979348638,5.599883072073688,0.18049609272504963,10
6508,5.629035725108641,5.599883072073688,-0.02915265303495307,1
6509,5.560542593240874,5.599883072073688,0.03934047883281355,8
6510,5.654865319973551,5.599883072073688,-0.05498224789986317,3
6511,5.458285608275677,5.599883072073688,0.14159746379801064,2
6512,5.3349813059081805,5.599883072073688,0.2649017661655071,9
6513,5.333842917534818,5.599883072073688,0.26604015453887,6
6514,5.557495237946843,5.599883072073688,0.04238783412684466,4
6515,5.3605345628538945,5.599883072073688,0.23934850921979312,5
6516,5.010344201362334,4.153204900084284,-0.8571393012780497,8
6517,5.125321760298425,4.153204900084284,-0.9721168602141406,4
6518,5.042304258431318,4.153204900084284,-0.8890993583470337,5
6519,5.088399652028816,4.153204900084284,-0.9351947519445316,7
6520,5.150487717156998,4.153204900084284,-0.9972828170727137,6
6521,4.9222727350921005,4.153204900084284,-0.7690678350078164,2
6522,5.0716062568140465,4.153204900084284,-0.9184013567297624,9
6523,5.1337099351174835,4.153204900084284,-0.9805050350331994,10
6524,5.242146173161418,4.153204900084284,-1.0889412730771335,3
6525,6.0938499333793255,7.498310553789601,1.4044606204102754,4
6526,6.260675117260965,7.498310553789601,1.2376354365286355,8
6527,5.9986784672165365,7.498310553789601,1.4996320865730643,1
6528,5.067090082511755,7.498310553789601,2.431220471277846,9
6529,5.821469692885507,7.498310553789601,1.6768408609040941,6
6530,6.13849504618006,7.498310553789601,1.3598155076095413,3
6531,5.853331514425895,7.498310553789601,1.6449790393637063,2
6532,5.8049439341481275,7.498310553789601,1.6933666196414734,7
6533,5.683816322814488,7.498310553789601,1.8144942309751126,5
6534,6.351910266973799,6.357934847000454,0.00602458002665518,1
6535,6.338383390038711,6.357934847000454,0.019551456961742986,3
6536,6.082392319276597,6.357934847000454,0.27554252772385723,7
6537,6.18935670111824,6.357934847000454,0.16857814588221398,6
6538,6.113400406550956,6.357934847000454,0.24453444044949801,9
6539,6.18540644325416,6.357934847000454,0.17252840374629397,5
6540,6.449660322102733,6.357934847000454,-0.09172547510227869,2
6541,5.689176501196183,6.357934847000454,0.668758345804271,10
6542,6.493465906321947,6.357934847000454,-0.1355310593214929,4
6543,5.907283521714035,4.963787827345556,-0.9434956943684796,5
6544,5.559442041589423,4.963787827345556,-0.5956542142438677,10
6545,5.706707860472259,4.963787827345556,-0.7429200331267038,8
6546,5.3361977720941995,4.963787827345556,-0.372409944748644,9
6547,5.667796999622889,4.963787827345556,-0.7040091722773338,4
6548,5.657454376151168,4.963787827345556,-0.6936665488056128,3
6549,5.944390581375453,4.963787827345556,-0.9806027540298974,7
6550,5.760184873420356,4.963787827345556,-0.7963970460748007,6
6551,5.803890249161875,4.963787827345556,-0.8401024218163196,2
6552,6.0288042363309176,6.220108088040055,0.19130385170913744,5
6553,6.124153471091934,6.220108088040055,0.09595461694812091,9
6554,5.759764391689809,6.220108088040055,0.46034369635024586,3
6555,5.67765766334472,6.220108088040055,0.5424504246953346,8
6556,6.166809817749743,6.220108088040055,0.053298270290311756,1
6557,5.867880999029647,6.220108088040055,0.352227089010408,6
6558,6.046486420698303,6.220108088040055,0.17362166734175233,10
6559,5.9385527085005645,6.220108088040055,0.2815553795394905,2
6560,6.095761144137978,6.220108088040055,0.12434694390207657,4
6561,6.084781723437104,7.4954055631461936,1.4106238397090891,6
6562,6.017287058385976,7.4954055631461936,1.4781185047602179,4
6563,5.695327703711899,7.4954055631461936,1.8000778594342943,9
6564,5.900043587734735,7.4954055631461936,1.5953619754114587,2
6565,6.224316431182197,7.4954055631461936,1.271089131963997,8
6566,5.983824583534113,7.4954055631461936,1.5115809796120807,7
6567,6.01873084299118,7.4954055631461936,1.4766747201550139,5
6568,6.107012744672653,7.4954055631461936,1.3883928184735401,1
6569,6.124555453608733,7.4954055631461936,1.3708501095374608,3
6570,5.780793404634927,6.096910013008056,0.3161166083731288,3
6571,5.835911353734542,6.096910013008056,0.26099865927351384,1
6572,5.669483143402988,6.096910013008056,0.4274268696050685,10
6573,5.788362435090927,6.096910013008056,0.30854757791712917,4
6574,6.121392925562653,6.096910013008056,-0.024482912554597114,8
6575,5.780300695981438,6.096910013008056,0.316609317026618,6
6576,5.814755642434747,6.096910013008056,0.28215437057330917,7
6577,5.566573977162481,6.096910013008056,0.5303360358455755,9
6578,5.694419950200453,6.096910013008056,0.4024900628076029,2
6579,5.972799345107559,5.149834696715785,-0.8229646483917739,6
6580,6.152080134964378,5.149834696715785,-1.0022454382485932,8
6581,5.8329601582825354,5.149834696715785,-0.6831254615667506,9
6582,6.1261155522273905,5.149834696715785,-0.9762808555116056,1
6583,6.102395389193528,5.149834696715785,-0.9525606924777428,5
6584,5.887077422798841,5.149834696715785,-0.7372427260830561,10
6585,6.222597387674553,5.149834696715785,-1.0727626909587684,4
6586,6.0045319497478475,5.149834696715785,-0.8546972530320627,2
6587,5.981859825682979,5.149834696715785,-0.832025128967194,3
6588,5.910071906762431,6.0,0.08992809323756923,2
6589,5.827847004031756,6.0,0.1721529959682444,3
6590,6.032031942109831,6.0,-0.03203194210983096,4
6591,6.090054549867988,6.0,-0.09005454986798789,8
6592,5.971393340374919,6.0,0.028606659625080688,1
6593,6.084305713526103,6.0,-0.08430571352610272,5
6594,5.927198594771987,6.0,0.07280140522801304,10
6595,5.8226491011807635,6.0,0.1773508988192365,6
6596,5.862481133604725,6.0,0.13751886639527466,9
6597,6.136907690911103,5.939808685806208,-0.19709900510489575,1
6598,6.050276623000205,5.939808685806208,-0.11046793719399783,8
6599,5.9831624336479035,5.939808685806208,-0.04335374784169588,10
6600,6.046164886329683,5.939808685806208,-0.10635620052347505,9
6601,6.09486240201266,5.939808685806208,-0.15505371620645203,5
6602,6.175466582507326,5.939808685806208,-0.23565789670111847,7
6603,5.988304600454832,5.939808685806208,-0.04849591464862435,2
6604,6.063474075924883,5.939808685806208,-0.12366539011867506,4
6605,5.972408804492906,5.939808685806208,-0.03260011868669821,3
6606,6.124249275782459,5.888179493918325,-0.23606978186413397,6
6607,6.40189424733581,5.888179493918325,-0.5137147534174851,5
6608,6.277569863390029,5.888179493918325,-0.38939036947170447,2
6609,6.093230166082786,5.888179493918325,-0.20505067216446093,10
6610,6.061495446626,5.888179493918325,-0.17331595270767508,9
6611,6.318571393743875,5.888179493918325,-0.43039189982555026,4
6612,6.123982620812437,5.888179493918325,-0.23580312689411187,3
6613,6.270463912644016,5.888179493918325,-0.38228441872569086,8
6614,6.351845101103146,5.888179493918325,-0.4636656071848213,1
6615,6.200575707314413,6.060697840353612,-0.13987786696080118,5
6616,6.057450004747479,6.060697840353612,0.003247835606132732,9
6617,6.121142928530218,6.060697840353612,-0.0604450881766061,10
6618,6.324992470349518,6.060697840353612,-0.2642946299959066,8
6619,6.2335142195921485,6.060697840353612,-0.17281637923853665,2
6620,6.203429683877343,6.060697840353612,-0.14273184352373125,3
6621,6.280742632328352,6.060697840353612,-0.22004479197474058,4
6622,6.130271883164547,6.060697840353612,-0.06957404281093549,6
6623,6.38127882787404,6.060697840353612,-0.32058098752042863,1
6624,5.987903173335255,5.814394112097142,-0.1735090612381125,8
6625,5.9961959269211995,5.814394112097142,-0.18180181482405722,2
6626,5.999954080850362,5.814394112097142,-0.18555996875321945,4
6627,5.8998135714499265,5.814394112097142,-0.08541945935278417,6
6628,5.998923188909366,5.814394112097142,-0.18452907681222364,3
6629,6.042420863900954,5.814394112097142,-0.22802675180381193,5
6630,6.104117969792738,5.814394112097142,-0.28972385769559583,9
6631,5.998089516014019,5.814394112097142,-0.183695403916877,10
6632,6.1353114738519166,5.814394112097142,-0.32091736175477426,7
6633,6.099313042967128,6.060932673519882,-0.03838036944724621,8
6634,6.034643863578814,6.060932673519882,0.02628880994106808,2
6635,6.037481617721353,6.060932673519882,0.02345105579852902,10
6636,6.062399793631642,6.060932673519882,-0.0014671201117604227,5
6637,6.121361758549319,6.060932673519882,-0.06042908502943689,3
6638,6.190752260460317,6.060932673519882,-0.12981958694043527,1
6639,6.074074829009689,6.060932673519882,-0.013142155489807017,4
6640,6.131100069575576,6.060932673519882,-0.07016739605569455,9
6641,6.1411141290956905,6.060932673519882,-0.08018145557580869,7
6642,5.9952639734521345,6.167317334748176,0.1720533612960411,10
6643,5.943389612160314,6.167317334748176,0.2239277225878613,2
6644,5.9565312723549,6.167317334748176,0.21078606239327513,6
6645,6.098706132662738,6.167317334748176,0.06861120208543792,9
6646,5.9754615658154036,6.167317334748176,0.191855768932772,8
6647,6.135180145696602,6.167317334748176,0.032137189051573145,1
6648,6.038589830261061,6.167317334748176,0.12872750448711479,3
6649,5.9945254564545785,6.167317334748176,0.1727918782935971,5
6650,5.9733276566267195,6.167317334748176,0.19398967812145607,4
6651,6.709197553344843,6.298853076409706,-0.410344476935137,9
6652,6.380655432173598,6.298853076409706,-0.08180235576389183,3
6653,6.653465129375997,6.298853076409706,-0.3546120529662904,5
6654,6.475853137810834,6.298853076409706,-0.17700006140112734,6
6655,6.711986447443514,6.298853076409706,-0.41313337103380743,4
6656,6.768764423428353,6.298853076409706,-0.46991134701864645,2
6657,6.823744781159697,6.298853076409706,-0.524891704749991,1
6658,6.603592380344158,6.298853076409706,-0.3047393039344515,8
6659,6.58744122752755,6.298853076409706,-0.2885881511178434,10
6660,6.0177742638067935,6.079181246047625,0.06140698224083163,2
6661,5.870797722710371,6.079181246047625,0.20838352333725396,6
6662,6.012764631881654,6.079181246047625,0.06641661416597078,9
6663,5.967340838741864,6.079181246047625,0.1118404073057615,4
6664,6.036296174427512,6.079181246047625,0.04288507162011346,1
6665,5.81231499108021,6.079181246047625,0.26686625496741545,3
6666,6.02142606447573,6.079181246047625,0.05775518157189552,7
6667,5.94866977143733,6.079181246047625,0.13051147461029533,5
6668,6.028931280521757,6.079181246047625,0.050249965525868134,10
6669,5.739507729662474,5.663700925389648,-0.07580680427282616,2
6670,5.7842139845666924,5.663700925389648,-0.12051305917704447,5
6671,5.853591136696528,5.663700925389648,-0.18989021130687966,7
6672,5.814680916163673,5.663700925389648,-0.15097999077402502,1
6673,5.823894276871537,5.663700925389648,-0.1601933514818894,6
6674,5.748291783817558,5.663700925389648,-0.08459085842790959,8
6675,5.833681988593291,5.663700925389648,-0.16998106320364315,4
6676,5.90262106142414,5.663700925389648,-0.23892013603449236,9
6677,5.931848622225003,5.663700925389648,-0.26814769683535467,10
6678,5.50125404419741,6.004321373782642,0.5030673295852326,7
6679,5.1988428833886,6.004321373782642,0.8054784903940426,9
6680,5.268539144873829,6.004321373782642,0.7357822289088132,2
6681,5.62373076169903,6.004321373782642,0.380590612083612,3
6682,5.517189173712997,6.004321373782642,0.4871322000696452,1
6683,5.563443284280713,6.004321373782642,0.4408780895019291,8
6684,5.402865935751662,6.004321373782642,0.60145543803098,4
6685,5.341596756902609,6.004321373782642,0.6627246168800331,5
6686,5.705869886772695,6.004321373782642,0.29845148700994706,6
6687,5.692496216457491,6.222716471147583,0.530220254690092,5
6688,5.9004681830492665,6.222716471147583,0.32224828809831685,8
6689,5.689310733971402,6.222716471147583,0.5334057371761816,10
6690,5.8559222567740195,6.222716471147583,0.36679421437356385,1
6691,5.691816303666949,6.222716471147583,0.5309001674806346,2
6692,5.836200298835332,6.222716471147583,0.386516172312251,7
6693,5.677710554577383,6.222716471147583,0.5450059165701999,9
6694,5.824256296017168,6.222716471147583,0.3984601751304151,4
6695,6.026547097092535,6.222716471147583,0.19616937405504853,6
6696,5.623923164287971,6.079181246047625,0.4552580817596539,5
6697,5.9464940461184534,6.079181246047625,0.13268719992917166,3
6698,5.7844153828178335,6.079181246047625,0.2947658632297916,7
6699,5.88044379085635,6.079181246047625,0.19873745519127528,8
6700,5.838997679706556,6.079181246047625,0.2401835663410692,1
6701,5.936226512770951,6.079181246047625,0.14295473327667452,6
6702,5.424864080775835,6.079181246047625,0.6543171652717898,9
6703,5.41861792866716,6.079181246047625,0.6605633173804648,10
6704,5.587980119897873,6.079181246047625,0.4912011261497522,2
6705,5.270493036004178,5.786751422145561,0.5162583861413825,3
6706,4.977246409123104,5.786751422145561,0.8095050130224566,10
6707,5.2641264471680325,5.786751422145561,0.5226249749775285,1
6708,5.36381552309404,5.786751422145561,0.42293589905152107,4
6709,5.2681865967500885,5.786751422145561,0.5185648253954724,6
6710,5.441620782580856,5.786751422145561,0.34513063956470535,8
6711,4.9299203663672,5.786751422145561,0.8568310557783612,9
6712,4.991550100526198,5.786751422145561,0.7952013216193627,2
6713,5.184635563001413,5.786751422145561,0.6021158591441482,7
6714,6.241488193235549,6.176091259055681,-0.06539693417986747,7
6715,6.281660136634507,6.176091259055681,-0.10556887757882549,9
6716,6.134563146553498,6.176091259055681,0.041528112502183134,10
6717,6.066231643966587,6.176091259055681,0.10985961508909448,5
6718,6.140951641413805,6.176091259055681,0.03513961764187634,2
6719,6.26340233212628,6.176091259055681,-0.08731107307059904,4
6720,6.1710189130229685,6.176091259055681,0.005072346032712893,1
6721,5.823899038101246,6.176091259055681,0.3521922209544357,8
6722,5.825670340781545,6.176091259055681,0.35042091827413646,3
6723,5.551994125592633,6.079181246047625,0.5271871204549923,6
6724,5.786894189439648,6.079181246047625,0.29228705660797694,3
6725,6.252386066430414,6.079181246047625,-0.1732048203827885,4
6726,6.029778884190715,6.079181246047625,0.04940236185691038,5
6727,6.127026781751481,6.079181246047625,-0.04784553570385608,1
6728,5.773578596547529,6.079181246047625,0.30560264950009586,8
6729,6.2302393512164125,6.079181246047625,-0.15105810516878737,7
6730,6.346596644389392,6.079181246047625,-0.2674153983417673,9
6731,6.0989903857022885,6.079181246047625,-0.019809139654663355,2
6732,6.149981675685468,5.995196291597179,-0.15478538408828868,5
6733,6.215929264106097,5.995196291597179,-0.22073297250891777,1
6734,6.082957083745269,5.995196291597179,-0.08776079214808963,10
6735,6.306910080641373,5.995196291597179,-0.31171378904419367,7
6736,6.007379641250536,5.995196291597179,-0.012183349653356323,3
6737,6.1631996091965915,5.995196291597179,-0.16800331759941223,2
6738,5.999230256714587,5.995196291597179,-0.004033965117407945,8
6739,5.819803445448469,5.995196291597179,0.17539284614871065,6
6740,6.327164639191127,5.995196291597179,-0.3319683475939481,4
6741,5.754456357028361,6.079181246047625,0.3247248890192642,6
6742,6.212962624373489,6.079181246047625,-0.1337813783258639,7
6743,6.123334243882708,6.079181246047625,-0.04415299783508253,2
6744,6.147454534538418,6.079181246047625,-0.06827328849079262,1
6745,6.034954445882906,6.079181246047625,0.04422680016471947,5
6746,5.865761080536906,6.079181246047625,0.21342016551071907,3
6747,6.254124666068335,6.079181246047625,-0.17494342002070962,4
6748,6.09485314543498,6.079181246047625,-0.015671899387355026,10
6749,5.894200301981674,6.079181246047625,0.18498094406595111,8
6750,5.879399495537384,6.0,0.12060050446261616,8
6751,5.831650340670765,6.0,0.16834965932923485,5
6752,6.13449574459984,6.0,-0.13449574459983982,9
6753,5.971677522493333,6.0,0.028322477506667276,4
6754,5.6424547655012205,6.0,0.3575452344987795,6
6755,5.927766973873147,6.0,0.07223302612685334,1
6756,5.966868878131341,6.0,0.033131121868659186,10
6757,5.974141054484479,6.0,0.02585894551552137,2
6758,5.627476060178359,6.0,0.3725239398216411,3
6759,5.764509219336165,6.015359755409214,0.25085053607304975,6
6760,5.954055368072579,6.015359755409214,0.06130438733663546,10
6761,5.998835060680564,6.015359755409214,0.016524694728650147,2
6762,5.935285474323184,6.015359755409214,0.08007428108603065,8
6763,5.966642399564987,6.015359755409214,0.04871735584422776,1
6764,5.738088082547324,6.015359755409214,0.2772716728618905,3
6765,6.051827052488269,6.015359755409214,-0.03646729707905472,7
6766,5.85984118990421,6.015359755409214,0.15551856550500442,5
6767,6.020773945661872,6.015359755409214,-0.005414190252657214,4
6768,5.653937799874987,5.5301996982030825,-0.12373810167190413,6
6769,5.238217015223427,5.5301996982030825,0.2919826829796559,10
6770,5.35756818938418,5.5301996982030825,0.17263150881890255,9
6771,5.597014553961721,5.5301996982030825,-0.0668148557586381,1
6772,5.4562105802409135,5.5301996982030825,0.073989117962169,7
6773,5.8497853460406715,5.5301996982030825,-0.3195856478375889,8
6774,5.768621219368662,5.5301996982030825,-0.2384215211655798,3
6775,5.591168595503828,5.5301996982030825,-0.06096889730074562,5
6776,5.673788955365317,5.5301996982030825,-0.14358925716223414,4
6777,5.8423348402270445,6.0,0.15766515977295548,1
6778,6.004700357694789,6.0,-0.004700357694789048,8
6779,5.695921968803028,6.0,0.30407803119697174,2
6780,5.983080707422533,6.0,0.016919292577466827,3
6781,5.737958782661685,6.0,0.2620412173383153,9
6782,5.808572769792584,6.0,0.1914272302074158,5
6783,5.693173063327878,6.0,0.30682693667212213,10
6784,5.949343108845256,6.0,0.05065689115474381,6
6785,5.870518173624706,6.0,0.1294818263752937,4
6786,5.881037843574882,6.330413773349191,0.44937592977430896,4
6787,5.849284679498166,6.330413773349191,0.48112909385102487,6
6788,5.5386469205009465,6.330413773349191,0.7917668528482444,9
6789,5.46290304395789,6.330413773349191,0.8675107293913014,10
6790,6.0219794342933275,6.330413773349191,0.3084343390558635,3
6791,5.879214878493177,6.330413773349191,0.45119889485601394,1
6792,5.7461587387304185,6.330413773349191,0.5842550346187725,7
6793,5.782489551964665,6.330413773349191,0.5479242213845259,5
6794,6.007918218596349,6.330413773349191,0.32249555475284186,8
6795,6.0633934117437915,5.607455023214668,-0.4559383885291233,9
6796,6.09744169911546,5.607455023214668,-0.48998667590079137,8
6797,5.963826563699355,5.607455023214668,-0.35637154048468656,10
6798,5.942956837665521,5.607455023214668,-0.33550181445085236,2
6799,5.971369981892332,5.607455023214668,-0.36391495867766377,7
6800,5.819404488300248,5.607455023214668,-0.21194946508557955,3
6801,5.964666358751526,5.607455023214668,-0.35721133553685736,6
6802,5.987236735418191,5.607455023214668,-0.3797817122035223,1
6803,5.871494255702911,5.607455023214668,-0.26403923248824235,5
6804,6.0140636597315655,6.103461622094705,0.08939796236313935,9
6805,6.100476986528424,6.103461622094705,0.0029846355662810353,8
6806,5.950372206606743,6.103461622094705,0.15308941548796184,10
6807,6.091479465799046,6.103461622094705,0.011982156295658797,1
6808,5.991413355316498,6.103461622094705,0.11204826677820723,6
6809,6.011247382238754,6.103461622094705,0.09221423985595045,2
6810,5.944637739144335,6.103461622094705,0.15882388295036964,5
6811,6.052538263984908,6.103461622094705,0.05092335810979698,4
6812,6.049985885145626,6.103461622094705,0.053475736949079256,7
6813,6.062431684325409,6.024731889655249,-0.037699794670159825,8
6814,5.791805153856685,6.024731889655249,0.23292673579856427,5
6815,5.862795759088462,6.024731889655249,0.16193613056678746,2
6816,5.880073779552112,6.024731889655249,0.144658110103137,1
6817,5.880051582422411,6.024731889655249,0.14468030723283842,4
6818,5.887897833016067,6.024731889655249,0.1368340566391817,7
6819,5.916152846471222,6.024731889655249,0.10857904318402678,6
6820,5.964711188528026,6.024731889655249,0.060020701127222686,10
6821,6.091555857865474,6.024731889655249,-0.06682396821022518,9
6822,5.836173084719543,4.711807229041191,-1.1243658556783522,1
6823,5.937259293096659,4.711807229041191,-1.2254520640554682,3
6824,5.686699181270247,4.711807229041191,-0.974891952229056,9
6825,5.762860070052546,4.711807229041191,-1.051052841011355,2
6826,5.636058139582667,4.711807229041191,-0.9242509105414767,10
6827,5.762300866864408,4.711807229041191,-1.0504936378232168,6
6828,5.6821337128910905,4.711807229041191,-0.9703264838498997,7
6829,5.7677561393517,4.711807229041191,-1.0559489103105095,4
6830,5.703522080164119,4.711807229041191,-0.9917148511229286,5
6831,6.004091882109646,5.824054205231849,-0.18003767687779693,1
6832,5.852728518007376,5.824054205231849,-0.0286743127755269,6
6833,6.054869822803634,5.824054205231849,-0.23081561757178548,3
6834,5.81887603317875,5.824054205231849,0.005178172053098784,2
6835,5.85509187148945,5.824054205231849,-0.031037666257601515,5
6836,6.084463446750216,5.824054205231849,-0.2604092415183672,8
6837,5.8568472611886655,5.824054205231849,-0.03279305595681681,7
6838,5.899881226694748,5.824054205231849,-0.07582702146289932,10
6839,5.97068341514566,5.824054205231849,-0.14662920991381156,9
6840,5.619957041727375,6.301029995663981,0.6810729539366065,2
6841,5.602625373242778,6.301029995663981,0.6984046224212035,1
6842,5.640164216642449,6.301029995663981,0.660865779021532,6
6843,5.760471507374036,6.301029995663981,0.5405584882899452,8
6844,5.572064856806321,6.301029995663981,0.7289651388576601,4
6845,5.49693624150625,6.301029995663981,0.8040937541577309,3
6846,5.549234114477191,6.301029995663981,0.7517958811867906,10
6847,5.550619937682358,6.301029995663981,0.7504100579816235,5
6848,5.610123722435072,6.301029995663981,0.6909062732289089,9
6849,6.2749144699138855,6.188647295999718,-0.08626717391416783,1
6850,6.084898966180766,6.188647295999718,0.10374832981895121,2
6851,6.1349237573021425,6.188647295999718,0.05372353869757518,6
6852,6.18478037209977,6.188647295999718,0.003866923899948027,3
6853,6.2780190938667655,6.188647295999718,-0.08937179786704785,7
6854,5.841021303145077,6.188647295999718,0.347625992854641,10
6855,5.758717560903885,6.188647295999718,0.42992973509583265,9
6856,6.175452114241663,6.188647295999718,0.013195181758054453,5
6857,6.297091077223635,6.188647295999718,-0.10844378122391696,4
6858,6.204447501599113,6.977723605288848,0.7732761036897342,5
6859,6.249161865046612,6.977723605288848,0.7285617402422355,3
6860,6.303856950527495,6.977723605288848,0.673866654761353,7
6861,6.162807963296603,6.977723605288848,0.8149156419922443,8
6862,6.3273240839978575,6.977723605288848,0.6503995212909901,4
6863,6.262122864738465,6.977723605288848,0.715600740550383,1
6864,6.078156934139865,6.977723605288848,0.8995666711489827,2
6865,5.727203857531806,6.977723605288848,1.2505197477570418,9
6866,5.829025659797615,6.977723605288848,1.1486979454912323,10
6867,6.103966856974304,6.0,-0.10396685697430375,7
6868,5.997154962259083,6.0,0.0028450377409168226,2
6869,5.947810815905653,6.0,0.05218918409434714,5
6870,6.00026291401226,6.0,-0.00026291401225986277,8
6871,5.989128129597461,6.0,0.01087187040253923,6
6872,5.675968816894752,6.0,0.32403118310524803,9
6873,5.9253832754096765,6.0,0.07461672459032354,3
6874,6.133121176324143,6.0,-0.1331211763241429,4
6875,6.148979825728009,6.0,-0.14897982572800927,1
6876,6.159124725259156,4.103803720955957,-2.055321004303199,2
6877,6.108025636310627,4.103803720955957,-2.0042219153546696,6
6878,5.948863622011313,4.103803720955957,-1.8450599010553557,9
6879,6.290608378672259,4.103803720955957,-2.1868046577163014,4
6880,6.273099416992479,4.103803720955957,-2.1692956960365217,1
6881,6.100456951763884,4.103803720955957,-1.9966532308079268,8
6882,6.255224709629315,4.103803720955957,-2.151420988673358,7
6883,6.065113781234992,4.103803720955957,-1.9613100602790343,10
6884,6.197948125059659,4.103803720955957,-2.0941444041037016,5
6885,6.180644265205818,6.720572720364261,0.5399284551584431,4
6886,5.945204333566683,6.720572720364261,0.7753683867975782,9
6887,6.05303908589769,6.720572720364261,0.6675336344665714,3
6888,6.188973382020632,6.720572720364261,0.5315993383436295,6
6889,6.132238992866817,6.720572720364261,0.5883337274974441,7
6890,6.044166417400265,6.720572720364261,0.6764063029639962,2
6891,5.991877578419201,6.720572720364261,0.7286951419450602,10
6892,6.111631486212796,6.720572720364261,0.6089412341514651,8
6893,6.033567836326621,6.720572720364261,0.6870048840376404,5
6894,6.132895078609179,6.103803720955957,-0.029091357653221905,7
6895,6.029142071926095,6.103803720955957,0.07466164902986261,2
6896,6.1557372356925235,6.103803720955957,-0.051933514736566266,4
6897,5.942482170050685,6.103803720955957,0.16132155090527256,3
6898,5.9896170900050345,6.103803720955957,0.11418663095092274,5
6899,5.996941175103506,6.103803720955957,0.10686254585245081,6
6900,5.7313699134352,6.103803720955957,0.37243380752075694,9
6901,6.198295332698909,6.103803720955957,-0.09449161174295195,1
6902,6.01555974040187,6.103803720955957,0.08824398055408711,8
6903,5.836427348649388,6.0,0.16357265135061194,3
6904,5.962927238147342,6.0,0.03707276185265762,9
6905,6.222957231903466,6.0,-0.22295723190346628,5
6906,5.994412995126353,6.0,0.005587004873646606,6
6907,6.002795770149732,6.0,-0.002795770149732313,7
6908,5.997439573808448,6.0,0.0025604261915521676,10
6909,6.226977794171887,6.0,-0.22697779417188713,2
6910,6.024508111203845,6.0,-0.024508111203845218,8
6911,6.178148280392875,6.0,-0.17814828039287534,1
6912,6.1003640802313415,6.0,-0.10036408023134147,1
6913,5.886503836750546,6.0,0.11349616324945444,10
6914,6.15151551717744,6.0,-0.15151551717744027,7
6915,6.187173120447275,6.0,-0.18717312044727485,4
6916,5.743660241538347,6.0,0.25633975846165313,9
6917,5.9794832680231265,6.0,0.020516731976873537,2
6918,5.960266343200609,6.0,0.03973365679939089,3
6919,5.982167629253593,6.0,0.0178323707464072,6
6920,6.022525724802619,6.0,-0.02252572480261872,5
6921,5.979753394193216,5.342422680822207,-0.6373307133710098,8
6922,5.954243579253714,5.342422680822207,-0.6118208984315077,3
6923,6.01064406885707,5.342422680822207,-0.6682213880348638,2
6924,6.033424939516739,5.342422680822207,-0.6910022586945326,4
6925,6.150978300643313,5.342422680822207,-0.8085556198211066,7
6926,6.027275264647212,5.342422680822207,-0.6848525838250055,5
6927,6.019788125355869,5.342422680822207,-0.6773654445336623,9
6928,5.884085191312356,5.342422680822207,-0.5416625104901494,6
6929,6.15275760912444,5.342422680822207,-0.8103349283022334,1
6930,5.687749086511609,6.079181246047625,0.3914321595360164,7
6931,5.963083068320531,6.079181246047625,0.11609817772709441,8
6932,5.45968308735333,6.079181246047625,0.6194981586942951,10
6933,5.429127945338704,6.079181246047625,0.6500533007089215,9
6934,5.840859718835621,6.079181246047625,0.23832152721200384,4
6935,5.9331923791238195,6.079181246047625,0.14598886692380564,3
6936,5.57591069828567,6.079181246047625,0.5032705477619555,2
6937,5.7885686612272815,6.079181246047625,0.2906125848203436,1
6938,5.692964686906615,6.079181246047625,0.38621655914101005,5
6939,5.995750857373006,6.278753600952829,0.28300274357982325,2
6940,6.0098757666645275,6.278753600952829,0.26887783428830137,8
6941,6.146716907100101,6.278753600952829,0.13203669385272754,7
6942,6.281995252241061,6.278753600952829,-0.0032416512882322834,9
6943,5.986637385922432,6.278753600952829,0.2921162150303971,3
6944,6.2101990618793055,6.278753600952829,0.06855453907352338,5
6945,6.194129105329175,6.278753600952829,0.08462449562365393,10
6946,6.049300600935529,6.278753600952829,0.2294530000173003,4
6947,6.225950535297181,6.278753600952829,0.05280306565564796,1
6948,6.114596142811913,6.414973347970818,0.3003772051589051,10
6949,6.1772304129921345,6.414973347970818,0.2377429349786837,9
6950,6.270268022507795,6.414973347970818,0.14470532546302284,1
6951,6.184211073787858,6.414973347970818,0.23076227418296025,5
6952,6.1055422789704865,6.414973347970818,0.3094310690003317,4
6953,6.173695244421717,6.414973347970818,0.24127810354910117,7
6954,5.996909937639278,6.414973347970818,0.4180634103315404,3
6955,6.068936024325679,6.414973347970818,0.34603732364513906,8
6956,5.935647807128217,6.414973347970818,0.47932554084260115,6
6957,6.150648229140719,5.77451696572855,-0.3761312634121694,7
6958,6.0805709211603265,5.77451696572855,-0.3060539554317767,10
6959,6.2235255005883525,5.77451696572855,-0.44900853485980274,5
6960,5.9471751059194595,5.77451696572855,-0.17265814019090975,2
6961,6.078180814136698,5.77451696572855,-0.3036638484081484,4
6962,5.768675546705949,5.77451696572855,0.0058414190226008245,3
6963,5.989315447194097,5.77451696572855,-0.21479848146554748,9
6964,6.0567243640992094,5.77451696572855,-0.28220739837065967,1
6965,5.961970025497569,5.77451696572855,-0.1874530597690196,6
6966,5.473491767681047,6.377124042346456,0.9036322746654095,4
6967,5.505580011189267,6.377124042346456,0.8715440311571889,3
6968,5.087750116568922,6.377124042346456,1.289373925777534,9
6969,5.57436657697941,6.377124042346456,0.802757465367046,6
6970,4.899998666814893,6.377124042346456,1.4771253755315632,10
6971,5.229440114100392,6.377124042346456,1.1476839282460647,7
6972,4.979919240103725,6.377124042346456,1.3972048022427312,5
6973,5.41140388160492,6.377124042346456,0.9657201607415367,1
6974,5.994592083120129,6.377124042346456,0.382531959226327,8
6975,6.068469673923296,5.93801909747621,-0.13045057644708624,2
6976,6.085482965541799,5.93801909747621,-0.1474638680655893,5
6977,6.208371586389027,5.93801909747621,-0.2703524889128168,6
6978,6.242894538821628,5.93801909747621,-0.304875441345418,1
6979,6.05756009071642,5.93801909747621,-0.11954099324020984,3
6980,6.058990174808177,5.93801909747621,-0.12097107733196744,8
6981,6.196461670437057,5.93801909747621,-0.25844257296084727,4
6982,6.068404569573975,5.93801909747621,-0.13038547209776485,9
6983,6.1413466294810295,5.93801909747621,-0.20332753200481957,7
6984,5.5117584705585845,6.0,0.4882415294414155,4
6985,5.457607980743442,6.0,0.5423920192565577,9
6986,5.546543341229915,6.0,0.4534566587700848,1
6987,5.525058773626843,6.0,0.47494122637315694,8
6988,5.489729091958352,6.0,0.5102709080416483,6
6989,5.516444709857754,6.0,0.4835552901422462,7
6990,5.447291265380946,6.0,0.5527087346190536,3
6991,5.603205343377587,6.0,0.3967946566224132,2
6992,5.406037661536075,6.0,0.5939623384639248,5
6993,5.889122201461169,6.332236415491443,0.44311421403027396,8
6994,5.552055158775891,6.332236415491443,0.7801812567155517,2
6995,5.234450011234517,6.332236415491443,1.0977864042569259,9
6996,5.624500910282221,6.332236415491443,0.7077355052092216,1
6997,5.721821910261763,6.332236415491443,0.6104145052296799,7
6998,5.7123319344219174,6.332236415491443,0.6199044810695256,6
6999,5.75477224121702,6.332236415491443,0.5774641742744233,3
7000,5.308907940353205,6.332236415491443,1.0233284751382383,10
7001,5.450984005026173,6.332236415491443,0.8812524104652697,5
7002,5.499025732427182,6.176091259055681,0.6770655266284997,2
7003,5.802642132103271,6.176091259055681,0.3734491269524103,8
7004,5.613658452995007,6.176091259055681,0.5624328060606745,4
7005,5.5546529408852034,6.176091259055681,0.6214383181704779,3
7006,5.6947260897764584,6.176091259055681,0.4813651692792229,1
7007,5.389424317632154,6.176091259055681,0.786666941423527,5
7008,5.492075199174853,6.176091259055681,0.684016059880828,7
7009,5.1648074542545315,6.176091259055681,1.0112838048011499,10
7010,5.223381274166511,6.176091259055681,0.9527099848891707,9
7011,5.984451115347414,6.165244326125311,0.1807932107778969,5
7012,5.85609542283436,6.165244326125311,0.3091489032909509,3
7013,5.945759047892719,6.165244326125311,0.21948527823259223,7
7014,5.857066903685264,6.165244326125311,0.3081774224400471,9
7015,5.84307596419542,6.165244326125311,0.32216836192989096,4
7016,6.0209792742935555,6.165244326125311,0.14426505183175564,8
7017,5.868901582375212,6.165244326125311,0.29634274375009895,2
7018,5.857440659349056,6.165244326125311,0.30780366677625537,6
7019,6.012024152082569,6.165244326125311,0.15322017404274213,1
7020,6.921580300539159,6.969415912353981,0.04783561181482199,9
7021,7.275340542791161,6.969415912353981,-0.3059246304371799,6
7022,7.010842140753824,6.969415912353981,-0.04142622839984256,3
7023,7.021386698814084,6.969415912353981,-0.051970786460102225,4
7024,7.244398454347613,6.969415912353981,-0.2749825419936318,8
7025,7.014802648823195,6.969415912353981,-0.04538673646921332,7
7026,7.031129551373672,6.969415912353981,-0.061713639019690625,1
7027,6.901680933028016,6.969415912353981,0.06773497932596495,10
7028,7.092190511759039,6.969415912353981,-0.12277459940505775,5
7029,6.042270631435819,6.447158031342219,0.4048873999064,10
7030,6.238807221187215,6.447158031342219,0.20835081015500467,6
7031,6.071572488741352,6.447158031342219,0.3755855426008674,2
7032,5.937819014405343,6.447158031342219,0.5093390169368766,8
7033,6.160043906324859,6.447158031342219,0.2871141250173608,4
7034,6.053874211568358,6.447158031342219,0.3932838197738615,7
7035,6.201419059499089,6.447158031342219,0.24573897184313065,9
7036,6.156912099524594,6.447158031342219,0.29024593181762537,3
7037,6.027509272315723,6.447158031342219,0.41964875902649634,5
7038,6.221361393123891,6.72916478969277,0.5078033965688791,9
7039,6.064549243615622,6.72916478969277,0.6646155460771475,3
7040,6.145028457275403,6.72916478969277,0.5841363324173665,7
7041,6.0981829909939815,6.72916478969277,0.6309817986987882,2
7042,6.087163905239437,6.72916478969277,0.6420008844533331,5
7043,6.222126673596005,6.72916478969277,0.5070381160967647,10
7044,6.23320899343151,6.72916478969277,0.49595579626125996,4
7045,6.089860724946573,6.72916478969277,0.6393040647461969,6
7046,6.058643607697901,6.72916478969277,0.6705211819948689,8
7047,6.731872609672197,6.3979400086720375,-0.33393260100015976,9
7048,6.564415075513846,6.3979400086720375,-0.16647506684180868,2
7049,6.518651290960006,6.3979400086720375,-0.12071128228796812,1
7050,6.481128749048037,6.3979400086720375,-0.08318874037599944,6
7051,6.4809057393709475,6.3979400086720375,-0.08296573069891,8
7052,6.589095499220477,6.3979400086720375,-0.1911554905484394,10
7053,6.588414810887885,6.3979400086720375,-0.19047480221584756,4
7054,6.536305671881637,6.3979400086720375,-0.13836566320959953,3
7055,6.662095484609865,6.3979400086720375,-0.2641554759378275,5
7056,6.296164786022715,6.4269989587565375,0.13083417273382292,10
7057,6.252714791559205,6.4269989587565375,0.17428416719733253,1
7058,6.240852626283682,6.4269989587565375,0.1861463324728554,2
7059,6.278444957013831,6.4269989587565375,0.14855400174270628,4
7060,6.227874931618929,6.4269989587565375,0.1991240271376089,6
7061,6.251268960097729,6.4269989587565375,0.17572999865880856,5
7062,6.22243721530244,6.4269989587565375,0.2045617434540974,7
7063,6.409994246481276,6.4269989587565375,0.017004712275261902,9
7064,6.245421551688878,6.4269989587565375,0.18157740706765946,3
7065,6.350082622070902,4.778151250383644,-1.571931371687258,9
7066,6.18347619019008,4.778151250383644,-1.4053249398064365,6
7067,6.2553569506770925,4.778151250383644,-1.4772057002934487,7
7068,6.297012893969597,4.778151250383644,-1.5188616435859528,4
7069,6.290706194565337,4.778151250383644,-1.5125549441816935,8
7070,6.215907018677639,4.778151250383644,-1.4377557682939948,3
7071,6.2726208066753815,4.778151250383644,-1.4944695562917376,5
7072,6.307507058023179,4.778151250383644,-1.5293558076395355,1
7073,6.24797644715193,4.778151250383644,-1.4698251967682863,10
7074,6.1012951072021435,6.380211241711606,0.27891613450946284,8
7075,6.265600779448037,6.380211241711606,0.11461046226356952,6
7076,6.2402802179630426,6.380211241711606,0.1399310237485638,3
7077,6.099560836578255,6.380211241711606,0.2806504051333514,1
7078,6.184553479701987,6.380211241711606,0.1956577620096196,9
7079,6.063996605220755,6.380211241711606,0.3162146364908516,7
7080,6.180668973591467,6.380211241711606,0.19954226812013953,4
7081,6.052047399326625,6.380211241711606,0.3281638423849813,10
7082,6.042781949114289,6.380211241711606,0.33742929259731724,5
7083,5.9751298158414015,6.3979400086720375,0.42281019283063603,2
7084,6.052903665375065,6.3979400086720375,0.3450363432969725,5
7085,5.822056147695934,6.3979400086720375,0.5758838609761039,10
7086,6.081340521178927,6.3979400086720375,0.31659948749311084,4
7087,6.007325638982491,6.3979400086720375,0.39061436968954677,9
7088,5.9864154290533715,6.3979400086720375,0.41152457961866595,7
7089,6.264006888800071,6.3979400086720375,0.13393311987196643,6
7090,6.1302919445762765,6.3979400086720375,0.26764806409576103,3
7091,6.083304308785776,6.3979400086720375,0.31463569988626183,8
7092,5.556075648807275,3.556302500767288,-1.9997731480399872,4
7093,5.725955700131535,3.556302500767288,-2.1696531993642467,9
7094,5.338499310286683,3.556302500767288,-1.782196809519395,3
7095,5.094616874631059,3.556302500767288,-1.5383143738637712,1
7096,5.525671342907865,3.556302500767288,-1.9693688421405766,10
7097,5.391429516512278,3.556302500767288,-1.8351270157449897,7
7098,5.562292433114603,3.556302500767288,-2.005989932347315,2
7099,5.546447134455495,3.556302500767288,-1.9901446336882072,5
7100,5.5116446833129755,3.556302500767288,-1.9553421825456874,8
7101,6.185736590675436,6.633468455579586,0.4477318649041502,7
7102,6.156120160528045,6.633468455579586,0.4773482950515415,10
7103,6.2822125022920625,6.633468455579586,0.3512559532875237,4
7104,6.366354346391957,6.633468455579586,0.267114109187629,9
7105,6.085972129995327,6.633468455579586,0.5474963255842589,1
7106,5.782914344857642,6.633468455579586,0.8505541107219443,6
7107,6.135912696248428,6.633468455579586,0.49755575933115814,2
7108,6.0269796192761,6.633468455579586,0.6064888363034866,5
7109,6.048443934786552,6.633468455579586,0.5850245207930342,3
7110,6.038663759963596,6.243038048686294,0.2043742887226987,10
7111,5.86644790275415,6.243038048686294,0.3765901459321448,1
7112,5.988931771238886,6.243038048686294,0.2541062774474083,7
7113,5.836158094399814,6.243038048686294,0.40687995428648005,6
7114,5.825404683181458,6.243038048686294,0.41763336550483654,5
7115,5.963922474002947,6.243038048686294,0.27911557468334713,2
7116,5.996624803080228,6.243038048686294,0.2464132456060666,4
7117,5.885446385684912,6.243038048686294,0.357591663001382,3
7118,6.214429162087346,6.243038048686294,0.028608886598948224,9
7119,5.9435146402980665,6.187520720836463,0.24400608053839612,5
7120,5.912402533140681,6.187520720836463,0.27511818769578156,6
7121,6.188251210302391,6.187520720836463,-0.0007304894659281302,9
7122,6.0048421612433485,6.187520720836463,0.1826785595931142,1
7123,6.059790495111968,6.187520720836463,0.12773022572449477,2
7124,5.92643562435497,6.187520720836463,0.2610850964814926,3
7125,6.070670526466256,6.187520720836463,0.1168501943702065,4
7126,6.0738201733973725,6.187520720836463,0.1137005474390902,7
7127,6.081445494051134,6.187520720836463,0.10607522678532888,8
7128,5.398057080341237,6.176091259055681,0.778034178714444,7
7129,5.39811979682307,6.176091259055681,0.7779714622326113,4
7130,5.434244512098835,6.176091259055681,0.7418467469568464,5
7131,5.730523619631481,6.176091259055681,0.4455676394242003,9
7132,5.213408881018823,6.176091259055681,0.9626823780368587,8
7133,5.395480987968723,6.176091259055681,0.7806102710869585,1
7134,5.4548032049252955,6.176091259055681,0.7212880541303859,6
7135,5.473869284298154,6.176091259055681,0.7022219747575278,10
7136,5.2543417803846015,6.176091259055681,0.9217494786710798,3
7137,5.711099979749102,4.770852011642144,-0.9402479681069584,10
7138,5.945438050915116,4.770852011642144,-1.1745860392729721,6
7139,5.823414995995707,4.770852011642144,-1.052562984353563,7
7140,5.906283666637196,4.770852011642144,-1.1354316549950525,8
7141,5.727852093858387,4.770852011642144,-0.9570000822162434,9
7142,6.050457632083352,4.770852011642144,-1.2796056204412078,4
7143,5.6865019489715865,4.770852011642144,-0.9156499373294427,3
7144,5.759600257869526,4.770852011642144,-0.9887482462273818,2
7145,5.8759108354001475,4.770852011642144,-1.1050588237580037,1
7146,6.278092458345825,6.3979400086720375,0.1198475503262122,9
7147,6.012281513041763,6.3979400086720375,0.3856584956302749,2
7148,6.273170715179292,6.3979400086720375,0.12476929349274535,1
7149,6.225427725522054,6.3979400086720375,0.17251228314998368,4
7150,6.1551357514422245,6.3979400086720375,0.24280425722981303,5
7151,6.244801390754352,6.3979400086720375,0.15313861791768524,7
7152,6.070821705502479,6.3979400086720375,0.32711830316955837,8
7153,6.311079256019413,6.3979400086720375,0.08686075265262438,3
7154,6.224949414152629,6.3979400086720375,0.17299059451940835,6
7155,5.905595417955859,6.419955748489758,0.5143603305338988,7
7156,6.109562964896348,6.419955748489758,0.31039278359340994,8
7157,5.865962919798133,6.419955748489758,0.5539928286916247,3
7158,5.92285618878066,6.419955748489758,0.49709955970909814,10
7159,5.854441196182085,6.419955748489758,0.5655145523076728,2
7160,5.906056695928645,6.419955748489758,0.5138990525611131,1
7161,6.056502106019621,6.419955748489758,0.36345364247013734,6
7162,5.8696897538223745,6.419955748489758,0.5502659946673836,4
7163,5.930723687962542,6.419955748489758,0.48923206052721646,5
7164,6.373399608434144,6.819543935541868,0.44614432710772434,4
7165,6.3570491039418915,6.819543935541868,0.46249483159997684,10
7166,6.408798048866634,6.819543935541868,0.41074588667523404,2
7167,6.510478751426535,6.819543935541868,0.3090651841153331,9
7168,6.185820208688657,6.819543935541868,0.6337237268532112,1
7169,5.966954275343933,6.819543935541868,0.8525896601979355,8
7170,6.3055872408015885,6.819543935541868,0.5139566947402798,5
7171,6.282685185811557,6.819543935541868,0.5368587497303112,7
7172,6.203222811174331,6.819543935541868,0.6163211243675377,3
7173,6.048238228343578,5.128399268717806,-0.9198389596257721,1
7174,6.089252047206697,5.128399268717806,-0.9608527784888912,6
7175,5.941249517543092,5.128399268717806,-0.8128502488252858,7
7176,5.944990565642646,5.128399268717806,-0.8165912969248401,8
7177,5.963833117237448,5.128399268717806,-0.8354338485196422,5
7178,5.941533384858442,5.128399268717806,-0.8131341161406356,10
7179,6.15471193812543,5.128399268717806,-1.0263126694076234,4
7180,6.057266569590256,5.128399268717806,-0.92886730087245,2
7181,5.943290486559607,5.128399268717806,-0.8148912178418009,3
7182,5.746871616710696,4.948070481518941,-0.7988011351917557,1
7183,6.042741760049143,4.948070481518941,-1.0946712785302024,10
7184,6.16286847426691,4.948070481518941,-1.214797992747969,9
7185,5.900603070401302,4.948070481518941,-0.9525325888823613,4
7186,5.859740028319864,4.948070481518941,-0.9116695468009235,7
7187,5.917033965245692,4.948070481518941,-0.9689634837267516,5
7188,5.754404797896934,4.948070481518941,-0.8063343163779937,6
7189,5.55233089872777,4.948070481518941,-0.6042604172088293,8
7190,5.671227147784878,4.948070481518941,-0.723156666265937,3
7191,6.106064399448152,6.4679039465228,0.3618395470746485,1
7192,6.264093635302386,6.4679039465228,0.2038103112204146,10
7193,5.922364134862929,6.4679039465228,0.5455398116598715,8
7194,5.84200173262554,6.4679039465228,0.6259022138972608,3
7195,6.1967105649631655,6.4679039465228,0.2711933815596348,5
7196,6.005486219916923,6.4679039465228,0.4624177266058771,2
7197,5.978673504245329,6.4679039465228,0.4892304422774716,4
7198,5.991950264699538,6.4679039465228,0.47595368182326236,7
7199,6.4164324885085176,6.4679039465228,0.05147145801428277,9
7200,6.466426865872048,6.284656282788515,-0.18177058308353278,8
7201,6.820762322756841,6.284656282788515,-0.5361060399683257,5
7202,6.4711236729960895,6.284656282788515,-0.1864673902075742,7
7203,6.628013216939755,6.284656282788515,-0.3433569341512399,1
7204,6.499807064205436,6.284656282788515,-0.2151507814169209,3
7205,6.712032161104358,6.284656282788515,-0.4273758783158428,10
7206,6.6119258015481215,6.284656282788515,-0.3272695187596062,2
7207,6.340036859714909,6.284656282788515,-0.05538057692639331,6
7208,6.596312300795237,6.284656282788515,-0.3116560180067216,4
7209,6.005486219916923,6.556302500767287,0.5508162808503636,2
7210,6.106064399448152,6.556302500767287,0.450238101319135,1
7211,6.264093635302386,6.556302500767287,0.2922088654649011,10
7212,6.4164324885085176,6.556302500767287,0.13987001225876927,9
7213,6.1967105649631655,6.556302500767287,0.3595919358041213,5
7214,5.84200173262554,6.556302500767287,0.7143007681417473,3
7215,5.786662141054837,6.556302500767287,0.7696403597124499,6
7216,5.978673504245329,6.556302500767287,0.5776289965219581,4
7217,5.991950264699538,6.556302500767287,0.5643522360677489,7
7218,5.976888096333264,4.858537197569639,-1.1183508987636248,4
7219,5.834463675245601,4.858537197569639,-0.9759264776759622,10
7220,5.7410482623527095,4.858537197569639,-0.8825110647830705,2
7221,5.8345227334995755,4.858537197569639,-0.9759855359299365,9
7222,5.805342147455061,4.858537197569639,-0.9468049498854221,7
7223,5.722107346120698,4.858537197569639,-0.8635701485510587,6
7224,5.991461812558266,4.858537197569639,-1.1329246149886272,8
7225,5.56329916877298,4.858537197569639,-0.7047619712033413,3
7226,5.9554629381981155,4.858537197569639,-1.0969257406284765,1
7227,5.274461744893341,5.230448921378274,-0.04401282351506719,3
7228,5.90909906548415,5.230448921378274,-0.6786501441058759,9
7229,5.308463729358961,5.230448921378274,-0.07801480798068727,6
7230,5.745370315957263,5.230448921378274,-0.5149213945789892,10
7231,5.442981635866589,5.230448921378274,-0.21253271448831512,1
7232,5.4349213346919045,5.230448921378274,-0.20447241331363042,7
7233,5.413620064853946,5.230448921378274,-0.18317114347567198,8
7234,5.590289556603126,5.230448921378274,-0.35984063522485155,2
7235,5.399295846639753,5.230448921378274,-0.16884692526147926,4
7236,5.6376717553969256,4.728028954420519,-0.9096428009764068,3
7237,5.661087744711377,4.728028954420519,-0.9330587902908585,8
7238,5.429669075678166,4.728028954420519,-0.7016401212576469,4
7239,5.338237638393685,4.728028954420519,-0.6102086839731662,7
7240,5.487653738852765,4.728028954420519,-0.7596247844322459,9
7241,5.3307255507371565,4.728028954420519,-0.6026965963166377,6
7242,5.366694839933081,4.728028954420519,-0.6386658855125624,5
7243,5.477209907459539,4.728028954420519,-0.7491809530390201,2
7244,5.572646160311106,4.728028954420519,-0.8446172058905876,1
7245,5.621558816818524,4.0,-1.6215588168185242,7
7246,5.607095411800606,4.0,-1.6070954118006062,9
7247,5.793480928429072,4.0,-1.793480928429072,3
7248,5.686894136645525,4.0,-1.6868941366455248,5
7249,5.556023790007578,4.0,-1.5560237900075782,6
7250,5.741094495806364,4.0,-1.7410944958063643,8
7251,5.807486746888381,4.0,-1.8074867468883813,4
7252,5.644964050041946,4.0,-1.6449640500419456,2
7253,5.813108746324879,4.0,-1.813108746324879,1
7254,5.894718292956133,6.049218022670182,0.15449972971404868,5
7255,6.028641999274146,6.049218022670182,0.02057602339603637,3
7256,6.136590699909308,6.049218022670182,-0.08737267723912634,4
7257,5.930229581403066,6.049218022670182,0.11898844126711605,6
7258,5.886857494624646,6.049218022670182,0.1623605280455358,7
7259,5.97736808430567,6.049218022670182,0.0718499383645117,2
7260,5.761516363342754,6.049218022670182,0.28770165932742753,9
7261,6.042202608261901,6.049218022670182,0.007015414408281018,8
7262,5.769746028465166,6.049218022670182,0.2794719942050161,10
7263,5.677115097511801,4.826074802700826,-0.851040294810975,8
7264,5.601122902862737,4.826074802700826,-0.7750481001619107,10
7265,5.75299526464338,4.826074802700826,-0.9269204619425544,3
7266,5.564615620377997,4.826074802700826,-0.7385408176771708,9
7267,5.5335844334672215,4.826074802700826,-0.7075096307663955,6
7268,5.584896839978783,4.826074802700826,-0.758822037277957,1
7269,5.608771840288499,4.826074802700826,-0.7826970375876732,4
7270,5.400700485267313,4.826074802700826,-0.574625682566487,7
7271,5.419193047037877,4.826074802700826,-0.5931182443370506,5
7272,4.784670573942902,5.760422483423212,0.9757519094803095,2
7273,4.489412031023165,5.760422483423212,1.2710104524000467,8
7274,4.823148141010643,5.760422483423212,0.9372743424125689,7
7275,4.772088208825454,5.760422483423212,0.9883342745977579,5
7276,4.99190413462374,5.760422483423212,0.7685183487994722,1
7277,4.671024425773543,5.760422483423212,1.0893980576496691,6
7278,4.941902420566835,5.760422483423212,0.8185200628563765,10
7279,4.856387807815904,5.760422483423212,0.9040346756073081,4
7280,4.941054201918216,5.760422483423212,0.8193682815049961,9
7281,4.629640534553281,4.041392685158225,-0.5882478493950556,7
7282,4.516325375604909,4.041392685158225,-0.47493269044668374,2
7283,4.817067050521832,4.041392685158225,-0.7756743653636065,10
7284,4.752237826764866,4.041392685158225,-0.710845141606641,3
7285,4.519394764418427,4.041392685158225,-0.478002079260202,6
7286,4.761781402471379,4.041392685158225,-0.7203887173131536,9
7287,4.338890666960371,4.041392685158225,-0.29749798180214526,8
7288,4.633094263106313,4.041392685158225,-0.5917015779480872,4
7289,4.574029208840036,4.041392685158225,-0.5326365236818109,5
7290,5.52641971241338,5.00987563371216,-0.5165440787012194,1
7291,5.221408010106284,5.00987563371216,-0.21153237639412392,6
7292,5.299564001899194,5.00987563371216,-0.2896883681870337,7
7293,5.668698869558362,5.00987563371216,-0.6588232358462021,10
7294,5.512258591829096,5.00987563371216,-0.5023829581169359,4
7295,5.635309800326013,5.00987563371216,-0.6254341666138528,9
7296,5.345724865931455,5.00987563371216,-0.33584923221929497,2
7297,5.499769838089709,5.00987563371216,-0.48989420437754916,3
7298,5.318554976994723,5.00987563371216,-0.30867934328256297,8
7299,5.787759189713441,5.02938377768521,-0.7583754120282311,10
7300,5.5105782205747875,5.02938377768521,-0.4811944428895778,6
7301,5.739460433254032,5.02938377768521,-0.7100766555688223,4
7302,5.570583014640592,5.02938377768521,-0.5411992369553822,8
7303,5.612192042955709,5.02938377768521,-0.5828082652704989,5
7304,5.549753537852307,5.02938377768521,-0.5203697601670969,2
7305,5.798574734872559,5.02938377768521,-0.769190957187349,9
7306,5.540774554706967,5.02938377768521,-0.5113907770217576,7
7307,5.630391841597549,5.02938377768521,-0.6010080639123396,3
7308,5.6271284468504374,5.544811911757776,-0.08231653509266135,6
7309,5.0024826901057535,5.544811911757776,0.5423292216520226,9
7310,5.477915163170824,5.544811911757776,0.06689674858695227,7
7311,5.557234186741573,5.544811911757776,-0.012422274983796555,2
7312,5.594475574690008,5.544811911757776,-0.04966366293223157,8
7313,5.306043119373239,5.544811911757776,0.23876879238453697,3
7314,5.6564322635396165,5.544811911757776,-0.11162035178184038,4
7315,5.6468971698679935,5.544811911757776,-0.1020852581102174,1
7316,5.304743053776402,5.544811911757776,0.2400688579813739,10
7317,5.403634681219585,5.041392685158225,-0.36224199606135965,1
7318,5.608980664165279,5.041392685158225,-0.5675879790070537,10
7319,5.4194343493273545,5.041392685158225,-0.3780416641691291,8
7320,5.388518293585282,5.041392685158225,-0.3471256084270564,2
7321,5.29149014225323,5.041392685158225,-0.25009745709500475,6
7322,5.3788050468099735,5.041392685158225,-0.33741236165174815,4
7323,5.248061583888885,5.041392685158225,-0.2066688987306593,5
7324,5.508562638050167,5.041392685158225,-0.4671699528919415,9
7325,5.2672663568717155,5.041392685158225,-0.22587367171349015,7
7326,5.602744865120122,5.61066016308988,0.007915297969757873,4
7327,5.416433450803692,5.61066016308988,0.19422671228618782,3
7328,5.302591720247054,5.61066016308988,0.308068442842826,6
7329,5.452184555238891,5.61066016308988,0.15847560785098835,9
7330,5.500436554750615,5.61066016308988,0.1102236083392647,8
7331,5.328835881388051,5.61066016308988,0.2818242817018284,5
7332,5.496827121740954,5.61066016308988,0.11383304134892569,1
7333,5.59140593768668,5.61066016308988,0.01925422540319932,10
7334,5.43733844778364,5.61066016308988,0.17332171530623963,2
7335,4.897268874856097,5.045322978786658,0.1480541039305603,2
7336,4.565233343412918,5.045322978786658,0.48008963537373983,6
7337,4.776747808833983,5.045322978786658,0.2685751699526744,3
7338,4.761101888492527,5.045322978786658,0.2842210902941309,1
7339,4.5632294907881175,5.045322978786658,0.4820934879985401,8
7340,4.923878231103509,5.045322978786658,0.12144474768314861,9
7341,4.6883310898097585,5.045322978786658,0.35699188897689904,4
7342,4.610835068230646,5.045322978786658,0.43448791055601177,7
7343,4.6297360695099075,5.045322978786658,0.4155869092767501,5
7344,4.89680649933757,4.0178677189635055,-0.8789387803740647,10
7345,4.801612884979262,4.0178677189635055,-0.7837451660157564,2
7346,4.825368206168181,4.0178677189635055,-0.8075004872046758,3
7347,4.999534166359861,4.0178677189635055,-0.9816664473963552,7
7348,5.098222435714097,4.0178677189635055,-1.0803547167505911,9
7349,4.74727771498408,4.0178677189635055,-0.7294099960205749,6
7350,5.040805119230671,4.0178677189635055,-1.0229374002671658,1
7351,4.611723330788418,4.0178677189635055,-0.5938556118249121,8
7352,4.852373313733287,4.0178677189635055,-0.8345055947697819,4
7353,4.490298681506376,5.96189547366785,1.471596792161474,5
7354,4.663848073273486,5.96189547366785,1.2980474003943643,6
7355,4.398217596825925,5.96189547366785,1.5636778768419246,2
7356,4.4465840422280545,5.96189547366785,1.5153114314397955,4
7357,4.423312918379742,5.96189547366785,1.5385825552881078,7
7358,4.281819834327909,5.96189547366785,1.6800756393399414,10
7359,4.81338718172212,5.96189547366785,1.1485082919457303,3
7360,5.133110839500346,5.96189547366785,0.828784634167504,8
7361,4.4645735254292225,5.96189547366785,1.4973219482386275,9
7362,3.8509931272065576,4.022428371185487,0.17143524397892973,8
7363,3.6191032694040772,4.022428371185487,0.4033251017814101,6
7364,3.9716701688542546,4.022428371185487,0.05075820233123274,5
7365,3.925746414341696,4.022428371185487,0.09668195684379155,7
7366,3.87892697420982,4.022428371185487,0.14350139697566755,4
7367,3.9312184043230562,4.022428371185487,0.0912099668624311,3
7368,3.931238293172276,4.022428371185487,0.09119007801321155,9
7369,4.027619931188358,4.022428371185487,-0.005191560002870688,1
7370,3.705621077732249,4.022428371185487,0.31680729345323844,10
7371,5.637842117771451,4.468347330412158,-1.1694947873592936,4
7372,5.748052740647628,4.468347330412158,-1.2797054102354704,9
7373,5.640718549992753,4.468347330412158,-1.1723712195805955,7
7374,5.416715317624892,4.468347330412158,-0.948367987212734,3
7375,5.515046457148599,4.468347330412158,-1.0466991267364412,2
7376,5.577190140671782,4.468347330412158,-1.108842810259624,5
7377,5.472733934469408,4.468347330412158,-1.0043866040572507,6
7378,5.7986388196655,4.468347330412158,-1.3302914892533426,10
7379,5.470367002315349,4.468347330412158,-1.0020196719031915,8
7380,5.854570305597925,5.748188027006201,-0.10638227859172389,2
7381,5.988625278217885,5.748188027006201,-0.24043725121168436,10
7382,5.834636234364946,5.748188027006201,-0.08644820735874514,6
7383,6.070089304289699,5.748188027006201,-0.32190127728349793,9
7384,5.80987413452203,5.748188027006201,-0.061686107515829036,3
7385,5.824733448162897,5.748188027006201,-0.07654542115669649,8
7386,5.930534727598254,5.748188027006201,-0.1823467005920536,7
7387,5.991499789899572,5.748188027006201,-0.24331176289337098,4
7388,6.068927185821618,5.748188027006201,-0.32073915881541737,5
7389,4.7401528632687056,4.389095173354185,-0.35105768991452013,10
7390,4.811002043619929,4.389095173354185,-0.4219068702657438,3
7391,4.739213039552421,4.389095173354185,-0.3501178661982358,5
7392,4.8606225605599205,4.389095173354185,-0.47152738720573506,7
7393,4.739268645035916,4.389095173354185,-0.35017347168173085,4
7394,4.663745231357773,4.389095173354185,-0.274650058003588,8
7395,4.604516992743113,4.389095173354185,-0.21542181938892746,2
7396,4.73703111704756,4.389095173354185,-0.34793594369337466,1
7397,4.9920215037240885,4.389095173354185,-0.6029263303699031,6
7398,4.978754383593956,4.17897694729317,-0.7997774363007863,10
7399,4.901490534424164,4.17897694729317,-0.7225135871309947,7
7400,5.122553834638136,4.17897694729317,-0.9435768873449666,9
7401,4.846779414375628,4.17897694729317,-0.667802467082458,4
7402,4.933505812446457,4.17897694729317,-0.7545288651532873,6
7403,5.017787492180236,4.17897694729317,-0.8388105448870666,5
7404,4.904041017703391,4.17897694729317,-0.7250640704102214,3
7405,5.019110062926075,4.17897694729317,-0.8401331156329057,1
7406,4.823150302960608,4.17897694729317,-0.644173355667438,2
7407,5.820016427350557,5.781036938621132,-0.03897948872942436,5
7408,5.682708768670968,5.781036938621132,0.09832816995016458,6
7409,5.790371131811989,5.781036938621132,-0.009334193190857043,4
7410,5.705754685147163,5.781036938621132,0.07528225347396944,10
7411,5.783264526632768,5.781036938621132,-0.002227588011635362,9
7412,5.676595893869244,5.781036938621132,0.10444104475188798,8
7413,5.672006937615979,5.781036938621132,0.10903000100515303,2
7414,5.833623794124429,5.781036938621132,-0.05258685550329645,1
7415,5.642178418361311,5.781036938621132,0.13885852025982093,3
7416,4.89680649933757,4.0,-0.8968064993375702,10
7417,4.999534166359861,4.0,-0.9995341663598607,7
7418,4.611723330788418,4.0,-0.6117233307884176,8
7419,4.930805345916515,4.0,-0.9308053459165153,5
7420,4.825368206168181,4.0,-0.8253682061681813,3
7421,5.040805119230671,4.0,-1.0408051192306713,1
7422,4.852373313733287,4.0,-0.8523733137332874,4
7423,5.098222435714097,4.0,-1.0982224357140966,9
7424,4.801612884979262,4.0,-0.8016128849792619,2
7425,6.073838228021978,4.812913356642856,-1.260924871379122,9
7426,5.883818947546892,4.812913356642856,-1.0709055909040366,1
7427,5.8858710901083375,4.812913356642856,-1.0729577334654818,5
7428,5.97482021519865,4.812913356642856,-1.1619068585557946,10
7429,5.804576292863732,4.812913356642856,-0.9916629362208766,2
7430,5.842833557968157,4.812913356642856,-1.029920201325301,8
7431,5.850078402380912,4.812913356642856,-1.037165045738056,4
7432,5.667000461590363,4.812913356642856,-0.8540871049475074,6
7433,5.653176187491295,4.812913356642856,-0.840262830848439,3
7434,5.112505877053502,5.68930885912362,0.5768029820701175,4
7435,5.284477246631215,5.68930885912362,0.40483161249240496,5
7436,5.107174571519786,5.68930885912362,0.582134287603834,3
7437,5.395796463732631,5.68930885912362,0.29351239539098906,8
7438,5.288662781061431,5.68930885912362,0.40064607806218877,9
7439,5.166524816926302,5.68930885912362,0.5227840421973182,2
7440,5.057745530896632,5.68930885912362,0.6315633282269877,10
7441,5.314579133441337,5.68930885912362,0.3747297256822826,1
7442,5.4218067410716335,5.68930885912362,0.2675021180519863,7
7443,5.432216495173719,5.851258348719076,0.41904185354535706,10
7444,5.654067114404415,5.851258348719076,0.19719123431466112,9
7445,5.512864088511679,5.851258348719076,0.33839426020739705,3
7446,5.6117053452263574,5.851258348719076,0.2395530034927189,5
7447,5.585764865742561,5.851258348719076,0.265493482976515,7
7448,5.751983033329146,5.851258348719076,0.09927531538993062,6
7449,5.404704744505764,5.851258348719076,0.446553604213312,2
7450,5.785355931981392,5.851258348719076,0.06590241673768471,1
7451,5.818071703509218,5.851258348719076,0.03318664520985859,4
7452,5.2018791289248565,5.189209489582306,-0.012669639342550276,4
7453,5.3788802161920355,5.189209489582306,-0.18967072660972928,1
7454,5.592348510829928,5.189209489582306,-0.4031390212476218,8
7455,5.3137832954616755,5.189209489582306,-0.12457380587936928,2
7456,5.462418379339377,5.189209489582306,-0.273208889757071,6
7457,5.457819991971546,5.189209489582306,-0.2686105023892402,3
7458,5.266890167797904,5.189209489582306,-0.07768067821559743,9
7459,5.252060891681333,5.189209489582306,-0.06285140209902718,10
7460,5.523981747390104,5.189209489582306,-0.3347722578077974,5
7461,5.224252155449625,4.049218022670182,-1.1750341327794427,1
7462,5.10932715409041,4.049218022670182,-1.0601091314202282,7
7463,5.287468156832377,4.049218022670182,-1.238250134162195,4
7464,5.184290220615632,4.049218022670182,-1.1350721979454503,9
7465,5.105703844825887,4.049218022670182,-1.0564858221557047,3
7466,4.9489953037796495,4.049218022670182,-0.8997772811094675,10
7467,4.996097289818704,4.049218022670182,-0.946879267148522,5
7468,5.277543436569661,4.049218022670182,-1.228325413899479,6
7469,5.328862535093406,4.049218022670182,-1.279644512423224,8
7470,5.5808991173088796,4.7160033436348,-0.8648957736740792,7
7471,5.625856602250772,4.7160033436348,-0.9098532586159713,10
7472,5.4973558460378165,4.7160033436348,-0.7813525024030161,2
7473,5.545382263406197,4.7160033436348,-0.829378919771397,3
7474,5.732762669070972,4.7160033436348,-1.0167593254361718,9
7475,5.556167888635203,4.7160033436348,-0.8401645450004027,5
7476,5.667792875914143,4.7160033436348,-0.951789532279343,1
7477,5.6012405329367185,4.7160033436348,-0.8852371893019182,4
7478,5.555952232904608,4.7160033436348,-0.8399488892698077,6
7479,4.954692336528892,6.763427993562937,1.8087356570340445,5
7480,5.103737116262928,6.763427993562937,1.659690877300009,7
7481,5.3463077390555735,6.763427993562937,1.4171202545073633,1
7482,4.978153037022669,6.763427993562937,1.7852749565402677,9
7483,5.34757542641924,6.763427993562937,1.4158525671436966,3
7484,5.6133265787607955,6.763427993562937,1.1501014148021413,8
7485,4.9628872304210905,6.763427993562937,1.8005407631418464,4
7486,5.675673650125986,6.763427993562937,1.0877543434369512,6
7487,5.004631164880123,6.763427993562937,1.7587968286828142,2
7488,5.6012405329367185,3.832508912706236,-1.7687316202304824,4
7489,5.732762669070972,3.832508912706236,-1.900253756364736,9
7490,5.5808991173088796,3.832508912706236,-1.7483902046026434,7
7491,5.667792875914143,3.832508912706236,-1.8352839632079072,1
7492,5.625856602250772,3.832508912706236,-1.7933476895445355,10
7493,5.556723833953312,3.832508912706236,-1.7242149212470754,8
7494,5.555952232904608,3.832508912706236,-1.7234433201983719,6
7495,5.4973558460378165,3.832508912706236,-1.6648469333315803,2
7496,5.545382263406197,3.832508912706236,-1.7128733506999612,3
7497,5.434331878669877,5.079181246047625,-0.35515063262225155,7
7498,5.471335903443392,5.079181246047625,-0.3921546573957668,1
7499,5.19697643467115,5.079181246047625,-0.1177951886235249,9
7500,5.059394758442469,5.079181246047625,0.01978648760515611,10
7501,5.4229648369917145,5.079181246047625,-0.3437835909440894,3
7502,5.462957630517349,5.079181246047625,-0.38377638446972373,6
7503,5.3421792852778305,5.079181246047625,-0.26299803923020537,4
7504,5.263947398512508,5.079181246047625,-0.18476615246488315,2
7505,5.202576448415831,5.079181246047625,-0.12339520236820611,5
7506,4.489412031023165,3.4771212547196626,-1.0122907763035025,8
7507,4.671024425773546,3.4771212547196626,-1.1939031710538837,6
7508,4.856387807815904,3.4771212547196626,-1.3792665530962411,4
7509,4.99190413462374,3.4771212547196626,-1.514782879904077,1
7510,4.784670573942902,3.4771212547196626,-1.3075493192232397,2
7511,4.941902420566835,3.4771212547196626,-1.4647811658471728,10
7512,4.772088208825454,3.4771212547196626,-1.2949669541057913,5
7513,4.823148141010643,3.4771212547196626,-1.3460268862909803,7
7514,4.941054201918216,3.4771212547196626,-1.4639329471985532,9
7515,4.999534166359861,5.285557309007774,0.2860231426479132,7
7516,4.801612884979262,5.285557309007774,0.483944424028512,2
7517,4.611723330788418,5.285557309007774,0.6738339782193563,8
7518,4.852373313733287,5.285557309007774,0.4331839952744865,4
7519,4.74727771498408,5.285557309007774,0.5382795940236935,6
7520,5.040805119230671,5.285557309007774,0.24475218977710256,1
7521,4.89680649933757,5.285557309007774,0.3887508096702037,10
7522,4.930805345916515,5.285557309007774,0.35475196309125856,5
7523,4.825368206168181,5.285557309007774,0.4601891028395926,3
7524,5.370746771448428,6.2552725051033065,0.8845257336548782,3
7525,5.435311077367016,6.2552725051033065,0.8199614277362901,10
7526,5.560763585118994,6.2552725051033065,0.6945089199843126,9
7527,5.336264882420948,6.2552725051033065,0.9190076226823587,8
7528,5.3019788977485085,6.2552725051033065,0.953293607354798,2
7529,5.375167545310258,6.2552725051033065,0.8801049597930488,5
7530,5.330674919492476,6.2552725051033065,0.9245975856108304,6
7531,5.488247607452773,6.2552725051033065,0.7670248976505336,1
7532,5.410995776537487,6.2552725051033065,0.844276728565819,7
7533,6.008300752443602,4.845098040014257,-1.163202712429345,9
7534,5.761942717580913,4.845098040014257,-0.9168446775666563,10
7535,5.597459697359082,4.845098040014257,-0.7523616573448253,1
7536,5.7061876423101285,4.845098040014257,-0.8610896022958716,7
7537,5.412393776400214,4.845098040014257,-0.5672957363859572,6
7538,5.352724910605595,4.845098040014257,-0.5076268705913378,2
7539,5.633644055822067,4.845098040014257,-0.7885460158078104,3
7540,5.695678741746462,4.845098040014257,-0.8505807017322047,4
7541,5.7910240476084445,4.845098040014257,-0.9459260075941875,5
7542,5.508572294516801,6.079181246047625,0.5706089515308239,10
7543,5.249043654610389,6.079181246047625,0.8301375914372358,2
7544,5.624044332108204,6.079181246047625,0.45513691393942146,9
7545,5.116739838533413,6.079181246047625,0.9624414075142118,6
7546,5.4708043229201335,6.079181246047625,0.6083769231274916,1
7547,5.237532452745797,6.079181246047625,0.841648793301828,3
7548,5.331069628568369,6.079181246047625,0.7481116174792559,4
7549,5.142863166118157,6.079181246047625,0.9363180799294684,8
7550,5.360495905649135,6.079181246047625,0.7186853403984905,7
7551,4.71528693258193,4.4048337166199385,-0.31045321596199127,1
7552,4.72902116386468,4.4048337166199385,-0.3241874472447419,3
7553,4.731647314088558,4.4048337166199385,-0.32681359746861993,10
7554,4.4889926807661835,4.4048337166199385,-0.08415896414624502,6
7555,4.635421260313278,4.4048337166199385,-0.23058754369333911,7
7556,4.391342528099683,4.4048337166199385,0.013491188520255548,2
7557,4.5349297053986595,4.4048337166199385,-0.13009598877872097,8
7558,4.543018336765667,4.4048337166199385,-0.1381846201457284,5
7559,4.7180591822295375,4.4048337166199385,-0.31322546560959896,9
7560,5.906320876653255,4.79982283099332,-1.1064980456599347,8
7561,5.890702863821165,4.79982283099332,-1.0908800328278447,7
7562,5.884159694464449,4.79982283099332,-1.0843368634711288,4
7563,5.712408062533216,4.79982283099332,-0.9125852315398957,3
7564,5.846673799576407,4.79982283099332,-1.0468509685830867,6
7565,6.02260036113111,4.79982283099332,-1.2227775301377894,9
7566,5.898030754462862,4.79982283099332,-1.098207923469542,5
7567,5.760628574306697,4.79982283099332,-0.9608057433133768,2
7568,5.890374634072326,4.79982283099332,-1.0905518030790056,1
7569,5.289781779391063,6.698970004336019,1.4091882249449554,5
7570,5.372135363273886,6.698970004336019,1.326834641062133,3
7571,5.306759156830696,6.698970004336019,1.3922108475053223,9
7572,5.463960315578434,6.698970004336019,1.235009688757585,8
7573,5.458607577950516,6.698970004336019,1.240362426385503,1
7574,5.2124804347312494,6.698970004336019,1.4864895696047693,7
7575,5.189607893392204,6.698970004336019,1.5093621109438145,6
7576,5.24308821772055,6.698970004336019,1.4558817866154685,10
7577,5.203573022444448,6.698970004336019,1.495396981891571,2
7578,4.846779414375628,3.494154594018443,-1.352624820357185,4
7579,4.978754383593956,3.494154594018443,-1.4845997895755132,10
7580,4.901490534424164,3.494154594018443,-1.4073359404057215,7
7581,4.933505812446457,3.494154594018443,-1.4393512184280142,6
7582,4.904041017703391,3.494154594018443,-1.4098864236849482,3
7583,5.122553834638136,3.494154594018443,-1.6283992406196934,9
7584,4.710692884929387,3.494154594018443,-1.2165382909109446,8
7585,5.019110062926075,3.494154594018443,-1.5249554689076326,1
7586,5.017787492180236,3.494154594018443,-1.5236328981617935,5
7587,5.428664877690348,6.079181246047625,0.6505163683572768,10
7588,5.589361068064127,6.079181246047625,0.4898201779834981,9
7589,5.443439710411594,6.079181246047625,0.635741535636031,2
7590,5.467267335541347,6.079181246047625,0.6119139105062779,7
7591,5.556420318555092,6.079181246047625,0.5227609274925333,6
7592,5.54109948011475,6.079181246047625,0.5380817659328754,5
7593,5.604200950759767,6.079181246047625,0.4749802952878577,4
7594,5.774684398204663,6.079181246047625,0.3044968478429624,1
7595,5.684527376075861,6.079181246047625,0.3946538699717639,8
7596,5.473718128950009,4.017033339298781,-1.456684789651228,7
7597,5.601557759727068,4.017033339298781,-1.584524420428287,5
7598,5.640045764104836,4.017033339298781,-1.6230124248060553,3
7599,5.405775186584624,4.017033339298781,-1.3887418472858437,6
7600,5.817925625774133,4.017033339298781,-1.800892286475352,2
7601,5.2940016747573795,4.017033339298781,-1.2769683354585988,10
7602,5.811196548183797,4.017033339298781,-1.7941632088850161,4
7603,5.75649357831109,4.017033339298781,-1.7394602390123097,9
7604,5.801172366183208,4.017033339298781,-1.7841390268844277,8
7605,5.180785095998337,4.544068044350276,-0.6367170516480609,7
7606,5.089902513443589,4.544068044350276,-0.5458344690933137,3
7607,4.515612036041364,4.544068044350276,0.02845600830891204,4
7608,4.70860752129031,4.544068044350276,-0.16453947694003457,9
7609,4.8877304676731255,4.544068044350276,-0.3436624233228498,10
7610,4.9928896600132875,4.544068044350276,-0.4488216156630118,6
7611,5.245166246593987,4.544068044350276,-0.7010982022437116,5
7612,5.036445712820798,4.544068044350276,-0.4923776684705219,8
7613,4.8700633702930425,4.544068044350276,-0.3259953259427668,1
7614,4.449452107797643,3.342422680822206,-1.1070294269754366,9
7615,4.621813391045423,3.342422680822206,-1.279390710223217,3
7616,4.696453357616387,3.342422680822206,-1.354030676794181,6
7617,4.798353384120141,3.342422680822206,-1.4559307032979345,4
7618,4.406751041260084,3.342422680822206,-1.064328360437878,2
7619,4.194380090975766,3.342422680822206,-0.8519574101535601,5
7620,4.668648978600639,3.342422680822206,-1.3262262977784327,7
7621,4.339476105754509,3.342422680822206,-0.9970534249323024,10
7622,4.432029808101418,3.342422680822206,-1.0896071272792116,8
7623,2.9875082045599255,4.1027766148834415,1.115268410323516,2
7624,3.245609198079284,4.1027766148834415,0.8571674168041574,7
7625,2.946233864089004,4.1027766148834415,1.1565427507944377,5
7626,3.0956521159429284,4.1027766148834415,1.007124498940513,3
7627,3.2338781242111896,4.1027766148834415,0.8688984906722519,9
7628,3.143022988508263,4.1027766148834415,0.9597536263751785,10
7629,3.1894358466634842,4.1027766148834415,0.9133407682199572,4
7630,3.211120218752395,4.1027766148834415,0.8916563961310464,8
7631,3.136810262001932,4.1027766148834415,0.9659663528815097,1
7632,4.731096032218302,3.9190780923760737,-0.812017939842228,1
7633,4.50281483722965,3.9190780923760737,-0.5837367448535762,10
7634,4.744787214523261,3.9190780923760737,-0.8257091221471873,4
7635,4.680244340206476,3.9190780923760737,-0.7611662478304027,2
7636,4.779591666048721,3.9190780923760737,-0.8605135736726472,6
7637,4.646912287370694,3.9190780923760737,-0.7278341949946201,9
7638,4.724961788517278,3.9190780923760737,-0.8058836961412039,8
7639,4.720284324753794,3.9190780923760737,-0.8012062323777203,3
7640,4.370229581659847,3.9190780923760737,-0.4511514892837729,5
7641,5.235391186202544,6.0,0.764608813797456,8
7642,5.512960886052464,6.0,0.4870391139475361,4
7643,5.3993039856752505,6.0,0.6006960143247495,2
7644,5.293833274656696,6.0,0.7061667253433042,3
7645,5.5347940158154385,6.0,0.4652059841845615,5
7646,5.483478482990391,6.0,0.5165215170096094,7
7647,5.697886181906913,6.0,0.3021138180930869,10
7648,5.6137382487757295,6.0,0.38626175122427053,1
7649,5.797658658226583,6.0,0.20234134177341723,9
7650,5.470804322920134,5.7363965022766426,0.26559217935650814,1
7651,5.142863166118157,5.7363965022766426,0.5935333361584858,8
7652,5.508572294516801,5.7363965022766426,0.22782420775984136,10
7653,5.249043654610389,5.7363965022766426,0.4873528476662532,2
7654,5.624044332108204,5.7363965022766426,0.1123521701684389,9
7655,5.116739838533413,5.7363965022766426,0.6196566637432293,6
7656,5.237532452745797,5.7363965022766426,0.4988640495308454,3
7657,5.376333622016749,5.7363965022766426,0.3600628802598935,5
7658,5.331069628568367,5.7363965022766426,0.40532687370827514,4
7659,5.277103743559932,4.562173863364649,-0.7149298801952835,4
7660,5.352337001491824,4.562173863364649,-0.7901631381271752,7
7661,5.388245249854605,4.562173863364649,-0.8260713864899563,6
7662,5.434611880900093,4.562173863364649,-0.872438017535444,3
7663,5.3891285579784345,4.562173863364649,-0.8269546946137858,9
7664,5.441333662715725,4.562173863364649,-0.8791597993510765,5
7665,5.172001575006417,4.562173863364649,-0.6098277116417687,10
7666,5.482665796635778,4.562173863364649,-0.920491933271129,1
7667,5.256857145300131,4.562173863364649,-0.6946832819354825,2
7668,5.240698605904152,4.445604203273597,-0.7950944026305544,10
7669,5.393818042899081,4.445604203273597,-0.9482138396254838,2
7670,5.457235661175504,4.445604203273597,-1.011631457901907,7
7671,5.640462238556678,4.445604203273597,-1.1948580352830804,8
7672,5.604134137934467,4.445604203273597,-1.1585299346608693,5
7673,5.591350928765757,4.445604203273597,-1.1457467254921596,3
7674,5.616705787111284,4.445604203273597,-1.1711015838376868,1
7675,5.4520629131043945,4.445604203273597,-1.006458709830797,9
7676,5.413898876240699,4.445604203273597,-0.9682946729671018,4
7677,5.030202965359929,5.477121254719663,0.44691828935973366,5
7678,5.224974768169292,5.477121254719663,0.2521464865503704,9
7679,5.049028547012593,5.477121254719663,0.4280927077070693,2
7680,5.176935630492357,5.477121254719663,0.3001856242273053,1
7681,5.226724010626661,5.477121254719663,0.25039724409300135,7
7682,5.106095736192664,5.477121254719663,0.3710255185269986,4
7683,5.2802421017360475,5.477121254719663,0.19687915298361514,6
7684,5.192142034280189,5.477121254719663,0.28497922043947366,3
7685,5.262542968257986,5.477121254719663,0.21457828646167698,10
7686,5.307324678342064,5.064457989226918,-0.24286668911514564,8
7687,5.327746730690997,5.064457989226918,-0.26328874146407877,1
7688,5.216849104756792,5.064457989226918,-0.15239111552987428,6
7689,5.424308107421696,5.064457989226918,-0.3598501181947782,7
7690,5.257522018520627,5.064457989226918,-0.19306402929370847,4
7691,5.257243796280849,5.064457989226918,-0.192785807053931,3
7692,5.5018546890666995,5.064457989226918,-0.43739669983978136,5
7693,5.283612456563933,5.064457989226918,-0.21915446733701494,2
7694,5.51649999364942,5.064457989226918,-0.452042004422502,10
7695,5.629919498997936,7.176091259055681,1.546171760057745,7
7696,5.469208653704241,7.176091259055681,1.7068826053514403,3
7697,5.526531303226749,7.176091259055681,1.6495599558289324,1
7698,5.483920545007042,7.176091259055681,1.6921707140486397,6
7699,5.4588309714511105,7.176091259055681,1.7172602876045708,10
7700,5.561484030556701,7.176091259055681,1.61460722849898,5
7701,5.592662777888989,7.176091259055681,1.5834284811666928,8
7702,5.501193263765235,7.176091259055681,1.6748979952904461,9
7703,5.399769503191976,7.176091259055681,1.7763217558637052,2
7704,5.845770999789104,6.041392685158225,0.1956216853691215,9
7705,5.861952704351329,6.041392685158225,0.1794399808068965,6
7706,6.067215838006075,6.041392685158225,-0.025823152847849862,4
7707,5.9604519652359755,6.041392685158225,0.08094071992224983,8
7708,5.935044661673704,6.041392685158225,0.10634802348452155,3
7709,6.00334834387229,6.041392685158225,0.0380443412859357,2
7710,6.122888537411039,6.041392685158225,-0.08149585225281353,1
7711,6.104402581195829,6.041392685158225,-0.06300989603760332,5
7712,6.06239369418197,6.041392685158225,-0.021001009023744466,7
7713,6.056075923682374,5.541579243946581,-0.5144966797357933,3
7714,6.378014457387022,5.541579243946581,-0.8364352134404411,1
7715,6.238903105147325,5.541579243946581,-0.6973238612007444,5
7716,6.383204238700993,5.541579243946581,-0.8416249947544125,8
7717,6.32838003767135,5.541579243946581,-0.786800793724769,4
7718,6.431866571994535,5.541579243946581,-0.890287328047954,9
7719,6.327550176753163,5.541579243946581,-0.785970932806582,2
7720,6.3101341064856875,5.541579243946581,-0.7685548625391068,10
7721,6.296370592235428,5.541579243946581,-0.7547913482888475,7
7722,4.944294941756309,4.994317152669637,0.050022210913327925,8
7723,5.121509387509036,4.994317152669637,-0.12719223483939945,7
7724,4.968360751461326,4.994317152669637,0.025956401208310886,5
7725,5.453380036915346,4.994317152669637,-0.45906288424570896,4
7726,4.9731189850309585,4.994317152669637,0.0211981676386781,3
7727,5.134479182607515,4.994317152669637,-0.14016202993787807,10
7728,4.112321883409224,4.994317152669637,0.8819952692604129,2
7729,5.2861147093057514,4.994317152669637,-0.29179755663611484,9
7730,5.034610545100091,4.994317152669637,-0.04029339243045449,1
7731,5.67926597657976,5.079181246047625,-0.6000847305321351,7
7732,5.61547615613479,5.079181246047625,-0.5362949100871646,4
7733,5.602159964184079,5.079181246047625,-0.5229787181364536,10
7734,5.728723417633664,5.079181246047625,-0.649542171586039,8
7735,5.4862246708382925,5.079181246047625,-0.40704342479066735,2
7736,5.503343571419462,5.079181246047625,-0.42416232537183696,5
7737,5.561446425769576,5.079181246047625,-0.48226517972195104,6
7738,5.63487722635574,5.079181246047625,-0.5556959803081147,9
7739,5.568369067781696,5.079181246047625,-0.48918782173407127,1
7740,4.706592276776988,4.54282542695918,-0.16376684981780798,6
7741,4.564216148392803,4.54282542695918,-0.021390721433623305,8
7742,4.853997541046291,4.54282542695918,-0.3111721140871113,7
7743,4.689186719288743,4.54282542695918,-0.14636129232956296,3
7744,4.880911133318412,4.54282542695918,-0.33808570635923196,9
7745,4.8089633485568095,4.54282542695918,-0.26613792159762983,1
7746,4.5704939242576685,4.54282542695918,-0.02766849729848886,2
7747,4.55295433845224,4.54282542695918,-0.0101289114930605,4
7748,4.730912263564108,4.54282542695918,-0.18808683660492864,5
7749,5.670540840807795,6.477121254719663,0.8065804139118677,4
7750,5.3801426587310015,6.477121254719663,1.096978595988661,10
7751,5.673714937321862,6.477121254719663,0.8034063173978003,1
7752,5.5999893035957715,6.477121254719663,0.8771319511238911,8
7753,5.696152959353661,6.477121254719663,0.7809682953660015,7
7754,5.4175878216550695,6.477121254719663,1.0595334330645931,9
7755,5.618398345743233,6.477121254719663,0.8587229089764294,5
7756,5.666081300055455,6.477121254719663,0.8110399546642073,3
7757,5.569231411296042,6.477121254719663,0.9078898434236207,6
7758,5.505354915313721,5.571708831808688,0.06635391649496647,7
7759,5.376820533361424,5.571708831808688,0.19488829844726396,5
7760,5.465098387878629,5.571708831808688,0.1066104439300588,4
7761,5.533013806018541,5.571708831808688,0.03869502579014661,1
7762,5.338011078643995,5.571708831808688,0.23369775316469266,9
7763,5.460509379008051,5.571708831808688,0.11119945280063703,8
7764,5.400532766495827,5.571708831808688,0.1711760653128609,10
7765,5.380702250394561,5.571708831808688,0.1910065814141264,2
7766,5.426147451121848,5.571708831808688,0.1455613806868401,3
7767,6.235222451784419,6.633468455579586,0.39824600379516717,9
7768,5.827700175071959,6.633468455579586,0.8057682805076274,2
7769,5.957869916116623,6.633468455579586,0.6755985394629631,7
7770,5.980209691143,6.633468455579586,0.6532587644365861,5
7771,5.927173029709022,6.633468455579586,0.7062954258705645,4
7772,6.0576390669545255,6.633468455579586,0.5758293886250607,6
7773,5.90808737325787,6.633468455579586,0.7253810823217162,8
7774,5.977412149959278,6.633468455579586,0.6560563056203081,3
7775,6.001092343793943,6.633468455579586,0.6323761117856428,1
7776,6.401378475273723,6.363047594521094,-0.03833088075262925,1
7777,6.349032225522844,6.363047594521094,0.0140153689982494,5
7778,6.4042820662034785,6.363047594521094,-0.04123447168238492,10
7779,6.163543864687481,6.363047594521094,0.1995037298336122,3
7780,6.32255919163031,6.363047594521094,0.0404884028907837,8
7781,6.318513155490797,6.363047594521094,0.04453443903029619,2
7782,6.325849580710319,6.363047594521094,0.03719801381077481,7
7783,6.569074966827658,6.363047594521094,-0.20602737230656398,9
7784,6.261419018062642,6.363047594521094,0.10162857645845147,6
7785,4.676323859132557,4.212187604403958,-0.464136254728599,6
7786,4.656863564839308,4.212187604403958,-0.44467596043535007,7
7787,4.325387850702316,4.212187604403958,-0.11320024629835768,5
7788,4.785287407988639,4.212187604403958,-0.5730998035846806,8
7789,4.337168358005264,4.212187604403958,-0.12498075360130567,1
7790,4.352880984104636,4.212187604403958,-0.14069337970067775,10
7791,4.245423925204086,4.212187604403958,-0.03323632080012828,9
7792,4.776515631438513,4.212187604403958,-0.5643280270345548,3
7793,4.277749601278111,4.212187604403958,-0.06556199687415276,4
7794,5.202157701542322,4.972619339059624,-0.22953836248269788,6
7795,4.82377216083212,4.972619339059624,0.14884717822750382,4
7796,5.2096741271658065,4.972619339059624,-0.23705478810618263,3
7797,5.082280574864039,4.972619339059624,-0.10966123580441511,7
7798,4.966403851776381,4.972619339059624,0.006215487283243171,10
7799,4.914883682549079,4.972619339059624,0.057735656510544686,9
7800,4.937251717401598,4.972619339059624,0.03536762165802543,1
7801,4.939215329462398,4.972619339059624,0.033404009597226114,5
7802,4.934279431607942,4.972619339059624,0.038339907451681476,2
7803,4.625983589076545,6.079181246047625,1.4531976569710805,2
7804,4.76879824753524,6.079181246047625,1.3103829985123854,6
7805,4.095796605520568,6.079181246047625,1.9833846405270572,4
7806,4.759416739609446,6.079181246047625,1.3197645064381796,3
7807,4.655483115426887,6.079181246047625,1.4236981306207381,8
7808,4.288681512828176,6.079181246047625,1.7904997332194492,9
7809,4.442225075632174,6.079181246047625,1.6369561704154512,1
7810,4.732713254096517,6.079181246047625,1.3464679919511084,7
7811,4.471784200709463,6.079181246047625,1.6073970453381623,10
7812,4.55422269834864,5.073791642808014,0.5195689444593743,8
7813,4.294634731299173,5.073791642808014,0.7791569115088413,9
7814,4.261048215098539,5.073791642808014,0.8127434277094752,4
7815,4.633623100463619,5.073791642808014,0.44016854234439506,3
7816,4.831582120121749,5.073791642808014,0.24220952268626483,6
7817,4.2758712214922205,5.073791642808014,0.7979204213157933,10
7818,4.300610546679329,5.073791642808014,0.7731810961286847,5
7819,4.5719998776938,5.073791642808014,0.5017917651142136,1
7820,4.520211119593072,5.073791642808014,0.5535805232149418,2
7821,5.50335953700069,4.704853744566289,-0.7985057924344012,10
7822,5.882496097414807,4.704853744566289,-1.177642352848518,1
7823,5.57841339981374,4.704853744566289,-0.8735596552474512,4
7824,5.556796769692062,4.704853744566289,-0.8519430251257738,8
7825,5.64186124113509,4.704853744566289,-0.9370074965688016,3
7826,5.679904052269364,4.704853744566289,-0.975050307703075,5
7827,5.653149581470513,4.704853744566289,-0.948295836904224,7
7828,5.684571471787496,4.704853744566289,-0.9797177272212076,2
7829,5.473053672064695,4.704853744566289,-0.7681999274984062,9
7830,4.782420533249378,5.518513939877887,0.736093406628509,6
7831,4.767836234971647,5.518513939877887,0.7506777049062396,3
7832,4.791792357837001,5.518513939877887,0.7267215820408861,2
7833,5.159908540571975,5.518513939877887,0.35860539930591173,8
7834,4.695654577865954,5.518513939877887,0.8228593620119327,7
7835,4.774432858502604,5.518513939877887,0.744081081375283,4
7836,4.729549670889829,5.518513939877887,0.7889642689880585,9
7837,4.436125882622953,5.518513939877887,1.082388057254934,5
7838,4.788461545484847,5.518513939877887,0.7300523943930397,1
7839,4.5719998776938,4.953663063747091,0.38166318605329064,1
7840,4.300610546679329,4.953663063747091,0.6530525170677617,5
7841,4.261048215098539,4.953663063747091,0.6926148486485522,4
7842,4.488980876792667,4.953663063747091,0.4646821869544242,7
7843,4.55422269834864,4.953663063747091,0.3994403653984513,8
7844,4.831582120121749,4.953663063747091,0.12208094362534183,6
7845,4.294634731299173,4.953663063747091,0.6590283324479183,9
7846,4.520211119593072,4.953663063747091,0.4334519441540188,2
7847,4.633623100463619,4.953663063747091,0.32003996328347206,3
7848,5.989166935911669,4.792391689498253,-1.1967752464134165,9
7849,5.962831294152353,4.792391689498253,-1.1704396046541001,1
7850,5.913355722630806,4.792391689498253,-1.1209640331325534,10
7851,5.796211286900754,4.792391689498253,-1.0038195974025017,6
7852,5.570659621284507,4.792391689498253,-0.7782679317862549,2
7853,5.836382441020573,4.792391689498253,-1.0439907515223208,5
7854,5.809017985373194,4.792391689498253,-1.016626295874941,4
7855,5.539908440386031,4.792391689498253,-0.7475167508877787,8
7856,5.803036397214263,4.792391689498253,-1.0106447077160103,3
7857,4.7763041237305925,4.117271295655764,-0.6590328280748281,6
7858,4.752076110687506,4.117271295655764,-0.6348048150317416,8
7859,4.859382267490454,4.117271295655764,-0.7421109718346894,7
7860,4.7994656128388415,4.117271295655764,-0.6821943171830771,3
7861,5.094774429481558,4.117271295655764,-0.9775031338257936,9
7862,4.815839115895439,4.117271295655764,-0.6985678202396741,5
7863,4.889105232705044,4.117271295655764,-0.7718339370492799,10
7864,4.7245441923021705,4.117271295655764,-0.607272896646406,4
7865,4.935354753509706,4.117271295655764,-0.818083457853942,2
7866,5.345025815717086,6.3979400086720375,1.052914192954952,4
7867,5.4235323823154795,6.3979400086720375,0.974407626356558,8
7868,5.235087113682403,6.3979400086720375,1.1628528949896344,10
7869,5.261977748723253,6.3979400086720375,1.1359622599487844,5
7870,5.27208067400603,6.3979400086720375,1.125859334666007,7
7871,5.463720408778593,6.3979400086720375,0.9342195998934448,9
7872,5.3428472375515,6.3979400086720375,1.0550927711205373,6
7873,5.268982680055482,6.3979400086720375,1.128957328616555,2
7874,5.396729655632154,6.3979400086720375,1.001210353039884,3
7875,4.501610578832705,4.568201724066995,0.06659114523429022,9
7876,4.545616515340581,4.568201724066995,0.02258520872641423,6
7877,4.494212426743101,4.568201724066995,0.07398929732389359,5
7878,4.533270088598937,4.568201724066995,0.034931635468058,8
7879,4.400480683811426,4.568201724066995,0.1677210402555689,1
7880,4.58663062976784,4.568201724066995,-0.0184289057008451,3
7881,4.191864715067657,4.568201724066995,0.37633700899933764,4
7882,4.566789916254361,4.568201724066995,0.0014118078126337252,2
7883,4.464684369054245,4.568201724066995,0.10351735501274995,10
7884,4.965699321018882,4.357172257723033,-0.6085270632958482,2
7885,4.74761724107645,4.357172257723033,-0.39044498335341693,6
7886,4.656988861558586,4.357172257723033,-0.299816603835553,4
7887,4.752900276536,4.357172257723033,-0.3957280188129664,3
7888,4.750506669730492,4.357172257723033,-0.39333441200745867,1
7889,4.746037426230934,4.357172257723033,-0.388865168507901,5
7890,4.781407337744562,4.357172257723033,-0.42423508002152843,7
7891,5.073732517770451,4.357172257723033,-0.7165602600474177,9
7892,4.872065103808357,4.357172257723033,-0.5148928460853233,10
7893,5.297467861167504,5.089905111439398,-0.20756274972810562,2
7894,5.307941803745062,5.089905111439398,-0.21803669230566403,5
7895,5.534304817653778,5.089905111439398,-0.4443997062143801,1
7896,5.370546799029628,5.089905111439398,-0.2806416875902302,6
7897,5.2748915318759915,5.089905111439398,-0.1849864204365934,3
7898,5.34328228740449,5.089905111439398,-0.2533771759650918,8
7899,5.368715445476159,5.089905111439398,-0.2788103340367609,7
7900,5.247356382457005,5.089905111439398,-0.1574512710176066,4
7901,5.469063165626196,5.089905111439398,-0.3791580541867976,10
7902,4.732472779867101,4.683947130751513,-0.04852564911558854,4
7903,4.7348862797453934,4.683947130751513,-0.050939148993880856,6
7904,4.8663718985060145,4.683947130751513,-0.1824247677545019,5
7905,4.583598226615895,4.683947130751513,0.10034890413561737,8
7906,5.096745855626298,4.683947130751513,-0.4127987248747855,7
7907,4.867738278196128,4.683947130751513,-0.183791147444615,9
7908,4.9010896181692996,4.683947130751513,-0.21714248741778697,1
7909,4.724787123446123,4.683947130751513,-0.04083999269461014,3
7910,4.822974861638104,4.683947130751513,-0.1390277308865917,2
7911,5.322620926888455,5.903089986991944,0.5804690601034892,2
7912,5.457785401279327,5.903089986991944,0.44530458571261633,5
7913,5.505809440778686,5.903089986991944,0.39728054621325803,9
7914,5.450811915423382,5.903089986991944,0.4522780715685615,10
7915,5.44243403330207,5.903089986991944,0.4606559536898738,7
7916,5.338064362366139,5.903089986991944,0.5650256246258047,4
7917,5.455584235801605,5.903089986991944,0.44750575119033886,6
7918,5.631212636173179,5.903089986991944,0.2718773508187651,8
7919,5.213860027737792,5.903089986991944,0.6892299592541518,3
7920,5.364585810413073,5.390122251506701,0.02553644109362807,5
7921,5.177939903999418,5.390122251506701,0.21218234750728282,2
7922,5.493239791063212,5.390122251506701,-0.1031175395565116,1
7923,5.467455978612843,5.390122251506701,-0.07733372710614272,10
7924,5.193862924046928,5.390122251506701,0.1962593274597726,7
7925,4.9326367784391865,5.390122251506701,0.4574854730675142,8
7926,5.911714557983092,5.390122251506701,-0.521592306476391,3
7927,5.1905698974083405,5.390122251506701,0.19955235409836014,4
7928,5.135364229320498,5.390122251506701,0.2547580221862029,6
7929,5.903824646614384,5.477121254719663,-0.42670339189472184,10
7930,5.886769886373085,5.477121254719663,-0.4096486316534227,3
7931,5.686634268843009,5.477121254719663,-0.20951301412334633,6
7932,5.672675120741011,5.477121254719663,-0.19555386602134828,4
7933,5.694501778841164,5.477121254719663,-0.21738052412150122,7
7934,5.89569975514308,5.477121254719663,-0.4185785004234175,1
7935,5.787486772170289,5.477121254719663,-0.31036551745062635,8
7936,5.690089145107847,5.477121254719663,-0.21296789038818442,9
7937,5.7701757545204755,5.477121254719663,-0.2930544998008129,5
7938,6.2587494351098085,6.4623979978989565,0.203648562789148,3
7939,6.230316217485144,6.4623979978989565,0.23208178041381267,1
7940,6.032410134700109,6.4623979978989565,0.4299878631988472,2
7941,5.9618347432070475,6.4623979978989565,0.500563254691909,9
7942,6.14078080189005,6.4623979978989565,0.3216171960089067,5
7943,6.074500353064678,6.4623979978989565,0.38789764483427813,10
7944,6.118053307321877,6.4623979978989565,0.3443446905770795,4
7945,6.42876410450564,6.4623979978989565,0.03363389339331668,8
7946,6.099679917459143,6.4623979978989565,0.36271808043981313,6
7947,6.021410417617816,4.76789761601809,-1.253512801599726,6
7948,5.981949195927905,4.76789761601809,-1.2140515799098148,3
7949,5.967607676030735,4.76789761601809,-1.1997100600126442,7
7950,5.839709989076419,4.76789761601809,-1.0718123730583287,5
7951,6.107706793883837,4.76789761601809,-1.3398091778657468,10
7952,5.845645983137217,4.76789761601809,-1.0777483671191268,4
7953,5.919656085027048,4.76789761601809,-1.151758469008958,1
7954,6.071996658603966,4.76789761601809,-1.304099042585876,8
7955,5.844653338790165,4.76789761601809,-1.0767557227720745,2
7956,4.3043138439384325,4.743509764728429,0.43919592078999603,4
7957,4.7823248079205,4.743509764728429,-0.03881504319207174,8
7958,4.079075560120582,4.743509764728429,0.6644342046078462,2
7959,4.271543737308814,4.743509764728429,0.47196602741961424,6
7960,4.6418304680120945,4.743509764728429,0.10167929671633402,3
7961,4.408723290500594,4.743509764728429,0.33478647422783414,1
7962,4.56553390110067,4.743509764728429,0.17797586362775863,10
7963,4.226016632689653,4.743509764728429,0.5174931320387754,9
7964,4.159500273541061,4.743509764728429,0.5840094911873672,5
7965,4.254827189994539,4.643452676486188,0.38862548649164896,3
7966,3.966847184585436,4.643452676486188,0.676605491900752,5
7967,3.9097448517512534,4.643452676486188,0.7337078247349345,2
7968,4.063755593930428,4.643452676486188,0.5796970825557599,1
7969,4.132679745764135,4.643452676486188,0.5107729307220525,10
7970,4.143393326070958,4.643452676486188,0.5000593504152295,8
7971,3.948724612957333,4.643452676486188,0.6947280635288551,4
7972,4.107196862119353,4.643452676486188,0.536255814366835,6
7973,3.9792628697073815,4.643452676486188,0.6641898067788063,9
7974,5.451607837224316,5.811709026696192,0.36010118947187664,8
7975,5.100530151129698,5.811709026696192,0.7111788755664943,7
7976,4.897352115026876,5.811709026696192,0.9143569116693167,5
7977,5.007884886044703,5.811709026696192,0.8038241406514892,6
7978,5.315394887667846,5.811709026696192,0.4963141390283461,3
7979,4.790075825747469,5.811709026696192,1.021633200948723,2
7980,5.053435721797191,5.811709026696192,0.7582733048990011,9
7981,5.077968022662556,5.811709026696192,0.7337410040336367,1
7982,5.043891791671277,5.811709026696192,0.7678172350249151,10
7983,5.172850214111665,4.887054378050957,-0.285795836060708,6
7984,5.277574615905674,4.887054378050957,-0.3905202378547168,3
7985,5.013793375348969,4.887054378050957,-0.12673899729801263,2
7986,5.249132983736207,4.887054378050957,-0.36207860568524985,9
7987,5.245275105057256,4.887054378050957,-0.3582207270062989,1
7988,5.063656114266537,4.887054378050957,-0.17660173621557984,8
7989,5.318408946692287,4.887054378050957,-0.43135456864133026,10
7990,5.054581934479324,4.887054378050957,-0.16752755642836714,7
7991,5.093152415889924,4.887054378050957,-0.2060980378389674,5
7992,4.845778844483649,3.857332496431269,-0.9884463480523804,4
7993,4.84648713882579,3.857332496431269,-0.9891546423945208,5
7994,4.674027214583444,3.857332496431269,-0.8166947181521751,8
7995,4.990365269267223,3.857332496431269,-1.1330327728359544,1
7996,4.804530481750705,3.857332496431269,-0.9471979853194359,6
7997,4.814289441180051,3.857332496431269,-0.9569569447487822,2
7998,5.174831914711063,3.857332496431269,-1.3174994182797937,10
7999,5.011254893550677,3.857332496431269,-1.1539223971194081,9
8000,4.728556648374136,3.857332496431269,-0.871224151942867,7
8001,3.7118110561279067,3.792391689498254,0.08058063337034715,3
8002,3.466469513847137,3.792391689498254,0.32592217565111703,5
8003,3.2661640555903153,3.792391689498254,0.5262276339079386,2
8004,3.40964340350644,3.792391689498254,0.3827482859918141,7
8005,3.0574803075033716,3.792391689498254,0.7349113819948823,6
8006,3.6191587731261974,3.792391689498254,0.1732329163720565,10
8007,3.4400869074351323,3.792391689498254,0.35230478206312155,4
8008,3.5936152489616116,3.792391689498254,0.19877644053664234,8
8009,3.4281971855801108,3.792391689498254,0.3641945039181431,9
8010,4.244009246381475,3.763427993562937,-0.4805812528185385,10
8011,4.224479026584231,3.763427993562937,-0.46105103302129447,9
8012,3.9997494237186437,3.763427993562937,-0.23632143015570684,4
8013,3.900514012918915,3.763427993562937,-0.1370860193559782,6
8014,4.2438778535366,3.763427993562937,-0.4804498599736631,5
8015,4.079528150549925,3.763427993562937,-0.31610015698698835,3
8016,4.283726084489028,3.763427993562937,-0.520298090926091,1
8017,4.16794132115067,3.763427993562937,-0.4045133275877335,8
8018,4.003463427450626,3.763427993562937,-0.2400354338876891,2
8019,4.212230181465409,3.544068044350276,-0.6681621371151327,1
8020,3.751169632423487,3.544068044350276,-0.20710158807321077,6
8021,3.8531576295701595,3.544068044350276,-0.3090895852198834,7
8022,3.8813686993860683,3.544068044350276,-0.3373006550357922,2
8023,3.9948892872144897,3.544068044350276,-0.45082124286421354,5
8024,3.9438314286087923,3.544068044350276,-0.3997633842585162,3
8025,4.009422749849075,3.544068044350276,-0.465354705498799,9
8026,3.5982208581235753,3.544068044350276,-0.05415281377329917,8
8027,4.000054959049296,3.544068044350276,-0.4559869146990203,4
8028,4.425147461884779,3.9242792860618816,-0.5008681758228977,10
8029,4.467168111774271,3.9242792860618816,-0.5428888257123892,7
8030,4.496623694860463,3.9242792860618816,-0.5723444087985814,1
8031,4.564586608055957,3.9242792860618816,-0.6403073219940754,3
8032,4.5074663196107805,3.9242792860618816,-0.5831870335488989,5
8033,4.284484367546265,3.9242792860618816,-0.3602050814843838,6
8034,4.556998506969019,3.9242792860618816,-0.6327192209071373,4
8035,4.232307014354041,3.9242792860618816,-0.3080277282921595,8
8036,4.269923549397574,3.9242792860618816,-0.3456442633356924,9
8037,5.739983917279015,6.3979400086720375,0.6579560913930225,7
8038,5.848150841689951,6.3979400086720375,0.5497891669820865,4
8039,5.727578821163603,6.3979400086720375,0.6703611875084343,6
8040,5.680830556420837,6.3979400086720375,0.7171094522512007,1
8041,5.794250046214344,6.3979400086720375,0.6036899624576932,8
8042,5.8689901900639585,6.3979400086720375,0.528949818608079,5
8043,5.6330414331014245,6.3979400086720375,0.764898575570613,3
8044,5.992144581470745,6.3979400086720375,0.40579542720129247,10
8045,6.051749797806663,6.3979400086720375,0.34619021086537494,9
8046,4.467626029140913,4.382017042574868,-0.08560898656604454,10
8047,3.9087279590763275,4.382017042574868,0.4732890834985408,5
8048,4.002584161324231,4.382017042574868,0.37943288125063734,2
8049,4.026972052873204,4.382017042574868,0.3550449897016641,9
8050,4.087791596633289,4.382017042574868,0.2942254459415796,6
8051,4.364024093816321,4.382017042574868,0.017992948758547733,8
8052,4.077078833800216,4.382017042574868,0.3049382087746526,3
8053,3.790914260737233,4.382017042574868,0.5911027818376353,4
8054,4.033724309806023,4.382017042574868,0.3482927327688454,1
8055,5.31823997864446,6.079181246047625,0.7609412674031653,7
8056,5.408538919132645,6.079181246047625,0.6706423269149804,5
8057,5.419613859108347,6.079181246047625,0.659567386939278,10
8058,5.48077045523975,6.079181246047625,0.5984107908078755,1
8059,5.410981794943945,6.079181246047625,0.6681994511036802,4
8060,5.4345653150655755,6.079181246047625,0.6446159309820496,3
8061,5.418867261746914,6.079181246047625,0.6603139843007115,6
8062,5.153979205070666,6.079181246047625,0.9252020409769592,2
8063,5.356676897244371,6.079181246047625,0.7225043488032545,9
8064,5.696142318265385,5.658011396657113,-0.03813092160827214,8
8065,5.599109830995843,5.658011396657113,0.05890156566126947,4
8066,5.612383694334904,5.658011396657113,0.04562770232220892,1
8067,5.51406797423804,5.658011396657113,0.14394342241907232,7
8068,5.594799546672938,5.658011396657113,0.0632118499841745,5
8069,5.743130313802185,5.658011396657113,-0.08511891714507236,10
8070,5.65180058168117,5.658011396657113,0.006210814975943002,3
8071,5.379835796697813,5.658011396657113,0.2781755999592992,2
8072,5.534408327990154,5.658011396657113,0.12360306866695847,6
8073,4.953367871629031,3.8790958795000727,-1.0742719921289585,1
8074,5.042732132548995,3.8790958795000727,-1.1636362530489222,7
8075,4.842628336324142,3.8790958795000727,-0.9635324568240695,9
8076,4.64884044861897,3.8790958795000727,-0.7697445691188975,3
8077,4.584787074560129,3.8790958795000727,-0.7056911950600564,2
8078,4.656075344721324,3.8790958795000727,-0.7769794652212512,6
8079,4.812870311883249,3.8790958795000727,-0.9337744323831765,8
8080,4.831643113255196,3.8790958795000727,-0.9525472337551233,5
8081,4.600085049449224,3.8790958795000727,-0.7209891699491515,4
8082,5.088399652028816,6.079181246047625,0.9907815940188094,7
8083,5.242146173161418,6.079181246047625,0.8370350728862075,3
8084,5.042304258431318,6.079181246047625,1.0368769876163073,5
8085,5.071606256814047,6.079181246047625,1.0075749892335777,9
8086,5.010344201362334,6.079181246047625,1.0688370446852913,8
8087,5.150487717156998,6.079181246047625,0.9286935288906273,6
8088,5.1337099351174835,6.079181246047625,0.9454713109301416,10
8089,5.125321760298425,6.079181246047625,0.9538594857492004,4
8090,5.24821735634147,6.079181246047625,0.8309638897061555,1
8091,4.635421260313278,4.495544337546448,-0.13987692276682928,7
8092,4.391342528099683,4.495544337546448,0.10420180944676538,2
8093,4.72902116386468,4.495544337546448,-0.23347682631823208,3
8094,4.7180591822295375,4.495544337546448,-0.22251484468308913,9
8095,4.731647314088558,4.495544337546448,-0.2361029765421101,10
8096,4.4889926807661835,4.495544337546448,0.006551656780264814,6
8097,4.5349297053986595,4.495544337546448,-0.03938536785221114,8
8098,4.71528693258193,4.495544337546448,-0.21974259503548144,1
8099,4.548838025621887,4.495544337546448,-0.05329368807543844,4
8100,4.226016632689653,6.102135154272175,1.876118521582522,9
8101,4.159500273541061,6.102135154272175,1.9426348807311138,5
8102,4.408723290500594,6.102135154272175,1.6934118637715807,1
8103,4.7823248079205,6.102135154272175,1.3198103463516748,8
8104,4.56553390110067,6.102135154272175,1.5366012531715052,10
8105,4.3043138439384325,6.102135154272175,1.7978213103337426,4
8106,4.366472761472759,6.102135154272175,1.7356623927994157,7
8107,4.271543737308814,6.102135154272175,1.8305914169633608,6
8108,4.079075560120582,6.102135154272175,2.0230595941515928,2
8109,4.079075560120582,5.176091259055681,1.097015698935099,2
8110,4.6418304680120945,5.176091259055681,0.5342607910435868,3
8111,4.7823248079205,5.176091259055681,0.39376645113518105,8
8112,4.366472761472759,5.176091259055681,0.8096184975829219,7
8113,4.408723290500594,5.176091259055681,0.7673679685550869,1
8114,4.159500273541061,5.176091259055681,1.01659098551462,5
8115,4.226016632689653,5.176091259055681,0.9500746263660282,9
8116,4.3043138439384325,5.176091259055681,0.8717774151172488,4
8117,4.56553390110067,5.176091259055681,0.6105573579550114,10
8118,4.904499212463149,3.462397997898956,-1.4421012145641927,1
8119,3.451997786521238,3.462397997898956,0.010400211377718183,6
8120,4.704801706220035,3.462397997898956,-1.242403708321079,2
8121,4.67627983850243,3.462397997898956,-1.2138818406034741,3
8122,4.891435266109306,3.462397997898956,-1.4290372682103496,4
8123,4.745102753614146,3.462397997898956,-1.2827047557151903,10
8124,4.5641314721299615,3.462397997898956,-1.1017334742310054,7
8125,4.781031872748337,3.462397997898956,-1.318633874849381,5
8126,4.85617013844509,3.462397997898956,-1.3937721405461336,9
8127,5.675526298635996,6.049218022670182,0.3736917240341864,10
8128,5.575036238610594,6.049218022670182,0.47418178405958766,4
8129,5.715765978246966,6.049218022670182,0.33345204442321563,6
8130,5.491637154667922,6.049218022670182,0.55758086800226,7
8131,5.5389648802659615,6.049218022670182,0.5102531424042205,5
8132,5.6407692909403915,6.049218022670182,0.40844873172979046,9
8133,5.662831211583792,6.049218022670182,0.38638681108638995,1
8134,5.638277491075608,6.049218022670182,0.4109405315945738,8
8135,5.319256249570689,6.049218022670182,0.7299617730994932,2
8136,4.6345113745508,4.303196057420489,-0.33131531713031137,6
8137,4.498213832513475,4.303196057420489,-0.19501777509298623,8
8138,4.738609292515821,4.303196057420489,-0.43541323509533214,5
8139,4.322712535005062,4.303196057420489,-0.01951647758457309,1
8140,4.465966967135215,4.303196057420489,-0.16277090971472674,2
8141,4.668298271333212,4.303196057420489,-0.36510221391272335,10
8142,4.03272077970972,4.303196057420489,0.2704752777107684,4
8143,4.213191474210607,4.303196057420489,0.0900045832098817,9
8144,4.663048357637035,4.303196057420489,-0.3598523002165468,7
8145,3.984443406446297,3.6989700043360174,-0.2854734021102794,9
8146,3.317209167016399,3.6989700043360174,0.3817608373196184,8
8147,4.160137689958538,3.6989700043360174,-0.46116768562252064,1
8148,4.237330609399677,3.6989700043360174,-0.53836060506366,10
8149,4.073591725858424,3.6989700043360174,-0.374621721522407,7
8150,4.214835708854998,3.6989700043360174,-0.5158657045189803,4
8151,3.840005306325815,3.6989700043360174,-0.14103530198979763,6
8152,3.759959047964387,3.6989700043360174,-0.060989043628369544,5
8153,4.140821960925717,3.6989700043360174,-0.4418519565896992,3
8154,5.1863756476662575,4.817565369559781,-0.3688102781064764,5
8155,5.191203668915859,4.817565369559781,-0.3736382993560783,1
8156,5.067013259498915,4.817565369559781,-0.24944788993913392,8
8157,5.110154021225378,4.817565369559781,-0.29258865166559733,7
8158,4.974946724564726,4.817565369559781,-0.15738135500494455,6
8159,4.919843757813238,4.817565369559781,-0.10227838825345703,2
8160,5.411863911241187,4.817565369559781,-0.5942985416814057,9
8161,5.498934931841552,4.817565369559781,-0.6813695622817706,10
8162,4.998284156412919,4.817565369559781,-0.1807187868531379,3
8163,4.811565008839364,5.505149978319906,0.6935849694805425,6
8164,4.691840159535396,5.505149978319906,0.8133098187845107,8
8165,4.932895732782716,5.505149978319906,0.5722542455371906,10
8166,4.7292976029716,5.505149978319906,0.7758523753483066,4
8167,4.679621292773281,5.505149978319906,0.8255286855466251,2
8168,4.855799498895129,5.505149978319906,0.6493504794247773,3
8169,4.941588194719471,5.505149978319906,0.5635617836004352,1
8170,4.953360089055296,5.505149978319906,0.5517898892646107,9
8171,4.759734382579053,5.505149978319906,0.7454155957408535,7
8172,4.666424150386244,4.3979400086720375,-0.26848414171420654,1
8173,4.710176868832377,4.3979400086720375,-0.3122368601603398,6
8174,5.037299359627751,4.3979400086720375,-0.6393593509557132,10
8175,4.564096706498229,4.3979400086720375,-0.16615669782619147,5
8176,4.704257454852583,4.3979400086720375,-0.3063174461805458,3
8177,4.787669214488516,4.3979400086720375,-0.3897292058164785,9
8178,4.643984262583767,4.3979400086720375,-0.24604425391172935,4
8179,4.502726173804715,4.3979400086720375,-0.10478616513267713,2
8180,4.419723273431803,4.3979400086720375,-0.02178326475976533,8
8181,5.415338591462974,4.721810615212546,-0.6935279762504276,9
8182,5.133118031278228,4.721810615212546,-0.41130741606568133,2
8183,5.585952312892486,4.721810615212546,-0.8641416976799396,10
8184,5.535423281884232,4.721810615212546,-0.8136126666716859,3
8185,4.818800397755162,4.721810615212546,-0.09698978254261537,8
8186,5.258128908631186,4.721810615212546,-0.5363182934186401,4
8187,5.212045161172502,4.721810615212546,-0.4902345459599555,7
8188,5.320898880606405,4.721810615212546,-0.599088265393859,1
8189,5.320086765652511,4.721810615212546,-0.5982761504399647,5
8190,4.057834453810531,4.505149978319906,0.4473155245093752,3
8191,4.2334779639961395,4.505149978319906,0.27167201432376675,1
8192,4.010826505766319,4.505149978319906,0.494323472553587,8
8193,4.440556374784523,4.505149978319906,0.0645936035353829,9
8194,4.249199243544407,4.505149978319906,0.25595073477549946,5
8195,3.9981763900148373,4.505149978319906,0.506973588305069,6
8196,4.259280743902277,4.505149978319906,0.2458692344176292,7
8197,4.03288178034523,4.505149978319906,0.47226819797467634,2
8198,4.510632122379519,4.505149978319906,-0.005482144059612892,10
8199,4.47353734377588,3.2380461031287955,-1.2354912406470846,9
8200,4.0346898833245675,3.2380461031287955,-0.796643780195772,2
8201,3.988125996123448,3.2380461031287955,-0.7500798929946524,6
8202,4.4553769445397915,3.2380461031287955,-1.217330841410996,10
8203,3.896093642897978,3.2380461031287955,-0.6580475397691825,3
8204,3.888815006493511,3.2380461031287955,-0.6507689033647157,4
8205,4.198338416664918,3.2380461031287955,-0.9602923135361228,1
8206,4.2647645062181665,3.2380461031287955,-1.026718403089371,5
8207,4.241597381901059,3.2380461031287955,-1.0035512787722634,7
8208,4.5798115811661555,4.5910646070265,0.011253025860344934,9
8209,4.466464603622321,4.5910646070265,0.1246000034041792,1
8210,4.273089897411922,4.5910646070265,0.3179747096145782,2
8211,4.331168452228535,4.5910646070265,0.259896154797965,3
8212,4.321232598031068,4.5910646070265,0.269832008995432,6
8213,4.245722068067327,4.5910646070265,0.3453425389591738,8
8214,4.589353467990057,4.5910646070265,0.0017111390364430434,5
8215,4.541825313711134,4.5910646070265,0.049239293315366695,4
8216,4.618859355577951,4.5910646070265,-0.027794748551450255,10
8217,4.291778916836018,4.8221680793680175,0.5303891625319999,10
8218,4.909423624971059,4.8221680793680175,-0.08725554560304172,8
8219,4.465541544584964,4.8221680793680175,0.35662653478305373,6
8220,4.082156687138783,4.8221680793680175,0.7400113922292348,5
8221,4.276214015133352,4.8221680793680175,0.5459540642346656,2
8222,4.1568705535241035,4.8221680793680175,0.665297525843914,1
8223,4.213943571465556,4.8221680793680175,0.6082245079024613,4
8224,4.416961229812838,4.8221680793680175,0.4052068495551797,7
8225,4.7198547955890815,4.8221680793680175,0.102313283778936,3
8226,5.327788409429015,3.230448921378274,-2.097339488050741,9
8227,5.412246310146049,3.230448921378274,-2.181797388767775,10
8228,5.219577539536787,3.230448921378274,-1.9891286181585128,1
8229,5.269135792548129,3.230448921378274,-2.0386868711698547,6
8230,5.232106292472457,3.230448921378274,-2.0016573710941827,4
8231,5.1664749741293345,3.230448921378274,-1.9360260527510604,7
8232,5.2592320536818,3.230448921378274,-2.028783132303526,8
8233,5.197634323970872,3.230448921378274,-1.967185402592598,3
8234,5.173652289143178,3.230448921378274,-1.9432033677649043,5
8235,4.292104986561832,2.6020599913279625,-1.6900449952338699,6
8236,4.269955145898456,2.6020599913279625,-1.6678951545704939,8
8237,4.644368575565823,2.6020599913279625,-2.04230858423786,9
8238,4.260802291310613,2.6020599913279625,-1.6587422999826504,4
8239,4.344814926642395,2.6020599913279625,-1.7427549353144327,7
8240,4.3242815928543905,2.6020599913279625,-1.722221601526428,5
8241,4.3946591054457365,2.6020599913279625,-1.792599114117774,2
8242,4.3444743893161695,2.6020599913279625,-1.742414397988207,1
8243,4.675659400620797,2.6020599913279625,-2.073599409292835,10
8244,4.244753489536921,3.008600171761917,-1.2361533177750044,4
8245,4.24465414713764,3.008600171761917,-1.2360539753757234,3
8246,4.463705477459931,3.008600171761917,-1.455105305698014,9
8247,4.424583338465966,3.008600171761917,-1.4159831667040486,5
8248,4.7168436653299715,3.008600171761917,-1.7082434935680544,10
8249,4.067578591760788,3.008600171761917,-1.058978419998871,6
8250,3.8977278772384736,3.008600171761917,-0.8891277054765565,8
8251,4.373051134491713,3.008600171761917,-1.364450962729796,1
8252,4.579615909963341,3.008600171761917,-1.5710157382014236,7
8253,6.011959560541332,5.949390006644912,-0.06256955389641927,8
8254,6.100863545526518,5.949390006644912,-0.1514735388816053,7
8255,6.085685014137927,5.949390006644912,-0.1362950074930147,10
8256,6.2529789378171285,5.949390006644912,-0.3035889311722162,6
8257,5.892144890383028,5.949390006644912,0.057245116261884554,2
8258,6.018600270809548,5.949390006644912,-0.06921026416463594,4
8259,6.063192094076957,5.949390006644912,-0.11380208743204445,3
8260,6.15528511654056,5.949390006644912,-0.20589510989564808,1
8261,6.05299594064367,5.949390006644912,-0.1036059339987574,9
8262,5.250664726987449,6.778151250383644,1.5274865233961945,2
8263,4.9426998496370915,6.778151250383644,1.8354514007465523,10
8264,4.967724847669125,6.778151250383644,1.8104264027145192,3
8265,5.330901923031283,6.778151250383644,1.4472493273523606,4
8266,5.277574697487437,6.778151250383644,1.5005765528962067,9
8267,5.200516357008918,6.778151250383644,1.577634893374726,8
8268,5.352983052401384,6.778151250383644,1.4251681979822601,1
8269,5.027524067419744,6.778151250383644,1.7506271829638997,7
8270,5.197241705671268,6.778151250383644,1.5809095447123758,5
8271,6.344097266528113,7.0,0.655902733471887,1
8272,6.363537452554584,7.0,0.636462547445416,8
8273,6.217226683091272,7.0,0.7827733169087283,3
8274,6.278358396821571,7.0,0.721641603178429,6
8275,6.449672037341259,7.0,0.5503279626587414,4
8276,6.486512278360775,7.0,0.5134877216392253,5
8277,6.341229826863968,7.0,0.6587701731360323,2
8278,6.492476708931776,7.0,0.5075232910682237,10
8279,6.545921883830279,7.0,0.45407811616972094,9
8280,6.261378996140995,5.331589240955137,-0.9297897551858583,9
8281,5.53654669824107,5.331589240955137,-0.20495745728593295,7
8282,6.226997902773737,5.331589240955137,-0.8954086618186006,1
8283,6.209226221990178,5.331589240955137,-0.8776369810350415,10
8284,6.159266515601371,5.331589240955137,-0.8276772746462342,6
8285,6.256126068793268,5.331589240955137,-0.9245368278381312,4
8286,6.19432061411482,5.331589240955137,-0.8627313731596828,2
8287,5.884354392773328,5.331589240955137,-0.5527651518181909,5
8288,5.388987351865394,5.331589240955137,-0.05739811091025704,3
8289,5.383061036803813,5.176091259055681,-0.20696977774813163,10
8290,5.10559176167421,5.176091259055681,0.07049949738147099,8
8291,5.3550779559761095,5.176091259055681,-0.17898669692042812,4
8292,4.9234777918163735,5.176091259055681,0.2526134672393079,3
8293,5.370309295424352,5.176091259055681,-0.19421803636867097,9
8294,5.2207064271604215,5.176091259055681,-0.0446151681047402,6
8295,5.306957640434006,5.176091259055681,-0.13086638137832463,1
8296,5.350486958555524,5.176091259055681,-0.17439569949984257,5
8297,5.2947493220417226,5.176091259055681,-0.1186580629860412,7
8298,6.459473206860896,6.170555058521209,-0.2889181483396879,10
8299,6.19257638486972,6.170555058521209,-0.022021326348511394,8
8300,6.120610271084593,6.170555058521209,0.049944787436615456,6
8301,6.267437813365327,6.170555058521209,-0.09688275484411868,2
8302,6.406222254866362,6.170555058521209,-0.23566719634515376,4
8303,6.308612372344975,6.170555058521209,-0.13805731382376685,1
8304,6.418118581279216,6.170555058521209,-0.24756352275800708,9
8305,6.36355455853378,6.170555058521209,-0.19299950001257127,7
8306,6.081597946746238,6.170555058521209,0.08895711177497034,3
8307,5.821242264727704,6.146128035678238,0.3248857709505346,8
8308,5.462770464541987,6.146128035678238,0.6833575711362512,2
8309,5.474860525405565,6.146128035678238,0.6712675102726733,3
8310,5.736267336266148,6.146128035678238,0.40986069941209013,5
8311,5.647230354562713,6.146128035678238,0.49889768111552524,4
8312,5.664181663218134,6.146128035678238,0.4819463724601043,7
8313,5.5676633312951,6.146128035678238,0.5784647043831379,1
8314,5.730915865286893,6.146128035678238,0.41521217039134495,9
8315,5.636892781829669,6.146128035678238,0.5092352538485692,10
8316,6.311359350220162,5.982271233039568,-0.3290881171805937,2
8317,6.449730931959276,5.982271233039568,-0.46745969891970773,4
8318,6.449868121079249,5.982271233039568,-0.46759688803968125,8
8319,6.387376131214637,5.982271233039568,-0.4051048981750691,10
8320,6.330962217387956,5.982271233039568,-0.3486909843483881,1
8321,6.300867126787556,5.982271233039568,-0.3185958937479878,3
8322,6.4695069692326514,5.982271233039568,-0.48723573619308347,9
8323,6.357444983163787,5.982271233039568,-0.37517375012421894,6
8324,6.366411995385971,5.982271233039568,-0.38414076234640326,5
8325,5.890374634072326,6.209246848753374,0.31887221468104787,1
8326,5.760628574306697,6.209246848753374,0.4486182744466767,2
8327,5.884159694464449,6.209246848753374,0.32508715428892465,4
8328,6.02260036113111,6.209246848753374,0.186646487622264,9
8329,5.846673799576407,6.209246848753374,0.36257304917696676,6
8330,5.890702863821165,6.209246848753374,0.3185439849322087,7
8331,5.906320876653255,6.209246848753374,0.30292597210011873,8
8332,5.898030754462861,6.209246848753374,0.3112160942905122,5
8333,5.945480372038125,6.209246848753374,0.263766476715249,10
8334,6.5635615003322565,5.750045312011768,-0.8135161883204889,8
8335,6.298352030237805,5.750045312011768,-0.548306718226037,5
8336,6.219310925233605,5.750045312011768,-0.4692656132218378,2
8337,6.1319306715432775,5.750045312011768,-0.3818853595315099,10
8338,6.244450196580222,5.750045312011768,-0.49440488456845433,9
8339,6.313864710334467,5.750045312011768,-0.5638193983226998,7
8340,6.366957549354169,5.750045312011768,-0.616912237342401,3
8341,6.525444706541443,5.750045312011768,-0.7753993945296758,1
8342,6.5401607082451845,5.750045312011768,-0.7901153962334169,6
8343,6.275275516668442,5.401055725771844,-0.8742197908965981,7
8344,6.291184510954424,5.401055725771844,-0.8901287851825801,5
8345,6.237611114328898,5.401055725771844,-0.8365553885570538,2
8346,6.378082060420602,5.401055725771844,-0.977026334648758,9
8347,6.360455661352837,5.401055725771844,-0.9593999355809935,4
8348,6.2844179858075915,5.401055725771844,-0.8833622600357476,10
8349,6.367074280407944,5.401055725771844,-0.9660185546360998,1
8350,6.350878074040163,5.401055725771844,-0.9498223482683192,6
8351,6.269063609542131,5.401055725771844,-0.8680078837702867,3
8352,6.409040819685772,6.419129307741976,0.010088488056203992,2
8353,6.27471095131322,6.419129307741976,0.14441835642875578,3
8354,6.38980059258547,6.419129307741976,0.029328715156506036,1
8355,6.481681089637194,6.419129307741976,-0.06255178189521793,4
8356,6.348623396128416,6.419129307741976,0.07050591161355957,8
8357,6.5195448464673165,6.419129307741976,-0.1004155387253407,5
8358,6.474432497053693,6.419129307741976,-0.05530318931171685,10
8359,6.483039853479525,6.419129307741976,-0.06391054573754928,7
8360,6.298218893945855,6.419129307741976,0.12091041379612033,6
8361,6.37284449763042,6.380211241711606,0.007366744081186205,4
8362,6.417139389241803,6.380211241711606,-0.036928147530196576,8
8363,6.285538649491443,6.380211241711606,0.09467259222016366,2
8364,6.313765503494106,6.380211241711606,0.06644573821750033,3
8365,6.272419364008633,6.380211241711606,0.10779187770297316,1
8366,6.362071993284793,6.380211241711606,0.018139248426813026,6
8367,6.319978381494193,6.380211241711606,0.06023286021741292,7
8368,6.421522910439256,6.380211241711606,-0.041311668727649575,9
8369,6.305951207989122,6.380211241711606,0.07426003372248413,5
8370,6.29952587280043,6.505149978319906,0.20562410551947607,2
8371,6.328006408997493,6.505149978319906,0.17714356932241326,7
8372,6.337185838295116,6.505149978319906,0.16796414002479043,1
8373,6.443856126449189,6.505149978319906,0.06129385187071712,10
8374,6.2151780935793095,6.505149978319906,0.28997188474059676,6
8375,6.5200593325286755,6.505149978319906,-0.014909354208769265,9
8376,6.27329110943785,6.505149978319906,0.23185886888205598,8
8377,6.428410901917708,6.505149978319906,0.07673907640219824,5
8378,6.3199130773379535,6.505149978319906,0.18523690098195278,4
8379,5.8897243492828055,6.204119982655925,0.3143956333731195,1
8380,5.778620287438595,6.204119982655925,0.4254996952173302,5
8381,5.877301064879445,6.204119982655925,0.32681891777648,3
8382,5.9131900959208865,6.204119982655925,0.2909298867350385,4
8383,5.734568452872558,6.204119982655925,0.46955152978336745,2
8384,5.751328884492085,6.204119982655925,0.4527910981638401,7
8385,5.859198380594629,6.204119982655925,0.3449216020612962,9
8386,6.046201149882402,6.204119982655925,0.1579188327735226,8
8387,5.896980544818048,6.204119982655925,0.30713943783787734,10
8388,5.712408062533216,4.939019776448666,-0.7733882860845496,3
8389,5.906320876653255,4.939019776448666,-0.9673011002045886,8
8390,5.890702863821165,4.939019776448666,-0.9516830873724986,7
8391,5.890374634072326,4.939019776448666,-0.9513548576236595,1
8392,5.945480372038125,4.939019776448666,-1.0064605955894583,10
8393,6.02260036113111,4.939019776448666,-1.0835805846824433,9
8394,5.898030754462861,4.939019776448666,-0.9590109780141951,5
8395,5.846673799576407,4.939019776448666,-0.9076540231277406,6
8396,5.760628574306697,4.939019776448666,-0.8216087978580306,2
8397,5.74679889121946,4.79309160017658,-0.9537072910428801,1
8398,6.111080973938521,4.79309160017658,-1.3179893737619413,8
8399,5.5565087427352,4.79309160017658,-0.7634171425586196,9
8400,5.848066484824069,4.79309160017658,-1.0549748846474891,3
8401,5.376169133531005,4.79309160017658,-0.5830775333544249,5
8402,5.425630098033218,4.79309160017658,-0.632538497856638,10
8403,5.688603890987417,4.79309160017658,-0.8955122908108368,4
8404,5.528174378281109,4.79309160017658,-0.7350827781045286,2
8405,5.788666115249331,4.79309160017658,-0.9955745150727511,6
8406,5.5389648802659615,6.32221929473392,0.783254414467959,5
8407,5.575036238610594,6.32221929473392,0.7471830561233261,4
8408,5.319256249570689,6.32221929473392,1.0029630451632316,2
8409,5.662831211583792,6.32221929473392,0.6593880831501284,1
8410,5.715765978246966,6.32221929473392,0.6064533164869541,6
8411,5.675526298635996,6.32221929473392,0.6466929960979249,10
8412,5.5727261729780535,6.32221929473392,0.7494931217558669,3
8413,5.6407692909403915,6.32221929473392,0.6814500037935289,9
8414,5.638277491075608,6.32221929473392,0.6839418036583123,8
8415,6.278358396821571,6.382017042574868,0.10365864575329731,6
8416,6.449672037341259,6.382017042574868,-0.06765499476639025,4
8417,6.492476708931776,6.382017042574868,-0.11045966635690796,10
8418,6.443451574076862,6.382017042574868,-0.06143453150199374,7
8419,6.217226683091272,6.382017042574868,0.16479035948359666,3
8420,6.545921883830279,6.382017042574868,-0.16390484125541072,9
8421,6.341229826863968,6.382017042574868,0.040787215710900604,2
8422,6.486512278360776,6.382017042574868,-0.10449523578590725,5
8423,6.344097266528113,6.382017042574868,0.03791977604675534,1
8424,6.274943330769314,6.366982975977851,0.09203964520853702,1
8425,6.215270477616529,6.366982975977851,0.15171249836132183,9
8426,6.2083060598493365,6.366982975977851,0.1586769161285142,7
8427,6.250756546158109,6.366982975977851,0.11622642981974174,5
8428,6.14213099936055,6.366982975977851,0.22485197661730094,2
8429,6.3805003619847325,6.366982975977851,-0.013517386006881793,8
8430,6.2530044950957775,6.366982975977851,0.11397848088207319,3
8431,6.090788323429554,6.366982975977851,0.27619465254829656,6
8432,6.235331710275116,6.366982975977851,0.1316512657027351,10
8433,5.919685479924676,6.176091259055681,0.25640577913100504,9
8434,5.817981516570373,6.176091259055681,0.3581097424853086,6
8435,5.855312718151736,6.176091259055681,0.3207785409039454,4
8436,5.917363656859455,6.176091259055681,0.2587276021962266,1
8437,5.856221490998945,6.176091259055681,0.31986976805673617,3
8438,5.858107638184694,6.176091259055681,0.3179836208709874,5
8439,5.91871783939666,6.176091259055681,0.2573734196590216,10
8440,6.011298707267594,6.176091259055681,0.1647925517880875,8
8441,5.82836812074853,6.176091259055681,0.34772313830715174,7
8442,5.526587927463984,6.535863520712453,1.0092755932484687,9
8443,5.50317630030732,6.535863520712453,1.0326872204051325,10
8444,6.0788596095557565,6.535863520712453,0.45700391115669614,6
8445,6.036967316053352,6.535863520712453,0.49889620465910056,4
8446,5.566829323463129,6.535863520712453,0.9690341972493233,2
8447,5.789923824282687,6.535863520712453,0.7459396964297653,7
8448,5.780948326546613,6.535863520712453,0.7549151941658394,1
8449,5.35775746007448,6.535863520712453,1.1781060606379725,5
8450,6.182742016376204,6.535863520712453,0.353121504336249,8
8451,5.836610893606076,5.924279286061882,0.08766839245580638,4
8452,5.606939677283577,5.924279286061882,0.3173396087783047,1
8453,5.88948414743468,5.924279286061882,0.03479513862720207,5
8454,5.65604338123758,5.924279286061882,0.2682359048243024,6
8455,5.773161635019756,5.924279286061882,0.15111765104212616,2
8456,5.980368017201598,5.924279286061882,-0.0560887311397158,9
8457,5.738028245179019,5.924279286061882,0.18625104088286282,7
8458,5.8754930336961095,5.924279286061882,0.0487862523657725,10
8459,5.686698688093915,5.924279286061882,0.23758059796796704,8
8460,6.084400427346683,6.062205808819713,-0.02219461852696991,8
8461,6.168491413407298,6.062205808819713,-0.10628560458758507,7
8462,6.094132947623391,6.062205808819713,-0.03192713880367837,2
8463,5.907715215934343,6.062205808819713,0.15449059288537015,6
8464,6.2736471834984515,6.062205808819713,-0.21144137467873847,10
8465,5.776739053612416,6.062205808819713,0.28546675520729714,3
8466,6.1046443735213005,6.062205808819713,-0.04243856470158747,5
8467,6.390708924145549,6.062205808819713,-0.32850311532583554,9
8468,6.165113180380234,6.062205808819713,-0.1029073715605211,4
8469,6.164581167037442,6.0,-0.16458116703744174,1
8470,6.069089318791537,6.0,-0.06908931879153712,2
8471,6.089849210199952,6.0,-0.08984921019995173,4
8472,6.110718565944017,6.0,-0.1107185659440173,10
8473,6.342779821249418,6.0,-0.34277982124941797,3
8474,6.165090167968889,6.0,-0.16509016796888876,9
8475,6.5730066363677775,6.0,-0.5730066363677775,8
8476,6.086333601401614,6.0,-0.08633360140161361,5
8477,6.079026966266126,6.0,-0.0790269662661256,7
8478,6.249332032960498,6.12057393120585,-0.12875810175464864,9
8479,6.369334105222259,6.12057393120585,-0.24876017401640915,4
8480,6.276147889405228,6.12057393120585,-0.15557395819937803,8
8481,6.277501295281055,6.12057393120585,-0.15692736407520513,1
8482,6.354809410973601,6.12057393120585,-0.23423547976775172,7
8483,6.159190053982039,6.12057393120585,-0.03861612277618942,3
8484,6.258026600993017,6.12057393120585,-0.13745266978716764,6
8485,6.295685046457707,6.12057393120585,-0.17511111525185719,5
8486,6.323239717048606,6.12057393120585,-0.20266578584275674,10
8487,4.9810613571394144,4.66661156841903,-0.31444978872038476,9
8488,5.152287391680761,4.66661156841903,-0.4856758232617313,6
8489,5.31510060818983,4.66661156841903,-0.6484890397708005,7
8490,5.1284966466290225,4.66661156841903,-0.4618850782099928,4
8491,5.134731142221298,4.66661156841903,-0.46811957380226854,10
8492,5.213364144242472,4.66661156841903,-0.5467525758234419,8
8493,5.127372014831816,4.66661156841903,-0.46076044641278635,1
8494,5.2058166560741315,4.66661156841903,-0.5392050876551018,3
8495,5.136392748176867,4.66661156841903,-0.4697811797578373,2
8496,6.408188626230388,7.0178677189635055,0.609679092733117,1
8497,6.278596026758885,7.0178677189635055,0.7392716922046203,6
8498,6.286128847567052,7.0178677189635055,0.7317388713964537,10
8499,6.361747513994393,7.0178677189635055,0.6561202049691124,2
8500,6.214380023360756,7.0178677189635055,0.8034876956027492,8
8501,6.27101362492761,7.0178677189635055,0.7468540940358954,9
8502,6.3829308850211195,7.0178677189635055,0.634936833942386,5
8503,6.237951277340442,7.0178677189635055,0.7799164416230635,3
8504,6.322983427930441,7.0178677189635055,0.6948842910330644,7
8505,5.960286066362608,6.079181246047625,0.11889517968501728,10
8506,5.978389910289305,6.079181246047625,0.10079133575831989,2
8507,5.967784294993717,6.079181246047625,0.11139695105390768,8
8508,6.097830542309142,6.079181246047625,-0.018649296261516568,1
8509,5.993886414102611,6.079181246047625,0.08529483194501442,6
8510,6.023338429734149,6.079181246047625,0.05584281631347654,5
8511,5.972394790346406,6.079181246047625,0.10678645570121947,9
8512,5.9572269035203735,6.079181246047625,0.12195434252725157,4
8513,5.906447480444405,6.079181246047625,0.17273376560321996,3
8514,5.571115793951317,6.567144045195657,0.9960282512443399,10
8515,6.3837420119908925,6.567144045195657,0.18340203320476434,8
8516,5.948684171357109,6.567144045195657,0.6184598738385478,3
8517,5.759647665114968,6.567144045195657,0.8074963800806891,7
8518,5.9585801895965504,6.567144045195657,0.6085638555991064,1
8519,5.661688952986979,6.567144045195657,0.9054550922086779,9
8520,6.127660302451664,6.567144045195657,0.4394837427439926,6
8521,5.763320291935702,6.567144045195657,0.8038237532599553,2
8522,5.928289552369588,6.567144045195657,0.6388544928260691,4
8523,6.02357799106278,5.414973347970818,-0.6086046430919616,10
8524,5.978312130772556,5.414973347970818,-0.563338782801738,9
8525,6.1697737482758805,5.414973347970818,-0.7548004003050623,5
8526,6.362197098754006,5.414973347970818,-0.9472237507831878,8
8527,6.2597262034735985,5.414973347970818,-0.8447528555027803,4
8528,5.924580291652032,5.414973347970818,-0.5096069436812138,3
8529,5.994433730141246,5.414973347970818,-0.5794603821704278,2
8530,6.147219569390055,5.414973347970818,-0.7322462214192367,1
8531,6.074146570469833,5.414973347970818,-0.6591732224990148,6
8532,6.337405896961324,6.021189299069938,-0.316216597891386,4
8533,6.232923597217295,6.021189299069938,-0.21173429814735645,1
8534,6.203905919760258,6.021189299069938,-0.1827166206903197,10
8535,6.138163493675442,6.021189299069938,-0.11697419460550407,2
8536,6.069119105268288,6.021189299069938,-0.047929806198349745,3
8537,6.404293255376948,6.021189299069938,-0.3831039563070098,8
8538,6.162976515595355,6.021189299069938,-0.14178721652541704,6
8539,6.24308974082795,6.021189299069938,-0.22190044175801216,7
8540,6.19653853102004,6.021189299069938,-0.17534923195010155,9
8541,5.682631856787328,6.517195897949974,0.834564041162646,3
8542,5.798203819319909,6.517195897949974,0.7189920786300652,10
8543,5.7820476629465505,6.517195897949974,0.7351482350034235,9
8544,5.85720959198258,6.517195897949974,0.6599863059673936,6
8545,5.828007181302601,6.517195897949974,0.6891887166473731,7
8546,5.798757552330535,6.517195897949974,0.7184383456194388,2
8547,5.878841757310091,6.517195897949974,0.6383541406398834,1
8548,6.024142006751878,6.517195897949974,0.4930538911980964,8
8549,5.867902335991628,6.517195897949974,0.6492935619583458,5
8550,5.780628593347055,5.934498451243568,0.1538698578965132,3
8551,5.9417205574693215,5.934498451243568,-0.007222106225753144,8
8552,5.925056421661632,5.934498451243568,0.009442029581935962,5
8553,6.064539346001871,5.934498451243568,-0.13004089475830227,9
8554,5.934059148328328,5.934498451243568,0.0004393029152405248,4
8555,6.025819606771137,5.934498451243568,-0.09132115552756837,10
8556,5.901652824170832,5.934498451243568,0.03284562707273597,1
8557,5.937995364734181,5.934498451243568,-0.003496913490613096,7
8558,5.928515158129898,5.934498451243568,0.00598329311367074,6
8559,5.660257817660864,6.32221929473392,0.6619614770730564,6
8560,5.740235775664498,6.32221929473392,0.5819835190694223,10
8561,5.495412673510929,6.32221929473392,0.8268066212229916,3
8562,5.5874850451310545,6.32221929473392,0.7347342496028659,5
8563,5.590093708551531,6.32221929473392,0.7321255861823897,1
8564,5.615749139355918,6.32221929473392,0.7064701553780024,7
8565,5.657810257953636,6.32221929473392,0.6644090367802846,8
8566,5.718272318486541,6.32221929473392,0.6039469762473795,2
8567,5.595997161974041,6.32221929473392,0.7262221327598795,4
8568,5.7550080951511475,6.301029995663981,0.5460219005128337,9
8569,5.870024755231865,6.301029995663981,0.43100524043211585,5
8570,5.9934403229249105,6.301029995663981,0.3075896727390708,1
8571,5.950948059168385,6.301029995663981,0.35008193649559605,3
8572,5.864469241861981,6.301029995663981,0.43656075380200043,2
8573,6.361829979212153,6.301029995663981,-0.060799983548172065,8
8574,5.990438291048965,6.301029995663981,0.3105917046150166,4
8575,5.988684458490167,6.301029995663981,0.3123455371738144,7
8576,5.8101932954486815,6.301029995663981,0.4908367002152998,10
8577,5.141585210925308,6.531478917042255,1.389893706116947,6
8578,5.1971199411210725,6.531478917042255,1.334358975921183,8
8579,5.5676014085423375,6.531478917042255,0.9638775084999178,5
8580,5.39520306575782,6.531478917042255,1.1362758512844353,9
8581,5.436137842465707,6.531478917042255,1.095341074576548,4
8582,5.7727273809976545,6.531478917042255,0.7587515360446009,1
8583,5.506247573378429,6.531478917042255,1.025231343663826,2
8584,5.499906632615296,6.531478917042255,1.031572284426959,10
8585,5.304795956680294,6.531478917042255,1.2266829603619618,3
8586,6.0215684126816456,6.003115717099806,-0.01845269558183915,6
8587,5.930350579883582,6.003115717099806,0.07276513721622457,7
8588,5.960929997696648,6.003115717099806,0.042185719403158295,4
8589,5.958479555783229,6.003115717099806,0.04463616131657755,2
8590,6.129373913782808,6.003115717099806,-0.12625819668300142,3
8591,6.112601052029804,6.003115717099806,-0.10948533492999779,1
8592,5.9776864755516295,6.003115717099806,0.02542924154817694,5
8593,6.259853164084341,6.003115717099806,-0.25673744698453493,8
8594,6.000085309871477,6.003115717099806,0.003030407228329146,10
8595,5.623986741378679,6.3979400086720375,0.7739532672933587,6
8596,5.694224228692933,6.3979400086720375,0.7037157799791043,2
8597,5.845373797877694,6.3979400086720375,0.5525662107943434,3
8598,5.626692560479769,6.3979400086720375,0.7712474481922689,5
8599,5.850319630401182,6.3979400086720375,0.5476203782708557,1
8600,5.650879732592379,6.3979400086720375,0.7470602760796581,4
8601,5.419613957822984,6.3979400086720375,0.9783260508490539,7
8602,5.599724871509411,6.3979400086720375,0.7982151371626269,9
8603,5.825455098251404,6.3979400086720375,0.5724849104206333,8
8604,4.204616335137442,3.9242792860618816,-0.28033704907556034,1
8605,3.988942553686138,3.9242792860618816,-0.06466326762425645,4
8606,4.170461586710044,3.9242792860618816,-0.24618230064816204,5
8607,3.785728696987592,3.9242792860618816,0.13855058907428974,3
8608,3.9703684686785796,3.9242792860618816,-0.04608918261669803,2
8609,3.7968888904614624,3.9242792860618816,0.1273903956004192,7
8610,3.9253793111956994,3.9242792860618816,-0.0011000251338177947,8
8611,3.461921269510827,3.9242792860618816,0.4623580165510548,6
8612,3.939188961019916,3.9242792860618816,-0.014909674958034191,10
8613,5.047268956941734,4.597826770377936,-0.44944218656379764,9
8614,4.989430125855635,4.597826770377936,-0.39160335547769876,5
8615,4.598043390260004,4.597826770377936,-0.00021661988206833627,8
8616,4.767491470338318,4.597826770377936,-0.16966469996038214,7
8617,4.749152852265121,4.597826770377936,-0.1513260818871851,3
8618,4.78285003970937,4.597826770377936,-0.18502326933143376,4
8619,4.718513140491051,4.597826770377936,-0.12068637011311534,6
8620,4.790911085371986,4.597826770377936,-0.1930843149940502,2
8621,4.9504780876934555,4.597826770377936,-0.35265131731551946,1
8622,4.806903485687868,3.42845877351558,-1.3784447121722878,2
8623,4.327907602510787,3.42845877351558,-0.8994488289952067,6
8624,4.663605023834546,3.42845877351558,-1.2351462503189663,5
8625,4.910597975431614,3.42845877351558,-1.4821392019160338,10
8626,4.831043149267858,3.42845877351558,-1.4025843757522778,8
8627,4.417689964143692,3.42845877351558,-0.9892311906281122,4
8628,4.561896250107141,3.42845877351558,-1.1334374765915611,9
8629,4.442815164303768,3.42845877351558,-1.0143563907881883,3
8630,4.7150927372928395,3.42845877351558,-1.2866339637772595,1
8631,6.228567514860873,6.4623979978989565,0.23383048303808351,1
8632,5.952951202923741,6.4623979978989565,0.5094467949752159,9
8633,6.177180284810178,6.4623979978989565,0.2852177130887785,5
8634,5.931353760426664,6.4623979978989565,0.5310442374722921,6
8635,6.1282748762663894,6.4623979978989565,0.3341231216325671,3
8636,6.175175513832838,6.4623979978989565,0.2872224840661186,4
8637,6.020300348331089,6.4623979978989565,0.44209764956786746,10
8638,6.039282790419633,6.4623979978989565,0.42311520747932363,2
8639,6.064701466773756,6.4623979978989565,0.39769653112520054,7
8640,6.2311044947306895,6.898664858722267,0.6675603639915773,5
8641,6.28959583318436,6.898664858722267,0.6090690255379068,1
8642,6.365001740500364,6.898664858722267,0.5336631182219032,8
8643,5.905690165156071,6.898664858722267,0.9929746935661958,6
8644,6.110862817357644,6.898664858722267,0.787802041364623,7
8645,6.200416629228084,6.898664858722267,0.6982482294941832,4
8646,6.124433933592057,6.898664858722267,0.77423092513021,2
8647,6.292432771682983,6.898664858722267,0.6062320870392837,3
8648,6.266927480679247,6.898664858722267,0.6317373780430193,9
8649,5.310524786848022,5.847276448275631,0.5367516614276084,4
8650,5.50890387593482,5.847276448275631,0.33837257234081086,2
8651,5.574042874768565,5.847276448275631,0.2732335735070661,5
8652,5.5498800834657755,5.847276448275631,0.2973963648098552,1
8653,5.30758808813041,5.847276448275631,0.5396883601452211,10
8654,5.473144075762018,5.847276448275631,0.3741323725136132,6
8655,5.162854309655892,5.847276448275631,0.6844221386197384,3
8656,5.588561340310521,5.847276448275631,0.2587151079651093,7
8657,5.412726924343284,5.847276448275631,0.4345495239323469,9
8658,5.593968049244271,5.44178936653435,-0.15217868270992074,4
8659,5.780610817724958,5.44178936653435,-0.3388214511906078,5
8660,5.646690396230956,5.44178936653435,-0.20490102969660562,3
8661,5.635780602473194,5.44178936653435,-0.19399123593884315,2
8662,5.716718798080328,5.44178936653435,-0.2749294315459778,8
8663,5.556466913214672,5.44178936653435,-0.11467754668032182,10
8664,5.688991749887677,5.44178936653435,-0.24720238335332656,7
8665,5.71780682602836,5.44178936653435,-0.27601745949400947,6
8666,5.6364765860153865,5.44178936653435,-0.19468721948103607,9
8667,5.9043336201320775,4.530839778616521,-1.3734938415155566,9
8668,5.668808837091201,4.530839778616521,-1.1379690584746802,10
8669,5.613597692839068,4.530839778616521,-1.0827579142225474,4
8670,5.351551316243533,4.530839778616521,-0.8207115376270124,7
8671,5.954967020000992,4.530839778616521,-1.424127241384471,8
8672,5.603718958231968,4.530839778616521,-1.0728791796154473,6
8673,5.621991410378488,4.530839778616521,-1.0911516317619672,5
8674,5.497700116586269,4.530839778616521,-0.9668603379697478,3
8675,6.103017309804816,4.530839778616521,-1.572177531188295,1
8676,4.896630951937639,6.607455023214668,1.7108240712770293,3
8677,5.776755242188635,6.607455023214668,0.8306997810260333,1
8678,4.990812750638502,6.607455023214668,1.6166422725761667,6
8679,4.889061557095333,6.607455023214668,1.718393466119335,5
8680,5.09136425401549,6.607455023214668,1.5160907691991783,10
8681,4.909247031698937,6.607455023214668,1.6982079915157309,7
8682,5.357642334152693,6.607455023214668,1.249812689061975,9
8683,5.136281393269594,6.607455023214668,1.4711736299450742,8
8684,5.3193883867251,6.607455023214668,1.2880666364895683,2
8685,5.995828097722793,4.440909082065217,-1.5549190156575756,7
8686,6.278557076243831,4.440909082065217,-1.8376479941786137,1
8687,6.0501841284931634,4.440909082065217,-1.6092750464279462,6
8688,5.981595144978123,4.440909082065217,-1.540686062912906,9
8689,5.9682104555588396,4.440909082065217,-1.5273013734936223,2
8690,6.028726652738145,4.440909082065217,-1.5878175706729278,3
8691,6.122271846525215,4.440909082065217,-1.6813627644599975,8
8692,6.224575215332383,4.440909082065217,-1.7836661332671655,4
8693,5.894633333499019,4.440909082065217,-1.453724251433802,10
8694,6.1001228681059985,5.596597095626461,-0.5035257724795379,1
8695,5.85296150632243,5.596597095626461,-0.25636441069596927,2
8696,6.20463556543375,5.596597095626461,-0.6080384698072896,8
8697,6.083582547526889,5.596597095626461,-0.48698545190042886,4
8698,5.825833652540984,5.596597095626461,-0.2292365569145236,10
8699,5.876171453059439,5.596597095626461,-0.27957435743297854,7
8700,5.938607964388366,5.596597095626461,-0.34201086876190523,5
8701,5.925904826650885,5.596597095626461,-0.3293077310244241,9
8702,6.142186171378376,5.596597095626461,-0.5455890757519155,3
8703,5.166320325577882,4.275080898456858,-0.8912394271210236,3
8704,5.500102470008046,4.275080898456858,-1.2250215715511876,1
8705,5.434167777311117,4.275080898456858,-1.159086878854259,10
8706,5.4459090662080945,4.275080898456858,-1.1708281677512362,6
8707,5.709781901613758,4.275080898456858,-1.4347010031569,5
8708,5.360265130312501,4.275080898456858,-1.085184231855643,9
8709,5.4800056732492735,4.275080898456858,-1.2049247747924152,2
8710,5.275515413348841,4.275080898456858,-1.0004345148919827,4
8711,5.497931582236657,4.275080898456858,-1.2228506837797983,8
8712,5.461775489009451,5.110589710299249,-0.3511857787102022,2
8713,5.552469192428799,5.110589710299249,-0.44187948212955064,1
8714,5.577853572798072,5.110589710299249,-0.46726386249882346,9
8715,5.300981197974266,5.110589710299249,-0.1903914876750168,3
8716,5.4697530278464646,5.110589710299249,-0.35916331754721575,4
8717,5.288692865474344,5.110589710299249,-0.17810315517509512,7
8718,5.448593330358489,5.110589710299249,-0.33800362005924,5
8719,5.430746659563162,5.110589710299249,-0.3201569492639136,10
8720,5.486950588109276,5.110589710299249,-0.37636087781002736,8
8721,5.8218701567603715,5.041392685158225,-0.7804774716021461,5
8722,6.245601588551202,5.041392685158225,-1.2042089033929768,1
8723,5.891719681875539,5.041392685158225,-0.8503269967173139,10
8724,6.018121917966502,5.041392685158225,-0.9767292328082764,2
8725,5.858974084152797,5.041392685158225,-0.8175813989945713,6
8726,6.260839230997706,5.041392685158225,-1.2194465458394808,4
8727,6.372217542983537,5.041392685158225,-1.330824857825312,8
8728,6.077657467714704,5.041392685158225,-1.0362647825564784,3
8729,5.9336745877315265,5.041392685158225,-0.8922819025733011,9
8730,5.838700056698786,7.0,1.1612999433012137,2
8731,5.944204077071498,7.0,1.0557959229285023,4
8732,5.92146728640478,7.0,1.0785327135952203,5
8733,6.200701694712332,7.0,0.7992983052876683,8
8734,6.115208822097298,7.0,0.8847911779027022,3
8735,5.9087399031822905,7.0,1.0912600968177095,10
8736,5.917513315464862,7.0,1.0824866845351382,9
8737,6.038325276096691,7.0,0.9616747239033092,6
8738,6.042789788111984,7.0,0.9572102118880164,1
8739,5.917513315464862,5.998808399880894,0.08129508441603228,9
8740,5.838700056698786,5.998808399880894,0.16010834318210776,2
8741,5.9087399031822905,5.998808399880894,0.09006849669860362,10
8742,6.038325276096691,5.998808399880894,-0.03951687621579669,6
8743,5.944204077071498,5.998808399880894,0.05460432280939642,4
8744,6.115208822097298,5.998808399880894,-0.11640042221640368,3
8745,5.92146728640478,5.998808399880894,0.07734111347611439,5
8746,6.042789788111984,5.998808399880894,-0.04398138823108955,1
8747,5.862235286094315,5.998808399880894,0.13657311378657866,7
8748,5.913251701700891,7.602059991327962,1.6888082896270706,4
8749,5.932364517882527,7.602059991327962,1.6696954734454348,3
8750,5.700675769732796,7.602059991327962,1.9013842215951655,10
8751,5.8484294951599525,7.602059991327962,1.7536304961680091,5
8752,5.702381794315896,7.602059991327962,1.899678197012066,6
8753,6.077886125277677,7.602059991327962,1.524173866050285,1
8754,5.826358037741554,7.602059991327962,1.7757019535864078,7
8755,5.93688759379321,7.602059991327962,1.6651723975347519,8
8756,5.826365971980916,7.602059991327962,1.7756940193470454,2
8757,6.496098108947697,5.653212513775344,-0.8428855951723531,9
8758,6.153671236912126,5.653212513775344,-0.5004587231367816,1
8759,5.695753920452159,5.653212513775344,-0.04254140667681483,3
8760,6.256357024469851,5.653212513775344,-0.6031445106945075,7
8761,6.011521391242457,5.653212513775344,-0.35830887746711326,8
8762,5.714097279994834,5.653212513775344,-0.06088476621949024,6
8763,5.913324397298288,5.653212513775344,-0.2601118835229439,2
8764,6.3585854984169075,5.653212513775344,-0.7053729846415635,10
8765,6.382759051090725,5.653212513775344,-0.7295465373153807,4
8766,5.2035730224444485,5.0,-0.20357302244444853,2
8767,5.2124804347312494,5.0,-0.21248043473124945,7
8768,5.24308821772055,5.0,-0.24308821772055023,10
8769,5.181003712523975,5.0,-0.1810037125239754,4
8770,5.306759156830696,5.0,-0.30675915683069643,9
8771,5.372135363273886,5.0,-0.37213536327388574,3
8772,5.458607577950516,5.0,-0.45860757795051565,1
8773,5.463960315578434,5.0,-0.46396031557843376,8
8774,5.289781779391065,5.0,-0.2897817793910651,5
8775,5.1971199411210725,4.661812685537261,-0.5353072555838114,8
8776,5.39520306575782,4.661812685537261,-0.733390380220559,9
8777,5.304795956680294,4.661812685537261,-0.6429832711430326,3
8778,5.5676014085423375,4.661812685537261,-0.9057887230050765,5
8779,5.506247573378429,4.661812685537261,-0.8444348878411683,2
8780,5.436137842465707,4.661812685537261,-0.7743251569284464,4
8781,5.141585210925308,4.661812685537261,-0.4797725253880474,6
8782,5.7727273809976545,4.661812685537261,-1.1109146954603935,1
8783,5.273038086440902,4.661812685537261,-0.6112254009036411,7
8784,5.886268739370274,6.7160033436348,0.8297346042645266,6
8785,6.040958019540774,6.7160033436348,0.6750453240940262,3
8786,5.741923661668799,6.7160033436348,0.9740796819660016,7
8787,5.8011677877791366,6.7160033436348,0.9148355558556638,9
8788,5.997815341369775,6.7160033436348,0.7181880022650251,1
8789,5.828590054190514,6.7160033436348,0.8874132894442868,10
8790,5.771782088046029,6.7160033436348,0.9442212555887712,2
8791,6.185021777804708,6.7160033436348,0.5309815658300927,8
8792,5.8293341308105395,6.7160033436348,0.8866692128242608,4
8793,5.943129764691778,6.939519252618618,0.99638948792684,5
8794,5.553304549826761,6.939519252618618,1.3862147027918574,10
8795,5.984621030613792,6.939519252618618,0.9548982220048261,3
8796,6.18696032435761,6.939519252618618,0.7525589282610081,2
8797,6.523121733907898,6.939519252618618,0.4163975187107205,8
8798,6.090438405851939,6.939519252618618,0.8490808467666788,4
8799,6.039521213277104,6.939519252618618,0.8999980393415141,1
8800,5.953239030194476,6.939519252618618,0.986280222424142,9
8801,5.653498064686507,6.939519252618618,1.2860211879321115,6
8802,4.958159864521229,4.249027052547187,-0.7091328119740421,4
8803,5.336846181670075,4.249027052547187,-1.087819129122888,2
8804,5.3274250675485835,4.249027052547187,-1.0783980150013965,7
8805,5.196109977632161,4.249027052547187,-0.9470829250849739,6
8806,5.419262775600792,4.249027052547187,-1.1702357230536053,8
8807,5.343926402309593,4.249027052547187,-1.0948993497624064,10
8808,5.402995629237713,4.249027052547187,-1.1539685766905263,5
8809,5.01882903742052,4.249027052547187,-0.7698019848733333,9
8810,5.073155308745162,4.249027052547187,-0.8241282561979748,3
8811,3.1246806935921665,1.6334684555795864,-1.49121223801258,2
8812,3.0226708231957926,1.6334684555795864,-1.3892023676162062,6
8813,3.254563362599445,1.6334684555795864,-1.6210949070198584,10
8814,3.1856696348044564,1.6334684555795864,-1.55220117922487,9
8815,3.0536217833117143,1.6334684555795864,-1.4201533277321279,7
8816,3.0310472216681044,1.6334684555795864,-1.397578766088518,8
8817,3.037026871306144,1.6334684555795864,-1.4035584157265577,5
8818,2.8167638282847807,1.6334684555795864,-1.1832953727051942,3
8819,3.21662756108403,1.6334684555795864,-1.5831591055044434,1
8820,3.037026871306144,2.182300499593339,-0.8547263717128053,5
8821,3.0226708231957926,2.182300499593339,-0.8403703236024538,6
8822,3.21662756108403,2.182300499593339,-1.034327061490691,1
8823,3.2213263098276843,2.182300499593339,-1.0390258102343455,4
8824,2.8167638282847802,2.182300499593339,-0.6344633286914414,3
8825,3.254563362599445,2.182300499593339,-1.072262863006106,10
8826,3.1246806935921665,2.182300499593339,-0.9423801939988277,2
8827,3.185669634804457,2.182300499593339,-1.003369135211118,9
8828,3.0536217833117143,2.182300499593339,-0.8713212837183755,7
8829,5.2889882408224205,4.008600171761918,-1.2803880690605025,10
8830,6.06776352323023,4.008600171761918,-2.059163351468312,8
8831,5.178212585302575,4.008600171761918,-1.1696124135406567,5
8832,5.429445353824089,4.008600171761918,-1.4208451820621715,7
8833,5.6686956213282125,4.008600171761918,-1.6600954495662945,6
8834,5.6008293992097515,4.008600171761918,-1.5922292274478336,4
8835,5.330138720253981,4.008600171761918,-1.3215385484920628,2
8836,5.687968959328072,4.008600171761918,-1.6793687875661538,3
8837,5.603750000696316,4.008600171761918,-1.5951498289343977,1
8838,5.8070156739465775,5.400710636773232,-0.4063050371733459,3
8839,5.667383357997396,5.400710636773232,-0.26667272122416463,6
8840,5.749815275541114,5.400710636773232,-0.34910463876788267,8
8841,5.961359781503425,5.400710636773232,-0.5606491447301938,10
8842,5.827751274594303,5.400710636773232,-0.4270406378210714,4
8843,5.967466145190867,5.400710636773232,-0.5667555084176357,1
8844,5.989538877194467,5.400710636773232,-0.5888282404212353,9
8845,5.713549930132153,5.400710636773232,-0.31283929335892147,2
8846,5.743389914799771,5.400710636773232,-0.3426792780265391,7
8847,6.029188950785404,6.078819183098848,0.049630232313444544,9
8848,5.822482867996693,6.078819183098848,0.25633631510215515,3
8849,5.844008942491607,6.078819183098848,0.2348102406072412,7
8850,5.924276124031599,6.078819183098848,0.1545430590672492,5
8851,5.981329449138688,6.078819183098848,0.09748973396016059,10
8852,5.947151515044861,6.078819183098848,0.13166766805398744,4
8853,5.8285817936562925,6.078819183098848,0.2502373894425558,6
8854,5.782226016623502,6.078819183098848,0.29659316647534606,8
8855,5.9976887488646815,6.078819183098848,0.08113043423416677,1
8856,5.8364245023968095,4.736149402104994,-1.1002751002918156,6
8857,5.893444003324112,4.736149402104994,-1.1572946012191183,5
8858,5.808595847573441,4.736149402104994,-1.0724464454684473,2
8859,6.053003465635217,4.736149402104994,-1.316854063530223,1
8860,5.903681641985438,4.736149402104994,-1.167532239880444,9
8861,5.872166647409143,4.736149402104994,-1.1360172453041493,7
8862,5.965436615506205,4.736149402104994,-1.2292872134012107,10
8863,5.937383251455501,4.736149402104994,-1.2012338493505075,8
8864,5.932563929655247,4.736149402104994,-1.1964145275502531,3
8865,5.815336332340984,6.0,0.18466366765901565,1
8866,5.56765482698298,6.0,0.43234517301702,6
8867,5.479005638512685,6.0,0.5209943614873147,7
8868,5.586307485018332,6.0,0.41369251498166815,2
8869,5.8476146461963685,6.0,0.1523853538036315,8
8870,5.441795836466492,6.0,0.5582041635335084,10
8871,5.482850746576524,6.0,0.5171492534234758,9
8872,5.778255797433188,6.0,0.22174420256681238,5
8873,5.576819549242036,6.0,0.42318045075796373,3
8874,4.8721440528603255,4.821840927200454,-0.050303125659871384,4
8875,5.092436552978393,4.821840927200454,-0.27059562577793894,10
8876,5.121631969762443,4.821840927200454,-0.2997910425619885,1
8877,4.935636607480749,4.821840927200454,-0.11379568028029485,7
8878,4.95506587027529,4.821840927200454,-0.13322494307483623,9
8879,4.9121253047182565,4.821840927200454,-0.09028437751780238,3
8880,5.147528033751461,4.821840927200454,-0.3256871065510065,5
8881,4.906301151099606,4.821840927200454,-0.08446022389915164,6
8882,5.365362443970908,4.821840927200454,-0.5435215167704541,8
8883,5.398368436085908,5.648360010980932,0.24999157489502366,2
8884,5.3297604439894934,5.648360010980932,0.31859956699143854,5
8885,5.200231959593736,5.648360010980932,0.44812805138719636,3
8886,5.528826839410136,5.648360010980932,0.11953317157079635,1
8887,5.331489122553043,5.648360010980932,0.31687088842788924,7
8888,5.444498601970831,5.648360010980932,0.2038614090101012,8
8889,5.523178385285609,5.648360010980932,0.12518162569532265,10
8890,5.199850439550059,5.648360010980932,0.4485095714308729,6
8891,5.365700800032331,5.648360010980932,0.2826592109486006,9
8892,5.904971030180389,6.3979400086720375,0.4929689784916489,9
8893,6.1483935552467335,6.3979400086720375,0.24954645342530402,3
8894,6.0765607988176304,6.3979400086720375,0.32137920985440704,4
8895,5.891715365757414,6.3979400086720375,0.5062246429146233,2
8896,5.915615221543398,6.3979400086720375,0.4823247871286398,10
8897,6.273656344831459,6.3979400086720375,0.1242836638405782,8
8898,6.031028603139873,6.3979400086720375,0.3669114055321643,1
8899,6.0655274799230146,6.3979400086720375,0.33241252874902294,6
8900,5.996602351231866,6.3979400086720375,0.40133765744017147,7
8901,5.955556387368307,7.217483944213907,1.2619275568455999,9
8902,5.93347694089801,7.217483944213907,1.2840070033158968,7
8903,6.035399043571708,7.217483944213907,1.1820849006421987,2
8904,6.39498180929268,7.217483944213907,0.8225021349212271,3
8905,6.05864004421979,7.217483944213907,1.1588438999941166,4
8906,6.0840775789094845,7.217483944213907,1.1334063653044222,10
8907,6.41837038734798,7.217483944213907,0.7991135568659269,8
8908,6.2065129407387705,7.217483944213907,1.0109710034751362,1
8909,6.054344756502169,7.217483944213907,1.1631391877117379,5
8910,5.827855774618147,5.050147658020303,-0.7777081165978439,2
8911,5.927486926172833,5.050147658020303,-0.8773392681525296,7
8912,5.9069357753629115,5.050147658020303,-0.8567881173426084,8
8913,5.82619423716847,5.050147658020303,-0.7760465791481668,6
8914,6.038031708989999,5.050147658020303,-0.9878840509696962,4
8915,5.551348347864572,5.050147658020303,-0.5012006898442687,9
8916,5.971320912890058,5.050147658020303,-0.9211732548697551,5
8917,6.059239629622986,5.050147658020303,-1.0090919716026825,1
8918,5.6774824410271165,5.050147658020303,-0.6273347830068134,10
8919,4.531596042971261,3.959041392321093,-0.5725546506501678,2
8920,4.0340908989302315,3.959041392321093,-0.07504950660913856,6
8921,4.554152309725916,3.959041392321093,-0.5951109174048232,5
8922,4.4468134433087,3.959041392321093,-0.4877720509876067,3
8923,4.4371895283852645,3.959041392321093,-0.4781481360641715,1
8924,4.42987525896211,3.959041392321093,-0.47083386664101745,7
8925,4.480388625799535,3.959041392321093,-0.5213472334784424,10
8926,4.32758167859167,3.959041392321093,-0.36854028627057733,9
8927,4.131537265604711,3.959041392321093,-0.17249587328361837,4
8928,5.0005432230358675,6.477121254719663,1.476578031683795,9
8929,5.058014946376268,6.477121254719663,1.4191063083433946,1
8930,5.0132103891834605,6.477121254719663,1.463910865536202,2
8931,5.03419206238876,6.477121254719663,1.4429291923309027,7
8932,4.977276870477336,6.477121254719663,1.4998443842423264,6
8933,5.079478206451126,6.477121254719663,1.3976430482685362,10
8934,5.134856315074747,6.477121254719663,1.3422649396449158,3
8935,4.810194993670609,6.477121254719663,1.6669262610490536,4
8936,5.133966979756617,6.477121254719663,1.3431542749630454,5
8937,6.2780692198948636,7.544068044350276,1.2659988244554121,5
8938,6.915277540683909,7.544068044350276,0.6287905036663668,8
8939,6.202987785464057,7.544068044350276,1.341080258886219,10
8940,6.411993253215398,7.544068044350276,1.1320747911348779,2
8941,6.523059225830584,7.544068044350276,1.0210088185196913,7
8942,6.776054520638602,7.544068044350276,0.7680135237116739,1
8943,6.52149763469787,7.544068044350276,1.0225704096524053,4
8944,6.30961429952981,7.544068044350276,1.234453744820466,9
8945,6.195385418604685,7.544068044350276,1.3486826257455906,6
8946,4.358915925414413,6.079181246047625,1.720265320633212,7
8947,5.1051058477551825,6.079181246047625,0.9740753982924426,8
8948,4.621901505797356,6.079181246047625,1.4572797402502689,6
8949,4.5493789612160205,6.079181246047625,1.5298022848316046,9
8950,4.588830084787005,6.079181246047625,1.4903511612606204,1
8951,4.598034590852813,6.079181246047625,1.481146655194812,10
8952,4.452764808371842,6.079181246047625,1.6264164376757835,4
8953,4.5585129154307,6.079181246047625,1.5206683306169255,3
8954,4.788268637761126,6.079181246047625,1.290912608286499,2
8955,4.889451245963107,6.146128035678238,1.2566767897151312,6
8956,4.9563348276297425,6.146128035678238,1.1897932080484956,9
8957,5.1044005131801224,6.146128035678238,1.0417275224981157,2
8958,4.66805963764467,6.146128035678238,1.4780683980335683,7
8959,4.847508816535423,6.146128035678238,1.2986192191428154,4
8960,5.327808090805562,6.146128035678238,0.8183199448726759,8
8961,4.701071556221671,6.146128035678238,1.445056479456567,5
8962,4.883565323575339,6.146128035678238,1.2625627121028993,3
8963,4.887686730394612,6.146128035678238,1.2584413052836263,1
8964,5.634487305637561,5.146128035678238,-0.48835926995932244,5
8965,5.877002844754208,5.146128035678238,-0.7308748090759698,1
8966,5.690271905687594,5.146128035678238,-0.5441438700093562,2
8967,5.444709325168889,5.146128035678238,-0.29858128949065055,7
8968,5.0833384617637245,5.146128035678238,0.06278957391451367,3
8969,4.777770157270739,5.146128035678238,0.36835787840749923,9
8970,5.570955089474688,5.146128035678238,-0.4248270537964496,4
8971,5.20451832087628,5.146128035678238,-0.058390285198042235,10
8972,5.654607060256301,5.146128035678238,-0.5084790245780626,6
8973,5.998995396108993,5.534026106056135,-0.46496929005285725,1
8974,5.828986327039059,5.534026106056135,-0.29496022098292407,2
8975,5.383500778669723,5.534026106056135,0.15052532738641222,9
8976,5.651313965996655,5.534026106056135,-0.11728785994051982,3
8977,5.754482457468714,5.534026106056135,-0.22045635141257858,7
8978,5.9767887484529085,5.534026106056135,-0.4427626423967732,6
8979,5.906810619592496,5.534026106056135,-0.37278451353636033,8
8980,5.836207211906991,5.534026106056135,-0.3021811058508561,5
8981,5.6168190061388685,5.534026106056135,-0.08279290008273321,10
8982,6.118187164958622,7.434568904034199,1.3163817390755774,10
8983,6.058750033584064,7.434568904034199,1.3758188704501348,4
8984,6.239906384091911,7.434568904034199,1.1946625199422884,8
8985,6.308309774770347,7.434568904034199,1.1262591292638522,1
8986,6.239993586053466,7.434568904034199,1.1945753179807328,6
8987,6.147150106282662,7.434568904034199,1.2874187977515374,5
8988,6.163905573607023,7.434568904034199,1.2706633304271762,9
8989,6.2046420761711865,7.434568904034199,1.2299268278630127,7
8990,5.8645039870184315,7.434568904034199,1.5700649170157677,2
8991,5.105499389848901,5.826074802700826,0.7205754128519253,5
8992,5.219777479754778,5.826074802700826,0.6062973229460482,9
8993,4.953677872148997,5.826074802700826,0.8723969305518287,7
8994,5.283865777396598,5.826074802700826,0.5422090253042278,2
8995,5.197473745286414,5.826074802700826,0.6286010574144116,10
8996,5.178394390593934,5.826074802700826,0.647680412106892,1
8997,5.08256868092547,5.826074802700826,0.743506121775356,3
8998,5.1916218345124525,5.826074802700826,0.6344529681883735,8
8999,4.992797797136607,5.826074802700826,0.8332770055642191,4
9000,5.614331897156394,6.401400540781544,0.7870686436251502,8
9001,5.601480455800317,6.401400540781544,0.7999200849812267,4
9002,5.614230912791975,6.401400540781544,0.7871696279895684,1
9003,5.427203992901385,6.401400540781544,0.9741965478801591,10
9004,5.383835266603475,6.401400540781544,1.017565274178069,9
9005,5.685445668357069,6.401400540781544,0.7159548724244749,3
9006,5.564560326786897,6.401400540781544,0.8368402139946465,5
9007,5.535890981438494,6.401400540781544,0.8655095593430495,7
9008,5.488443250334595,6.401400540781544,0.9129572904469487,6
9009,4.934670515500719,6.079181246047625,1.144510730546906,3
9010,4.827684199935641,6.079181246047625,1.251497046111984,7
9011,4.928387076097477,6.079181246047625,1.1507941699501485,5
9012,4.824718079235477,6.079181246047625,1.2544631668121484,4
9013,5.077411492258846,6.079181246047625,1.0017697537887793,10
9014,5.066266455704194,6.079181246047625,1.012914790343431,8
9015,4.941854984473907,6.079181246047625,1.137326261573718,1
9016,4.857737429215636,6.079181246047625,1.2214438168319894,6
9017,5.149768957568026,6.079181246047625,0.9294122884795994,9
9018,5.595423580281197,5.021189299069938,-0.5742342812112584,9
9019,5.61645525429989,5.021189299069938,-0.5952659552299515,7
9020,5.917654118947946,5.021189299069938,-0.8964648198780081,1
9021,5.594192805039222,5.021189299069938,-0.5730035059692833,6
9022,5.633849305051878,5.021189299069938,-0.6126600059819394,5
9023,5.650004009206386,5.021189299069938,-0.6288147101364476,2
9024,5.750306304176254,5.021189299069938,-0.7291170051063158,3
9025,5.5893271579819785,5.021189299069938,-0.5681378589120403,4
9026,5.772559802776719,5.021189299069938,-0.7513705037067808,10
9027,5.246438432944961,5.604118006192035,0.3576795732470739,1
9028,5.253970573659361,5.604118006192035,0.35014743253267433,7
9029,5.1915500920544995,5.604118006192035,0.4125679141375356,5
9030,5.220816310806754,5.604118006192035,0.38330169538528125,2
9031,4.999569357342579,5.604118006192035,0.6045486488494562,4
9032,5.158245458917007,5.604118006192035,0.44587254727502845,10
9033,5.087540620339161,5.604118006192035,0.5165773858528739,6
9034,5.0789683055982335,5.604118006192035,0.5251497005938015,3
9035,5.03585870973839,5.604118006192035,0.568259296453645,9
9036,5.491473875218667,4.124504224834283,-1.3669696503843847,6
9037,5.653830729262381,4.124504224834283,-1.5293265044280986,2
9038,5.450285997463102,4.124504224834283,-1.3257817726288197,8
9039,5.609715334791246,4.124504224834283,-1.4852111099569631,4
9040,5.718246302757899,4.124504224834283,-1.5937420779236167,10
9041,5.691531340700905,4.124504224834283,-1.5670271158666225,9
9042,5.804522435351859,4.124504224834283,-1.6800182105175763,5
9043,5.594009339244449,4.124504224834283,-1.4695051144101665,7
9044,5.823402793315103,4.124504224834283,-1.6988985684808204,1
9045,4.829883117122166,3.5575072019056577,-1.2723759152165082,9
9046,4.79111679461308,3.5575072019056577,-1.2336095927074222,7
9047,4.791570285485698,3.5575072019056577,-1.2340630835800406,3
9048,4.871501827414324,3.5575072019056577,-1.3139946255086663,2
9049,4.513629795513563,3.5575072019056577,-0.9561225936079056,6
9050,4.903639075579826,3.5575072019056577,-1.3461318736741683,1
9051,4.930853778184329,3.5575072019056577,-1.3733465762786716,10
9052,4.7531453494744555,3.5575072019056577,-1.1956381475687978,4
9053,4.403379112618135,3.5575072019056577,-0.8458719107124777,8
9054,3.3409000339623054,2.9542425094393248,-0.38665752452298063,1
9055,3.0928401404238155,2.9542425094393248,-0.13859763098449074,3
9056,3.5382791701222636,2.9542425094393248,-0.5840366606829388,8
9057,3.3387765914546668,2.9542425094393248,-0.384534082015342,2
9058,3.789920296467757,2.9542425094393248,-0.8356777870284322,5
9059,3.691755144504359,2.9542425094393248,-0.7375126350650341,7
9060,4.576181470030255,2.9542425094393248,-1.62193896059093,9
9061,4.053723622570119,2.9542425094393248,-1.099481113130794,10
9062,3.5602190880239415,2.9542425094393248,-0.6059765785846167,4
9063,3.8282061138511105,3.942008053022313,0.11380193917120263,2
9064,4.059857122175855,3.942008053022313,-0.1178490691535421,8
9065,4.45781659069851,3.942008053022313,-0.5158085376761967,9
9066,4.178828287662438,3.942008053022313,-0.23682023464012492,3
9067,3.9787192150113104,3.942008053022313,-0.036711161988997265,4
9068,4.095246562850122,3.942008053022313,-0.1532385098278084,7
9069,4.032693232618357,3.942008053022313,-0.0906851795960435,1
9070,4.519566059792791,3.942008053022313,-0.5775580067704782,6
9071,4.404454770710004,3.942008053022313,-0.4624467176876905,10
9072,3.58044483052117,3.5118833609788744,-0.06856146954229558,5
9073,3.733129228733241,3.5118833609788744,-0.22124586775436672,6
9074,3.3966293742234757,3.5118833609788744,0.11525398675539877,4
9075,3.656456722011721,3.5118833609788744,-0.14457336103284657,1
9076,3.622498544753294,3.5118833609788744,-0.11061518377441937,9
9077,3.747173639136799,3.5118833609788744,-0.2352902781579247,10
9078,3.370751669665909,3.5118833609788744,0.14113169131296566,7
9079,3.697829716226992,3.5118833609788744,-0.18594635524811753,2
9080,3.3478276724293736,3.5118833609788744,0.1640556885495008,3
9081,5.350838070687435,6.621974524899735,1.2711364542123,7
9082,4.192591377292499,6.621974524899735,2.4293831476072363,10
9083,6.127961715523718,6.621974524899735,0.49401280937601744,3
9084,5.203864174447569,6.621974524899735,1.4181103504521664,5
9085,4.0257799939694126,6.621974524899735,2.5961945309303225,9
9086,5.546178809997313,6.621974524899735,1.075795714902422,2
9087,5.626414672440752,6.621974524899735,0.9955598524589826,1
9088,6.319943459107369,6.621974524899735,0.3020310657923657,8
9089,5.938872613162331,6.621974524899735,0.6831019117374044,4
9090,5.8018805659198325,5.423360578084977,-0.3785199878348555,7
9091,5.968128133489331,5.423360578084977,-0.5447675554043538,6
9092,6.144605507482665,5.423360578084977,-0.7212449293976881,8
9093,5.513166062695877,5.423360578084977,-0.08980548461089999,10
9094,5.933814176540824,5.423360578084977,-0.5104535984558467,1
9095,5.738952853359887,5.423360578084977,-0.3155922752749101,5
9096,5.49770568935138,5.423360578084977,-0.07434511126640331,9
9097,6.074624753757543,5.423360578084977,-0.6512641756725657,4
9098,5.812414524627171,5.423360578084977,-0.3890539465421936,2
9099,5.963026427996881,5.6776069527204935,-0.2854194752763872,4
9100,5.853461948285414,5.6776069527204935,-0.17585499556492046,1
9101,5.685285897315859,5.6776069527204935,-0.0076789445953657776,2
9102,5.68198009469896,5.6776069527204935,-0.004373141978466499,7
9103,5.617195604061032,5.6776069527204935,0.06041134865946152,10
9104,5.69860607978064,5.6776069527204935,-0.020999127060146172,5
9105,5.58423977170606,5.6776069527204935,0.09336718101443342,6
9106,5.611624957958481,5.6776069527204935,0.06598199476201216,9
9107,5.729850384620501,5.6776069527204935,-0.05224343190000713,3
9108,6.169516305831655,6.0,-0.1695163058316549,2
9109,5.589367974310664,6.0,0.41063202568933566,8
9110,5.901748061757532,6.0,0.09825193824246803,4
9111,5.685157608123042,6.0,0.31484239187695806,6
9112,5.531460649936277,6.0,0.4685393500637227,3
9113,5.938327087113177,6.0,0.06167291288682275,5
9114,5.516358889284643,6.0,0.4836411107153573,10
9115,6.079182811942519,6.0,-0.07918281194251886,1
9116,5.876464983570804,6.0,0.12353501642919618,7
9117,6.0186521990847925,6.146128035678238,0.12747583659344564,2
9118,6.116970301676004,6.146128035678238,0.02915773400223376,6
9119,5.600441130878927,6.146128035678238,0.5456869047993109,10
9120,5.571408501363806,6.146128035678238,0.5747195343144318,9
9121,6.136759221539183,6.146128035678238,0.009368814139055104,4
9122,5.933206429890311,6.146128035678238,0.21292160578792707,7
9123,6.242537693707805,6.146128035678238,-0.09640965802956725,8
9124,5.981084171277071,6.146128035678238,0.16504386440116736,5
9125,6.15560336867951,6.146128035678238,-0.009475333001272013,3
9126,6.103692188829711,6.161846959528519,0.05815477069880792,5
9127,6.280902136792053,6.161846959528519,-0.11905517726353398,1
9128,6.129881315311567,6.161846959528519,0.03196564421695136,3
9129,6.501500336935964,6.161846959528519,-0.33965337740744506,10
9130,6.1302152075405525,6.161846959528519,0.031631751987966084,6
9131,6.232728884311864,6.161846959528519,-0.07088192478334499,4
9132,6.288903468644467,6.161846959528519,-0.12705650911594812,7
9133,6.219450121253747,6.161846959528519,-0.05760316172522817,2
9134,6.343451525235988,6.161846959528519,-0.1816045657074694,8
9135,6.090129300712701,6.079181246047625,-0.010948054665075979,5
9136,6.187704511047682,6.079181246047625,-0.10852326500005649,3
9137,6.19810802331866,6.079181246047625,-0.11892677727103518,2
9138,6.0803091627552055,6.079181246047625,-0.0011279167075803898,9
9139,6.262769900545048,6.079181246047625,-0.1835886544974228,1
9140,6.150193266019102,6.079181246047625,-0.07101201997147655,4
9141,6.047613918786851,6.079181246047625,0.031567327260773936,6
9142,6.167922733059639,6.079181246047625,-0.08874148701201356,7
9143,6.35682783261959,6.079181246047625,-0.27764658657196506,10
9144,2.744787171703819,3.103803720955957,0.359016549252138,3
9145,3.3830931567828815,3.103803720955957,-0.27928943582692467,2
9146,3.2370446773150463,3.103803720955957,-0.1332409563590895,4
9147,3.598145331451639,3.103803720955957,-0.49434161049568237,9
9148,2.8917442647952907,3.103803720955957,0.21205945616066613,8
9149,3.040944328230463,3.103803720955957,0.0628593927254939,6
9150,3.74966551074603,3.103803720955957,-0.6458617897900734,7
9151,3.2828343743041715,3.103803720955957,-0.17903065334821466,5
9152,3.1999717473963383,3.103803720955957,-0.09616802644038147,1
9153,5.778458969143406,7.244277120801843,1.4658181516584365,7
9154,6.109053117084872,7.244277120801843,1.1352240037169707,5
9155,6.551625792760347,7.244277120801843,0.6926513280414959,4
9156,6.077640302728236,7.244277120801843,1.1666368180736066,1
9157,6.631017963376993,7.244277120801843,0.6132591574248494,2
9158,6.167620284313257,7.244277120801843,1.0766568364885858,9
9159,5.843346642678056,7.244277120801843,1.4009304781237866,6
9160,6.340266773086177,7.244277120801843,0.9040103477156656,3
9161,6.961696177421503,7.244277120801843,0.28258094338033946,8
9162,6.223907208372582,7.08278537031645,0.8588781619438679,4
9163,6.029266177829995,7.08278537031645,1.0535191924864549,9
9164,5.676304519884605,7.08278537031645,1.4064808504318451,7
9165,6.208278278644101,7.08278537031645,0.8745070916723492,3
9166,5.934652408566133,7.08278537031645,1.148132961750317,6
9167,6.620626906861142,7.08278537031645,0.46215846345530753,8
9168,5.6640596588693315,7.08278537031645,1.4187257114471183,10
9169,6.078332484798552,7.08278537031645,1.0044528855178978,1
9170,5.940798140712915,7.08278537031645,1.1419872296035347,5
9171,5.92707034870732,6.133538908370218,0.20646855966289746,1
9172,6.3077231383599175,6.133538908370218,-0.17418422998969962,3
9173,6.054368712029687,6.133538908370218,0.07917019634053091,2
9174,6.003262571788222,6.133538908370218,0.13027633658199544,4
9175,5.5966883205894,6.133538908370218,0.5368505877808181,6
9176,5.863277132202868,6.133538908370218,0.2702617761673496,5
9177,5.868758951417079,6.133538908370218,0.26477995695313883,9
9178,5.549625970485753,6.133538908370218,0.583912937884465,10
9179,5.562068134298499,6.133538908370218,0.5714707740717193,7
9180,5.712908922634529,6.778151250383644,1.0652423277491145,9
9181,5.6253253174176665,6.778151250383644,1.1528259329659774,4
9182,6.005766126324735,6.778151250383644,0.7723851240589088,8
9183,5.351354750911491,6.778151250383644,1.426796499472153,6
9184,5.2827272997518735,6.778151250383644,1.4954239506317704,7
9185,5.6070133274994385,6.778151250383644,1.1711379228842054,3
9186,5.583014455350365,6.778151250383644,1.195136795033279,1
9187,5.844778636520646,6.778151250383644,0.9333726138629981,2
9188,5.556592121474871,6.778151250383644,1.2215591289087726,5
9189,6.551625792760347,7.57978359661681,1.0281578038564634,4
9190,6.340266773086177,7.57978359661681,1.239516823530633,3
9191,6.167620284313257,7.57978359661681,1.4121633123035533,9
9192,5.778458969143406,7.57978359661681,1.801324627473404,7
9193,6.631017963376993,7.57978359661681,0.9487656332398169,2
9194,6.077640302728236,7.57978359661681,1.5021432938885741,1
9195,6.961696177421503,7.57978359661681,0.618087419195307,8
9196,5.843346642678056,7.57978359661681,1.736436953938754,6
9197,6.109053117084872,7.57978359661681,1.4707304795319383,5
9198,5.787675171495391,5.27415784926368,-0.5135173222317118,9
9199,5.502683206085209,5.27415784926368,-0.22852535682152908,5
9200,5.682984470153776,5.27415784926368,-0.40882662089009614,4
9201,5.999728825753529,5.27415784926368,-0.7255709764898493,8
9202,5.290234519236379,5.27415784926368,-0.01607666997269952,10
9203,5.307369269170299,5.27415784926368,-0.033211419906619355,6
9204,5.954169615116495,5.27415784926368,-0.6800117658528153,2
9205,5.243704626780637,5.27415784926368,0.030453222483042275,7
9206,5.405589331321341,5.27415784926368,-0.13143148205766142,1
9207,5.454724571548847,5.342422680822207,-0.11230189072664043,10
9208,4.978959775168376,5.342422680822207,0.3634629056538303,3
9209,4.629143053488344,5.342422680822207,0.7132796273338622,5
9210,5.361455713081669,5.342422680822207,-0.019033032259462068,2
9211,5.0428298205144015,5.342422680822207,0.2995928603078051,8
9212,3.5035531984025656,5.342422680822207,1.838869482419641,7
9213,4.928061941966713,5.342422680822207,0.4143607388554935,9
9214,5.353327961911119,5.342422680822207,-0.01090528108891231,6
9215,4.851819160729939,5.342422680822207,0.49060352009226804,1
9216,5.336221471618408,5.826074802700826,0.4898533310824176,2
9217,5.498258681409601,5.826074802700826,0.3278161212912254,10
9218,5.3458066685730445,5.826074802700826,0.48026813412778147,6
9219,5.18347185577248,5.826074802700826,0.6426029469283456,3
9220,4.904144783137567,5.826074802700826,0.9219300195632592,5
9221,5.220280348149493,5.826074802700826,0.605794454551333,4
9222,5.146783830554264,5.826074802700826,0.6792909721465623,9
9223,5.366349479912578,5.826074802700826,0.4597253227882483,8
9224,5.17031927669787,5.826074802700826,0.655755526002956,1
9225,5.265479141871473,4.359835482339888,-0.9056436595315844,4
9226,5.18142406243081,4.359835482339888,-0.8215885800909213,9
9227,5.402511582891881,4.359835482339888,-1.0426761005519927,8
9228,5.29270192451474,4.359835482339888,-0.932866442174852,2
9229,4.953831458943212,4.359835482339888,-0.593995976603324,5
9230,5.138908489200085,4.359835482339888,-0.7790730068601963,3
9231,5.191520444562464,4.359835482339888,-0.8316849622225755,1
9232,4.839210762845395,4.359835482339888,-0.47937528050550693,7
9233,5.279806449020628,4.359835482339888,-0.9199709666807392,6
9234,6.073566201186557,6.763427993562937,0.6898617923763801,10
9235,6.588079065188217,6.763427993562937,0.17534892837471983,5
9236,6.241506147113801,6.763427993562937,0.5219218464491355,7
9237,6.5690070426520935,6.763427993562937,0.19442095091084344,9
9238,6.518768023303026,6.763427993562937,0.24465997025991104,4
9239,6.9704627051748504,6.763427993562937,-0.20703471161191356,8
9240,6.47579692052766,6.763427993562937,0.2876310730352767,2
9241,6.646155930229399,6.763427993562937,0.11727206333353823,6
9242,6.277334605541479,6.763427993562937,0.48609338802145796,3
9243,5.333172988344663,5.832508912706237,0.49933592436157337,3
9244,5.572102915915831,5.832508912706237,0.2604059967904053,5
9245,5.718732443862781,5.832508912706237,0.11377646884345527,8
9246,5.606112461017696,5.832508912706237,0.22639645168854106,1
9247,5.5526819500494735,5.832508912706237,0.2798269626567631,2
9248,5.402968075363795,5.832508912706237,0.42954083734244186,10
9249,5.339420483479879,5.832508912706237,0.49308842922635776,7
9250,5.513795462099027,5.832508912706237,0.31871345060721,9
9251,5.552213248785738,5.832508912706237,0.28029566392049876,6
9252,4.8700633702930425,3.871164132802949,-0.9988992374900936,1
9253,5.022168302288489,3.871164132802949,-1.1510041694855402,2
9254,4.9928896600132875,3.871164132802949,-1.1217255272103386,6
9255,4.515612036041364,3.871164132802949,-0.6444479032384147,4
9256,5.036445712820798,3.871164132802949,-1.1652815800178487,8
9257,5.180785095998337,3.871164132802949,-1.3096209631953877,7
9258,5.089902513443589,3.871164132802949,-1.2187383806406404,3
9259,4.70860752129031,3.871164132802949,-0.8374433884873613,9
9260,5.245166246593987,3.871164132802949,-1.3740021137910383,5
9261,5.5437690842875185,5.426023015689876,-0.11774606859764258,2
9262,5.439301623471228,5.426023015689876,-0.013278607781352036,1
9263,5.488497098709821,5.426023015689876,-0.0624740830199455,10
9264,5.419923525529721,5.426023015689876,0.006099490160154986,3
9265,5.563079194283369,5.426023015689876,-0.13705617859349317,6
9266,5.598551706980446,5.426023015689876,-0.17252869129057036,7
9267,5.445233057840604,5.426023015689876,-0.019210042150728412,8
9268,5.153875067926779,5.426023015689876,0.2721479477630968,4
9269,5.22255254192132,5.426023015689876,0.2034704737685562,9
9270,7.170286925992015,8.229681842317676,1.0593949163256617,10
9271,7.681116400676445,8.229681842317676,0.5485654416412311,5
9272,8.230310520189299,8.229681842317676,-0.0006286778716226848,1
9273,7.704362676187966,8.229681842317676,0.5253191661297105,2
9274,7.932403697955171,8.229681842317676,0.29727814436250544,3
9275,7.982762916787332,8.229681842317676,0.2469189255303439,4
9276,7.0624757431079495,8.229681842317676,1.1672060992097268,9
9277,7.950665348629786,8.229681842317676,0.27901649368789005,6
9278,7.999528794426316,8.229681842317676,0.2301530478913607,8
9279,7.982762916787332,8.229681842317676,0.2469189255303439,4
9280,7.170286925992015,8.229681842317676,1.0593949163256617,10
9281,8.230310520189299,8.229681842317676,-0.0006286778716226848,1
9282,7.950665348629786,8.229681842317676,0.27901649368789005,6
9283,7.932403697955171,8.229681842317676,0.29727814436250544,3
9284,7.0624757431079495,8.229681842317676,1.1672060992097268,9
9285,7.704362676187966,8.229681842317676,0.5253191661297105,2
9286,7.681116400676445,8.229681842317676,0.5485654416412311,5
9287,7.999528794426316,8.229681842317676,0.2301530478913607,8
9288,7.634911391166159,8.414973347970818,0.7800619568046594,3
9289,7.515049660442937,8.414973347970818,0.8999236875278811,6
9290,7.439636531130314,8.414973347970818,0.9753368168405041,4
9291,6.991808823380325,8.414973347970818,1.4231645245904936,9
9292,7.726909468987908,8.414973347970818,0.6880638789829101,8
9293,6.982880758864729,8.414973347970818,1.4320925891060892,10
9294,7.704825638791664,8.414973347970818,0.7101477091791546,1
9295,7.337145938879644,8.414973347970818,1.0778274090911744,2
9296,7.22593612903911,8.414973347970818,1.1890372189317082,5
9297,3.7750229974691942,4.515343893088381,0.7403208956191865,3
9298,4.349919064696563,4.515343893088381,0.16542482839181805,4
9299,3.481189733777359,4.515343893088381,1.0341541593110217,9
9300,3.6342976228762183,4.515343893088381,0.8810462702121624,10
9301,2.9086975949006115,4.515343893088381,1.6066462981877692,8
9302,3.481581919810858,4.515343893088381,1.0337619732775227,2
9303,3.7405939448577112,4.515343893088381,0.7747499482306694,7
9304,3.317956008744361,4.515343893088381,1.1973878843440198,6
9305,3.8991780032746783,4.515343893088381,0.6161658898137023,1
9306,1.9264648587451554,1.6989700043360187,-0.22749485440913664,8
9307,1.8321260097683016,1.6989700043360187,-0.1331560054322829,10
9308,1.6820212272379376,1.6989700043360187,0.01694877709808118,2
9309,2.0230894381856377,1.6989700043360187,-0.32411943384961894,1
9310,1.689114807429051,1.6989700043360187,0.00985519690696779,9
9311,1.8088867322086337,1.6989700043360187,-0.10991672787261497,7
9312,2.0332048370331948,1.6989700043360187,-0.334234832697176,4
9313,1.8609631156225113,1.6989700043360187,-0.16199311128649252,6
9314,1.5627139445943967,1.6989700043360187,0.13625605974162203,5
9315,4.666980011262262,4.431363764158987,-0.235616247103275,8
9316,4.025233245879151,4.431363764158987,0.40613051827983604,1
9317,3.4739432310945064,4.431363764158987,0.9574205330644805,5
9318,3.9547386069598325,4.431363764158987,0.47662515719915444,4
9319,3.9598160233759,4.431363764158987,0.47154774078308703,10
9320,3.554417092094105,4.431363764158987,0.8769466720648817,9
9321,3.9894644261236496,4.431363764158987,0.4418993380353373,2
9322,4.090972722391602,4.431363764158987,0.34039104176738455,6
9323,4.017248035755434,4.431363764158987,0.41411572840355326,3
9324,4.8346244256963775,5.406540180433956,0.5719157547375788,10
9325,5.440419600213241,5.406540180433956,-0.03387941977928488,4
9326,4.947572944348717,5.406540180433956,0.4589672360852397,9
9327,5.4421582377529,5.406540180433956,-0.03561805731894374,1
9328,4.696461860648113,5.406540180433956,0.7100783197858433,3
9329,4.7676840672311,5.406540180433956,0.6388561132028565,5
9330,4.931000242280885,5.406540180433956,0.47553993815307116,6
9331,4.970575716375723,5.406540180433956,0.43596446405823297,7
9332,4.866153230553936,5.406540180433956,0.5403869498800207,8
9333,5.983942206231405,6.400365273349939,0.41642306711853383,8
9334,5.439244664645929,6.400365273349939,0.9611206087040101,9
9335,5.802106564579591,6.400365273349939,0.5982587087703477,1
9336,5.584747347342823,6.400365273349939,0.8156179260071159,7
9337,5.867504644716346,6.400365273349939,0.5328606286335926,4
9338,5.454248496829724,6.400365273349939,0.9461167765202152,2
9339,5.347527320377242,6.400365273349939,1.0528379529726966,10
9340,5.309124061149416,6.400365273349939,1.091241212200523,5
9341,5.866390652298322,6.400365273349939,0.533974621051617,6
9342,5.554719059577302,6.301029995663981,0.7463109360866795,6
9343,5.373764978042063,6.301029995663981,0.9272650176219184,7
9344,5.1497936893684075,6.301029995663981,1.1512363062955737,9
9345,5.5780212104548115,6.301029995663981,0.7230087852091698,4
9346,5.585791266553235,6.301029995663981,0.7152387291107463,3
9347,5.785188098903627,6.301029995663981,0.515841896760354,8
9348,4.877351124427587,6.301029995663981,1.423678871236394,5
9349,5.354426797545146,6.301029995663981,0.9466031981188356,1
9350,5.082422833258676,6.301029995663981,1.2186071624053056,2
9351,4.449452107797643,4.845098040014257,0.39564593221661415,9
9352,4.70722058265767,4.845098040014257,0.13787745735658685,1
9353,4.798353384120141,4.845098040014257,0.04674465589411625,4
9354,4.339476105754509,4.845098040014257,0.5056219342597483,10
9355,4.696453357616387,4.845098040014257,0.14864468239786977,6
9356,4.194380090975766,4.845098040014257,0.6507179490384907,5
9357,4.668648978600639,4.845098040014257,0.17644906141361805,7
9358,4.406751041260084,4.845098040014257,0.4383469987541728,2
9359,4.621813391045423,4.845098040014257,0.22328464896883382,3
9360,4.52529663565239,3.845098040014257,-0.6801985956381333,9
9361,4.592589045877221,3.845098040014257,-0.7474910058629645,10
9362,4.642120992614134,3.845098040014257,-0.7970229525998773,6
9363,4.72431688344246,3.845098040014257,-0.8792188434282027,2
9364,4.474826785984585,3.845098040014257,-0.6297287459703282,5
9365,4.654950504128841,3.845098040014257,-0.8098524641145843,7
9366,5.056355592291372,3.845098040014257,-1.2112575522771154,1
9367,4.561161462604342,3.845098040014257,-0.7160634225900848,8
9368,4.598565088075506,3.845098040014257,-0.7534670480612489,3
9369,3.8991780032746783,4.845098040014257,0.9459200367395786,1
9370,3.481189733777359,4.845098040014257,1.363908306236898,9
9371,2.9086975949006115,4.845098040014257,1.9364004451136454,8
9372,3.7405939448577112,4.845098040014257,1.1045040951565457,7
9373,3.6342976228762183,4.845098040014257,1.2108004171380387,10
9374,3.7750229974691942,4.845098040014257,1.0700750425450627,3
9375,3.1339013757009044,4.845098040014257,1.7111966643133525,5
9376,3.481581919810858,4.845098040014257,1.363516120203399,2
9377,3.317956008744361,4.845098040014257,1.527142031269896,6
9378,4.7858713049716926,6.707570176097937,1.9216988711262442,8
9379,5.107245269173564,6.707570176097937,1.6003249069243726,4
9380,4.603580213081273,6.707570176097937,2.103989963016664,5
9381,5.054087097860705,6.707570176097937,1.6534830782372314,1
9382,4.534001408101224,6.707570176097937,2.173568767996713,10
9383,4.879967678831151,6.707570176097937,1.8276024972667857,6
9384,4.624955456218285,6.707570176097937,2.0826147198796514,9
9385,4.7610522770761925,6.707570176097937,1.9465178990217442,2
9386,4.784909391458336,6.707570176097937,1.9226607846396009,3
9387,4.438861118419691,6.386677283960838,1.9478161655411466,2
9388,4.151191721382814,6.386677283960838,2.235485562578024,10
9389,5.572131094929167,6.386677283960838,0.8145461890316703,8
9390,4.22410595055267,6.386677283960838,2.1625713334081675,9
9391,4.415428550173695,6.386677283960838,1.9712487337871423,7
9392,4.575824412420126,6.386677283960838,1.8108528715407113,6
9393,4.661529113781877,6.386677283960838,1.7251481701789606,4
9394,4.8010509326500275,6.386677283960838,1.5856263513108102,3
9395,4.164404747134704,6.386677283960838,2.222272536826134,5
9396,5.853197690376022,5.664641975556125,-0.18855571481989664,4
9397,6.060338487975634,5.664641975556125,-0.39569651241950865,1
9398,6.063283626657186,5.664641975556125,-0.39864165110106065,6
9399,5.151369184949453,5.664641975556125,0.5132727906066723,9
9400,5.813884654980379,5.664641975556125,-0.14924267942425384,2
9401,6.000225019006355,5.664641975556125,-0.3355830434502298,8
9402,5.490237218714657,5.664641975556125,0.1744047568414686,5
9403,6.0196313940456045,5.664641975556125,-0.3549894184894793,3
9404,5.769166604646218,5.664641975556125,-0.10452462909009252,7
9405,4.58263874914704,4.342225229360791,-0.24041351978624892,7
9406,4.558296406820169,4.342225229360791,-0.2160711774593782,10
9407,4.6426846866283045,4.342225229360791,-0.30045945726751366,3
9408,5.146455303294399,4.342225229360791,-0.8042300739336081,2
9409,5.018654369033562,4.342225229360791,-0.6764291396727709,1
9410,4.471521546833359,4.342225229360791,-0.1292963174725683,5
9411,4.619527430988433,4.342225229360791,-0.2773022016276423,6
9412,5.2122616032857785,4.342225229360791,-0.8700363739249877,4
9413,5.462129611913499,4.342225229360791,-1.1199043825527086,8
9414,3.9435458475877976,5.672097857935717,1.7285520103479195,5
9415,4.291526536407716,5.672097857935717,1.3805713215280013,8
9416,4.354032435567894,5.672097857935717,1.3180654223678232,6
9417,4.554628015515971,5.672097857935717,1.1174698424197462,4
9418,4.36708039286144,5.672097857935717,1.3050174650742772,1
9419,4.229151755834083,5.672097857935717,1.4429461021016339,10
9420,4.35552905095339,5.672097857935717,1.3165688069823274,7
9421,4.289654141823106,5.672097857935717,1.3824437161126113,9
9422,4.367470190174893,5.672097857935717,1.3046276677608244,3
9423,2.9166479129878526,3.083502619830268,0.16685470684241555,8
9424,2.822322027324639,3.083502619830268,0.261180592505629,7
9425,2.9946559393838434,3.083502619830268,0.08884668044642474,9
9426,2.8627477514248016,3.083502619830268,0.22075486840546654,4
9427,2.8957850752750067,3.083502619830268,0.18771754455526146,2
9428,2.707949457425923,3.083502619830268,0.3755531624043451,3
9429,2.9363724702604896,3.083502619830268,0.14713014956977855,10
9430,2.7263074283908684,3.083502619830268,0.3571951914393998,1
9431,2.8379791093835833,3.083502619830268,0.24552351044668486,6
9432,3.8762009875522905,3.3014640731433,-0.5747369144089904,4
9433,3.829901079631168,3.3014640731433,-0.5284370064878678,2
9434,3.6536345748850843,3.3014640731433,-0.3521705017417842,9
9435,3.562850509372561,3.3014640731433,-0.26138643622926105,3
9436,3.5981613073456273,3.3014640731433,-0.2966972342023273,6
9437,3.4178189707333364,3.3014640731433,-0.11635489759003637,5
9438,3.74462803164624,3.3014640731433,-0.4431639585029399,10
9439,3.5415014365782365,3.3014640731433,-0.24003736343493642,8
9440,3.5333344858820386,3.3014640731433,-0.23187041273873854,1
9441,6.09527405691198,5.987634987448437,-0.10763906946354318,9
9442,6.3260924147273805,5.987634987448437,-0.3384574272789438,5
9443,6.307274594502177,5.987634987448437,-0.31963960705374017,4
9444,6.198170990529097,5.987634987448437,-0.21053600308066045,8
9445,6.480349874090597,5.987634987448437,-0.49271488664216,6
9446,6.345852937106758,5.987634987448437,-0.35821794965832154,7
9447,6.00803111004436,5.987634987448437,-0.020396122595923494,10
9448,6.301303107900348,5.987634987448437,-0.3136681204519114,1
9449,6.215946989771809,5.987634987448437,-0.22831200232337245,3
9450,6.336045726072238,6.506505032404872,0.17045930633263406,4
9451,6.343884813499441,6.506505032404872,0.1626202189054311,2
9452,6.462616701742896,6.506505032404872,0.04388833066197595,7
9453,6.228162873118961,6.506505032404872,0.278342159285911,3
9454,6.272862841188127,6.506505032404872,0.23364219121674523,10
9455,6.237705489966854,6.506505032404872,0.2687995424380185,5
9456,6.192656670047798,6.506505032404872,0.31384836235707425,8
9457,6.124336644537359,6.506505032404872,0.3821683878675133,6
9458,6.428491861826138,6.506505032404872,0.07801317057873458,9
9459,6.092857871738668,6.068185861746161,-0.02467200999250707,3
9460,6.233985639032673,6.068185861746161,-0.1657997772865114,1
9461,6.18372481918882,6.068185861746161,-0.11553895744265841,5
9462,6.381335146091454,6.068185861746161,-0.3131492843452923,6
9463,6.208915087408549,6.068185861746161,-0.14072922566238777,7
9464,6.079260151128483,6.068185861746161,-0.011074289382321467,8
9465,6.113118303319319,6.068185861746161,-0.04493244157315779,9
9466,6.120677647864406,6.068185861746161,-0.05249178611824501,2
9467,6.2494329081474325,6.068185861746161,-0.1812470464012712,4
9468,5.767171282762536,5.509202522331103,-0.25796876043143335,3
9469,5.774402101625648,5.509202522331103,-0.26519957929454474,9
9470,5.737026350363582,5.509202522331103,-0.22782382803247891,2
9471,5.776357812133072,5.509202522331103,-0.2671552898019689,4
9472,5.821562137580063,5.509202522331103,-0.31235961524896005,1
9473,5.6889167473078475,5.509202522331103,-0.1797142249767445,8
9474,5.665757415860786,5.509202522331103,-0.156554893529683,10
9475,5.811766393240097,5.509202522331103,-0.30256387090899395,5
9476,5.9900910296136365,5.509202522331103,-0.4808885072825335,6
9477,6.14617429725488,5.673020907128897,-0.473153390125983,4
9478,6.0640376540506296,5.673020907128897,-0.39101674692173294,2
9479,6.084707886284261,5.673020907128897,-0.41168697915536434,1
9480,5.728003184251414,5.673020907128897,-0.054982277122517687,10
9481,5.992379698226336,5.673020907128897,-0.31935879109743937,8
9482,5.891604896416372,5.673020907128897,-0.2185839892874757,9
9483,5.40516732032154,5.673020907128897,0.26785358680735705,6
9484,5.8595602867741805,5.673020907128897,-0.1865393796452839,7
9485,5.797839139254918,5.673020907128897,-0.12481823212602094,3
9486,5.755567390753987,5.892094602690481,0.1365272119364942,10
9487,6.207944206725557,5.892094602690481,-0.3158496040350762,8
9488,6.107038963300934,5.892094602690481,-0.21494436061045352,1
9489,6.030076227010675,5.892094602690481,-0.13798162432019456,7
9490,5.932003168232015,5.892094602690481,-0.0399085655415341,2
9491,6.044483651237238,5.892094602690481,-0.15238904854675717,3
9492,6.17765767646573,5.892094602690481,-0.2855630737752488,4
9493,5.735877507071551,5.892094602690481,0.1562170956189295,9
9494,6.093361667762404,5.892094602690481,-0.2012670650719235,5
9495,6.027976904945479,5.673020907128897,-0.3549559978165826,2
9496,5.973428460507115,5.673020907128897,-0.3004075533782187,3
9497,6.027012359492913,5.673020907128897,-0.3539914523640162,10
9498,6.036779749719252,5.673020907128897,-0.3637588425903555,4
9499,6.067767198031693,5.673020907128897,-0.39474629090279656,8
9500,6.1742318691037825,5.673020907128897,-0.5012109619748859,1
9501,6.015673292912928,5.673020907128897,-0.34265238578403157,9
9502,6.109481663863844,5.673020907128897,-0.436460756734947,5
9503,6.100912471823202,5.673020907128897,-0.42789156469430534,7
9504,5.9924791974819875,6.207095540419218,0.2146163429372301,3
9505,5.751904118007096,6.207095540419218,0.4551914224121214,5
9506,5.7505116086241435,6.207095540419218,0.45658393179507417,2
9507,5.496999649640574,6.207095540419218,0.7100958907786437,9
9508,5.7471380855659735,6.207095540419218,0.45995745485324413,4
9509,5.951723080870034,6.207095540419218,0.25537245954918397,8
9510,5.8389276127842615,6.207095540419218,0.3681679276349561,1
9511,6.2938187272179045,6.207095540419218,-0.08672318679868685,6
9512,5.882441712171744,6.207095540419218,0.3246538282474738,7
9513,5.232799636577597,4.176091259055681,-1.0567083775219155,6
9514,5.603317520301273,4.176091259055681,-1.4272262612455915,2
9515,5.6872454765631195,4.176091259055681,-1.5111542175074382,7
9516,5.7996247155268925,4.176091259055681,-1.6235334564712112,1
9517,6.018591063770915,4.176091259055681,-1.8424998047152332,10
9518,6.096648231057023,4.176091259055681,-1.920556972001342,9
9519,5.842601666165982,4.176091259055681,-1.6665104071103007,5
9520,5.0721139267787505,4.176091259055681,-0.8960226677230692,8
9521,5.048666663917303,4.176091259055681,-0.8725754048616219,3
9522,6.138170097181772,5.146128035678238,-0.9920420615035335,5
9523,6.035969578944632,5.146128035678238,-0.8898415432663942,2
9524,5.804108955390373,5.146128035678238,-0.6579809197121351,8
9525,6.024853361192352,5.146128035678238,-0.8787253255141136,6
9526,6.136313271480061,5.146128035678238,-0.9901852358018228,10
9527,6.217897560167315,5.146128035678238,-1.0717695244890768,9
9528,6.23588410047413,5.146128035678238,-1.0897560647958917,1
9529,5.8919726238552235,5.146128035678238,-0.7458445881769853,3
9530,6.084632314051725,5.146128035678238,-0.9385042783734869,7
9531,5.73180275874752,6.533517862016968,0.8017151032694478,7
9532,5.95196160315326,6.533517862016968,0.5815562588637082,1
9533,5.743952403471994,6.533517862016968,0.7895654585449741,2
9534,5.697886139831018,6.533517862016968,0.8356317221859495,6
9535,5.815203068022023,6.533517862016968,0.7183147939949448,5
9536,5.916956386811574,6.533517862016968,0.6165614752053941,3
9537,5.798051614372248,6.533517862016968,0.7354662476447196,8
9538,5.882915824072866,6.533517862016968,0.6506020379441022,10
9539,5.909880516245283,6.533517862016968,0.6236373457716846,4
9540,6.001093531979279,4.4623979978989565,-1.5386955340803228,4
9541,4.936430678668645,4.4623979978989565,-0.47403268076968885,3
9542,5.850441340756973,4.4623979978989565,-1.3880433428580163,10
9543,5.726415199787347,4.4623979978989565,-1.2640172018883904,7
9544,5.563739434198593,4.4623979978989565,-1.101341436299636,2
9545,5.804954732179827,4.4623979978989565,-1.3425567342808709,1
9546,5.48842066813195,4.4623979978989565,-1.0260226702329938,5
9547,5.39887039001002,4.4623979978989565,-0.9364723921110638,6
9548,5.033601601454517,4.4623979978989565,-0.5712036035555608,8
9549,6.023149395643263,5.0,-1.0231493956432631,1
9550,6.171580815760729,5.0,-1.1715808157607288,4
9551,6.016039818255034,5.0,-1.0160398182550336,9
9552,5.783886205508786,5.0,-0.7838862055087858,2
9553,5.898553100034665,5.0,-0.8985531000346647,10
9554,5.996512679943048,5.0,-0.9965126799430477,6
9555,5.965307846787918,5.0,-0.9653078467879181,5
9556,5.913514979874315,5.0,-0.9135149798743152,7
9557,5.975062052296556,5.0,-0.9750620522965558,8
9558,6.101447488428831,6.152288344383057,0.05084085595422572,9
9559,5.832272156371075,6.152288344383057,0.32001618801198184,10
9560,6.125290803536945,6.152288344383057,0.026997540846111612,2
9561,6.06625191480038,6.152288344383057,0.08603642958267699,5
9562,6.238665377613663,6.152288344383057,-0.08637703323060641,3
9563,6.33522123046162,6.152288344383057,-0.1829328860785635,4
9564,5.920357817717717,6.152288344383057,0.23193052666533998,7
9565,6.126122730923139,6.152288344383057,0.026165613459917303,1
9566,6.050553070389311,6.152288344383057,0.1017352739937456,6
9567,5.377224330457786,5.238522812218293,-0.1387015182394924,3
9568,5.911060308915126,5.238522812218293,-0.6725374966968332,1
9569,5.392945189702175,5.238522812218293,-0.15442237748388177,8
9570,5.8261448571836905,5.238522812218293,-0.5876220449653973,7
9571,5.739770242096768,5.238522812218293,-0.5012474298784744,2
9572,6.089943944025491,5.238522812218293,-0.8514211318071983,9
9573,6.010951987119332,5.238522812218293,-0.7724291749010392,10
9574,5.906783861104009,5.238522812218293,-0.6682610488857161,5
9575,5.997531175781821,5.238522812218293,-0.7590083635635274,4
9576,5.392945189702175,5.639486489268586,0.24654129956641135,8
9577,5.739770242096768,5.639486489268586,-0.10028375282818125,2
9578,5.997531175781821,5.639486489268586,-0.3580446865132343,4
9579,5.614441757622539,5.639486489268586,0.025044731646047147,6
9580,5.911060308915126,5.639486489268586,-0.27157381964654004,1
9581,5.3772243304577865,5.639486489268586,0.26226215881079984,3
9582,5.906783861104009,5.639486489268586,-0.267297371835423,5
9583,6.089943944025491,5.639486489268586,-0.45045745475690513,9
9584,5.8261448571836905,5.639486489268586,-0.18665836791510415,7
9585,5.67765766334472,5.672097857935717,-0.00555980540900336,8
9586,6.095761144137978,5.672097857935717,-0.42366328620226135,4
9587,6.124153471091934,5.672097857935717,-0.452055613156217,9
9588,5.9385527085005645,5.672097857935717,-0.2664548505648474,2
9589,6.166809817749743,5.672097857935717,-0.49471195981402616,1
9590,5.759764391689809,5.672097857935717,-0.08766653375409206,3
9591,5.867880999029647,5.672097857935717,-0.1957831410939299,6
9592,6.046486420698303,5.672097857935717,-0.3743885627625856,10
9593,6.0288042363309176,5.672097857935717,-0.3567063783952005,5
9594,5.986859628190821,6.176091259055681,0.18923163086486028,4
9595,5.923138530178764,6.176091259055681,0.25295272887691755,7
9596,6.12408502723714,6.176091259055681,0.05200623181854169,1
9597,5.872800668744026,6.176091259055681,0.3032905903116552,2
9598,5.9917745113683845,6.176091259055681,0.1843167476872969,3
9599,5.964116164288646,6.176091259055681,0.2119750947670349,10
9600,5.987038435816595,6.176091259055681,0.189052823239086,9
9601,5.967942702023792,6.176091259055681,0.2081485570318895,5
9602,5.871563147846485,6.176091259055681,0.304528111209196,6
9603,5.299564001899194,5.774838005983815,0.4752740040846213,7
9604,5.635309800326013,5.774838005983815,0.13952820565780222,9
9605,5.318554976994723,5.774838005983815,0.456283028989092,8
9606,5.512258591829096,5.774838005983815,0.2625794141547191,4
9607,5.52641971241338,5.774838005983815,0.24841829357043554,1
9608,5.668698869558362,5.774838005983815,0.10613913642545292,10
9609,5.499769838089709,5.774838005983815,0.2750681678941058,3
9610,5.345724865931455,5.774838005983815,0.42911314005236,2
9611,5.403307288077776,5.774838005983815,0.3715307179060394,5
9612,5.697886181906913,4.681241237375588,-1.0166449445313255,10
9613,5.6137382487757295,4.681241237375588,-0.9324970114001419,1
9614,5.483478482990391,4.681241237375588,-0.802237245614803,7
9615,5.235391186202544,4.681241237375588,-0.5541499488269563,8
9616,5.2084971301474265,4.681241237375588,-0.5272558927718389,6
9617,5.797658658226583,4.681241237375588,-1.1164174208509952,9
9618,5.293833274656696,4.681241237375588,-0.6125920372811082,3
9619,5.512960886052464,4.681241237375588,-0.8317196486768763,4
9620,5.5347940158154385,4.681241237375588,-0.8535527784398509,5
9621,5.81124924798063,4.017033339298781,-1.7942159086818492,10
9622,5.689138280160728,4.017033339298781,-1.6721049408619475,5
9623,5.461564913809924,4.017033339298781,-1.4445315745111431,3
9624,5.904466604408233,4.017033339298781,-1.8874332651094523,9
9625,5.653367110427842,4.017033339298781,-1.6363337711290615,7
9626,5.730321759916297,4.017033339298781,-1.7132884206175163,4
9627,5.495879698506889,4.017033339298781,-1.4788463592081085,6
9628,5.766534914130204,4.017033339298781,-1.7495015748314229,1
9629,5.58188882399212,4.017033339298781,-1.5648554846933393,2
9630,5.376333622016749,6.123165370902919,0.7468317488861702,5
9631,5.624044332108204,6.123165370902919,0.4991210387947156,9
9632,5.470804322920134,6.123165370902919,0.6523610479827848,1
9633,5.116739838533413,6.123165370902919,1.006425532369506,6
9634,5.237532452745797,6.123165370902919,0.8856329181571221,3
9635,5.331069628568367,6.123165370902919,0.7920957423345518,4
9636,5.249043654610389,6.123165370902919,0.8741217162925299,2
9637,5.508572294516801,6.123165370902919,0.614593076386118,10
9638,5.360495905649135,6.123165370902919,0.7626694652537847,7
9639,5.743389914799771,6.835500327867319,1.092110413067548,7
9640,5.967466145190867,6.835500327867319,0.8680341826764515,1
9641,5.989538877194467,6.835500327867319,0.8459614506728519,9
9642,5.713549930132153,6.835500327867319,1.1219503977351657,2
9643,5.8070156739465775,6.835500327867319,1.0284846539207413,3
9644,5.881653892275099,6.835500327867319,0.9538464355922196,5
9645,5.667383357997396,6.835500327867319,1.1681169698699225,6
9646,5.749815275541114,6.835500327867319,1.0856850523262045,8
9647,5.827751274594303,6.835500327867319,1.0077490532730158,4
9648,5.822482867996693,6.078819183098848,0.25633631510215515,3
9649,5.924276124031599,6.078819183098848,0.1545430590672492,5
9650,5.844008942491607,6.078819183098848,0.2348102406072412,7
9651,6.029188950785404,6.078819183098848,0.049630232313444544,9
9652,5.981329449138688,6.078819183098848,0.09748973396016059,10
9653,5.785995333438381,6.078819183098848,0.2928238496604676,2
9654,5.8285817936562925,6.078819183098848,0.2502373894425558,6
9655,5.947151515044861,6.078819183098848,0.13166766805398744,4
9656,5.9976887488646815,6.078819183098848,0.08113043423416677,1
9657,4.663574354586654,3.633468455579586,-1.0301058990070677,9
9658,4.803312673162226,3.633468455579586,-1.1698442175826402,10
9659,4.630491707859802,3.633468455579586,-0.9970232522802158,6
9660,4.591544150250239,3.633468455579586,-0.9580756946706526,1
9661,4.444020871351285,3.633468455579586,-0.8105524157716992,2
9662,4.285200478224751,3.633468455579586,-0.6517320226451648,8
9663,4.669514362057037,3.633468455579586,-1.036045906477451,3
9664,4.666901978677293,3.633468455579586,-1.033433523097707,7
9665,4.525946783762738,3.633468455579586,-0.8924783281831514,4
9666,5.048666663917303,6.278753600952829,1.2300869370355256,3
9667,5.877884696929209,6.278753600952829,0.4008689040236195,4
9668,6.0966482310570225,6.278753600952829,0.1821053698958064,9
9669,5.6872454765631195,6.278753600952829,0.5915081243897093,7
9670,5.0721139267787505,6.278753600952829,1.2066396741740784,8
9671,5.603317520301273,6.278753600952829,0.675436080651556,2
9672,5.842601666165982,6.278753600952829,0.4361519347868468,5
9673,5.7996247155268925,6.278753600952829,0.47912888542593635,1
9674,6.018591063770915,6.278753600952829,0.2601625371819143,10
9675,5.877884696929209,3.819872821950546,-2.0580118749786633,4
9676,5.048666663917303,3.819872821950546,-1.2287938419667572,3
9677,6.018591063770915,3.819872821950546,-2.1987182418203686,10
9678,5.603317520301273,3.819872821950546,-1.7834446983507268,2
9679,5.232799636577597,3.819872821950546,-1.4129268146270508,6
9680,5.6872454765631195,3.819872821950546,-1.8673726546125735,7
9681,5.842601666165982,3.819872821950546,-2.022728844215436,5
9682,6.0966482310570225,3.819872821950546,-2.2767754091064765,9
9683,5.0721139267787505,3.819872821950546,-1.2522411048282045,8
9684,5.754531813805602,6.32221929473392,0.5676874809283188,1
9685,5.626081952313918,6.32221929473392,0.6961373424200028,7
9686,5.68375719429259,6.32221929473392,0.6384621004413304,4
9687,5.635792716271502,6.32221929473392,0.6864265784624184,6
9688,5.936627424282247,6.32221929473392,0.3855918704516732,9
9689,5.667379029674083,6.32221929473392,0.6548402650598373,3
9690,5.700038827369128,6.32221929473392,0.6221804673647924,5
9691,5.614228987216663,6.32221929473392,0.7079903075172576,2
9692,5.881608421136117,6.32221929473392,0.4406108735978034,8
9693,6.055833664196467,5.737272176535544,-0.31856148766092307,4
9694,6.0770455328918205,5.737272176535544,-0.33977335635627615,1
9695,5.84999783284511,5.737272176535544,-0.11272565630956599,2
9696,6.017222074684164,5.737272176535544,-0.2799498981486197,9
9697,5.952056972740861,5.737272176535544,-0.21478479620531665,7
9698,5.686076922070682,5.737272176535544,0.051195254464862394,3
9699,5.816765799114122,5.737272176535544,-0.0794936225785774,6
9700,6.048327516944513,5.737272176535544,-0.3110553404089691,10
9701,5.927915403802913,5.737272176535544,-0.19064322726736904,5
9702,5.486663176763739,3.886490725172482,-1.600172451591257,3
9703,5.6386659201489575,3.886490725172482,-1.7521751949764757,5
9704,5.815219603142121,3.886490725172482,-1.9287288779696392,10
9705,5.667852982555811,3.886490725172482,-1.781362257383329,2
9706,5.667908010247569,3.886490725172482,-1.781417285075087,7
9707,5.5957053486693775,3.886490725172482,-1.7092146234968957,6
9708,5.562749181867214,3.886490725172482,-1.676258456694732,8
9709,5.789884213756239,3.886490725172482,-1.9033934885837573,9
9710,5.69809339500376,3.886490725172482,-1.8116026698312786,4
9711,4.868890283518783,5.797267540830717,0.9283772573119338,1
9712,4.86406771463044,5.797267540830717,0.9331998262002772,9
9713,4.9313539944502285,5.797267540830717,0.8659135463804883,8
9714,4.879878592191398,5.797267540830717,0.917388948639319,2
9715,5.059593879156959,5.797267540830717,0.7376736616737576,10
9716,5.266880867105849,5.797267540830717,0.5303866737248679,3
9717,5.049126222945461,5.797267540830717,0.7481413178852554,7
9718,4.8250397458793985,5.797267540830717,0.9722277949513183,4
9719,4.855923917197332,5.797267540830717,0.9413436236333848,5
9720,5.664592454269529,5.371067862271736,-0.29352459199779357,8
9721,5.789993955873282,5.371067862271736,-0.418926093601546,10
9722,5.707737447954965,5.371067862271736,-0.3366695856832296,7
9723,5.743341275946782,5.371067862271736,-0.37227341367504607,9
9724,5.662031767602497,5.371067862271736,-0.2909639053307611,3
9725,5.621743846486693,5.371067862271736,-0.25067598421495685,2
9726,5.920606550721305,5.371067862271736,-0.5495386884495694,1
9727,5.9688579732600955,5.371067862271736,-0.5977901109883597,4
9728,5.825719907322053,5.371067862271736,-0.45465204505031753,5
9729,5.44704616334752,5.647715410691554,0.20066924734403457,1
9730,5.129664052081949,5.647715410691554,0.5180513586096049,3
9731,5.516988078198082,5.647715410691554,0.13072733249347213,2
9732,5.759584846834464,5.647715410691554,-0.11186943614290978,10
9733,5.833130764647568,5.647715410691554,-0.18541535395601372,9
9734,5.526196003889853,5.647715410691554,0.12151940680170092,5
9735,5.446640260435,5.647715410691554,0.2010751502565542,7
9736,5.470494371754912,5.647715410691554,0.17722103893664265,4
9737,5.285179518910367,5.647715410691554,0.36253589178118695,6
9738,5.557892641438413,4.872738827472669,-0.6851538139657443,1
9739,5.453115269115805,4.872738827472669,-0.5803764416431356,6
9740,5.476137343400259,4.872738827472669,-0.6033985159275899,5
9741,5.481232143355338,4.872738827472669,-0.6084933158826686,3
9742,5.405792088112119,4.872738827472669,-0.5330532606394502,4
9743,5.502384799209566,4.872738827472669,-0.6296459717368972,9
9744,5.414494758580251,4.872738827472669,-0.5417559311075824,2
9745,5.449789437098829,4.872738827472669,-0.5770506096261601,8
9746,5.54109602905476,4.872738827472669,-0.6683572015820909,7
9747,5.825770325243708,7.332438459915605,1.506668134671897,10
9748,6.03476471083347,7.332438459915605,1.2976737490821346,6
9749,5.851544833124251,7.332438459915605,1.480893626791354,9
9750,5.906274144334085,7.332438459915605,1.42616431558152,7
9751,6.088309466936024,7.332438459915605,1.2441289929795811,3
9752,5.996924750950445,7.332438459915605,1.33551370896516,5
9753,5.956080187148439,7.332438459915605,1.376358272767166,2
9754,6.3416184205845605,7.332438459915605,0.9908200393310445,8
9755,6.0465007582606285,7.332438459915605,1.2859377016549765,1
9756,4.229439868970441,3.096910013008056,-1.1325298559623849,1
9757,4.1107821086995076,3.096910013008056,-1.0138720956914518,4
9758,4.2687414049364,3.096910013008056,-1.1718313919283445,8
9759,4.015547058217549,3.096910013008056,-0.918637045209493,2
9760,4.023591399163484,3.096910013008056,-0.9266813861554284,7
9761,4.4438943037936065,3.096910013008056,-1.3469842907855507,5
9762,4.089647700184581,3.096910013008056,-0.992737687176525,9
9763,3.950490298416862,3.096910013008056,-0.8535802854088064,3
9764,3.929686664296816,3.096910013008056,-0.8327766512887602,10
9765,6.041101774795781,5.146128035678238,-0.8949737391175425,1
9766,5.949560510833424,5.146128035678238,-0.8034324751551862,9
9767,5.9632047496737695,5.146128035678238,-0.8170767139955313,7
9768,6.031070850216216,5.146128035678238,-0.8849428145379781,4
9769,6.019773423508237,5.146128035678238,-0.873645387829999,5
9770,5.905504735821966,5.146128035678238,-0.7593767001437275,2
9771,6.21012809779161,5.146128035678238,-1.0640000621133714,8
9772,5.816887252012565,5.146128035678238,-0.6707592163343268,10
9773,6.101013705532698,5.146128035678238,-0.9548856698544599,3
9774,5.983824583534112,7.4271224218663345,1.4432978383322226,7
9775,6.224316431182197,7.4271224218663345,1.202805990684138,8
9776,5.900043587734735,7.4271224218663345,1.5270788341315997,2
9777,6.084781723437104,7.4271224218663345,1.34234069842923,6
9778,6.107012744672653,7.4271224218663345,1.320109677193681,1
9779,6.017287058385976,7.4271224218663345,1.4098353634803589,4
9780,5.695327703711899,7.4271224218663345,1.7317947181544353,9
9781,6.0187308429911806,7.4271224218663345,1.408391578875154,5
9782,6.124555453608733,7.4271224218663345,1.3025669682576018,3
9783,5.576819549242036,5.0,-0.5768195492420363,3
9784,5.441795836466491,5.0,-0.4417958364664907,10
9785,5.556153145483859,5.0,-0.5561531454838589,4
9786,5.479005638512685,5.0,-0.4790056385126853,7
9787,5.815336332340984,5.0,-0.8153363323409843,1
9788,5.7782557974331885,5.0,-0.7782557974331885,5
9789,5.56765482698298,5.0,-0.56765482698298,6
9790,5.482850746576524,5.0,-0.48285074657652416,9
9791,5.8476146461963685,5.0,-0.8476146461963685,8
9792,5.744953728454633,7.860936620700094,2.1159828922454604,7
9793,6.100405152098669,7.860936620700094,1.7605314686014246,5
9794,5.991990782341616,7.860936620700094,1.8689458383584778,9
9795,6.138844921188196,7.860936620700094,1.722091699511898,3
9796,6.060063330276331,7.860936620700094,1.8008732904237625,1
9797,6.238278665053577,7.860936620700094,1.6226579556465168,2
9798,6.166576867666733,7.860936620700094,1.6943597530333605,4
9799,5.48090074499264,7.860936620700094,2.3800358757074536,10
9800,6.635057747633955,7.860936620700094,1.2258788730661383,8
9801,5.60193322834203,5.174931593528442,-0.4270016348135872,2
9802,5.604832446845071,5.174931593528442,-0.42990085331662886,4
9803,5.787708793406898,5.174931593528442,-0.6127771998784555,6
9804,5.336878630758009,5.174931593528442,-0.1619470372295666,10
9805,5.896881550392074,5.174931593528442,-0.7219499568636314,5
9806,5.790001765521257,5.174931593528442,-0.6150701719928149,1
9807,5.998191396080708,5.174931593528442,-0.8232598025522657,8
9808,5.597701266687983,5.174931593528442,-0.4227696731595403,7
9809,5.51757281772962,5.174931593528442,-0.34264122420117804,9
9810,6.96772287635891,8.09642333059527,1.12870045423636,8
9811,6.743928493937132,8.09642333059527,1.3524948366581384,6
9812,6.726584589941032,8.09642333059527,1.369838740654238,2
9813,6.624359800857829,8.09642333059527,1.472063529737441,9
9814,6.460389064285585,8.09642333059527,1.636034266309685,10
9815,6.796117234548162,8.09642333059527,1.300306096047108,1
9816,6.764248618310965,8.09642333059527,1.3321747122843046,4
9817,6.669721345610338,8.09642333059527,1.4267019849849323,7
9818,6.868713777125017,8.09642333059527,1.2277095534702527,3
9819,5.619858483177702,6.021189299069938,0.4013308158922362,9
9820,6.15640906433276,6.021189299069938,-0.1352197652628213,6
9821,6.126316754665092,6.021189299069938,-0.10512745559515402,5
9822,6.298360518880687,6.021189299069938,-0.2771712198107483,3
9823,5.600002255464109,6.021189299069938,0.4211870436058289,10
9824,6.236418880979058,6.021189299069938,-0.2152295819091199,8
9825,6.07404146965238,6.021189299069938,-0.05285217058244207,7
9826,5.897408269886821,6.021189299069938,0.1237810291831174,2
9827,6.093779466002885,6.021189299069938,-0.07259016693294651,1
9828,5.436091794590167,5.729326809646861,0.2932350150566938,3
9829,5.3016370660687775,5.729326809646861,0.42768974357808354,6
9830,5.44483779424596,5.729326809646861,0.28448901540090077,5
9831,5.375847543419456,5.729326809646861,0.35347926622740466,1
9832,5.222274817180718,5.729326809646861,0.5070519924661427,10
9833,5.359773156256956,5.729326809646861,0.36955365338990465,2
9834,5.069527347515217,5.729326809646861,0.6597994621316436,9
9835,5.403181190635603,5.729326809646861,0.3261456190112577,7
9836,5.383416380035989,5.729326809646861,0.34591042961087215,4
9837,5.3324561471149305,5.346352974450639,0.013896827335708295,2
9838,5.205203355337624,5.346352974450639,0.1411496191130146,1
9839,5.139033928997933,5.346352974450639,0.20731904545270563,7
9840,5.098787290310894,5.346352974450639,0.24756568413974467,4
9841,5.27632620751336,5.346352974450639,0.0700267669372785,6
9842,5.200572469868557,5.346352974450639,0.14578050458208214,3
9843,5.436190592742318,5.346352974450639,-0.08983761829167936,8
9844,5.3086826878702436,5.346352974450639,0.037670286580395285,9
9845,5.133443031645055,5.346352974450639,0.21290994280558362,10
9846,5.704078028671794,5.149527013754348,-0.554551014917446,3
9847,5.685380417019621,5.149527013754348,-0.5358534032652731,5
9848,5.856950469029546,5.149527013754348,-0.7074234552751983,6
9849,5.8913032697295895,5.149527013754348,-0.7417762559752417,8
9850,5.649382950262539,5.149527013754348,-0.49985593650819116,1
9851,5.627831539022344,5.149527013754348,-0.47830452526799583,7
9852,5.610767897113529,5.149527013754348,-0.46124088335918145,10
9853,5.728747074062677,5.149527013754348,-0.5792200603083293,9
9854,5.67859066604667,5.149527013754348,-0.5290636522923222,2
9855,5.149304662834761,5.2552725051033065,0.10596784226854528,6
9856,5.3670074466972215,5.2552725051033065,-0.11173494159391506,7
9857,5.1181720376682,5.2552725051033065,0.13710046743510684,9
9858,5.236707335534291,5.2552725051033065,0.01856516956901544,2
9859,5.036005575833732,5.2552725051033065,0.21926692926957436,3
9860,5.072125932668751,5.2552725051033065,0.18314657243455557,4
9861,5.317562416483953,5.2552725051033065,-0.06228991138064632,5
9862,5.295247212926551,5.2552725051033065,-0.039974707823244415,1
9863,5.209064760576018,5.2552725051033065,0.0462077445272886,8
9864,5.884232173697363,6.176091259055681,0.2918590853583183,5
9865,5.714354680080197,6.176091259055681,0.4617365789754846,7
9866,5.868611079890912,6.176091259055681,0.3074801791647692,1
9867,5.721785770409416,6.176091259055681,0.4543054886462654,2
9868,5.7397966156011755,6.176091259055681,0.43629464345450586,9
9869,5.724725122984062,6.176091259055681,0.451366136071619,4
9870,5.854123050601957,6.176091259055681,0.32196820845372454,6
9871,5.928083132425137,6.176091259055681,0.24800812663054472,8
9872,5.639929665584269,6.176091259055681,0.5361615934714123,10
9873,4.725803156075376,5.301029995663981,0.5752268395886055,8
9874,4.026508691737621,5.301029995663981,1.2745213039263605,1
9875,4.60469311637456,5.301029995663981,0.6963368792894213,6
9876,4.796986973473236,5.301029995663981,0.5040430221907455,5
9877,4.510022168333752,5.301029995663981,0.7910078273302297,3
9878,4.769573070855109,5.301029995663981,0.5314569248088725,9
9879,4.6537339648843,5.301029995663981,0.6472960307796809,4
9880,4.52236510923194,5.301029995663981,0.7786648864320416,10
9881,4.765653020288786,5.301029995663981,0.5353769753751951,2
9882,2.48680193674537,2.6989700043360187,0.21216806759064877,10
9883,2.699226707324516,2.6989700043360187,-0.0002567029884974481,4
9884,2.058071080836641,2.6989700043360187,0.6408989234993778,3
9885,2.6577692413012324,2.6989700043360187,0.04120076303478637,2
9886,2.312135543785807,2.6989700043360187,0.38683446055021165,8
9887,1.8842786847110278,2.6989700043360187,0.814691319624991,9
9888,2.471684587269353,2.6989700043360187,0.22728541706666583,1
9889,2.682093620523118,2.6989700043360187,0.016876383812900908,6
9890,2.209467078439312,2.6989700043360187,0.48950292589670674,5
9891,1.4397869412409563,3.0791812460476247,1.6393943048066684,7
9892,0.8120423421806913,3.0791812460476247,2.2671389038669334,5
9893,1.4679929141842032,3.0791812460476247,1.6111883318634215,3
9894,1.204522398668757,3.0791812460476247,1.8746588473788677,2
9895,1.446648592281474,3.0791812460476247,1.6325326537661506,1
9896,0.5235696652585856,3.0791812460476247,2.555611580789039,9
9897,1.8063295143256508,3.0791812460476247,1.2728517317219739,6
9898,1.3693771728947404,3.0791812460476247,1.7098040731528843,4
9899,0.85131113450882,3.0791812460476247,2.2278701115388047,10
9900,4.595840394343943,2.615529223637133,-1.9803111707068104,9
9901,4.295174304924048,2.615529223637133,-1.6796450812869153,2
9902,4.374898011584588,2.615529223637133,-1.7593687879474555,7
9903,4.5085414287462715,2.615529223637133,-1.8930122051091387,10
9904,3.660508010458725,2.615529223637133,-1.0449787868215923,3
9905,4.5311207126608855,2.615529223637133,-1.9155914890237526,4
9906,3.843845820532654,2.615529223637133,-1.228316596895521,8
9907,3.938607083845267,2.615529223637133,-1.3230778602081341,1
9908,4.307964846925933,2.615529223637133,-1.6924356232888003,5
9909,4.341182281910669,2.650501794878367,-1.690680487032302,10
9910,4.292520165909178,2.650501794878367,-1.6420183710308107,7
9911,4.458032729233989,2.650501794878367,-1.807530934355622,4
9912,3.9003194889879516,2.650501794878367,-1.2498176941095847,8
9913,4.439575460862959,2.650501794878367,-1.789073665984592,2
9914,3.8959326771343896,2.650501794878367,-1.2454308822560227,1
9915,4.507492305588282,2.650501794878367,-1.856990510709915,9
9916,4.253480307586213,2.650501794878367,-1.6029785127078462,6
9917,3.8060456315639892,2.650501794878367,-1.1555438366856223,3
9918,4.941581434955744,2.630427875025024,-2.3111535599307196,10
9919,4.132477132041033,2.630427875025024,-1.5020492570160089,6
9920,4.081669641268849,2.630427875025024,-1.4512417662438253,1
9921,4.470321819692469,2.630427875025024,-1.8398939446674447,2
9922,4.533908749768126,2.630427875025024,-1.903480874743102,5
9923,4.5726907729686,2.630427875025024,-1.9422628979435759,4
9924,4.7885609912458795,2.630427875025024,-2.1581331162208555,9
9925,4.623921141256634,2.630427875025024,-1.99349326623161,7
9926,4.005187173532929,2.630427875025024,-1.3747592985079047,8
9927,5.027819981459098,3.556302500767288,-1.4715174806918099,7
9928,4.829792210653654,3.556302500767288,-1.2734897098863658,2
9929,5.33471179300793,3.556302500767288,-1.7784092922406418,10
9930,4.240197172946252,3.556302500767288,-0.683894672178964,3
9931,5.224829248421243,3.556302500767288,-1.6685267476539551,9
9932,5.019543420033712,3.556302500767288,-1.4632409192664242,4
9933,4.368470349735136,3.556302500767288,-0.8121678489678481,6
9934,4.193288717961743,3.556302500767288,-0.6369862171944551,8
9935,5.014274197597124,3.556302500767288,-1.4579716968298357,5
9936,2.312135543785807,2.9912260756924947,0.6790905319066876,8
9937,2.7418043680309094,2.9912260756924947,0.24942170766158522,7
9938,2.471684587269353,2.9912260756924947,0.5195414884231417,1
9939,2.6577692413012324,2.9912260756924947,0.3334568343912623,2
9940,1.8842786847110278,2.9912260756924947,1.1069473909814669,9
9941,2.682093620523118,2.9912260756924947,0.3091324551693768,6
9942,2.209467078439312,2.9912260756924947,0.7817589972531827,5
9943,2.699226707324516,2.9912260756924947,0.29199936836797846,4
9944,2.058071080836641,2.9912260756924947,0.9331549948558537,3
9945,3.1536461787707113,2.9474337218870508,-0.20621245688366052,6
9946,3.550648584897292,2.9474337218870508,-0.6032148630102414,10
9947,3.2939733232602344,2.9474337218870508,-0.3465396013731836,1
9948,3.391769306282543,2.9474337218870508,-0.44433558439549214,8
9949,3.3871968582736582,2.9474337218870508,-0.43976313638660747,4
9950,3.680265697125155,2.9474337218870508,-0.7328319752381041,7
9951,3.3673706667714947,2.9474337218870508,-0.4199369448844439,9
9952,3.3706011593596665,2.9474337218870508,-0.42316743747261576,5
9953,3.619427216830851,2.9474337218870508,-0.6719934949438002,2
9954,3.4656449914821224,3.4885507165004443,0.022905725018322,9
9955,3.6203292485768532,3.4885507165004443,-0.13177853207640888,10
9956,3.4525070328113245,3.4885507165004443,0.03604368368911981,3
9957,3.423504480068194,3.4885507165004443,0.06504623643225038,4
9958,3.6134266632701055,3.4885507165004443,-0.12487594676966118,7
9959,3.460346662278595,3.4885507165004443,0.02820405422184935,2
9960,3.3667242959936496,3.4885507165004443,0.12182642050679471,1
9961,3.0723682524616636,3.4885507165004443,0.4161824640387808,8
9962,3.384028718250502,3.4885507165004443,0.10452199824994235,5
9963,3.497926399800977,3.510545010206612,0.012618610405635167,9
9964,3.527888977138646,3.510545010206612,-0.017343966932033883,5
9965,3.8598243136500447,3.510545010206612,-0.3492793034434327,2
9966,3.4416058170557973,3.510545010206612,0.06893919315081476,6
9967,3.4650273921331074,3.510545010206612,0.04551761807350463,1
9968,4.003746802544711,3.510545010206612,-0.49320179233809913,3
9969,3.7400253556233896,3.510545010206612,-0.22948034541677753,10
9970,3.9306573616253053,3.510545010206612,-0.4201123514186933,7
9971,3.712061127120692,3.510545010206612,-0.20151611691408,8
9972,3.1712308560953266,2.419955748489758,-0.7512751076055686,8
9973,3.603131270542581,2.419955748489758,-1.183175522052823,5
9974,3.9961010111408304,2.419955748489758,-1.5761452626510724,10
9975,3.472537750592312,2.419955748489758,-1.0525820021025538,6
9976,3.3221389159642056,2.419955748489758,-0.9021831674744476,1
9977,3.758129522903401,2.419955748489758,-1.3381737744136428,2
9978,3.9348345779529565,2.419955748489758,-1.5148788294631985,7
9979,3.685298357586179,2.419955748489758,-1.2653426090964208,9
9980,3.140078266229291,2.419955748489758,-0.720122517739533,3
9981,5.442724553780431,5.278753600952829,-0.16397095282760255,10
9982,4.992018295743178,5.278753600952829,0.2867353052096506,5
9983,5.1497714808225075,5.278753600952829,0.1289821201303214,2
9984,5.26922620526756,5.278753600952829,0.009527395685268836,7
9985,5.3351535903266605,5.278753600952829,-0.056399989373831616,8
9986,4.917525247668913,5.278753600952829,0.36122835328391556,3
9987,5.17488153617112,5.278753600952829,0.10387206478170885,4
9988,5.091358800135911,5.278753600952829,0.18739480081691795,6
9989,5.134684701180945,5.278753600952829,0.14406889977188353,1
9990,5.566573977162481,6.004321373782642,0.4377473966201615,9
9991,5.694419950200453,6.004321373782642,0.30990142358218886,2
9992,5.780300695981438,6.004321373782642,0.22402067780120394,6
9993,5.5908757971161025,6.004321373782642,0.4134455766665397,5
9994,5.780793404634927,6.004321373782642,0.22352796914771478,3
9995,6.121392925562653,6.004321373782642,-0.11707155178001116,8
9996,5.814755642434747,6.004321373782642,0.18956573134789512,7
9997,5.669483143402988,6.004321373782642,0.33483823037965443,10
9998,5.835911353734542,6.004321373782642,0.1684100200480998,1
9999,5.528826839410136,6.176091259055681,0.6472644196455457,1
10000,5.398368436085908,6.176091259055681,0.777722822969773,2
10001,5.199850439550059,6.176091259055681,0.9762408195056222,6
10002,5.365700800032331,6.176091259055681,0.8103904590233499,9
10003,5.444498601970831,6.176091259055681,0.7315926570848506,8
10004,5.3297604439894934,6.176091259055681,0.8463308150661879,5
10005,5.331489122553043,6.176091259055681,0.8446021365026386,7
10006,5.523178385285609,6.176091259055681,0.652912873770072,10
10007,5.200231959593736,6.176091259055681,0.9758592994619457,3
10008,5.039765298633839,5.008600171761918,-0.031165126871920634,7
10009,4.939932503943351,5.008600171761918,0.06866766781856715,8
10010,5.0629818473643615,5.008600171761918,-0.05438167560244356,3
10011,4.907456885921614,5.008600171761918,0.10114328584030385,6
10012,5.154347552865427,5.008600171761918,-0.14574738110350882,5
10013,4.943488642897872,5.008600171761918,0.06511152886404581,2
10014,4.908126976985679,5.008600171761918,0.10047319477623873,10
10015,4.916656213301722,5.008600171761918,0.0919439584601962,1
10016,4.8378089107756415,5.008600171761918,0.1707912609862765,9
10017,6.099289777555329,5.819543935541868,-0.27974584201346087,7
10018,5.9075280921355295,5.819543935541868,-0.08798415659366121,6
10019,5.905772355438352,5.819543935541868,-0.086228419896484,3
10020,6.0337637212020745,5.819543935541868,-0.21421978566020616,2
10021,6.154688939869458,5.819543935541868,-0.33514500432758965,8
10022,6.0386394188393435,5.819543935541868,-0.2190954832974752,10
10023,6.116361453578737,5.819543935541868,-0.2968175180368684,4
10024,5.960541957081985,5.819543935541868,-0.14099802154011698,9
10025,6.084804753588778,5.819543935541868,-0.2652608180469098,5
10026,5.624301707201383,5.600972895686748,-0.023328811514634396,6
10027,5.712512139481837,5.600972895686748,-0.11153924379508862,9
10028,5.698983094532838,5.600972895686748,-0.0980101988460893,5
10029,5.731439092663464,5.600972895686748,-0.13046619697671602,7
10030,5.739521078157728,5.600972895686748,-0.13854818247097977,4
10031,5.826909452556844,5.600972895686748,-0.22593655687009573,8
10032,5.776284925930538,5.600972895686748,-0.1753120302437896,2
10033,5.744834082669846,5.600972895686748,-0.1438611869830977,10
10034,5.632372719794593,5.600972895686748,-0.03139982410784459,3
10035,5.851685845207951,6.4623979978989565,0.6107121526910051,10
10036,5.870079379497762,6.4623979978989565,0.5923186184011948,7
10037,5.931073531960998,6.4623979978989565,0.5313244659379581,3
10038,5.7800313794319855,6.4623979978989565,0.682366618466971,9
10039,5.893863199758802,6.4623979978989565,0.5685347981401545,5
10040,5.922058731920187,6.4623979978989565,0.5403392659787691,1
10041,6.046160074017076,6.4623979978989565,0.41623792388188097,4
10042,5.843420857892775,6.4623979978989565,0.6189771400061819,2
10043,5.9380020928044495,6.4623979978989565,0.5243959050945071,6
10044,2.660937785972425,2.886490725172482,0.2255529392000568,8
10045,3.417411649795165,2.886490725172482,-0.5309209246226834,4
10046,3.484639050586267,2.886490725172482,-0.5981483254137854,10
10047,3.060202736405749,2.886490725172482,-0.1737120112332673,2
10048,3.37014908951714,2.886490725172482,-0.48365836434465814,9
10049,2.885565836466874,2.886490725172482,0.000924888705607696,6
10050,3.3355618027540666,2.886490725172482,-0.4490710775815847,5
10051,2.705219637297448,2.886490725172482,0.18127108787503365,1
10052,3.3663300070300974,2.886490725172482,-0.4798392818576156,7
10053,6.324398310951547,6.3979400086720375,0.0735416977204908,6
10054,6.374452799300614,6.3979400086720375,0.023487209371423567,1
10055,6.162600015677641,6.3979400086720375,0.23533999299439667,9
10056,6.572418318612352,6.3979400086720375,-0.17447830994031488,8
10057,6.2242896875613525,6.3979400086720375,0.173650321110685,2
10058,6.244867541165063,6.3979400086720375,0.15307246750697434,3
10059,6.368647486196314,6.3979400086720375,0.029292522475723892,5
10060,6.166813474314894,6.3979400086720375,0.23112653435714314,10
10061,6.4039767814279225,6.3979400086720375,-0.006036772755884989,4
10062,5.749642128996275,6.3979400086720375,0.6482978796757628,10
10063,5.811246065410344,6.3979400086720375,0.5866939432616931,2
10064,6.016316785498835,6.3979400086720375,0.38162322317320285,1
10065,5.965553113819588,6.3979400086720375,0.4323868948524492,3
10066,5.934236973984079,6.3979400086720375,0.4637030346879589,8
10067,6.015391261600129,6.3979400086720375,0.3825487470719082,5
10068,5.982708011195884,6.3979400086720375,0.4152319974761536,6
10069,5.8602032125673915,6.3979400086720375,0.537736796104646,9
10070,6.270868199423891,6.3979400086720375,0.12707180924814665,4
10071,6.108698411107981,6.246498580795801,0.13780016968781972,5
10072,6.246234245806881,6.246498580795801,0.0002643349889197566,6
10073,6.027621008908517,6.246498580795801,0.2188775718872833,9
10074,6.229121339743803,6.246498580795801,0.01737724105199767,4
10075,5.98230571685302,6.246498580795801,0.26419286394278085,2
10076,6.151584365567954,6.246498580795801,0.09491421522784638,7
10077,5.995751202532146,6.246498580795801,0.2507473782636547,10
10078,6.084168377921177,6.246498580795801,0.16233020287462363,3
10079,6.069194817149844,6.246498580795801,0.17730376364595646,1
10080,6.152080134964378,5.286613631657004,-0.8654665033073741,8
10081,6.102395389193528,5.286613631657004,-0.8157817575365236,5
10082,5.981859825682979,5.286613631657004,-0.6952461940259749,3
10083,6.197214220951507,5.286613631657004,-0.9106005892945026,7
10084,6.1261155522273905,5.286613631657004,-0.8395019205703864,1
10085,5.8329601582825354,5.286613631657004,-0.5463465266255314,9
10086,5.887077422798841,5.286613631657004,-0.6004637911418369,10
10087,5.972799345107559,5.286613631657004,-0.6861857134505547,6
10088,6.0045319497478475,5.286613631657004,-0.7179183180908435,2
10089,5.713154295177186,6.079181246047625,0.366026950870439,9
10090,6.0510212201013225,6.079181246047625,0.028160025946302625,4
10091,6.017911135149146,6.079181246047625,0.061270110898479224,8
10092,5.770099286608687,6.079181246047625,0.309081959438938,6
10093,5.785834901986399,6.079181246047625,0.2933463440612263,10
10094,5.9730519056730005,6.079181246047625,0.10612934037462463,7
10095,6.038103661895995,6.079181246047625,0.041077584151629765,1
10096,5.978459063884133,6.079181246047625,0.10072218216349249,3
10097,5.86855951460428,6.079181246047625,0.21062173144334473,2
10098,5.16608154736077,3.886490725172482,-1.2795908221882883,10
10099,5.027709245565636,3.886490725172482,-1.1412185203931542,4
10100,4.919556613388461,3.886490725172482,-1.0330658882159791,3
10101,4.9395267121681075,3.886490725172482,-1.0530359869956256,5
10102,4.719401628909689,3.886490725172482,-0.8329109037372073,6
10103,4.962939774460789,3.886490725172482,-1.0764490492883074,7
10104,4.960555973240717,3.886490725172482,-1.074065248068235,8
10105,4.882191535619814,3.886490725172482,-0.9957008104473322,1
10106,5.01871058458365,3.886490725172482,-1.1322198594111685,2
10107,5.526531303226749,5.698970004336019,0.17243870110926984,1
10108,5.469208653704241,5.698970004336019,0.22976135063177772,3
10109,5.399769503191976,5.698970004336019,0.2992005011440426,2
10110,5.6203962631252535,5.698970004336019,0.07857374121076521,4
10111,5.501193263765235,5.698970004336019,0.19777674057078354,9
10112,5.483920545007042,5.698970004336019,0.21504945932897712,6
10113,5.629919498997936,5.698970004336019,0.06905050533808232,7
10114,5.561484030556701,5.698970004336019,0.13748597377931748,5
10115,5.592662777888989,5.698970004336019,0.10630722644703017,8
10116,5.944675459251385,5.704150516839799,-0.24052494241158584,4
10117,5.737234547179625,5.704150516839799,-0.03308403033982632,2
10118,5.638501360699296,5.704150516839799,0.06564915614050282,9
10119,5.734381919226555,5.704150516839799,-0.03023140238675648,10
10120,5.853035328796953,5.704150516839799,-0.14888481195715464,3
10121,5.869894683757203,5.704150516839799,-0.16574416691740446,1
10122,5.54517877384251,5.704150516839799,0.15897174299728878,6
10123,5.762697141355987,5.704150516839799,-0.05854662451618786,8
10124,5.822954348946016,5.704150516839799,-0.11880383210621748,7
10125,6.281011571195344,5.260071387985075,-1.0209401832102687,8
10126,5.101791828003195,5.260071387985075,0.1582795599818798,9
10127,5.798312004639165,5.260071387985075,-0.5382406166540896,1
10128,5.726507676196092,5.260071387985075,-0.4664362882110167,6
10129,5.237223948857698,5.260071387985075,0.022847439127376745,10
10130,5.722599957101497,5.260071387985075,-0.46252856911642226,5
10131,5.81905162805956,5.260071387985075,-0.5589802400744848,7
10132,6.0878087691023905,5.260071387985075,-0.8277373811173154,3
10133,6.12035077834484,5.260071387985075,-0.8602793903597652,4
10134,6.055628059957931,5.738066714777469,-0.31756134518046153,9
10135,5.993737875786845,5.738066714777469,-0.25567116100937604,6
10136,6.249077970569563,5.738066714777469,-0.511011255792094,3
10137,6.3296273023954965,5.738066714777469,-0.5915605876180274,2
10138,6.0582306634925285,5.738066714777469,-0.3201639487150594,7
10139,6.5043924355675875,5.738066714777469,-0.7663257207901184,4
10140,6.191695923257492,5.738066714777469,-0.45362920848002286,5
10141,6.700412089611479,5.738066714777469,-0.9623453748340101,8
10142,6.1152373520902055,5.738066714777469,-0.37717063731273637,1
10143,6.04511933889214,6.146128035678238,0.10100869678609836,9
10144,6.232037767904695,6.146128035678238,-0.08590973222645726,1
10145,6.39821949441132,6.146128035678238,-0.2520914587330818,6
10146,6.327335500775075,6.146128035678238,-0.18120746509683716,4
10147,6.155566944681688,6.146128035678238,-0.00943890900344968,2
10148,6.334607372649323,6.146128035678238,-0.18847933697108488,7
10149,6.185738021984236,6.146128035678238,-0.03960998630599821,3
10150,6.309413322295258,6.146128035678238,-0.16328528661702002,5
10151,6.011356689274276,6.146128035678238,0.13477134640396216,10
10152,5.281586058699543,4.477121254719663,-0.8044648039798803,10
10153,5.146381516449252,4.477121254719663,-0.6692602617295895,6
10154,5.18353238429332,4.477121254719663,-0.7064111295736577,3
10155,5.154002194348295,4.477121254719663,-0.6768809396286324,9
10156,5.17974578148516,4.477121254719663,-0.7026245267654971,1
10157,5.304853896262749,4.477121254719663,-0.8277326415430863,4
10158,5.521910054789536,4.477121254719663,-1.044788800069873,8
10159,5.382691017477894,4.477121254719663,-0.9055697627582315,5
10160,5.287867700302902,4.477121254719663,-0.8107464455832396,2
10161,6.218754751235376,6.278753600952829,0.05999884971745306,4
10162,6.162076498772011,6.278753600952829,0.11667710218081773,7
10163,6.096072783109787,6.278753600952829,0.1826808178430417,5
10164,5.900793411506705,6.278753600952829,0.37796018944612353,1
10165,5.919890465098574,6.278753600952829,0.35886313585425444,3
10166,5.871391362360368,6.278753600952829,0.40736223859246046,2
10167,5.829198499032084,6.278753600952829,0.4495551019207449,6
10168,5.783212033477315,6.278753600952829,0.4955415674755139,9
10169,6.051918966131406,6.278753600952829,0.2268346348214232,8
10170,6.532462627494587,6.365487984890899,-0.16697464260368733,1
10171,6.40921922363018,6.365487984890899,-0.043731238739280975,3
10172,6.4695882297380525,6.365487984890899,-0.10410024484715308,2
10173,6.099406161930762,6.365487984890899,0.26608182296013716,9
10174,6.5513032306887595,6.365487984890899,-0.18581524579786013,8
10175,6.619132590917986,6.365487984890899,-0.2536446060270867,4
10176,6.589806125063184,6.365487984890899,-0.22431814017228469,7
10177,6.387351292998971,6.365487984890899,-0.021863308108071244,6
10178,6.602325905091475,6.365487984890899,-0.2368379202005757,5
10179,6.198315206055326,6.447158031342219,0.24884282528689372,3
10180,6.2791956242747995,6.447158031342219,0.16796240706741994,4
10181,6.199563800169012,6.447158031342219,0.2475942311732071,5
10182,6.130362976093365,6.447158031342219,0.3167950552488543,2
10183,6.210514993574883,6.447158031342219,0.23664303776733675,7
10184,6.135290730475229,6.447158031342219,0.3118673008669903,10
10185,6.203730974189791,6.447158031342219,0.24342705715242818,1
10186,6.043592167172306,6.447158031342219,0.4035658641699138,9
10187,6.438539814635164,6.447158031342219,0.008618216707055204,8
10188,5.991124493730847,6.0,0.008875506269152567,2
10189,6.126275160783725,6.0,-0.1262751607837247,5
10190,6.098645797639241,6.0,-0.0986457976392412,10
10191,6.07985460123881,6.0,-0.07985460123880994,4
10192,6.252350092605952,6.0,-0.2523500926059521,8
10193,6.021234844985274,6.0,-0.021234844985274393,1
10194,5.868548027036868,6.0,0.1314519729631316,6
10195,6.003377534955765,6.0,-0.0033775349557654266,9
10196,6.077462470591039,6.0,-0.07746247059103872,7
10197,5.980953850753857,6.3979400086720375,0.4169861579181804,10
10198,6.053841388889272,6.3979400086720375,0.34409861978276535,5
10199,6.063493154983278,6.3979400086720375,0.3344468536887595,1
10200,5.975491247368812,6.3979400086720375,0.42244876130322506,3
10201,6.039438091357889,6.3979400086720375,0.3585019173141486,9
10202,5.899667631550582,6.3979400086720375,0.4982723771214559,2
10203,5.902329832741219,6.3979400086720375,0.49561017593081846,6
10204,6.130885311301816,6.3979400086720375,0.2670546973702219,7
10205,5.982586093249604,6.3979400086720375,0.4153539154224335,8
10206,4.941449738069632,5.938919812244772,0.9974700741751406,9
10207,5.141408549892864,5.938919812244772,0.7975112623519083,7
10208,5.036829994700628,5.938919812244772,0.9020898175441445,3
10209,5.374741724142237,5.938919812244772,0.5641780881025351,4
10210,5.075125963881403,5.938919812244772,0.8637938483633691,8
10211,5.0473527395256035,5.938919812244772,0.8915670727191687,10
10212,4.885091417578186,5.938919812244772,1.0538283946665858,6
10213,5.091884347922624,5.938919812244772,0.8470354643221478,5
10214,4.8751835217643,5.938919812244772,1.0637362904804721,2
10215,5.964822034180624,5.484299839346786,-0.4805221948338385,7
10216,5.840023279820784,5.484299839346786,-0.35572344047399795,6
10217,5.821334671672716,5.484299839346786,-0.33703483232593,1
10218,5.736774929916167,5.484299839346786,-0.2524750905693809,3
10219,6.060067810048318,5.484299839346786,-0.5757679707015324,8
10220,5.9541285774852994,5.484299839346786,-0.46982873813851356,10
10221,5.8978718145197195,5.484299839346786,-0.41357197517293365,5
10222,5.84050409122406,5.484299839346786,-0.35620425187727367,2
10223,5.998584524298006,5.484299839346786,-0.5142846849512202,4
10224,6.206920897651478,7.301029995663981,1.0941090980125034,5
10225,6.2093865496775065,7.301029995663981,1.0916434459864748,8
10226,6.000770328603856,7.301029995663981,1.300259667060125,2
10227,6.123572763503936,7.301029995663981,1.1774572321600454,1
10228,6.1991959480501375,7.301029995663981,1.1018340476138437,3
10229,6.287990128754007,7.301029995663981,1.013039866909974,7
10230,6.331794756553747,7.301029995663981,0.9692352391102341,4
10231,5.86424146188523,7.301029995663981,1.436788533778751,10
10232,6.105356112454563,7.301029995663981,1.1956738832094187,6
10233,5.884585924960578,5.954242509439325,0.06965658447874734,10
10234,5.908457256097474,5.954242509439325,0.04578525334185102,2
10235,5.984459122973598,5.954242509439325,-0.03021661353427252,1
10236,5.933944266448385,5.954242509439325,0.02029824299094063,3
10237,5.684375165917598,5.954242509439325,0.26986734352172714,9
10238,6.096263567667264,5.954242509439325,-0.14202105822793865,8
10239,6.121564856818683,5.954242509439325,-0.1673223473793577,7
10240,6.174936061022134,5.954242509439325,-0.22069355158280857,4
10241,5.932151512099333,5.954242509439325,0.022090997339992313,6
10242,5.503575317952989,6.6020599913279625,1.0984846733749736,8
10243,5.35547436580349,6.6020599913279625,1.2465856255244727,6
10244,5.528235472271936,6.6020599913279625,1.0738245190560267,7
10245,5.465200758246183,6.6020599913279625,1.13685923308178,9
10246,5.57238253690165,6.6020599913279625,1.029677454426312,4
10247,5.401036569899823,6.6020599913279625,1.2010234214281397,3
10248,5.509423027223072,6.6020599913279625,1.0926369641048908,2
10249,5.456973978371996,6.6020599913279625,1.1450860129559661,10
10250,5.465291308445139,6.6020599913279625,1.1367686828828232,5
10251,6.831023962207223,6.972202838379064,0.14117887617184088,5
10252,6.682872157985136,6.972202838379064,0.2893306803939284,6
10253,6.879572181284109,6.972202838379064,0.0926306570949551,1
10254,6.893338446105882,6.972202838379064,0.0788643922731822,4
10255,6.739350055468791,6.972202838379064,0.2328527829102729,3
10256,6.241874692356755,6.972202838379064,0.730328146022309,9
10257,6.24762170827408,6.972202838379064,0.7245811301049843,10
10258,6.832761155441258,6.972202838379064,0.13944168293780645,7
10259,6.853542122543179,6.972202838379064,0.118660715835885,2
10260,6.051224664936659,6.301029995663981,0.24980533072732225,4
10261,5.745430120790942,6.301029995663981,0.5555998748730389,10
10262,5.7133904077315645,6.301029995663981,0.5876395879324168,6
10263,6.070758214105953,6.301029995663981,0.2302717815580282,3
10264,6.01600286135407,6.301029995663981,0.2850271343099111,8
10265,6.065723439688058,6.301029995663981,0.23530655597592354,1
10266,5.963613726633965,6.301029995663981,0.3374162690300162,5
10267,5.682014021743314,6.301029995663981,0.6190159739206669,9
10268,5.945902808173379,6.301029995663981,0.3551271874906021,2
10269,6.263781866458722,6.248267603534647,-0.015514262924074984,1
10270,6.123936673194042,6.248267603534647,0.12433093034060505,3
10271,6.208031441676595,6.248267603534647,0.040236161858052455,4
10272,6.199870873272982,6.248267603534647,0.04839673026166569,10
10273,6.103607208870987,6.248267603534647,0.14466039466365999,5
10274,6.047403306255563,6.248267603534647,0.20086429727908417,6
10275,6.089731422644579,6.248267603534647,0.15853618089006805,7
10276,6.109680403073075,6.248267603534647,0.13858720046157202,9
10277,6.137726936386099,6.248267603534647,0.11054066714854827,2
10278,6.163498647181951,6.380211241711606,0.21671259452965508,9
10279,6.154203884881761,6.380211241711606,0.22600735682984574,4
10280,6.0762552456757035,6.380211241711606,0.30395599603590284,3
10281,6.233692460641817,6.380211241711606,0.14651878106978966,10
10282,6.019645580179552,6.380211241711606,0.36056566153205427,6
10283,6.187905219530593,6.380211241711606,0.19230602218101378,2
10284,6.15560360150968,6.380211241711606,0.2246076402019268,5
10285,6.137975273323401,6.380211241711606,0.24223596838820516,7
10286,6.555231923536041,6.380211241711606,-0.1750206818244342,8
10287,6.110405154161787,6.301029995663981,0.19062484150219383,3
10288,6.227583329203855,6.301029995663981,0.07344666646012588,7
10289,6.304663912805344,6.301029995663981,-0.0036339171413626303,10
10290,6.02034408408353,6.301029995663981,0.2806859115804512,6
10291,6.16498453232337,6.301029995663981,0.1360454633406114,5
10292,6.140275114345181,6.301029995663981,0.1607548813188,2
10293,6.269733104014404,6.301029995663981,0.031296891649577496,1
10294,6.264578692470704,6.301029995663981,0.03645130319327716,4
10295,6.145630551064936,6.301029995663981,0.15539944459904564,8
10296,6.200509275093838,6.32221929473392,0.12171001964008266,7
10297,6.283956906861355,6.32221929473392,0.03826238787256564,1
10298,6.1514664442372045,6.32221929473392,0.17075285049671596,2
10299,6.168550784456381,6.32221929473392,0.15366851027753903,8
10300,6.054393918951675,6.32221929473392,0.2678253757822455,6
10301,6.158633123619767,6.32221929473392,0.16358617111415352,5
10302,6.254810531546598,6.32221929473392,0.06740876318732258,4
10303,6.178734402611773,6.32221929473392,0.14348489212214766,9
10304,6.273789994926892,6.32221929473392,0.04842929980702859,10
10305,6.451928842478338,6.380211241711606,-0.07171760076673195,6
10306,6.335616755549087,6.380211241711606,0.044594486162519154,2
10307,6.467028392342266,6.380211241711606,-0.08681715063065987,7
10308,6.506000665652208,6.380211241711606,-0.12578942394060189,1
10309,6.395717703097616,6.380211241711606,-0.01550646138600964,4
10310,6.285530856902004,6.380211241711606,0.09468038480960228,9
10311,6.348040658848997,6.380211241711606,0.03217058286260954,5
10312,6.393901940026676,6.380211241711606,-0.013690698315069305,8
10313,6.317876225440962,6.380211241711606,0.06233501627064442,10
10314,6.122425266727533,6.380211241711606,0.2577859749840732,6
10315,6.15126463544881,6.380211241711606,0.22894660626279606,3
10316,6.361966489571398,6.380211241711606,0.018244752140208043,10
10317,6.135736295500252,6.380211241711606,0.24447494621135402,8
10318,6.3725837349081464,6.380211241711606,0.007627506803459916,9
10319,6.285086150747722,6.380211241711606,0.09512509096388477,7
10320,6.406474293306283,6.380211241711606,-0.026263051594676234,1
10321,6.2910992677272315,6.380211241711606,0.08911197398437487,4
10322,6.275958766533437,6.380211241711606,0.10425247517816949,5
10323,6.28801221091933,5.603198520676098,-0.6848136902432325,4
10324,6.151284990673604,5.603198520676098,-0.5480864699975063,6
10325,6.255550324053461,5.603198520676098,-0.6523518033773632,7
10326,6.20823612596453,5.603198520676098,-0.6050376052884321,5
10327,6.245068349151241,5.603198520676098,-0.6418698284751434,2
10328,6.339740122589425,5.603198520676098,-0.7365416019133271,8
10329,6.382230359864035,5.603198520676098,-0.7790318391879376,1
10330,6.1709208103645645,5.603198520676098,-0.5677222896884668,10
10331,6.225217904154832,5.603198520676098,-0.622019383478734,3
10332,6.138346295251348,6.32221929473392,0.1838729994825723,5
10333,6.189743975787212,6.32221929473392,0.1324753189467085,2
10334,6.20280641585689,6.32221929473392,0.11941287887703034,9
10335,6.176614841203346,6.32221929473392,0.1456044535305745,7
10336,6.215091021618427,6.32221929473392,0.10712827311549322,1
10337,6.285032026451408,6.32221929473392,0.037187268282512065,6
10338,6.282523008285355,6.32221929473392,0.03969628644856549,3
10339,6.179927649347553,6.32221929473392,0.14229164538636763,10
10340,6.241128107154717,6.32221929473392,0.08109118757920353,4
10341,6.051910213344755,6.017033339298781,-0.03487687404597395,5
10342,5.953444566347345,6.017033339298781,0.0635887729514355,2
10343,5.984095691490103,6.017033339298781,0.03293764780867736,1
10344,6.0548378747603175,6.017033339298781,-0.03780453546153684,8
10345,5.9259167911953785,6.017033339298781,0.0911165481034022,3
10346,6.041165146807775,6.017033339298781,-0.024131807508994463,9
10347,5.7965800411501975,6.017033339298781,0.22045329814858317,6
10348,6.146233058093717,6.017033339298781,-0.1291997187949363,10
10349,5.976547931802576,6.017033339298781,0.040485407496205106,7
10350,6.135290730475229,6.197831693328903,0.0625409628536735,10
10351,6.130362976093365,6.197831693328903,0.06746871723553749,2
10352,6.203730974189791,6.197831693328903,-0.005899280860888645,1
10353,6.039339854060156,6.197831693328903,0.15849183926874666,6
10354,6.199563800169012,6.197831693328903,-0.001732106840109715,5
10355,6.198315206055326,6.197831693328903,-0.0004835127264231076,3
10356,6.2791956242747995,6.197831693328903,-0.08136393094589689,4
10357,6.210514993574883,6.197831693328903,-0.012683300245980078,7
10358,6.043592167172306,6.197831693328903,0.15423952615659697,9
10359,6.019617495969666,6.171480722621874,0.15186322665220775,4
10360,5.904077071663727,6.171480722621874,0.2674036509581468,6
10361,6.121099584455676,6.171480722621874,0.05038113816619827,10
10362,6.133581771470179,6.171480722621874,0.03789895115169539,8
10363,6.078456113097039,6.171480722621874,0.09302460952483482,7
10364,6.019653966673721,6.171480722621874,0.15182675594815276,5
10365,6.019842730371658,6.171480722621874,0.15163799225021624,2
10366,6.2012891456182,6.171480722621874,-0.029808422996326023,3
10367,6.134774116024813,6.171480722621874,0.03670660659706115,9
10368,6.187419659298933,7.105510184769974,0.9180905254710412,5
10369,6.238562435380192,7.105510184769974,0.8669477493897819,2
10370,6.29482303371539,7.105510184769974,0.8106871510545846,1
10371,6.332873408114529,7.105510184769974,0.7726367766554452,7
10372,6.401522102828619,7.105510184769974,0.7039880819413549,3
10373,6.205234755247099,7.105510184769974,0.9002754295228748,6
10374,6.157718719173386,7.105510184769974,0.9477914655965884,9
10375,6.325043490259805,7.105510184769974,0.780466694510169,4
10376,6.639181937620645,7.105510184769974,0.4663282471493293,8
10377,5.658989384599074,6.373095987078727,0.714106602479653,6
10378,5.843207296863299,6.373095987078727,0.5298886902154285,2
10379,5.7118336060416075,6.373095987078727,0.6612623810371199,4
10380,5.693645236811323,6.373095987078727,0.6794507502674048,7
10381,5.843124395187018,6.373095987078727,0.5299715918917096,3
10382,5.728715739657748,6.373095987078727,0.6443802474209797,1
10383,5.726806019841525,6.373095987078727,0.6462899672372027,5
10384,5.895194872094465,6.373095987078727,0.47790111498426224,10
10385,5.8033345096095195,6.373095987078727,0.5697614774692079,8
10386,5.6582861655663415,5.419955748489758,-0.23833041707658342,2
10387,5.634159165750812,5.419955748489758,-0.21420341726105363,4
10388,5.711836782815816,5.419955748489758,-0.2918810343260576,1
10389,5.8288636235761695,5.419955748489758,-0.40890787508641147,8
10390,5.6847698379705,5.419955748489758,-0.26481408948074225,7
10391,5.784388702636823,5.419955748489758,-0.3644329541470652,3
10392,5.689846882294142,5.419955748489758,-0.2698911338043839,6
10393,5.587623388446138,5.419955748489758,-0.16766763995638012,5
10394,5.508415510045188,5.419955748489758,-0.08845976155542967,9
10395,6.05194103659551,6.332438459915605,0.280497423320095,7
10396,5.889670059464282,6.332438459915605,0.4427684004513228,5
10397,6.099403464607213,6.332438459915605,0.2330349953083921,3
10398,5.93573741164973,6.332438459915605,0.39670104826587504,8
10399,6.0871484494450785,6.332438459915605,0.24529001047052645,6
10400,6.075737363153213,6.332438459915605,0.2567010967623915,1
10401,5.9855300759645225,6.332438459915605,0.3469083839510825,10
10402,6.067677988510575,6.332438459915605,0.26476047140502956,9
10403,5.957373928795826,6.332438459915605,0.37506453111977933,4
10404,5.998089516014019,6.079181246047625,0.08109173003360581,10
10405,5.998923188909366,6.079181246047625,0.08025805713825918,3
10406,6.170149421872444,6.079181246047625,-0.09096817582481886,1
10407,5.999954080850362,6.079181246047625,0.07922716519726336,4
10408,6.042420863900954,6.079181246047625,0.03676038214667088,5
10409,5.8998135714499265,6.079181246047625,0.17936767459769865,6
10410,5.987903173335255,6.079181246047625,0.09127807271237032,8
10411,6.1353114738519166,6.079181246047625,-0.056130227804291444,7
10412,6.104117969792738,6.079181246047625,-0.02493672374511302,9
10413,5.980953850753857,5.124830149413859,-0.8561237013399978,10
10414,5.899667631550582,5.124830149413859,-0.7748374821367223,2
10415,6.039438091357889,5.124830149413859,-0.9146079419440296,9
10416,5.902329832741219,5.124830149413859,-0.7774996833273597,6
10417,5.982586093249604,5.124830149413859,-0.8577559438357447,8
10418,6.130885311301816,5.124830149413859,-1.0060551618879563,7
10419,6.053841388889272,5.124830149413859,-0.9290112394754129,5
10420,6.020716435782568,5.124830149413859,-0.8958862863687092,4
10421,5.975491247368812,5.124830149413859,-0.8506610979549531,3
10422,5.851828781222491,6.486146996806573,0.6343182155840816,2
10423,6.099403464607213,6.486146996806573,0.3867435321993602,3
10424,5.889670059464282,6.486146996806573,0.5964769373422909,5
10425,5.957373928795826,6.486146996806573,0.5287730680107474,4
10426,5.9855300759645225,6.486146996806573,0.5006169208420506,10
10427,6.05194103659551,6.486146996806573,0.43420596021106306,7
10428,5.93573741164973,6.486146996806573,0.5504095851568431,8
10429,6.075737363153213,6.486146996806573,0.4104096336533596,1
10430,6.0871484494450785,6.486146996806573,0.39899854736149454,6
10431,6.548987251217049,6.174931593528442,-0.37405565768860694,8
10432,6.635386585713375,6.174931593528442,-0.4604549921849328,6
10433,6.736526597059779,6.174931593528442,-0.5615950035313366,10
10434,6.860216013871971,6.174931593528442,-0.6852844203435291,9
10435,6.249825085683921,6.174931593528442,-0.07489349215547847,3
10436,6.693387777764506,6.174931593528442,-0.5184561842360633,7
10437,6.749603409766736,6.174931593528442,-0.5746718162382933,4
10438,6.728130210901247,6.174931593528442,-0.5531986173728045,5
10439,6.954854783313486,6.174931593528442,-0.7799231897850438,1
10440,6.689845561313519,5.886490725172482,-0.803354836141037,9
10441,6.4259024939863645,5.886490725172482,-0.5394117688138822,6
10442,6.581729678304053,5.886490725172482,-0.6952389531315708,5
10443,6.714807667040792,5.886490725172482,-0.8283169418683096,8
10444,6.606895650333895,5.886490725172482,-0.7204049251614126,10
10445,6.581301911170514,5.886490725172482,-0.6948111859980317,7
10446,6.770018047955928,5.886490725172482,-0.8835273227834461,1
10447,6.613439821165474,5.886490725172482,-0.7269490959929916,4
10448,6.265794363303341,5.886490725172482,-0.37930363813085854,3
10449,5.813572377622253,5.725911632295048,-0.08766074532720491,6
10450,5.820148155783159,5.725911632295048,-0.09423652348811107,8
10451,5.934985559870734,5.725911632295048,-0.20907392757568566,5
10452,6.147197575364898,5.725911632295048,-0.4212859430698499,4
10453,6.111876632896605,5.725911632295048,-0.3859650006015567,9
10454,5.754741024994574,5.725911632295048,-0.028829392699525336,3
10455,6.031154658116384,5.725911632295048,-0.3052430258213361,10
10456,5.913250117477197,5.725911632295048,-0.18733848518214913,2
10457,6.000049008982737,5.725911632295048,-0.27413737668768867,1
10458,6.647728905903195,5.413132050434872,-1.2345968554683227,2
10459,6.687722542867723,5.413132050434872,-1.2745904924328508,9
10460,6.564393353474772,5.413132050434872,-1.1512613030398997,5
10461,6.458190527247579,5.413132050434872,-1.0450584768127067,8
10462,6.382614387692898,5.413132050434872,-0.9694823372580252,6
10463,6.73816665288764,5.413132050434872,-1.3250346024527673,1
10464,6.379420729579885,5.413132050434872,-0.9662886791450127,3
10465,6.60371741896502,5.413132050434872,-1.1905853685301473,7
10466,6.690399109856141,5.413132050434872,-1.277267059421269,4
10467,6.836657792148443,7.292256071356476,0.45559827920803375,8
10468,6.779279496264627,7.292256071356476,0.5129765750918498,9
10469,6.789295855296192,7.292256071356476,0.5029602160602842,10
10470,6.781869348165034,7.292256071356476,0.5103867231914423,3
10471,6.753775834865087,7.292256071356476,0.538480236491389,2
10472,6.7479863233582575,7.292256071356476,0.5442697479982188,6
10473,6.855590925700114,7.292256071356476,0.43666514565636216,5
10474,6.908011925836747,7.292256071356476,0.3842441455197294,4
10475,6.861916711094089,7.292256071356476,0.43033936026238706,7
10476,6.514629716928671,6.698970004336019,0.18434028740734743,5
10477,6.534720168424618,6.698970004336019,0.1642498359114004,10
10478,6.586896107801192,6.698970004336019,0.11207389653482647,9
10479,6.4511011877272635,6.698970004336019,0.24786881660875526,8
10480,6.6302802782826,6.698970004336019,0.06868972605341916,4
10481,6.601788784091403,6.698970004336019,0.0971812202446154,2
10482,6.306431712465695,6.698970004336019,0.3925382918703235,6
10483,6.574554434108639,6.698970004336019,0.12441557022737992,7
10484,6.6645940389656415,6.698970004336019,0.03437596537037724,1
10485,6.51801360870799,7.519827993775719,1.0018143850677292,8
10486,6.410829290363777,7.519827993775719,1.1089987034119417,3
10487,6.431783712210289,7.519827993775719,1.0880442815654296,4
10488,6.520886057699487,7.519827993775719,0.9989419360762319,1
10489,6.471828818834221,7.519827993775719,1.0479991749414976,9
10490,6.450154187633552,7.519827993775719,1.0696738061421671,10
10491,6.4379168234063116,7.519827993775719,1.0819111703694073,7
10492,6.412061562800657,7.519827993775719,1.1077664309750617,2
10493,6.365609560391666,7.519827993775719,1.1542184333840533,5
10494,6.714041865732496,7.188037055006895,0.4739951892743983,7
10495,7.411063745189876,7.188037055006895,-0.22302669018298182,3
10496,6.917076940622047,7.188037055006895,0.2709601143848479,9
10497,6.793453107178958,7.188037055006895,0.39458394782793693,5
10498,6.727339806931728,7.188037055006895,0.4606972480751663,1
10499,6.742989484738878,7.188037055006895,0.44504757026801656,4
10500,7.01212616531376,7.188037055006895,0.1759108896931343,6
10501,6.565126891139625,7.188037055006895,0.6229101638672692,2
10502,6.726748980114934,7.188037055006895,0.4612880748919608,10
10503,6.668698450391011,8.071882007306126,1.4031835569151152,10
10504,6.973283291448232,8.071882007306126,1.0985987158578938,6
10505,6.762525628413259,8.071882007306126,1.3093563788928666,2
10506,7.158981593785225,8.071882007306126,0.9129004135209007,3
10507,6.764548251615192,8.071882007306126,1.3073337556909337,9
10508,6.869827963321445,8.071882007306126,1.2020540439846812,1
10509,6.757504740007479,8.071882007306126,1.3143772672986467,5
10510,6.6870912876412945,8.071882007306126,1.3847907196648315,7
10511,6.801661393816343,8.071882007306126,1.2702206134897827,8
10512,6.037492679005488,5.982271233039568,-0.05522144596591971,3
10513,6.156909661094422,5.982271233039568,-0.17463842805485363,9
10514,6.118011145720197,5.982271233039568,-0.1357399126806289,4
10515,6.015729193788508,5.982271233039568,-0.03345796074894025,2
10516,6.126338898441783,5.982271233039568,-0.14406766540221483,7
10517,6.0867335310516575,5.982271233039568,-0.1044622980120895,5
10518,6.235523374691215,5.982271233039568,-0.25325214165164667,8
10519,6.064126995199536,5.982271233039568,-0.08185576215996804,1
10520,6.03882441387233,5.982271233039568,-0.05655318083276217,10
10521,6.75354437771727,6.973127853599698,0.21958347588242866,5
10522,6.653652620755596,6.973127853599698,0.31947523284410195,8
10523,6.823967538136128,6.973127853599698,0.14916031546357011,1
10524,6.693331371367738,6.973127853599698,0.2797964822319603,10
10525,6.568393919324522,6.973127853599698,0.40473393427517657,6
10526,6.791151424587581,6.973127853599698,0.18197642901211708,9
10527,6.710657595577846,6.973127853599698,0.2624702580218523,7
10528,6.7615212887047305,6.973127853599698,0.21160656489496787,4
10529,6.456168453120631,6.973127853599698,0.5169594004790676,3
10530,6.468390493179103,6.077731179652392,-0.39065931352671157,8
10531,6.430219721930038,6.077731179652392,-0.35248854227764603,6
10532,6.515860876407373,6.077731179652392,-0.4381296967549817,7
10533,6.5536296106096845,6.077731179652392,-0.4758984309572929,2
10534,6.556155961759588,6.077731179652392,-0.4784247821071963,5
10535,6.608130254489504,6.077731179652392,-0.5303990748371126,10
10536,6.545571799771313,6.077731179652392,-0.46784062011892136,4
10537,6.708166560959305,6.077731179652392,-0.6304353813069135,9
10538,6.705864642368465,6.077731179652392,-0.6281334627160735,1
10539,6.63848630788953,6.3979400086720375,-0.2405462992174927,4
10540,7.088813391688842,6.3979400086720375,-0.6908733830168048,8
10541,6.579670670048981,6.3979400086720375,-0.18173066137694338,3
10542,6.908498818001027,6.3979400086720375,-0.5105588093289892,2
10543,6.962616078743872,6.3979400086720375,-0.5646760700718341,6
10544,6.7760796440623325,6.3979400086720375,-0.37813963539029505,7
10545,6.6288880889586475,6.3979400086720375,-0.23094808028660996,5
10546,6.394075925793412,6.3979400086720375,0.0038640828786258297,10
10547,6.965357969123537,6.3979400086720375,-0.5674179604514995,1
10548,7.0037875427262275,7.294466226161593,0.29067868343536585,7
10549,6.911729595876673,7.294466226161593,0.38273663028492066,9
10550,7.049584806816286,7.294466226161593,0.24488141934530727,6
10551,6.895937885255946,7.294466226161593,0.3985283409056475,10
10552,6.889983745486974,7.294466226161593,0.404482480674619,2
10553,7.058686021882212,7.294466226161593,0.23578020427938107,5
10554,6.969480375445301,7.294466226161593,0.32498585071629194,3
10555,7.0279578658835815,7.294466226161593,0.26650836027801184,4
10556,7.1115909725721975,7.294466226161593,0.18287525358939583,8
10557,6.3963179669241566,7.333648756514701,0.9373307895905443,10
10558,7.173409189614666,7.333648756514701,0.16023956690003516,3
10559,6.907530681993445,7.333648756514701,0.4261180745212556,6
10560,6.6893151016785755,7.333648756514701,0.6443336548361254,7
10561,6.961532478966933,7.333648756514701,0.372116277547768,1
10562,6.597284599163601,7.333648756514701,0.7363641573511002,5
10563,6.5602630002390585,7.333648756514701,0.7733857562756423,9
10564,6.892351431064513,7.333648756514701,0.4412973254501882,4
10565,7.10144627726045,7.333648756514701,0.23220247925425053,8
10566,6.491183227718345,7.793755472155577,1.3025722444372319,10
10567,6.396236486729169,7.793755472155577,1.3975189854264078,8
10568,6.614913749482383,7.793755472155577,1.1788417226731935,2
10569,6.6273553508896965,7.793755472155577,1.1664001212658803,9
10570,6.6518514410550695,7.793755472155577,1.1419040311005073,4
10571,6.751528902978737,7.793755472155577,1.0422265691768402,1
10572,6.533471316908362,7.793755472155577,1.2602841552472146,6
10573,6.450691085794028,7.793755472155577,1.343064386361549,3
10574,6.519411578507807,7.793755472155577,1.27434389364777,7
10575,6.605457946933697,6.087071205906535,-0.5183867410271619,10
10576,6.390902877710089,6.087071205906535,-0.30383167180355386,3
10577,6.81991502451203,6.087071205906535,-0.7328438186054944,2
10578,6.664432774985207,6.087071205906535,-0.577361569078672,6
10579,6.846094259687139,6.087071205906535,-0.759023053780604,4
10580,6.575221300105955,6.087071205906535,-0.4881500941994199,5
10581,6.7059051016213544,6.087071205906535,-0.6188338957148192,9
10582,6.65095563730986,6.087071205906535,-0.5638844314033244,8
10583,6.81066929948059,6.087071205906535,-0.7235980935740551,7
10584,6.6273553508896965,6.0,-0.6273553508896965,9
10585,6.519411578507807,6.0,-0.5194115785078068,7
10586,6.533471316908362,6.0,-0.5334713169083622,6
10587,6.491183227718345,6.0,-0.491183227718345,10
10588,6.614913749482384,6.0,-0.6149137494823842,2
10589,6.396236486729169,6.0,-0.396236486729169,8
10590,6.6518514410550695,6.0,-0.6518514410550695,4
10591,6.751528902978737,6.0,-0.7515289029787366,1
10592,6.450691085794028,6.0,-0.45069108579402783,3
10593,6.58744122752755,6.544068044350276,-0.04337318317727412,10
10594,6.475853137810834,6.544068044350276,0.06821490653944196,6
10595,6.603592380344158,6.544068044350276,-0.05952433599388218,8
10596,6.709197553344843,6.544068044350276,-0.1651295089945677,9
10597,6.380655432173598,6.544068044350276,0.16341261217667746,3
10598,6.823744781159697,6.544068044350276,-0.27967673680942173,1
10599,6.653465129375997,6.544068044350276,-0.1093970850257211,5
10600,6.676823457648232,6.544068044350276,-0.13275541329795626,7
10601,6.768764423428353,6.544068044350276,-0.22469637907807716,2
10602,7.440666152668082,7.845098040014257,0.40443188734617497,3
10603,6.796453275778625,7.845098040014257,1.0486447642356316,5
10604,6.762829196858642,7.845098040014257,1.0822688431556147,4
10605,6.701385732694005,7.845098040014257,1.1437123073202518,2
10606,6.739975104800006,7.845098040014257,1.1051229352142506,10
10607,6.73533083015092,7.845098040014257,1.109767209863337,7
10608,7.637515669476909,7.845098040014257,0.20758237053734785,8
10609,6.919931411001589,7.845098040014257,0.9251666290126677,9
10610,7.102661261413318,7.845098040014257,0.7424367786009389,6
10611,6.32838003767135,7.301029995663981,0.9726499579926315,4
10612,6.431866571994535,7.301029995663981,0.8691634236694465,9
10613,6.296370592235428,7.301029995663981,1.004659403428553,7
10614,6.3101341064856875,7.301029995663981,0.9908958891782937,10
10615,6.327550176753163,7.301029995663981,0.9734798189108185,2
10616,6.238903105147325,7.301029995663981,1.062126890516656,5
10617,6.056075923682374,7.301029995663981,1.2449540719816072,3
10618,6.193851280131996,7.301029995663981,1.107178715531985,6
10619,6.383204238700993,7.301029995663981,0.917825756962988,8
10620,6.080299822079625,6.975431808509263,0.8951319864296376,4
10621,6.10076908899921,6.975431808509263,0.8746627195100523,9
10622,5.994534462087392,6.975431808509263,0.9808973464218704,7
10623,5.96032907991848,6.975431808509263,1.015102728590783,5
10624,6.117216391449932,6.975431808509263,0.8582154170593306,3
10625,6.131734531101672,6.975431808509263,0.8436972774075908,1
10626,6.109608469769062,6.975431808509263,0.865823338740201,8
10627,6.122674294102471,6.975431808509263,0.8527575144067914,6
10628,5.92426507052291,6.975431808509263,1.0511667379863523,2
10629,6.566656414791647,6.184691430817598,-0.3819649839740489,5
10630,6.772772757175447,6.184691430817598,-0.5880813263578482,1
10631,6.884460795844995,6.184691430817598,-0.6997693650273966,8
10632,6.621672987653407,6.184691430817598,-0.43698155683580886,9
10633,6.7779940971617405,6.184691430817598,-0.5933026663441421,3
10634,6.595577942098309,6.184691430817598,-0.41088651128071074,7
10635,6.545490000217166,6.184691430817598,-0.36079856939956745,10
10636,6.436343224387206,6.184691430817598,-0.2516517935696072,6
10637,6.657570040485041,6.184691430817598,-0.47287860966744244,2
10638,6.3775482494259945,6.281033367247727,-0.09651488217826731,8
10639,6.112533594618226,6.281033367247727,0.16849977262950144,7
10640,6.180772173306136,6.281033367247727,0.10026119394159139,6
10641,6.275925862487232,6.281033367247727,0.005107504760495374,4
10642,6.247913699466133,6.281033367247727,0.033119667781594586,3
10643,6.220399251385132,6.281033367247727,0.06063411586259537,1
10644,6.0617221699530495,6.281033367247727,0.21931119729467774,10
10645,6.075389202327902,6.281033367247727,0.20564416491982485,9
10646,6.070915894136783,6.281033367247727,0.21011747311094453,5
10647,6.531722626459901,5.012837224705172,-1.518885401754729,5
10648,6.4496007276655645,5.012837224705172,-1.4367635029603925,10
10649,6.58218250018997,5.012837224705172,-1.5693452754847979,4
10650,6.06144047769924,5.012837224705172,-1.0486032529940683,3
10651,6.266240002771798,5.012837224705172,-1.2534027780666257,6
10652,6.732944191419035,5.012837224705172,-1.720106966713863,1
10653,6.218977005697359,5.012837224705172,-1.2061397809921868,8
10654,6.731223670144761,5.012837224705172,-1.718386445439589,2
10655,6.500011075403979,5.012837224705172,-1.4871738506988068,7
10656,6.868713777125017,7.735997884091794,0.8672841069667765,3
10657,6.796117234548162,7.735997884091794,0.9398806495436318,1
10658,6.620913980289204,7.735997884091794,1.1150839038025895,5
10659,6.726584589941032,7.735997884091794,1.0094132941507619,2
10660,6.624359800857829,7.735997884091794,1.1116380832339647,9
10661,6.764248618310965,7.735997884091794,0.9717492657808284,4
10662,6.669721345610338,7.735997884091794,1.066276538481456,7
10663,6.743928493937129,7.735997884091794,0.9920693901546649,6
10664,6.96772287635891,7.735997884091794,0.7682750077328837,8
10665,6.6505189720634235,5.301029995663981,-1.3494889763994422,4
10666,6.606734900080055,5.301029995663981,-1.305704904416074,9
10667,6.638276130682682,5.301029995663981,-1.3372461350187006,7
10668,6.670135594542428,5.301029995663981,-1.3691055988784466,2
10669,6.518144828446112,5.301029995663981,-1.2171148327821308,5
10670,6.295935266240036,5.301029995663981,-0.994905270576055,3
10671,6.505403423378874,5.301029995663981,-1.2043734277148923,8
10672,6.509704256108483,5.301029995663981,-1.2086742604445018,6
10673,6.560889141132541,5.301029995663981,-1.2598591454685595,10
10674,6.736526597059779,6.618633737597086,-0.11789285946269334,10
10675,6.635386585713375,6.618633737597086,-0.01675284811628952,6
10676,6.814808405725405,6.618633737597086,-0.19617466812831896,2
10677,6.548987251217049,6.618633737597086,0.06964648638003634,8
10678,6.728130210901247,6.618633737597086,-0.10949647330416123,5
10679,6.693387777764506,6.618633737597086,-0.07475404016742004,7
10680,6.749603409766736,6.618633737597086,-0.13096967216965005,4
10681,6.249825085683921,6.618633737597086,0.3688086519131648,3
10682,6.954854783313486,6.618633737597086,-0.33622104571640055,1
10683,6.6579430878997305,7.665017825412472,1.0070747375127418,6
10684,6.662655430827891,7.665017825412472,1.0023623945845817,5
10685,6.749231701608135,7.665017825412472,0.9157861238043372,7
10686,6.769570661474296,7.665017825412472,0.8954471639381767,2
10687,6.650935022384224,7.665017825412472,1.0140828030282485,10
10688,6.785866269127994,7.665017825412472,0.8791515562844783,1
10689,6.739781999115197,7.665017825412472,0.9252358262972757,4
10690,6.725566767997797,7.665017825412472,0.9394510574146757,9
10691,6.919117712978003,7.665017825412472,0.7459001124344695,8
10692,6.967795892548468,6.361727836017593,-0.6060680565308747,2
10693,6.838295445122414,6.361727836017593,-0.476567609104821,7
10694,6.874676009035689,6.361727836017593,-0.5129481730180956,6
10695,7.025081894444077,6.361727836017593,-0.6633540584264841,1
10696,6.85054877399603,6.361727836017593,-0.48882093797843673,9
10697,6.910180052630778,6.361727836017593,-0.5484522166131853,5
10698,6.955120202120312,6.361727836017593,-0.5933923661027185,4
10699,6.682378935620144,6.361727836017593,-0.3206510996025509,10
10700,6.768462164223359,6.361727836017593,-0.4067343282057658,8
10701,6.78301521413598,6.886490725172482,0.10347551103650243,8
10702,6.657072506736184,6.886490725172482,0.22941821843629828,9
10703,6.54260296911595,6.886490725172482,0.34388775605653255,3
10704,6.633432410417488,6.886490725172482,0.25305831475499385,6
10705,6.780522942114049,6.886490725172482,0.10596778305843291,4
10706,6.847857033765828,6.886490725172482,0.03863369140665451,1
10707,6.750458279004803,6.886490725172482,0.13603244616767896,2
10708,6.578558780482039,6.886490725172482,0.30793194469044316,10
10709,6.731638200448323,6.886490725172482,0.15485252472415922,7
10710,6.486974448824962,7.477121254719663,0.9901468058947005,6
10711,6.4836728400266,7.477121254719663,0.9934484146930629,3
10712,6.603689292967039,7.477121254719663,0.8734319617526234,5
10713,6.455885503495896,7.477121254719663,1.0212357512237666,10
10714,6.663315479910004,7.477121254719663,0.8138057748096585,8
10715,6.658195911181232,7.477121254719663,0.8189253435384307,7
10716,6.527587016677038,7.477121254719663,0.9495342380426246,9
10717,6.657760641912154,7.477121254719663,0.8193606128075084,2
10718,6.74218044154502,7.477121254719663,0.7349408131746422,1
10719,5.77825955552944,6.079181246047625,0.3009216905181855,8
10720,6.379451712439555,6.079181246047625,-0.3002704663919298,6
10721,6.476811940989457,6.079181246047625,-0.39763069494183156,3
10722,6.6366495689099985,6.079181246047625,-0.5574683228623734,4
10723,6.6570261107357895,6.079181246047625,-0.5778448646881644,5
10724,6.61780254654517,6.079181246047625,-0.5386213004975451,9
10725,6.638136493342189,6.079181246047625,-0.5589552472945636,1
10726,6.619865896893877,6.079181246047625,-0.5406846508462522,10
10727,6.569249796038251,6.079181246047625,-0.4900685499906263,7
10728,6.642274026910162,6.744918542441353,0.1026445155311917,10
10729,6.645237999902821,6.744918542441353,0.09968054253853253,1
10730,6.407674862982338,6.744918542441353,0.33724367945901523,8
10731,6.83172258148779,6.744918542441353,-0.08680403904643708,9
10732,6.270903429018214,6.744918542441353,0.47401511342313896,3
10733,6.567610041440907,6.744918542441353,0.17730850100044648,4
10734,6.424035069830965,6.744918542441353,0.3208834726103884,6
10735,6.528191398894677,6.744918542441353,0.21672714354667644,7
10736,6.631745353567851,6.744918542441353,0.11317318887350236,5
10737,6.396236486729169,5.2455126678141495,-1.1507238189150195,8
10738,6.6518514410550695,5.2455126678141495,-1.40633877324092,4
10739,6.491183227718345,5.2455126678141495,-1.2456705599041955,10
10740,6.519411578507807,5.2455126678141495,-1.2738989106936573,7
10741,6.751528902978737,5.2455126678141495,-1.5060162351645872,1
10742,6.533471316908362,5.2455126678141495,-1.2879586490942128,6
10743,6.614913749482383,5.2455126678141495,-1.3694010816682338,2
10744,6.525166672527138,5.2455126678141495,-1.279654004712988,5
10745,6.6273553508896965,5.2455126678141495,-1.381842683075547,9
10746,6.517722254868514,6.698970004336019,0.18124774946750488,2
10747,6.404824098264869,6.698970004336019,0.29414590607115,6
10748,6.443771927151012,6.698970004336019,0.25519807718500687,3
10749,6.361753123810115,6.698970004336019,0.3372168805259035,8
10750,6.445914426018466,6.698970004336019,0.25305557831755277,5
10751,6.596987562475619,6.698970004336019,0.1019824418603994,4
10752,6.633263260235162,6.698970004336019,0.06570674410085697,1
10753,6.477752869377931,6.698970004336019,0.2212171349580876,7
10754,6.476265643560453,6.698970004336019,0.2227043607755661,10
10755,6.540931112717648,7.174234304941022,0.6333031922233738,7
10756,6.594709117920004,7.174234304941022,0.5795251870210176,4
10757,6.488530783810999,7.174234304941022,0.6857035211300229,10
10758,6.481426820384289,7.174234304941022,0.6928074845567327,2
10759,6.45119935234868,7.174234304941022,0.7230349525923421,6
10760,6.770467549707237,7.174234304941022,0.4037667552337849,3
10761,6.484577036187443,7.174234304941022,0.6896572687535789,5
10762,6.673723401334118,7.174234304941022,0.5005109036069042,1
10763,6.606108013666022,7.174234304941022,0.568126291275,9
10764,6.294233379730234,6.047140468477217,-0.24709291125301736,6
10765,6.530172204384309,6.047140468477217,-0.48303173590709214,2
10766,6.5148962214154045,6.047140468477217,-0.4677557529381877,9
10767,6.44763583521734,6.047140468477217,-0.400495366740123,8
10768,6.3993642103628945,6.047140468477217,-0.35222374188567773,10
10769,6.330833605823396,6.047140468477217,-0.2836931373461793,5
10770,6.468382337556425,6.047140468477217,-0.4212418690792079,4
10771,6.486765049813569,6.047140468477217,-0.4396245813363526,1
10772,6.23142965113156,6.047140468477217,-0.1842891826543429,3
10773,6.110149882548338,5.628388930050312,-0.48176095249802664,7
10774,6.162930709900033,5.628388930050312,-0.5345417798497216,4
10775,6.25699133969357,5.628388930050312,-0.6286024096432588,2
10776,5.999158200626569,5.628388930050312,-0.3707692705762575,5
10777,6.122059554390919,5.628388930050312,-0.4936706243406075,10
10778,6.004985838654517,5.628388930050312,-0.37659690860420536,6
10779,6.23894342321415,5.628388930050312,-0.6105544931638383,9
10780,6.034666893445535,5.628388930050312,-0.4062779633952234,3
10781,6.20521240644878,5.628388930050312,-0.5768234763984683,8
10782,6.190099865752728,7.204119982655925,1.0140201169031968,5
10783,6.1762618901535165,7.204119982655925,1.0278580925024086,10
10784,6.167667146980506,7.204119982655925,1.0364528356754192,9
10785,6.51662392906755,7.204119982655925,0.687496053588375,4
10786,6.53878391639347,7.204119982655925,0.665336066262455,1
10787,6.638812557231531,7.204119982655925,0.5653074254243942,6
10788,6.609771602680117,7.204119982655925,0.5943483799758082,3
10789,6.413915157052853,7.204119982655925,0.7902048256030723,2
10790,7.02746332975773,7.204119982655925,0.17665665289819543,8
10791,6.7850744310253654,6.900312496983727,0.11523806595836117,4
10792,7.034137449881899,6.900312496983727,-0.13382495289817253,1
10793,6.926269350177924,6.900312496983727,-0.025956853194196938,7
10794,6.903930855042183,6.900312496983727,-0.003618358058456117,9
10795,7.018969667889224,6.900312496983727,-0.11865717090549754,6
10796,6.953368035920994,6.900312496983727,-0.05305553893726778,2
10797,6.809849358990165,6.900312496983727,0.0904631379935612,10
10798,6.916523776574513,6.900312496983727,-0.016211279590786276,3
10799,6.966509924975368,6.900312496983727,-0.06619742799164108,5
10800,5.472944463730118,6.0,0.5270555362698817,6
10801,5.225171508339315,6.0,0.7748284916606849,10
10802,4.892375353771471,6.0,1.1076246462285289,5
10803,5.796637180031257,6.0,0.20336281996874295,4
10804,5.0049231012279884,6.0,0.9950768987720116,1
10805,5.086922519865167,6.0,0.9130774801348327,3
10806,5.314873242781315,6.0,0.6851267572186854,9
10807,5.218384471115889,6.0,0.7816155288841111,8
10808,5.112153875009975,6.0,0.8878461249900251,7
10809,5.9004792126495325,4.041392685158225,-1.859086527491307,4
10810,5.114659122997151,4.041392685158225,-1.0732664378389254,3
10811,5.3002132058045355,4.041392685158225,-1.2588205206463101,10
10812,5.32816678368451,4.041392685158225,-1.2867740985262843,5
10813,5.284905282459247,4.041392685158225,-1.243512597301022,9
10814,5.403163918798024,4.041392685158225,-1.3617712336397982,8
10815,4.391253058632303,4.041392685158225,-0.34986037347407795,2
10816,5.35386560163511,4.041392685158225,-1.3124729164768842,7
10817,5.365428435735704,4.041392685158225,-1.3240357505774787,1
10818,6.728130210901247,5.352240420182231,-1.3758897907190155,5
10819,6.860216013871971,5.352240420182231,-1.50797559368974,9
10820,6.693387777764506,5.352240420182231,-1.3411473575822743,7
10821,6.954854783313486,5.352240420182231,-1.6026143631312548,1
10822,6.814808405725405,5.352240420182231,-1.4625679855431732,2
10823,6.749603409766736,5.352240420182231,-1.3973629895845043,4
10824,6.249825085683921,5.352240420182231,-0.8975846655016895,3
10825,6.736526597059779,5.352240420182231,-1.3842861768775476,10
10826,6.548987251217049,5.352240420182231,-1.196746831034818,8
10827,6.296370592235428,6.0,-0.2963705922354283,7
10828,6.193851280131996,6.0,-0.19385128013199626,6
10829,6.327550176753163,6.0,-0.3275501767531628,2
10830,6.056075923682374,6.0,-0.05607592368237402,3
10831,6.378014457387022,6.0,-0.3780144573870219,1
10832,6.32838003767135,6.0,-0.3283800376713497,4
10833,6.431866571994535,6.0,-0.4318665719945347,9
10834,6.383204238700993,6.0,-0.3832042387009933,8
10835,6.3101341064856875,6.0,-0.3101341064856875,10
10836,6.44763583521734,6.3807537708039,-0.06688206441343958,8
10837,6.468382337556425,6.3807537708039,-0.0876285667525245,4
10838,6.486765049813569,6.3807537708039,-0.10601127900966922,1
10839,6.294233379730234,6.3807537708039,0.08652039107366605,6
10840,6.3993642103628945,6.3807537708039,-0.01861043955899433,10
10841,6.5148962214154045,6.3807537708039,-0.13414245061150432,9
10842,6.330833605823396,6.3807537708039,0.04992016498050411,5
10843,6.530172204384309,6.3807537708039,-0.14941843358040874,2
10844,6.400205076597469,6.3807537708039,-0.01945130579356924,7
10845,5.733079172985451,6.07700432679335,0.34392515380789934,8
10846,6.043465218005562,6.07700432679335,0.033539108787787875,9
10847,5.890110967885547,6.07700432679335,0.18689335890780345,2
10848,5.816046870215956,6.07700432679335,0.260957456577394,7
10849,5.791014651932378,6.07700432679335,0.28598967486097226,5
10850,5.772035020445488,6.07700432679335,0.30496930634786246,1
10851,5.591634747551861,6.07700432679335,0.48536957924148894,3
10852,5.73764255928522,6.07700432679335,0.3393617675081302,6
10853,6.129732368880774,6.07700432679335,-0.05272804208742343,10
10854,6.091601617100975,6.252124552505644,0.16052293540466955,1
10855,6.0730339685504555,6.252124552505644,0.17909058395518862,5
10856,6.008052975823496,6.252124552505644,0.24407157668214818,7
10857,6.024509409796047,6.252124552505644,0.22761514270959715,9
10858,5.972066760100288,6.252124552505644,0.2800577924053558,3
10859,6.050531800456898,6.252124552505644,0.20159275204874572,8
10860,5.883969221249013,6.252124552505644,0.3681553312566308,6
10861,6.016692118400861,6.252124552505644,0.23543243410478354,2
10862,6.0811015710386975,6.252124552505644,0.1710229814669466,10
10863,6.050773685495918,6.006037954997317,-0.044735730498601356,4
10864,6.075612069014416,6.006037954997317,-0.06957411401709912,1
10865,6.133020688908394,6.006037954997317,-0.12698273391107673,8
10866,5.836989683975311,6.006037954997317,0.1690482710220058,2
10867,6.094023756119102,6.006037954997317,-0.08798580112178556,6
10868,5.717955859448314,6.006037954997317,0.28808209554900266,3
10869,5.875181367998292,6.006037954997317,0.13085658699902503,5
10870,5.837418534880997,6.006037954997317,0.16861942011632003,7
10871,5.886476742313982,6.006037954997317,0.11956121268333497,10
10872,6.001960426138677,5.913018683747961,-0.08894174239071617,10
10873,6.093113481024411,5.913018683747961,-0.1800947972764506,8
10874,5.887854791187033,5.913018683747961,0.025163892560927437,7
10875,5.9099012733470735,5.913018683747961,0.0031174104008870884,4
10876,6.004724512003979,5.913018683747961,-0.09170582825601858,1
10877,6.029396392676783,5.913018683747961,-0.11637770892882227,3
10878,5.896958424198253,5.913018683747961,0.016060259549707467,2
10879,5.992759439712024,5.913018683747961,-0.07974075596406305,9
10880,5.9096196133416266,5.913018683747961,0.003399070406334026,5
10881,5.967340838741864,5.742725131304698,-0.22461570743716575,4
10882,6.028931280521757,5.742725131304698,-0.2862061492170591,10
10883,5.81231499108021,5.742725131304698,-0.0695898597755118,3
10884,5.870797722710371,5.742725131304698,-0.1280725914056733,6
10885,5.88850703352073,5.742725131304698,-0.14578190221603204,8
10886,6.012764631881654,5.742725131304698,-0.27003950057695647,9
10887,6.036296174427512,5.742725131304698,-0.2935710431228138,1
10888,6.02142606447573,5.742725131304698,-0.27870093317103173,7
10889,6.0177742638067935,5.742725131304698,-0.2750491325020956,2
10890,5.8586101301059195,4.845098040014257,-1.0135120900916625,8
10891,6.2612903020162705,4.845098040014257,-1.4161922620020135,9
10892,5.890599140202447,4.845098040014257,-1.04550110018819,4
10893,5.965482491644862,4.845098040014257,-1.1203844516306054,1
10894,5.948176201175258,4.845098040014257,-1.103078161161001,7
10895,5.7850420948194605,4.845098040014257,-0.9399440548052036,3
10896,6.231366462044376,4.845098040014257,-1.3862684220301187,10
10897,6.038784718121437,4.845098040014257,-1.1936866781071798,5
10898,5.989608531633365,4.845098040014257,-1.1445104916191084,2
10899,6.094812116769234,5.857030798272624,-0.23778131849661044,6
10900,6.030431821401002,5.857030798272624,-0.17340102312837846,3
10901,6.240466941533072,5.857030798272624,-0.3834361432604476,7
10902,6.178696056633204,5.857030798272624,-0.32166525836058035,4
10903,6.386660955169442,5.857030798272624,-0.5296301568968182,10
10904,6.164043543776306,5.857030798272624,-0.3070127455036822,1
10905,6.152617021291582,5.857030798272624,-0.2955862230189581,8
10906,6.26379905442546,5.857030798272624,-0.4067682561528363,5
10907,6.346714782004889,5.857030798272624,-0.48968398373226485,9
10908,5.680302297119167,6.078094150406411,0.3977918532872442,4
10909,5.634430946455936,6.078094150406411,0.4436632039504751,3
10910,5.894610455181054,6.078094150406411,0.18348369522535712,10
10911,5.828299593180804,6.078094150406411,0.24979455722560662,1
10912,5.82402088986303,6.078094150406411,0.25407326054338064,8
10913,5.840228904221903,6.078094150406411,0.23786524618450766,9
10914,5.6632246078528645,6.078094150406411,0.41486954255354647,7
10915,5.766894240263635,6.078094150406411,0.3111999101427756,2
10916,5.733870026980074,6.078094150406411,0.34422412342633724,5
10917,6.255877680218846,6.382233234970556,0.12635555475171056,4
10918,6.079042689001835,6.382233234970556,0.30319054596872075,6
10919,6.126174691708383,6.382233234970556,0.25605854326217337,1
10920,6.157882838287095,6.382233234970556,0.22435039668346146,9
10921,6.062976176705758,6.382233234970556,0.3192570582647978,3
10922,6.032819680203299,6.382233234970556,0.3494135547672572,5
10923,6.347152156497479,6.382233234970556,0.03508107847307684,2
10924,5.895364476949704,6.382233234970556,0.4868687580208526,7
10925,5.835009995506038,6.382233234970556,0.5472232394645182,10
10926,6.129984095103332,6.093421685162235,-0.03656240994109705,9
10927,6.162413109929895,6.093421685162235,-0.06899142476766063,7
10928,6.1091643675343095,6.093421685162235,-0.015742682372074768,4
10929,6.137587939004422,6.093421685162235,-0.044166253842186975,1
10930,6.04328684702452,6.093421685162235,0.05013483813771469,3
10931,6.150849386503603,6.093421685162235,-0.05742770134136865,2
10932,6.178360806773344,6.093421685162235,-0.08493912161110906,5
10933,6.265312564071933,6.093421685162235,-0.17189087890969823,6
10934,6.106767271965608,6.093421685162235,-0.013345586803373166,10
10935,5.873816992795122,5.78625439578978,-0.08756259700534219,7
10936,5.588630635097076,5.78625439578978,0.1976237606927045,8
10937,5.914735258825661,5.78625439578978,-0.1284808630358807,4
10938,5.854191810924719,5.78625439578978,-0.06793741513493856,2
10939,5.7958543352624705,5.78625439578978,-0.009599939472690444,6
10940,5.970871457960889,5.78625439578978,-0.18461706217110851,1
10941,5.672089118400986,5.78625439578978,0.11416527738879445,3
10942,5.915968336300241,5.78625439578978,-0.12971394051046126,5
10943,6.145542120789989,5.78625439578978,-0.35928772500020933,9
10944,5.938864872646838,5.963787827345556,0.024922954698717525,8
10945,5.54217936385987,5.963787827345556,0.42160846348568537,4
10946,5.66530119991311,5.963787827345556,0.29848662743244514,6
10947,5.596072232440755,5.963787827345556,0.36771559490480055,1
10948,5.5369689090016605,5.963787827345556,0.42681891834389507,3
10949,5.696595385189271,5.963787827345556,0.26719244215628457,2
10950,5.5737043050249495,5.963787827345556,0.39008352232060606,5
10951,5.809062195420001,5.963787827345556,0.15472563192555455,10
10952,5.812581131775259,5.963787827345556,0.15120669557029665,9
10953,5.86623096703843,6.093421685162235,0.2271907181238051,10
10954,5.913548926805398,6.093421685162235,0.17987275835683647,9
10955,5.686863444334212,6.093421685162235,0.40655824082802283,6
10956,5.8158893020990305,6.093421685162235,0.27753238306320416,1
10957,5.575931901285723,6.093421685162235,0.5174897838765116,3
10958,5.6734444919931635,6.093421685162235,0.41997719316907123,5
10959,5.50564656569709,6.093421685162235,0.587775119465145,7
10960,5.574270521641408,6.093421685162235,0.519151163520827,2
10961,5.554041760014989,6.093421685162235,0.5393799251472453,8
10962,5.404353079255801,4.88309335857569,-0.5212597206801117,3
10963,5.274401712957806,4.88309335857569,-0.3913083543821161,10
10964,4.950074617102826,4.88309335857569,-0.06698125852713588,1
10965,5.219713600198687,4.88309335857569,-0.3366202416229971,6
10966,5.336111436476797,4.88309335857569,-0.45301807790110704,4
10967,5.503987021620626,4.88309335857569,-0.620893663044936,7
10968,5.479537080426122,4.88309335857569,-0.5964437218504326,2
10969,5.287729340182055,4.88309335857569,-0.40463598160636494,8
10970,5.193170505933391,4.88309335857569,-0.31007714735770087,5
10971,5.326185075779116,5.123851640967086,-0.20233343481203026,2
10972,5.387062546727781,5.123851640967086,-0.26321090576069484,4
10973,5.528793547664203,5.123851640967086,-0.4049419066971174,6
10974,5.923701109796068,5.123851640967086,-0.7998494688289819,9
10975,5.4797432917608395,5.123851640967086,-0.35589165079375373,5
10976,5.205841828335891,5.123851640967086,-0.08199018736880515,1
10977,5.950467118804476,5.123851640967086,-0.8266154778373904,10
10978,5.442857301070353,5.123851640967086,-0.3190056601032669,7
10979,5.201143422374295,5.123851640967086,-0.07729178140720894,3
10980,6.2632007713584565,6.176091259055681,-0.0871095123027752,4
10981,6.028774798983485,6.176091259055681,0.14731646007219634,6
10982,6.0104806186097655,6.176091259055681,0.1656106404459159,1
10983,6.176032534088859,6.176091259055681,5.872496682268746e-05,10
10984,6.043067516767328,6.176091259055681,0.13302374228835312,2
10985,6.211680756669374,6.176091259055681,-0.035589497613692345,8
10986,5.672578141156118,6.176091259055681,0.5035131178995638,3
10987,6.043966912915205,6.176091259055681,0.1321243461404764,9
10988,6.292949073257683,6.176091259055681,-0.11685781420200136,7
10989,4.9394184563358134,3.3010299956639813,-1.6383884606718322,6
10990,5.015031540512041,3.3010299956639813,-1.7140015448480597,5
10991,4.996967366487206,3.3010299956639813,-1.6959373708232244,8
10992,4.994605293778196,3.3010299956639813,-1.6935752981142151,2
10993,4.998143337231978,3.3010299956639813,-1.6971133415679969,9
10994,4.965020599399275,3.3010299956639813,-1.6639906037352938,1
10995,5.082180202242178,3.3010299956639813,-1.7811502065781966,7
10996,4.6147123696703245,3.3010299956639813,-1.3136823740063432,3
10997,5.070410735821582,3.3010299956639813,-1.769380740157601,10
10998,6.003932698608767,6.392978186542541,0.3890454879337737,6
10999,6.191491271335266,6.392978186542541,0.20148691520727446,8
11000,6.122139557009756,6.392978186542541,0.2708386295327845,4
11001,6.086154088558915,6.392978186542541,0.3068240979836254,9
11002,6.112039506767544,6.392978186542541,0.2809386797749971,1
11003,6.171550243351825,6.392978186542541,0.22142794319071601,7
11004,5.955291408998354,6.392978186542541,0.4376867775441866,3
11005,6.115515654666127,6.392978186542541,0.2774625318764139,2
11006,6.189869095993675,6.392978186542541,0.20310909054886572,10
11007,6.264862288215014,6.463445031770428,0.1985827435554146,2
11008,6.296914203672654,6.463445031770428,0.1665308280977742,10
11009,6.147126311496076,6.463445031770428,0.31631872027435204,3
11010,6.21598865695171,6.463445031770428,0.24745637481871796,9
11011,6.416468691645332,6.463445031770428,0.046976340125095994,7
11012,6.2774328821162095,6.463445031770428,0.18601214965421864,1
11013,6.409885684551264,6.463445031770428,0.053559347219164444,4
11014,6.257935944424672,6.463445031770428,0.20550908734575657,6
11015,6.343125254206922,6.463445031770428,0.12031977756350631,5
11016,6.010661509047186,5.0,-1.0106615090471864,5
11017,6.0536779651075365,5.0,-1.0536779651075365,4
11018,6.043309657570031,5.0,-1.0433096575700311,7
11019,6.139917302952367,5.0,-1.1399173029523668,8
11020,6.116898111503451,5.0,-1.1168981115034509,10
11021,5.908500717513945,5.0,-0.9085007175139452,3
11022,5.983574287218908,5.0,-0.9835742872189082,1
11023,5.872694470831756,5.0,-0.8726944708317559,6
11024,6.040288304009002,5.0,-1.0402883040090023,2
11025,5.985689671386682,6.544068044350276,0.5583783729635936,8
11026,5.678092462347566,6.544068044350276,0.8659755820027097,1
11027,5.8844821737161785,6.544068044350276,0.6595858706340971,6
11028,5.790717106808978,6.544068044350276,0.7533509375412972,5
11029,5.746346227899408,6.544068044350276,0.7977218164508679,9
11030,5.876871929443869,6.544068044350276,0.6671961149064067,4
11031,5.7703135704461,6.544068044350276,0.7737544739041757,2
11032,5.985824078299433,6.544068044350276,0.5582439660508429,7
11033,5.6546421278513606,6.544068044350276,0.8894259164989151,10
11034,6.125729672214434,6.75427186868346,0.6285421964690263,10
11035,6.139424693463083,6.75427186868346,0.614847175220377,9
11036,6.362884439332277,6.75427186868346,0.391387429351183,8
11037,6.145104219654484,6.75427186868346,0.6091676490289766,1
11038,6.084443700789516,6.75427186868346,0.6698281678939448,5
11039,6.214755781263877,6.75427186868346,0.5395160874195835,7
11040,6.138777962926299,6.75427186868346,0.6154939057571616,3
11041,6.359363905142606,6.75427186868346,0.3949079635408541,6
11042,6.242035036796046,6.75427186868346,0.5122368318874146,4
11043,6.251857570042754,6.152288344383057,-0.09956922565969695,7
11044,6.1665952803751525,6.152288344383057,-0.01430693599209576,1
11045,5.962620587379289,6.152288344383057,0.18966775700376814,3
11046,6.047412585524956,6.152288344383057,0.10487575885810063,5
11047,6.039520080641889,6.152288344383057,0.11276826374116755,10
11048,6.070772804904663,6.152288344383057,0.08151553947839396,6
11049,5.962832482193631,6.152288344383057,0.18945586218942534,9
11050,6.2204084223515475,6.152288344383057,-0.06812007796849073,8
11051,6.235362825879613,6.152288344383057,-0.08307448149655627,4
11052,5.602159964184079,6.079181246047625,0.4770212818635464,10
11053,5.503343571419462,6.079181246047625,0.575837674628163,5
11054,5.561446425769576,6.079181246047625,0.517734820278049,6
11055,5.4862246708382925,6.079181246047625,0.5929565752093326,2
11056,5.63487722635574,6.079181246047625,0.44430401969188527,9
11057,5.728723417633664,6.079181246047625,0.350457828413961,8
11058,5.468903111679539,6.079181246047625,0.6102781343680865,3
11059,5.67926597657976,6.079181246047625,0.39991526946786493,7
11060,5.61547615613479,6.079181246047625,0.46370508991283543,4
11061,5.81452377116299,6.544068044350276,0.7295442731872859,5
11062,5.771537159576553,6.544068044350276,0.7725308847737224,9
11063,5.836245736455743,6.544068044350276,0.7078223078945323,8
11064,5.893658863267811,6.544068044350276,0.6504091810824644,10
11065,5.928323164825391,6.544068044350276,0.6157448795248843,1
11066,5.8770130275886565,6.544068044350276,0.6670550167616192,7
11067,5.814689051630319,6.544068044350276,0.7293789927199565,2
11068,5.958078698325941,6.544068044350276,0.5859893460243351,4
11069,5.640765344514138,6.544068044350276,0.9033026998361375,6
11070,6.089981526326403,5.850033257689769,-0.23994826863663388,7
11071,6.028330534913924,5.850033257689769,-0.17829727722415534,5
11072,6.00584921341309,5.850033257689769,-0.1558159557233214,6
11073,6.14508313217331,5.850033257689769,-0.29504987448354125,10
11074,6.182513340487519,5.850033257689769,-0.3324800827977503,9
11075,5.930189830941812,5.850033257689769,-0.08015657325204284,2
11076,5.84581072668579,5.850033257689769,0.004222531003978958,3
11077,6.141530715319976,5.850033257689769,-0.2914974576302072,4
11078,5.953399393284001,5.850033257689769,-0.10336613559423213,8
11079,5.922787061677568,5.187520720836463,-0.7352663408411058,3
11080,5.959425996629857,5.187520720836463,-0.7719052757933946,6
11081,6.0452884106451945,5.187520720836463,-0.8577676898087319,10
11082,6.078531427887092,5.187520720836463,-0.8910107070506292,5
11083,5.991734602315867,5.187520720836463,-0.804213881479404,1
11084,6.193287915322472,5.187520720836463,-1.0057671944860092,8
11085,5.9442080386548115,5.187520720836463,-0.7566873178183489,9
11086,6.263894287931516,5.187520720836463,-1.076373567095053,4
11087,5.990470266057249,5.187520720836463,-0.8029495452207867,2
11088,6.401522102828619,6.432327792261604,0.03080568943298445,3
11089,6.205234755247099,6.432327792261604,0.22709303701450434,6
11090,6.238562435380192,6.432327792261604,0.1937653568814115,2
11091,6.325043490259805,6.432327792261604,0.10728430200179861,4
11092,6.157718719173386,6.432327792261604,0.274609073088218,9
11093,6.187419659298933,6.432327792261604,0.24490813296267078,5
11094,6.263453719006826,6.432327792261604,0.168874073254778,10
11095,6.639181937620645,6.432327792261604,-0.20685414535904112,8
11096,6.332873408114529,6.432327792261604,0.09945438414707475,7
11097,6.436195096634354,6.776701183988411,0.34050608735405685,8
11098,6.163520779983407,6.776701183988411,0.6131804040050044,5
11099,6.289183291295748,6.776701183988411,0.4875178926926633,7
11100,6.179407950829188,6.776701183988411,0.5972932331592231,2
11101,6.3882474081015355,6.776701183988411,0.3884537758868758,3
11102,6.283892481698561,6.776701183988411,0.4928087022898504,1
11103,6.197031523595486,6.776701183988411,0.5796696603929252,10
11104,6.170847928132104,6.776701183988411,0.6058532558563074,9
11105,6.2877910751865835,6.776701183988411,0.4889101088018277,4
11106,6.007819634820032,5.02938377768521,-0.978435857134822,4
11107,5.715620160923677,5.02938377768521,-0.6862363832384677,3
11108,6.169008621082218,5.02938377768521,-1.1396248433970086,10
11109,5.9319059840547235,5.02938377768521,-0.9025222063695137,6
11110,5.918158685325872,5.02938377768521,-0.8887749076406619,5
11111,5.915378188528121,5.02938377768521,-0.885994410842911,1
11112,6.080384685989588,5.02938377768521,-1.0510009083043785,9
11113,5.997220673011503,5.02938377768521,-0.9678368953262932,2
11114,6.066578872099191,5.02938377768521,-1.0371950944139812,8
11115,6.031471271978598,6.360404054729939,0.3289327827513411,3
11116,5.562722388639911,6.360404054729939,0.7976816660900274,9
11117,5.91587585887786,6.360404054729939,0.4445281958520786,6
11118,5.775904247396221,6.360404054729939,0.5844998073337173,5
11119,5.705884353537321,6.360404054729939,0.6545197011926174,10
11120,5.914581657982808,6.360404054729939,0.44582239674713087,2
11121,6.370706863038845,6.360404054729939,-0.010302808308906286,8
11122,5.926154106323366,6.360404054729939,0.43424994840657316,1
11123,6.189511964997047,6.360404054729939,0.1708920897328916,4
11124,5.661627462318206,6.176091259055681,0.5144637967374752,1
11125,5.795141552547441,6.176091259055681,0.38094970650824056,9
11126,5.798729588433622,6.176091259055681,0.3773616706220597,6
11127,5.811189970323838,6.176091259055681,0.36490128873184347,10
11128,5.849832112634201,6.176091259055681,0.3262591464214806,8
11129,5.655687659925696,6.176091259055681,0.5204035991299856,5
11130,5.730157575826117,6.176091259055681,0.4459336832295646,7
11131,5.819008437107285,6.176091259055681,0.3570828219483966,4
11132,5.326942514651451,6.176091259055681,0.8491487444042303,3
11133,5.626006181297327,5.787318756624548,0.1613125753272211,8
11134,5.56443907924961,5.787318756624548,0.2228796773749382,7
11135,5.604567244124392,5.787318756624548,0.18275151250015575,9
11136,5.590325104395415,5.787318756624548,0.1969936522291329,2
11137,5.3601411095805735,5.787318756624548,0.4271776470439743,1
11138,5.367432806261758,5.787318756624548,0.4198859503627901,5
11139,5.614328643634488,5.787318756624548,0.1729901129900595,10
11140,5.444175181280163,5.787318756624548,0.343143575344385,6
11141,5.2508123417162365,5.787318756624548,0.5365064149083114,3
11142,5.611327131063363,3.89209460269048,-1.719232528372883,4
11143,5.503290053939186,3.89209460269048,-1.6111954512487063,6
11144,5.400555742263439,3.89209460269048,-1.508461139572959,5
11145,5.699759056662111,3.89209460269048,-1.807664453971631,8
11146,5.504867196366339,3.89209460269048,-1.6127725936758592,2
11147,5.339823773230093,3.89209460269048,-1.4477291705396134,9
11148,5.77842464050272,3.89209460269048,-1.8863300378122405,7
11149,5.341030255832904,3.89209460269048,-1.4489356531424242,3
11150,5.457668009247107,3.89209460269048,-1.5655734065566271,1
11151,3.8098513614825396,4.096910013008056,0.2870586515255167,8
11152,4.2673374167779095,4.096910013008056,-0.17042740376985321,10
11153,4.182725309039176,4.096910013008056,-0.08581529603111981,1
11154,4.277264310625487,4.096910013008056,-0.1803542976174306,7
11155,3.7864575521347987,4.096910013008056,0.3104524608732575,4
11156,4.4679027771701305,4.096910013008056,-0.3709927641620743,9
11157,4.286266480720254,4.096910013008056,-0.18935646771219794,5
11158,3.8299728699534565,4.096910013008056,0.2669371430545997,3
11159,4.06759440175082,4.096910013008056,0.029315611257236363,2
11160,3.991788333224628,3.404833716619938,-0.58695461660469,1
11161,4.066462872407994,3.404833716619938,-0.6616291557880563,5
11162,3.9255310885291514,3.404833716619938,-0.5206973719092134,2
11163,4.058964976921222,3.404833716619938,-0.6541312603012837,9
11164,4.261553711031246,3.404833716619938,-0.8567199944113075,3
11165,4.300227552637408,3.404833716619938,-0.8953938360174702,8
11166,3.858743150997311,3.404833716619938,-0.4539094343773731,10
11167,3.938937790718039,3.404833716619938,-0.5341040740981011,7
11168,3.736680408421176,3.404833716619938,-0.33184669180123816,4
11169,5.33636223525477,5.816506437046357,0.4801442017915871,2
11170,5.351753653290005,5.816506437046357,0.4647527837563521,3
11171,5.555613670789368,5.816506437046357,0.26089276625698865,7
11172,5.6611780597843975,5.816506437046357,0.15532837726195936,8
11173,5.517401357389021,5.816506437046357,0.2991050796573358,9
11174,5.44739629978976,5.816506437046357,0.36911013725659725,5
11175,5.4468808352008145,5.816506437046357,0.3696256018455424,1
11176,5.495961823730108,5.816506437046357,0.3205446133162484,4
11177,5.658981570911691,5.816506437046357,0.15752486613466576,6
11178,5.161004164731853,4.968482948553935,-0.1925212161779184,10
11179,5.341596756902609,4.968482948553935,-0.37311380834867425,5
11180,5.517189173712997,4.968482948553935,-0.5487062251590622,1
11181,5.563443284280713,4.968482948553935,-0.5949603357267783,8
11182,5.62373076169903,4.968482948553935,-0.6552478131450954,3
11183,5.705869886772695,4.968482948553935,-0.7373869382187603,6
11184,5.268539144873829,4.968482948553935,-0.3000561963198942,2
11185,5.402865935751662,4.968482948553935,-0.4343829871977274,4
11186,5.1988428833886,4.968482948553935,-0.23035993483466477,9
11187,4.510632122379519,3.833147111912785,-0.677485010466734,10
11188,3.9981763900148373,3.833147111912785,-0.16502927810205215,6
11189,4.03288178034523,3.833147111912785,-0.1997346684324448,2
11190,4.259280743902277,3.833147111912785,-0.42613363198949195,7
11191,4.057834453810531,3.833147111912785,-0.22468734189774597,3
11192,3.959609974171652,3.833147111912785,-0.12646286225886705,4
11193,4.249199243544407,3.833147111912785,-0.4160521316316217,5
11194,4.440556374784523,3.833147111912785,-0.6074092628717382,9
11195,4.2334779639961395,3.833147111912785,-0.4003308520833544,1
11196,5.3545879048717655,6.146128035678238,0.7915401308064727,9
11197,5.283785636399069,6.146128035678238,0.8623423992791688,5
11198,5.549998916943327,6.146128035678238,0.5961291187349111,7
11199,5.553819036327682,6.146128035678238,0.5923089993505561,6
11200,5.5227005939085485,6.146128035678238,0.6234274417696897,8
11201,5.2731185759558254,6.146128035678238,0.8730094597224127,3
11202,5.462164050611766,6.146128035678238,0.6839639850664723,4
11203,5.240949600226826,6.146128035678238,0.9051784354514121,2
11204,5.384051409055249,6.146128035678238,0.7620766266229895,10
11205,4.182725309039176,4.008600171761918,-0.1741251372772581,1
11206,4.06759440175082,4.008600171761918,-0.058994229988901914,2
11207,3.7864575521347987,4.008600171761918,0.22214261962711923,4
11208,3.8098513614825396,4.008600171761918,0.1987488102793784,8
11209,4.286266480720254,4.008600171761918,-0.2776663089583362,5
11210,4.038696641194991,4.008600171761918,-0.030096469433073203,6
11211,4.2673374167779095,4.008600171761918,-0.2587372450159915,10
11212,4.277264310625487,4.008600171761918,-0.2686641388635689,7
11213,4.4679027771701305,4.008600171761918,-0.45930260540821255,9
11214,5.164408035070574,4.0,-1.1644080350705739,10
11215,5.210826857386667,4.0,-1.2108268573866674,7
11216,4.987216610751646,4.0,-0.9872166107516458,4
11217,4.948496785091573,4.0,-0.9484967850915726,3
11218,5.230308453276911,4.0,-1.230308453276911,9
11219,5.091067695493947,4.0,-1.0910676954939467,1
11220,4.958262454913856,4.0,-0.9582624549138563,2
11221,5.294392868265192,4.0,-1.2943928682651924,6
11222,5.12451543885236,4.0,-1.1245154388523604,8
11223,5.262287274163702,4.089905111439398,-1.172382162724304,6
11224,4.606947452849415,4.089905111439398,-0.5170423414100167,7
11225,5.030149729453713,4.089905111439398,-0.9402446180143151,9
11226,4.601436337031308,4.089905111439398,-0.5115312255919102,4
11227,4.561346319379461,4.089905111439398,-0.47144120794006295,8
11228,4.311024397256529,4.089905111439398,-0.2211192858171307,3
11229,4.681727115871987,4.089905111439398,-0.591822004432589,1
11230,4.915814083886996,4.089905111439398,-0.8259089724475981,10
11231,4.7881016030873855,4.089905111439398,-0.6981964916479875,2
11232,5.209975045510105,3.770852011642144,-1.4391230338679613,8
11233,5.541040827330321,3.770852011642144,-1.7701888156881775,7
11234,5.348360881679587,3.770852011642144,-1.577508870037443,6
11235,5.385127177705864,3.770852011642144,-1.6142751660637202,4
11236,5.239879655001088,3.770852011642144,-1.4690276433589444,2
11237,5.629262527899134,3.770852011642144,-1.8584105162569902,1
11238,5.549264425524162,3.770852011642144,-1.7784124138820179,5
11239,5.6590769718387754,3.770852011642144,-1.8882249601966317,10
11240,5.599252386779223,3.770852011642144,-1.828400375137079,3
11241,4.550927935572146,3.6020599913279625,-0.9488679442441832,5
11242,3.978476565278915,3.6020599913279625,-0.3764165739509524,3
11243,4.659843097180234,3.6020599913279625,-1.0577831058522715,10
11244,4.7433473579012855,3.6020599913279625,-1.141287366573323,7
11245,4.471602462876888,3.6020599913279625,-0.8695424715489253,2
11246,4.0341509574337255,3.6020599913279625,-0.43209096610576303,8
11247,4.616459538393836,3.6020599913279625,-1.0143995470658735,9
11248,4.203727662925068,3.6020599913279625,-0.6016676715971059,6
11249,4.180025134503804,3.6020599913279625,-0.5779651431758417,4
11250,3.5386835909204297,3.869231719730976,0.33054812881054607,2
11251,3.683589806445891,3.869231719730976,0.18564191328508484,5
11252,3.816575615299021,3.869231719730976,0.0526561044319549,8
11253,3.5807597945847474,3.869231719730976,0.28847192514622844,7
11254,3.697355612792932,3.869231719730976,0.1718761069380439,1
11255,3.599545428631057,3.869231719730976,0.26968629109991893,3
11256,3.51488241648898,3.869231719730976,0.354349303241996,6
11257,3.7688897768684755,3.869231719730976,0.10034194286250031,4
11258,3.565803465970801,3.869231719730976,0.3034282537601749,10
11259,3.5134045915599867,3.206825876031849,-0.30657871552813765,7
11260,3.7177373203623834,3.206825876031849,-0.5109114443305343,8
11261,3.4561959244641822,3.206825876031849,-0.24937004843233312,10
11262,3.6154761473828185,3.206825876031849,-0.40865027135096943,9
11263,3.61843615259938,3.206825876031849,-0.4116102765675307,1
11264,3.7004701147670787,3.206825876031849,-0.49364423873522956,4
11265,3.5559196237321116,3.206825876031849,-0.34909374770026247,2
11266,3.535660845060706,3.206825876031849,-0.3288349690288568,3
11267,3.659680310149739,3.206825876031849,-0.45285443411788995,5
11268,3.809382905016486,3.589949601325708,-0.21943330369077785,8
11269,4.03874358230995,3.589949601325708,-0.4487939809842416,4
11270,4.322168540687996,3.589949601325708,-0.732218939362288,10
11271,4.027646738564815,3.589949601325708,-0.4376971372391072,7
11272,3.9340350716671084,3.589949601325708,-0.34408547034140025,3
11273,4.07167671594789,3.589949601325708,-0.4817271146221822,1
11274,4.117783137885807,3.589949601325708,-0.5278335365600988,9
11275,3.8153720119398713,3.589949601325708,-0.22542241061416313,2
11276,4.0088050902413,3.589949601325708,-0.4188554889155922,5
11277,3.8121466704699,2.903089986991944,-0.9090566834779557,2
11278,4.10914838186272,2.903089986991944,-1.2060583948707762,10
11279,3.9838906264344085,2.903089986991944,-1.0808006394424643,7
11280,3.7708851450003955,2.903089986991944,-0.8677951580084513,8
11281,3.6207175823451925,2.903089986991944,-0.7176275953532483,6
11282,3.6207598354125223,2.903089986991944,-0.7176698484205781,3
11283,3.977338193330799,2.903089986991944,-1.0742482063388548,1
11284,4.220965936381522,2.903089986991944,-1.317875949389578,9
11285,4.022215689621841,2.903089986991944,-1.1191257026298964,5
11286,4.425116616788681,4.167317334748176,-0.25779928204050506,8
11287,4.04787854221103,4.167317334748176,0.11943879253714584,6
11288,4.103677623009506,4.167317334748176,0.06363971173867,3
11289,4.360551271476427,4.167317334748176,-0.19323393672825162,10
11290,4.2964783272078515,4.167317334748176,-0.12916099245967594,2
11291,4.146457018929989,4.167317334748176,0.020860315818186592,1
11292,4.213179110767763,4.167317334748176,-0.04586177601958763,7
11293,4.195317822626656,4.167317334748176,-0.028000487878480307,5
11294,4.243964407543523,4.167317334748176,-0.07664707279534788,4
11295,4.506440730067183,4.035829825252828,-0.47061090481435475,10
11296,4.090518421230381,4.035829825252828,-0.05468859597755227,8
11297,3.824176890940473,4.035829825252828,0.21165293431235543,6
11298,4.173790576511763,4.035829825252828,-0.1379607512589347,4
11299,3.8232912299146564,4.035829825252828,0.212538595338172,3
11300,4.348512663123974,4.035829825252828,-0.3126828378711455,9
11301,4.469833810205517,4.035829825252828,-0.4340039849526889,7
11302,4.227648777958639,4.035829825252828,-0.19181895270581073,1
11303,4.3026517104796875,4.035829825252828,-0.2668218852268591,5
11304,6.0395223042368595,6.024046225131059,-0.015476079105800622,1
11305,5.702901608994595,6.024046225131059,0.32114461613646395,6
11306,5.8459541097668355,6.024046225131059,0.17809211536422342,8
11307,6.0851827586854865,6.024046225131059,-0.06113653355442761,10
11308,6.161011914082273,6.024046225131059,-0.1369656889512143,4
11309,5.994376100536581,6.024046225131059,0.029670124594478153,7
11310,5.789446715657937,6.024046225131059,0.2345995094731217,3
11311,5.883529375342109,6.024046225131059,0.14051684978895018,5
11312,5.958565901062429,6.024046225131059,0.06548032406862969,2
11313,5.1175520589517784,5.247973266361806,0.13042120741002794,7
11314,5.320258968940941,5.247973266361806,-0.07228570257913436,4
11315,4.81353082067105,5.247973266361806,0.4344424456907561,3
11316,4.94688843848978,5.247973266361806,0.3010848278720264,6
11317,4.943886349108208,5.247973266361806,0.30408691725359827,2
11318,5.015902930697154,5.247973266361806,0.23207033566465274,5
11319,4.998734265786189,5.247973266361806,0.2492390005756171,1
11320,5.279109259016629,5.247973266361806,-0.031135992654822253,10
11321,4.96152954255533,5.247973266361806,0.2864437238064763,8
11322,6.342063240350985,6.491361693834273,0.14929845348328818,9
11323,6.316438837557901,6.491361693834273,0.17492285627637205,5
11324,5.988801639478556,6.491361693834273,0.5025600543557172,7
11325,5.976868940606416,6.491361693834273,0.5144927532278567,4
11326,5.848010867522817,6.491361693834273,0.6433508263114565,2
11327,5.868128390365199,6.491361693834273,0.6232333034690738,1
11328,5.545618277920344,6.491361693834273,0.9457434159139293,3
11329,6.295207814257523,6.491361693834273,0.1961538795767499,10
11330,5.735137265287119,6.491361693834273,0.7562244285471538,8
11331,5.859278345436384,4.833147111912785,-1.026131233523599,6
11332,6.417483133627252,4.833147111912785,-1.584336021714467,2
11333,6.198545887908817,4.833147111912785,-1.3653987759960318,8
11334,5.946217192550445,4.833147111912785,-1.1130700806376597,10
11335,6.350114343806246,4.833147111912785,-1.516967231893461,9
11336,6.173923301231655,4.833147111912785,-1.3407761893188699,7
11337,6.178038536026281,4.833147111912785,-1.344891424113496,5
11338,6.07102366867725,4.833147111912785,-1.2378765567644647,3
11339,6.207638582422457,4.833147111912785,-1.374491470509672,1
11340,6.032749153585347,6.334453751150931,0.30170459756558365,1
11341,6.0336618705145355,6.334453751150931,0.30079188063639517,5
11342,6.009353566243277,6.334453751150931,0.3251001849076536,9
11343,6.14315174827625,6.334453751150931,0.19130200287468035,3
11344,5.847724052469125,6.334453751150931,0.48672969868180527,10
11345,6.034230037073473,6.334453751150931,0.3002237140774575,7
11346,6.163739856662219,6.334453751150931,0.17071389448871166,4
11347,6.171698001730165,6.334453751150931,0.1627557494207661,8
11348,5.993668232245586,6.334453751150931,0.3407855189053448,2
11349,6.10464744472428,7.708420900134713,1.6037734554104333,8
11350,6.865363344518452,7.708420900134713,0.8430575556162605,3
11351,6.556272442828673,7.708420900134713,1.1521484573060397,1
11352,6.35960085079579,7.708420900134713,1.348820049338923,10
11353,6.574213013794328,7.708420900134713,1.134207886340385,7
11354,6.589587249867677,7.708420900134713,1.1188336502670362,9
11355,6.544606322673522,7.708420900134713,1.1638145774611912,2
11356,6.701391084548712,7.708420900134713,1.0070298155860007,4
11357,6.524791180744473,7.708420900134713,1.1836297193902396,5
11358,6.131238232104795,4.698970004336019,-1.432268227768776,10
11359,6.023464595370444,4.698970004336019,-1.3244945910344255,1
11360,5.6485697249446245,4.698970004336019,-0.9495997206086058,3
11361,5.7087502602540825,4.698970004336019,-1.0097802559180638,8
11362,6.0117727172579105,4.698970004336019,-1.3128027129218918,4
11363,5.906306308768135,4.698970004336019,-1.2073363044321166,2
11364,5.884529561135583,4.698970004336019,-1.1855595567995643,5
11365,5.552812287983343,4.698970004336019,-0.8538422836473245,6
11366,6.200181877930053,4.698970004336019,-1.501211873594034,9
11367,5.674815125459191,6.32221929473392,0.6474041692747292,1
11368,5.846213585112613,6.32221929473392,0.4760057096213073,7
11369,5.971853270897431,6.32221929473392,0.3503660238364894,4
11370,5.706129071343232,6.32221929473392,0.616090223390688,10
11371,6.0855208957081794,6.32221929473392,0.23669839902574097,8
11372,5.589625501529913,6.32221929473392,0.732593793204007,5
11373,5.708286661476257,6.32221929473392,0.6139326332576633,2
11374,5.689118355654871,6.32221929473392,0.6331009390790499,9
11375,5.72810265786698,6.32221929473392,0.5941166368669402,6
11376,5.205492164710718,6.2812606870550125,1.075768522344294,2
11377,4.586867803697976,6.2812606870550125,1.694392883357036,6
11378,5.206120746749843,6.2812606870550125,1.0751399403051698,7
11379,5.008156701555256,6.2812606870550125,1.2731039854997563,1
11380,4.881785395899884,6.2812606870550125,1.3994752911551283,5
11381,5.467880441222925,6.2812606870550125,0.8133802458320876,9
11382,5.0600154020113095,6.2812606870550125,1.221245285043703,3
11383,5.343566176873806,6.2812606870550125,0.9376945101812062,8
11384,4.962639152187546,6.2812606870550125,1.3186215348674661,4
11385,5.984364125160961,6.230448921378274,0.24608479621731316,6
11386,6.081562429355318,6.230448921378274,0.14888649202295579,1
11387,5.8399208940380545,6.230448921378274,0.39052802734021963,5
11388,5.912432578433513,6.230448921378274,0.31801634294476067,10
11389,6.024149395275854,6.230448921378274,0.20629952610241986,9
11390,6.1513642762066985,6.230448921378274,0.07908464517157565,4
11391,6.165811893621131,6.230448921378274,0.06463702775714353,2
11392,6.3511286769799105,6.230448921378274,-0.12067975560163635,8
11393,6.112749478121373,6.230448921378274,0.1176994432569014,7
11394,5.927766973873147,5.0,-0.9277669738731467,1
11395,5.642454765501222,5.0,-0.6424547655012223,6
11396,5.974141054484479,5.0,-0.9741410544844786,2
11397,5.966868878131341,5.0,-0.9668688781313408,10
11398,5.879399495537384,5.0,-0.8793994955373838,8
11399,5.971677522493333,5.0,-0.9716775224933327,4
11400,5.831650340670765,5.0,-0.8316503406707652,5
11401,5.627476060178359,5.0,-0.6274760601783589,3
11402,6.020294984781815,5.0,-1.020294984781815,7
11403,5.793978816098333,4.26150077319828,-1.5324780429000526,2
11404,6.312277966060443,4.26150077319828,-2.0507771928621628,9
11405,5.864175554596441,4.26150077319828,-1.6026747813981608,1
11406,5.8125537148486375,4.26150077319828,-1.5510529416503571,8
11407,5.643756158322506,4.26150077319828,-1.3822553851242256,3
11408,5.525371845292178,4.26150077319828,-1.263871072093898,6
11409,5.917337444110096,4.26150077319828,-1.6558366709118157,5
11410,5.8407788663015525,4.26150077319828,-1.5792780931032722,4
11411,5.959033812999422,4.26150077319828,-1.697533039801142,7
11412,6.7169283710723375,7.077222510411053,0.36029413933871535,3
11413,6.440624682418073,7.077222510411053,0.63659782799298,9
11414,6.401115889484076,7.077222510411053,0.6761066209269773,1
11415,6.3610867433625975,7.077222510411053,0.7161357670484554,6
11416,6.285655930740005,7.077222510411053,0.7915665796710476,8
11417,6.270389022228414,7.077222510411053,0.8068334881826384,10
11418,6.544302387341306,7.077222510411053,0.5329201230697471,4
11419,6.374159445385644,7.077222510411053,0.7030630650254093,7
11420,6.451581891393641,7.077222510411053,0.6256406190174122,2
11421,6.59605376748155,7.05865374157237,0.46259997409082043,1
11422,6.767915728697484,7.05865374157237,0.2907380128748862,8
11423,6.553973774016591,7.05865374157237,0.5046799675557789,4
11424,6.298808988692555,7.05865374157237,0.7598447528798156,7
11425,6.109913815714167,7.05865374157237,0.9487399258582032,10
11426,6.526501839493576,7.05865374157237,0.5321519020787946,6
11427,6.23097813978877,7.05865374157237,0.8276756017836,9
11428,6.404509895509227,7.05865374157237,0.6541438460631435,5
11429,6.438465758079695,7.05865374157237,0.6201879834926753,2
11430,4.516255570453186,5.0,0.48374442954681385,10
11431,4.428938904802555,5.0,0.5710610951974449,6
11432,4.576633421072706,5.0,0.42336657892729423,1
11433,4.330283732387725,5.0,0.6697162676122748,7
11434,4.871515718666573,5.0,0.12848428133342704,4
11435,4.89057022413571,5.0,0.1094297758642897,5
11436,4.76714924439501,5.0,0.23285075560499013,9
11437,4.776603406639871,5.0,0.22339659336012918,8
11438,4.493384900300071,5.0,0.5066150996999292,2
11439,4.541825313711134,3.709269960975831,-0.8325553527353029,4
11440,4.466464603622321,3.709269960975831,-0.7571946426464904,1
11441,4.5798115811661555,3.709269960975831,-0.8705416201903247,9
11442,4.245722068067326,3.709269960975831,-0.5364521070914949,8
11443,4.331168452228535,3.709269960975831,-0.6218984912527046,3
11444,4.273089897411922,3.709269960975831,-0.5638199364360914,2
11445,4.325374324424281,3.709269960975831,-0.6161043634484504,7
11446,4.321232598031068,3.709269960975831,-0.6119626370552376,6
11447,4.618859355577951,3.709269960975831,-0.9095893946021198,10
11448,4.679443824299571,3.431363764158988,-1.248080060140583,5
11449,4.74695487503855,3.431363764158988,-1.315591110879562,9
11450,4.3000025704368765,3.431363764158988,-0.8686388062778887,6
11451,4.378957490276187,3.431363764158988,-0.9475937261171996,7
11452,4.372611596461912,3.431363764158988,-0.9412478323029241,2
11453,4.369033016218573,3.431363764158988,-0.9376692520595853,8
11454,4.47956660822442,3.431363764158988,-1.0482028440654325,4
11455,4.474650869481427,3.431363764158988,-1.043287105322439,1
11456,4.498893960672676,3.431363764158988,-1.0675301965136885,10
11457,4.149581318761076,5.0,0.8504186812389243,2
11458,4.317519380746161,5.0,0.6824806192538393,10
11459,3.8924403571531174,5.0,1.1075596428468826,3
11460,4.48563977894586,5.0,0.5143602210541403,9
11461,4.436772905630483,5.0,0.563227094369517,8
11462,4.277678396659659,5.0,0.7223216033403412,1
11463,4.4993333997825475,5.0,0.5006666002174525,4
11464,3.813735021121884,5.0,1.1862649788781159,6
11465,4.442046960791632,5.0,0.5579530392083676,5
11466,5.662380867810706,6.079181246047625,0.4168003782369194,1
11467,5.880791998607224,6.079181246047625,0.1983892474404012,8
11468,6.103145294282567,6.079181246047625,-0.023964048234941693,9
11469,5.741547764503655,6.079181246047625,0.3376334815439703,6
11470,5.690551914756218,6.079181246047625,0.38862933129140753,2
11471,5.620463880960314,6.079181246047625,0.45871736508731153,5
11472,5.945153836777212,6.079181246047625,0.1340274092704128,10
11473,5.679022903687197,6.079181246047625,0.40015834236042824,4
11474,5.71568245338923,6.079181246047625,0.3634987926583948,7
11475,4.522995624370778,3.770852011642144,-0.7521436127286343,5
11476,4.508101833604153,3.770852011642144,-0.7372498219620089,7
11477,4.413333336539189,3.770852011642144,-0.6424813248970453,1
11478,4.272339904983624,3.770852011642144,-0.5014878933414799,8
11479,4.8718147142139125,3.770852011642144,-1.1009627025717688,9
11480,4.442720593932017,3.770852011642144,-0.6718685822898731,4
11481,4.00814388447842,3.770852011642144,-0.23729187283627606,6
11482,3.9569752074833966,3.770852011642144,-0.1861231958412528,3
11483,4.487506690571356,3.770852011642144,-0.7166546789292125,2
11484,5.950372206606743,6.383653821462558,0.4332816148558152,10
11485,6.100476986528424,6.383653821462558,0.28317683493413437,8
11486,5.991413355316498,6.383653821462558,0.39224046614606056,6
11487,6.0140636597315655,6.383653821462558,0.3695901617309927,9
11488,6.091479465799046,6.383653821462558,0.29217435566351213,1
11489,5.944637739144335,6.383653821462558,0.439016082318223,5
11490,6.049985885145626,6.383653821462558,0.3336679363169326,7
11491,6.052538263984908,6.383653821462558,0.3311155574776503,4
11492,6.011247382238755,6.383653821462558,0.3724064392238029,2
11493,6.316603033286575,6.281941933440825,-0.034661099845750165,6
11494,6.154935098952707,6.281941933440825,0.12700683448811745,2
11495,6.251171755798441,6.281941933440825,0.030770177642383878,9
11496,6.277363871652677,6.281941933440825,0.004578061788147458,1
11497,6.4708007736397395,6.281941933440825,-0.18885884019891463,8
11498,6.265022711988735,6.281941933440825,0.016919221452090127,7
11499,6.232109842092317,6.281941933440825,0.049832091348507745,10
11500,6.280183770767391,6.281941933440825,0.0017581626734335387,3
11501,6.235011576150398,6.281941933440825,0.04693035729042716,4
11502,4.203850530434118,4.152288344383057,-0.05156218605106133,3
11503,5.096911828593575,4.152288344383057,-0.9446234842105179,2
11504,4.48092589131779,4.152288344383057,-0.32863754693473357,10
11505,5.115848668382528,4.152288344383057,-0.963560323999471,4
11506,4.786332978919239,4.152288344383057,-0.6340446345361821,7
11507,4.073312651833172,4.152288344383057,0.07897569254988479,8
11508,4.931601140266321,4.152288344383057,-0.7793127958832642,5
11509,4.88400610990914,4.152288344383057,-0.7317177655260831,6
11510,4.92985611202865,4.152288344383057,-0.7775677676455937,9
11511,4.945387551346592,6.176091259055681,1.2307037077090897,6
11512,4.707761847381793,6.176091259055681,1.4683294116738885,5
11513,4.437737944472248,6.176091259055681,1.7383533145834331,10
11514,4.774906478069357,6.176091259055681,1.4011847809863243,9
11515,4.718634818460022,6.176091259055681,1.4574564405956592,2
11516,5.042298248776212,6.176091259055681,1.1337930102794695,1
11517,4.663511141220885,6.176091259055681,1.512580117834796,7
11518,4.759916009907905,6.176091259055681,1.4161752491477761,3
11519,4.637258483501136,6.176091259055681,1.5388327755545452,4
11520,5.34060547663402,4.195899652409234,-1.1447058242247863,6
11521,5.093470397350786,4.195899652409234,-0.897570744941552,4
11522,4.686772144385394,4.195899652409234,-0.4908724919761598,8
11523,5.203054538130867,4.195899652409234,-1.0071548857216328,5
11524,4.777731790470872,4.195899652409234,-0.581832138061638,7
11525,4.98694631088167,4.195899652409234,-0.7910466584724363,1
11526,4.131696741963183,4.195899652409234,0.06420291044605086,3
11527,5.423585849237983,4.195899652409234,-1.2276861968287491,9
11528,5.365133449450876,4.195899652409234,-1.1692337970416418,10
11529,3.938161837471759,3.3010299956639813,-0.6371318418077778,4
11530,3.595363203172696,3.3010299956639813,-0.2943332075087146,7
11531,3.722708483772464,3.3010299956639813,-0.42167848810848296,8
11532,4.179979143296418,3.3010299956639813,-0.8789491476324365,9
11533,3.925637177696014,3.3010299956639813,-0.6246071820320327,2
11534,3.780903938178172,3.3010299956639813,-0.4798739425141907,1
11535,4.083350098829014,3.3010299956639813,-0.7823201031650324,5
11536,3.4531892503115382,3.3010299956639813,-0.15215925464755697,3
11537,4.057347654124845,3.3010299956639813,-0.7563176584608637,10
11538,5.799420500752651,6.079181246047625,0.27976074529497374,4
11539,5.983689212810419,6.079181246047625,0.09549203323720601,6
11540,6.3442502644726115,6.079181246047625,-0.2650690184249864,8
11541,5.73934153457131,6.079181246047625,0.33983971147631475,2
11542,5.740130487154634,6.079181246047625,0.3390507588929914,7
11543,5.8138992042183455,6.079181246047625,0.2652820418292796,1
11544,5.741784511976594,6.079181246047625,0.33739673407103155,5
11545,5.967839439507074,6.079181246047625,0.11134180654055115,3
11546,5.8138600156807065,6.079181246047625,0.26532123036691857,10
11547,5.302985085455076,5.311753861055754,0.008768775600677792,8
11548,5.340734324008939,5.311753861055754,-0.028980462953184905,6
11549,5.146196771624621,5.311753861055754,0.16555708943113334,5
11550,5.331897529195635,5.311753861055754,-0.02014366813988122,9
11551,5.194582361794685,5.311753861055754,0.11717149926106885,10
11552,5.110316329780757,5.311753861055754,0.20143753127499764,2
11553,5.194719693400773,5.311753861055754,0.11703416765498087,1
11554,5.158645139941165,5.311753861055754,0.15310872111458895,3
11555,5.077196125450558,5.311753861055754,0.234557735605196,7
11556,4.7881016030873855,5.041392685158225,0.25329108207083983,2
11557,4.915814083886996,5.041392685158225,0.12557860127122922,10
11558,4.561346319379461,5.041392685158225,0.48004636577876436,8
11559,4.681727115871989,5.041392685158225,0.3596655692862365,1
11560,4.606947452849415,5.041392685158225,0.4344452323088106,7
11561,5.030149729453713,5.041392685158225,0.01124295570451217,9
11562,5.262287274163702,5.041392685158225,-0.22089458900547676,6
11563,4.601436337031308,5.041392685158225,0.4399563481269171,4
11564,4.840557077758919,5.041392685158225,0.2008356073993065,5
11565,5.423585849237983,4.41161970596323,-1.011966143274753,9
11566,5.34060547663402,4.41161970596323,-0.9289857706707902,6
11567,5.203054538130867,4.41161970596323,-0.7914348321676368,5
11568,4.777731790470872,4.41161970596323,-0.366112084507642,7
11569,5.28445211173552,4.41161970596323,-0.8728324057722903,2
11570,4.686772144385394,4.41161970596323,-0.27515243842216375,8
11571,4.131696741963183,4.41161970596323,0.2799229640000469,3
11572,5.365133449450876,4.41161970596323,-0.9535137434876457,10
11573,5.093470397350786,4.41161970596323,-0.6818506913875559,4
11574,5.888017713906545,4.249198357391113,-1.638819356515432,2
11575,6.239500113772,4.249198357391113,-1.9903017563808874,3
11576,5.960179964891356,4.249198357391113,-1.7109816075002433,7
11577,6.0189528578991345,4.249198357391113,-1.7697545005080215,1
11578,6.1589189490477,4.249198357391113,-1.909720591656587,8
11579,6.019105064721899,4.249198357391113,-1.7699067073307857,4
11580,5.699469227303679,4.249198357391113,-1.4502708699125657,9
11581,5.705569234410646,4.249198357391113,-1.4563708770195332,10
11582,5.915919684790516,4.249198357391113,-1.6667213273994035,5
11583,5.677186590172881,5.17897694729317,-0.49820964287971137,4
11584,5.51986323830443,5.17897694729317,-0.34088629101126067,9
11585,5.736312152762365,5.17897694729317,-0.5573352054691956,6
11586,5.63508422824089,5.17897694729317,-0.45610728094772046,1
11587,5.565935605610882,5.17897694729317,-0.38695865831771226,7
11588,5.625749415829468,5.17897694729317,-0.44677246853629793,10
11589,5.896583301412293,5.17897694729317,-0.7176063541191233,8
11590,5.559510270345499,5.17897694729317,-0.38053332305232956,5
11591,5.65058237399027,5.17897694729317,-0.47160542669710015,2
11592,5.466940902503349,6.119915410257991,0.6529745077546423,6
11593,5.534163670258131,6.119915410257991,0.5857517399998597,8
11594,4.787276316702693,6.119915410257991,1.332639093555298,10
11595,5.609164932705124,6.119915410257991,0.5107504775528673,4
11596,5.191982500619734,6.119915410257991,0.9279329096382565,5
11597,5.272369376193599,6.119915410257991,0.8475460340643917,2
11598,4.8498621691358865,6.119915410257991,1.2700532411221044,7
11599,5.099651539264197,6.119915410257991,1.0202638709937943,3
11600,5.1198314884066605,6.119915410257991,1.0000839218513304,9
11601,5.080224906966397,6.0,0.9197750930336026,3
11602,5.408497322110816,6.0,0.5915026778891841,1
11603,5.040948338984872,6.0,0.9590516610151276,7
11604,5.09838324516087,6.0,0.9016167548391296,2
11605,5.226191844686618,6.0,0.7738081553133824,6
11606,4.879123852126917,6.0,1.1208761478730827,10
11607,5.148502871350235,6.0,0.8514971286497648,9
11608,5.285551579672046,6.0,0.7144484203279537,4
11609,5.2166637505834,6.0,0.7833362494165996,8
11610,5.06751287978258,3.824125833916549,-1.2433870458660308,5
11611,4.713699080289107,3.824125833916549,-0.8895732463725579,10
11612,4.743851583376982,3.824125833916549,-0.9197257494604325,7
11613,4.81167479330408,3.824125833916549,-0.9875489593875311,1
11614,5.049333350294457,3.824125833916549,-1.2252075163779081,9
11615,5.101207654296354,3.824125833916549,-1.2770818203798044,6
11616,5.182788980197393,3.824125833916549,-1.3586631462808438,4
11617,4.9001259525953245,3.824125833916549,-1.0760001186787753,3
11618,5.107643999650312,3.824125833916549,-1.283518165733763,2
11619,3.668688601696605,3.740362689494244,0.07167408779763917,6
11620,3.6874340999216084,3.740362689494244,0.05292858957263569,2
11621,4.066306394659144,3.740362689494244,-0.32594370516489946,7
11622,4.391146999724079,3.740362689494244,-0.6507843102298345,10
11623,3.623075670022048,3.740362689494244,0.117287019472196,3
11624,4.3734154234510045,3.740362689494244,-0.6330527339567604,1
11625,4.343853529137759,3.740362689494244,-0.6034908396435146,5
11626,4.025451123955425,3.740362689494244,-0.2850884344611808,8
11627,3.820041436574775,3.740362689494244,-0.07967874708053069,4
11628,5.1210195502267855,3.146128035678238,-1.9748915145485473,7
11629,5.169659860382101,3.146128035678238,-2.0235318247038627,10
11630,5.0573698622589465,3.146128035678238,-1.9112418265807083,4
11631,4.920223978883415,3.146128035678238,-1.774095943205177,2
11632,4.807689818698989,3.146128035678238,-1.6615617830207512,3
11633,5.203409882280144,3.146128035678238,-2.0572818466019056,9
11634,5.08436805681018,3.146128035678238,-1.938240021131942,5
11635,4.842662126942137,3.146128035678238,-1.6965340912638984,6
11636,4.6091835740413485,3.146128035678238,-1.4630555383631103,8
11637,5.983340135326704,5.380211241711606,-0.6031288936150974,6
11638,6.087012040042588,5.380211241711606,-0.7068007983309812,5
11639,6.055532138453804,5.380211241711606,-0.675320896742198,10
11640,6.1123916460514085,5.380211241711606,-0.7321804043398021,7
11641,6.185542560364058,5.380211241711606,-0.8053313186524518,1
11642,6.0854903757655805,5.380211241711606,-0.7052791340539741,2
11643,5.948692205382007,5.380211241711606,-0.5684809636704005,9
11644,5.984531565871351,5.380211241711606,-0.6043203241597448,3
11645,6.09326599310922,5.380211241711606,-0.713054751397614,4
11646,4.904796376313334,5.271841606536499,0.36704523022316415,6
11647,5.158157309055205,5.271841606536499,0.11368429748129394,5
11648,5.321286494020071,5.271841606536499,-0.04944488748357223,8
11649,5.242442157522577,5.271841606536499,0.029399449013921775,7
11650,4.748078544394589,5.271841606536499,0.5237630621419092,9
11651,5.109971466890836,5.271841606536499,0.16187013964566255,1
11652,5.1669297996848895,5.271841606536499,0.10491180685160906,3
11653,5.182681308485686,5.271841606536499,0.08916029805081216,2
11654,5.205025550473807,5.271841606536499,0.06681605606269159,4
11655,6.277623891489524,5.365487984890899,-0.9121359065986248,6
11656,6.124518697634745,5.365487984890899,-0.7590307127438454,10
11657,6.334424493613688,5.365487984890899,-0.9689365087227886,3
11658,6.250957767491008,5.365487984890899,-0.8854697826001088,8
11659,6.421730227874418,5.365487984890899,-1.0562422429835188,7
11660,6.243711929864487,5.365487984890899,-0.8782239449735876,2
11661,6.421613619836413,5.365487984890899,-1.0561256349455137,5
11662,6.349468383459626,5.365487984890899,-0.9839803985687263,1
11663,6.044773848402675,5.365487984890899,-0.679285863511776,9
11664,6.6557314188206735,6.778874472002739,0.12314305318206564,10
11665,6.617494736275023,6.778874472002739,0.16137973572771624,7
11666,6.743771046703304,6.778874472002739,0.03510342529943511,9
11667,6.517270420449631,6.778874472002739,0.2616040515531086,6
11668,6.887198108508493,6.778874472002739,-0.10832363650575338,5
11669,6.649744854694076,6.778874472002739,0.12912961730866357,8
11670,6.644110193024829,6.778874472002739,0.13476427897790977,2
11671,6.703439341298578,6.778874472002739,0.07543513070416097,4
11672,6.686596098355806,6.778874472002739,0.09227837364693325,1
11673,6.423022174727313,5.880813592280791,-0.5422085824465217,6
11674,6.431394989475286,5.880813592280791,-0.5505813971944944,3
11675,6.2934850803716476,5.880813592280791,-0.4126714880908562,2
11676,6.456357440001273,5.880813592280791,-0.575543847720482,4
11677,6.4179860351891165,5.880813592280791,-0.5371724429083251,5
11678,6.132687965979632,5.880813592280791,-0.2518743736988407,9
11679,6.443470609252497,5.880813592280791,-0.5626570169717056,1
11680,6.50734242401875,5.880813592280791,-0.6265288317379589,7
11681,6.509203207613303,5.880813592280791,-0.6283896153325115,8
11682,6.314499714781017,6.3979400086720375,0.08344029389102037,9
11683,6.3630638260548995,6.3979400086720375,0.034876182617137985,7
11684,6.268242449213433,6.3979400086720375,0.12969755945860406,2
11685,6.29634480209547,6.3979400086720375,0.10159520657656707,10
11686,6.390749859809121,6.3979400086720375,0.007190148862916246,4
11687,6.382504619666778,6.3979400086720375,0.015435389005259204,8
11688,6.402427469994956,6.3979400086720375,-0.004487461322918662,5
11689,6.286932403401987,6.3979400086720375,0.11100760527005082,3
11690,6.416786100912346,6.3979400086720375,-0.018846092240308643,1
11691,6.128105025487647,6.377563035549853,0.24945801006220591,2
11692,6.055708157876274,6.377563035549853,0.32185487767357923,4
11693,5.730711743621575,6.377563035549853,0.6468512919282778,8
11694,5.967225361416974,6.377563035549853,0.41033767413287947,10
11695,6.004241100282087,6.377563035549853,0.37332193526776614,7
11696,5.9883533034197995,6.377563035549853,0.3892097321300536,9
11697,6.282387324473894,6.377563035549853,0.09517571107595924,3
11698,6.050775310034633,6.377563035549853,0.32678772551521984,5
11699,5.606071351414993,6.377563035549853,0.77149168413486,6
11700,6.2135786450091,5.518513939877887,-0.6950647051312133,3
11701,5.991296674927197,5.518513939877887,-0.4727827350493099,10
11702,6.2560562601441925,5.518513939877887,-0.7375423202663054,1
11703,6.159307071577515,5.518513939877887,-0.6407931316996276,5
11704,6.295976477677983,5.518513939877887,-0.7774625378000959,6
11705,6.293064646156632,5.518513939877887,-0.7745507062787453,4
11706,6.056437804118905,5.518513939877887,-0.5379238642410176,2
11707,6.219868809613961,5.518513939877887,-0.7013548697360736,7
11708,6.205333017009143,5.518513939877887,-0.6868190771312559,8
11709,6.2749144699138855,4.698970004336019,-1.5759444655778667,1
11710,6.1349237573021425,4.698970004336019,-1.4359537529661237,6
11711,6.084898966180766,4.698970004336019,-1.3859289618447477,2
11712,5.758717560903885,4.698970004336019,-1.0597475565678662,9
11713,5.841021303145077,4.698970004336019,-1.1420512988090579,10
11714,6.142754302564808,4.698970004336019,-1.4437842982287892,8
11715,6.18478037209977,4.698970004336019,-1.4858103677637509,3
11716,6.175452114241663,4.698970004336019,-1.4764821099056444,5
11717,6.297091077223634,4.698970004336019,-1.598121072887615,4
11718,6.170969795773902,5.949390006644912,-0.2215797891289899,5
11719,6.193948327387003,5.949390006644912,-0.24455832074209027,8
11720,5.8728162550201635,5.949390006644912,0.07657375162474889,10
11721,5.794411090812487,5.949390006644912,0.15497891583242573,9
11722,6.08841022145979,5.949390006644912,-0.13902021481487736,6
11723,6.039621195871564,5.949390006644912,-0.09023118922665141,2
11724,6.26331869416743,5.949390006644912,-0.3139286875225178,7
11725,6.135647034856437,5.949390006644912,-0.186257028211525,3
11726,6.291673561834975,5.949390006644912,-0.3422835551900629,4
11727,6.307248941815533,6.247924190766308,-0.059324751049224744,4
11728,5.99394736202731,6.247924190766308,0.2539768287389981,10
11729,6.355391416902535,6.247924190766308,-0.10746722613622683,3
11730,6.138893510947207,6.247924190766308,0.1090306798191012,2
11731,6.250245277097889,6.247924190766308,-0.0023210863315812347,7
11732,6.249178003609333,6.247924190766308,-0.0012538128430250595,8
11733,6.056024794995756,6.247924190766308,0.1918993957705517,9
11734,6.176785299533862,6.247924190766308,0.07113889123244554,1
11735,6.183516931520423,6.247924190766308,0.0644072592458853,5
11736,6.131178164277474,7.602059991327962,1.470881827050488,3
11737,5.927486926172833,7.602059991327962,1.674573065155129,7
11738,5.827855774618147,7.602059991327962,1.7742042167098147,2
11739,6.038031708989999,7.602059991327962,1.5640282823379623,4
11740,5.6774824410271165,7.602059991327962,1.924577550300845,10
11741,5.82619423716847,7.602059991327962,1.7758657541594918,6
11742,5.971320912890058,7.602059991327962,1.6307390784379034,5
11743,6.059239629622986,7.602059991327962,1.542820361704976,1
11744,5.551348347864572,7.602059991327962,2.05071164346339,9
11745,6.0495165318793065,5.553883026643875,-0.4956335052354319,9
11746,5.9002636230193,5.553883026643875,-0.3463805963754254,3
11747,6.032004743036067,5.553883026643875,-0.4781217163921925,10
11748,5.814389909877247,5.553883026643875,-0.2605068832333721,8
11749,5.946196116863883,5.553883026643875,-0.39231309022000804,6
11750,5.931370758660517,5.553883026643875,-0.3774877320166423,2
11751,6.096254552000494,5.553883026643875,-0.5423715253566197,7
11752,6.095876681189975,5.553883026643875,-0.5419936545461006,5
11753,6.190633627508205,5.553883026643875,-0.63675060086433,1
11754,6.287990128754007,6.278753600952829,-0.00923652780117834,7
11755,6.000770328603856,6.278753600952829,0.2779832723489726,2
11756,6.1991959480501375,6.278753600952829,0.07955765290269134,3
11757,6.206920897651478,6.278753600952829,0.07183270330135105,5
11758,6.123572763503936,6.278753600952829,0.155180837448893,1
11759,6.105356112454563,6.278753600952829,0.1733974884982663,6
11760,6.331794756553747,6.278753600952829,-0.053041155600918266,4
11761,6.2093865496775065,6.278753600952829,0.06936705127532239,8
11762,5.86424146188523,6.278753600952829,0.41451213906759854,10
11763,6.731638200448323,6.445311461756064,-0.2863267386922592,7
11764,6.750458279004803,6.445311461756064,-0.3051468172487395,2
11765,6.780522942114049,6.445311461756064,-0.33521148035798554,4
11766,6.78301521413598,6.445311461756064,-0.337703752379916,8
11767,6.657072506736184,6.445311461756064,-0.21176104498012016,9
11768,6.847857033765828,6.445311461756064,-0.40254557200976393,1
11769,6.54260296911595,6.445311461756064,-0.0972915073598859,3
11770,6.578558780482039,6.445311461756064,-0.13324731872597528,10
11771,6.633432410417488,6.445311461756064,-0.1881209486614246,6
11772,5.950231500911854,5.622214022966295,-0.3280174779455587,7
11773,5.815674985176757,5.622214022966295,-0.1934609622104615,1
11774,5.748303245584092,5.622214022966295,-0.12608922261779654,2
11775,5.83084229452994,5.622214022966295,-0.2086282715636445,9
11776,5.802364987997747,5.622214022966295,-0.18015096503145145,8
11777,5.954998539416715,5.622214022966295,-0.3327845164504195,4
11778,5.9382519626017904,5.622214022966295,-0.3160379396354953,6
11779,5.901582846401886,5.622214022966295,-0.27936882343559066,5
11780,5.907821825055714,5.622214022966295,-0.2856078020894186,10
11781,6.1614694246771124,6.201397124320452,0.03992769964333931,5
11782,6.337172078716273,6.201397124320452,-0.13577495439582155,7
11783,6.19490315866031,6.201397124320452,0.0064939656601419316,6
11784,6.14664171672833,6.201397124320452,0.05475540759212194,1
11785,5.8891471816005945,6.201397124320452,0.3122499427198573,9
11786,6.017915464298164,6.201397124320452,0.18348166002228794,10
11787,6.164697077469781,6.201397124320452,0.03670004685067063,3
11788,6.077905544068827,6.201397124320452,0.12349158025162499,2
11789,6.267356229579703,6.201397124320452,-0.06595910525925142,8
11790,5.268617726880692,6.176091259055681,0.9074735321749889,2
11791,5.113481024972603,6.176091259055681,1.0626102340830785,9
11792,5.139707866511118,6.176091259055681,1.036383392544563,10
11793,5.747637786398381,6.176091259055681,0.42845347265730016,3
11794,5.508769283223294,6.176091259055681,0.6673219758323876,1
11795,5.462838495571243,6.176091259055681,0.7132527634844381,5
11796,5.602855774483494,6.176091259055681,0.5732354845721872,7
11797,5.546664087294592,6.176091259055681,0.6294271717610895,4
11798,5.688000523052648,6.176091259055681,0.4880907360030333,6
11799,5.761355330010954,5.927370363039024,0.16601503302807075,6
11800,6.100532437718146,5.927370363039024,-0.17316207467912115,7
11801,6.0657333141668675,5.927370363039024,-0.13836295112784303,4
11802,5.973411606816823,5.927370363039024,-0.04604124377779861,2
11803,5.920267906004849,5.927370363039024,0.007102457034175558,5
11804,5.947744925175897,5.927370363039024,-0.0203745621368725,10
11805,6.0080904382016636,5.927370363039024,-0.08072007516263913,8
11806,6.058973965611852,5.927370363039024,-0.13160360257282733,9
11807,5.914739122095733,5.927370363039024,0.012631240943291822,1
11808,6.016778597836556,6.079181246047625,0.062402648211069334,3
11809,5.599479612114698,6.079181246047625,0.479701633932927,9
11810,5.753006527778017,6.079181246047625,0.3261747182696082,2
11811,5.808377607267153,6.079181246047625,0.270803638780472,1
11812,5.906708227978177,6.079181246047625,0.17247301806944826,8
11813,5.612436069489409,6.079181246047625,0.46674517655821646,10
11814,5.805799103486611,6.079181246047625,0.27338214256101434,5
11815,5.910661826564197,6.079181246047625,0.1685194194834283,6
11816,5.895428653981493,6.079181246047625,0.18375259206613226,4
11817,6.170149271768949,6.2405492482826,0.07039997651365137,8
11818,6.360047859847297,6.2405492482826,-0.11949861156469677,3
11819,5.79584284566656,6.2405492482826,0.4447064026160401,10
11820,6.3782758024572255,6.2405492482826,-0.1377265541746251,4
11821,6.343786228704127,6.2405492482826,-0.10323698042152696,7
11822,6.248343427146245,6.2405492482826,-0.007794178863644419,5
11823,5.650973514795182,6.2405492482826,0.5895757334874183,9
11824,6.053140329391649,6.2405492482826,0.18740891889095135,2
11825,6.216279830137016,6.2405492482826,0.024269418145584254,1
11826,5.82019696839654,5.891147030448771,0.07095006205223076,10
11827,6.181671313189706,5.891147030448771,-0.2905242827409351,7
11828,5.977229423349007,5.891147030448771,-0.08608239290023612,2
11829,6.064702402272814,5.891147030448771,-0.17355537182404301,8
11830,6.119260925015889,5.891147030448771,-0.2281138945671186,3
11831,6.0969327679054865,5.891147030448771,-0.2057857374567158,1
11832,5.577921098006882,5.891147030448771,0.3132259324418891,9
11833,6.044886301280672,5.891147030448771,-0.15373927083190164,5
11834,6.225630964655228,5.891147030448771,-0.3344839342064576,4
11835,5.6660815442057695,6.0,0.3339184557942305,1
11836,5.750440427646436,6.0,0.24955957235356419,7
11837,5.626066498800461,6.0,0.37393350119953883,5
11838,5.400123262027345,6.0,0.5998767379726546,9
11839,5.777930089730526,6.0,0.2220699102694743,4
11840,5.704386717622309,6.0,0.29561328237769136,8
11841,5.714477044308238,6.0,0.28552295569176156,3
11842,5.533093702785685,6.0,0.4669062972143152,10
11843,5.694543594065814,6.0,0.3054564059341862,2
11844,6.1642605659879415,5.847572659142112,-0.3166879068458295,10
11845,6.109354609310702,5.847572659142112,-0.26178195016859007,8
11846,6.19127526921021,5.847572659142112,-0.34370261006809777,1
11847,6.271406009514231,5.847572659142112,-0.423833350372119,5
11848,6.202582523548461,5.847572659142112,-0.3550098644063491,9
11849,5.984210551059087,5.847572659142112,-0.13663789191697528,2
11850,6.164454931988993,5.847572659142112,-0.31688227284688075,3
11851,6.211861258652465,5.847572659142112,-0.36428859951035264,7
11852,5.980646438393281,5.847572659142112,-0.13307377925116892,6
11853,6.0484681522195745,5.931966114728173,-0.11650203749140164,1
11854,6.164273383592307,5.931966114728173,-0.2323072688641341,4
11855,5.945001767765781,5.931966114728173,-0.013035653037608341,2
11856,6.215610899094825,5.931966114728173,-0.2836447843666523,7
11857,6.2830446867701335,5.931966114728173,-0.3510785720419607,5
11858,6.033252683748105,5.931966114728173,-0.1012865690199325,8
11859,5.906619378238035,5.931966114728173,0.025346736490138078,9
11860,6.085264811075819,5.931966114728173,-0.1532986963476466,6
11861,6.0513815450292885,5.931966114728173,-0.11941543030111568,10
11862,5.622519367881428,5.146778989307833,-0.47574037857359475,3
11863,5.609303759774715,5.146778989307833,-0.46252477046688156,7
11864,5.550240060935021,5.146778989307833,-0.4034610716271878,8
11865,5.630595567618568,5.146778989307833,-0.48381657831073444,4
11866,5.3618079365258176,5.146778989307833,-0.21502894721798427,10
11867,5.3516642398129965,5.146778989307833,-0.20488525050516326,9
11868,5.531128835210156,5.146778989307833,-0.3843498459023227,5
11869,5.492096910077871,5.146778989307833,-0.34531792077003765,1
11870,5.592065478231199,5.146778989307833,-0.4452864889233661,2
11871,5.838842671232288,5.079181246047625,-0.759661425184663,3
11872,5.829405937251709,5.079181246047625,-0.7502246912040835,10
11873,5.79189391868482,5.079181246047625,-0.7127126726371946,5
11874,5.91138953038924,5.079181246047625,-0.8322082843416148,6
11875,5.875378773241181,5.079181246047625,-0.7961975271935557,2
11876,6.0328438078286455,5.079181246047625,-0.9536625617810204,4
11877,5.988331767541675,5.079181246047625,-0.9091505214940501,7
11878,5.477731000907344,5.079181246047625,-0.3985497548597188,9
11879,5.922277192548356,5.079181246047625,-0.843095946500731,8
11880,4.989963600485332,5.021189299069938,0.03122569858460622,6
11881,4.8808550110366475,5.021189299069938,0.14033428803329073,2
11882,4.893891189973823,5.021189299069938,0.12729810909611494,1
11883,4.873594837685588,5.021189299069938,0.14759446138435006,5
11884,5.111316952566283,5.021189299069938,-0.09012765349634488,8
11885,4.769293540635982,5.021189299069938,0.25189575843395584,10
11886,5.052162247519364,5.021189299069938,-0.030972948449425886,4
11887,4.892013061372818,5.021189299069938,0.12917623769711994,7
11888,4.545165362962464,5.021189299069938,0.47602393610747384,9
11889,5.570525995921498,6.0,0.4294740040785019,10
11890,5.571183912263685,6.0,0.4288160877363154,4
11891,5.540782932364599,6.0,0.45921706763540104,1
11892,5.699835743590653,6.0,0.30016425640934674,8
11893,5.500696583574249,6.0,0.49930341642575105,5
11894,5.4600767246487045,6.0,0.5399232753512955,3
11895,5.597103918657029,6.0,0.4028960813429707,6
11896,5.3493848329899745,6.0,0.6506151670100255,2
11897,5.431641394640596,6.0,0.5683586053594043,7
11898,5.8464562518740015,6.008600171761918,0.16214391988791643,2
11899,5.628325016656324,6.008600171761918,0.3802751551055943,9
11900,5.9489198117696125,6.008600171761918,0.059680359992305476,1
11901,5.857165417692806,6.008600171761918,0.1514347540691121,3
11902,5.967991652744357,6.008600171761918,0.04060851901756113,8
11903,5.719330141743039,6.008600171761918,0.2892700300188791,5
11904,5.837118390216352,6.008600171761918,0.17148178154556604,10
11905,5.7634116600698055,6.008600171761918,0.24518851169211242,7
11906,5.926885819309168,6.008600171761918,0.08171435245275038,4
11907,6.194201208204129,6.220108088040055,0.025906879835925878,10
11908,6.000891609937915,6.220108088040055,0.2192164781021404,5
11909,5.961330445431169,6.220108088040055,0.25877764260888636,9
11910,5.9257219851482015,6.220108088040055,0.2943861028918535,6
11911,5.961090000020565,6.220108088040055,0.25901808801948967,8
11912,5.86659260243354,6.220108088040055,0.3535154856065148,3
11913,6.194265826156472,6.220108088040055,0.025842261883583184,4
11914,6.084343788880242,6.220108088040055,0.13576429915981336,1
11915,6.01191818448048,6.220108088040055,0.20818990355957467,2
11916,6.125544720770898,6.214843848047698,0.08929912727680023,7
11917,6.06394712623084,6.214843848047698,0.1508967218168582,9
11918,6.131751452202543,6.214843848047698,0.0830923958451546,6
11919,6.046968118635515,6.214843848047698,0.16787572941218265,5
11920,6.0396984230052,6.214843848047698,0.17514542504249775,2
11921,6.0721357928991795,6.214843848047698,0.14270805514851848,8
11922,6.040529140589154,6.214843848047698,0.17431470745854405,3
11923,6.152158108755808,6.214843848047698,0.06268573929189003,10
11924,6.21234763919404,6.214843848047698,0.0024962088536577554,4
11925,6.065202445940513,6.113943352306837,0.04874090636632378,1
11926,6.114860750760812,6.113943352306837,-0.0009173984539749824,8
11927,6.111632465475112,6.113943352306837,0.0023108868317249787,10
11928,5.928378048106288,6.113943352306837,0.18556530420054873,9
11929,5.912880784334788,6.113943352306837,0.20106256797204924,3
11930,5.972678240425737,6.113943352306837,0.1412651118810997,6
11931,5.998924460924183,6.113943352306837,0.11501889138265398,2
11932,6.162858895375104,6.113943352306837,-0.04891554306826684,7
11933,6.225732372883731,6.113943352306837,-0.11178902057689388,4
11934,5.700420527586651,6.257051875069349,0.556631347482698,9
11935,5.688958428163553,6.257051875069349,0.5680934469057961,1
11936,5.737488541200994,6.257051875069349,0.519563333868355,7
11937,5.78145279822092,6.257051875069349,0.47559907684842884,4
11938,5.752540716594588,6.257051875069349,0.5045111584747612,2
11939,5.555798228414738,6.257051875069349,0.7012536466546111,3
11940,5.689698369186865,6.257051875069349,0.5673535058824841,8
11941,5.867269700956066,6.257051875069349,0.3897821741132832,10
11942,5.638484424286141,6.257051875069349,0.6185674507832077,5
11943,4.833108354200491,5.2552725051033065,0.4221641509028151,3
11944,5.2169938439812915,5.2552725051033065,0.038278661122014945,8
11945,4.718849665342811,5.2552725051033065,0.5364228397604958,6
11946,5.130813804531391,5.2552725051033065,0.12445870057191577,10
11947,4.912016637747938,5.2552725051033065,0.34325586735536806,4
11948,5.013068838767844,5.2552725051033065,0.2422036663354623,7
11949,4.932281757139751,5.2552725051033065,0.32299074796355587,1
11950,5.043005092087725,5.2552725051033065,0.2122674130155815,2
11951,4.818898634455348,5.2552725051033065,0.43637387064795874,5
11952,6.176381228414719,6.041392685158225,-0.1349885432564939,2
11953,5.985386801497586,6.041392685158225,0.05600588366063963,9
11954,6.148704690710394,6.041392685158225,-0.1073120055521688,6
11955,6.267638654600276,6.041392685158225,-0.22624596944205067,7
11956,6.323543582966512,6.041392685158225,-0.28215089780828695,4
11957,6.100462263593492,6.041392685158225,-0.059069578435266834,3
11958,6.143928191355666,6.041392685158225,-0.1025355061974409,10
11959,6.242272868635189,6.041392685158225,-0.200880183476964,5
11960,6.112482455162536,6.041392685158225,-0.07108977000431072,8
11961,6.508469996771927,6.6020599913279625,0.09358999455603545,7
11962,6.411301804937652,6.6020599913279625,0.19075818639031095,3
11963,6.496715709715468,6.6020599913279625,0.10534428161249476,8
11964,6.744032187499779,6.6020599913279625,-0.14197219617181656,9
11965,6.790793971043282,6.6020599913279625,-0.18873397971531958,5
11966,6.606825480638005,6.6020599913279625,-0.00476548931004217,1
11967,6.61525597165008,6.6020599913279625,-0.013195980322117329,2
11968,6.672612982658038,6.6020599913279625,-0.07055299133007509,10
11969,6.420627346022228,6.6020599913279625,0.18143264530573422,6
11970,6.08568223854351,4.986771734266245,-1.0989105042772644,9
11971,6.378249631918248,4.986771734266245,-1.3914778976520026,7
11972,6.369715767133929,4.986771734266245,-1.3829440328676839,8
11973,6.347347548687629,4.986771734266245,-1.3605758144213835,4
11974,6.213625354760497,4.986771734266245,-1.2268536204942517,3
11975,6.174323517448831,4.986771734266245,-1.1875517831825855,10
11976,6.257275703462528,4.986771734266245,-1.270503969196283,5
11977,6.300379549169045,4.986771734266245,-1.3136078149027997,6
11978,6.238560013426347,4.986771734266245,-1.2517882791601016,2
11979,6.113908387139813,6.08278537031645,-0.03112301682336316,3
11980,6.085137282259641,6.08278537031645,-0.002351911943191176,10
11981,6.264460760098482,6.08278537031645,-0.1816753897820318,1
11982,6.279217583995327,6.08278537031645,-0.19643221367887698,4
11983,6.149546780675642,6.08278537031645,-0.06676141035919247,2
11984,6.269214605409273,6.08278537031645,-0.18642923509282294,8
11985,6.192736623879597,6.08278537031645,-0.10995125356314706,6
11986,6.138845879219246,6.08278537031645,-0.0560605089027959,5
11987,5.924955847254066,6.08278537031645,0.15782952306238407,9
11988,5.924064289981338,5.181843587944773,-0.7422207020365654,2
11989,5.822692297396929,5.181843587944773,-0.6408487094521567,3
11990,5.971998014307122,5.181843587944773,-0.7901544263623492,8
11991,5.963029713996412,5.181843587944773,-0.7811861260516393,1
11992,5.787744262638257,5.181843587944773,-0.6059006746934843,9
11993,5.952359608549993,5.181843587944773,-0.7705160206052204,4
11994,5.975039855873455,5.181843587944773,-0.7931962679286828,7
11995,5.84871814551956,5.181843587944773,-0.6668745575747872,5
11996,5.880563536127148,5.181843587944773,-0.6987199481823758,6
11997,6.265349428743877,5.687261346243506,-0.5780880825003711,5
11998,6.221871601447221,5.687261346243506,-0.5346102552037149,2
11999,6.326061313652058,5.687261346243506,-0.638799967408552,1
12000,6.099016650575233,5.687261346243506,-0.41175530433172636,6
12001,6.293930871090847,5.687261346243506,-0.6066695248473408,9
12002,6.307901286044033,5.687261346243506,-0.6206399398005269,4
12003,6.234402556623758,5.687261346243506,-0.5471412103802518,8
12004,6.314186630022657,5.687261346243506,-0.6269252837791504,10
12005,6.244493672410881,5.687261346243506,-0.5572323261673748,7
12006,5.910032262481649,6.2455126678141495,0.33548040533250045,4
12007,5.848032881829057,6.2455126678141495,0.3974797859850927,5
12008,5.574751939530425,6.2455126678141495,0.6707607282837245,8
12009,5.986871642731806,6.2455126678141495,0.2586410250823432,10
12010,6.056285514828443,6.2455126678141495,0.18922715298570658,2
12011,5.456784961091835,6.2455126678141495,0.7887277067223142,6
12012,5.927200431026075,6.2455126678141495,0.3183122367880742,1
12013,5.927770877378863,6.2455126678141495,0.31774179043528683,9
12014,5.849220344477622,6.2455126678141495,0.3962923233365272,7
12015,5.746284561538619,6.776327733563306,1.030043172024687,10
12016,5.778721171653823,6.776327733563306,0.9976065619094836,2
12017,6.0753746143281875,6.776327733563306,0.7009531192351188,1
12018,6.103636956899671,6.776327733563306,0.672690776663635,8
12019,5.9413990937984655,6.776327733563306,0.8349286397648408,3
12020,5.8722460626861395,6.776327733563306,0.9040816708771668,5
12021,6.048309319667337,6.776327733563306,0.7280184138959696,6
12022,5.780061620896115,6.776327733563306,0.9962661126671915,9
12023,6.139147025473782,6.776327733563306,0.6371807080895247,4
12024,6.152191301297333,6.056904851336473,-0.09528644996086033,4
12025,5.99363756206218,6.056904851336473,0.06326728927429315,3
12026,6.140099079588746,6.056904851336473,-0.08319422825227285,1
12027,5.97716817334865,6.056904851336473,0.0797366779878228,2
12028,6.070871039613984,6.056904851336473,-0.013966188277511726,7
12029,5.948397037456541,6.056904851336473,0.1085078138799318,9
12030,6.062955101199154,6.056904851336473,-0.006050249862680879,8
12031,5.979322727828706,6.056904851336473,0.07758212350776628,5
12032,6.008858387145357,6.056904851336473,0.04804646419111602,10
12033,5.8714036665324905,6.113943352306837,0.24253968577434648,2
12034,6.0819668111094485,6.113943352306837,0.031976541197388464,4
12035,5.963766990237467,6.113943352306837,0.15017636206937013,7
12036,6.045722042016229,6.113943352306837,0.06822131029060774,9
12037,5.717151027604232,6.113943352306837,0.39679232470260484,3
12038,5.72117033901242,6.113943352306837,0.39277301329441716,8
12039,5.950655984112415,6.113943352306837,0.16328736819442202,5
12040,5.898870598345685,6.113943352306837,0.21507275396115233,6
12041,6.070110304302751,6.113943352306837,0.04383304800408627,1
12042,5.9253832754096765,6.441176499941076,0.5157932245313992,3
12043,5.675968816894752,6.441176499941076,0.7652076830463237,9
12044,6.00026291401226,6.441176499941076,0.4409135859288158,8
12045,5.947810815905653,6.441176499941076,0.4933656840354228,5
12046,5.8594961392283365,6.441176499941076,0.5816803607127392,10
12047,6.103966856974304,6.441176499941076,0.3372096429667719,7
12048,5.989128129597461,6.441176499941076,0.4520483703436149,6
12049,6.133121176324143,6.441176499941076,0.3080553236169328,4
12050,5.997154962259083,6.441176499941076,0.4440215376819925,2
12051,5.9896170900050345,5.332438459915605,-0.6571786300894296,5
12052,5.996941175103506,5.332438459915605,-0.6645027151879015,6
12053,6.029142071926095,5.332438459915605,-0.6967036120104897,2
12054,5.862540272498814,5.332438459915605,-0.5301018125832089,10
12055,5.942482170050685,5.332438459915605,-0.6100437101350797,3
12056,6.132895078609179,5.332438459915605,-0.8004566186935742,7
12057,6.01555974040187,5.332438459915605,-0.6831212804862652,8
12058,5.7313699134352,5.332438459915605,-0.39893145351959536,9
12059,6.1557372356925235,5.332438459915605,-0.8232987757769186,4
12060,6.118230200508402,5.710117365111817,-0.4081128353965857,1
12061,6.179013511089583,5.710117365111817,-0.46889614597776674,7
12062,6.150151083616395,5.710117365111817,-0.4400337185045782,8
12063,6.030727751501206,5.710117365111817,-0.3206103863893892,2
12064,5.830566574244441,5.710117365111817,-0.12044920913262391,9
12065,6.190242864297088,5.710117365111817,-0.48012549918527103,4
12066,5.987467509459322,5.710117365111817,-0.2773501443475057,10
12067,5.945571050700436,5.710117365111817,-0.23545368558861934,3
12068,6.0437119669885595,5.710117365111817,-0.33359460187674284,6
12069,5.615349325958942,6.008600171761918,0.3932508458029762,9
12070,5.9027941484451,6.008600171761918,0.1058060233168181,3
12071,5.979852789494275,6.008600171761918,0.028747382267643395,8
12072,6.091968082827838,6.008600171761918,-0.08336791106592045,1
12073,5.973055300472816,6.008600171761918,0.035544871289102,6
12074,6.105372453783702,6.008600171761918,-0.09677228202178423,4
12075,5.9010479586330264,6.008600171761918,0.10755221312889152,5
12076,5.852957834947638,6.008600171761918,0.15564233681427986,10
12077,6.07033010077056,6.008600171761918,-0.06172992900864216,7
12078,6.1827077941390955,5.552668216112194,-0.6300395780269019,6
12079,6.0995220519523015,5.552668216112194,-0.5468538358401078,7
12080,6.006074716072454,5.552668216112194,-0.45340649996026006,9
12081,6.0177370208221275,5.552668216112194,-0.46506880470993384,10
12082,6.115799046812835,5.552668216112194,-0.5631308307006417,3
12083,6.167086058528715,5.552668216112194,-0.614417842416521,4
12084,6.064761525991643,5.552668216112194,-0.5120933098794493,2
12085,6.111216081079138,5.552668216112194,-0.5585478649669442,8
12086,6.058799803276917,5.552668216112194,-0.506131587164723,1
12087,5.313797329664913,5.093421685162235,-0.22037564450267855,7
12088,5.411734659559302,5.093421685162235,-0.3183129743970676,10
12089,5.460709781987668,5.093421685162235,-0.3672880968254333,8
12090,5.157103520167369,5.093421685162235,-0.06368183500513425,9
12091,5.481667190047671,5.093421685162235,-0.3882455048854361,1
12092,5.212889406802789,5.093421685162235,-0.11946772164055464,5
12093,5.455400012924287,5.093421685162235,-0.36197832776205185,4
12094,5.343268603882043,5.093421685162235,-0.24984691871980846,2
12095,5.543622793466683,5.093421685162235,-0.45020110830444793,3
12096,5.709573445626698,4.6020599913279625,-1.1075134542987355,5
12097,5.840283434870465,4.6020599913279625,-1.2382234435425028,8
12098,5.720839219453982,4.6020599913279625,-1.1187792281260194,2
12099,5.803885060995334,4.6020599913279625,-1.2018250696673718,3
12100,5.909292570393769,4.6020599913279625,-1.3072325790658068,1
12101,5.455163993685319,4.6020599913279625,-0.8531040023573562,9
12102,5.693467578296511,4.6020599913279625,-1.0914075869685487,10
12103,5.621924033461543,4.6020599913279625,-1.0198640421335803,6
12104,5.7132268160618835,4.6020599913279625,-1.111166824733921,7
12105,6.2697418642788945,5.895422546039408,-0.37431931823948617,4
12106,6.192580973336248,5.895422546039408,-0.2971584272968393,10
12107,6.544124985727859,5.895422546039408,-0.6487024396884511,9
12108,6.380351624385795,5.895422546039408,-0.48492907834638643,6
12109,6.129350803253307,5.895422546039408,-0.23392825721389876,3
12110,6.531207914773707,5.895422546039408,-0.6357853687342985,8
12111,6.467279324520076,5.895422546039408,-0.5718567784806678,5
12112,6.222223819150129,5.895422546039408,-0.3268012731107204,2
12113,6.276749102528976,5.895422546039408,-0.3813265564895678,7
12114,7.2454818034156405,6.100752969451338,-1.1447288339643027,3
12115,7.176426842272629,6.100752969451338,-1.075673872821291,2
12116,7.480003064910416,6.100752969451338,-1.3792500954590778,4
12117,6.167717871707911,6.100752969451338,-0.06696490225657303,7
12118,7.2820289270503915,6.100752969451338,-1.1812759575990537,6
12119,6.931518296708312,6.100752969451338,-0.8307653272569739,10
12120,7.254825187415219,6.100752969451338,-1.154072217963881,8
12121,7.198684682976981,6.100752969451338,-1.097931713525643,5
12122,6.745179247583763,6.100752969451338,-0.6444262781324248,9
12123,5.84999783284511,6.0,0.15000216715488968,2
12124,5.686076922070682,6.0,0.31392307792931806,3
12125,5.816765799114122,6.0,0.18323420088587827,6
12126,5.927915403802913,6.0,0.07208459619708663,5
12127,6.077045532891819,6.0,-0.0770455328918187,1
12128,6.048327516944513,6.0,-0.04832751694451343,10
12129,5.952056972740861,6.0,0.047943027259139015,7
12130,5.6793743930358245,6.0,0.3206256069641755,8
12131,6.017222074684164,6.0,-0.017222074684164035,9
12132,5.966158850783338,5.788875115775417,-0.17728373500792127,8
12133,6.0894318712046385,5.788875115775417,-0.30055675542922167,10
12134,6.031897672721528,5.788875115775417,-0.2430225569461113,4
12135,5.96589925827648,5.788875115775417,-0.1770241425010628,2
12136,6.059150732755526,5.788875115775417,-0.2702756169801095,9
12137,5.8260897735984,5.788875115775417,-0.03721465782298328,3
12138,5.987959019145395,5.788875115775417,-0.19908390336997783,7
12139,6.135541348706778,5.788875115775417,-0.34666623293136123,1
12140,5.985615790554726,5.788875115775417,-0.196740674779309,5
12141,5.72117033901242,6.176091259055681,0.45492092004326157,8
12142,5.963766990237467,6.176091259055681,0.21232426881821453,7
12143,6.0819668111094485,6.176091259055681,0.09412444794623287,4
12144,5.717151027604232,6.176091259055681,0.45894023145144924,3
12145,5.8714036665324905,6.176091259055681,0.3046875925231909,2
12146,6.034976257288952,6.176091259055681,0.1411150017667291,10
12147,6.070110304302751,6.176091259055681,0.10598095475293068,1
12148,5.898870598345685,6.176091259055681,0.27722066070999674,6
12149,5.950655984112415,6.176091259055681,0.22543527494326643,5
12150,5.69809339500376,5.193124598354461,-0.5049687966492993,4
12151,5.815219603142121,5.193124598354461,-0.6220950047876599,10
12152,5.706413458065167,5.193124598354461,-0.5132888597107055,1
12153,5.562749181867214,5.193124598354461,-0.36962458351275274,8
12154,5.789884213756239,5.193124598354461,-0.596759615401778,9
12155,5.5957053486693775,5.193124598354461,-0.40258075031491636,6
12156,5.486663176763739,5.193124598354461,-0.29353857840927766,3
12157,5.6386659201489575,5.193124598354461,-0.44554132179449635,5
12158,5.667852982555811,5.193124598354461,-0.47472838420134966,2
12159,5.86968317218723,5.051923916046107,-0.8177592561411231,7
12160,5.988002322130693,5.051923916046107,-0.9360784060845857,3
12161,5.96520378983717,5.051923916046107,-0.9132798737910628,6
12162,5.534895732353275,5.051923916046107,-0.4829718163071677,9
12163,5.945537036481972,5.051923916046107,-0.893613120435865,1
12164,5.785620976103635,5.051923916046107,-0.7336970600575281,2
12165,5.8891784700628955,5.051923916046107,-0.8372545540167886,5
12166,5.613902298538466,5.051923916046107,-0.5619783824923594,10
12167,5.909000234681602,5.051923916046107,-0.857076318635495,4
12168,6.2499659762591016,5.756636108245848,-0.4933298680132534,2
12169,6.002579224307475,5.756636108245848,-0.24594311606162655,8
12170,6.031716136979632,5.756636108245848,-0.27508002873378423,10
12171,6.107608636417859,5.756636108245848,-0.35097252817201063,1
12172,5.750443324027078,5.756636108245848,0.006192784218770342,3
12173,5.891218049796029,5.756636108245848,-0.13458194155018077,7
12174,5.9666541694232444,5.756636108245848,-0.2100180611773963,6
12175,6.242302609885793,5.756636108245848,-0.48566650163994485,4
12176,6.259166188362102,5.756636108245848,-0.5025300801162542,5
12177,5.846851305540004,6.431363764158987,0.5845124586189829,6
12178,6.035816530725715,6.431363764158987,0.39554723343327236,2
12179,6.000489885920263,6.431363764158987,0.4308738782387236,5
12180,5.844679437353255,6.431363764158987,0.5866843268057318,10
12181,5.980841764966787,6.431363764158987,0.45052199919220026,3
12182,5.862662170338166,6.431363764158987,0.5687015938208209,9
12183,6.223976321620153,6.431363764158987,0.2073874425388338,8
12184,5.925465105357363,6.431363764158987,0.5058986588016241,1
12185,5.98801944186437,6.431363764158987,0.4433443222946165,4
12186,5.668161316773044,6.0,0.3318386832269562,10
12187,5.691618746104952,6.0,0.3083812538950479,6
12188,5.591250989672043,6.0,0.4087490103279574,2
12189,6.03236108288809,6.0,-0.03236108288809003,8
12190,5.660544162672036,6.0,0.33945583732796436,3
12191,5.723969988703284,6.0,0.276030011296716,7
12192,5.660289617197773,6.0,0.33971038280222743,1
12193,5.4466637621036975,6.0,0.5533362378963025,5
12194,5.718319911417648,6.0,0.28168008858235183,4
12195,6.121564856818683,5.599883072073688,-0.5216817847449953,7
12196,5.932151512099333,5.599883072073688,-0.33226844002564526,6
12197,5.933944266448385,5.599883072073688,-0.33406119437469695,3
12198,5.884585924960578,5.599883072073688,-0.28470285288689023,10
12199,5.684375165917598,5.599883072073688,-0.08449209384391043,9
12200,6.096263567667264,5.599883072073688,-0.4963804955935762,8
12201,5.984459122973598,5.599883072073688,-0.3845760508999101,1
12202,5.986487430864188,5.599883072073688,-0.3866043587905006,5
12203,5.908457256097474,5.599883072073688,-0.30857418402378656,2
12204,6.050765250354119,5.716837723299524,-0.3339275270545947,4
12205,5.980964706962734,5.716837723299524,-0.26412698366320964,9
12206,6.074756542699115,5.716837723299524,-0.3579188193995906,1
12207,5.986554222685139,5.716837723299524,-0.2697164993856145,10
12208,5.885607898040472,5.716837723299524,-0.16877017474094735,6
12209,6.039689847480953,5.716837723299524,-0.32285212418142883,5
12210,6.151425725134199,5.716837723299524,-0.4345880018346744,7
12211,5.950490661612326,5.716837723299524,-0.23365293831280187,3
12212,5.945489886449131,5.716837723299524,-0.228652163149607,2
12213,6.0164681651824194,5.812913356642856,-0.20355480853956376,9
12214,6.082125123908823,5.812913356642856,-0.2692117672659675,1
12215,5.942213015623596,5.812913356642856,-0.1292996589807407,8
12216,5.966083102379518,5.812913356642856,-0.15316974573666275,5
12217,6.107093161260135,5.812913356642856,-0.2941798046172792,7
12218,5.979379071827659,5.812913356642856,-0.16646571518480346,4
12219,6.002268917961793,5.812913356642856,-0.18935556131893705,10
12220,5.940511934872753,5.812913356642856,-0.12759857822989762,2
12221,5.968222756477553,5.812913356642856,-0.15530939983469771,3
12222,6.779990285719056,7.929418925714293,1.1494286399952367,1
12223,6.554873420511285,7.929418925714293,1.3745455052030078,6
12224,6.643833565067679,7.929418925714293,1.285585360646614,8
12225,6.737236762648764,7.929418925714293,1.192182163065529,4
12226,6.592464612099926,7.929418925714293,1.336954313614367,10
12227,6.728128924355897,7.929418925714293,1.2012900013583963,2
12228,6.639219918069528,7.929418925714293,1.2901990076447651,7
12229,6.653781276661134,7.929418925714293,1.2756376490531585,9
12230,6.415475974680998,7.929418925714293,1.513942951033295,3
12231,6.181095071912716,5.862727528317975,-0.31836754359474106,4
12232,6.038274395985009,5.862727528317975,-0.17554686766703398,10
12233,5.990036615981294,5.862727528317975,-0.1273090876633196,2
12234,6.166400463282464,5.862727528317975,-0.30367293496448955,8
12235,5.9199577960665355,5.862727528317975,-0.05723026774856077,5
12236,6.161431517571476,5.862727528317975,-0.29870398925350106,7
12237,6.023379596657587,5.862727528317975,-0.160652068339612,6
12238,5.8655153385354755,5.862727528317975,-0.0027878102175007413,3
12239,5.816793337017363,5.862727528317975,0.045934191300611715,9
12240,5.250909544363014,5.079181246047625,-0.17172829831538916,4
12241,5.441292766642403,5.079181246047625,-0.3621115205947776,3
12242,5.174824581080629,5.079181246047625,-0.09564333503300393,5
12243,5.018769392313607,5.079181246047625,0.06041185373401792,9
12244,5.326293416706067,5.079181246047625,-0.2471121706584416,1
12245,5.4657561504458885,5.079181246047625,-0.38657490439826336,8
12246,5.14581850622561,5.079181246047625,-0.06663726017798499,10
12247,5.381967436692225,5.079181246047625,-0.3027861906445999,7
12248,5.128364739805667,5.079181246047625,-0.04918349375804176,2
12249,5.629834390370898,5.278753600952829,-0.3510807894180692,1
12250,5.526909955264261,5.278753600952829,-0.24815635431143246,3
12251,5.663636301062104,5.278753600952829,-0.3848827001092747,7
12252,5.550725136086651,5.278753600952829,-0.27197153513382233,9
12253,5.466416244101976,5.278753600952829,-0.18766264314914682,2
12254,5.581653532930725,5.278753600952829,-0.3028999319778958,10
12255,5.493914081062068,5.278753600952829,-0.2151604801092395,6
12256,5.567241131777419,5.278753600952829,-0.28848753082459044,8
12257,5.616384605542392,5.278753600952829,-0.3376310045895634,4
12258,5.817565923060232,6.017033339298781,0.1994674162385488,8
12259,6.080204490570669,6.017033339298781,-0.063171151271888,2
12260,6.13451215275517,6.017033339298781,-0.11747881345638955,10
12261,6.198808380397058,6.017033339298781,-0.1817750410982777,7
12262,5.982553524173244,6.017033339298781,0.034479815125536994,5
12263,6.062518821698492,6.017033339298781,-0.04548548239971151,1
12264,6.251714471295716,6.017033339298781,-0.2346811319969353,4
12265,5.650793910969877,6.017033339298781,0.3662394283289041,6
12266,6.184608755420739,6.017033339298781,-0.16757541612195848,9
12267,5.620030089674702,5.176091259055681,-0.44393883061902084,6
12268,5.864261667691657,5.176091259055681,-0.6881704086359752,8
12269,6.019101761015831,5.176091259055681,-0.8430105019601495,9
12270,5.725443477017573,5.176091259055681,-0.5493522179618919,5
12271,5.607410242323122,5.176091259055681,-0.4313189832674409,3
12272,5.962067002930397,5.176091259055681,-0.7859757438747152,7
12273,5.922991623973711,5.176091259055681,-0.7469003649180292,4
12274,5.903271614220369,5.176091259055681,-0.7271803551646876,2
12275,5.7955177206191815,5.176091259055681,-0.6194264615635001,1
12276,5.353120429264915,6.079181246047625,0.7260608167827103,10
12277,5.695224275229298,6.079181246047625,0.38395697081832747,4
12278,5.376958926186274,6.079181246047625,0.7022223198613515,9
12279,5.474060247764129,6.079181246047625,0.6051209982834962,2
12280,5.919713718025875,6.079181246047625,0.15946752802175013,8
12281,5.64281043667734,6.079181246047625,0.4363708093702847,7
12282,5.049073580155511,6.079181246047625,1.030107665892114,5
12283,5.602477373926255,6.079181246047625,0.47670387212137033,3
12284,5.541109501492257,6.079181246047625,0.538071744555368,6
12285,6.625224417390315,6.079181246047625,-0.5460431713426903,5
12286,6.572250379432623,6.079181246047625,-0.49306913338499747,7
12287,6.713328131358064,6.079181246047625,-0.6341468853104386,1
12288,6.770306550170511,6.079181246047625,-0.6911253041228855,4
12289,6.467823950577784,6.079181246047625,-0.3886427045301586,8
12290,6.639745139306719,6.079181246047625,-0.5605638932590935,2
12291,6.721684630590324,6.079181246047625,-0.6425033845426986,6
12292,6.3418911040839925,6.079181246047625,-0.26270985803636737,10
12293,6.303938779160143,6.079181246047625,-0.224757533112518,9
12294,5.223702536463816,5.121559844187501,-0.10214269227631512,10
12295,5.177260744674717,5.121559844187501,-0.05570090048721621,9
12296,5.4642581137736395,5.121559844187501,-0.3426982695861387,6
12297,5.593353294913196,5.121559844187501,-0.4717934507256949,4
12298,5.253158894653295,5.121559844187501,-0.13159905046579468,2
12299,5.347249976794351,5.121559844187501,-0.2256901326068501,7
12300,5.437765331673832,5.121559844187501,-0.31620548748633137,1
12301,5.4330411594259145,5.121559844187501,-0.3114813152384137,5
12302,5.736954897091341,5.121559844187501,-0.6153950529038399,8
12303,5.874937302645865,4.912275210498812,-0.9626620921470526,1
12304,5.675391617887527,4.912275210498812,-0.7631164073887149,2
12305,5.6935456519555645,4.912275210498812,-0.7812704414567522,6
12306,5.547366694099547,4.912275210498812,-0.6350914836007346,5
12307,5.595900105213821,4.912275210498812,-0.6836248947150088,3
12308,5.694355920281383,4.912275210498812,-0.782080709782571,8
12309,5.820493394350021,4.912275210498812,-0.9082181838512087,4
12310,5.703915712911435,4.912275210498812,-0.7916405024126227,7
12311,5.332523357448577,4.912275210498812,-0.4202481469497643,9
12312,5.565935605610882,6.218272853571447,0.6523372479605651,7
12313,5.896583301412293,6.218272853571447,0.32168955215915407,8
12314,5.625749415829468,6.218272853571447,0.5925234377419795,10
12315,5.736312152762365,6.218272853571447,0.4819607008090818,6
12316,5.690964538603825,6.218272853571447,0.5273083149676223,3
12317,5.51986323830443,6.218272853571447,0.6984096152670167,9
12318,5.63508422824089,6.218272853571447,0.5831886253305569,1
12319,5.559510270345499,6.218272853571447,0.6587625832259478,5
12320,5.65058237399027,6.218272853571447,0.5676904795811772,2
12321,5.350904755441918,5.700617195682057,0.3497124402401388,4
12322,5.295517795510068,5.700617195682057,0.40509940017198875,1
12323,5.288195736261513,5.700617195682057,0.41242145942054353,5
12324,5.379440814587373,5.700617195682057,0.32117638109468327,9
12325,5.400215466856212,5.700617195682057,0.3004017288258449,3
12326,5.479299073533057,5.700617195682057,0.22131812214899949,6
12327,5.284287007100312,5.700617195682057,0.4163301885817443,7
12328,5.465020088247535,5.700617195682057,0.235597107434522,2
12329,5.585888908044416,5.700617195682057,0.11472828763764031,8
12330,6.119260925015889,6.924279286061882,0.8050183610459927,3
12331,6.044886301280672,6.924279286061882,0.8793929847812096,5
12332,6.225630964655228,6.924279286061882,0.6986483214066537,4
12333,6.181671313189706,6.924279286061882,0.7426079728721762,7
12334,6.0969327679054865,6.924279286061882,0.8273465181563955,1
12335,6.082372588307612,6.924279286061882,0.8419066977542702,6
12336,6.064702402272814,6.924279286061882,0.8595768837890683,8
12337,5.82019696839654,6.924279286061882,1.104082317665342,10
12338,5.577921098006882,6.924279286061882,1.3463581880550004,9
12339,5.988331767541675,6.134495855834674,0.14616408829299843,7
12340,5.829405937251709,6.134495855834674,0.30508991858296497,10
12341,6.0328438078286455,6.134495855834674,0.10165204800602812,4
12342,5.838842671232288,6.134495855834674,0.29565318460238554,3
12343,5.875378773241181,6.134495855834674,0.25911708259349275,2
12344,5.922277192548356,6.134495855834674,0.21221866328631744,8
12345,5.91138953038924,6.134495855834674,0.22310632544543374,6
12346,5.79189391868482,6.134495855834674,0.3426019371498539,5
12347,5.951972302356965,6.134495855834674,0.18252355347770877,1
12348,5.752742795489737,6.509202522331103,0.7564597268413662,8
12349,5.633211997375582,6.509202522331103,0.8759905249555207,6
12350,5.853623803770767,6.509202522331103,0.6555787185603359,5
12351,6.010118162508615,6.509202522331103,0.4990843598224881,3
12352,6.025732722249298,6.509202522331103,0.48346980008180473,2
12353,5.962192496827646,6.509202522331103,0.5470100255034573,10
12354,5.973643142377317,6.509202522331103,0.5355593799537859,4
12355,5.9131789802209695,6.509202522331103,0.5960235421101334,7
12356,5.951244262768746,6.509202522331103,0.5579582595623567,1
12357,6.122906652031295,6.590507462008583,0.4676008099772879,1
12358,5.949823455109107,6.590507462008583,0.6406840068994759,5
12359,5.983887632516671,6.590507462008583,0.6066198294919118,10
12360,6.153405579538462,6.590507462008583,0.43710188247012116,6
12361,6.004146350522158,6.590507462008583,0.5863611114864247,3
12362,6.138188911098406,6.590507462008583,0.45231855091017703,4
12363,6.099627242237552,6.590507462008583,0.49088021977103136,8
12364,6.073279424116109,6.590507462008583,0.5172280378924743,7
12365,5.847559017964522,6.590507462008583,0.7429484440440612,9
12366,5.973055300472816,5.758911892397974,-0.21414340807484233,6
12367,6.091968082827838,5.758911892397974,-0.3330561904298648,1
12368,5.615349325958942,5.758911892397974,0.14356256643903187,9
12369,5.979852789494275,5.758911892397974,-0.22094089709630094,8
12370,6.07033010077056,5.758911892397974,-0.3114182083725865,7
12371,6.105372453783702,5.758911892397974,-0.34646056138572856,4
12372,5.852957834947638,5.758911892397974,-0.09404594254966447,10
12373,5.960910167170853,5.758911892397974,-0.20199827477287968,2
12374,5.9010479586330264,5.758911892397974,-0.14213606623505282,5
12375,5.939309261519489,6.079181246047625,0.13987198452813576,6
12376,6.082567090594135,6.079181246047625,-0.0033858445465098086,4
12377,5.864812018074287,6.079181246047625,0.21436922797333846,8
12378,6.027082935590455,6.079181246047625,0.05209831045717017,10
12379,6.1037038769711005,6.079181246047625,-0.024522630923475397,1
12380,5.9258218240906375,6.079181246047625,0.1533594219569876,5
12381,5.826270986772093,6.079181246047625,0.2529102592755317,3
12382,5.920020786692315,6.079181246047625,0.1591604593553102,9
12383,5.896852826609421,6.079181246047625,0.18232841943820421,2
12384,6.0328438078286455,6.7626785637274365,0.729834755898791,4
12385,5.829405937251709,6.7626785637274365,0.9332726264757278,10
12386,5.922277192548356,6.7626785637274365,0.8404013711790803,8
12387,5.838842671232288,6.7626785637274365,0.9238358924951484,3
12388,5.477731000907344,6.7626785637274365,1.2849475628200926,9
12389,5.91138953038924,6.7626785637274365,0.8512890333381966,6
12390,5.988331767541675,6.7626785637274365,0.7743467961857613,7
12391,5.79189391868482,6.7626785637274365,0.9707846450426167,5
12392,5.875378773241181,6.7626785637274365,0.8872997904862556,2
12393,5.540203023085631,5.86391737695786,0.32371435387222913,10
12394,5.549548976181735,5.86391737695786,0.31436840077612516,1
12395,5.429901446396833,5.86391737695786,0.43401593056102694,5
12396,5.5990378476329985,5.86391737695786,0.2648795293248618,7
12397,5.615641487343275,5.86391737695786,0.24827588961458513,2
12398,5.607775086727728,5.86391737695786,0.256142290230132,8
12399,5.551480982986964,5.86391737695786,0.31243639397089673,6
12400,5.614145860623715,5.86391737695786,0.24977151633414518,4
12401,5.508690520963677,5.86391737695786,0.35522685599418313,3
12402,6.097261265626314,5.342422680822207,-0.7548385848041077,1
12403,5.947053835741231,5.342422680822207,-0.6046311549190246,3
12404,6.005007409128392,5.342422680822207,-0.662584728306185,4
12405,5.9181203877116575,5.342422680822207,-0.5756977068894509,2
12406,6.188793655373288,5.342422680822207,-0.846370974551081,10
12407,6.16722137712348,5.342422680822207,-0.824798696301273,9
12408,6.108178943532235,5.342422680822207,-0.7657562627100285,5
12409,6.071631007087812,5.342422680822207,-0.7292083262656055,7
12410,5.842289085864444,5.342422680822207,-0.499866405042237,6
12411,4.898509658312776,6.033423755486949,1.1349140971741738,9
12412,4.902974957602009,6.033423755486949,1.1304487978849407,10
12413,5.1371558117496114,6.033423755486949,0.896267943737338,7
12414,5.375579378364226,6.033423755486949,0.6578443771227231,6
12415,5.3609745193888925,6.033423755486949,0.672449236098057,4
12416,5.871507190301813,6.033423755486949,0.16191656518513664,8
12417,4.830094611517139,6.033423755486949,1.2033291439698104,5
12418,5.289339309643278,6.033423755486949,0.7440844458436713,2
12419,5.245188192639063,6.033423755486949,0.7882355628478868,3
12420,5.414994558383662,5.518513939877887,0.10351938149422502,8
12421,5.367331924694084,5.518513939877887,0.15118201518380303,4
12422,5.3725254734410255,5.518513939877887,0.14598846643686159,7
12423,5.228848755518754,5.518513939877887,0.2896651843591327,5
12424,5.308165255407522,5.518513939877887,0.21034868447036548,1
12425,5.3429955896882575,5.518513939877887,0.17551835018962958,6
12426,5.471921555821673,5.518513939877887,0.04659238405621391,2
12427,5.377041879267367,5.518513939877887,0.14147206061052042,10
12428,5.250711684610484,5.518513939877887,0.2678022552674033,9
12429,5.8747232408271595,7.041392685158225,1.166669444331066,8
12430,5.879649758029817,7.041392685158225,1.161742927128408,7
12431,5.836652443127476,7.041392685158225,1.2047402420307494,1
12432,5.703177381078958,7.041392685158225,1.3382153040792675,9
12433,5.835632013362234,7.041392685158225,1.205760671795991,2
12434,5.685835419256634,7.041392685158225,1.3555572659015915,3
12435,5.700529681745625,7.041392685158225,1.3408630034126006,10
12436,5.95297736231008,7.041392685158225,1.088415322848145,4
12437,5.718502021896261,7.041392685158225,1.3228906632619646,6
12438,5.672753241126089,4.678518379040114,-0.9942348620859747,3
12439,5.750591171524967,4.678518379040114,-1.0720727924848523,10
12440,5.738933807692493,4.678518379040114,-1.0604154286523784,2
12441,5.725298759335139,4.678518379040114,-1.0467803802950248,1
12442,5.756714086034122,4.678518379040114,-1.0781957069940074,4
12443,5.81143066606739,4.678518379040114,-1.1329122870272759,8
12444,5.822341525985331,4.678518379040114,-1.1438231469452163,6
12445,5.6429524078543105,4.678518379040114,-0.9644340288141962,5
12446,5.729077136085315,4.678518379040114,-1.0505587570452004,7
12447,5.200747979061889,6.066773037085025,0.8660250580231361,10
12448,5.167909423626887,6.066773037085025,0.898863613458138,9
12449,5.037983573239009,6.066773037085025,1.0287894638460164,1
12450,5.093328075025994,6.066773037085025,0.9734449620590313,4
12451,5.122691113926016,6.066773037085025,0.9440819231590094,7
12452,5.0137534073131755,6.066773037085025,1.0530196297718497,5
12453,5.084819377390013,6.066773037085025,0.9819536596950122,3
12454,5.113956821305107,6.066773037085025,0.9528162157799178,6
12455,5.3186483239177385,6.066773037085025,0.7481247131672868,2
12456,5.859730581490467,5.899820502427096,0.04008992093662922,7
12457,5.810716017212747,5.899820502427096,0.08910448521434944,4
12458,5.6768976109737,5.899820502427096,0.22292289145339605,3
12459,5.629044869506154,5.899820502427096,0.27077563292094275,9
12460,5.805150051055881,5.899820502427096,0.09467045137121577,2
12461,5.94997216281122,5.899820502427096,-0.050151660384123886,1
12462,5.719906740099906,5.899820502427096,0.1799137623271907,5
12463,5.843020612888055,5.899820502427096,0.05679988953904136,6
12464,5.91242817595535,5.899820502427096,-0.012607673528253649,10
12465,5.304296713504345,7.429752280002408,2.1254555664980623,5
12466,5.423373567804953,7.429752280002408,2.0063787121974546,2
12467,5.4969738767316025,7.429752280002408,1.932778403270805,6
12468,5.574025559639243,7.429752280002408,1.8557267203631644,3
12469,5.4233242989895984,7.429752280002408,2.006427981012809,4
12470,5.629748092691198,7.429752280002408,1.8000041873112096,7
12471,5.388797621577462,7.429752280002408,2.040954658424946,1
12472,5.306301213122288,7.429752280002408,2.1234510668801194,10
12473,5.756246598492158,7.429752280002408,1.6735056815102496,8
12474,6.074129314863069,6.612783856719736,0.5386545418566673,1
12475,6.37670093312746,6.612783856719736,0.23608292359227612,5
12476,6.098971265614753,6.612783856719736,0.5138125911049833,6
12477,5.663090882206325,6.612783856719736,0.9496929745134111,9
12478,6.191226577552653,6.612783856719736,0.4215572791670832,10
12479,6.29445809776106,6.612783856719736,0.3183257589586761,4
12480,6.326809396689435,6.612783856719736,0.28597446003030136,2
12481,6.500229257226293,6.612783856719736,0.1125545994934436,3
12482,6.220556467228985,6.612783856719736,0.39222738949075175,7
12483,6.2672177211866105,6.503790683057181,0.23657296187057053,4
12484,6.227011981671865,6.503790683057181,0.27677870138531624,5
12485,5.993666665966463,6.503790683057181,0.5101240170907184,9
12486,6.148909313621379,6.503790683057181,0.35488136943580173,1
12487,6.310549911900721,6.503790683057181,0.19324077115645988,3
12488,6.190634312887695,6.503790683057181,0.3131563701694864,6
12489,6.146918456088054,6.503790683057181,0.3568722269691271,7
12490,6.19973431544436,6.503790683057181,0.3040563676128212,2
12491,6.122664297616209,6.503790683057181,0.38112638544097166,10
12492,6.638136493342189,5.240798771117332,-1.397337722224857,1
12493,6.569249796038251,5.240798771117332,-1.3284510249209198,7
12494,6.61780254654517,5.240798771117332,-1.3770037754278386,9
12495,6.6366495689099985,5.240798771117332,-1.3958507977926669,4
12496,6.379451712439555,5.240798771117332,-1.1386529413222233,6
12497,5.77825955552944,5.240798771117332,-0.537460784412108,8
12498,6.6570261107357895,5.240798771117332,-1.416227339618458,5
12499,6.707463241772024,5.240798771117332,-1.4666644706546927,2
12500,6.619865896893877,5.240798771117332,-1.3790671257765457,10
12501,6.139793229713258,5.968482948553935,-0.17131028115932345,8
12502,6.231028213891803,5.968482948553935,-0.26254526533786837,3
12503,6.2245056552768405,5.968482948553935,-0.2560227067229057,1
12504,6.254828305178713,5.968482948553935,-0.28634535662477845,7
12505,6.100461749949751,5.968482948553935,-0.13197880139581653,2
12506,6.292296806883114,5.968482948553935,-0.32381385832917964,4
12507,6.466831817483234,5.968482948553935,-0.4983488689292992,10
12508,6.679842729272131,5.968482948553935,-0.7113597807181966,9
12509,6.400842386858952,5.968482948553935,-0.4323594383050171,5
12510,6.172298103666467,6.05307844348342,-0.11921966018304708,7
12511,6.114412135429454,6.05307844348342,-0.06133369194603411,2
12512,6.26293636275187,6.05307844348342,-0.2098579192684502,8
12513,6.2759223091128655,6.05307844348342,-0.22284386562944558,5
12514,6.254656434287733,6.05307844348342,-0.2015779908043127,4
12515,6.429070642392831,6.05307844348342,-0.3759921989094108,9
12516,6.263562061941951,6.05307844348342,-0.21048361845853147,6
12517,6.405911099785475,6.05307844348342,-0.35283265630205474,1
12518,6.316851592551701,6.05307844348342,-0.26377314906828087,3
12519,5.676456910826808,6.008600171761918,0.33214326093511026,3
12520,5.771960743477799,6.008600171761918,0.23663942828411866,9
12521,5.707765945684926,6.008600171761918,0.30083422607699184,10
12522,5.671936427768829,6.008600171761918,0.33666374399308907,1
12523,5.3294908783405415,6.008600171761918,0.6791092934213765,2
12524,5.589732223396901,6.008600171761918,0.4188679483650173,7
12525,5.635380241548259,6.008600171761918,0.37321993021365873,4
12526,5.6352386036323345,6.008600171761918,0.37336156812958343,5
12527,5.53418288844388,6.008600171761918,0.47441728331803823,8
12528,5.90808737325787,4.954242509439325,-0.9538448638185448,8
12529,5.977412149959278,4.954242509439325,-1.0231696405199528,3
12530,5.927173029709022,4.954242509439325,-0.9729305202696965,4
12531,5.980209691143,4.954242509439325,-1.0259671817036748,5
12532,5.957869916116623,4.954242509439325,-1.0036274066772979,7
12533,5.827700175071959,4.954242509439325,-0.8734576656326336,2
12534,6.069822118086524,4.954242509439325,-1.1155796086471987,10
12535,6.001092343793943,4.954242509439325,-1.0468498343546182,1
12536,6.235222451784419,4.954242509439325,-1.2809799423450938,9
12537,6.499900611628171,6.770115294787102,0.2702146831589314,2
12538,6.658748241027184,6.770115294787102,0.11136705375991784,4
12539,6.179057213367793,6.770115294787102,0.5910580814193089,10
12540,6.693473094991996,6.770115294787102,0.07664219979510634,3
12541,6.485954474220533,6.770115294787102,0.2841608205665693,6
12542,6.646625672167249,6.770115294787102,0.12348962261985275,1
12543,6.525681778467388,6.770115294787102,0.244433516319714,9
12544,6.519156580557531,6.770115294787102,0.2509587142295713,5
12545,6.60448196808471,6.770115294787102,0.16563332670239195,8
12546,7.205880887633109,6.418301291319746,-0.7875795963133632,4
12547,6.947666395949691,6.418301291319746,-0.529365104629945,2
12548,7.364052258322322,6.418301291319746,-0.9457509670025761,1
12549,6.250467823604721,6.418301291319746,0.16783346771502483,7
12550,7.092225991351644,6.418301291319746,-0.6739247000318986,5
12551,6.935969581601411,6.418301291319746,-0.517668290281665,6
12552,7.0898560437616664,6.418301291319746,-0.6715547524419208,8
12553,6.9378757812323935,6.418301291319746,-0.5195744899126478,9
12554,6.8645519546923355,6.418301291319746,-0.4462506633725898,10
12555,6.433691073281543,7.0220157398177205,0.5883246665361774,9
12556,6.471260962927295,7.0220157398177205,0.5507547768904253,8
12557,6.346249983738361,7.0220157398177205,0.6757657560793593,4
12558,6.7438034761337065,7.0220157398177205,0.2782122636840141,3
12559,6.352523088119269,7.0220157398177205,0.6694926516984516,6
12560,6.401004678427906,7.0220157398177205,0.6210110613898143,1
12561,6.3880081369519255,7.0220157398177205,0.634007602865795,5
12562,6.233829325107079,7.0220157398177205,0.7881864147106414,10
12563,6.2105443709271775,7.0220157398177205,0.811471368890543,2
12564,2.6480539439426063,1.9242792860618816,-0.7237746578807247,5
12565,2.4388219176861483,1.9242792860618816,-0.5145426316242667,6
12566,2.5948416550677846,1.9242792860618816,-0.670562369005903,1
12567,2.29330856346646,1.9242792860618816,-0.36902927740457825,4
12568,2.2305678574571166,1.9242792860618816,-0.306288571395235,8
12569,2.753418354522004,1.9242792860618816,-0.8291390684601225,2
12570,2.645701446226345,1.9242792860618816,-0.7214221601644635,7
12571,2.605565953028462,1.9242792860618816,-0.6812866669665802,9
12572,2.85932463003415,1.9242792860618816,-0.9350453439722686,3
12573,4.496235384102002,4.550228353055094,0.053992968953092024,4
12574,4.568138012598869,4.550228353055094,-0.01790965954377466,2
12575,4.432778187776464,4.550228353055094,0.11745016527863061,10
12576,4.896739720821061,4.550228353055094,-0.3465113677659666,3
12577,4.415917992289458,4.550228353055094,0.13431036076563618,1
12578,4.757510337592692,4.550228353055094,-0.20728198453759816,7
12579,4.916385161158064,4.550228353055094,-0.3661568081029696,6
12580,5.103459222722364,4.550228353055094,-0.5532308696672699,8
12581,4.435576930143504,4.550228353055094,0.11465142291159047,5
12582,5.214052945483943,6.354621218722914,1.140568273238971,4
12583,4.9763730556038395,6.354621218722914,1.3782481631190748,10
12584,5.328538804221111,6.354621218722914,1.0260824145018033,2
12585,5.531255890718894,6.354621218722914,0.8233653280040203,3
12586,4.828828958685645,6.354621218722914,1.525792260037269,9
12587,4.975347160067417,6.354621218722914,1.379274058655497,5
12588,5.637309850666679,6.354621218722914,0.7173113680562357,7
12589,5.555423564901665,6.354621218722914,0.7991976538212491,8
12590,4.582973205365878,6.354621218722914,1.7716480133570363,6
12591,4.661821694096951,5.856227259455358,1.194405565358407,9
12592,5.065313773890061,5.856227259455358,0.7909134855652971,2
12593,5.10113845135875,5.856227259455358,0.755088808096608,1
12594,4.888697543477844,5.856227259455358,0.9675297159775145,4
12595,5.001905115192021,5.856227259455358,0.8543221442633371,6
12596,4.84597928441249,5.856227259455358,1.0102479750428683,5
12597,4.987936408852368,5.856227259455358,0.8682908506029898,7
12598,5.487844916988146,5.856227259455358,0.36838234246721235,8
12599,4.733484522957014,5.856227259455358,1.1227427364983438,10
12600,5.251218480894691,6.052936217579409,0.8017177366847177,10
12601,5.319536672235574,6.052936217579409,0.7333995453438344,7
12602,5.438207805856594,6.052936217579409,0.6147284117228144,6
12603,5.302838124638503,6.052936217579409,0.750098092940906,2
12604,5.585434548232134,6.052936217579409,0.4675016693472749,3
12605,5.412925565127968,6.052936217579409,0.6400106524514406,1
12606,5.223255912927857,6.052936217579409,0.8296803046515517,4
12607,5.5812589251345015,6.052936217579409,0.4716772924449071,8
12608,5.281303987276359,6.052936217579409,0.7716322303030498,5
12609,4.7728814963135076,6.431363764158987,1.6584822678454794,9
12610,4.824597472010797,6.431363764158987,1.6067662921481896,1
12611,4.841186595311943,6.431363764158987,1.5901771688470436,4
12612,4.838306198735373,6.431363764158987,1.5930575654236137,5
12613,5.13577175986483,6.431363764158987,1.295592004294157,6
12614,5.267124643221231,6.431363764158987,1.164239120937756,3
12615,5.05543109679895,6.431363764158987,1.3759326673600372,7
12616,4.940692975205086,6.431363764158987,1.490670788953901,10
12617,4.9095477416993365,6.431363764158987,1.5218160224596504,2
12618,5.185336534018635,3.982723387668545,-1.2026131463500902,6
12619,4.832664344717912,3.982723387668545,-0.8499409570493675,8
12620,4.938023625584479,3.982723387668545,-0.9553002379159339,3
12621,4.746475666569243,3.982723387668545,-0.7637522789006979,10
12622,4.836560051857209,3.982723387668545,-0.8538366641886639,2
12623,4.675387751266257,3.982723387668545,-0.6926643635977121,4
12624,4.864869449200019,3.982723387668545,-0.8821460615314742,1
12625,4.671260720906422,3.982723387668545,-0.688537333237877,9
12626,4.68323381185814,3.982723387668545,-0.7005104241895954,5
12627,4.605225834934956,3.4471580313422194,-1.1580678035927363,5
12628,4.510474826005205,3.4471580313422194,-1.0633167946629856,9
12629,4.2923821056680165,3.4471580313422194,-0.845224074325797,4
12630,4.543735563115804,3.4471580313422194,-1.0965775317735842,1
12631,4.400863603057776,3.4471580313422194,-0.9537055717155569,6
12632,4.712774424558685,3.4471580313422194,-1.2656163932164652,2
12633,4.951887240571278,3.4471580313422194,-1.5047292092290583,10
12634,4.4761178852556345,3.4471580313422194,-1.028959853913415,7
12635,4.0530465275957805,3.4471580313422194,-0.6058884962535611,8
12636,4.939259282695742,6.563836918664545,1.6245776359688024,7
12637,4.663166214658723,6.563836918664545,1.9006707040058215,4
12638,4.945778854183239,6.563836918664545,1.618058064481306,10
12639,4.930766015905501,6.563836918664545,1.6330709027590435,2
12640,4.984579433280159,6.563836918664545,1.5792574853843853,3
12641,4.785652793873706,6.563836918664545,1.7781841247908385,1
12642,4.8993494471058066,6.563836918664545,1.664487471558738,9
12643,4.843724890478444,6.563836918664545,1.7201120281861009,8
12644,4.966499894403265,6.563836918664545,1.5973370242612797,6
12645,4.545616515340581,2.812913356642856,-1.7327031586977246,6
12646,4.464684369054245,2.812913356642856,-1.651771012411389,10
12647,4.494212426743101,2.812913356642856,-1.6812990701002453,5
12648,4.400480683811426,2.812913356642856,-1.58756732716857,1
12649,4.533270088598937,2.812913356642856,-1.7203567319560809,8
12650,4.191864715067657,2.812913356642856,-1.3789513584248012,4
12651,4.566789916254361,2.812913356642856,-1.7538765596115051,2
12652,4.58698006444775,2.812913356642856,-1.7740667078048937,7
12653,4.501610578832705,2.812913356642856,-1.6886972221898486,9
12654,4.131537265604711,3.0791812460476247,-1.0523560195570867,4
12655,4.0340908989302315,3.0791812460476247,-0.9549096528826069,6
12656,4.32758167859167,3.0791812460476247,-1.2484004325440456,9
12657,4.480388625799535,3.0791812460476247,-1.4012073797519107,10
12658,4.42987525896211,3.0791812460476247,-1.3506940129144858,7
12659,4.025542372450667,3.0791812460476247,-0.9463611264030427,8
12660,4.554152309725916,3.0791812460476247,-1.4749710636782916,5
12661,4.531596042971261,3.0791812460476247,-1.452414796923636,2
12662,4.4371895283852645,3.0791812460476247,-1.3580082823376398,1
12663,4.700685119694631,5.556302500767287,0.8556173810726557,10
12664,4.7222704698919475,5.556302500767287,0.8340320308753393,9
12665,4.6776390101089325,5.556302500767287,0.8786634906583544,4
12666,4.655252153723546,5.556302500767287,0.901050347043741,7
12667,4.912322987962141,5.556302500767287,0.6439795128051458,2
12668,4.7338260350303445,5.556302500767287,0.8224764657369423,1
12669,5.200506232188567,5.556302500767287,0.35579626857871993,8
12670,4.791242608904414,5.556302500767287,0.7650598918628733,5
12671,4.695651810583274,5.556302500767287,0.8606506901840127,6
12672,3.672301210101211,4.334855689617291,0.6625544795160803,1
12673,3.833930526833369,4.334855689617291,0.5009251627839224,7
12674,3.73366333175639,4.334855689617291,0.6011923578609015,4
12675,3.307453898325684,4.334855689617291,1.0274017912916076,8
12676,3.6920327481310324,4.334855689617291,0.642822941486259,6
12677,3.589981378094318,4.334855689617291,0.7448743115229735,5
12678,3.679765969618834,4.334855689617291,0.6550897199984576,2
12679,3.690211413192934,4.334855689617291,0.6446442764243572,3
12680,3.9172415897019137,4.334855689617291,0.4176140999153777,10
12681,2.844704930008751,4.698970004336019,1.8542650743272677,1
12682,2.8275154212763622,4.698970004336019,1.8714545830596565,3
12683,2.430097227985306,4.698970004336019,2.2688727763507126,8
12684,2.835788382484415,4.698970004336019,1.863181621851604,7
12685,2.6774924489141,4.698970004336019,2.0214775554219186,6
12686,2.8109216405713715,4.698970004336019,1.8880483637646472,2
12687,2.846480120909397,4.698970004336019,1.852489883426622,5
12688,3.0510729177160627,4.698970004336019,1.647897086619956,10
12689,2.603091175316414,4.698970004336019,2.095878829019605,4
12690,4.069171615927884,3.187520720836463,-0.8816508950914206,2
12691,3.911121213422053,3.187520720836463,-0.7236004925855899,3
12692,3.9592491531135834,3.187520720836463,-0.7717284322771203,5
12693,3.8469999837952176,3.187520720836463,-0.6594792629587545,4
12694,3.9482669812842834,3.187520720836463,-0.7607462604478203,6
12695,3.5856654332647113,3.187520720836463,-0.3981447124282482,8
12696,4.050097747626516,3.187520720836463,-0.8625770267900532,7
12697,3.9589449302954227,3.187520720836463,-0.7714242094589596,1
12698,4.140130452142399,3.187520720836463,-0.9526097313059361,10
12699,4.879878592191398,4.167317334748176,-0.7125612574432223,2
12700,4.9313539944502285,4.167317334748176,-0.7640366597020529,8
12701,4.868890283518783,4.167317334748176,-0.7015729487706075,1
12702,4.855923917197332,4.167317334748176,-0.6886065824491565,5
12703,4.86406771463044,4.167317334748176,-0.6967503798822641,9
12704,5.266880867105849,4.167317334748176,-1.0995635323576733,3
12705,4.8250397458793985,4.167317334748176,-0.657722411131223,4
12706,5.02514153949669,4.167317334748176,-0.8578242047485141,6
12707,5.0491262229454605,4.167317334748176,-0.881808888197285,7
12708,3.6203292485768532,3.679427896612119,0.05909864803526599,10
12709,3.3667242959936496,3.679427896612119,0.3127036006184696,1
12710,3.4603466622785954,3.679427896612119,0.21908123433352378,2
12711,3.4525070328113245,3.679427896612119,0.22692086380079468,3
12712,3.6134266632701046,3.679427896612119,0.06600123334201458,7
12713,3.4656449914821224,3.679427896612119,0.21378290512999687,9
12714,3.0723682524616636,3.679427896612119,0.6070596441504557,8
12715,3.384028718250501,3.679427896612119,0.2953991783616181,5
12716,3.423504480068194,3.679427896612119,0.25592341654392525,4
12717,3.338559196169696,0.6989700043360189,-2.6395891918336774,7
12718,1.8239704100091445,0.6989700043360189,-1.1250004056731258,5
12719,2.2468570841965345,0.6989700043360189,-1.5478870798605158,9
12720,2.7431083376606544,0.6989700043360189,-2.0441383333246357,1
12721,2.789721270942014,0.6989700043360189,-2.090751266605995,6
12722,3.2513734728746027,0.6989700043360189,-2.552403468538584,2
12723,3.0449583456091034,0.6989700043360189,-2.3459883412730846,8
12724,3.3370944450876543,0.6989700043360189,-2.6381244407516355,3
12725,3.2540895059134565,0.6989700043360189,-2.5551195015774377,4
12726,5.373506986284524,4.754883228252168,-0.6186237580323564,1
12727,5.3798680201930615,4.754883228252168,-0.6249847919408937,10
12728,4.982418759019092,4.754883228252168,-0.22753553076692423,4
12729,4.491426578232397,4.754883228252168,0.26345665001977103,3
12730,4.5612229127544675,4.754883228252168,0.19366031549770035,8
12731,4.643268939979694,4.754883228252168,0.11161428827247377,6
12732,5.1521782799626745,4.754883228252168,-0.3972950517105067,5
12733,5.138808208296327,4.754883228252168,-0.3839249800441591,2
12734,5.137825852699866,4.754883228252168,-0.3829426244476979,9
12735,3.929259675377177,2.556302500767288,-1.3729571746098888,4
12736,4.113652088143845,2.556302500767288,-1.557349587376557,6
12737,4.2538331992641805,2.556302500767288,-1.6975306984968923,10
12738,4.044334039403088,2.556302500767288,-1.4880315386357998,1
12739,4.237847719968133,2.556302500767288,-1.6815452192008444,8
12740,4.379658041205428,2.556302500767288,-1.8233555404381394,3
12741,4.177694412866566,2.556302500767288,-1.6213919120992775,9
12742,4.324135225800715,2.556302500767288,-1.767832725033427,7
12743,4.20584762161335,2.556302500767288,-1.6495451208460614,5
12744,4.526064095643871,5.812913356642856,1.2868492609989843,9
12745,4.78897002568942,5.812913356642856,1.0239433309534354,4
12746,4.650269173454798,5.812913356642856,1.1626441831880578,5
12747,4.718902139530757,5.812913356642856,1.094011217112099,7
12748,4.6187648314458185,5.812913356642856,1.1941485251970372,1
12749,4.545553343995475,5.812913356642856,1.267360012647381,6
12750,4.737873066183987,5.812913356642856,1.075040290458869,10
12751,4.6976606308100575,5.812913356642856,1.1152527258327982,8
12752,4.872832377554687,5.812913356642856,0.9400809790881688,3
12753,5.001905115192021,5.186815124447454,0.18491000925543322,6
12754,4.888697543477844,5.186815124447454,0.2981175809696106,4
12755,5.065313773890061,5.186815124447454,0.1215013505573932,2
12756,5.10113845135875,5.186815124447454,0.08567667308870419,1
12757,5.487844916988146,5.186815124447454,-0.3010297925406915,8
12758,4.987936408852368,5.186815124447454,0.19887871559508596,7
12759,4.733484522957014,5.186815124447454,0.4533306014904399,10
12760,4.84597928441249,5.186815124447454,0.3408358400349645,5
12761,4.661821694096951,5.186815124447454,0.524993430350503,9
12762,4.9810613571394144,4.821513528404773,-0.15954782873464168,9
12763,5.134731142221298,4.821513528404773,-0.31321761381652546,10
12764,5.152287391680761,4.821513528404773,-0.33077386327598823,6
12765,5.2058166560741315,4.821513528404773,-0.3843031276693587,3
12766,5.127372014831816,4.821513528404773,-0.3058584864270433,1
12767,5.128496646629022,4.821513528404773,-0.30698311822424884,4
12768,5.213364144242472,4.821513528404773,-0.39185061583769887,8
12769,5.31510060818983,4.821513528404773,-0.49358707978505745,7
12770,5.161640194825955,4.821513528404773,-0.34012666642118194,5
12771,6.208799904413945,6.167317334748176,-0.04148256966576902,5
12772,6.041355631676346,6.167317334748176,0.1259617030718294,4
12773,6.141145582850373,6.167317334748176,0.02617175189780241,3
12774,5.921946304090461,6.167317334748176,0.24537103065771415,10
12775,6.185883372945347,6.167317334748176,-0.01856603819717151,6
12776,6.126519360344098,6.167317334748176,0.04079797440407784,7
12777,5.973180794904068,6.167317334748176,0.1941365398441075,8
12778,6.2674435550897485,6.167317334748176,-0.10012622034157292,2
12779,6.424195312545665,6.167317334748176,-0.25687797779748944,1
12780,5.664583085303717,5.903089986991944,0.2385069016882264,8
12781,5.562748247629444,5.903089986991944,0.3403417393624997,3
12782,5.690694358170675,5.903089986991944,0.21239562882126872,6
12783,5.235057218030914,5.903089986991944,0.6680327689610301,10
12784,5.1812809974051115,5.903089986991944,0.7218089895868323,9
12785,5.367292456988731,5.903089986991944,0.5357975300032125,2
12786,5.448119955980627,5.903089986991944,0.4549700310113165,5
12787,5.504549146069275,5.903089986991944,0.39854084092266895,1
12788,5.365960094624634,5.903089986991944,0.53712989236731,4
12789,6.128481046103691,5.287129620719111,-0.8413514253845804,5
12790,6.131250992995942,5.287129620719111,-0.844121372276831,3
12791,6.380152378950258,5.287129620719111,-1.0930227582311467,1
12792,6.016843545077602,5.287129620719111,-0.7297139243584914,10
12793,5.99736751815425,5.287129620719111,-0.7102378974351389,9
12794,6.272577267986915,5.287129620719111,-0.9854476472678044,6
12795,6.088669963833507,5.287129620719111,-0.8015403431143957,7
12796,6.132038321472569,5.287129620719111,-0.8449087007534581,4
12797,5.93571358186417,5.287129620719111,-0.648583961145059,8
12798,5.653149581470513,5.773069340485962,0.11991975901544905,7
12799,5.64186124113509,5.773069340485962,0.13120809935087152,3
12800,5.882496097414807,5.773069340485962,-0.10942675692884496,1
12801,5.679904052269364,5.773069340485962,0.09316528821659809,5
12802,5.682751481130892,5.773069340485962,0.09031785935506953,6
12803,5.556796769692062,5.773069340485962,0.21627257079389928,8
12804,5.684571471787496,5.773069340485962,0.08849786869846543,2
12805,5.473053672064695,5.773069340485962,0.3000156684212669,9
12806,5.50335953700069,5.773069340485962,0.26970980348527185,10
12807,6.112543055787017,5.845098040014257,-0.26744501577276036,3
12808,5.8708403369277855,5.845098040014257,-0.025742296913528584,2
12809,6.063551606419092,5.845098040014257,-0.21845356640483526,1
12810,5.861141140298638,5.845098040014257,-0.016043100284381495,7
12811,5.526638799892111,5.845098040014257,0.318459240122146,9
12812,5.781844274986736,5.845098040014257,0.06325376502752089,5
12813,6.0487050089748,5.845098040014257,-0.20360696896054264,6
12814,5.729318389796964,5.845098040014257,0.1157796502172932,10
12815,5.804283077396353,5.845098040014257,0.04081496261790374,4
12816,5.012922958694921,4.505149978319906,-0.5077729803750151,6
12817,5.210253653987939,4.505149978319906,-0.7051036756680329,3
12818,4.802683602460645,4.505149978319906,-0.2975336241407387,4
12819,4.779178972226865,4.505149978319906,-0.2740289939069589,10
12820,4.472325387551376,4.505149978319906,0.03282459076852984,9
12821,4.879245294004547,4.505149978319906,-0.3740953156846407,5
12822,4.984704050038576,4.505149978319906,-0.4795540717186695,1
12823,5.03469552221761,4.505149978319906,-0.5295455438977035,2
12824,5.070455734384042,4.505149978319906,-0.5653057560641361,7
12825,6.218510522653878,6.889301702506311,0.6707911798524329,6
12826,6.230584438054626,6.889301702506311,0.6587172644516848,10
12827,6.336016400004682,6.889301702506311,0.5532853025016289,3
12828,5.994405599252383,6.889301702506311,0.8948961032539273,4
12829,5.955645030713287,6.889301702506311,0.9336566717930239,1
12830,6.310800196699856,6.889301702506311,0.5785015058064547,8
12831,6.665353199014542,6.889301702506311,0.2239485034917683,9
12832,5.713283160364306,6.889301702506311,1.1760185421420042,5
12833,6.113532722949774,6.889301702506311,0.7757689795565366,7
12834,5.968057110294414,5.395850376018781,-0.5722067342756336,8
12835,6.0348845387324745,5.395850376018781,-0.6390341627136937,1
12836,5.862629994932333,5.395850376018781,-0.46677961891355224,6
12837,6.347831983089718,5.395850376018781,-0.9519816070709375,10
12838,6.215180951088451,5.395850376018781,-0.81933057506967,7
12839,6.035280532478218,5.395850376018781,-0.6394301564594373,2
12840,5.832164414905809,5.395850376018781,-0.43631403888702813,3
12841,5.913459398299632,5.395850376018781,-0.5176090222808511,5
12842,6.1143793494683045,5.395850376018781,-0.7185289734495237,4
12843,6.107706793883837,6.74154551677621,0.6338387228923725,10
12844,5.844653338790165,6.74154551677621,0.8968921779860448,2
12845,5.839709989076419,6.74154551677621,0.9018355276997907,5
12846,6.02141041761782,6.74154551677621,0.7201350991583899,6
12847,5.845645983137217,6.74154551677621,0.8958995336389926,4
12848,5.967607676030735,6.74154551677621,0.7739378407454751,7
12849,5.919656085027048,6.74154551677621,0.8218894317491614,1
12850,5.981949195927905,6.74154551677621,0.7595963208483045,3
12851,6.071996658603966,6.74154551677621,0.6695488581722433,8
12852,5.537862410462669,5.698970004336019,0.16110759387334994,7
12853,5.486009014779461,5.698970004336019,0.2129609895565574,1
12854,5.2248863745132965,5.698970004336019,0.47408362982272223,5
12855,5.854301217255514,5.698970004336019,-0.1553312129194948,3
12856,5.814232559423933,5.698970004336019,-0.11526255508791383,9
12857,5.784296825294544,5.698970004336019,-0.0853268209585254,8
12858,5.4547101445999,5.698970004336019,0.2442598597361192,4
12859,5.718548198874871,5.698970004336019,-0.019578194538852678,6
12860,5.64981662697582,5.698970004336019,0.04915337736019865,10
12861,2.5454033156717815,3.845098040014257,1.2996947243424755,2
12862,2.56809225673917,3.845098040014257,1.277005783275087,7
12863,2.30420094518574,3.845098040014257,1.5408970948285168,6
12864,2.8022973331440086,3.845098040014257,1.0428007068702483,3
12865,2.283584022837082,3.845098040014257,1.561514017177175,10
12866,2.5103993605582393,3.845098040014257,1.3346986794560176,8
12867,2.3029684542736075,3.845098040014257,1.5421295857406494,1
12868,0.7596537103872323,3.845098040014257,3.0854443296270246,9
12869,2.6635871597413785,3.845098040014257,1.1815108802728784,4
12870,2.9922896506049694,2.8090544272229425,-0.1832352233820269,8
12871,2.877615878877571,2.8090544272229425,-0.06856145165462868,1
12872,3.020689139347949,2.8090544272229425,-0.21163471212500662,2
12873,3.005581487605111,2.8090544272229425,-0.19652706038216827,7
12874,3.028794905440058,2.8090544272229425,-0.2197404782171155,4
12875,2.528783544323374,2.8090544272229425,0.28027088289956836,5
12876,2.8784409215800677,2.8090544272229425,-0.06938649435712518,6
12877,2.565901791647459,2.8090544272229425,0.2431526355754836,10
12878,2.9554152447364306,2.8090544272229425,-0.14636081751348806,3
12879,2.622288964633498,2.505149978319906,-0.11713898631359232,7
12880,2.7668948906097586,2.505149978319906,-0.26174491228985275,2
12881,1.9866706142043309,2.505149978319906,0.5184793641155749,9
12882,2.5633072136568176,2.505149978319906,-0.05815723533691175,6
12883,3.0706374976890785,2.505149978319906,-0.5654875193691726,8
12884,3.3142389815586317,2.505149978319906,-0.8090890032387259,3
12885,2.407758611585888,2.505149978319906,0.09739136673401783,10
12886,2.5506050370780526,2.505149978319906,-0.045455058758146816,1
12887,2.2658221641326795,2.505149978319906,0.23932781418722637,5
12888,4.075463172908331,3.4471580313422194,-0.6283051415661118,10
12889,2.755188840658694,3.4471580313422194,0.6919691906835252,6
12890,3.169412035660482,3.4471580313422194,0.2777459956817374,1
12891,3.3621025823181285,3.4471580313422194,0.0850554490240909,7
12892,3.4998726790938433,3.4471580313422194,-0.05271464775162382,2
12893,3.309637415830973,3.4471580313422194,0.13752061551124628,4
12894,2.5425307175657794,3.4471580313422194,0.90462731377644,5
12895,3.3781666757618654,3.4471580313422194,0.06899135558035407,3
12896,3.0823966814718804,3.4471580313422194,0.36476134987033904,9
12897,2.875369481160772,1.7993405494535817,-1.0760289317071905,3
12898,2.825122023708137,1.7993405494535817,-1.0257814742545555,1
12899,2.8592556421563495,1.7993405494535817,-1.0599150927027678,7
12900,1.6342032657427077,1.7993405494535817,0.165137283710874,5
12901,2.902437956369659,1.7993405494535817,-1.1030974069160773,8
12902,2.8726708592976036,1.7993405494535817,-1.073330309844022,10
12903,2.9294270943881338,1.7993405494535817,-1.130086544934552,4
12904,3.0727427976662134,1.7993405494535817,-1.2734022482126317,2
12905,2.188779507041067,1.7993405494535817,-0.3894389575874855,9
12906,3.3545816565041564,3.322219294733919,-0.032362361770237325,10
12907,2.4922530306049238,3.322219294733919,0.8299662641289953,5
12908,3.2307410972828476,3.322219294733919,0.09147819745107144,8
12909,3.2485807059149594,3.322219294733919,0.07363858881895968,7
12910,3.120067014543459,3.322219294733919,0.20215228019046005,1
12911,3.188463206244387,3.322219294733919,0.13375608848953213,4
12912,3.548299152738969,3.322219294733919,-0.22607985800505004,2
12913,3.2156499885657115,3.322219294733919,0.10656930616820759,3
12914,3.0468111471223933,3.322219294733919,0.27540814761152577,6
12915,2.602417757069622,1.5587085705331658,-1.0437091865364563,5
12916,3.546310673563142,1.5587085705331658,-1.987602103029976,2
12917,3.2349181425923614,1.5587085705331658,-1.6762095720591956,1
12918,3.585563756413884,1.5587085705331658,-2.0268551858807182,3
12919,3.789126058910993,1.5587085705331658,-2.230417488377827,10
12920,3.2898020458944233,1.5587085705331658,-1.7310934753612575,8
12921,2.9131823839440045,1.5587085705331658,-1.3544738134108387,6
12922,3.591770104938229,1.5587085705331658,-2.0330615344050633,7
12923,3.069768571503826,1.5587085705331658,-1.51106000097066,9
12924,5.889740055615245,5.434568904034199,-0.4551711515810455,3
12925,5.651853385048648,5.434568904034199,-0.21728448101444897,8
12926,6.013112832004165,5.434568904034199,-0.5785439279699656,7
12927,5.860267670917643,5.434568904034199,-0.42569876688344355,4
12928,6.207089450257182,5.434568904034199,-0.7725205462229825,5
12929,6.322555986032096,5.434568904034199,-0.8879870819978972,10
12930,5.783966812817553,5.434568904034199,-0.3493979087833541,2
12931,6.426571035553359,5.434568904034199,-0.9920021315191603,9
12932,6.031062490173656,5.434568904034199,-0.5964935861394567,1
12933,5.466481428465319,5.926856708949693,0.4603752804843735,5
12934,5.128454828953164,5.926856708949693,0.7984018799965282,6
12935,5.264296041791748,5.926856708949693,0.6625606671579449,4
12936,5.516373184290282,5.926856708949693,0.4104835246594103,9
12937,5.699697886752113,5.926856708949693,0.22715882219757955,8
12938,5.37964369668527,5.926856708949693,0.5472130122644225,3
12939,5.213782136619292,5.926856708949693,0.7130745723304006,7
12940,5.135346432540697,5.926856708949693,0.7915102764089958,2
12941,5.426584906036577,5.926856708949693,0.5002718029131152,1
12942,6.114170587132266,5.8750612633917,-0.23910932374056593,1
12943,6.181019153592104,5.8750612633917,-0.3059578902004043,9
12944,5.840809441136938,5.8750612633917,0.03425182225476231,6
12945,5.891575314797897,5.8750612633917,-0.01651405140619655,4
12946,5.80396695193107,5.8750612633917,0.07109431146063017,2
12947,6.014429173095904,5.8750612633917,-0.13936790970420354,5
12948,5.860085035269796,5.8750612633917,0.014976228121904356,7
12949,5.8996822633131085,5.8750612633917,-0.024620999921408426,8
12950,6.146825265193866,5.8750612633917,-0.27176400180216564,10
12951,6.278757213462594,6.237040791379191,-0.04171642208340298,7
12952,6.315722407794449,6.237040791379191,-0.07868161641525795,1
12953,6.255203297464738,6.237040791379191,-0.018162506085547037,4
12954,6.16005566292237,6.237040791379191,0.07698512845682082,8
12955,6.438144424164427,6.237040791379191,-0.20110363278523558,10
12956,6.314081391251496,6.237040791379191,-0.07704059987230494,3
12957,6.509935088037571,6.237040791379191,-0.2728942966583796,9
12958,6.487368853214073,6.237040791379191,-0.25032806183488177,5
12959,6.195153557031435,6.237040791379191,0.04188723434775632,6
12960,6.194129105329175,5.990782691803138,-0.20334641352603722,10
12961,6.281995252241061,5.990782691803138,-0.29121256043792343,9
12962,6.146716907100101,5.990782691803138,-0.1559342152969636,7
12963,5.886903243083123,5.990782691803138,0.10387944872001498,6
12964,5.986637385922432,5.990782691803138,0.004145305880705941,3
12965,5.995750857373006,5.990782691803138,-0.0049681655698678995,2
12966,6.049300600935529,5.990782691803138,-0.058517909132390855,4
12967,6.0098757666645275,5.990782691803138,-0.01909307486138978,8
12968,6.2101990618793055,5.990782691803138,-0.21941637007616777,5
12969,5.972437954192873,6.447158031342219,0.47472007714934605,2
12970,6.089025603254609,6.447158031342219,0.35813242808761014,7
12971,6.1096367989309925,6.447158031342219,0.3375212324112269,1
12972,6.0432259317262735,6.447158031342219,0.4039320996159459,4
12973,5.888740000624092,6.447158031342219,0.5584180307181272,8
12974,6.338061440134902,6.447158031342219,0.10909659120731785,9
12975,6.211102206523767,6.447158031342219,0.2360558248184521,10
12976,6.03427262828959,6.447158031342219,0.41288540305262966,6
12977,6.102603245039136,6.447158031342219,0.34455478630308356,3
12978,5.733942503442097,6.2576785748691846,0.5237360714270878,6
12979,5.817621441969138,6.2576785748691846,0.4400571329000469,2
12980,6.197093880271272,6.2576785748691846,0.060584694597912936,10
12981,6.074862104232189,6.2576785748691846,0.1828164706369959,5
12982,6.173562998419263,6.2576785748691846,0.08411557644992129,1
12983,5.869815731319087,6.2576785748691846,0.3878628435500975,3
12984,5.931084752243785,6.2576785748691846,0.3265938226253997,7
12985,5.562172828024622,6.2576785748691846,0.6955057468445629,8
12986,5.959174107845792,6.2576785748691846,0.2985044670233927,4
12987,6.816592963409096,6.653212513775344,-0.16338044963375165,4
12988,6.629424434809821,6.653212513775344,0.023788078965522708,8
12989,6.4297625811081325,6.653212513775344,0.22344993266721147,2
12990,6.353510927353533,6.653212513775344,0.29970158642181133,10
12991,6.449129241385838,6.653212513775344,0.2040832723895063,9
12992,6.652568374298269,6.653212513775344,0.0006441394770746456,6
12993,6.926636985115476,6.653212513775344,-0.2734244713401317,1
12994,6.801535652151321,6.653212513775344,-0.14832313837597688,7
12995,6.1862175108410735,6.653212513775344,0.46699500293427043,3
12996,6.612485551819055,6.2552725051033065,-0.3572130467157484,6
12997,6.332065915032041,6.2552725051033065,-0.07679340992873485,9
12998,6.225683396359503,6.2552725051033065,0.029589108743803827,3
12999,6.330492060779284,6.2552725051033065,-0.07521955567597782,8
13000,6.235996647621839,6.2552725051033065,0.01927585748146754,10
13001,6.361971300261244,6.2552725051033065,-0.10669879515793745,2
13002,6.676011298208327,6.2552725051033065,-0.4207387931050208,1
13003,6.614655927223803,6.2552725051033065,-0.3593834221204961,4
13004,6.229526098246187,6.2552725051033065,0.025746406857119375,5
13005,6.915277540683909,6.531478917042255,-0.3837986236416535,8
13006,6.776054520638602,6.531478917042255,-0.24457560359634645,1
13007,6.198468294717284,6.531478917042255,0.3330106223249709,3
13008,6.52149763469787,6.531478917042255,0.009981282344385,4
13009,6.411993253215398,6.531478917042255,0.11948566382685755,2
13010,6.202987785464057,6.531478917042255,0.32849113157819865,10
13011,6.30961429952981,6.531478917042255,0.22186461751244568,9
13012,6.523059225830584,6.531478917042255,0.008419691211670965,7
13013,6.2780692198948636,6.531478917042255,0.2534096971473918,5
13014,4.80552088067222,3.3010299956639813,-1.5044908850082388,5
13015,4.885656535256757,3.3010299956639813,-1.5846265395927759,7
13016,4.019534477474015,3.3010299956639813,-0.7185044818100339,8
13017,5.087067993477135,3.3010299956639813,-1.7860379978131533,10
13018,4.740779897386123,3.3010299956639813,-1.4397499017221413,4
13019,4.7657389277215625,3.3010299956639813,-1.4647089320575812,2
13020,4.394864372524727,3.3010299956639813,-1.0938343768607455,6
13021,4.942405874121945,3.3010299956639813,-1.6413758784579642,9
13022,4.100773772172194,3.3010299956639813,-0.7997437765082127,3
13023,5.9125622322890505,5.301029995663981,-0.6115322366250693,4
13024,5.66592164996834,5.301029995663981,-0.3648916543043583,2
13025,5.922503250547502,5.301029995663981,-0.6214732548835205,9
13026,5.994311882690976,5.301029995663981,-0.6932818870269948,7
13027,5.652736610981471,5.301029995663981,-0.3517066153174895,8
13028,5.441747000968246,5.301029995663981,-0.140717005304265,3
13029,5.949109241036481,5.301029995663981,-0.6480792453725002,6
13030,6.101870869214771,5.301029995663981,-0.8008408735507899,10
13031,5.7934027986641965,5.301029995663981,-0.49237280300021524,1
13032,6.118072921910941,6.230448921378274,0.11237599946733301,1
13033,6.25254125162772,6.230448921378274,-0.022092330249446235,10
13034,6.0102085731219175,6.230448921378274,0.22024034825635663,8
13035,6.36350569036074,6.230448921378274,-0.133056768982466,5
13036,5.905850191511221,6.230448921378274,0.32459872986705296,3
13037,6.155364165100056,6.230448921378274,0.0750847562782182,9
13038,6.198091834185468,6.230448921378274,0.032357087192806055,4
13039,6.094521754866492,6.230448921378274,0.13592716651178183,6
13040,6.077092746884094,6.230448921378274,0.15335617449418049,2
13041,6.077801126923588,6.340444114840119,0.2626429879165313,8
13042,5.848372564628794,6.340444114840119,0.49207155021132554,3
13043,6.061490807256722,6.340444114840119,0.2789533075833974,2
13044,6.153333512377014,6.340444114840119,0.18711060246310574,7
13045,6.307004857075049,6.340444114840119,0.033439257765070174,5
13046,6.15653330505676,6.340444114840119,0.1839108097833595,4
13047,6.31455519700366,6.340444114840119,0.025888917836459413,10
13048,6.114978543567708,6.340444114840119,0.2254655712724114,6
13049,6.127788032474603,6.340444114840119,0.21265608236551614,1
13050,6.1482291806630895,6.3979400086720375,0.24971082800894795,5
13051,5.940282834314159,6.3979400086720375,0.45765717435787856,8
13052,6.139893809939239,6.3979400086720375,0.25804619873279844,6
13053,5.896846645884955,6.3979400086720375,0.5010933627870822,3
13054,6.050520886329381,6.3979400086720375,0.3474191223426564,7
13055,6.012647389527657,6.3979400086720375,0.38529261914438084,1
13056,6.0493481056565255,6.3979400086720375,0.348591903015512,9
13057,6.081921355472423,6.3979400086720375,0.3160186531996141,4
13058,6.0948551197514576,6.3979400086720375,0.30308488892057994,10
13059,6.011272592226084,4.346744054604849,-1.6645285376212353,1
13060,5.969366267912544,4.346744054604849,-1.6226222133076948,9
13061,5.9938678154298906,4.346744054604849,-1.6471237608250417,6
13062,6.2087390628548595,4.346744054604849,-1.8619950082500107,7
13063,5.914380382549413,4.346744054604849,-1.5676363279445642,8
13064,5.7162632546072265,4.346744054604849,-1.3695192000023777,3
13065,6.250170218583932,4.346744054604849,-1.9034261639790833,5
13066,6.022859073181284,4.346744054604849,-1.6761150185764349,4
13067,5.813066921019595,4.346744054604849,-1.466322866414746,2
13068,6.150033511004018,6.079181246047625,-0.07085226495639319,1
13069,5.974997528495096,6.079181246047625,0.10418371755252931,6
13070,6.128800818454588,6.079181246047625,-0.049619572406962575,4
13071,5.976987353191371,6.079181246047625,0.10219389285625446,9
13072,5.867546693682338,6.079181246047625,0.21163455236528694,3
13073,6.030743014071971,6.079181246047625,0.04843823197565378,2
13074,6.042709912991137,6.079181246047625,0.036471333056487865,10
13075,6.215136227088339,6.079181246047625,-0.13595498104071346,5
13076,6.195473307899575,6.079181246047625,-0.11629206185194985,7
13077,5.555130748821278,6.301029995663981,0.7458992468427033,1
13078,5.670005827667234,6.301029995663981,0.6310241679967472,10
13079,5.577905799888152,6.301029995663981,0.7231241957758296,4
13080,5.565622212666544,6.301029995663981,0.735407782997437,6
13081,5.428978013116554,6.301029995663981,0.8720519825474273,2
13082,5.578104577202932,6.301029995663981,0.722925418461049,7
13083,5.713010266458894,6.301029995663981,0.5880197292050875,5
13084,5.703561777191189,6.301029995663981,0.597468218472792,3
13085,5.678021382019794,6.301029995663981,0.6230086136441875,8
13086,5.862236635913964,6.623249290397901,0.7610126544839364,8
13087,5.2514665307648,6.623249290397901,1.371782759633101,7
13088,5.2556675132370625,6.623249290397901,1.3675817771608383,4
13089,5.417834968069914,6.623249290397901,1.2054143223279867,5
13090,5.267192281632313,6.623249290397901,1.356057008765588,1
13091,5.257523253518613,6.623249290397901,1.3657260368792876,10
13092,5.630450413315811,6.623249290397901,0.9927988770820901,3
13093,5.125287839733055,6.623249290397901,1.497961450664846,2
13094,5.355194191809283,6.623249290397901,1.2680550985886176,6
13095,5.8611624855979,6.531478917042255,0.6703164314443555,7
13096,5.9658478299424305,6.531478917042255,0.5656310870998249,8
13097,5.915385510192584,6.531478917042255,0.6160934068496715,3
13098,5.898168055475303,6.531478917042255,0.6333108615669527,4
13099,5.893316103703097,6.531478917042255,0.6381628133391581,10
13100,5.790120512725911,6.531478917042255,0.7413584043163439,6
13101,5.767622757783859,6.531478917042255,0.7638561592583963,2
13102,5.7809003845886275,6.531478917042255,0.7505785324536278,9
13103,5.986334622814916,6.531478917042255,0.545144294227339,5
13104,5.5703690222749245,4.352182518111363,-1.2181865041635618,1
13105,5.557297134720334,4.352182518111363,-1.205114616608971,4
13106,5.437361437576497,4.352182518111363,-1.0851789194651342,2
13107,5.4561864744465565,4.352182518111363,-1.1040039563351938,8
13108,5.590908125988547,4.352182518111363,-1.2387256078771847,6
13109,5.69672861889083,4.352182518111363,-1.3445461007794677,7
13110,5.399679378501462,4.352182518111363,-1.0474968603900994,3
13111,5.637709548264127,4.352182518111363,-1.285527030152764,9
13112,5.698828434716363,4.352182518111363,-1.3466459166050004,10
13113,5.8320700170604285,6.1702617153949575,0.338191698334529,9
13114,5.972996205854998,6.1702617153949575,0.19726550953995936,10
13115,5.969186764236289,6.1702617153949575,0.20107495115866847,7
13116,6.126210497324851,6.1702617153949575,0.04405121807010648,5
13117,5.982029950103342,6.1702617153949575,0.1882317652916159,3
13118,5.791404073141392,6.1702617153949575,0.3788576422535659,6
13119,6.068436274939825,6.1702617153949575,0.10182544045513264,8
13120,5.924702083179141,6.1702617153949575,0.24555963221581667,1
13121,5.882544874191594,6.1702617153949575,0.2877168412033635,4
13122,5.959089858212634,6.531478917042255,0.5723890588296214,1
13123,6.106783671982665,6.531478917042255,0.4246952450595902,10
13124,5.784040666953689,6.531478917042255,0.7474382500885666,2
13125,5.999187582263964,6.531478917042255,0.5322913347782912,4
13126,6.086983487040438,6.531478917042255,0.4444954300018171,5
13127,5.95274194145264,6.531478917042255,0.5787369755896155,7
13128,5.885095894283512,6.531478917042255,0.6463830227587435,6
13129,6.074072870702699,6.531478917042255,0.45740604633955595,9
13130,5.690945848759255,6.531478917042255,0.8405330682830003,8
13131,5.9659958532341975,6.358886204405869,0.3928903511716717,5
13132,6.21270504420131,6.358886204405869,0.1461811602045593,3
13133,6.2666219654043935,6.358886204405869,0.09226423900147562,8
13134,5.848071264936364,6.358886204405869,0.5108149394695047,6
13135,5.6774455311112115,6.358886204405869,0.6814406732946576,2
13136,5.858734520049522,6.358886204405869,0.5001516843563474,7
13137,5.796546244780692,6.358886204405869,0.5623399596251772,9
13138,5.8064617579238895,6.358886204405869,0.5524244464819796,1
13139,5.763250773619499,6.358886204405869,0.5956354307863698,4
13140,5.600230631370926,4.314288660947498,-1.285941970423428,6
13141,5.668626541261458,4.314288660947498,-1.3543378803139596,9
13142,5.449387952718584,4.314288660947498,-1.1350992917710858,3
13143,5.519495769888641,4.314288660947498,-1.205207108941143,1
13144,5.753509904557562,4.314288660947498,-1.4392212436100644,10
13145,5.733328179484467,4.314288660947498,-1.4190395185369686,7
13146,5.58683391892604,4.314288660947498,-1.2725452579785417,2
13147,5.50063003652306,4.314288660947498,-1.1863413755755623,8
13148,5.5621826523468085,4.314288660947498,-1.2478939913993106,4
13149,6.288491773160486,6.176091259055681,-0.112400514104805,8
13150,5.916692896840855,6.176091259055681,0.25939836221482615,7
13151,5.834100505541263,6.176091259055681,0.341990753514418,1
13152,5.685894594713226,6.176091259055681,0.4901966643424558,2
13153,6.059701262695339,6.176091259055681,0.11638999636034253,5
13154,5.781809091925986,6.176091259055681,0.39428216712969544,4
13155,5.971359192480049,6.176091259055681,0.20473206657563203,10
13156,5.861985552177094,6.176091259055681,0.3141057068785873,9
13157,5.924154175140765,6.176091259055681,0.25193708391491665,6
13158,6.001824029748477,6.091315159697223,0.08949112994874664,2
13159,6.1863729430767425,6.091315159697223,-0.0950577833795192,4
13160,6.210757750199886,6.091315159697223,-0.11944259050266304,1
13161,6.055638738574902,6.091315159697223,0.0356764211223215,7
13162,6.065389484308371,6.091315159697223,0.025925675388852376,10
13163,6.189306983621374,6.091315159697223,-0.09799182392415062,3
13164,6.1375309038356045,6.091315159697223,-0.046215744138381254,6
13165,6.043030314042887,6.091315159697223,0.04828484565433655,5
13166,6.251374041661335,6.091315159697223,-0.16005888196411178,9
13167,6.568679681658088,6.286456469746983,-0.2822232119111048,2
13168,6.550908414459546,6.286456469746983,-0.2644519447125635,4
13169,6.491367644113628,6.286456469746983,-0.20491117436664474,6
13170,6.71840568525482,6.286456469746983,-0.4319492155078368,9
13171,6.531042672125057,6.286456469746983,-0.24458620237807427,10
13172,6.626183982015655,6.286456469746983,-0.3397275122686718,1
13173,6.40652226442661,6.286456469746983,-0.1200657946796273,3
13174,6.338975222541698,6.286456469746983,-0.05251875279471552,7
13175,6.409382763267383,6.286456469746983,-0.12292629352040052,8
13176,5.999186671134976,6.913813852383717,0.9146271812487408,6
13177,5.890782640040716,6.913813852383717,1.0230312123430005,7
13178,5.9680769755466505,6.913813852383717,0.9457368768370662,5
13179,6.096577579416231,6.913813852383717,0.8172362729674854,1
13180,6.01258037019877,6.913813852383717,0.9012334821849466,8
13181,5.9096602542197445,6.913813852383717,1.0041535981639722,10
13182,5.857975320316793,6.913813852383717,1.0558385320669235,2
13183,6.058206738594943,6.913813852383717,0.855607113788774,9
13184,6.02879835590083,6.913813852383717,0.8850154964828869,3
13185,5.738231906806716,5.433321711630784,-0.3049101951759319,9
13186,5.715178326451845,5.433321711630784,-0.28185661482106106,10
13187,5.467934222339876,5.433321711630784,-0.03461251070909199,1
13188,5.553562633557301,5.433321711630784,-0.12024092192651725,4
13189,5.304838360456814,5.433321711630784,0.12848335117397003,6
13190,5.384173511335081,5.433321711630784,0.049148200295703326,8
13191,5.522419379655781,5.433321711630784,-0.08909766802499686,5
13192,5.161628843797501,5.433321711630784,0.2716928678332833,3
13193,5.413454297385455,5.433321711630784,0.01986741424532923,2
13194,6.225361706884558,6.308991029000164,0.08362932211560548,4
13195,6.068513725691792,6.308991029000164,0.24047730330837158,9
13196,6.328608854923368,6.308991029000164,-0.019617825923203824,1
13197,6.079754752361466,6.308991029000164,0.22923627663869794,3
13198,6.173825384066109,6.308991029000164,0.13516564493405525,7
13199,6.059618080649484,6.308991029000164,0.2493729483506799,10
13200,6.119478369291971,6.308991029000164,0.18951265970819264,8
13201,6.25676701241167,6.308991029000164,0.05222401658849396,2
13202,6.283128658054362,6.308991029000164,0.025862370945802127,6
13203,4.782420533249378,5.361727836017593,0.579307302768215,6
13204,4.436125882622953,5.361727836017593,0.92560195339464,5
13205,4.468463013221566,5.361727836017593,0.8932648227960271,10
13206,4.695654577865954,5.361727836017593,0.6660732581516386,7
13207,4.774432858502604,5.361727836017593,0.5872949775149889,4
13208,5.159908540571975,5.361727836017593,0.20181929544561772,8
13209,4.791792357837001,5.361727836017593,0.5699354781805921,2
13210,4.767836234971647,5.361727836017593,0.5938916010459456,3
13211,4.788461545484847,5.361727836017593,0.5732662905327457,1
13212,3.9833298413311202,4.095518042323151,0.1121882009920312,10
13213,4.276275324423609,4.095518042323151,-0.1807572821004575,1
13214,4.217020533652618,4.095518042323151,-0.12150249132946644,3
13215,3.960891358900914,4.095518042323151,0.13462668342223738,4
13216,4.559930475654972,4.095518042323151,-0.4644124333318205,6
13217,3.8977476134057105,4.095518042323151,0.1977704289174409,9
13218,4.051455444879608,4.095518042323151,0.044062597443543794,8
13219,4.088158080604439,4.095518042323151,0.007359961718712782,7
13220,3.9367274501659213,4.095518042323151,0.15879059215723013,5
13221,5.241706337766322,6.544068044350276,1.3023617065839534,2
13222,6.089617520583606,6.544068044350276,0.4544505237666696,8
13223,4.802403851109083,6.544068044350276,1.741664193241193,5
13224,5.027211325487386,6.544068044350276,1.5168567188628899,10
13225,5.514334424427386,6.544068044350276,1.0297336199228893,6
13226,5.429855301054263,6.544068044350276,1.1142127432960125,1
13227,5.193642297037727,6.544068044350276,1.3504257473125483,4
13228,5.117977752996063,6.544068044350276,1.426090291354213,7
13229,5.485116435637974,6.544068044350276,1.0589516087123014,3
13230,5.760503387197233,6.57978359661681,0.8192802094195768,8
13231,6.085492198922425,6.57978359661681,0.49429139769438546,6
13232,5.608497127433226,6.57978359661681,0.9712864691835845,5
13233,4.898594553390289,6.57978359661681,1.6811890432265209,10
13234,4.5136234307602,6.57978359661681,2.06616016585661,3
13235,5.915307052177659,6.57978359661681,0.6644765444391512,1
13236,5.735750457986003,6.57978359661681,0.8440331386308069,2
13237,5.67254457291087,6.57978359661681,0.90723902370594,4
13238,5.535375683171906,6.57978359661681,1.0444079134449042,7
13239,2.4365205625061925,2.6972293427597176,0.26070878025352506,3
13240,3.1186283608274232,2.6972293427597176,-0.42139901806770563,5
13241,3.1833829061945895,2.6972293427597176,-0.4861535634348719,2
13242,2.843591925711203,2.6972293427597176,-0.1463625829514852,10
13243,3.0115955032819235,2.6972293427597176,-0.3143661605222059,7
13244,2.849578273099392,2.6972293427597176,-0.15234893033967456,1
13245,2.9838110434978384,2.6972293427597176,-0.28658170073812084,4
13246,2.4567613819652347,2.6972293427597176,0.24046796079448285,9
13247,2.742706071918696,2.6972293427597176,-0.04547672915897838,8
13248,5.867330210676434,4.746322765089953,-1.1210074455864802,2
13249,6.097304113902298,4.746322765089953,-1.3509813488123443,6
13250,5.757156404715304,4.746322765089953,-1.0108336396253508,8
13251,5.8346955027871505,4.746322765089953,-1.0883727376971972,7
13252,5.372077070273082,4.746322765089953,-0.6257543051831282,3
13253,5.967385297383784,4.746322765089953,-1.221062532293831,4
13254,5.608467423195718,4.746322765089953,-0.8621446581057643,10
13255,5.85910113326897,4.746322765089953,-1.1127783681790167,5
13256,6.0070321752759614,4.746322765089953,-1.2607094101860081,1
13257,6.092500719827246,6.291391053078407,0.19889033325116134,4
13258,6.004580548477335,6.291391053078407,0.28681050460107205,5
13259,5.987018008591727,6.291391053078407,0.3043730444866801,8
13260,6.273418144487198,6.291391053078407,0.017972908591209702,1
13261,5.792389787283257,6.291391053078407,0.49900126579515014,10
13262,5.654046439511765,6.291391053078407,0.6373446135666425,3
13263,6.045654941806272,6.291391053078407,0.24573611127213546,6
13264,6.0032817576129744,6.291391053078407,0.28810929546543296,2
13265,5.561964724045725,6.291391053078407,0.7294263290326821,9
13266,5.962358802597466,6.747411807886423,0.7850530052889573,7
13267,6.001354307366653,6.747411807886423,0.74605750051977,6
13268,5.8746425347048135,6.747411807886423,0.8727692731816097,2
13269,5.995311219602316,6.747411807886423,0.7521005882841072,10
13270,5.753029860492419,6.747411807886423,0.9943819473940039,8
13271,6.070419008568371,6.747411807886423,0.676992799318052,9
13272,6.108395079508868,6.747411807886423,0.6390167283775554,4
13273,5.725170343507622,6.747411807886423,1.0222414643788014,3
13274,5.967692045464086,6.747411807886423,0.7797197624223369,5
13275,6.177518605892185,6.491361693834273,0.3138430879420877,9
13276,6.121791889583665,6.491361693834273,0.3695698042506077,6
13277,6.079832420336081,6.491361693834273,0.4115292734981919,5
13278,6.1960731868968555,6.491361693834273,0.2952885069374176,10
13279,6.0468585834386674,6.491361693834273,0.44450311039560564,3
13280,6.039077591101474,6.491361693834273,0.45228410273279884,2
13281,5.995938981150704,6.491361693834273,0.4954227126835695,8
13282,6.167580257871407,6.491361693834273,0.3237814359628661,1
13283,6.224861673573327,6.491361693834273,0.26650002026094644,4
13284,6.242894538821628,6.113943352306837,-0.12895118651479098,1
13285,6.208371586389027,6.113943352306837,-0.09442823408218981,6
13286,6.05756009071642,6.113943352306837,0.05638326159041718,3
13287,6.068469673923296,6.113943352306837,0.04547367838354077,2
13288,6.058990174808177,6.113943352306837,0.05495317749865958,8
13289,6.068404569573975,6.113943352306837,0.04553878273286216,9
13290,6.0105833932369865,6.113943352306837,0.1033599590698504,10
13291,6.196461670437057,6.113943352306837,-0.08251831813022026,4
13292,6.085482965541799,6.113943352306837,0.028460386765037704,5
13293,4.841186595311943,6.096910013008056,1.255723417696113,4
13294,4.824597472010797,6.096910013008056,1.2723125409972589,1
13295,5.05543109679895,6.096910013008056,1.0414789162091065,7
13296,5.267124643221229,6.096910013008056,0.8297853697868272,3
13297,4.940692975205086,6.096910013008056,1.1562170378029704,10
13298,4.838306198735373,6.096910013008056,1.258603814272683,5
13299,4.9095477416993365,6.096910013008056,1.1873622713087197,2
13300,4.7728814963135076,6.096910013008056,1.3240285166945487,9
13301,5.13577175986483,6.096910013008056,0.9611382531432264,6
13302,3.6680403524189984,3.804820678721162,0.1367803263021634,2
13303,3.204774320778988,3.804820678721162,0.600046357942174,4
13304,3.839470321050851,3.804820678721162,-0.03464964232968937,1
13305,3.944686391738509,3.804820678721162,-0.1398657130173473,8
13306,3.837406822903205,3.804820678721162,-0.032586144182042975,3
13307,3.435685288819793,3.804820678721162,0.36913538990136896,7
13308,3.4336524747972543,3.804820678721162,0.3711682039239075,5
13309,3.570209292716386,3.804820678721162,0.23461138600477582,9
13310,2.65009742516282,3.804820678721162,1.1547232535583416,6
13311,4.177437951770011,5.079181246047625,0.9017432942776145,10
13312,4.668380833313543,5.079181246047625,0.4108004127340825,6
13313,4.44946149758832,5.079181246047625,0.6297197484593049,1
13314,5.0224951210082045,5.079181246047625,0.05668612503942061,3
13315,4.296877797400499,5.079181246047625,0.7823034486471263,2
13316,4.602579013914595,5.079181246047625,0.4766022321330299,8
13317,4.195532850655406,5.079181246047625,0.8836483953922194,7
13318,4.634359377289349,5.079181246047625,0.4448218687582761,5
13319,4.7990242966665715,5.079181246047625,0.2801569493810536,9
13320,2.4450790862023135,2.220108088040055,-0.22497099816225852,6
13321,2.4256076561277267,2.220108088040055,-0.20549956808767167,3
13322,2.5667219317742833,2.220108088040055,-0.3466138437342283,7
13323,2.4863532812908966,2.220108088040055,-0.2662451932508416,4
13324,2.8344603099710826,2.220108088040055,-0.6143522219310276,1
13325,2.9558489775393237,2.220108088040055,-0.7357408894992687,10
13326,2.302820590316901,2.220108088040055,-0.08271250227684579,8
13327,3.4204438687447523,2.220108088040055,-1.2003357807046973,9
13328,2.951849355155113,2.220108088040055,-0.731741267115058,2
13329,5.67453219173887,4.850646235183066,-0.8238859565558041,5
13330,5.537683513123953,4.850646235183066,-0.6870372779408864,7
13331,5.3429080867252985,4.850646235183066,-0.49226185154223234,2
13332,5.903513212896178,4.850646235183066,-1.052866977713112,4
13333,5.291765885252691,4.850646235183066,-0.4411196500696253,10
13334,5.0658109007637,4.850646235183066,-0.21516466558063385,9
13335,5.714090965538502,4.850646235183066,-0.863444730355436,1
13336,5.119795346005232,4.850646235183066,-0.2691491108221662,3
13337,5.619035099131294,4.850646235183066,-0.7683888639482275,6
13338,6.0986338064701435,6.045322978786658,-0.05331082768348594,4
13339,6.016901759086703,6.045322978786658,0.028421219699954925,8
13340,5.7856972563579285,6.045322978786658,0.25962572242872906,6
13341,5.717814589022134,6.045322978786658,0.3275083897645237,9
13342,5.96163679376093,6.045322978786658,0.08368618502572733,1
13343,5.882724138044786,6.045322978786658,0.1625988407418717,7
13344,5.920094213586061,6.045322978786658,0.125228765200597,5
13345,5.777139686830621,6.045322978786658,0.26818329195603674,2
13346,5.6167494019867865,6.045322978786658,0.42857357679987107,3
13347,6.232715270945538,5.791690649020118,-0.44102462192542013,4
13348,5.885273253550878,5.791690649020118,-0.09358260453076017,3
13349,6.142517368245184,5.791690649020118,-0.3508267192250667,5
13350,5.986654246946361,5.791690649020118,-0.19496359792624318,6
13351,5.745282464165687,5.791690649020118,0.04640818485443088,9
13352,5.844377451363327,5.791690649020118,-0.052686802343209216,10
13353,6.144194778651399,5.791690649020118,-0.3525041296312814,1
13354,6.040382110766191,5.791690649020118,-0.24869146174607337,7
13355,5.943578716855269,5.791690649020118,-0.1518880678351513,2
13356,5.722107346120698,5.155609283678915,-0.5664980624417826,6
13357,5.805342147455061,5.155609283678915,-0.6497328637761459,7
13358,5.991461812558266,5.155609283678915,-0.835852528879351,8
13359,5.8345227334995755,5.155609283678915,-0.6789134498206604,9
13360,5.7410482623527095,5.155609283678915,-0.5854389786737944,2
13361,5.563299168772985,5.155609283678915,-0.40768988509406956,3
13362,6.000088061482492,5.155609283678915,-0.8444787778035767,5
13363,5.9554629381981155,5.155609283678915,-0.7998536545192003,1
13364,5.976888096333264,5.155609283678915,-0.8212788126543487,4
13365,5.061551264394231,5.690196080028514,0.6286448156342832,6
13366,5.083266703337561,5.690196080028514,0.6069293766909531,2
13367,4.995277964140959,5.690196080028514,0.694918115887555,9
13368,5.104010637773726,5.690196080028514,0.5861854422547879,8
13369,4.9957269171483425,5.690196080028514,0.6944691628801714,7
13370,4.9529714383315575,5.690196080028514,0.7372246416969563,3
13371,5.181078069441164,5.690196080028514,0.5091180105873496,1
13372,5.224263141964323,5.690196080028514,0.4659329380641912,4
13373,5.065108754926646,5.690196080028514,0.6250873251018678,5
13374,5.043419350790553,5.000867721531227,-0.042551629259325985,3
13375,5.12303325748352,5.000867721531227,-0.12216553595229307,2
13376,5.350911546509068,5.000867721531227,-0.35004382497784103,5
13377,5.428139302543776,5.000867721531227,-0.4272715810125485,1
13378,5.132960198864054,5.000867721531227,-0.1320924773328267,10
13379,5.450350732566196,5.000867721531227,-0.44948301103496924,4
13380,5.2563903332062925,5.000867721531227,-0.2555226116750653,8
13381,5.2930434225156135,5.000867721531227,-0.2921757009843864,6
13382,5.114764570089544,5.000867721531227,-0.1138968485583165,9
13383,6.129046685604181,6.806179973983888,0.6771332883797072,1
13384,5.788602777803516,6.806179973983888,1.0175771961803726,3
13385,6.096223233077803,6.806179973983888,0.7099567409060858,2
13386,5.7322096664251845,6.806179973983888,1.073970307558704,7
13387,5.990436673081682,6.806179973983888,0.8157433009022066,5
13388,5.987737490529098,6.806179973983888,0.8184424834547901,6
13389,6.34644682557179,6.806179973983888,0.45973314841209856,4
13390,6.431032398531378,6.806179973983888,0.37514757545251065,8
13391,5.458855516761718,6.806179973983888,1.3473244572221708,10
13392,5.920606550721305,6.041392685158225,0.1207861344369201,1
13393,5.662031767602497,6.041392685158225,0.3793609175557284,3
13394,5.707737447954965,6.041392685158225,0.33365523720325996,7
13395,5.825719907322053,6.041392685158225,0.215672777836172,5
13396,5.789993955873282,6.041392685158225,0.25139872928494356,10
13397,5.706064106161036,6.041392685158225,0.3353285789971894,6
13398,5.743341275946782,6.041392685158225,0.29805140921144346,9
13399,5.9688579732600955,6.041392685158225,0.07253471189812988,4
13400,5.621743846486693,6.041392685158225,0.4196488386715327,2
13401,5.401207792567027,5.656960182742849,0.25575239017582163,4
13402,4.905227367135782,5.656960182742849,0.7517328156070668,3
13403,5.741523019880779,5.656960182742849,-0.08456283713792967,8
13404,5.26819772198234,5.656960182742849,0.3887624607605087,1
13405,4.742851258262373,5.656960182742849,0.9141089244804759,9
13406,5.069735030962338,5.656960182742849,0.5872251517805109,2
13407,4.727963464075438,5.656960182742849,0.9289967186674106,10
13408,5.535715681573425,5.656960182742849,0.12124450116942409,6
13409,4.875595527502666,5.656960182742849,0.781364655240183,5
13410,5.846199132076374,6.355068206348851,0.5088690742724769,8
13411,5.0658109007637,6.355068206348851,1.289257305585151,9
13412,5.619035099131294,6.355068206348851,0.7360331072175574,6
13413,5.537683513123953,6.355068206348851,0.8173846932248985,7
13414,5.291765885252691,6.355068206348851,1.0633023210961596,10
13415,5.119795346005232,6.355068206348851,1.2352728603436187,3
13416,5.903513212896178,6.355068206348851,0.4515549934526728,4
13417,5.67453219173887,6.355068206348851,0.6805360146099808,5
13418,5.714090965538502,6.355068206348851,0.6409772408103489,1
13419,6.241103237547492,6.324282455297693,0.08317921775020132,10
13420,5.940411206905641,6.324282455297693,0.3838712483920519,8
13421,6.253005505348676,6.324282455297693,0.07127694994901734,4
13422,6.012612288728205,6.324282455297693,0.3116701665694883,2
13423,6.283353894942354,6.324282455297693,0.040928560355339094,7
13424,6.161745900305432,6.324282455297693,0.16253655499226127,6
13425,6.38758960316302,6.324282455297693,-0.0633071478653271,9
13426,6.214206135132237,6.324282455297693,0.11007632016545621,5
13427,6.164893487584144,6.324282455297693,0.15938896771354916,1
13428,5.519782814385706,5.944482672150168,0.4246998577644625,4
13429,5.212600660375612,5.944482672150168,0.7318820117745561,2
13430,5.375245453129858,5.944482672150168,0.5692372190203105,1
13431,5.543520896778851,5.944482672150168,0.40096177537131705,9
13432,5.497199747657626,5.944482672150168,0.4472829244925425,5
13433,5.424609932256607,5.944482672150168,0.519872739893561,7
13434,5.360031107360673,5.944482672150168,0.5844515647894957,10
13435,5.533920985366249,5.944482672150168,0.410561686783919,6
13436,5.823627840797133,5.944482672150168,0.12085483135303488,8
13437,6.264592064420535,6.3979400086720375,0.13334794425150243,7
13438,6.049919392377942,6.3979400086720375,0.34802061629409575,6
13439,6.065098194658272,6.3979400086720375,0.3328418140137659,2
13440,6.328696268125275,6.3979400086720375,0.06924374054676274,9
13441,6.034250226671811,6.3979400086720375,0.3636897820002263,3
13442,6.003183935974811,6.3979400086720375,0.3947560726972261,8
13443,6.323480959398394,6.3979400086720375,0.07445904927364388,10
13444,6.1881701505567905,6.3979400086720375,0.20976985811524695,1
13445,6.276809874604139,6.3979400086720375,0.12113013406789808,4
13446,6.201031910157258,6.1702617153949575,-0.030770194762300918,1
13447,6.218446204854378,6.1702617153949575,-0.048184489459420554,3
13448,6.334017617511912,6.1702617153949575,-0.16375590211695457,10
13449,5.976508856825271,6.1702617153949575,0.19375285856968638,8
13450,6.109661060845459,6.1702617153949575,0.060600654549498145,6
13451,6.286052125970756,6.1702617153949575,-0.11579041057579875,5
13452,6.337011047552974,6.1702617153949575,-0.1667493321580169,4
13453,6.469133273464524,6.1702617153949575,-0.29887155806956667,9
13454,6.26479591246939,6.1702617153949575,-0.09453419707443267,2
13455,5.591121063223727,4.413634997198556,-1.1774860660251711,7
13456,5.304824276046328,4.413634997198556,-0.8911892788477722,8
13457,5.663438636161223,4.413634997198556,-1.2498036389626668,4
13458,5.757842705900852,4.413634997198556,-1.344207708702296,9
13459,5.610978057072486,4.413634997198556,-1.1973430598739299,3
13460,5.446463570723207,4.413634997198556,-1.0328285735246512,2
13461,5.4398256304486265,4.413634997198556,-1.0261906332500708,6
13462,5.606249749983335,4.413634997198556,-1.1926147527847792,1
13463,5.558701255274948,4.413634997198556,-1.1450662580763922,5
13464,5.986846903605437,5.949390006644912,-0.03745689696052423,8
13465,5.92726016097581,5.949390006644912,0.022129845669102366,5
13466,5.929316868077492,5.949390006644912,0.020073138567420656,2
13467,5.7793182336423055,5.949390006644912,0.1700717730026069,6
13468,6.314991769850574,5.949390006644912,-0.36560176320566207,9
13469,6.030520027781684,5.949390006644912,-0.08113002113677137,4
13470,6.133399371814436,5.949390006644912,-0.1840093651695236,10
13471,5.938694455395214,5.949390006644912,0.010695551249698454,1
13472,5.857790603728325,5.949390006644912,0.09159940291658764,3
13473,6.043844698469809,6.056904851336473,0.013060152866663621,8
13474,6.100486601752645,6.056904851336473,-0.043581750416172405,4
13475,6.030158569323499,6.056904851336473,0.02674628201297402,2
13476,6.272782919312191,6.056904851336473,-0.2158780679757184,9
13477,5.8941355156088475,6.056904851336473,0.1627693357276252,3
13478,6.015557049161004,6.056904851336473,0.041347802175468296,5
13479,6.0969083267350985,6.056904851336473,-0.04000347539862581,10
13480,5.8723911074953765,6.056904851336473,0.1845137438410962,6
13481,6.058024994843311,6.056904851336473,-0.0011201435068386445,1
13482,5.59519123566933,5.072984744627931,-0.5222064910413993,5
13483,5.193881716472653,5.072984744627931,-0.12089697184472215,2
13484,5.3489419219189775,5.072984744627931,-0.27595717729104674,8
13485,5.508912054356079,5.072984744627931,-0.4359273097281484,4
13486,5.6263161488840705,5.072984744627931,-0.5533314042561397,7
13487,5.605002889036115,5.072984744627931,-0.532018144408184,10
13488,5.343367126109553,5.072984744627931,-0.27038238148162197,6
13489,5.282979871613849,5.072984744627931,-0.20999512698591793,3
13490,5.547870877962704,5.072984744627931,-0.47488613333477314,1
13491,5.723705233419078,5.697229342759718,-0.02647589065936007,3
13492,5.945227105871666,5.697229342759718,-0.24799776311194854,6
13493,5.829209756503488,5.697229342759718,-0.13198041374377034,8
13494,6.134742471225754,5.697229342759718,-0.43751312846603607,5
13495,6.232156526917291,5.697229342759718,-0.5349271841575733,1
13496,6.2275496590417525,5.697229342759718,-0.5303203162820349,9
13497,6.228322293444179,5.697229342759718,-0.531092950684461,7
13498,6.116411203954557,5.697229342759718,-0.419181861194839,4
13499,5.891804528324294,5.697229342759718,-0.19457518556457654,2
13500,5.8794128592729455,5.698970004336019,-0.1804428549369268,1
13501,5.33162368733827,5.698970004336019,0.36734631699774845,3
13502,5.755733453358219,5.698970004336019,-0.056763449022199985,9
13503,5.409003167261818,5.698970004336019,0.2899668370742008,2
13504,5.660483524887051,5.698970004336019,0.03848647944896744,4
13505,5.833658450626317,5.698970004336019,-0.13468844629029864,7
13506,5.747716626018163,5.698970004336019,-0.048746621682144387,5
13507,6.181083833364391,5.698970004336019,-0.4821138290283722,6
13508,6.151165523308015,5.698970004336019,-0.4521955189719966,8
13509,6.017229706538475,6.664547962246547,0.6473182557080719,1
13510,5.893487046051763,6.664547962246547,0.7710609161947843,3
13511,5.880072242348039,6.664547962246547,0.7844757198985084,10
13512,5.644917669582701,6.664547962246547,1.0196302926638463,2
13513,6.271881634522507,6.664547962246547,0.3926663277240401,8
13514,6.247963008406317,6.664547962246547,0.4165849538402302,6
13515,5.925067401021338,6.664547962246547,0.7394805612252089,7
13516,5.8729241994811145,6.664547962246547,0.7916237627654326,5
13517,5.900791132622321,6.664547962246547,0.7637568296242261,4
13518,6.270743751086572,6.937016107464814,0.6662723563782418,7
13519,6.0190557697940115,6.937016107464814,0.9179603376708023,2
13520,6.3725704297982615,6.937016107464814,0.5644456776665523,1
13521,6.28750095131675,6.937016107464814,0.6495151561480634,9
13522,6.49964826856952,6.937016107464814,0.43736783889529374,8
13523,6.206118135298185,6.937016107464814,0.7308979721666287,10
13524,6.233288088752937,6.937016107464814,0.7037280187118764,5
13525,6.278201718873204,6.937016107464814,0.65881438859161,3
13526,6.178992612013696,6.937016107464814,0.758023495451118,4
13527,6.218651091788055,7.531478917042255,1.3128278252542005,5
13528,6.591546095729503,7.531478917042255,0.9399328213127527,8
13529,6.207159444163827,7.531478917042255,1.324319472878428,10
13530,6.253166741248079,7.531478917042255,1.2783121757941762,3
13531,6.270064696626551,7.531478917042255,1.2614142204157046,9
13532,6.2241758262864035,7.531478917042255,1.3073030907558518,6
13533,6.366710034801269,7.531478917042255,1.1647688822409865,1
13534,6.238436740330189,7.531478917042255,1.2930421767120661,7
13535,6.138055166262952,7.531478917042255,1.393423750779303,4
13536,6.3262868645167245,6.240798771117332,-0.0854880933993929,1
13537,5.983614519856802,6.240798771117332,0.25718425126052935,3
13538,6.210227395984925,6.240798771117332,0.03057137513240704,5
13539,6.272088207829343,6.240798771117332,-0.031289436712011565,10
13540,6.28455860370032,6.240798771117332,-0.04375983258298799,9
13541,6.089097872979017,6.240798771117332,0.15170089813831478,6
13542,6.297691621057699,6.240798771117332,-0.05689284994036736,7
13543,6.007546251403863,6.240798771117332,0.23325251971346894,2
13544,6.035771048716813,6.240798771117332,0.20502772240051836,8
13545,6.703262492790917,6.012837224705172,-0.690425268085745,5
13546,6.521633637922471,6.012837224705172,-0.5087964132172988,3
13547,6.71993017949947,6.012837224705172,-0.7070929547942981,7
13548,6.381874840683656,6.012837224705172,-0.36903761597848384,2
13549,6.556784289225795,6.012837224705172,-0.5439470645206228,9
13550,6.823489777989017,6.012837224705172,-0.8106525532838447,1
13551,6.464042724735891,6.012837224705172,-0.4512055000307189,8
13552,6.750045110796055,6.012837224705172,-0.7372078860908831,4
13553,6.549648577231941,6.012837224705172,-0.5368113525267688,10
13554,6.183965142481912,6.44870631990508,0.2647411774231676,6
13555,6.33147237051153,6.44870631990508,0.11723394939355014,1
13556,6.2656609280297415,6.44870631990508,0.1830453918753383,9
13557,6.006860435854174,6.44870631990508,0.4418458840509061,2
13558,6.149016783839277,6.44870631990508,0.2996895360658032,5
13559,6.171599782248975,6.44870631990508,0.2771065376561044,10
13560,6.2339349310865,6.44870631990508,0.21477138881857982,7
13561,6.109751192866222,6.44870631990508,0.338955127038858,8
13562,6.241408106535888,6.44870631990508,0.2072982133691914,4
13563,5.989166935911669,6.580468783951002,0.5913018480393326,9
13564,5.809017985373194,6.580468783951002,0.7714507985778081,4
13565,5.836382441020573,6.580468783951002,0.7440863429304283,5
13566,5.803036397214263,6.580468783951002,0.7774323867367388,3
13567,5.796211286900752,6.580468783951002,0.78425749705025,6
13568,5.913355722630806,6.580468783951002,0.6671130613201957,10
13569,5.539908440386031,6.580468783951002,1.0405603435649704,8
13570,5.570659621284507,6.580468783951002,1.0098091626664942,2
13571,5.962831294152353,6.580468783951002,0.617637489798649,1
13572,6.2046420761711865,5.778151250383644,-0.4264908257875426,7
13573,5.8382380528930895,5.778151250383644,-0.06008680250944565,3
13574,6.058750033584064,5.778151250383644,-0.2805987832004204,4
13575,6.239993586053466,5.778151250383644,-0.46184233566982247,6
13576,6.239906384091911,5.778151250383644,-0.4617551337082668,8
13577,6.147150106282662,5.778151250383644,-0.3689988558990178,5
13578,6.308309774770347,5.778151250383644,-0.5301585243867031,1
13579,5.8645039870184315,5.778151250383644,-0.0863527366347876,2
13580,6.163905573607023,5.778151250383644,-0.3857543232233791,9
13581,6.370033974842879,5.732393759822968,-0.6376402150199105,1
13582,6.033587036000283,5.732393759822968,-0.3011932761773144,3
13583,6.301398070971709,5.732393759822968,-0.5690043111487411,4
13584,6.3473630789052145,5.732393759822968,-0.6149693190822463,7
13585,6.274861551116213,5.732393759822968,-0.5424677912932445,5
13586,6.125438737783454,5.732393759822968,-0.39304497796048565,2
13587,6.317944701508226,5.732393759822968,-0.5855509416852582,10
13588,6.140725202638261,5.732393759822968,-0.40833144281529243,8
13589,6.332863989325493,5.732393759822968,-0.600470229502525,6
13590,5.7491333750040825,4.954242509439325,-0.7948908655647573,4
13591,5.6487053276107195,4.954242509439325,-0.6944628181713943,10
13592,5.2312939775044125,4.954242509439325,-0.2770514680650873,2
13593,5.81512679807698,4.954242509439325,-0.8608842886376546,7
13594,5.290437654775135,4.954242509439325,-0.3361951453358101,5
13595,6.12274133694427,4.954242509439325,-1.168498827504945,6
13596,5.8197638144866835,4.954242509439325,-0.8655213050473582,1
13597,5.198962079166991,4.954242509439325,-0.24471956972766584,3
13598,5.0421723272679,4.954242509439325,-0.08792981782857456,8
13599,6.2339349310865,6.857332496431268,0.6233975653447681,7
13600,6.171599782248975,6.857332496431268,0.6857327141822926,10
13601,6.2656609280297415,6.857332496431268,0.5916715684015266,9
13602,6.241408106535888,6.857332496431268,0.6159243898953797,4
13603,6.006860435854174,6.857332496431268,0.8504720605770943,2
13604,6.109751192866222,6.857332496431268,0.7475813035650463,8
13605,6.218421296343274,6.857332496431268,0.6389112000879944,3
13606,6.33147237051153,6.857332496431268,0.5258601259197384,1
13607,6.183965142481912,6.857332496431268,0.6733673539493559,6
13608,6.267283218516578,5.308393649976259,-0.9588895685403189,9
13609,6.216111223300678,5.308393649976259,-0.9077175733244189,4
13610,6.114686385085295,5.308393649976259,-0.8062927351090359,3
13611,6.184587288969707,5.308393649976259,-0.8761936389934482,10
13612,6.116815449915783,5.308393649976259,-0.8084217999395236,6
13613,6.24868466241423,5.308393649976259,-0.9402910124379709,7
13614,6.315682249054529,5.308393649976259,-1.0072885990782696,1
13615,5.983698569076012,5.308393649976259,-0.6753049190997524,2
13616,6.075223031145936,5.308393649976259,-0.7668293811696767,8
13617,5.72769594052511,6.277090960334402,0.5493950198092916,4
13618,6.121859686124465,6.277090960334402,0.1552312742099362,6
13619,5.5798778528444295,6.277090960334402,0.6972131074899721,2
13620,5.767224864789091,6.277090960334402,0.5098660955453109,9
13621,5.7835188360030605,6.277090960334402,0.4935721243313411,5
13622,5.717766638129708,6.277090960334402,0.5593243222046933,8
13623,6.004767445931741,6.277090960334402,0.272323514402661,7
13624,5.917839924770758,6.277090960334402,0.359251035563644,3
13625,6.022200608383783,6.277090960334402,0.2548903519506185,1
13626,6.133350693983483,5.857332496431268,-0.2760181975522151,6
13627,6.091070209255546,5.857332496431268,-0.23373771282427835,10
13628,5.982036409522946,5.857332496431268,-0.12470391309167805,4
13629,6.3595500145134025,5.857332496431268,-0.5022175180821344,8
13630,6.112001025344088,5.857332496431268,-0.2546685289128199,1
13631,5.781114957767565,5.857332496431268,0.07621753866370273,2
13632,6.122564639728048,5.857332496431268,-0.2652321432967799,9
13633,6.025200833694696,5.857332496431268,-0.1678683372634282,5
13634,6.094655880501756,5.857332496431268,-0.23732338407048825,7
13635,5.625421270834318,5.0,-0.6254212708343179,8
13636,5.426471051576211,5.0,-0.4264710515762111,5
13637,5.377265186760485,5.0,-0.3772651867604848,4
13638,5.412445055696813,5.0,-0.41244505569681333,3
13639,5.629204772137868,5.0,-0.629204772137868,9
13640,5.489991150695652,5.0,-0.48999115069565224,1
13641,5.671327879868553,5.0,-0.6713278798685529,2
13642,5.438280855020216,5.0,-0.4382808550202162,6
13643,5.441626616368103,5.0,-0.44162661636810263,7
13644,5.410739018292855,5.301029995663981,-0.1097090226288735,9
13645,5.308831471995217,5.301029995663981,-0.007801476331235513,3
13646,5.2055983061482,5.301029995663981,0.09543168951578096,4
13647,5.296146987548144,5.301029995663981,0.004883008115837306,6
13648,5.079918135341508,5.301029995663981,0.22111186032247332,7
13649,5.409810518551582,5.301029995663981,-0.1087805228876011,10
13650,5.235625129475068,5.301029995663981,0.0654048661889135,1
13651,5.466244890408769,5.301029995663981,-0.16521489474478734,2
13652,5.167087710788636,5.301029995663981,0.13394228487534487,5
13653,3.44240014906384,4.123851640967086,0.6814514919032457,10
13654,3.6467337594001674,4.123851640967086,0.47711788156691837,9
13655,3.6380112205174884,4.123851640967086,0.4858404204495974,2
13656,3.5678685275658664,4.123851640967086,0.5559831134012194,8
13657,3.4170941831075283,4.123851640967086,0.7067574578595575,4
13658,3.5134243048932228,4.123851640967086,0.610427336073863,5
13659,3.37302130014536,4.123851640967086,0.7508303408217256,7
13660,3.395071921336689,4.123851640967086,0.7287797196303969,1
13661,3.1035759597666948,4.123851640967086,1.020275681200391,6
13662,5.530773531472676,4.505149978319906,-1.0256235531527693,10
13663,5.587910624033132,4.505149978319906,-1.0827606457132255,6
13664,5.611864929329842,4.505149978319906,-1.1067149510099359,2
13665,5.226656389623584,4.505149978319906,-0.721506411303678,3
13666,5.66909373779812,4.505149978319906,-1.1639437594782134,9
13667,5.522907483321952,4.505149978319906,-1.017757505002046,4
13668,5.480474517349273,4.505149978319906,-0.9753245390293666,1
13669,5.659317695964563,4.505149978319906,-1.1541677176446568,8
13670,5.633744223399372,4.505149978319906,-1.1285942450794657,7
13671,5.224230387771644,6.32221929473392,1.0979889069622768,3
13672,5.259919700213996,6.32221929473392,1.0622995945199243,7
13673,5.410558220083818,6.32221929473392,0.9116610746501026,6
13674,5.332249145737061,6.32221929473392,0.9899701489968598,1
13675,5.351841281230058,6.32221929473392,0.9703780135038622,10
13676,5.349311863054146,6.32221929473392,0.9729074316797748,2
13677,5.482769672412712,6.32221929473392,0.839449622321208,8
13678,5.452463998242236,6.32221929473392,0.8697552964916841,4
13679,5.356364763316961,6.32221929473392,0.9658545314169595,5
13680,5.506334409368352,4.505149978319906,-1.0011844310484461,1
13681,5.63206755695334,4.505149978319906,-1.1269175786334333,2
13682,5.4526816971341985,4.505149978319906,-0.9475317188142922,3
13683,5.554992096000465,4.505149978319906,-1.0498421176805586,7
13684,5.573492164540919,4.505149978319906,-1.0683421862210123,4
13685,5.665851166406141,4.505149978319906,-1.160701188086235,6
13686,5.67827172177117,4.505149978319906,-1.1731217434512633,10
13687,5.624735617722397,4.505149978319906,-1.1195856394024908,8
13688,5.537497054547695,4.505149978319906,-1.032347076227789,5
13689,5.735915526530134,4.568201724066995,-1.1677138024631386,7
13690,5.891608263733665,4.568201724066995,-1.3234065396666699,9
13691,5.829724874884441,4.568201724066995,-1.261523150817446,6
13692,5.588251052850294,4.568201724066995,-1.0200493287832995,3
13693,5.723126983116232,4.568201724066995,-1.1549252590492367,1
13694,5.820109444520669,4.568201724066995,-1.2519077204536737,10
13695,5.71446779898114,4.568201724066995,-1.146266074914145,8
13696,5.746470445024929,4.568201724066995,-1.1782687209579343,2
13697,5.798211885238186,4.568201724066995,-1.230010161171191,4
13698,4.143075105074442,4.900367128656471,0.7572920235820293,7
13699,4.120354731836645,4.900367128656471,0.780012396819826,8
13700,4.160881144212944,4.900367128656471,0.7394859844435278,2
13701,4.170875917185337,4.900367128656471,0.7294912114711343,5
13702,4.117797265112485,4.900367128656471,0.7825698635439862,3
13703,4.165519102813415,4.900367128656471,0.7348480258430561,1
13704,3.960936446050227,4.900367128656471,0.9394306826062442,6
13705,4.073877776520722,4.900367128656471,0.8264893521357495,4
13706,4.3221520597204774,4.900367128656471,0.578215068935994,9
13707,5.630097438991793,5.477121254719663,-0.15297618427213067,5
13708,5.6463830907654895,5.477121254719663,-0.1692618360458269,7
13709,5.513674550114337,5.477121254719663,-0.036553295394674556,3
13710,5.65810842125828,5.477121254719663,-0.18098716653861757,8
13711,5.650077962412808,5.477121254719663,-0.17295670769314508,6
13712,5.615183825414623,5.477121254719663,-0.1380625706949603,4
13713,5.653771686921991,5.477121254719663,-0.17665043220232857,1
13714,5.617606062079123,5.477121254719663,-0.14048480735946,2
13715,5.802059489009968,5.477121254719663,-0.32493823429030577,9
13716,5.358761296566395,6.041392685158225,0.6826313885918305,2
13717,5.417188708263801,6.041392685158225,0.6242039768944245,7
13718,5.357785613934577,6.041392685158225,0.6836070712236486,8
13719,5.405045571589073,6.041392685158225,0.6363471135691521,3
13720,5.302539534206122,6.041392685158225,0.738853150952103,9
13721,5.379396756614576,6.041392685158225,0.6619959285436492,4
13722,5.3381649604587,6.041392685158225,0.7032277246995253,6
13723,5.225564792516086,6.041392685158225,0.8158278926421394,10
13724,5.348273184588912,6.041392685158225,0.6931195005693134,5
13725,5.937995364734181,6.496791315700042,0.5587959509658607,7
13726,6.025819606771137,6.496791315700042,0.4709717089289054,10
13727,5.934059148328328,6.496791315700042,0.5627321673717143,4
13728,5.928515158129898,6.496791315700042,0.5682761575701445,6
13729,5.780628593347055,6.496791315700042,0.716162722352987,3
13730,5.953082535544068,6.496791315700042,0.5437087801559741,2
13731,5.9417205574693215,6.496791315700042,0.5550707582307206,8
13732,5.901652824170832,6.496791315700042,0.5951384915292097,1
13733,5.925056421661632,6.496791315700042,0.5717348940384097,5
13734,5.3086826878702436,4.486713775982485,-0.8219689118877582,9
13735,5.27632620751336,4.486713775982485,-0.789612431530875,6
13736,5.436190592742318,4.486713775982485,-0.9494768167598329,8
13737,5.133443031645055,4.486713775982485,-0.6467292556625699,10
13738,5.139033928997933,4.486713775982485,-0.6523201530154479,7
13739,5.322674276289638,4.486713775982485,-0.8359605003071531,5
13740,5.3324561471149305,4.486713775982485,-0.8457423711324452,2
13741,5.205203355337624,4.486713775982485,-0.7184895793551389,1
13742,5.098787290310894,4.486713775982485,-0.6120735143284088,4
13743,5.509423027223072,5.0,-0.5094230272230718,2
13744,5.401036569899823,5.0,-0.40103656989982284,3
13745,5.465291308445139,5.0,-0.46529130844513933,5
13746,5.503575317952989,5.0,-0.5035753179529889,8
13747,5.57238253690165,5.0,-0.5723825369016504,4
13748,5.465200758246182,5.0,-0.4652007582461817,9
13749,5.35547436580349,5.0,-0.3554743658034898,6
13750,5.528235472271936,5.0,-0.5282354722719358,7
13751,5.456973978371996,5.0,-0.4569739783719964,10
13752,5.367432806261758,6.32221929473392,0.9547864884721626,5
13753,5.444175181280163,6.32221929473392,0.8780441134537575,6
13754,5.2508123417162365,6.32221929473392,1.071406953017684,3
13755,5.604567244124392,6.32221929473392,0.7176520506095283,9
13756,5.3601411095805735,6.32221929473392,0.9620781851533469,1
13757,5.56443907924961,6.32221929473392,0.7577802154843107,7
13758,5.571500926636763,6.32221929473392,0.7507183680971572,4
13759,5.590325104395415,6.32221929473392,0.7318941903385054,2
13760,5.626006181297327,6.32221929473392,0.6962131134365936,8
13761,4.789496478307366,4.685741738602264,-0.10375473970510196,7
13762,5.308780926528219,4.685741738602264,-0.6230391879259551,8
13763,5.12140460536575,4.685741738602264,-0.43566286676348565,9
13764,4.819129961933578,4.685741738602264,-0.1333882233313144,10
13765,5.204427072918737,4.685741738602264,-0.5186853343164728,2
13766,4.948612175392622,4.685741738602264,-0.26287043679035804,3
13767,5.122239898308362,4.685741738602264,-0.4364981597060984,6
13768,5.17553264890692,4.685741738602264,-0.4897909103046558,4
13769,4.983492658205673,4.685741738602264,-0.29775091960340916,5
13770,5.550240060935021,6.504701881045554,0.9544618201105326,8
13771,5.549768357793799,6.504701881045554,0.9549335232517544,6
13772,5.592065478231199,6.504701881045554,0.9126364028143543,2
13773,5.3618079365258176,6.504701881045554,1.1428939445197361,10
13774,5.492096910077871,6.504701881045554,1.0126049709676828,1
13775,5.531128835210156,6.504701881045554,0.9735730458353977,5
13776,5.630595567618568,6.504701881045554,0.874106313426986,4
13777,5.609303759774715,6.504701881045554,0.8953981212708388,7
13778,5.622519367881428,6.504701881045554,0.8821825131641257,3
13779,4.044334039403089,2.146128035678238,-1.8982060037248507,1
13780,4.113652088143845,2.146128035678238,-1.967524052465607,6
13781,3.929259675377177,2.146128035678238,-1.7831316396989387,4
13782,4.177694412866566,2.146128035678238,-2.0315663771883274,9
13783,4.237847719968133,2.146128035678238,-2.0917196842898944,8
13784,4.2538331992641805,2.146128035678238,-2.1077051635859423,10
13785,4.20584762161335,2.146128035678238,-2.0597195859351114,5
13786,4.379658041205428,2.146128035678238,-2.2335300055271894,3
13787,4.42389076877236,2.146128035678238,-2.2777627330941215,2
13788,2.756928921845546,1.4471580313422192,-1.3097708905033267,6
13789,2.6215756428273056,1.4471580313422192,-1.1744176114850864,5
13790,3.010536523217429,1.4471580313422192,-1.5633784918752098,1
13791,3.12925178913025,1.4471580313422192,-1.6820937577880308,3
13792,3.096049591076618,1.4471580313422192,-1.648891559734399,4
13793,3.0003295349120074,1.4471580313422192,-1.5531715035697882,7
13794,3.828536520954796,1.4471580313422192,-2.381378489612577,10
13795,3.230340565662778,1.4471580313422192,-1.7831825343205587,9
13796,2.7946903138241,1.4471580313422192,-1.347532282481881,8
13797,2.651255479181196,3.113943352306837,0.46268787312564097,6
13798,2.229652550266288,3.113943352306837,0.8842908020405491,5
13799,2.9733877081559137,3.113943352306837,0.14055564415092325,3
13800,3.1048078790522577,3.113943352306837,0.009135473254579196,7
13801,2.6545031746151273,3.113943352306837,0.45944017769170964,8
13802,2.8807436395586303,3.113943352306837,0.2331997127482066,1
13803,3.2853476650384157,3.113943352306837,-0.17140431273157875,10
13804,3.048460491357798,3.113943352306837,0.06548286094903899,4
13805,3.1492264323133856,3.113943352306837,-0.03528308000654867,2
13806,3.6536413561869043,4.826074802700826,1.1724334465139217,9
13807,3.2630625957024573,4.826074802700826,1.5630122069983687,5
13808,3.531896656059991,4.826074802700826,1.294178146640835,1
13809,3.9427059047472066,4.826074802700826,0.8833688979536194,4
13810,3.5437944614425794,4.826074802700826,1.2822803412582466,8
13811,3.8448730203655486,4.826074802700826,0.9812017823352774,7
13812,4.0634876331365675,4.826074802700826,0.7625871695642585,10
13813,3.16612667146445,4.826074802700826,1.659948131236376,6
13814,3.9195345668019757,4.826074802700826,0.9065402358988504,2
13815,5.540645143715438,4.247973266361806,-1.2926718773536319,10
13816,5.064537498443865,4.247973266361806,-0.816564232082059,8
13817,5.105830195572335,4.247973266361806,-0.8578569292105289,1
13818,5.2832187935348625,4.247973266361806,-1.035245527173056,2
13819,5.042835098225761,4.247973266361806,-0.7948618318639546,3
13820,5.72424254373061,4.247973266361806,-1.4762692773688038,9
13821,5.353577783191011,4.247973266361806,-1.1056045168292048,5
13822,4.978028033310454,4.247973266361806,-0.7300547669486477,6
13823,5.0720032291152135,4.247973266361806,-0.8240299627534071,7
13824,3.861569008847582,5.0,1.138430991152418,7
13825,3.7693898201905056,5.0,1.2306101798094944,8
13826,3.9893121148652044,5.0,1.0106878851347956,9
13827,3.415663840569557,5.0,1.584336159430443,1
13828,4.134089594750848,5.0,0.865910405249152,2
13829,3.656468702373108,5.0,1.343531297626892,3
13830,3.8551615940332953,5.0,1.1448384059667047,10
13831,3.7746733653147455,5.0,1.2253266346852545,6
13832,3.8545330411353587,5.0,1.1454669588646413,4
13833,4.548645385174027,5.653212513775344,1.1045671286013166,7
13834,4.807320001857205,5.653212513775344,0.8458925119181391,10
13835,4.983009163901535,5.653212513775344,0.6702033498738089,2
13836,4.992830152956725,5.653212513775344,0.6603823608186188,9
13837,4.686116558246928,5.653212513775344,0.967095955528416,8
13838,4.461092038432225,5.653212513775344,1.1921204753431187,4
13839,4.41179319117428,5.653212513775344,1.2414193226010637,1
13840,4.5505616041526125,5.653212513775344,1.1026509096227315,3
13841,4.591096330546829,5.653212513775344,1.0621161832285146,6
13842,6.20521240644878,5.653212513775344,-0.551999892673436,8
13843,6.162930709900033,5.653212513775344,-0.5097181961246893,4
13844,6.118675358548571,5.653212513775344,-0.46546284477322697,1
13845,6.25699133969357,5.653212513775344,-0.6037788259182264,2
13846,6.110149882548338,5.653212513775344,-0.4569373687729943,7
13847,6.034666893445535,5.653212513775344,-0.381454379670191,3
13848,6.23894342321415,5.653212513775344,-0.5857309094388059,9
13849,6.122059554390919,5.653212513775344,-0.46884704061557514,10
13850,6.004985838654517,5.653212513775344,-0.351773324879173,6
13851,5.369926219812036,6.204119982655925,0.8341937628438894,1
13852,5.475426092992798,6.204119982655925,0.728693889663127,2
13853,5.289799271933726,6.204119982655925,0.9143207107221993,4
13854,5.521830694566694,6.204119982655925,0.6822892880892306,9
13855,5.4323570303063855,6.204119982655925,0.7717629523495395,5
13856,5.47471001000369,6.204119982655925,0.7294099726522347,10
13857,5.409426262341914,6.204119982655925,0.7946937203140108,8
13858,5.34508854905024,6.204119982655925,0.8590314336056855,7
13859,5.351839051427462,6.204119982655925,0.8522809312284627,6
13860,5.692237698426109,6.079181246047625,0.3869435476215157,6
13861,5.683992442201546,6.079181246047625,0.3951888038460787,9
13862,5.678791188189739,6.079181246047625,0.4003900578578863,8
13863,5.670368269705784,6.079181246047625,0.4088129763418413,7
13864,5.455191990160624,6.079181246047625,0.6239892558870013,3
13865,5.921400791551134,6.079181246047625,0.15778045449649092,10
13866,5.879448329489181,6.079181246047625,0.19973291655844427,1
13867,5.612563963988392,6.079181246047625,0.46661728205923314,5
13868,5.637631163859156,6.079181246047625,0.4415500821884688,2
13869,5.998328233898526,6.3979400086720375,0.3996117747735113,6
13870,6.1608393580751475,6.3979400086720375,0.23710065059689,1
13871,5.987842955981309,6.3979400086720375,0.4100970526907286,8
13872,5.871875565201394,6.3979400086720375,0.5260644434706432,3
13873,6.040732921036092,6.3979400086720375,0.35720708763594544,9
13874,6.1255084668869495,6.3979400086720375,0.272431541785088,5
13875,6.169566606439045,6.3979400086720375,0.22837340223299218,10
13876,6.048101892776169,6.3979400086720375,0.3498381158958681,2
13877,6.090911546379205,6.3979400086720375,0.3070284622928323,7
13878,5.589131406960629,5.223755453657241,-0.36537595330338757,2
13879,5.710994011493573,5.223755453657241,-0.4872385578363314,1
13880,5.618657944140273,5.223755453657241,-0.39490249048303205,5
13881,5.548587193284852,5.223755453657241,-0.32483173962761036,10
13882,5.717430778435313,5.223755453657241,-0.49367532477807163,7
13883,5.521845616099402,5.223755453657241,-0.29809016244216036,4
13884,5.692191584354245,5.223755453657241,-0.46843613069700396,6
13885,5.568191942186652,5.223755453657241,-0.34443648852941067,9
13886,5.59596318603328,5.223755453657241,-0.37220773237603844,8
13887,6.042289418869987,5.079181246047625,-0.9631081728223618,6
13888,5.842933406893774,5.079181246047625,-0.763752160846149,3
13889,5.915354575552353,5.079181246047625,-0.836173329504728,4
13890,6.093030804375524,5.079181246047625,-1.013849558327899,1
13891,5.988144828492652,5.079181246047625,-0.9089635824450273,9
13892,5.884854987214697,5.079181246047625,-0.8056737411670722,8
13893,5.84892123389327,5.079181246047625,-0.7697399878456448,2
13894,6.022155956098022,5.079181246047625,-0.9429747100503967,10
13895,5.901039487270388,5.079181246047625,-0.8218582412227633,7
13896,6.1255084668869495,6.778151250383644,0.6526427834966944,5
13897,5.998328233898526,6.778151250383644,0.7798230164851176,6
13898,6.169566606439045,6.778151250383644,0.6085846439445985,10
13899,6.090911546379205,6.778151250383644,0.6872397040044387,7
13900,6.048101892776169,6.778151250383644,0.7300493576074745,2
13901,5.871875565201394,6.778151250383644,0.9062756851822495,3
13902,5.987842955981309,6.778151250383644,0.790308294402335,8
13903,6.040732921036092,6.778151250383644,0.7374183293475518,9
13904,6.1608393580751475,6.778151250383644,0.6173118923084964,1
13905,5.469063165626196,5.585460729508501,0.11639756388230538,10
13906,5.2748915318759915,5.585460729508501,0.31056919763250956,3
13907,5.436042093186615,5.585460729508501,0.14941863632188568,9
13908,5.534304817653778,5.585460729508501,0.0511559118547229,1
13909,5.370546799029628,5.585460729508501,0.21491393047887275,6
13910,5.247356382457005,5.585460729508501,0.3381043470514964,4
13911,5.368715445476159,5.585460729508501,0.21674528403234206,7
13912,5.307941803745062,5.585460729508501,0.27751892576343895,5
13913,5.34328228740449,5.585460729508501,0.24217844210401118,8
13914,5.906714262677268,5.845098040014257,-0.06161622266301148,3
13915,6.066461873497945,5.845098040014257,-0.2213638334836885,6
13916,6.159697370092665,5.845098040014257,-0.31459933007840846,7
13917,6.312973195547277,5.845098040014257,-0.4678751555330205,10
13918,6.2476901702823,5.845098040014257,-0.40259213026804286,9
13919,6.181851582847556,5.845098040014257,-0.33675354283329906,5
13920,6.181370846080678,5.845098040014257,-0.33627280606642085,1
13921,6.07543973732659,5.845098040014257,-0.23034169731233334,2
13922,6.100136239196613,5.845098040014257,-0.2550381991823558,8
13923,5.87130527463536,5.934498451243568,0.06319317660820811,9
13924,5.782060315259734,5.934498451243568,0.15243813598383404,4
13925,5.518461248056779,5.934498451243568,0.4160372031867894,3
13926,6.064181977128003,5.934498451243568,-0.12968352588443466,10
13927,6.055136286230026,5.934498451243568,-0.12063783498645808,5
13928,5.905808083964386,5.934498451243568,0.028690367279182283,7
13929,5.83709583222059,5.934498451243568,0.09740261902297842,6
13930,5.882507152291871,5.934498451243568,0.051991298951697296,1
13931,5.721908999978125,5.934498451243568,0.21258945126544315,8
13932,5.842933406893774,5.771587480881255,-0.0713459260125191,3
13933,5.880511718231251,5.771587480881255,-0.10892423734999568,5
13934,6.093030804375524,5.771587480881255,-0.3214433234942691,1
13935,5.988144828492652,5.771587480881255,-0.21655734761139733,9
13936,5.84892123389327,5.771587480881255,-0.07733375301201484,2
13937,6.022155956098022,5.771587480881255,-0.25056847521676673,10
13938,5.901039487270388,5.771587480881255,-0.12945200638913335,7
13939,5.884854987214697,5.771587480881255,-0.11326750633344229,8
13940,5.915354575552353,5.771587480881255,-0.14376709467109805,4
13941,5.6276540749665,6.653212513775344,1.0255584388088437,10
13942,5.545177442677763,6.653212513775344,1.1080350710975813,3
13943,5.429908663945567,6.653212513775344,1.2233038498297768,9
13944,5.869746462769191,6.653212513775344,0.7834660510061529,1
13945,5.710655129861684,6.653212513775344,0.9425573839136598,6
13946,5.911745304499647,6.653212513775344,0.7414672092756973,8
13947,5.656789302074708,6.653212513775344,0.9964232117006357,7
13948,5.77777417029177,6.653212513775344,0.875438343483574,4
13949,5.570888120967116,6.653212513775344,1.0823243928082276,2
13950,5.374244179497,5.903089986991944,0.5288458074949434,8
13951,5.293369527242827,5.903089986991944,0.6097204597491164,7
13952,5.170614326159572,5.903089986991944,0.7324756608323719,4
13953,5.187940045004192,5.903089986991944,0.7151499419877521,5
13954,5.357926541587403,5.903089986991944,0.5451634454045404,6
13955,5.484792299783425,5.903089986991944,0.41829768720851845,10
13956,5.430238105856663,5.903089986991944,0.47285188113528065,2
13957,5.400491241535435,5.903089986991944,0.5025987454565088,9
13958,5.416777486341634,5.903089986991944,0.4863125006503095,1
13959,5.692237698426109,4.927370363039024,-0.764867335387085,6
13960,5.921400791551134,4.927370363039024,-0.9940304285121098,10
13961,5.670368269705784,4.927370363039024,-0.7429979066667594,7
13962,5.683992442201546,4.927370363039024,-0.756622079162522,9
13963,5.530467438442245,4.927370363039024,-0.6030970754032206,4
13964,5.455191990160624,4.927370363039024,-0.5278216271215994,3
13965,5.678791188189739,4.927370363039024,-0.7514208251507144,8
13966,5.637631163859156,4.927370363039024,-0.7102608008201319,2
13967,5.612563963988392,4.927370363039024,-0.6851936009493675,5
13968,5.02324082259879,4.826074802700826,-0.19716601989796434,2
13969,4.827155014830921,4.826074802700826,-0.0010802121300947931,3
13970,4.929255962128156,4.826074802700826,-0.1031811594273302,7
13971,4.989010873647177,4.826074802700826,-0.1629360709463512,8
13972,5.59460088492719,4.826074802700826,-0.768526082226364,10
13973,5.085459550307584,4.826074802700826,-0.25938474760675767,4
13974,5.370802827753963,4.826074802700826,-0.5447280250531366,5
13975,5.151209107798413,4.826074802700826,-0.32513430509758656,6
13976,5.688552770227291,4.826074802700826,-0.8624779675264653,9
13977,5.388459768442623,5.002166061756507,-0.38629370668611607,10
13978,5.127660552619485,5.002166061756507,-0.1254944908629776,6
13979,5.444465285499352,5.002166061756507,-0.4422992237428449,1
13980,5.078259071363128,5.002166061756507,-0.07609300960662058,2
13981,5.06229419335794,5.002166061756507,-0.0601281316014326,4
13982,5.08275958079782,5.002166061756507,-0.08059351904131251,7
13983,5.178662557426361,5.002166061756507,-0.17649649566985381,3
13984,5.254584423989385,5.002166061756507,-0.25241836223287795,5
13985,5.513708941746014,5.002166061756507,-0.5115428799895065,9
13986,5.747675159651522,6.662757831681574,0.915082672030052,6
13987,6.203101051217213,6.662757831681574,0.4596567804643614,9
13988,6.072121171478183,6.662757831681574,0.5906366602033915,10
13989,6.096472066934394,6.662757831681574,0.56628576474718,5
13990,6.201330137333145,6.662757831681574,0.461427694348429,4
13991,5.987955769550146,6.662757831681574,0.6748020621314286,2
13992,6.037806457328859,6.662757831681574,0.6249513743527153,7
13993,6.034770413240966,6.662757831681574,0.6279874184406085,8
13994,6.356392185401199,6.662757831681574,0.30636564628037544,1
13995,5.904206353023027,6.071882007306125,0.16767565428309794,8
13996,5.8741050411976445,6.071882007306125,0.1977769661084805,6
13997,6.050138037349945,6.071882007306125,0.02174396995618011,10
13998,6.065128667442221,6.071882007306125,0.006753339863903918,5
13999,6.017341480375196,6.071882007306125,0.05454052693092937,7
14000,5.7673074998345975,6.071882007306125,0.3045745074715276,3
14001,5.965365031416805,6.071882007306125,0.10651697588931963,2
14002,6.239729029375048,6.071882007306125,-0.16784702206892277,1
14003,6.179426571652734,6.071882007306125,-0.1075445643466093,4
14004,3.9040803503865513,2.6766936096248664,-1.227386740761685,6
14005,4.377598797893753,2.6766936096248664,-1.7009051882688864,1
14006,4.763581252900716,2.6766936096248664,-2.0868876432758494,10
14007,3.962613281661505,2.6766936096248664,-1.2859196720366386,3
14008,4.628350462088928,2.6766936096248664,-1.9516568524640618,5
14009,4.209306407985523,2.6766936096248664,-1.532612798360657,4
14010,3.8892536421850084,2.6766936096248664,-1.212560032560142,8
14011,4.564300459613952,2.6766936096248664,-1.8876068499890852,2
14012,4.542457673129742,2.6766936096248664,-1.8657640635048756,9
14013,5.469471393168346,4.184691430817598,-1.2847799623507479,7
14014,5.126045503771869,4.184691430817598,-0.9413540729542706,4
14015,5.155731374485059,4.184691430817598,-0.9710399436674608,10
14016,5.214423451834562,4.184691430817598,-1.0297320210169634,5
14017,5.282249260946964,4.184691430817598,-1.0975578301293654,1
14018,5.057209950542217,4.184691430817598,-0.8725185197246184,6
14019,5.181957283227286,4.184691430817598,-0.9972658524096873,2
14020,5.1489457694998935,4.184691430817598,-0.964254338682295,3
14021,5.1723891725709175,4.184691430817598,-0.987697741753319,9
14022,5.41172793901682,4.933993163831242,-0.47773477518557783,4
14023,5.562874263885304,4.933993163831242,-0.6288811000540617,1
14024,5.961820914915499,4.933993163831242,-1.0278277510842573,8
14025,5.698178122443901,4.933993163831242,-0.7641849586126588,3
14026,5.565830839841821,4.933993163831242,-0.631837676010579,2
14027,5.602092004950867,4.933993163831242,-0.6680988411196251,7
14028,5.682302572072744,4.933993163831242,-0.7483094082415018,6
14029,5.471821193102919,4.933993163831242,-0.5378280292716768,10
14030,5.42567917708163,4.933993163831242,-0.49168601325038797,5
14031,5.212015027746401,5.3979400086720375,0.1859249809256367,4
14032,5.369745797386789,5.3979400086720375,0.028194211285248905,2
14033,5.235399428793635,5.3979400086720375,0.1625405798784021,6
14034,5.333906090383245,5.3979400086720375,0.06403391828879279,10
14035,5.312064215891081,5.3979400086720375,0.08587579278095614,7
14036,5.5034879912070105,5.3979400086720375,-0.105547982534973,8
14037,5.208200224489424,5.3979400086720375,0.1897397841826134,5
14038,5.505116950421931,5.3979400086720375,-0.10717694174989312,3
14039,5.304988744242469,5.3979400086720375,0.09295126442956825,1
14040,5.651226107605745,6.57978359661681,0.928557489011065,10
14041,5.730574533940029,6.57978359661681,0.8492090626767812,7
14042,6.011920238697267,6.57978359661681,0.5678633579195429,8
14043,5.525200618764364,6.57978359661681,1.054582977852446,5
14044,5.590039744317784,6.57978359661681,0.9897438522990258,4
14045,5.547257526881831,6.57978359661681,1.0325260697349794,1
14046,5.431456502874927,6.57978359661681,1.1483270937418828,3
14047,5.655393212055525,6.57978359661681,0.9243903845612849,6
14048,5.5359238404833775,6.57978359661681,1.0438597561334326,2
14049,5.79572325613403,6.0,0.20427674386596983,10
14050,4.337846624499606,6.0,1.6621533755003943,6
14051,5.668294694944079,6.0,0.33170530505592133,7
14052,5.697726048765685,6.0,0.3022739512343149,4
14053,5.78843578558402,6.0,0.21156421441598017,9
14054,5.743097873299859,6.0,0.25690212670014123,5
14055,6.042239894474639,6.0,-0.04223989447463872,2
14056,5.637013873357918,6.0,0.36298612664208196,1
14057,5.795079619237542,6.0,0.20492038076245844,8
14058,4.273157207430143,4.469365398766434,0.1962081913362912,9
14059,4.422004825010458,4.469365398766434,0.047360573755975466,6
14060,4.527820202233825,4.469365398766434,-0.058454803467391514,2
14061,4.27865619333558,4.469365398766434,0.19070920543085368,5
14062,4.64647731407381,4.469365398766434,-0.1771119153073757,10
14063,4.377408014301008,4.469365398766434,0.09195738446542556,8
14064,4.0218909534119485,4.469365398766434,0.44747444535448544,3
14065,4.509539076148549,4.469365398766434,-0.04017367738211508,7
14066,4.172968350657673,4.469365398766434,0.2963970481087612,1
14067,5.135245789590417,4.252853030979893,-0.882392758610524,7
14068,5.105937814209268,4.252853030979893,-0.8530847832293746,6
14069,4.927634540761403,4.252853030979893,-0.6747815097815097,3
14070,5.113941652659084,4.252853030979893,-0.8610886216791904,8
14071,5.236690262829471,4.252853030979893,-0.983837231849578,2
14072,5.225874428760482,4.252853030979893,-0.973021397780589,10
14073,5.005681228385991,4.252853030979893,-0.7528281974060977,5
14074,5.378285276230107,4.252853030979893,-1.125432245250214,4
14075,4.969017472668788,4.252853030979893,-0.7161644416888944,1
14076,5.581099114280475,6.041392685158225,0.46029357087775047,10
14077,5.496189127328685,6.041392685158225,0.5452035578295407,9
14078,5.760143940062275,6.041392685158225,0.28124874509595,2
14079,5.861502358123842,6.041392685158225,0.179890327034383,3
14080,5.9606100455834214,6.041392685158225,0.08078263957480392,6
14081,5.791091299758537,6.041392685158225,0.2503013853996885,5
14082,5.923166135919082,6.041392685158225,0.118226549239143,7
14083,5.875277262411005,6.041392685158225,0.1661154227472208,4
14084,6.069056529541359,6.041392685158225,-0.02766384438313363,8
14085,5.266022566029953,5.079181246047625,-0.186841319982328,3
14086,5.40124708190175,5.079181246047625,-0.32206583585412485,8
14087,5.904032390021302,5.079181246047625,-0.8248511439736772,4
14088,5.508090481265248,5.079181246047625,-0.42890923521762314,1
14089,5.596430247719826,5.079181246047625,-0.5172490016722007,7
14090,5.3321401374803346,5.079181246047625,-0.25295889143270944,9
14091,5.57805134692437,5.079181246047625,-0.4988701008767453,2
14092,5.424146339367053,5.079181246047625,-0.34496509331942793,5
14093,5.264638466510724,5.079181246047625,-0.18545722046309887,6
14094,5.523399554849048,6.491361693834273,0.9679621389852251,10
14095,5.8114670279499,6.491361693834273,0.6798946658843734,6
14096,5.5315872099759815,6.491361693834273,0.9597744838582916,2
14097,5.537525304037799,6.491361693834273,0.9538363897964741,4
14098,5.90050621518598,6.491361693834273,0.5908554786482929,8
14099,5.599869113067601,6.491361693834273,0.8914925807666725,1
14100,5.502454173362287,6.491361693834273,0.9889075204719857,5
14101,5.7489483959548915,6.491361693834273,0.7424132978793816,3
14102,5.4348001431314374,6.491361693834273,1.0565615507028356,9
14103,5.90050621518598,6.278753600952829,0.3782473857668487,8
14104,5.502454173362287,6.278753600952829,0.7762994275905415,5
14105,5.8114670279499,6.278753600952829,0.4672865730029292,6
14106,5.599869113067601,6.278753600952829,0.6788844878852283,1
14107,5.4348001431314374,6.278753600952829,0.8439534578213914,9
14108,5.537525304037799,6.278753600952829,0.7412282969150299,4
14109,5.7489483959548915,6.278753600952829,0.5298052049979374,3
14110,5.523399554849048,6.278753600952829,0.7553540461037809,10
14111,5.661102137618807,6.278753600952829,0.6176514633340222,7
14112,4.886152181087095,3.892651033877301,-0.9935011472097939,10
14113,4.630727380939708,3.892651033877301,-0.7380763470624068,4
14114,4.641256372959481,3.892651033877301,-0.7486053390821805,5
14115,4.752861516153353,3.892651033877301,-0.8602104822760523,1
14116,4.438259793950049,3.892651033877301,-0.5456087600727484,6
14117,3.9995607252743413,3.892651033877301,-0.10690969139704043,8
14118,4.738263918118633,3.892651033877301,-0.8456128842413317,2
14119,4.826060377085037,3.892651033877301,-0.9334093432077362,7
14120,4.372981568942229,3.892651033877301,-0.48033053506492784,3
14121,4.7348862797453934,5.079181246047625,0.34429496630223166,6
14122,4.822974861638104,5.079181246047625,0.2562063844095208,2
14123,4.8663718985060145,5.079181246047625,0.21280934754161063,5
14124,5.096745855626298,5.079181246047625,-0.017564609578673007,7
14125,4.583598226615895,5.079181246047625,0.4955830194317299,8
14126,4.9010896181692996,5.079181246047625,0.17809162787832555,1
14127,4.871781479253038,5.079181246047625,0.2073997667945875,10
14128,4.867738278196128,5.079181246047625,0.21144296785149752,9
14129,4.724787123446122,5.079181246047625,0.35439412260150327,3
14130,4.562555701899875,4.787743771646467,0.22518806974659178,5
14131,4.945800893980687,4.787743771646467,-0.15805712233422042,8
14132,4.646558933038968,4.787743771646467,0.14118483860749897,10
14133,4.756829383601142,4.787743771646467,0.03091438804532487,6
14134,4.808460225329716,4.787743771646467,-0.02071645368324937,1
14135,4.878815186304157,4.787743771646467,-0.09107141465769075,7
14136,4.7235345793593195,4.787743771646467,0.06420919228714705,4
14137,4.714960606607208,4.787743771646467,0.07278316503925897,9
14138,4.888711776491751,4.787743771646467,-0.10096800484528412,3
14139,5.158245458917007,5.575187844927661,0.41694238601065425,10
14140,5.220816310806754,5.575187844927661,0.35437153412090705,2
14141,5.253970573659361,5.575187844927661,0.32121727126830013,7
14142,5.1915500920544995,5.575187844927661,0.3836377528731614,5
14143,5.03585870973839,5.575187844927661,0.5393291351892708,9
14144,5.225789315181825,5.575187844927661,0.3493985297458355,8
14145,5.0789683055982335,5.575187844927661,0.4962195393294273,3
14146,5.087540620339159,5.575187844927661,0.4876472245885015,6
14147,5.246438432944961,5.575187844927661,0.3287494119826997,1
14148,5.099521361272252,4.56157836830096,-0.537942992971292,6
14149,5.44695921201269,4.56157836830096,-0.8853808437117294,5
14150,5.745713874101344,4.56157836830096,-1.1841355058003833,8
14151,5.230514455145606,4.56157836830096,-0.6689360868446457,10
14152,5.759564790371873,4.56157836830096,-1.1979864220709127,2
14153,5.429171794975221,4.56157836830096,-0.8675934266742606,1
14154,5.467167750319699,4.56157836830096,-0.9055893820187384,9
14155,5.594320191932266,4.56157836830096,-1.032741823631306,4
14156,5.460467479004652,4.56157836830096,-0.898889110703692,7
14157,5.159326325416717,7.133858125203335,1.974531799786618,5
14158,5.368503428902362,7.133858125203335,1.7653546963009727,8
14159,4.487604750361404,7.133858125203335,2.6462533748419306,1
14160,4.2272174185840585,7.133858125203335,2.9066407066192763,4
14161,5.326383198161752,7.133858125203335,1.807474927041583,3
14162,4.871021641604893,7.133858125203335,2.2628364835984422,10
14163,5.011666695887433,7.133858125203335,2.122191429315902,2
14164,5.021744638878061,7.133858125203335,2.112113486325274,6
14165,5.274170331684715,7.133858125203335,1.8596877935186198,7
14166,4.203948842936482,5.221674997070769,1.0177261541342872,9
14167,4.264952904838578,5.221674997070769,0.9567220922321908,2
14168,4.439078271213256,5.221674997070769,0.7825967258575135,1
14169,4.217364637397393,5.221674997070769,1.0043103596733758,8
14170,4.030288147644606,5.221674997070769,1.1913868494261628,5
14171,4.0694668147145014,5.221674997070769,1.1522081823562678,6
14172,4.288908215378537,5.221674997070769,0.9327667816922318,3
14173,4.378807418981785,5.221674997070769,0.8428675780889838,10
14174,4.617456220551756,5.221674997070769,0.604218776519013,7
14175,5.502384799209566,4.239049093140191,-1.263335706069375,9
14176,5.453115269115805,4.239049093140191,-1.2140661759756135,6
14177,5.602020320316878,4.239049093140191,-1.3629712271766872,10
14178,5.449789437098828,4.239049093140191,-1.210740343958637,8
14179,5.481232143355338,4.239049093140191,-1.2421830502151465,3
14180,5.405792088112119,4.239049093140191,-1.1667429949719281,4
14181,5.476137343400259,4.239049093140191,-1.2370882502600677,5
14182,5.54109602905476,4.239049093140191,-1.3020469359145688,7
14183,5.414494758580251,4.239049093140191,-1.1754456654400602,2
14184,5.072125932668751,3.964730921053629,-1.107395011615122,4
14185,5.209064760576018,3.964730921053629,-1.244333839522389,8
14186,5.367007446697222,3.964730921053629,-1.4022765256435936,7
14187,5.236707335534292,3.964730921053629,-1.2719764144806631,2
14188,5.118172037668202,3.964730921053629,-1.1534411166145735,9
14189,5.0895795563519854,3.964730921053629,-1.1248486352983567,10
14190,5.317562416483953,3.964730921053629,-1.352831495430324,5
14191,5.036005575833732,3.964730921053629,-1.0712746547801033,3
14192,5.149304662834761,3.964730921053629,-1.1845737417811324,6
14193,3.9961010111408304,3.6972293427597176,-0.2988716683811128,10
14194,3.6852983575861775,3.6972293427597176,0.011930985173540076,9
14195,3.7581295229034017,3.6972293427597176,-0.060900180143684146,2
14196,3.9348345779529574,3.6972293427597176,-0.23760523519323984,7
14197,3.472537750592312,3.6972293427597176,0.22469159216740575,6
14198,3.5723951924963573,3.6972293427597176,0.12483415026336031,4
14199,3.3221389159642056,3.6972293427597176,0.37509042679551197,1
14200,3.140078266229291,3.6972293427597176,0.5571510765304266,3
14201,3.603131270542581,3.6972293427597176,0.09409807221713651,5
14202,4.658953650526988,5.041392685158225,0.3824390346312372,5
14203,4.942629359180777,5.041392685158225,0.09876332597744852,10
14204,4.675989062247238,5.041392685158225,0.3654036229109874,2
14205,4.363457214630189,5.041392685158225,0.6779354705280367,1
14206,4.664979162307507,5.041392685158225,0.3764135228507186,4
14207,4.772736632477511,5.041392685158225,0.268656052680714,9
14208,4.387848790374397,5.041392685158225,0.6535438947838283,3
14209,4.824660156938075,5.041392685158225,0.21673252822015066,7
14210,4.567502849862545,5.041392685158225,0.4738898352956804,6
14211,5.485959242319697,6.0,0.514040757680303,3
14212,5.468742782989625,6.0,0.5312572170103751,5
14213,5.682404115002349,6.0,0.317595884997651,7
14214,5.356895631096002,6.0,0.6431043689039981,10
14215,5.422963586421947,6.0,0.5770364135780532,6
14216,5.511679915928544,6.0,0.48832008407145633,8
14217,5.414607920480665,6.0,0.5853920795193348,2
14218,5.227606566695322,6.0,0.7723934333046776,9
14219,5.582701061565556,6.0,0.41729893843444366,4
14220,6.413915157052853,5.442479769064448,-0.9714353879884046,2
14221,6.190099865752727,5.442479769064448,-0.7476200966882791,5
14222,6.609771602680117,5.442479769064448,-1.1672918336156686,3
14223,7.02746332975773,5.442479769064448,-1.5849835606932814,8
14224,6.176261890153517,5.442479769064448,-0.7337821210890692,10
14225,6.167667146980506,5.442479769064448,-0.7251873779160576,9
14226,6.638812557231531,5.442479769064448,-1.1963327881670827,6
14227,6.51662392906755,5.442479769064448,-1.0741441600031019,4
14228,6.53878391639347,5.442479769064448,-1.0963041473290218,1
14229,6.609771602680117,7.397940008672037,0.7881684059919198,3
14230,6.167667146980506,7.397940008672037,1.2302728616915308,9
14231,6.53878391639347,7.397940008672037,0.8591560922785666,1
14232,6.413915157052853,7.397940008672037,0.9840248516191838,2
14233,6.638812557231531,7.397940008672037,0.7591274514405058,6
14234,6.1762618901535165,7.397940008672037,1.2216781185185202,10
14235,7.02746332975773,7.397940008672037,0.370476678914307,8
14236,6.406778890489769,7.397940008672037,0.9911611181822675,7
14237,6.516623929067549,7.397940008672037,0.8813160796044874,4
14238,5.77842464050272,6.690196080028514,0.9117714395257934,7
14239,5.457668009247107,6.690196080028514,1.2325280707814068,1
14240,5.504867196366339,6.690196080028514,1.1853288836621747,2
14241,5.5032900539391845,6.690196080028514,1.1869060260893294,6
14242,5.611327131063362,6.690196080028514,1.0788689489651517,4
14243,5.471341333613567,6.690196080028514,1.218854746414947,10
14244,5.699759056662111,6.690196080028514,0.990437023366403,8
14245,5.339823773230093,6.690196080028514,1.3503723067984206,9
14246,5.400555742263439,6.690196080028514,1.289640337765075,5
14247,5.674815125459191,6.079181246047625,0.4043661205884339,1
14248,5.971853270897431,6.079181246047625,0.1073279751501941,4
14249,6.0855208957081794,6.079181246047625,-0.006339649660554336,8
14250,5.72810265786698,6.079181246047625,0.35107858818064486,6
14251,5.8254399161092705,6.079181246047625,0.25374132993835463,3
14252,5.706129071343232,6.079181246047625,0.37305217470439267,10
14253,5.708286661476257,6.079181246047625,0.37089458457136804,2
14254,5.846213585112613,6.079181246047625,0.23296766093501198,7
14255,5.589625501529913,6.079181246047625,0.48955574451771167,5
14256,5.175962722146576,4.064457989226918,-1.1115047329196575,1
14257,5.028273507219749,4.064457989226918,-0.9638155179928312,2
14258,4.605128596443522,4.064457989226918,-0.5406706072166036,3
14259,5.081879186652579,4.064457989226918,-1.0174211974256613,4
14260,4.993931423726005,4.064457989226918,-0.9294734344990871,7
14261,4.862167612222111,4.064457989226918,-0.7977096229951925,9
14262,4.915552646514384,4.064457989226918,-0.851094657287466,6
14263,4.987965028592237,4.064457989226918,-0.9235070393653189,5
14264,4.7501758779213565,4.064457989226918,-0.6857178886944384,8
14265,4.483210390225681,3.686636269262293,-0.7965741209633879,1
14266,4.3104651856036975,3.686636269262293,-0.6238289163414046,2
14267,4.688215713465217,3.686636269262293,-1.0015794442029242,10
14268,4.604681097933873,3.686636269262293,-0.9180448286715799,5
14269,4.07981962127062,3.686636269262293,-0.39318335200832744,6
14270,4.16153284231355,3.686636269262293,-0.4748965730512569,4
14271,4.1724056884205085,3.686636269262293,-0.4857694191582156,8
14272,4.78576976149978,3.686636269262293,-1.099133492237487,9
14273,4.107474295987874,3.686636269262293,-0.4208380267255811,3
14274,5.054618710237214,5.168939213835978,0.11432050359876378,9
14275,5.304296713504345,5.168939213835978,-0.13535749966836708,5
14276,5.306301213122288,5.168939213835978,-0.13736199928631,10
14277,5.4969738767316025,5.168939213835978,-0.32803466289562433,6
14278,5.756246598492158,5.168939213835978,-0.5873073846561798,8
14279,5.388797621577462,5.168939213835978,-0.21985840774148357,1
14280,5.574025559639243,5.168939213835978,-0.40508634580326497,3
14281,5.4233242989895984,5.168939213835978,-0.25438508515362024,4
14282,5.423373567804953,5.168939213835978,-0.25443435396897485,2
14283,6.5014276834175275,6.079181246047625,-0.4222464373699024,8
14284,5.915460905059739,6.079181246047625,0.16372034098788646,5
14285,6.065819314255219,6.079181246047625,0.013361931792406523,7
14286,5.945039173050556,6.079181246047625,0.13414207299706948,10
14287,5.849866306213184,6.079181246047625,0.22931493983444096,2
14288,5.989200667216085,6.079181246047625,0.08998057883153976,9
14289,6.393131902225874,6.079181246047625,-0.3139506561782488,6
14290,6.386710506011075,6.079181246047625,-0.3075292599634496,3
14291,6.027395358405177,6.079181246047625,0.05178588764244818,4
14292,4.424464603692441,5.32221929473392,0.8977546910414791,10
14293,4.586033657051437,5.32221929473392,0.7361856376824836,8
14294,4.213152144838827,5.32221929473392,1.1090671498950933,5
14295,4.483658864950057,5.32221929473392,0.8385604297838638,7
14296,4.062107020287263,5.32221929473392,1.2601122744466577,9
14297,4.019577051412288,5.32221929473392,1.3026422433216327,4
14298,4.475715371397707,5.32221929473392,0.846503923336213,6
14299,4.53933566780636,5.32221929473392,0.7828836269275605,3
14300,4.13377039922997,5.32221929473392,1.1884488955039503,1
14301,4.370711478273214,4.895201474778894,0.5244899965056797,4
14302,4.423626194784719,4.895201474778894,0.47157527999417503,8
14303,4.485723552363506,4.895201474778894,0.4094779224153875,10
14304,4.250598180873287,4.895201474778894,0.6446032939056066,5
14305,4.31859016546146,4.895201474778894,0.5766113093174337,6
14306,4.250192500310565,4.895201474778894,0.6450089744683289,3
14307,4.550454319143702,4.895201474778894,0.34474715563519176,7
14308,4.306967465675251,4.895201474778894,0.5882340091036431,1
14309,4.446949291649462,4.895201474778894,0.4482521831294317,9
14310,5.717766638129708,6.079181246047625,0.3614146079179168,8
14311,6.022200608383783,6.079181246047625,0.05698063766384198,1
14312,5.7835188360030605,6.079181246047625,0.2956624100445646,5
14313,6.004767445931741,6.079181246047625,0.0744138001158845,7
14314,5.767224864789091,6.079181246047625,0.3119563812585344,9
14315,5.5798778528444295,6.079181246047625,0.4993033932031956,2
14316,5.72769594052511,6.079181246047625,0.3514853055225151,4
14317,5.917839924770758,6.079181246047625,0.1613413212768675,3
14318,6.121859686124465,6.079181246047625,-0.042678440076840296,6
14319,4.8297168808641056,5.648360010980932,0.8186431301168264,9
14320,4.854889808574734,5.648360010980932,0.7934702024061977,10
14321,4.695153190643594,5.648360010980932,0.9532068203373383,8
14322,4.628831600876857,5.648360010980932,1.0195284101040754,6
14323,4.661181486713708,5.648360010980932,0.9871785242672244,3
14324,4.713136412556588,5.648360010980932,0.9352235984243435,5
14325,4.928342641959361,5.648360010980932,0.720017369021571,7
14326,4.497322258000314,5.648360010980932,1.151037752980618,4
14327,4.924548742637832,5.648360010980932,0.7238112683431002,2
14328,5.135154550811805,4.473924693416158,-0.6612298573956474,4
14329,5.132810299387477,4.473924693416158,-0.6588856059713191,9
14330,5.4664361376787305,4.473924693416158,-0.9925114442625729,8
14331,4.459646222547553,4.473924693416158,0.014278470868604565,7
14332,5.422994107416526,4.473924693416158,-0.9490694140003688,6
14333,5.133477822382273,4.473924693416158,-0.659553128966115,1
14334,5.107216416474426,4.473924693416158,-0.6332917230582682,10
14335,4.673848631870819,4.473924693416158,-0.1999239384546616,5
14336,5.324278296991988,4.473924693416158,-0.8503536035758303,2
14337,5.20181426695631,5.931966114728173,0.7301518477718627,5
14338,5.32591118648043,5.931966114728173,0.606054928247743,4
14339,5.397063537674066,5.931966114728173,0.5349025770541065,2
14340,5.482745252781269,5.931966114728173,0.4492208619469036,7
14341,5.281684656541445,5.931966114728173,0.6502814581867282,3
14342,5.1846835076939675,5.931966114728173,0.7472826070342053,1
14343,5.334977042783951,5.931966114728173,0.5969890719442219,10
14344,5.343530542714258,5.931966114728173,0.5884355720139149,6
14345,5.561434840469801,5.931966114728173,0.3705312742583722,8
14346,5.653546101268984,4.93981866282138,-0.713727438447604,8
14347,5.513860004620091,4.93981866282138,-0.5740413417987114,6
14348,5.710187541066066,4.93981866282138,-0.7703688782446863,7
14349,5.562255723600805,4.93981866282138,-0.6224370607794247,4
14350,5.542358656802464,4.93981866282138,-0.6025399939810843,5
14351,5.466238043067181,4.93981866282138,-0.5264193802458008,9
14352,5.579157415561817,4.93981866282138,-0.6393387527404375,10
14353,5.3762409243520795,4.93981866282138,-0.43642226153069963,3
14354,5.616162003987253,4.93981866282138,-0.6763433411658735,1
14355,5.0665536494681485,5.732393759822968,0.6658401103548197,1
14356,4.989999696347637,5.732393759822968,0.7423940634753308,8
14357,5.16439366728178,5.732393759822968,0.5680000925411886,2
14358,5.203538970646528,5.732393759822968,0.5288547891764406,5
14359,5.011172632924066,5.732393759822968,0.7212211268989019,3
14360,5.4607668661130715,5.732393759822968,0.2716268937098967,7
14361,5.189906342074863,5.732393759822968,0.5424874177481049,4
14362,5.004700673551397,5.732393759822968,0.7276930862715716,9
14363,5.165939786864412,5.732393759822968,0.5664539729585565,10
14364,4.377598797893753,3.3010299956639813,-1.0765688022297715,1
14365,3.8892536421850084,3.3010299956639813,-0.5882236465210271,8
14366,4.564300459613952,3.3010299956639813,-1.2632704639499703,2
14367,4.209306407985523,3.3010299956639813,-0.9082764123215421,4
14368,4.628350462088928,3.3010299956639813,-1.327320466424947,5
14369,4.950200635247935,3.3010299956639813,-1.6491706395839536,7
14370,4.763581252900716,3.3010299956639813,-1.4625512572367345,10
14371,3.962613281661505,3.3010299956639813,-0.6615832859975237,3
14372,3.9040803503865513,3.3010299956639813,-0.6030503547225701,6
14373,5.013216767659477,4.57978359661681,-0.4334331710426671,10
14374,4.9983193210474,4.57978359661681,-0.4185357244305896,9
14375,5.09287686236643,4.57978359661681,-0.5130932657496201,4
14376,5.144911989841407,4.57978359661681,-0.5651283932245965,5
14377,4.548932168465089,4.57978359661681,0.030851428151721372,8
14378,5.084869860932953,4.57978359661681,-0.5050862643161427,6
14379,4.925760540118962,4.57978359661681,-0.34597694350215225,7
14380,5.139501156452151,4.57978359661681,-0.5597175598353408,1
14381,5.0659846489360065,4.57978359661681,-0.4862010523191964,3
14382,6.2488193474823115,6.57978359661681,0.3309642491344986,5
14383,6.291112996815461,6.57978359661681,0.2886705998013488,10
14384,6.5984696173680675,6.57978359661681,-0.01868602075125736,2
14385,6.376756925075671,6.57978359661681,0.20302667154113951,6
14386,6.106444793760251,6.57978359661681,0.47333880285655905,3
14387,6.451417294617648,6.57978359661681,0.12836630199916232,1
14388,6.165881205064722,6.57978359661681,0.41390239155208786,4
14389,6.413817990121989,6.57978359661681,0.1659656064948214,9
14390,6.516489862882543,6.57978359661681,0.06329373373426694,8
14391,5.987057902549551,7.19942604159399,1.2123681390444396,9
14392,5.93391388926583,7.19942604159399,1.26551215232816,1
14393,5.943751992114268,7.19942604159399,1.2556740494797225,7
14394,5.8349564534260265,7.19942604159399,1.3644695881679638,6
14395,5.840788223802148,7.19942604159399,1.3586378177918421,2
14396,5.902572915550048,7.19942604159399,1.296853126043942,4
14397,5.9699608412292315,7.19942604159399,1.2294652003647588,5
14398,6.271168885713009,7.19942604159399,0.9282571558809813,8
14399,6.068326073410201,7.19942604159399,1.131099968183789,10
14400,6.207257459742388,6.795880017344075,0.5886225576016866,8
14401,6.096534681625296,6.795880017344075,0.6993453357187791,1
14402,6.185121053463577,6.795880017344075,0.6107589638804978,7
14403,6.405829610872718,6.795880017344075,0.3900504064713566,9
14404,6.157870416819608,6.795880017344075,0.6380096005244669,4
14405,6.339483046709655,6.795880017344075,0.45639697063441975,5
14406,6.119615684333289,6.795880017344075,0.6762643330107858,6
14407,6.071397447765217,6.795880017344075,0.7244825695788579,3
14408,6.2750692661749845,6.795880017344075,0.5208107511690905,10
14409,3.185963422377163,4.0,0.8140365776228369,6
14410,2.671654347168366,4.0,1.3283456528316342,8
14411,3.2308799054161206,4.0,0.7691200945838794,1
14412,3.3719432815574506,4.0,0.6280567184425494,7
14413,2.907103283689055,4.0,1.0928967163109449,3
14414,3.489773352491319,4.0,0.5102266475086812,2
14415,3.85477050278762,4.0,0.1452294972123802,10
14416,3.598481172136166,4.0,0.4015188278638342,5
14417,3.8461389672120143,4.0,0.15386103278798569,9
14418,5.503690416377659,5.532384880503846,0.028694464126187036,4
14419,5.621712704190396,5.532384880503846,-0.08932782368655001,9
14420,5.453633199804165,5.532384880503846,0.07875168069968108,7
14421,5.310300471117824,5.532384880503846,0.22208440938602259,2
14422,5.577272644183305,5.532384880503846,-0.04488776367945846,10
14423,5.59041273881573,5.532384880503846,-0.05802785831188384,6
14424,5.602975506673036,5.532384880503846,-0.07059062616918954,8
14425,5.50076607285676,5.532384880503846,0.03161880764708602,1
14426,5.530525779590961,5.532384880503846,0.0018591009128856584,5
14427,6.048556969999393,6.32221929473392,0.2736623247345271,9
14428,6.015654643292578,6.32221929473392,0.3065646514413425,2
14429,6.1054413563157555,6.32221929473392,0.21677793841816495,1
14430,5.997098911192771,6.32221929473392,0.32512038354114914,4
14431,6.203841828500548,6.32221929473392,0.11837746623337253,5
14432,6.04776967326074,6.32221929473392,0.2744496214731802,10
14433,5.9606285409488065,6.32221929473392,0.36159075378511396,3
14434,6.045870390189409,6.32221929473392,0.2763489045445118,6
14435,6.204152155106555,6.32221929473392,0.11806713962736559,8
14436,6.430896472278303,6.176091259055681,-0.25480521322262195,8
14437,6.13226975999635,6.176091259055681,0.04382149905933108,5
14438,6.124275908641793,6.176091259055681,0.05181535041388852,1
14439,6.195842277478569,6.176091259055681,-0.019751018422887512,9
14440,6.171803492617366,6.176091259055681,0.004287766438315188,10
14441,5.953388575453501,6.176091259055681,0.22270268360218015,3
14442,5.973831077004896,6.176091259055681,0.202260182050785,6
14443,5.991746347526102,6.176091259055681,0.18434491152957921,2
14444,6.005769611039807,6.176091259055681,0.17032164801587424,4
14445,5.74302849886504,5.311965660368366,-0.4310628384966737,10
14446,6.077918396661221,5.311965660368366,-0.7659527362928547,1
14447,5.813577795453704,5.311965660368366,-0.5016121350853382,8
14448,5.826401814885438,5.311965660368366,-0.5144361545170719,4
14449,5.62198864255198,5.311965660368366,-0.31002298218361357,7
14450,5.946213541812058,5.311965660368366,-0.6342478814436916,9
14451,5.7296702586764345,5.311965660368366,-0.4177045983080685,6
14452,5.56145670660072,5.311965660368366,-0.24949104623235385,3
14453,5.859047641626155,5.311965660368366,-0.5470819812577892,2
14454,5.909449869295513,5.338456493604605,-0.5709933756909082,5
14455,5.820198135223303,5.338456493604605,-0.48174164161869815,9
14456,5.716050819510611,5.338456493604605,-0.3775943259060055,10
14457,5.6582847497885425,5.338456493604605,-0.3198282561839374,8
14458,5.884334096872076,5.338456493604605,-0.5458776032674706,2
14459,5.775683970162622,5.338456493604605,-0.4372274765580171,7
14460,6.0301285147797605,5.338456493604605,-0.6916720211751555,4
14461,5.63893005741286,5.338456493604605,-0.3004735638082545,3
14462,5.986517009256582,5.338456493604605,-0.6480605156519772,6
14463,5.94509958233592,5.489958479424835,-0.4551411029110852,9
14464,6.153096318800224,5.489958479424835,-0.6631378393753895,8
14465,5.896476119890386,5.489958479424835,-0.4065176404655517,4
14466,5.7854593246807635,5.489958479424835,-0.2955008452559289,2
14467,6.042102446112239,5.489958479424835,-0.552143966687404,3
14468,5.914880533943129,5.489958479424835,-0.42492205451829435,5
14469,5.921510003905628,5.489958479424835,-0.4315515244807937,7
14470,6.08421093644399,5.489958479424835,-0.594252457019155,6
14471,5.907939819171425,5.489958479424835,-0.41798133974659013,10
14472,5.59901158780845,5.205096047578484,-0.39391554022996544,6
14473,5.678699571433728,5.205096047578484,-0.4736035238552434,4
14474,5.7185845402284,5.205096047578484,-0.5134884926499153,2
14475,5.887195048533954,5.205096047578484,-0.6820990009554695,8
14476,5.837533750637196,5.205096047578484,-0.6324377030587112,7
14477,5.92062212067399,5.205096047578484,-0.7155260730955053,10
14478,5.890028655577036,5.205096047578484,-0.6849326079985518,9
14479,5.915743683950521,5.205096047578484,-0.7106476363720367,5
14480,5.588841602578631,5.205096047578484,-0.3837455550001465,3
14481,5.86007684399223,6.531478917042255,0.6714020730500252,3
14482,5.987023742405381,6.531478917042255,0.544455174636874,1
14483,5.884535507524786,6.531478917042255,0.6469434095174691,6
14484,6.0549413627954785,6.531478917042255,0.4765375542467769,7
14485,5.751267297929395,6.531478917042255,0.7802116191128601,2
14486,5.860676714030881,6.531478917042255,0.670802203011374,10
14487,6.063172854952388,6.531478917042255,0.4683060620898676,5
14488,5.801532700060181,6.531478917042255,0.7299462169820741,4
14489,6.344976559456125,6.531478917042255,0.18650235758613043,8
14490,5.455584235801605,6.079181246047625,0.6235970102460202,6
14491,5.44243403330207,6.079181246047625,0.6367472127455551,7
14492,5.450811915423382,6.079181246047625,0.6283693306242428,10
14493,5.338064362366139,6.079181246047625,0.7411168836814861,4
14494,5.631212636173179,6.079181246047625,0.4479686098744464,8
14495,5.322620926888455,6.079181246047625,0.7565603191591705,2
14496,5.465671045678777,6.079181246047625,0.6135102003688484,1
14497,5.505809440778686,6.079181246047625,0.5733718052689394,9
14498,5.457785401279327,6.079181246047625,0.6213958447682977,5
14499,5.116128095894209,4.301029995663981,-0.8150981002302276,1
14500,4.9609160586348775,4.301029995663981,-0.6598860629708962,7
14501,5.087284274957439,4.301029995663981,-0.7862542792934581,9
14502,4.930909382736181,4.301029995663981,-0.6298793870721999,8
14503,5.055490150920513,4.301029995663981,-0.754460155256532,5
14504,5.037302045777097,4.301029995663981,-0.7362720501131159,6
14505,4.902215246179233,4.301029995663981,-0.6011852505152522,2
14506,5.220819212910054,4.301029995663981,-0.9197892172460724,10
14507,5.087420103291594,4.301029995663981,-0.7863901076276125,4
14508,6.207405173686952,5.491361693834273,-0.7160434798526794,5
14509,6.195226754495791,5.491361693834273,-0.703865060661518,9
14510,6.007520909610682,5.491361693834273,-0.5161592157764092,2
14511,5.930049618692734,5.491361693834273,-0.43868792485846075,3
14512,6.110670575409263,5.491361693834273,-0.6193088815749901,1
14513,6.346379612592588,5.491361693834273,-0.8550179187583149,8
14514,6.107413271419225,5.491361693834273,-0.616051577584952,6
14515,6.160277482680648,5.491361693834273,-0.668915788846375,10
14516,6.035935008002903,5.491361693834273,-0.5445733141686295,4
14517,6.156700925657377,6.0,-0.15670092565737725,2
14518,6.276678790995616,6.0,-0.2766787909956161,7
14519,6.238684387577238,6.0,-0.23868438757723798,8
14520,6.0178249188287225,6.0,-0.017824918828722502,9
14521,6.197193305223457,6.0,-0.19719330522345668,5
14522,6.060035217939183,6.0,-0.060035217939183205,6
14523,6.006486292454284,6.0,-0.006486292454283671,10
14524,6.166663868553408,6.0,-0.16666386855340765,4
14525,6.143214816135509,6.0,-0.1432148161355089,3
14526,5.916317423092062,6.185542154854375,0.2692247317623133,7
14527,5.8733326548656954,6.185542154854375,0.31220949998868,2
14528,6.074572543406591,6.185542154854375,0.11096961144778472,4
14529,5.951291348613913,6.185542154854375,0.23425080624046224,5
14530,6.07842892105267,6.185542154854375,0.10711323380170512,6
14531,6.045022574465883,6.185542154854375,0.14051958038849222,8
14532,6.146908989519166,6.185542154854375,0.03863316533520944,1
14533,6.155454603231813,6.185542154854375,0.030087551622562714,3
14534,5.8800913459012545,6.185542154854375,0.30545080895312093,10
14535,5.709499841937816,5.301029995663981,-0.4084698462738343,1
14536,5.614231179995525,5.301029995663981,-0.3132011843315441,5
14537,5.466665599497447,5.301029995663981,-0.16563560383346587,6
14538,5.550635892678577,5.301029995663981,-0.2496058970145958,2
14539,5.570979181000098,5.301029995663981,-0.26994918533611667,9
14540,5.522529427853278,5.301029995663981,-0.22149943218929646,3
14541,5.655922114172212,5.301029995663981,-0.3548921185082303,10
14542,5.546914757252574,5.301029995663981,-0.2458847615885924,4
14543,5.534051348185467,5.301029995663981,-0.2330213525214857,7
14544,6.386744667244585,6.079181246047625,-0.30756342119696,6
14545,6.319558426665815,6.079181246047625,-0.24037718061819024,3
14546,6.358258997627426,6.079181246047625,-0.2790777515798011,4
14547,6.443722793421346,6.079181246047625,-0.3645415473737206,7
14548,6.473673220495643,6.079181246047625,-0.39449197444801776,9
14549,6.394948780824394,6.079181246047625,-0.3157675347767688,5
14550,6.431541551299134,6.079181246047625,-0.3523603052515085,2
14551,6.420604990663868,6.079181246047625,-0.34142374461624314,10
14552,6.795141874882417,6.079181246047625,-0.7159606288347922,8
14553,5.869573546379454,4.892372907398436,-0.9772006389810173,2
14554,5.864531233839469,4.892372907398436,-0.9721583264410327,6
14555,5.703189655114404,4.892372907398436,-0.8108167477159673,3
14556,5.896335586940419,4.892372907398436,-1.0039626795419823,8
14557,5.886952289494755,4.892372907398436,-0.9945793820963189,4
14558,6.0263566167375835,4.892372907398436,-1.1339837093391472,7
14559,5.931099617793282,4.892372907398436,-1.0387267103948457,9
14560,5.9609728384796,4.892372907398436,-1.068599931081164,5
14561,5.906084089136707,4.892372907398436,-1.0137111817382705,1
14562,5.996198603522517,6.176091259055681,0.17989265553316436,1
14563,6.057333002958937,6.176091259055681,0.1187582560967444,5
14564,5.995822596033224,6.176091259055681,0.18026866302245725,6
14565,5.8109695652467686,6.176091259055681,0.3651216938089128,10
14566,5.990066315586394,6.176091259055681,0.18602494346928733,8
14567,5.97721342539932,6.176091259055681,0.19887783365636125,3
14568,5.931845338855593,6.176091259055681,0.24424592020008795,4
14569,5.864927230806035,6.176091259055681,0.31116402824964595,2
14570,6.029007547089312,6.176091259055681,0.1470837119663697,7
14571,4.6187648314458185,6.491361693834273,1.8725968623884546,1
14572,4.712011393597537,6.491361693834273,1.779350300236736,2
14573,4.718902139530757,6.491361693834273,1.7724595543035164,7
14574,4.737873066183987,6.491361693834273,1.7534886276502863,10
14575,4.6976606308100575,6.491361693834273,1.7937010630242156,8
14576,4.78897002568942,6.491361693834273,1.7023916681448528,4
14577,4.526064095643871,6.491361693834273,1.9652975981904017,9
14578,4.650269173454798,6.491361693834273,1.8410925203794752,5
14579,4.545553343995475,6.491361693834273,1.9458083498387984,6
14580,3.372788284094859,3.556302500767288,0.18351421667242906,1
14581,3.0344820737041616,3.556302500767288,0.5218204270631266,6
14582,3.420095845743271,3.556302500767288,0.1362066550240173,3
14583,3.5589033570199464,3.556302500767288,-0.002600856252658268,7
14584,3.8479582855936347,3.556302500767288,-0.2916557848263466,4
14585,3.270129522868848,3.556302500767288,0.2861729778984401,9
14586,2.854581817339755,3.556302500767288,0.7017206834275331,5
14587,3.8263790088153113,3.556302500767288,-0.2700765080480232,10
14588,3.485184136565112,3.556302500767288,0.07111836420217621,2
14589,5.335292665330893,4.089905111439398,-1.2453875538914954,5
14590,5.309480618079021,4.089905111439398,-1.2195755066396226,6
14591,5.356724425767316,4.089905111439398,-1.2668193143279183,10
14592,5.397051724684772,4.089905111439398,-1.307146613245374,7
14593,5.2248148725234556,4.089905111439398,-1.1349097610840575,9
14594,4.929747797902087,4.089905111439398,-0.8398426864626893,3
14595,5.383319846716907,4.089905111439398,-1.2934147352775094,1
14596,5.347180815202607,4.089905111439398,-1.2572757037632085,4
14597,5.103258618546235,4.089905111439398,-1.013353507106837,8
14598,4.333480239580976,4.653212513775344,0.3197322741943678,10
14599,3.466202555774363,4.653212513775344,1.187009958000981,8
14600,3.9161431880342357,4.653212513775344,0.7370693257411083,4
14601,3.4314209208348023,4.653212513775344,1.2217915929405416,3
14602,4.226316517842766,4.653212513775344,0.4268959959325782,9
14603,3.6900725043664577,4.653212513775344,0.9631400094088862,1
14604,3.850889607655974,4.653212513775344,0.80232290611937,6
14605,4.061678134177872,4.653212513775344,0.5915343795974719,5
14606,4.003136836911747,4.653212513775344,0.6500756768635974,2
14607,6.124686681566637,5.221022805204841,-0.9036638763617963,10
14608,6.204119328604157,5.221022805204841,-0.9830965233993156,9
14609,6.218978010150089,5.221022805204841,-0.9979552049452476,7
14610,6.147620553224635,5.221022805204841,-0.9265977480197938,8
14611,6.112029206559427,5.221022805204841,-0.891006401354586,6
14612,5.810210080942533,5.221022805204841,-0.5891872757376921,3
14613,6.212978495837265,5.221022805204841,-0.9919556906324241,1
14614,6.0964418225307675,5.221022805204841,-0.8754190173259264,5
14615,5.968524148498437,5.221022805204841,-0.747501343293596,4
14616,5.880413624221906,5.698970004336019,-0.1814436198858873,1
14617,5.755323712743207,5.698970004336019,-0.05635370840718856,8
14618,5.945872750054117,5.698970004336019,-0.24690274571809834,5
14619,5.837646568041143,5.698970004336019,-0.1386765637051246,6
14620,5.719059027995938,5.698970004336019,-0.020089023659918936,3
14621,5.872329948681922,5.698970004336019,-0.1733599443459033,7
14622,5.761264915377839,5.698970004336019,-0.06229491104182028,9
14623,5.742875372451067,5.698970004336019,-0.043905368115048304,2
14624,5.785146218176808,5.698970004336019,-0.08617621384078955,10
14625,7.105769541722268,7.342422680822207,0.23665313909993824,5
14626,7.0138590294073895,7.342422680822207,0.32856365141481714,1
14627,7.1636588606210765,7.342422680822207,0.17876382020113013,3
14628,6.890172090839443,7.342422680822207,0.45225058998276335,9
14629,7.316580292568679,7.342422680822207,0.025842388253527915,6
14630,7.191260074833562,7.342422680822207,0.1511626059886444,8
14631,7.099581164027205,7.342422680822207,0.24284151679500177,7
14632,6.831896175456708,7.342422680822207,0.5105265053654984,10
14633,6.775475308521726,7.342422680822207,0.566947372300481,4
14634,6.15528511654056,6.176091259055681,0.020806142515120918,1
14635,6.011959560541332,6.176091259055681,0.16413169851434972,8
14636,6.100863545526518,6.176091259055681,0.07522771352916369,7
14637,6.018600270809548,6.176091259055681,0.15749098824613306,4
14638,5.892144890383028,6.176091259055681,0.28394636867265355,2
14639,6.085685014137928,6.176091259055681,0.0904062449177534,10
14640,6.2529789378171285,6.176091259055681,-0.0768876787614472,6
14641,6.1639350926324745,6.176091259055681,0.012156166423206827,5
14642,6.05299594064367,6.176091259055681,0.1230953184120116,9
14643,6.9009454391954606,6.414973347970818,-0.48597209122464236,7
14644,6.881396866624927,6.414973347970818,-0.4664235186541088,3
14645,6.67247669438936,6.414973347970818,-0.25750334641854167,9
14646,7.109252600352783,6.414973347970818,-0.694279252381965,6
14647,6.976469071628851,6.414973347970818,-0.5614957236580329,2
14648,6.98694660013955,6.414973347970818,-0.571973252168732,4
14649,6.985865933276313,6.414973347970818,-0.5708925853054945,8
14650,6.4274404141195705,6.414973347970818,-0.01246706614875226,10
14651,6.993241981450319,6.414973347970818,-0.5782686334795004,1
14652,6.918964306775345,6.977723605288848,0.05875929851350303,5
14653,6.9283122492328335,6.977723605288848,0.0494113560560141,7
14654,6.630367996821059,6.977723605288848,0.34735560846778846,10
14655,6.995714279625344,6.977723605288848,-0.01799067433649615,6
14656,6.735391073885835,6.977723605288848,0.24233253140301247,4
14657,6.64652360535265,6.977723605288848,0.33119999993619764,9
14658,6.765965637890757,6.977723605288848,0.21175796739809094,2
14659,6.8559595533606075,6.977723605288848,0.12176405192824014,1
14660,6.917827209566887,6.977723605288848,0.05989639572196026,3
14661,5.06444796562631,4.765072201102792,-0.2993757645235178,9
14662,4.774760346395956,4.765072201102792,-0.009688145293163863,7
14663,4.7970015838784645,4.765072201102792,-0.031929382775672366,8
14664,4.680992529731772,4.765072201102792,0.08407967137102013,2
14665,5.054211260503458,4.765072201102792,-0.2891390594006662,4
14666,4.840683112322319,4.765072201102792,-0.07561091121952668,6
14667,4.860259452526381,4.765072201102792,-0.09518725142358875,10
14668,5.0165736599272615,4.765072201102792,-0.2515014588244693,5
14669,4.38523065059901,4.765072201102792,0.379841550503782,3
14670,-1.0331845077507702,1.3424226808222062,2.3756071885729764,9
14671,-0.6122122015989471,1.3424226808222062,1.9546348824211532,7
14672,-1.283214754507284,1.3424226808222062,2.62563743532949,10
14673,0.42572878266778263,1.3424226808222062,0.9166938981544235,3
14674,-0.958059601317621,1.3424226808222062,2.300482282139827,5
14675,0.593702411576541,1.3424226808222062,0.7487202692456651,8
14676,-0.39624296302852613,1.3424226808222062,1.7386656438507324,4
14677,-0.9426789698087175,1.3424226808222062,2.2851016506309234,2
14678,0.25020334934055266,1.3424226808222062,1.0922193314816535,1
14679,2.4085444662619544,2.7481880270062,0.3396435607442454,6
14680,2.1526126653982387,2.7481880270062,0.5955753616079611,8
14681,2.376618797395404,2.7481880270062,0.37156922961079575,4
14682,2.4225402628033468,2.7481880270062,0.325647764202853,7
14683,2.448567763911553,2.7481880270062,0.29962026309464695,2
14684,2.438685410030865,2.7481880270062,0.309502616975335,5
14685,2.4891632871651783,2.7481880270062,0.2590247398410215,1
14686,2.2835554509470963,2.7481880270062,0.46463257605910346,3
14687,2.933269927590785,2.7481880270062,-0.1850819005845854,10
14688,3.4232024029678567,2.4553017716570764,-0.9679006313107803,3
14689,4.17808323751375,2.4553017716570764,-1.7227814658566736,10
14690,3.2656221156510354,2.4553017716570764,-0.810320343993959,4
14691,3.621056683433224,2.4553017716570764,-1.1657549117761477,6
14692,3.4224466661376534,2.4553017716570764,-0.9671448944805769,9
14693,3.675891299313409,2.4553017716570764,-1.2205895276563328,7
14694,3.5624722615535482,2.4553017716570764,-1.1071704898964718,5
14695,3.9877655191533727,2.4553017716570764,-1.5324637474962963,2
14696,3.6049256874046107,2.4553017716570764,-1.1496239157475343,1
14697,4.634450897086525,5.7160033436348,1.081552446548275,1
14698,4.606395484420369,5.7160033436348,1.1096078592144316,8
14699,4.365342801796861,5.7160033436348,1.3506605418379394,6
14700,4.716795134942302,5.7160033436348,0.9992082086924983,9
14701,4.468267334439459,5.7160033436348,1.2477360091953411,3
14702,4.359653686474435,5.7160033436348,1.356349657160365,4
14703,4.455652495485687,5.7160033436348,1.2603508481491135,7
14704,4.606809393682367,5.7160033436348,1.1091939499524335,2
14705,4.786058957385702,5.7160033436348,0.9299443862490984,10
14706,4.907547343732378,4.765072201102792,-0.1424751426295856,1
14707,5.054211260503458,4.765072201102792,-0.2891390594006662,4
14708,4.774760346395956,4.765072201102792,-0.009688145293163863,7
14709,4.680992529731772,4.765072201102792,0.08407967137102013,2
14710,4.7970015838784645,4.765072201102792,-0.031929382775672366,8
14711,5.06444796562631,4.765072201102792,-0.2993757645235178,9
14712,4.38523065059901,4.765072201102792,0.379841550503782,3
14713,4.840683112322319,4.765072201102792,-0.07561091121952668,6
14714,5.0165736599272615,4.765072201102792,-0.2515014588244693,5
14715,5.401968286002395,5.0,-0.4019682860023952,2
14716,5.481045388976063,5.0,-0.48104538897606286,9
14717,5.279744216887538,5.0,-0.27974421688753814,3
14718,5.542532814051753,5.0,-0.5425328140517527,6
14719,5.392289961317901,5.0,-0.3922899613179007,7
14720,5.602305153935853,5.0,-0.6023051539358528,1
14721,5.521622378613652,5.0,-0.5216223786136522,5
14722,5.369221993807943,5.0,-0.36922199380794307,10
14723,5.5686897396643085,5.0,-0.5686897396643085,4
14724,4.8870779246584055,0.1139433523068367,-4.773134572351569,3
14725,5.08082105772017,0.1139433523068367,-4.966877705413333,2
14726,4.912904390504002,0.1139433523068367,-4.798961038197165,10
14727,4.800277231664166,0.1139433523068367,-4.6863338793573295,4
14728,5.221231583684443,0.1139433523068367,-5.1072882313776065,1
14729,4.914882053440667,0.1139433523068367,-4.8009387011338305,7
14730,4.774281938256444,0.1139433523068367,-4.660338585949607,6
14731,4.918059848596717,0.1139433523068367,-4.80411649628988,9
14732,4.951899499214229,0.1139433523068367,-4.837956146907392,8
14733,3.747143970166332,1.6989700043360187,-2.0481739658303133,5
14734,3.5746371479341885,1.6989700043360187,-1.8756671435981698,4
14735,3.70882764260047,1.6989700043360187,-2.0098576382644513,7
14736,3.4153274929661963,1.6989700043360187,-1.7163574886301776,8
14737,3.415357829370628,1.6989700043360187,-1.7163878250346092,2
14738,3.2827872224533072,1.6989700043360187,-1.5838172181172885,3
14739,2.9356317221674315,1.6989700043360187,-1.2366617178314128,1
14740,4.205913165246516,1.6989700043360187,-2.506943160910497,9
14741,4.252926718703888,1.6989700043360187,-2.553956714367869,10
14742,5.184414275214932,2.1357685145678222,-3.04864576064711,2
14743,5.0376662629861615,2.1357685145678222,-2.9018977484183393,1
14744,5.364020484725958,2.1357685145678222,-3.228251970158136,8
14745,5.192350618082316,2.1357685145678222,-3.056582103514494,5
14746,4.95229982864536,2.1357685145678222,-2.816531314077538,3
14747,5.137656930486993,2.1357685145678222,-3.0018884159191708,4
14748,5.348434936026915,2.1357685145678222,-3.2126664214590925,9
14749,5.091037501602785,2.1357685145678222,-2.955268987034963,6
14750,5.194590573742633,2.1357685145678222,-3.0588220591748105,7
14751,4.692395167910521,2.560420774091161,-2.1319743938193603,10
14752,4.467070239660294,2.560420774091161,-1.9066494655691328,5
14753,4.73719866803173,2.560420774091161,-2.1767778939405686,6
14754,4.575426035324517,2.560420774091161,-2.0150052612333558,9
14755,4.552170315145616,2.560420774091161,-1.9917495410544546,4
14756,4.646739533834657,2.560420774091161,-2.0863187597434956,3
14757,4.463121158927645,2.560420774091161,-1.9027003848364843,2
14758,4.660024478625209,2.560420774091161,-2.0996037045340477,7
14759,4.550642772801116,2.560420774091161,-1.9902219987099552,1
14760,6.026287153862441,6.113943352306837,0.08765619844439598,7
14761,5.969355052724299,6.113943352306837,0.14458829958253805,9
14762,6.149539691555337,6.113943352306837,-0.035596339248500364,3
14763,6.1430572039604465,6.113943352306837,-0.02911385165360958,8
14764,5.877857896365878,6.113943352306837,0.23608545594095887,2
14765,6.1159964382661824,6.113943352306837,-0.002053085959345502,5
14766,6.066928736902978,6.113943352306837,0.04701461540385932,6
14767,6.014853294470385,6.113943352306837,0.09909005783645153,4
14768,6.0234405124928685,6.113943352306837,0.09050283981396845,10
14769,5.857587363824656,6.041392685158225,0.18380532133356908,4
14770,5.843880501091288,6.041392685158225,0.19751218406693738,7
14771,5.983115700525473,6.041392685158225,0.05827698463275244,6
14772,5.937307268724819,6.041392685158225,0.10408541643340641,10
14773,6.0635423721383175,6.041392685158225,-0.02214968698009212,1
14774,5.848982186015969,6.041392685158225,0.19241049914225616,5
14775,5.879015679241506,6.041392685158225,0.16237700591671977,9
14776,5.8134118289284125,6.041392685158225,0.2279808562298129,2
14777,6.091364828500086,6.041392685158225,-0.04997214334186051,8
14778,4.68634570291601,5.334453751150931,0.6481080482349206,2
14779,4.028803817136147,5.334453751150931,1.3056499340147836,8
14780,4.745808903298355,5.334453751150931,0.5886448478525761,9
14781,4.489738665500625,5.334453751150931,0.8447150856503054,6
14782,4.555161858490142,5.334453751150931,0.7792918926607886,7
14783,4.780354387380709,5.334453751150931,0.5540993637702218,4
14784,4.674245198956533,5.334453751150931,0.6602085521943977,3
14785,4.946323255898021,5.334453751150931,0.3881304952529101,10
14786,4.8673293221657,5.334453751150931,0.46712442898523054,1
14787,4.268737884928156,1.7442929831226763,-2.52444490180548,1
14788,4.220184245357783,1.7442929831226763,-2.4758912622351064,5
14789,4.025234129843801,1.7442929831226763,-2.2809411467211245,4
14790,4.20278409076803,1.7442929831226763,-2.4584911076453535,9
14791,4.31760534267864,1.7442929831226763,-2.5733123595559633,10
14792,4.138650023359584,1.7442929831226763,-2.3943570402369074,7
14793,4.175171577028064,1.7442929831226763,-2.430878593905388,2
14794,3.576035845948805,1.7442929831226763,-1.8317428628261285,8
14795,3.947505471285825,1.7442929831226763,-2.2032124881631487,6
14796,2.737136480062989,1.576226137449605,-1.160910342613384,6
14797,3.275352165646069,1.576226137449605,-1.6991260281964642,4
14798,3.2511130620529296,1.576226137449605,-1.6748869246033247,5
14799,2.841548131875299,1.576226137449605,-1.2653219944256942,7
14800,3.5330899763633807,1.576226137449605,-1.9568638389137758,10
14801,3.528573525527154,1.576226137449605,-1.952347388077549,2
14802,2.7794540935082397,1.576226137449605,-1.2032279560586348,3
14803,2.604779009652867,1.576226137449605,-1.0285528722032622,1
14804,3.266019813649466,1.576226137449605,-1.689793676199861,8
14805,4.963870238359557,2.143014800254095,-2.820855438105462,6
14806,5.330768333752457,2.143014800254095,-3.1877535334983618,9
14807,5.263400024435087,2.143014800254095,-3.1203852241809917,4
14808,4.907603784766057,2.143014800254095,-2.7645889845119624,1
14809,5.164019922367315,2.143014800254095,-3.0210051221132197,3
14810,4.900422047854454,2.143014800254095,-2.7574072476003586,10
14811,4.926695614258081,2.143014800254095,-2.7836808140039864,5
14812,5.529808088176344,2.143014800254095,-3.3867932879222487,2
14813,4.817776525014021,2.143014800254095,-2.674761724759926,7
14814,3.8991780032746783,-0.15864053,-4.057818533274679,1
14815,4.349919064696563,-0.15864053,-4.508559594696562,4
14816,3.1339013757009044,-0.15864053,-3.2925419057009044,5
14817,3.6342976228762183,-0.15864053,-3.7929381528762183,10
14818,3.481189733777359,-0.15864053,-3.639830263777359,9
14819,3.481581919810858,-0.15864053,-3.640222449810858,2
14820,2.9086975949006115,-0.15864053,-3.0673381249006115,8
14821,3.7405939448577112,-0.15864053,-3.8992344748577112,7
14822,3.317956008744361,-0.15864053,-3.476596538744361,6
14823,1.9264648587451554,3.0293837776852097,1.1029189189400543,8
14824,1.689114807429051,3.0293837776852097,1.3402689702561588,9
14825,1.8321260097683016,3.0293837776852097,1.197257767916908,10
14826,1.6820212272379376,3.0293837776852097,1.3473625504472722,2
14827,1.5627139445943967,3.0293837776852097,1.466669833090813,5
14828,1.8609631156225113,3.0293837776852097,1.1684206620626985,6
14829,2.0332048370331948,3.0293837776852097,0.996178940652015,4
14830,2.0230894381856377,3.0293837776852097,1.006294339499572,1
14831,1.8088867322086337,3.0293837776852097,1.220497045476576,7
14832,3.8392438385737426,0.0791812460476248,-3.760062592526118,3
14833,3.8577593458866035,0.0791812460476248,-3.778578099838979,5
14834,4.246188380028152,0.0791812460476248,-4.167007133980527,6
14835,4.200001693246252,0.0791812460476248,-4.120820447198627,10
14836,4.197948463164699,0.0791812460476248,-4.118767217117074,9
14837,4.109929469407486,0.0791812460476248,-4.030748223359861,7
14838,3.87016558355905,0.0791812460476248,-3.7909843375114254,2
14839,2.872786493308726,0.0791812460476248,-2.7936052472611013,8
14840,4.048140168423148,0.0791812460476248,-3.9689589223755237,1
14841,4.419289869539086,2.4771212547196626,-1.9421686148194235,8
14842,4.378958236623882,2.4771212547196626,-1.9018369819042196,6
14843,4.391674588084965,2.4771212547196626,-1.9145533333653022,5
14844,4.5266612069906635,2.4771212547196626,-2.049539952271001,7
14845,5.012818689742374,2.4771212547196626,-2.535697435022711,2
14846,4.358952113516277,2.4771212547196626,-1.8818308587966142,3
14847,4.995881042942194,2.4771212547196626,-2.518759788222531,4
14848,4.83754880522153,2.4771212547196626,-2.3604275505018677,10
14849,5.238104671038093,2.4771212547196626,-2.760983416318431,9
14850,3.74800111311301,3.8750612633917,0.1270601502786901,1
14851,4.232622060320548,3.8750612633917,-0.3575607969288477,2
14852,4.471432877281493,3.8750612633917,-0.5963716138897928,3
14853,3.666340200345948,3.8750612633917,0.2087210630457519,5
14854,3.5744457069751174,3.8750612633917,0.30061555641658266,9
14855,3.9799600849445564,3.8750612633917,-0.10489882155285635,10
14856,4.0662687834675335,3.8750612633917,-0.19120752007583341,6
14857,4.155779026427202,3.8750612633917,-0.28071776303550156,8
14858,4.038668996132932,3.8750612633917,-0.16360773274123197,4
14859,2.753418354522004,2.146128035678238,-0.6072903188437659,2
14860,2.605565953028462,2.146128035678238,-0.45943791735022366,9
14861,2.5948416550677846,2.146128035678238,-0.44871361938954646,1
14862,2.6480539439426063,2.146128035678238,-0.5019259082643681,5
14863,2.691361747236262,2.146128035678238,-0.5452337115580237,10
14864,2.2305678574571166,2.146128035678238,-0.08443982177887843,8
14865,2.645701446226345,2.146128035678238,-0.4995734105481069,7
14866,2.29330856346646,2.146128035678238,-0.14718052778822166,4
14867,2.4388219176861483,2.146128035678238,-0.29269388200791013,6
14868,5.484470739017438,5.688419822002711,0.2039490829852726,7
14869,5.1941705153652435,5.688419822002711,0.49424930663746736,9
14870,5.367970347126294,5.688419822002711,0.3204494748764173,10
14871,5.351228861259857,5.688419822002711,0.3371909607428538,1
14872,5.5611182381478645,5.688419822002711,0.12730158385484636,6
14873,5.391005997009602,5.688419822002711,0.2974138249931091,4
14874,5.83849891014346,5.688419822002711,-0.15007908814074877,8
14875,5.18975812856742,5.688419822002711,0.49866169343529076,2
14876,5.698678198844009,5.688419822002711,-0.010258376841298045,5
14877,4.424771272950068,1.3010299956639813,-3.1237412772860864,2
14878,3.503853874042006,1.3010299956639813,-2.202823878378025,8
14879,3.451371064461616,1.3010299956639813,-2.1503410687976348,1
14880,3.619523490942398,1.3010299956639813,-2.3184934952784166,5
14881,3.85948230318878,1.3010299956639813,-2.558452307524799,10
14882,3.5624671664547156,1.3010299956639813,-2.2614371707907344,7
14883,4.125702683740446,1.3010299956639813,-2.8246726880764648,9
14884,2.565543294102928,1.3010299956639813,-1.2645132984389469,3
14885,3.918842269028685,1.3010299956639813,-2.6178122733647036,4
14886,5.618782716633045,3.9542425094393248,-1.66454020719372,1
14887,5.463854223627845,3.9542425094393248,-1.50961171418852,7
14888,5.4291669125451705,3.9542425094393248,-1.4749244031058457,2
14889,5.7021295171033435,3.9542425094393248,-1.7478870076640187,3
14890,5.567757460877324,3.9542425094393248,-1.6135149514379994,6
14891,5.962303738322384,3.9542425094393248,-2.0080612288830593,8
14892,5.339843690638163,3.9542425094393248,-1.385601181198838,9
14893,5.178531832441013,3.9542425094393248,-1.2242893230016878,10
14894,5.280398856608634,3.9542425094393248,-1.326156347169309,5
14895,3.4271223577458914,2.6232492903979003,-0.803873067347991,6
14896,4.221893328738731,2.6232492903979003,-1.5986440383408307,5
14897,4.026915758087342,2.6232492903979003,-1.4036664676894417,1
14898,3.936081365033794,2.6232492903979003,-1.3128320746358937,10
14899,3.549594881274701,2.6232492903979003,-0.9263455908768008,8
14900,3.932131211238534,2.6232492903979003,-1.3088819208406335,7
14901,3.755111110643665,2.6232492903979003,-1.1318618202457649,4
14902,4.201080974101998,2.6232492903979003,-1.577831683704098,9
14903,4.1111394227439355,2.6232492903979003,-1.4878901323460352,2
14904,4.686116558246928,0.0,-4.686116558246928,8
14905,4.548645385174027,0.0,-4.548645385174027,7
14906,4.461092038432225,0.0,-4.461092038432225,4
14907,4.807320001857205,0.0,-4.807320001857205,10
14908,4.41179319117428,0.0,-4.41179319117428,1
14909,4.992830152956725,0.0,-4.992830152956725,9
14910,4.591096330546829,0.0,-4.591096330546829,6
14911,4.540426033455207,0.0,-4.540426033455207,5
14912,4.5505616041526125,0.0,-4.5505616041526125,3
14913,4.523800141265969,4.778151250383644,0.25435110911767467,5
14914,4.853608244278106,4.778151250383644,-0.07545699389446181,9
14915,4.656876290283681,4.778151250383644,0.12127496009996275,6
14916,4.43759916113797,4.778151250383644,0.3405520892456737,1
14917,4.542386597726178,4.778151250383644,0.2357646526574655,7
14918,4.533218518650575,4.778151250383644,0.24493273173306918,3
14919,4.426453236784817,4.778151250383644,0.3516980135988268,8
14920,4.454631755170806,4.778151250383644,0.32351949521283796,4
14921,4.57504460900382,4.778151250383644,0.20310664137982393,2
14922,4.963870238359557,2.143014800254095,-2.820855438105462,6
14923,4.907603784766057,2.143014800254095,-2.7645889845119624,1
14924,5.529808088176344,2.143014800254095,-3.3867932879222487,2
14925,5.330768333752457,2.143014800254095,-3.1877535334983618,9
14926,4.926695614258081,2.143014800254095,-2.7836808140039864,5
14927,4.817776525014021,2.143014800254095,-2.674761724759926,7
14928,5.263400024435087,2.143014800254095,-3.1203852241809917,4
14929,5.164019922367315,2.143014800254095,-3.0210051221132197,3
14930,4.900422047854454,2.143014800254095,-2.7574072476003586,10
14931,6.1241028628147625,3.903089986991944,-2.2210128758228183,1
14932,6.069626663799641,3.903089986991944,-2.1665366768076972,8
14933,5.937053278702857,3.903089986991944,-2.0339632917109127,2
14934,5.9764953189184,3.903089986991944,-2.073405331926456,3
14935,5.975553585081353,3.903089986991944,-2.0724635980894086,4
14936,6.005648058867461,3.903089986991944,-2.102558071875517,10
14937,6.006042335546151,3.903089986991944,-2.1029523485542065,5
14938,5.878877994255218,3.903089986991944,-1.9757880072632736,6
14939,5.96064766324675,3.903089986991944,-2.0575576762548056,7
14940,5.697050467281787,3.633468455579586,-2.0635820117022012,5
14941,5.708706843341372,3.633468455579586,-2.075238387761786,9
14942,5.547426298352556,3.633468455579586,-1.9139578427729695,4
14943,5.45971687932556,3.633468455579586,-1.826248423745974,6
14944,5.111798549809078,3.633468455579586,-1.4783300942294915,3
14945,5.482327071836539,3.633468455579586,-1.848858616256953,2
14946,5.542132122295694,3.633468455579586,-1.9086636667161079,7
14947,5.645295632483755,3.633468455579586,-2.011827176904169,1
14948,5.717384291383485,3.633468455579586,-2.083915835803899,10
