idx,y_pred,y_true,residual,fold
0,3.3081381043928637,5.698970004336019,2.390831899943155,6
1,3.3672438769566666,3.049218022670181,-0.31802585428648555,9
2,3.5385302926358384,2.903089986991944,-0.6354403056438942,5
3,5.12652113302198,2.9542425094393248,-2.1722786235826557,5
4,6.424681033725986,3.90848501887865,-2.516196014847336,8
5,4.761492997025349,3.322219294733919,-1.43927370229143,5
6,4.837773769336072,5.301029995663981,0.46325622632790964,5
7,5.310099419497277,4.086359830674748,-1.2237395888225286,5
8,4.77411587620109,6.035709837827862,1.2615939616267724,9
9,5.0438674529204715,5.954242509439325,0.9103750565188538,7
10,5.624915184202107,3.949390006644913,-1.6755251775571938,4
11,4.423312918379742,5.742725131304698,1.3194122129249557,7
12,3.966847184585436,3.661812685537261,-0.3050344990481748,5
13,4.532587227904003,3.505149978319906,-1.0274372495840969,10
14,3.521394925969172,5.0948203803548,1.5734254543856276,10
15,4.573752828885095,3.397940008672037,-1.1758128202130576,2
16,4.996967366487206,3.832508912706236,-1.1644584537809695,8
17,5.170924526267114,5.6020599913279625,0.43113546506084877,8
18,3.736680408421176,5.238046103128795,1.5013656947076188,4
19,3.816575615299021,3.0791812460476247,-0.7373943692513962,8
20,3.4561959244641822,3.823474229170301,0.3672783047061188,10
21,4.571619689794003,3.838849090737255,-0.7327705990567481,10
22,4.790313731609623,3.505149978319906,-1.285163753289717,8
23,4.341793236502515,6.041392685158225,1.69959944865571,1
24,5.231006968774283,3.8813846567705728,-1.34962231200371,5
25,4.873594837685588,5.576341350205793,0.7027465125202044,5
26,5.841906275111798,6.823539433656859,0.9816331585450611,9
27,6.4988545200899805,6.3979400086720375,-0.10091451141794305,5
28,6.324055345381752,6.707570176097937,0.38351483071618464,7
29,6.77447508595707,6.3979400086720375,-0.3765350772850322,1
30,5.969273047001052,6.558708570533166,0.5894355235321136,1
31,5.914600263157555,6.107549129744687,0.19294886658713128,4
32,5.9637059557733805,4.193681029541281,-1.7700249262320993,1
33,6.3742932488554205,5.929418925714293,-0.4448743231411276,6
34,6.416183651195572,6.531478917042255,0.11529526584668304,10
35,6.236334307278111,6.414973347970818,0.17863904069270742,8
36,6.238696592564527,6.372912002970106,0.13421541040557905,7
37,6.391630399563623,6.384890796530554,-0.006739603033069308,9
38,3.1098155382615653,6.325843928293292,3.2160283900317266,7
39,6.5621823716471335,7.0,0.43781762835286653,5
40,6.386795258873457,6.8750612633917,0.488266004518243,10
41,6.165881205064722,6.835056101720117,0.6691748966553943,4
42,7.072893246086387,7.079181246047625,0.006287999961237745,6
43,5.470497789879046,4.072984744627931,-1.3975130452511149,2
44,5.3816293127492045,5.113943352306837,-0.2676859604423676,2
45,3.861447739022572,5.096910013008056,1.2354622739854841,6
46,5.963787680264286,5.342422680822207,-0.6213649994420791,8
47,5.962093058730626,6.2405492482826,0.2784561895519744,5
48,4.5783673834512095,5.278753600952829,0.7003862175016193,4
49,6.150013677214711,6.2552725051033065,0.10525882788859509,1
50,5.314974416190382,5.023540521554854,-0.29143389463552793,8
51,5.804488264877777,6.313867220369153,0.5093789554913766,1
52,6.145709919428944,6.361727836017593,0.21601791658864933,6
53,6.123442265062924,6.6020599913279625,0.4786177262650382,9
54,6.093622732138775,6.649334858712142,0.5557121265733667,3
55,6.051453053131946,6.041392685158225,-0.010060367973721007,5
56,5.513405552806032,5.901294817165567,0.3878892643595355,2
57,5.054581934479324,6.447158031342219,1.3925760968628955,7
58,5.93644074654769,4.681241237375588,-1.255199509172102,3
59,6.0465007582606285,5.81504617606463,-0.23145458219599835,1
60,5.435657421822447,4.992818520066679,-0.4428389017557679,6
61,4.438842936071982,3.204119982655925,-1.2347229534160569,7
62,5.9075280921355295,6.8750612633917,0.9675331712561706,6
63,6.265794363303341,6.8909795969896885,0.6251852336863477,3
64,6.009769498113859,6.0,-0.009769498113858965,10
65,4.728838264487438,4.5003737143533735,-0.2284645501340643,1
66,5.0156709495422165,6.3979400086720375,1.382269059129821,5
67,6.0190557697940115,6.447158031342219,0.42810226154820796,2
68,5.682302572072744,7.267171728403014,1.58486915633027,6
69,5.9676880762608,5.045714058940868,-0.9219740173199318,1
70,4.916758356077907,6.230448921378274,1.3136905653003668,1
71,6.0294033169734655,4.127104798364807,-1.9022985186086583,6
72,5.784621074053457,6.0,0.21537892594654284,5
73,6.783827692659298,5.715167357848458,-1.0686603348108408,1
74,5.702901608994597,6.024046225131059,0.32114461613646217,6
75,1.8865866676866998,3.645422269349092,1.758835601662392,7
76,4.339626228159942,3.146128035678238,-1.1934981924817034,2
77,1.1108789199365916,2.8750612633917,1.7641823434551085,6
78,3.723123054347946,3.3010299956639813,-0.42209305868396463,1
79,4.499860620253216,3.3138672203691533,-1.1859933998840626,7
80,4.755012335894217,5.905795880367869,1.1507835444736516,6
81,4.370646583449344,2.6989700043360187,-1.671676579113325,3
82,3.0574803075033716,4.146128035678238,1.0886477281748665,6
83,2.9167958235305225,3.2430380486862944,0.32624222515577195,4
84,3.3368586694267837,2.6532125137753435,-0.6836461556514402,6
85,4.4438943037936065,2.1089031276673134,-2.334991176126293,5
86,3.666859151695821,3.7781512503836434,0.11129209868782253,3
87,4.241624144164742,3.3010299956639813,-0.940594148500761,10
88,4.791719737075726,3.0,-1.7917197370757263,4
89,4.783109826537312,4.431363764158987,-0.35174606237832506,7
90,4.895797396722581,4.423245873936808,-0.47255152278577306,7
91,4.2294861691586405,4.431363764158987,0.2018775950003464,10
92,4.077672056279298,5.544068044350276,1.4663959880709774,6
93,3.720787290625013,3.0,-0.720787290625013,8
94,5.627476305116004,3.1583624920952498,-2.4691138130207544,6
95,3.44240014906384,2.740362689494244,-0.702037459569596,10
96,3.5511476861419466,3.6232492903979,0.07210160425595324,4
97,5.83759617211878,5.375092713083399,-0.46250345903538115,6
98,6.470431942065837,6.361727836017593,-0.10870410604824432,10
99,6.150013677214711,6.409933123331294,0.2599194461165828,1
100,7.017212180271557,6.477121254719663,-0.540090925551894,2
101,6.324388122000423,7.021189299069938,0.6968011770695153,2
102,5.538367458791023,3.413299764081252,-2.125067694709771,6
103,5.331327336034793,4.260071387985075,-1.0712559480497177,9
104,6.071531219846086,6.0,-0.07153121984608557,6
105,5.851986826168004,6.740362689494244,0.8883758633262397,6
106,6.719823592577558,6.099231615080882,-0.6205919774966757,5
107,6.244220734768531,6.431363764158987,0.18714302939045613,2
108,6.460558795992675,4.6464037262230695,-1.8141550697696056,7
109,6.322514451242269,6.142702245737616,-0.17981220550465338,1
110,6.063723481731128,6.431363764158987,0.3676402824278586,6
111,5.99266032125323,6.19258417809083,0.19992385683760006,3
112,6.030822467165144,6.238046103128795,0.20722363596365145,9
113,5.941333228592069,6.950851458888547,1.0095182302964778,3
114,6.398946045350628,4.819543935541868,-1.5794021098087594,7
115,6.343927138055931,4.716504163773217,-1.6274229742827142,1
116,5.995938981150704,6.612783856719736,0.6168448755690328,8
117,5.912842983240864,5.7160033436348,-0.19683963960606388,6
118,6.203501058832003,6.3979400086720375,0.19443894984003407,7
119,6.228859950846039,6.077258863692948,-0.15160108715309129,8
120,6.087163905239437,6.614897216033135,0.5277333107936988,5
121,5.768264656139635,5.00902574208691,-0.7592389140527249,10
122,5.748052740647628,5.37383114507383,-0.37422159557379775,9
123,5.788094792950708,6.477121254719663,0.6890264617689548,2
124,6.022611430066567,4.862250674597925,-1.1603607554686421,1
125,5.754283105943871,6.466867620354109,0.7125845144102385,6
126,6.5201039513479655,5.188084373714938,-1.3320195776330275,4
127,6.435531070905982,6.079181246047625,-0.35634982485835653,8
128,5.91592522533645,6.146128035678238,0.23020281034178858,2
129,6.09007919600199,5.326335860928752,-0.7637433350732383,4
130,5.978481453997206,6.768638101247615,0.7901566472504085,10
131,6.257884573085513,5.48572142648158,-0.7721631466039334,4
132,6.02034408408353,5.507072896756503,-0.5132711873270273,6
133,6.242001726139694,5.08361010516231,-1.1583916209773841,7
134,6.109461201251065,6.156851901070011,0.04739069981894595,10
135,6.73816665288764,5.676693609624866,-1.0614730432627733,1
136,6.523827149984002,7.252853030979893,0.7290258809958914,5
137,6.306431712465695,6.301029995663981,-0.005401716801713974,6
138,6.450704975976207,6.477121254719663,0.0264162787434552,5
139,6.093615334049704,6.361727836017593,0.26811250196788894,5
140,5.990422235069315,6.079181246047625,0.0887590109783103,4
141,5.752540716594588,4.396199347095736,-1.3563413694988515,2
142,6.177871299534603,6.14705767102836,-0.030813628506242807,4
143,6.1775186058921845,5.195456833628169,-0.9820617722640153,9
144,6.089097872979017,5.643551368562945,-0.4455465044160718,6
145,5.497897433060885,6.016197353512439,0.5182999204515539,6
146,5.551692490848838,6.079181246047625,0.527488755198787,9
147,5.951708419006526,6.146128035678238,0.19441961667171181,4
148,5.431456502874927,6.0,0.5685434971250727,3
149,5.575481539074101,4.113943352306837,-1.4615381867672639,8
150,6.052966915898923,6.577491799837225,0.5245248839383017,9
151,6.860646047987138,5.472756449317212,-1.3878895986699256,9
152,6.629924977074403,6.334453751150931,-0.29547122592347197,9
153,6.625412690631379,7.276921132065774,0.6515084414343955,8
154,6.882240320041016,4.819543935541868,-2.062696384499148,8
155,6.762829196858642,7.483587296968894,0.7207581001102517,4
156,7.077542649786786,8.041392685158225,0.963850035371439,4
157,7.148313343958402,7.477121254719663,0.3288079107612605,8
158,7.161291973197957,6.479393896404411,-0.6818980767935461,4
159,7.233906318145011,7.477121254719663,0.24321493657465165,8
160,6.542653950292257,6.320146286111054,-0.2225076641812027,9
161,6.426794888744539,6.3979400086720375,-0.02885488007250192,10
162,6.398085899885946,6.113943352306837,-0.2841425475791093,1
163,6.446353736708563,6.201397124320452,-0.24495661238811106,2
164,6.492056661232964,6.986771734266245,0.494715073033281,4
165,6.603129377638543,6.474216264076255,-0.1289131135622874,6
166,6.356739663690325,6.004136436761356,-0.35260322692896917,10
167,6.420330677330571,6.477121254719663,0.056790577389091546,5
168,6.289012876962823,6.434888120867316,0.14587524390449325,1
169,6.687091287641297,8.122543524068755,1.4354522364274578,7
170,6.349681680222787,6.281033367247727,-0.06864831297505969,2
171,6.41106145625273,5.953421399681036,-0.4576400565716936,5
172,5.979325164952142,6.518513939877887,0.5391887749257451,7
173,6.382072092580493,6.556423121371285,0.17435102879079256,1
174,6.331554263135851,6.348304863048161,0.016750599912310093,4
175,-0.9426789698087175,1.954242509439325,2.8969214792480424,2
176,1.0847249352463895,2.6020599913279625,1.517335056081573,7
177,2.510736955111184,1.3010299956639813,-1.2097069594472027,3
178,1.3523665450344255,1.9549175537349588,0.6025510087005332,4
179,4.345413368855221,2.0,-2.345413368855221,4
180,2.9387078933200748,2.146128035678238,-0.7925798576418366,8
181,3.8273610469752417,3.164352855784437,-0.6630081911908046,4
182,2.8373049675620425,1.390935107103379,-1.4463698604586634,6
183,3.310038506306114,2.9552065375419416,-0.35483196876417233,6
184,3.415357829370628,3.562292864456474,0.14693503508584627,2
185,2.6034962494439524,1.9268567089496924,-0.67663954049426,2
186,4.4831010101722,1.146128035678238,-3.3369729744939622,9
187,3.5330899763633807,2.8512583487190755,-0.6818316276443053,10
188,2.8957850752750067,2.0,-0.8957850752750067,2
189,5.189545251499402,3.539452491549461,-1.6500927599499406,10
190,2.6317549374140046,1.380211241711606,-1.2515436957023987,8
191,2.6793617868673154,2.273232834043045,-0.4061289528242704,7
192,2.85932463003415,2.57978359661681,-0.27954103341734005,3
193,1.964593085923649,0.6334684555795865,-1.3311246303440623,5
194,5.064011759175773,6.079181246047625,1.0151694868718524,6
195,5.151567735035455,5.023951707423388,-0.12761602761206703,4
196,4.8882206430499915,6.2322335211147335,1.344012878064742,3
197,4.912112250955436,3.247973266361807,-1.6641389845936287,9
198,4.756371285988507,6.302547372487486,1.5461760864989786,2
199,5.085466999810974,4.598571663482141,-0.48689533632883286,2
200,4.973846912141054,4.812913356642856,-0.16093355549819854,10
201,4.770562236329607,3.562292864456474,-1.2082693718731332,10
202,5.459748341888637,6.806179973983888,1.3464316320952516,9
203,4.604516992743113,5.782472624166286,1.1779556314231732,2
204,5.185712663561955,6.054957596012407,0.8692449324504521,6
205,4.688564136487461,6.15124723746237,1.4626831009749095,10
206,5.569169662330394,3.9036325160842376,-1.6655371462461561,10
207,4.028523208785678,6.501059262217751,2.472536053432073,9
208,4.689245119792799,4.892762234615817,0.2035171148230175,3
209,5.688150686425642,7.068185861746161,1.3800351753205193,4
210,4.488781310927924,3.4800069429571505,-1.0087743679707732,2
211,5.095418013136244,4.336459733848529,-0.7589582792877145,5
212,6.1278402660789695,5.0,-1.1278402660789695,2
213,5.747534093602783,6.0,0.2524659063972168,5
214,2.811135881499512,5.445604203273597,2.634468321774085,4
215,1.4149286656042195,1.7781512503836436,0.36322258477942415,5
216,3.976378281658655,2.400537989391946,-1.575840292266709,10
217,4.2633909218925785,3.0,-1.2633909218925785,8
218,4.919556613388461,3.653212513775344,-1.266344099613117,3
219,3.554417092094105,5.0,1.4455829079058948,9
220,5.481815342101574,5.14921911265538,-0.33259622944619416,2
221,2.66345813722596,4.101747073946366,1.4382889367204061,3
222,6.075181663643943,6.2552725051033065,0.18009084145936338,5
223,5.2887361632669325,6.361727836017593,1.0729916727506605,6
224,6.131132475446846,6.421603926869831,0.2904714514229845,5
225,6.465507762341561,6.176091259055681,-0.28941650328587976,9
226,6.277679088677262,6.113943352306837,-0.16373573637042504,2
227,6.116948815327722,6.313867220369153,0.19691840504143165,5
228,6.186330096322036,6.544068044350276,0.3577379480282401,6
229,6.207793825303635,5.993876914941211,-0.21391691036242388,9
230,6.21867256915689,6.544068044350276,0.3253954751933854,10
231,5.975449292472232,6.187520720836463,0.2120714283642302,2
232,6.1375309038356045,6.526985068559996,0.3894541647243912,6
233,6.255861848019442,6.1003705451175625,-0.15549130290187918,3
234,4.794516155881233,5.806179973983888,1.0116638181026554,7
235,6.003057058595641,5.093421685162235,-0.9096353734334066,6
236,5.675051266849745,3.963787827345555,-1.7112634395041897,3
237,5.627716456216744,6.0751453270538525,0.4474288708371086,1
238,6.6553213271447484,7.146128035678238,0.49080670853348973,6
239,6.714005954314908,4.792391689498253,-1.9216142648166556,2
240,6.845700668334465,6.863322860120456,0.017622191785990893,1
241,6.27241159490252,6.531478917042255,0.25906732213973527,10
242,6.238649363647171,4.472024697700282,-1.766624665946889,5
243,5.871708212556437,5.315970345456917,-0.5557378670995199,4
244,6.098835465432318,6.266114049531676,0.1672785840993578,2
245,4.037435079806905,3.397940008672037,-0.6394950711348684,8
246,6.287584685518233,6.109915863023793,-0.17766882249444027,9
247,6.4556486928853785,6.539076098792776,0.08342740590739783,1
248,6.689754700257175,6.342817314635733,-0.34693738562144194,6
249,3.5678533131239116,2.0791812460476247,-1.488672067076287,6
250,5.4715502967151375,5.202352067809752,-0.2691982289053856,7
251,6.362333326423008,6.409764104266346,0.0474307778433376,1
252,6.126603345424,6.477121254719663,0.35051790929566273,10
253,6.322498906550763,6.137926673293154,-0.18457223325760896,9
254,6.255861848019442,6.45071087814692,0.1948490301274779,3
255,6.4704859140814435,6.60422605308447,0.1337401390030264,7
256,6.368043734209076,6.187520720836463,-0.18052301337261323,5
257,6.2507761275004485,6.278753600952829,0.02797747345238033,8
258,6.479643481286886,6.518513939877887,0.03887045859100091,5
259,6.273109700499722,4.342422680822207,-1.9306870196775154,2
260,6.369905300959487,5.651762447380111,-0.7181428535793755,5
261,6.492346962715188,6.301969226865995,-0.19037773584919293,1
262,6.748151875550498,6.903089986991944,0.15493811144144587,9
263,6.472381183876281,5.983175072037813,-0.4892061118384676,8
264,6.220276782050834,6.587710965018911,0.3674341829680774,7
265,6.477723311682454,6.5843312243675305,0.1066079126850763,3
266,5.605261056853436,5.229425847920695,-0.3758352089327408,3
267,5.927519074614443,6.136720567156407,0.20920149254196385,6
268,6.159829556006819,5.0,-1.1598295560068186,8
269,6.128329425896691,6.531478917042255,0.4031494911455642,10
270,6.004173762665004,4.292256071356476,-1.7119176913085274,1
271,6.492716164391248,6.371067862271736,-0.12164830211951205,1
272,5.510186339974509,6.305351369446623,0.7951650294721144,5
273,6.279526718069043,6.477121254719663,0.19759453665061955,5
274,6.572806261420572,6.894105511777515,0.32129925035694296,2
275,6.283964945406601,6.477121254719663,0.1931563093130615,1
276,5.809884484933992,6.530839778616521,0.720955293682529,10
277,6.2938808024130095,6.3979400086720375,0.10405920625902798,3
278,6.262966318442179,5.681241237375588,-0.5817250810665913,7
279,6.138179427779332,6.173186268412274,0.035006840632942016,9
280,6.196445227446095,6.5910646070265,0.3946193795804058,6
281,6.41663226694709,7.074450718954592,0.6578184520075023,6
282,6.175734226869438,6.486487153065907,0.31075292619646877,4
283,6.61415198049435,6.505149978319906,-0.109002002174444,9
284,6.1337705563695435,5.549003262025788,-0.5847672943437559,7
285,6.126464758559656,6.190331698170292,0.0638669396106355,4
286,6.313226939012428,6.196728722623287,-0.11649821638914126,3
287,6.471525789612368,4.968482948553935,-1.5030428410584333,3
288,5.92134730738379,6.568201724066995,0.6468544166832046,10
289,6.055237384106432,4.913813852383717,-1.1414235317227153,1
290,6.3524241111941615,6.207580514765431,-0.14484359642873024,4
291,6.407860518478455,6.225309281725863,-0.18255123675259188,4
292,6.0247951174764856,6.491361693834273,0.46656657635778753,3
293,5.560848983478247,6.209515014542631,0.6486660310643835,9
294,6.481878153781347,6.230448921378274,-0.2514292324030727,4
295,6.1868330557549545,6.361727836017593,0.1748947802626386,10
296,6.370954240946435,5.089905111439398,-1.2810491295070365,4
297,6.2137487141946615,6.426511261364575,0.2127625471699135,2
298,5.930970748126221,6.095029796648452,0.16405904852223152,2
299,6.459681975265313,6.223080397831155,-0.23660157743415766,5
300,6.344859865210598,6.456366033129043,0.11150616791844481,1
301,5.741094495806364,5.802773725291976,0.061679229485611664,8
302,5.703575697595856,6.3979400086720375,0.6943643110761819,6
303,6.0527630269300206,5.603642280263075,-0.4491207466669458,1
304,6.181774130633944,6.20682587603185,0.025051745397905556,8
305,5.930229581403066,6.342422680822207,0.41219309941914073,6
306,5.392279571691793,6.301029995663981,0.9087504239721884,3
307,5.660970234276333,6.505149978319906,0.844179744043573,6
308,5.82120187300545,6.176091259055681,0.3548893860502318,4
309,6.1184904649296055,7.1003705451175625,0.981880080187957,3
310,5.642178418361311,5.836197480778925,0.19401906241761413,3
311,5.380845344588421,6.054708787938054,0.6738634433496333,5
312,6.128213280653597,6.477121254719663,0.34890797406606566,4
313,6.048574308366894,6.133644275865875,0.08506996749898121,8
314,5.913357212907129,6.32221929473392,0.4088620818267916,5
315,5.874007495380631,5.880813592280791,0.006806096900159986,10
316,5.351648245648899,6.477121254719663,1.1254730090707632,1
317,5.9993607807056755,4.6020599913279625,-1.397300789377713,9
318,5.888874001421999,6.02530586526477,0.1364318638427715,5
319,5.547325373097343,5.477121254719663,-0.07020411837768048,5
320,5.655237618406386,6.505149978319906,0.8499123599135201,8
321,5.913357212907129,6.812913356642856,0.8995561437357269,5
322,5.416682548736647,5.17897694729317,-0.2377056014434773,3
323,5.730757235725236,5.365487984890899,-0.3652692508343369,4
324,5.153979205070666,6.15839265038712,1.0044134453164544,2
325,5.605897698601054,4.477121254719663,-1.1287764438813914,5
326,6.218157143412335,4.453624073591451,-1.7645330698208843,4
327,6.27471095131322,6.086359830674748,-0.1883511206384716,3
328,6.511778272076043,6.086359830674748,-0.4254184414012947,5
329,5.931353760426664,6.319314304090512,0.3879605436638478,6
330,6.151928943615953,6.477121254719663,0.3251923111037094,10
331,6.07156427030821,6.374198257929082,0.30263398762087235,2
332,5.653388071276985,6.3979400086720375,0.7445519373950527,2
333,5.631001804860211,5.187520720836463,-0.4434810840237482,4
334,6.001981723464395,5.528916700277655,-0.4730650231867397,6
335,5.990264470935915,6.568201724066995,0.57793725313108,8
336,5.212264544256722,5.0,-0.2122645442567217,5
337,4.901891661559716,6.079181246047625,1.1772895844879088,10
338,5.920713781847448,4.814913181275074,-1.1058006005723744,7
339,5.4656416540970305,5.08170727009735,-0.38393438399968094,1
340,6.032290606174706,6.384711742938283,0.352421136763577,8
341,6.262199999909879,6.342422680822207,0.08022268091232743,4
342,6.389883319902636,5.671172842715083,-0.7187104771875532,1
343,5.882915824072866,6.278753600952829,0.39583777687996324,10
344,5.767317007795171,6.284656282788515,0.5173392749933443,2
345,6.228769890594236,6.3560258571931225,0.12725596659888616,9
346,5.234559404824378,5.671172842715083,0.4366134378907045,4
347,6.201469013673375,6.477121254719663,0.2756522410462878,7
348,5.892377429758382,5.0,-0.8923774297583824,4
349,5.871289170292319,5.852174904420303,-0.019114265872016034,5
350,5.686138502744829,5.3979400086720375,-0.2881984940727911,2
351,6.045018554142793,6.139879086401237,0.09486053225844415,2
352,6.186950385707438,6.273487409697184,0.08653702398974605,2
353,6.2811759566574,6.320623955053538,0.03944799839613822,1
354,5.783818939502003,6.6020599913279625,0.8182410518259591,3
355,6.433307030111217,6.337459261290656,-0.09584776882056101,4
356,6.2314980227806975,6.301029995663981,0.06953197288328372,8
357,6.314020302420376,6.3979400086720375,0.08391970625166145,7
358,6.1581156940589254,6.45484486000851,0.29672916594958476,3
359,6.568393919324522,8.146128035678238,1.5777341163537164,6
360,6.183873380947763,4.5820633629117085,-1.6018100180360548,4
361,5.9860372198053575,6.272305844402086,0.28626862459672875,1
362,6.75354437771727,5.728256359248493,-1.0252880184687765,5
363,5.978679792317979,5.71717102683231,-0.2615087654856687,3
364,5.722933112986295,6.049218022670182,0.3262849096838867,5
365,5.231127287276162,6.396199347095736,1.1650720598195745,3
366,6.240836334128041,5.550228353055094,-0.6906079810729464,1
367,6.748321419975333,5.575072325713813,-1.1732490942615206,2
368,6.082893985764422,6.100025730107863,0.017131744343440225,5
369,5.902706993832946,4.860338006570994,-1.042368987261952,8
370,6.855690559757567,6.489958479424835,-0.36573208033273197,4
371,6.082473391351538,6.3979400086720375,0.3154666173204994,2
372,5.889396061032912,6.3560258571931225,0.46662979616021083,7
373,5.690310295565827,4.705863712283919,-0.9844465832819083,6
374,5.745910307130028,4.833147111912785,-0.9127631952172433,1
375,6.02542808457521,6.182671386675478,0.1572433021002686,4
376,6.035494015313988,6.262023704606317,0.2265296892923292,5
377,5.777480278503068,6.408239965311849,0.6307596868087808,4
378,6.124518697634745,6.5910646070265,0.46654590939175566,10
379,6.051948744134664,5.876217840591642,-0.17573090354302234,10
380,5.234133827880558,6.1041455505540085,0.8700117226734507,3
381,5.989810746475611,4.630122642859312,-1.3596881036162998,1
382,5.928375186733235,6.5910646070265,0.6626894202932654,1
383,6.080131922008149,5.978180516937414,-0.10195140507073486,2
384,5.985386801497586,6.32221929473392,0.3368324932363347,9
385,5.973910988192985,6.100025730107863,0.12611474191487737,10
386,6.223087706434394,5.675778341674085,-0.5473093647603093,7
387,6.25927720017982,6.0,-0.25927720017982026,10
388,5.788144911878863,6.431363764158987,0.6432188522801239,6
389,6.418406496040822,6.1525940779274695,-0.2658124181133523,7
390,6.607455641742443,6.732393759822968,0.12493811808052513,4
391,5.28941388262002,4.491361693834273,-0.7980521887857472,10
392,4.51504160755064,4.77901897191487,0.26397736436423,10
393,5.581551902435696,6.556302500767287,0.9747505983315907,5
394,4.8491243673033475,4.850033257689769,0.0009088903864213904,3
395,6.30502069593009,6.278753600952829,-0.02626709497726143,7
396,6.27616959583374,6.4623979978989565,0.18622840206521651,7
397,6.25254125162772,6.399154333958217,0.14661308233049652,10
398,5.770253839333962,6.3979400086720375,0.6276861693380758,2
399,5.926868609572741,5.880813592280791,-0.04605501729195005,8
400,6.192714694281421,5.892094602690481,-0.3006200915909405,9
401,5.968194637418241,5.7160033436348,-0.25219129378344096,10
402,5.374861339497896,6.696836730575163,1.3219753910772676,9
403,5.57555225406466,5.530481449815745,-0.04507080424891541,9
404,5.417699041072702,6.465828815357437,1.0481297742847344,6
405,4.7279790260956736,6.5910646070265,1.8630855809308269,3
406,6.196533943162219,6.919078092376074,0.7225441492138547,10
407,6.224136787907567,6.301029995663981,0.07689320775641395,8
408,6.296271326448086,6.380211241711606,0.08393991526352007,1
409,6.383040453753809,6.204119982655925,-0.178920471097884,5
410,6.03123570567359,6.301029995663981,0.2697942899903909,4
411,5.7600833699962015,6.073105874968971,0.3130225049727695,1
412,5.139100079538997,6.2552725051033065,1.1161724255643097,7
413,6.033692555628235,6.32221929473392,0.28852673910568516,2
414,6.131560032485809,5.866287339084195,-0.26527269340161386,1
415,5.965034510747537,6.318063334962762,0.3530288242152251,1
416,5.965034510747537,6.368100851709351,0.40306634096181426,1
417,5.92317876901679,6.378397900948138,0.4552191319313481,7
418,5.086023439890207,6.326130956710794,1.2401075168205873,10
419,5.917769941452536,4.354108439147401,-1.563661502305135,4
420,5.8713271944511565,6.396722278503773,0.5253950840526169,2
421,5.647994738046286,5.619093330626742,-0.028901407419543723,6
422,4.886479081732908,3.6989700043360174,-1.1875090773968906,1
423,5.450227745558927,5.766784515497859,0.31655676993893156,4
424,6.1255084668869495,6.474755154291798,0.34924668740484854,5
425,6.106104714599953,5.643452676486188,-0.4626520381137649,1
426,6.064238665777619,6.453318340047038,0.3890796742694187,2
427,5.799037208591612,4.764176132390331,-1.034861076201281,2
428,5.875277262411005,6.227115082589125,0.3518378201781207,4
429,5.915167608872949,6.039255443806487,0.12408783493353859,2
430,5.5321638012570675,6.079181246047625,0.5470174447905576,4
431,6.204152155106555,6.387211800313731,0.18305964520717577,8
432,6.108084660133206,5.575072325713813,-0.5330123344193929,1
433,5.965078775001877,6.539076098792776,0.5739973237908993,1
434,5.625200547479463,6.008600171761918,0.3833996242824549,6
435,6.16136931592635,6.113943352306837,-0.04742596361951268,4
436,6.022987836970617,6.222456336679247,0.19946849970863045,6
437,6.352430380381687,5.276461804173244,-1.0759685762084432,9
438,6.314541627425956,6.301029995663981,-0.013511631761974563,1
439,6.035280532478218,5.275103949569196,-0.7601765829090219,2
440,5.237736675597419,6.884795363948981,1.6470586883515619,5
441,6.921827371514331,6.849419413796899,-0.07240795771743169,9
442,6.844144233421075,6.7979596437371965,-0.04618458968387884,5
443,6.466426865872049,7.505149978319906,1.0387231124478573,8
444,6.417135485970006,6.517723594833735,0.10058810886372971,7
445,6.077196920893747,6.6349808000512285,0.5577838791574816,6
446,6.527247457752362,6.6452748593294935,0.11802740157713121,6
447,5.723242733357863,6.270678836144707,0.5474361027868433,4
448,6.61174136186596,6.024895960107485,-0.5868454017584748,6
449,6.493029331589893,7.385606273598312,0.8925769420084189,7
450,6.698113317545308,6.284453294010853,-0.4136600235344545,1
451,6.365526449916155,6.501059262217751,0.1355328123015962,2
452,6.210420575196285,6.501059262217751,0.2906386870214659,9
453,6.380727580992122,6.7160033436348,0.3352757626426781,2
454,6.429244662250462,6.3979400086720375,-0.03130465357842471,7
455,6.343857683049339,6.2716557723522754,-0.07220191069706328,10
456,6.166169399068454,6.269512944217916,0.1033435451494622,7
457,6.546412571463074,6.32221929473392,-0.2241932767291539,6
458,6.503764375526702,5.337459261290656,-1.1663051142360459,4
459,6.193719056854557,6.755874855672492,0.5621557988179351,10
460,6.3343988052157965,6.596047007545439,0.2616482023296429,7
461,6.375626070115101,6.372912002970106,-0.0027140671449945586,4
462,6.435254876314425,4.484299839346786,-1.9509550369676392,1
463,6.213597547190037,6.227886704613674,0.014289157423636567,9
464,5.755458538593533,6.477121254719663,0.7216627161261293,2
465,5.753143932173232,6.079181246047625,0.3260373138743935,6
466,6.074500353064678,6.3979400086720375,0.3234396556073591,10
467,5.427359852972203,4.742725131304698,-0.6846347216675053,5
468,6.226233143536107,6.278753600952829,0.05252045741672173,4
469,6.093974568424369,6.380211241711606,0.28623667328723723,9
470,6.572418318612352,5.4446692309385245,-1.1277490876738279,8
471,6.4825955076170985,6.43695733066945,-0.04563817694764882,1
472,6.285530856902004,6.063145637106638,-0.22238521979536596,9
473,6.384999383998054,6.442479769064448,0.05748038506639386,8
474,6.232109842092317,6.645324001562293,0.41321415946997586,10
475,6.31655591294289,5.373500477967874,-0.9430554349750162,7
476,6.174599214514926,6.477121254719663,0.30252204020473616,8
477,5.867609729370578,5.283301228703549,-0.5843085006670288,4
478,5.262616690203646,6.176091259055681,0.9134745688520356,3
479,6.0867547135082765,6.57978359661681,0.49302888310853366,2
480,6.006498085326956,5.845098040014257,-0.16140004531269891,6
481,5.291965756735548,5.62797998982998,0.33601423309443135,2
482,5.877493224198322,6.146128035678238,0.26863481147991575,2
483,5.884440089114364,6.528736777724652,0.6442966886102885,1
484,5.965190440584834,6.32221929473392,0.35702885414908625,10
485,6.431394989475286,6.184691430817598,-0.24670355865768734,3
486,6.140971546077319,6.6020599913279625,0.46108844525064363,2
487,6.242577610644721,5.900312496983727,-0.34226511366099466,8
488,5.710943495876172,6.108226656374929,0.3972831604987572,9
489,6.465086823792379,6.385606273598312,-0.07948055019406652,8
490,5.822692297396929,6.585460729508501,0.7627684321115717,3
491,5.94917104344442,6.271841606536499,0.3226705630920783,7
492,6.1804010894445165,6.401572845676446,0.22117175623192953,10
493,5.040805119230671,3.724275869600789,-1.3165292496298822,1
494,5.072170817371124,6.176091259055681,1.103920441684557,1
495,4.337168358005264,6.176091259055681,1.8389229010504176,1
496,6.269986428666589,6.301029995663981,0.031043566997392524,8
497,6.150251245761701,5.04688519083771,-1.103366054923991,4
498,6.199200022583398,6.068185861746161,-0.13101416083723638,7
499,5.869633081578015,6.181843587944773,0.31221050636675773,7
500,6.192803974425886,6.32221929473392,0.12941532030803415,4
501,6.250863925114535,6.855525212731306,0.6046612876167714,7
502,5.919893504484973,6.342422680822207,0.42252917633723364,10
503,6.479643481286886,6.447158031342219,-0.03248544994466673,5
504,6.429244662250462,6.491361693834273,0.06211703158381088,7
505,6.183606708205384,6.32221929473392,0.13861258652853614,5
506,6.182819133346529,7.0,0.8171808666534712,2
507,5.960881797292184,6.357934847000454,0.39705304970827004,6
508,6.47303357111002,6.309757882316366,-0.16327568879365373,10
509,6.266927480679247,5.751510050270041,-0.5154174304092063,9
510,5.894482827945675,6.290034611362518,0.3955517834168436,10
511,6.39210235929212,6.301029995663981,-0.09107236362813875,8
512,6.4886728900435555,6.073351702386901,-0.41532118765665427,8
513,6.262063179752181,6.057099097526547,-0.20496408222563378,2
514,6.196568957019993,6.186278103445368,-0.01029085357462467,3
515,6.36866514134242,6.301029995663981,-0.06763514567843831,8
516,6.545571799771313,6.477555332198981,-0.06801646757233204,4
517,5.883530239542702,5.99563519459755,0.11210495505484808,8
518,6.083093444866045,6.204119982655925,0.12102653778987982,3
519,5.5349402347537,6.089905111439398,0.5549648766856983,6
520,6.0531664010801824,5.043755126968679,-1.0094112741115033,10
521,4.932717718660359,6.394451680826216,1.461733962165857,8
522,4.027037761936511,3.397940008672037,-0.6290977532644741,2
523,5.854663951869188,6.491361693834273,0.6366977419650848,6
524,5.835660922405629,5.078094150406411,-0.7575667719992181,9
525,5.928537152334845,5.12057393120585,-0.8079632211289951,5
526,5.314579133441337,5.548757828573704,0.23417869513236678,1
527,5.346410225470141,5.752048447819439,0.4056382223492978,2
528,4.861726451879242,5.698970004336019,0.8372435524567772,4
529,5.405113395403679,5.008600171761918,-0.3965132236417608,1
530,5.809615711998986,6.0,0.19038428800101403,1
531,6.342424493411422,4.534026106056135,-1.808398387355287,5
532,5.593130414167615,6.164352855784437,0.5712224416168219,4
533,6.015790624105441,6.552668216112194,0.5368775920067526,6
534,4.976068888750624,6.423245873936808,1.447176985186184,3
535,5.762567053512183,6.079181246047625,0.3166141925354422,2
536,6.486741624692683,6.9084850188786495,0.42174339418596674,5
537,6.337068127422753,6.913283901760418,0.5762157743376655,8
538,6.818400077091504,6.079181246047625,-0.7392188310438792,3
539,6.3595762467410655,6.657055852857104,0.2974796061160383,7
540,5.919864686889175,4.615097451301758,-1.3047672355874171,9
541,5.545589094317504,6.962369335670021,1.4167802413525177,6
542,5.766705148073917,6.57978359661681,0.8130784485428935,5
543,6.173557790579373,5.959041392321094,-0.2145163982582794,1
544,5.791723283946072,6.079181246047625,0.28745796210155294,2
545,5.700965113699536,6.857332496431268,1.156367382731732,6
546,6.077767418100216,7.012837224705172,0.9350698066049556,8
547,5.19780304021269,5.950364854376123,0.7525618141634336,5
548,6.74301438281624,7.727541257028556,0.9845268742123165,2
549,6.782586605141796,7.176091259055681,0.3935046539138858,5
550,6.5754193563237004,5.939758797292041,-0.6356605590316597,9
551,7.184628603887881,6.592176757395867,-0.5924518464920139,1
552,4.2853264023408375,5.136720567156407,0.8513941648155692,3
553,4.083258000819519,6.200303182981585,2.117045182162066,5
554,4.573204193224872,5.892094602690481,1.3188904094656086,3
555,8.023665909876815,6.826074802700826,-1.197591107175989,2
556,6.240755927039025,6.919078092376074,0.6783221653370486,9
557,6.9813900449863615,5.8750612633917,-1.1063287815946614,7
558,5.7883050665308335,5.176091259055681,-0.6122138074751522,5
559,6.717486426558898,6.644044492814749,-0.07344193374414854,8
560,2.5605770115489292,2.7781512503836434,0.21757423883471416,1
561,5.360803189651154,6.079181246047625,0.718378056396471,1
562,3.8368441978519323,3.0791812460476247,-0.7576629518043076,10
563,5.439531808826487,6.283301228703549,0.843769419877062,10
564,4.901093609145374,6.2878017299302265,1.3867081207848528,10
565,6.150896830263848,5.536937022704674,-0.6139598075591746,10
566,4.865448886789249,6.301029995663981,1.4355811088747323,3
567,6.271495377408214,6.472902651803664,0.20140727439545003,3
568,5.404296918347399,5.0,-0.40429691834739856,7
569,6.405564103583253,6.531478917042255,0.12591481345900224,8
570,5.705555961079449,6.033423755486949,0.32786779440750013,1
571,5.287468156832377,3.662757831681574,-1.624710325150803,4
572,5.759273404327559,6.260548372636979,0.5012749683094198,5
573,6.10366042706661,5.301029995663981,-0.8026304314026289,5
574,6.20463556543375,6.176091259055681,-0.028544306378068818,8
575,5.4697530278464646,5.4996870826184034,0.02993405477193889,4
576,5.136646037864927,5.295127085252191,0.15848104738726398,4
577,4.947572944348717,5.301029995663981,0.3534570513152646,9
578,5.207218424115594,3.911690158753861,-1.2955282653617335,4
579,5.965307846787918,6.324282455297693,0.3589746085097749,5
580,5.6273958595894955,5.72029163965499,0.09289578006549437,8
581,5.906417585307481,6.3670482644844935,0.4606306791770125,5
582,6.016316785498835,7.204119982655925,1.1878031971570904,1
583,7.1197028566280744,6.012837224705172,-1.1068656319229024,3
584,5.14748910274433,5.176091259055681,0.028602156311351656,3
585,5.412925565127968,6.278982116865443,0.8660565517374748,1
586,4.288431304816659,6.17897694729317,1.8905456424765106,9
587,4.640908465185987,4.329194415088451,-0.31171405009753617,7
588,5.10113845135875,6.002166061756507,0.9010276103977573,1
589,6.2907769875264155,6.489395921727129,0.19861893420071386,3
590,5.018321534985902,5.0,-0.018321534985902055,1
591,3.5303065168895804,5.0,1.4696934831104196,1
592,5.351841281230058,4.698970004336019,-0.6528712768940395,10
593,5.075169495069276,5.294466226161593,0.2192967310923173,7
594,5.909449869295513,5.477121254719663,-0.4323286145758507,5
595,5.916317423092062,6.1264561134318045,0.21013869033974242,7
596,5.725170343507622,5.0,-0.7251703435076218,3
597,6.0325493020132415,4.02816441942447,-2.004384882588772,4
598,5.898309141254619,7.079181246047625,1.1808721047930062,2
599,5.85296150632243,6.018650576891155,0.1656890705687255,2
600,5.995311219602316,7.049218022670182,1.053906803067866,10
601,5.4973558460378165,6.556302500767287,1.0589466547294704,2
602,5.927250521746919,7.176091259055681,1.248840737308762,1
603,5.507823940615421,5.615539749308947,0.10771580869352615,6
604,6.048131160045683,7.017450729510536,0.9693195694648526,7
605,4.667118664217495,3.838849090737255,-0.8282695734802394,5
606,5.900506215185979,6.278753600952829,0.3782473857668496,8
607,5.896476119890386,7.079181246047625,1.1827051261572388,4
608,5.2994645861073035,5.181843587944773,-0.11762099816253091,9
609,5.675673650125986,5.181843587944773,-0.49383006218121306,6
610,4.311005868604846,4.340444114840119,0.0294382462352738,3
611,4.041202603827637,3.403120521175818,-0.638082082651819,2
612,5.987528289766471,4.991226075692495,-0.9963022140739755,10
613,5.738066649999457,6.342422680822207,0.6043560308227498,4
614,4.944099025618371,5.447158031342219,0.5030590057238484,4
615,6.640704029913138,6.741151598851785,0.10044756893864726,4
616,5.380391036756761,6.350248018334163,0.9698569815774025,7
617,6.442352146178633,6.361727836017593,-0.08062431016104021,4
618,5.890163751544719,4.176091259055681,-1.7140724924890378,4
619,5.291472228007769,5.507855871695831,0.2163836436880624,3
620,6.335694278193603,6.732393759822968,0.39669948162936475,2
621,5.8746425347048135,4.130333768495007,-1.744308766209806,2
622,6.051453053131946,6.290034611362518,0.23858155823057192,5
623,6.061049562992355,6.204119982655925,0.14307041966357037,9
624,6.079832420336081,6.954242509439325,0.874410089103244,5
625,6.131750919274932,7.079181246047625,0.9474303267726931,8
626,5.1848803708755025,6.698970004336019,1.5140896334605163,2
627,6.250977017594091,6.4623979978989565,0.21142098030486522,9
628,6.229466830275728,6.698970004336019,0.4695031740602911,2
629,5.8217065047478815,6.334453751150931,0.5127472464030491,1
630,6.351504695592027,5.045322978786658,-1.3061817168053693,5
631,6.25677413394821,6.544068044350276,0.28729391040206576,1
632,6.121449328488198,6.6020599913279625,0.48061066283976484,9
633,6.621892750857331,7.589949601325708,0.9680568504683773,8
634,6.280045455631366,6.942504106168081,0.6624586505367152,4
635,6.20463556543375,6.43569150818434,0.23105594275059005,8
636,5.8746425347048135,7.079181246047625,1.2045387113428117,2
637,6.442352146178633,6.838723190031372,0.3963710438527386,4
638,5.967692045464086,6.365487984890899,0.3977959394268131,5
639,6.070419008568371,4.880813592280791,-1.1896054162875798,9
640,6.068404569573975,4.752355804153501,-1.316048765420474,9
641,5.564615620377997,6.823545953567112,1.2589303331891148,9
642,5.625856602250772,6.12057393120585,0.4947173289550779,10
643,4.981133262621893,6.0,1.018866737378107,2
644,6.038325276096691,6.119317224092021,0.08099194799533027,6
645,5.745303634298858,5.903089986991944,0.15778635269308605,9
646,6.258619761493813,6.69284691927723,0.4342271577834165,10
647,5.829921695784318,6.672097857935717,0.8421761621513992,10
648,5.476041554389983,6.980911937776844,1.5048703833868604,9
649,4.877351124427587,7.1003705451175625,2.223019420689975,5
650,5.748127698223372,7.176091259055681,1.4279635608323096,3
651,5.377224330457786,6.612783856719736,1.2355595262619508,3
652,5.963204749673771,6.886490725172482,0.923285975498711,7
653,4.005187173532929,3.4727564493172123,-0.5324307242157165,8
654,6.450691085794028,6.812913356642856,0.36222227084882785,3
655,6.396236486729169,7.0,0.603763513270831,8
656,5.991551580709504,5.477121254719663,-0.5144303259898413,8
657,5.823079096041209,6.161368002234975,0.3382889061937666,7
658,5.884854987214697,6.3979400086720375,0.5130850214573401,8
659,5.4348001431314374,7.041392685158225,1.606592542026788,9
660,5.7854593246807635,6.861534410859038,1.0760750861782746,2
661,5.967692045464086,4.740362689494244,-1.2273293559698422,5
662,5.753675123040385,4.698970004336019,-1.0547051187043666,7
663,5.140111492742284,6.113943352306837,0.9738318595645525,9
664,5.150342419914555,5.7160033436348,0.5656609237202455,1
665,6.512667949304626,6.431363764158987,-0.08130418514563864,5
666,6.324034395071737,6.414973347970818,0.09093895289908094,6
667,6.462065362881569,6.146128035678238,-0.315937327203331,7
668,5.790371131811989,6.531478917042255,0.7411077852302661,4
669,5.805730199619179,5.447158031342219,-0.35857216827695915,4
670,5.847271299064731,6.361727836017593,0.5144565369528618,2
671,5.422439683996508,4.778151250383644,-0.6442884336128643,7
672,5.297569264066724,4.31722734917642,-0.9803419148903041,5
673,6.247465185228841,6.079181246047625,-0.1682839391812161,6
674,5.455713103346448,5.954242509439325,0.4985294060928771,3
675,5.324012835466739,5.484769477716173,0.1607566422494342,7
676,4.766167176274183,6.045322978786658,1.2791558025124745,6
677,4.748271909263163,4.1476763242410986,-0.6005955850220648,2
678,5.420334709039685,6.3979400086720375,0.9776052996323523,3
679,5.751267297929395,6.556302500767287,0.8050352028378915,2
680,6.0807750057864824,6.079181246047625,-0.0015937597388573366,2
681,4.794989656887469,6.079181246047625,1.284191589160156,9
682,5.742816565877846,6.079181246047625,0.33636468016977883,4
683,5.202544371542308,5.775464809345739,0.5729204378034316,10
684,5.399835646398421,6.1068026275996505,0.7069669812012291,8
685,6.269633039638514,5.681241237375588,-0.588391802262926,8
686,6.093158114133847,5.444825199509748,-0.648332914624099,10
687,6.139794347559321,6.301897717195208,0.16210336963588734,9
688,6.026547097092535,6.0,-0.026547097092534777,6
689,6.004700357694789,6.018284308426531,0.0135839507317419,8
690,6.336034218750888,5.949877704036875,-0.38615651471401335,8
691,6.252297767202214,6.0,-0.2522977672022142,5
692,6.243622374601446,6.161368002234975,-0.08225437236647082,4
693,6.234922097986845,5.049218022670182,-1.1857040753166634,4
694,6.042916880999464,6.011993114659257,-0.030923766340206882,2
695,5.730286099365218,6.315970345456917,0.5856842460916996,6
696,6.625412690631379,6.418301291319746,-0.20711139931163292,8
697,6.43016394314045,6.301029995663981,-0.12913394747646834,7
698,4.845228783542242,6.079181246047625,1.2339524625053828,9
699,6.15477828740331,6.544068044350276,0.3892897569469653,10
700,6.4024942193521195,6.176091259055681,-0.22640296029643814,3
701,6.286842053703847,6.342422680822207,0.05558062711835987,3
702,6.0969799018802595,6.57978359661681,0.4828036947365506,10
703,6.226164796205535,6.0,-0.2261647962055351,8
704,6.084943023719209,6.313593064521326,0.22865004080211726,4
705,6.281309605236025,6.079181246047625,-0.2021283591884,2
706,6.25162652556423,5.623249290397901,-0.6283772351663295,1
707,6.112852278997139,6.033423755486949,-0.07942852351018992,4
708,5.996171950190316,6.6020599913279625,0.6058880411376464,7
709,5.406933712049784,6.36005731412298,0.9531236020731964,9
710,6.242894538821628,6.26142703676955,0.018532497947922444,1
711,6.047765423922226,6.124634624019139,0.07686920009691267,5
712,6.085482965541799,6.363611979892144,0.27812901435034476,5
713,6.108828078059979,5.707570176097937,-0.40125790196204214,7
714,6.082289329985363,6.32221929473392,0.23992996474855754,3
715,6.1503515747076785,6.600972895686748,0.45062132097906993,4
716,5.843605910244483,5.9954289654317074,0.15182305518722483,6
717,6.177273497112335,6.193124598354461,0.015851101242126298,7
718,6.028236343824324,5.45075702813707,-0.5774793156872544,5
719,5.990299071835301,6.283301228703549,0.2930021568682486,10
720,6.210929324058662,4.380211241711606,-1.8307180823470555,1
721,6.215444008545661,6.230448921378274,0.015004912832613293,4
722,5.9595502954205175,6.278753600952829,0.31920330553231135,3
723,5.4164179579899585,5.599883072073688,0.18346511408372912,7
724,5.24821735634147,4.153204900084284,-1.0950124562571855,1
725,5.1651712265728245,7.498310553789601,2.3331393272167764,10
726,6.69320084603111,6.357934847000454,-0.3352659990306561,8
727,5.836780065400685,4.963787827345556,-0.8729922380551294,1
728,6.013150382321516,6.220108088040055,0.20695770571853878,7
729,5.620423716470138,7.4954055631461936,1.8749818466760555,10
730,5.5908757971161025,6.096910013008056,0.5060342158919537,5
731,6.197214220951507,5.149834696715785,-1.0473795242357218,7
732,6.058974034983429,6.0,-0.05897403498342868,7
733,5.886846940554804,5.939808685806208,0.052961745251403514,6
734,6.338900136265189,5.888179493918325,-0.45072064234686415,7
735,6.266671026511585,6.060697840353612,-0.20597318615797278,7
736,6.170149421872444,5.814394112097142,-0.3557553097753017,1
737,6.076744076952193,6.060932673519882,-0.01581140343231091,6
738,6.099981535254747,6.167317334748176,0.06733579949342872,7
739,6.676823457648232,6.298853076409706,-0.37797038123852555,7
740,5.88850703352073,6.079181246047625,0.1906742125268952,8
741,5.80640802662705,5.663700925389648,-0.14270710123740216,3
742,5.161004164731853,6.004321373782642,0.843317209050789,10
743,5.81969477852575,6.222716471147583,0.4030216926218335,3
744,5.752832864429385,6.079181246047625,0.3263483816182404,4
745,5.0589654119393925,5.786751422145561,0.7277860102061684,5
746,5.6286557030876105,6.176091259055681,0.5474355559680708,6
747,6.156437456233255,6.079181246047625,-0.07725621018563,10
748,6.144108738126252,5.995196291597179,-0.14891244652907254,9
749,6.113842445612652,6.079181246047625,-0.03466119956502656,9
750,6.020294984781815,6.0,-0.020294984781815018,7
751,6.003508488129994,6.015359755409214,0.011851267279220146,9
752,5.378798654951579,5.5301996982030825,0.1514010432515036,2
753,5.784735753137367,6.0,0.2152642468626329,7
754,5.647606547975334,6.330413773349191,0.6828072253738569,2
755,5.970562982246293,5.607455023214668,-0.36310795903162507,4
756,5.908232022517258,6.103461622094705,0.19522959957744668,3
757,5.679694126893685,6.024731889655249,0.3450377627615637,3
758,6.051547389060262,4.711807229041191,-1.3397401600190708,8
759,5.894688806074924,5.824054205231849,-0.07063460084307494,4
760,5.428817500722512,6.301029995663981,0.8722124949414694,7
761,6.142754302564808,6.188647295999718,0.04589299343490971,8
762,6.172089398755466,6.977723605288848,0.8056342065333819,6
763,5.8594961392283365,6.0,0.14050386077166355,10
764,6.064620082533308,4.103803720955957,-1.9608163615773506,3
765,6.213477157797381,6.720572720364261,0.5070955625668807,1
766,5.862540272498814,6.103803720955957,0.24126344845714343,10
767,6.238922682282475,6.0,-0.2389226822824746,4
768,6.105278615341905,6.0,-0.10527861534190475,8
769,5.99619969287826,5.342422680822207,-0.6537770120560538,10
770,5.789585917652976,6.079181246047625,0.2895953283946495,6
771,5.886903243083123,6.278753600952829,0.3918503578697061,6
772,6.052502239754429,6.414973347970818,0.36247110821638895,2
773,5.903536883212717,5.77451696572855,-0.1290199174841673,8
774,5.403891927601318,6.377124042346456,0.9732321147451382,2
775,6.0105833932369865,5.93801909747621,-0.07256429576077661,10
776,5.398567392992957,6.0,0.6014326070070428,10
777,5.565401181789276,6.332236415491443,0.7668352337021673,4
778,5.643384332449566,6.176091259055681,0.5327069266061155,6
779,5.83682478676357,6.165244326125311,0.3284195393617413,10
780,6.546354208992773,6.969415912353981,0.4230617033612081,2
781,5.987074803993545,6.447158031342219,0.46008322734867413,1
782,6.096303390108509,6.72916478969277,0.6328613995842609,1
783,6.44798178123074,6.3979400086720375,-0.05004177255870257,7
784,6.31292089479396,6.4269989587565375,0.11407806396257758,8
785,6.269690544721107,4.778151250383644,-1.4915392943374632,2
786,6.074122887308374,6.380211241711606,0.306088354403232,2
787,5.999626301792288,6.3979400086720375,0.3983137068797493,1
788,5.569888005008556,3.556302500767288,-2.013585504241268,6
789,5.960875219908866,6.633468455579586,0.6725932356707203,8
790,6.039466388909983,6.243038048686294,0.2035716597763111,8
791,6.025574557132543,6.187520720836463,0.16194616370391923,10
792,5.206458957299564,6.176091259055681,0.9696323017561177,2
793,5.884391025790561,4.770852011642144,-1.113539014148417,5
794,6.17064953880495,6.3979400086720375,0.22729046986708745,10
795,5.994795632039142,6.419955748489758,0.42516011645061624,9
796,5.9695701684613285,6.819543935541868,0.8499737670805398,6
797,6.1144749276645936,5.128399268717806,-0.9860756589467874,9
798,6.040040896791895,4.948070481518941,-1.0919704152729546,2
799,5.786662141054837,6.4679039465228,0.6812418054679634,6
800,6.827747929872368,6.284656282788515,-0.5430916470838527,9
801,5.922364134862929,6.556302500767287,0.633938365904358,8
802,6.000088061482492,4.858537197569639,-1.1415508639128529,5
803,5.58077635094731,5.230448921378274,-0.3503274295690355,5
804,5.572410305050022,4.728028954420519,-0.8443813506295035,10
805,5.685618946611919,4.0,-1.6856189466119194,10
806,6.041691678543459,6.049218022670182,0.007526344126723039,1
807,5.448348181759706,4.826074802700826,-0.6222733790588801,2
808,4.878953754361468,5.760422483423212,0.8814687290617442,3
809,4.778602030712023,4.041392685158225,-0.737209345553798,1
810,5.403307288077776,5.00987563371216,-0.39343165436561556,5
811,5.713523284106755,5.02938377768521,-0.6841395064215456,1
812,5.516826826474795,5.544811911757776,0.027985085282980826,5
813,5.381784879319575,5.041392685158225,-0.3403921941613497,3
814,5.48257438783069,5.61066016308988,0.12808577525918974,7
815,4.9317566285310654,5.045322978786658,0.11356635025559214,10
816,4.930805345916515,4.0178677189635055,-0.9129376269530098,5
817,4.560013988982623,5.96189547366785,1.4018814846852274,1
818,3.719506833351087,4.022428371185487,0.30292153783440057,2
819,5.631796414581914,4.468347330412158,-1.1634490841697565,1
820,5.987140481484665,5.748188027006201,-0.23895245447846403,1
821,4.912112250955436,4.389095173354185,-0.5230170776012502,9
822,4.710692884929387,4.17897694729317,-0.5317159376362177,8
823,5.778995319101829,5.781036938621132,0.0020416195193035946,7
824,4.74727771498408,4.0,-0.7472777149840804,6
825,5.851488939913407,4.812913356642856,-1.0385755832705517,7
826,5.053520570817716,5.68930885912362,0.6357882883059034,6
827,5.782621119251244,5.851258348719076,0.06863722946783213,8
828,5.465146625670538,5.189209489582306,-0.2759371360882321,7
829,5.150672344120218,4.049218022670182,-1.1014543214500359,2
830,5.556723833953312,4.7160033436348,-0.8407204903185113,8
831,4.899861707183583,6.763427993562937,1.8635662863793536,10
832,5.556167888635203,3.832508912706236,-1.7236589759289669,5
833,6.055077383021333,5.079181246047625,-0.9758961369737076,8
834,4.878953754361468,3.4771212547196626,-1.401832499641805,3
835,5.098222435714097,5.285557309007774,0.18733487329367726,9
836,5.381103239620924,6.2552725051033065,0.874169265482382,4
837,5.5423216448441694,4.845098040014257,-0.6972236048299125,8
838,5.376333622016749,6.079181246047625,0.7028476240308761,5
839,4.548838025621887,4.4048337166199385,-0.14400430900194827,4
840,5.945480372038125,4.79982283099332,-1.1456575410448044,10
841,5.181003712523975,6.698970004336019,1.5179662918120433,4
842,4.823150302960608,3.494154594018443,-1.328995708942165,2
843,5.589937253930586,6.079181246047625,0.4892439921170393,3
844,5.740945064533271,4.017033339298781,-1.7239117252344904,1
845,5.022168302288489,4.544068044350276,-0.4781002579382134,2
846,4.70722058265767,3.342422680822206,-1.364797901835464,1
847,3.221389599058861,4.1027766148834415,0.8813870158245805,6
848,4.712671070213018,3.9190780923760737,-0.7935929778369442,7
849,5.2084971301474265,6.0,0.7915028698525735,6
850,5.360495905649135,5.7363965022766426,0.37590059662750797,7
851,5.386521724300253,4.562173863364649,-0.8243478609356041,8
852,5.5745155606226975,4.445604203273597,-1.1289113573491,6
853,5.345426260289883,5.477121254719663,0.13169499442977983,8
854,5.541355129166115,5.064457989226918,-0.47689713993919725,9
855,5.6203962631252535,7.176091259055681,1.5556949959304278,4
856,5.775451878939271,6.041392685158225,0.26594080621895433,10
857,6.193851280131996,5.541579243946581,-0.6522720361854155,6
858,5.279811871679388,4.994317152669637,-0.2854947190097512,6
859,5.468903111679539,5.079181246047625,-0.38972186563191347,3
860,4.681095589104833,4.54282542695918,-0.13827016214565369,10
861,5.482168371750204,6.477121254719663,0.9949528829694589,2
862,5.4112612066794386,5.571708831808688,0.16044762512924926,6
863,6.069822118086524,6.633468455579586,0.5636463374930623,10
864,6.341051772672614,6.363047594521094,0.02199582184847948,4
865,4.492691055522997,4.212187604403958,-0.2805034511190385,2
866,5.109959632790847,4.972619339059624,-0.13734029373122336,8
867,4.701992873611261,6.079181246047625,1.3771883724363638,5
868,4.488980876792667,5.073791642808014,0.5848107660153472,7
869,5.682751481130892,4.704853744566289,-0.9778977365646035,6
870,4.468463013221566,5.518513939877887,1.0500509266563212,10
871,4.2758712214922205,4.953663063747091,0.6777918422548703,10
872,5.965120052438383,4.792391689498253,-1.1727283629401306,7
873,4.858920550217236,4.117271295655764,-0.7416492545614712,1
874,5.390325849899248,6.3979400086720375,1.0076141587727898,1
875,4.58698006444775,4.568201724066995,-0.018778340380754877,7
876,4.7652634883104215,4.357172257723033,-0.40809123058738805,8
877,5.436042093186615,5.089905111439398,-0.3461369817472173,9
878,4.871781479253038,4.683947130751513,-0.18783434850152503,10
879,5.465671045678777,5.903089986991944,0.43741894131316705,1
880,5.080667431615923,5.390122251506701,0.30945481989077805,9
881,5.776424589987398,5.477121254719663,-0.29930333526773545,2
882,6.170696891728806,6.4623979978989565,0.29170110617015066,7
883,6.324019178723294,4.76789761601809,-1.5561215627052034,9
884,4.366472761472759,4.743509764728429,0.37703700325566913,7
885,3.934372560824403,4.643452676486188,0.7090801156617847,7
886,4.89019694987742,5.811709026696192,0.9215120768187726,4
887,5.0062462404699986,4.887054378050957,-0.11919186241904178,4
888,5.07336592415782,3.857332496431269,-1.2160334277265514,3
889,3.5581587058066493,3.792391689498254,0.2342329836916046,1
890,4.41492996473878,3.763427993562937,-0.6515019711758434,7
891,3.945030217738046,3.544068044350276,-0.40096217338776974,10
892,4.246357846527735,3.9242792860618816,-0.32207856046585315,2
893,5.418796092661232,6.3979400086720375,0.9791439160108055,2
894,4.003956072639226,4.382017042574868,0.37806096993564253,7
895,5.294379923280932,6.079181246047625,0.7848013227666932,8
896,5.731463952998168,5.658011396657113,-0.07345255634105552,9
897,4.876929999839793,3.8790958795000727,-0.9978341203397201,10
898,4.9222727350921005,6.079181246047625,1.1569085109555246,2
899,4.543018336765667,4.495544337546448,-0.04747399921921858,5
900,4.6418304680120945,6.102135154272175,1.4603046862600806,3
901,4.271543737308814,5.176091259055681,0.904547521746867,6
902,5.0409442277095895,3.462397997898956,-1.5785462298106334,8
903,5.5727261729780535,6.049218022670182,0.47649184969212843,3
904,4.7294551951659445,4.303196057420489,-0.4262591377454559,3
905,3.813287491782914,3.6989700043360174,-0.1143174874468964,2
906,5.162098533171612,4.817565369559781,-0.34453316361183095,4
907,4.948732815023462,5.505149978319906,0.5564171632964445,5
908,4.7147086200985076,4.3979400086720375,-0.31676861142647006,7
909,5.202454452123562,4.721810615212546,-0.48064383691101575,6
910,3.959609974171652,4.505149978319906,0.5455400041482541,4
911,3.7688052513368113,3.2380461031287955,-0.5307591482080158,8
912,4.325374324424281,4.5910646070265,0.26569028260221916,7
913,3.8847460642829637,4.8221680793680175,0.9374220150850539,9
914,4.981133262621893,3.230448921378274,-1.7506843412436188,2
915,4.450542863613389,2.6020599913279625,-1.8484828722854267,3
916,4.343890642838211,3.008600171761917,-1.335290471076294,2
917,6.1639350926324745,5.949390006644912,-0.21454508598756217,5
918,3.8483446771509415,6.778151250383644,2.9298065732327023,6
919,6.443451574076862,7.0,0.5565484259231379,7
920,6.338660429896521,5.331589240955137,-1.0070711889413841,8
921,5.046703355029463,5.176091259055681,0.1293879040262187,2
922,6.340405482446266,6.170555058521209,-0.16985042392505711,5
923,5.795392069312155,6.146128035678238,0.3507359663660834,6
924,6.413797495505079,5.982271233039568,-0.4315262624655114,7
925,5.712408062533216,6.209246848753374,0.49683878622015776,3
926,6.533035420948871,5.750045312011768,-0.7829901089371036,4
927,6.154189599250265,5.401055725771844,-0.7531338734784212,8
928,6.486264940131325,6.419129307741976,-0.06713563238934928,9
929,6.3172888475294995,6.380211241711606,0.06292239418210688,10
930,6.246400548159226,6.505149978319906,0.2587494301606803,3
931,5.763792603974287,6.204119982655925,0.44032737868163796,6
932,5.884159694464449,4.939019776448666,-0.9451399180157827,4
933,5.6052932346426285,4.79309160017658,-0.8122016344660485,7
934,5.491637154667922,6.32221929473392,0.8305821400659985,7
935,6.363537452554584,6.382017042574868,0.01847959002028432,8
936,6.251265714819551,6.366982975977851,0.1157172611582995,4
937,5.8726358676579915,6.176091259055681,0.30345539139768984,2
938,5.69781074088446,6.535863520712453,0.8380527798279926,3
939,5.451741734112949,5.924279286061882,0.47253755194893277,3
940,6.044182092845452,6.062205808819713,0.018023715974260668,1
941,6.056381632290601,6.0,-0.056381632290601225,6
942,6.25670208364024,6.12057393120585,-0.1361281524343907,2
943,5.161640194825955,4.66661156841903,-0.495028626406925,5
944,6.2860699728581375,7.0178677189635055,0.731797746105368,4
945,5.986554636226615,6.079181246047625,0.09262660982100979,7
946,5.499103925374624,6.567144045195657,1.068040119821033,5
947,6.110378999316974,5.414973347970818,-0.6954056513461557,7
948,6.291561581499946,6.021189299069938,-0.27037228243000744,5
949,5.949403511015351,6.517195897949974,0.5677923869346229,4
950,5.953082535544068,5.934498451243568,-0.018584084300499626,2
951,5.801193566698905,6.32221929473392,0.5210257280350152,9
952,6.2430462174087,6.301029995663981,0.05798377825528167,6
953,5.273038086440902,6.531478917042255,1.2584408306013533,7
954,5.987823622791646,6.003115717099806,0.015292094308160031,9
955,5.698996341322309,6.3979400086720375,0.6989436673497282,10
956,3.922883841073279,3.9242792860618816,0.0013954449886024456,9
957,4.957424738564864,4.597826770377936,-0.3595979681869279,10
958,4.522588277563548,3.42845877351558,-1.094129504047968,7
959,6.144399795607133,6.4623979978989565,0.3179982022918235,8
960,6.245686782203192,6.898664858722267,0.6529780765190747,10
961,5.656266647922036,5.847276448275631,0.19100980035359516,8
962,5.750305503154679,5.44178936653435,-0.3085161366203284,1
963,5.791723283946072,4.530839778616521,-1.2608835053295513,2
964,5.2684259920713865,6.607455023214668,1.3390290311432818,4
965,6.10366042706661,4.440909082065217,-1.6627513450013929,5
966,6.143433214120576,5.596597095626461,-0.5468361184941157,6
967,5.477215606232561,4.275080898456858,-1.202134707775703,7
968,5.377138727272844,5.110589710299249,-0.26654901697359534,6
969,6.088613825609,5.041392685158225,-1.047221140450775,7
970,5.862235286094315,7.0,1.1377647139056846,7
971,6.200701694712332,5.998808399880894,-0.2018932948314376,8
972,5.632649571638906,7.602059991327962,1.9694104196890558,9
973,6.47701899186783,5.653212513775344,-0.8238064780924859,5
974,5.189607893392204,5.0,-0.1896078933922043,6
975,5.499906632615296,4.661812685537261,-0.8380939470780353,10
976,5.852911865676687,6.7160033436348,0.8630914779581129,5
977,5.583961831408791,6.939519252618618,1.3555574212098271,7
978,5.211282996266391,4.249027052547187,-0.962255943719204,1
979,3.2213263098276843,1.6334684555795864,-1.5878578542480979,4
980,3.0310472216681044,2.182300499593339,-0.8487467220747655,8
981,5.284631467093495,4.008600171761918,-1.2760312953315767,9
982,5.881653892275099,5.400710636773232,-0.48094325550186756,5
983,5.785995333438381,6.078819183098848,0.2928238496604676,2
984,5.94707553722525,4.736149402104994,-1.210926135120256,4
985,5.556153145483859,6.0,0.44384685451614114,4
986,5.114654039691416,4.821840927200454,-0.2928131124909621,2
987,5.3576797006188706,5.648360010980932,0.29068031036206143,4
988,6.011812365981274,6.3979400086720375,0.38612764269076383,5
989,5.828501720228163,7.217483944213907,1.3889822239857441,6
990,6.131178164277474,5.050147658020303,-1.0810305062571706,3
991,4.025542372450667,3.959041392321093,-0.0665009801295744,8
992,4.80786464736818,6.477121254719663,1.6692566073514827,8
993,6.198468294717284,7.544068044350276,1.3455997496329912,3
994,4.394903341390145,6.079181246047625,1.6842779046574803,5
995,4.78033963739751,6.146128035678238,1.3657883982807277,10
996,5.666524361217013,5.146128035678238,-0.5203963255387745,8
997,5.859874284803474,5.534026106056135,-0.3258481787473384,4
998,5.8382380528930895,7.434568904034199,1.5963308511411096,3
999,4.959609538583169,5.826074802700826,0.8664652641176573,6
1000,5.586225229207313,6.401400540781544,0.8151753115742304,2
1001,5.192182817441204,6.079181246047625,0.8869984286064208,2
1002,5.923462689297129,5.021189299069938,-0.9022733902271911,8
1003,5.225789315181825,5.604118006192035,0.3783286910102097,8
1004,5.585072055116504,4.124504224834283,-1.460567830282221,3
1005,5.001042593155084,3.5575072019056577,-1.4435353912494264,5
1006,4.850613175842782,2.9542425094393248,-1.8963706664034574,6
1007,4.057082406600583,3.942008053022313,-0.11507435357826967,5
1008,5.791233927123175,3.5118833609788744,-2.2793505661443003,8
1009,5.490425270353655,6.621974524899735,1.13154925454608,6
1010,6.067418793133213,5.423360578084977,-0.6440582150482363,3
1011,5.7180448074475,5.6776069527204935,-0.04043785472700634,8
1012,4.930736636091575,6.0,1.0692633639084246,9
1013,6.229441127733459,6.146128035678238,-0.08331309205522075,1
1014,5.9915916312479345,6.161846959528519,0.1702553282805841,9
1015,6.391509624638716,6.079181246047625,-0.31232837859109086,8
1016,4.331303354669111,3.103803720955957,-1.2274996337131543,10
1017,5.461570364334049,7.244277120801843,1.7827067564677934,10
1018,6.259298647474499,7.08278537031645,0.8234867228419507,2
1019,6.381661102774144,6.133538908370218,-0.24812219440392624,8
1020,5.386659611882008,6.778151250383644,1.3914916385016358,10
1021,5.461570364334049,7.57978359661681,2.118213232282761,10
1022,5.584873566284502,5.27415784926368,-0.31071571702082235,3
1023,4.619743894843983,5.342422680822207,0.722678785978224,4
1024,4.563908880340168,5.826074802700826,1.2621659223606576,7
1025,5.489332049867123,4.359835482339888,-1.1294965675272346,10
1026,6.304918933064966,6.763427993562937,0.45850906049797047,1
1027,4.881294225270398,5.832508912706237,0.9512146874358383,4
1028,4.8877304676731255,3.871164132802949,-1.0165663348701766,10
1029,5.759757429991091,5.426023015689876,-0.3337344143012153,5
1030,6.051278847334695,8.229681842317676,2.1784029949829815,7
1031,6.051278847334695,8.229681842317676,2.1784029949829815,7
1032,6.485373491315059,8.414973347970818,1.9295998566557593,7
1033,3.1339013757009044,4.515343893088381,1.3814425173874763,5
1034,1.8421861522150262,1.6989700043360187,-0.1432161478790075,3
1035,3.927543498954894,4.431363764158987,0.5038202652040931,7
1036,4.903383814309135,5.406540180433956,0.5031563661248217,2
1037,5.838748547324182,6.400365273349939,0.5616167260257567,3
1038,5.141850463595995,6.301029995663981,1.159179532067986,10
1039,4.432029808101418,4.845098040014257,0.41306823191283915,8
1040,5.0225654534408495,3.845098040014257,-1.1774674134265926,4
1041,4.349919064696563,4.845098040014257,0.4951789753176943,4
1042,4.796926708507728,6.707570176097937,1.9106434675902086,7
1043,4.183018954181156,6.386677283960838,2.2036583297796817,1
1044,5.3414428029867675,5.664641975556125,0.3231991725693577,10
1045,4.901466964806875,4.342225229360791,-0.5592417354460846,9
1046,4.445634474150629,5.672097857935717,1.226463383785088,2
1047,2.6010114488171454,3.083502619830268,0.4824911710131228,5
1048,3.881951680431204,3.3014640731433,-0.5804876072879042,7
1049,6.167751097746588,5.987634987448437,-0.180116110298151,2
1050,6.300591992151149,6.506505032404872,0.2059130402537237,1
1051,6.024609826584471,6.068185861746161,0.043576035161690285,10
1052,5.807616992467483,5.509202522331103,-0.2984144701363798,7
1053,6.022167334331339,5.673020907128897,-0.3491464272024425,5
1054,6.24725080415944,5.892094602690481,-0.3551562014689589,6
1055,6.231330711437061,5.673020907128897,-0.5583098043081645,6
1056,5.559196184107064,6.207095540419218,0.6478993563121538,10
1057,5.877884696929209,4.176091259055681,-1.701793437873528,4
1058,6.220329272005203,5.146128035678238,-1.0742012363269646,4
1059,5.88698337623686,6.533517862016968,0.6465344857801076,9
1060,5.853475038956839,4.4623979978989565,-1.3910770410578825,9
1061,6.029162046475827,5.0,-1.029162046475827,3
1062,6.326443639739544,6.152288344383057,-0.17415529535648755,8
1063,5.614441757622539,5.238522812218293,-0.375918945404246,6
1064,6.010951987119332,5.639486489268586,-0.3714654978507461,10
1065,6.013150382321516,5.672097857935717,-0.34105252438579914,7
1066,5.943195434771973,6.176091259055681,0.23289582428370803,8
1067,5.221408010106284,5.774838005983815,0.5534299958775311,6
1068,5.3993039856752505,4.681241237375588,-0.7180627482996629,2
1069,5.452546496016713,4.017033339298781,-1.4355131567179322,8
1070,5.142863166118157,6.123165370902919,0.9803022047847625,8
1071,5.961359781503425,6.835500327867319,0.8741405463638934,10
1072,5.782226016623502,6.078819183098848,0.29659316647534606,8
1073,4.495796152661101,3.633468455579586,-0.8623276970815148,5
1074,5.232799636577597,6.278753600952829,1.045953964375232,6
1075,5.7996247155268925,3.819872821950546,-1.9797518935763465,1
1076,5.8676959824512345,6.32221929473392,0.45452331228268594,10
1077,5.6793743930358245,5.737272176535544,0.05789778349971986,8
1078,5.706413458065167,3.886490725172482,-1.8199227328926848,1
1079,5.02514153949669,5.797267540830717,0.7721260013340272,6
1080,5.706064106161036,5.371067862271736,-0.33499624388930016,6
1081,5.2309588198095165,5.647715410691554,0.41675659088203787,8
1082,5.602020320316878,4.872738827472669,-0.7292814928442093,10
1083,5.888661589007966,7.332438459915605,1.443776870907639,4
1084,3.771317915279421,3.096910013008056,-0.6744079022713652,6
1085,6.268547176615934,5.146128035678238,-1.122419140937696,6
1086,5.620423716470138,7.4271224218663345,1.8066987053961965,10
1087,5.586307485018332,5.0,-0.5863074850183319,2
1088,5.866304963808177,7.860936620700094,1.994631656891917,6
1089,5.641212209948039,5.174931593528442,-0.4662806164195965,3
1090,6.620913980289204,8.09642333059527,1.4755093503060657,5
1091,6.139182094075838,6.021189299069938,-0.11799279500589943,4
1092,5.654188206833725,5.729326809646861,0.07513860281313622,8
1093,5.322674276289638,5.346352974450639,0.023678698161000433,5
1094,5.63733823824144,5.149527013754348,-0.4878112244870918,4
1095,5.0895795563519854,5.2552725051033065,0.165692948751321,10
1096,5.731240178905271,6.176091259055681,0.44485108015041064,3
1097,4.449822473001557,5.301029995663981,0.851207522662424,7
1098,2.7418043680309094,2.6989700043360187,-0.04283436369489069,7
1099,0.8824063903197382,3.0791812460476247,2.1967748557278863,8
1100,3.9304987391985087,2.615529223637133,-1.3149695155613759,6
1101,4.1863151403328365,2.650501794878367,-1.5358133454544696,5
1102,3.898834537810215,2.630427875025024,-1.2684066627851909,3
1103,4.81693663300248,3.556302500767288,-1.2606341322351917,1
1104,2.48680193674537,2.9912260756924947,0.5044241389471247,10
1105,3.6195832690873004,2.9474337218870508,-0.6721495472002497,3
1106,3.2334053462871024,3.4885507165004443,0.25514537021334194,6
1107,3.637848013853632,3.510545010206612,-0.12730300364701996,4
1108,3.5723951924963573,2.419955748489758,-1.1524394440065993,4
1109,5.200202156553266,5.278753600952829,0.07855144439956252,9
1110,5.788362435090927,6.004321373782642,0.21595893869171512,4
1111,5.3576797006188706,6.176091259055681,0.8184115584368108,4
1112,5.288995624460738,5.008600171761918,-0.28039545269882016,4
1113,6.06556132938081,5.819543935541868,-0.24601739383894206,1
1114,5.662643957201338,5.600972895686748,-0.061671061514589454,1
1115,6.114651634193451,6.4623979978989565,0.3477463637055056,8
1116,2.9024617433312914,2.886490725172482,-0.015971018158809525,3
1117,6.457896195355306,6.3979400086720375,-0.05995618668326852,7
1118,5.991523112151013,6.3979400086720375,0.40641689652102464,7
1119,6.2099603693847865,6.246498580795801,0.03653821141101421,8
1120,6.222597387674553,5.286613631657004,-0.9359837560175492,4
1121,5.961275228893521,6.079181246047625,0.11790601715410443,5
1122,4.917926056664288,3.886490725172482,-1.031435331491806,9
1123,5.4588309714511105,5.698970004336019,0.24013903288490823,10
1124,5.892192990745902,5.704150516839799,-0.18804247390610307,5
1125,5.753942429751283,5.260071387985075,-0.4938710417662078,2
1126,5.707177598173633,5.738066714777469,0.030889116603836086,10
1127,6.350086456238769,6.146128035678238,-0.20395842056053048,8
1128,5.323274737214813,4.477121254719663,-0.8461534824951507,7
1129,5.8646238220986415,6.278753600952829,0.41412977885418734,10
1130,6.129746063795096,6.365487984890899,0.23574192109580316,10
1131,6.039339854060156,6.447158031342219,0.4078181772820635,6
1132,5.994540829340755,6.0,0.005459170659245061,3
1133,6.020716435782568,6.3979400086720375,0.37722357288946906,4
1134,4.937172477264533,5.938919812244772,1.001747334980239,1
1135,6.0206966161210955,5.484299839346786,-0.5363967767743096,9
1136,5.759142755886007,7.301029995663981,1.5418872397779744,9
1137,5.986487430864188,5.954242509439325,-0.032244921424863016,5
1138,5.295733375223639,6.6020599913279625,1.3063266161043234,1
1139,6.608323712889784,6.972202838379064,0.36387912548928014,8
1140,5.868970876389643,6.301029995663981,0.4320591192743386,7
1141,6.1257175429702775,6.248267603534647,0.1225500605643699,8
1142,6.299766558437892,6.380211241711606,0.08044468327371401,1
1143,6.200179699442092,6.301029995663981,0.10085029622188912,9
1144,6.132422783426787,6.32221929473392,0.18979651130713382,3
1145,6.372230160153384,6.380211241711606,0.007981081558222414,3
1146,6.262063179752181,6.380211241711606,0.11814806195942573,2
1147,6.0993322351735815,5.603198520676098,-0.4961337144974838,9
1148,6.195804919755091,6.32221929473392,0.1264143749788298,8
1149,5.960189555202283,6.017033339298781,0.05684378409649771,4
1150,6.438539814635164,6.197831693328903,-0.24070812130626162,8
1151,6.154840487349676,6.171480722621874,0.016640235272197934,1
1152,6.263453719006826,7.105510184769974,0.8420564657631484,10
1153,5.816627638829026,6.373095987078727,0.5564683482497017,9
1154,5.684042881673914,5.419955748489758,-0.2640871331841561,10
1155,5.851828781222491,6.332438459915605,0.48060967869311355,2
1156,5.9961959269211995,6.079181246047625,0.0829853191264256,2
1157,6.063493154983278,5.124830149413859,-0.9386630055694187,1
1158,6.067677988510575,6.486146996806573,0.41846900829599765,9
1159,6.814808405725405,6.174931593528442,-0.6398768121969622,2
1160,6.694455694113607,5.886490725172482,-0.8079649689411248,2
1161,6.032767881757334,5.725911632295048,-0.3068562494622853,7
1162,6.638761686302534,5.413132050434872,-1.2256296358676613,10
1163,6.987604938138864,7.292256071356476,0.3046511332176127,1
1164,6.346385197227684,6.698970004336019,0.35258480710833506,3
1165,6.302123206965855,7.519827993775719,1.2177047868098638,6
1166,7.560357863829016,7.188037055006895,-0.3723208088221215,8
1167,6.704626771873222,8.071882007306126,1.3672552354329035,4
1168,6.210506064861957,5.982271233039568,-0.22823483182238924,6
1169,6.81613005293065,6.973127853599698,0.156997800669048,2
1170,6.24910815336916,6.077731179652392,-0.17137697371676808,3
1171,6.492332001539613,6.3979400086720375,-0.0943919928675756,9
1172,7.184628603887881,7.294466226161593,0.1098376222737123,1
1173,6.75118713976741,7.333648756514701,0.5824616167472909,2
1174,6.525166672527138,7.793755472155577,1.2685887996284393,5
1175,6.885994255193907,6.087071205906535,-0.7989230492873718,1
1176,6.525166672527138,6.0,-0.5251666725271376,5
1177,6.711986447443514,6.544068044350276,-0.16791840309323813,4
1178,6.844486782843684,7.845098040014257,1.000611257170573,1
1179,6.378014457387022,7.301029995663981,0.9230155382769594,1
1180,6.075484499744761,6.975431808509263,0.899947308764502,10
1181,6.69350723721098,6.184691430817598,-0.5088158063933816,4
1182,6.139228815368445,6.281033367247727,0.14180455187928231,2
1183,6.43951138465637,5.012837224705172,-1.4266741599511983,9
1184,6.460389064285585,7.735997884091794,1.2756088198062088,10
1185,6.799719049818404,5.301029995663981,-1.4986890541544229,1
1186,6.860216013871971,6.618633737597086,-0.24158227627488582,9
1187,6.661547331347234,7.665017825412472,1.0034704940652386,3
1188,7.252968562197997,6.361727836017593,-0.8912407261804036,3
1189,6.70321352968515,6.886490725172482,0.18327719548733246,5
1190,6.692278633093067,7.477121254719663,0.7848426216265958,4
1191,6.707463241772024,6.079181246047625,-0.6282819957243992,2
1192,6.556091514901799,6.744918542441353,0.1888270275395545,2
1193,6.450691085794028,5.2455126678141495,-1.2051784179798783,3
1194,6.549110434870344,6.698970004336019,0.1498595694656748,9
1195,6.63239732737853,7.174234304941022,0.5418369775624923,8
1196,6.400205076597469,6.047140468477217,-0.35306460812025264,7
1197,6.118675358548571,5.628388930050312,-0.4902864284982593,1
1198,6.406778890489769,7.204119982655925,0.7973410921661559,7
1199,7.131106930586655,6.900312496983727,-0.23079443360292817,8
1200,3.2424525221737395,6.0,2.7575474778262605,2
1201,5.579921275791469,4.041392685158225,-1.538528590633244,6
1202,6.635386585713375,5.352240420182231,-1.2831461655311438,6
1203,6.238903105147325,6.0,-0.23890310514732516,5
1204,6.23142965113156,6.3807537708039,0.1493241196723405,3
1205,5.733347221417642,6.07700432679335,0.3436571053757085,4
1206,6.03372160956306,6.252124552505644,0.21840294294258378,4
1207,5.977448697025039,6.006037954997317,0.028589257972277515,9
1208,6.005294537124358,5.913018683747961,-0.09227585337639699,6
1209,5.94866977143733,5.742725131304698,-0.20594464013263192,5
1210,5.829368088624427,4.845098040014257,-0.9842700486101696,6
1211,6.218468613647888,5.857030798272624,-0.36143781537526376,2
1212,5.58419381090924,6.078094150406411,0.4939003394971708,6
1213,6.480600692122743,6.382233234970556,-0.09836745715218687,8
1214,6.084699756073693,6.093421685162235,0.008721929088541636,8
1215,6.123815033766341,5.78625439578978,-0.3375606379765612,10
1216,5.49334424279138,5.963787827345556,0.47044358455417523,7
1217,5.529253800218013,6.093421685162235,0.5641678849442213,4
1218,6.395191600638573,4.88309335857569,-1.5120982420628835,9
1219,5.280383665070382,5.123851640967086,-0.15653202410329659,8
1220,5.997367989888244,6.176091259055681,0.17872326916743742,5
1221,5.289399718575303,3.3010299956639813,-1.9883697229113215,4
1222,6.0316546174043975,6.392978186542541,0.36132356913814334,5
1223,6.366403740130189,6.463445031770428,0.097041291640239,8
1224,6.147034964315323,5.0,-1.1470349643153233,9
1225,5.2453554995872,6.544068044350276,1.2987125447630756,3
1226,6.0610554613924315,6.75427186868346,0.693216407291029,2
1227,6.08160324849027,6.152288344383057,0.07068509589278715,2
1228,5.568369067781696,6.079181246047625,0.5108121782659287,1
1229,5.55609391719204,6.544068044350276,0.9879741271582354,3
1230,6.0759569282438575,5.850033257689769,-0.22592367055408857,1
1231,6.2633730018882865,5.187520720836463,-1.0758522810518238,7
1232,6.29482303371539,6.432327792261604,0.13750475854621413,1
1233,6.385349354824059,6.776701183988411,0.3913518291643525,6
1234,6.083644351691974,5.02938377768521,-1.054260574006764,7
1235,6.025054482284357,6.360404054729939,0.3353495724455815,7
1236,5.750033226838409,6.176091259055681,0.4260580322172727,2
1237,5.571500926636763,5.787318756624548,0.21581782998778465,4
1238,5.471341333613567,3.89209460269048,-1.5792467309230869,10
1239,4.038696641194991,4.096910013008056,0.05821337181306507,6
1240,4.173876429917322,3.404833716619938,-0.769042713297384,6
1241,5.641886336278652,5.816506437046357,0.1746201007677044,10
1242,5.50125404419741,4.968482948553935,-0.5327710956434748,7
1243,4.010826505766319,3.833147111912785,-0.17767939385353415,8
1244,5.3348584618335275,6.146128035678238,0.8112695738447107,1
1245,3.8299728699534565,4.008600171761918,0.17862730180846143,3
1246,5.092186991422917,4.0,-1.092186991422917,5
1247,4.840557077758919,4.089905111439398,-0.7506519663195208,5
1248,5.715681952024643,3.770852011642144,-1.9448299403824993,9
1249,4.488589798136711,3.6020599913279625,-0.8865298068087482,1
1250,3.697039727934131,3.869231719730976,0.17219199179684486,9
1251,3.5387701228943227,3.206825876031849,-0.3319442468624736,6
1252,3.718191478985898,3.589949601325708,-0.1282418776601899,6
1253,3.8646266014549377,2.903089986991944,-0.9615366144629935,4
1254,4.469258860818221,4.167317334748176,-0.30194152607004554,9
1255,4.227193177342986,4.035829825252828,-0.19136335209015787,2
1256,6.196682492855325,6.024046225131059,-0.17263626772426566,9
1257,5.3019053332962995,5.247973266361806,-0.05393206693449315,9
1258,5.44002706667617,6.491361693834273,1.051334627158103,6
1259,6.604752283521691,4.833147111912785,-1.7716051716089058,4
1260,5.9434204593669415,6.334453751150931,0.39103329178398916,6
1261,6.124298790882199,7.708420900134713,1.5841221092525135,6
1262,6.057568700523989,4.698970004336019,-1.3585986961879701,7
1263,5.8254399161092705,6.32221929473392,0.49677937862464994,3
1264,5.448338824218842,6.2812606870550125,0.8329218628361703,10
1265,6.035624977093528,6.230448921378274,0.19482394428474592,3
1266,6.13449574459984,5.0,-1.1344957445998398,9
1267,6.179799596488179,4.26150077319828,-1.9182988232898985,10
1268,6.392400755291436,7.077222510411053,0.684821755119617,5
1269,7.086921589298762,7.05865374157237,-0.028267847726391793,3
1270,3.8937523729216963,5.0,1.1062476270783037,3
1271,4.589353467990057,3.709269960975831,-0.8800835070142266,5
1272,4.270369670659019,3.431363764158988,-0.8390059065000308,3
1273,4.075887131498436,5.0,0.924112868501564,7
1274,5.2423257312171625,6.079181246047625,0.8368555148304626,3
1275,4.756646640249082,3.770852011642144,-0.9857946286069383,10
1276,5.908232022517258,6.383653821462558,0.4754217989453,3
1277,6.171412801458572,6.281941933440825,0.11052913198225323,5
1278,5.482922250510689,4.152288344383057,-1.3306339061276322,1
1279,4.330006113880546,6.176091259055681,1.8460851451751354,8
1280,5.28445211173552,4.195899652409234,-1.0885524593262863,2
1281,4.015475218081246,3.3010299956639813,-0.7144452224172646,6
1282,5.880640140341701,6.079181246047625,0.19854110570592454,9
1283,5.055740410748393,5.311753861055754,0.25601345030736145,4
1284,4.311024397256529,5.041392685158225,0.7303682879016966,3
1285,4.98694631088167,4.41161970596323,-0.5753266049184402,1
1286,5.966381385365294,4.249198357391113,-1.7171830279741807,6
1287,5.690964538603825,5.17897694729317,-0.5119875913106551,3
1288,5.570320834269302,6.119915410257991,0.5495945759886887,1
1289,5.098364138189715,6.0,0.9016358618102851,5
1290,5.5363963979930135,3.824125833916549,-1.7122705640764644,8
1291,4.936183555556144,3.740362689494244,-1.1958208660618999,9
1292,5.298817349350113,3.146128035678238,-2.1526893136718748,1
1293,6.139287851202415,5.380211241711606,-0.7590766094908084,8
1294,5.120479078981527,5.271841606536499,0.15136252755497193,10
1295,6.455477733618649,5.365487984890899,-1.0899897487277492,4
1296,6.604390743492465,6.778874472002739,0.17448372851027383,3
1297,6.1492134637424005,5.880813592280791,-0.26839987146160915,10
1298,6.211446037083036,6.3979400086720375,0.18649397158900172,6
1299,6.045602656433957,6.377563035549853,0.3319603791158965,1
1300,5.98880657242622,5.518513939877887,-0.47029263254833253,9
1301,6.2780190938667655,4.698970004336019,-1.5790490895307467,7
1302,6.1889831875258805,5.949390006644912,-0.23959318088096815,1
1303,6.297538305924468,6.247924190766308,-0.04961411515816039,6
1304,5.9069357753629115,7.602059991327962,1.6951242159650501,8
1305,6.197577244571296,5.553883026643875,-0.6436942179274219,4
1306,5.759142755886007,6.278753600952829,0.519610845066822,9
1307,6.70321352968515,6.445311461756064,-0.257902067929086,5
1308,6.004221583686213,5.622214022966295,-0.38200756071991826,3
1309,6.340049093280267,6.201397124320452,-0.1386519689598149,4
1310,5.50192919550368,6.176091259055681,0.6741620635520009,8
1311,5.802126432986262,5.927370363039024,0.12524393005276213,3
1312,5.782139425304117,6.079181246047625,0.29704182074350793,7
1313,6.226017578523781,6.2405492482826,0.01453166975881981,6
1314,6.082372588307612,5.891147030448771,-0.1912255578588411,6
1315,5.68431337354029,6.0,0.31568662645971024,6
1316,6.14098598043873,5.847572659142112,-0.2934133212966179,4
1317,5.9524378801457685,5.931966114728173,-0.020471765417595655,3
1318,5.549768357793799,5.146778989307833,-0.402989368485966,6
1319,5.951972302356965,5.079181246047625,-0.8727910563093397,1
1320,4.94308645418692,5.021189299069938,0.07810284488301811,3
1321,5.468262827015567,6.0,0.5317371729844327,9
1322,5.950306048061717,6.008600171761918,0.05829412370020126,6
1323,6.120006731810872,6.220108088040055,0.10010135622918259,7
1324,6.166678674959327,6.214843848047698,0.048165173088371205,1
1325,6.053974324219572,6.113943352306837,0.059969028087264675,5
1326,5.65045387252591,6.257051875069349,0.6065980025434392,6
1327,4.607214028223997,5.2552725051033065,0.6480584768793092,9
1328,6.243067779321697,6.041392685158225,-0.2016750941634715,1
1329,6.65140851318076,6.6020599913279625,-0.04934852185279759,4
1330,6.35642023933003,4.986771734266245,-1.3696485050637852,1
1331,6.279438505684778,6.08278537031645,-0.1966531353683285,7
1332,5.837740098089926,5.181843587944773,-0.655896510145153,10
1333,6.106293549593717,5.687261346243506,-0.41903220335021096,3
1334,6.0521731808722254,6.2455126678141495,0.19333948694192404,3
1335,5.919164135942369,6.776327733563306,0.8571635976209375,7
1336,6.173514590893408,6.056904851336473,-0.11660973955693521,6
1337,6.034976257288952,6.113943352306837,0.07896709501788468,10
1338,6.148979825728009,6.441176499941076,0.2921966742130664,1
1339,6.198295332698909,5.332438459915605,-0.8658568727833043,1
1340,5.979168490535513,5.710117365111817,-0.26905112542369647,5
1341,5.960910167170853,6.008600171761918,0.04769000459106465,2
1342,6.0026013332443595,5.552668216112194,-0.4499331171321659,5
1343,5.229628402709859,5.093421685162235,-0.13620671754762448,6
1344,5.807011538542272,4.6020599913279625,-1.2049515472143097,4
1345,6.18548686055318,5.895422546039408,-0.29006431451377157,1
1346,7.678143614693392,6.100752969451338,-1.5773906452420539,1
1347,6.055833664196467,6.0,-0.0558336641964674,4
1348,5.927667931118452,5.788875115775417,-0.13879281534303534,6
1349,6.045722042016229,6.176091259055681,0.13036921703945215,9
1350,5.667908010247569,5.193124598354461,-0.4747834118931076,7
1351,6.135445818666962,5.051923916046107,-1.0835219026208547,8
1352,5.989685728246411,5.756636108245848,-0.23304962000056317,9
1353,5.714281044226636,6.431363764158987,0.7170827199323506,7
1354,5.408374054384143,6.0,0.5916259456158572,9
1355,6.174936061022134,5.599883072073688,-0.5750529889484461,4
1356,6.019098906660317,5.716837723299524,-0.3022611833607929,8
1357,5.898953167766759,5.812913356642856,-0.08603981112390358,6
1358,6.60295647136019,7.929418925714293,1.326462454354103,5
1359,6.01079360617875,5.862727528317975,-0.14806607786077564,1
1360,5.460279568096876,5.079181246047625,-0.381098322049251,6
1361,5.482510744011575,5.278753600952829,-0.2037571430587457,5
1362,5.808786923839394,6.017033339298781,0.20824641545938682,3
1363,5.960533127539202,5.176091259055681,-0.7844418684835208,10
1364,5.481453558959685,6.079181246047625,0.5977276870879402,1
1365,7.188637016372648,6.079181246047625,-1.109455770325023,3
1366,5.538694529749232,5.121559844187501,-0.41713468556173083,3
1367,5.4313195578392115,4.912275210498812,-0.5190443473403992,10
1368,5.677186590172881,6.218272853571447,0.541086263398566,4
1369,5.409962629895993,5.700617195682057,0.2906545657860633,10
1370,5.977229423349007,6.924279286061882,0.9470498627128752,2
1371,5.477731000907344,6.134495855834674,0.6567648549273297,9
1372,5.816044513968793,6.509202522331103,0.6931580083623103,9
1373,5.973109014446649,6.590507462008583,0.6173984475619338,2
1374,5.9027941484451,5.758911892397974,-0.14388225604712623,3
1375,6.0064984053591175,6.079181246047625,0.07268284068850761,7
1376,5.951972302356965,6.7626785637274365,0.8107062613704716,1
1377,5.330072517934872,5.86391737695786,0.5338448590229881,9
1378,5.978013405127183,5.342422680822207,-0.6355907243049765,8
1379,5.195266864242417,6.033423755486949,0.8381568912445321,1
1380,5.309684983672147,5.518513939877887,0.20882895620573994,3
1381,5.541682421339964,7.041392685158225,1.4997102638182618,5
1382,5.712641358429077,4.678518379040114,-1.0341229793889628,9
1383,5.197193484390348,6.066773037085025,0.8695795526946775,8
1384,5.844412031636094,5.899820502427096,0.05540847079100253,8
1385,5.054618710237214,7.429752280002408,2.375133569765193,9
1386,0.9229984762768717,6.612783856719736,5.689785380442864,8
1387,4.577536882583251,6.503790683057181,1.9262538004739298,8
1388,6.476811940989457,5.240798771117332,-1.236013169872125,3
1389,6.324479985299178,5.968482948553935,-0.35599703674524363,6
1390,6.315559901712131,6.05307844348342,-0.26248145822871116,10
1391,5.741170487365806,6.008600171761918,0.26742968439611214,6
1392,6.0576390669545255,4.954242509439325,-1.1033965575152003,6
1393,6.351631854047838,6.770115294787102,0.4184834407392639,7
1394,7.546372026962611,6.418301291319746,-1.128070735642865,3
1395,6.308497573677895,7.0220157398177205,0.7135181661398251,7
1396,2.691361747236262,1.9242792860618816,-0.7670824611743803,10
1397,4.378868293828394,4.550228353055094,0.17136005922669995,9
1398,4.685872687437658,6.354621218722914,1.6687485312852566,1
1399,5.14748910274433,5.856227259455358,0.7087381567110285,3
1400,5.198195361886541,6.052936217579409,0.8547408556928673,9
1401,5.051557557597195,6.431363764158987,1.379806206561792,8
1402,4.788094764675114,3.982723387668545,-0.8053713770065696,7
1403,4.631989813590255,3.4471580313422194,-1.1848317822480352,3
1404,4.90871720615585,6.563836918664545,1.6551197125086947,5
1405,4.58663062976784,2.812913356642856,-1.773717273124984,3
1406,4.4468134433087,3.0791812460476247,-1.367632197261075,3
1407,4.82487241389179,5.556302500767287,0.7314300868754966,3
1408,3.6996285950038152,4.334855689617291,0.6352270946134762,9
1409,2.934571462034084,4.698970004336019,1.7643985423019348,9
1410,4.084196587071891,3.187520720836463,-0.8966758662354279,9
1411,5.059593879156959,4.167317334748176,-0.8922765444087837,10
1412,3.2334053462871024,3.679427896612119,0.4460225503250168,6
1413,3.127422628873525,0.6989700043360189,-2.428452624537506,10
1414,5.2358809609262495,4.754883228252168,-0.48099773267408175,7
1415,4.42389076877236,2.556302500767288,-1.8675882680050715,2
1416,4.712011393597537,5.812913356642856,1.1009019630453185,2
1417,5.14748910274433,5.186815124447454,0.0393260217031246,3
1418,5.136392748176867,4.821513528404773,-0.3148792197720942,2
1419,5.732632843148854,6.167317334748176,0.434684491599322,9
1420,5.433366349746761,5.903089986991944,0.46972363724518296,7
1421,6.16315728488911,5.287129620719111,-0.8760276641699987,2
1422,5.57841339981374,5.773069340485962,0.19465594067222192,4
1423,6.144892662423451,5.845098040014257,-0.29979462240919386,8
1424,5.156139545229691,4.505149978319906,-0.6509895669097849,8
1425,5.666684898569014,6.889301702506311,1.2226168039372967,2
1426,6.696889464920955,5.395850376018781,-1.301039088902174,9
1427,6.324019178723294,6.74154551677621,0.41752633805291595,9
1428,5.145531401719435,5.698970004336019,0.5534386026165841,2
1429,-0.011943478493167264,3.845098040014257,3.8570415185074243,5
1430,2.611107404759955,2.8090544272229425,0.19794702246298757,9
1431,3.6003109007136156,2.505149978319906,-1.0951609223937098,4
1432,2.7917666725640777,3.4471580313422194,0.6553913587781417,8
1433,2.818222648433645,1.7993405494535817,-1.0188820989800633,6
1434,3.003363830348592,3.322219294733919,0.3188554643853272,9
1435,3.923475410176003,1.5587085705331658,-2.3647668396428374,4
1436,5.673638809723857,5.434568904034199,-0.23906990568965814,6
1437,5.458323416585429,5.926856708949693,0.46853329236426333,10
1438,5.915934129255305,5.8750612633917,-0.04087286586360506,3
1439,6.165056420969734,6.237040791379191,0.07198437040945738,2
1440,6.225950535297181,5.990782691803138,-0.23516784349404318,1
1441,6.15002728429295,6.447158031342219,0.2971307470492697,5
1442,6.297597983583871,6.2576785748691846,-0.039919408714686355,9
1443,6.151851526738375,6.653212513775344,0.5013609870369686,5
1444,6.5947928158244284,6.2552725051033065,-0.339520310721122,7
1445,6.195385418604685,6.531478917042255,0.3360934984375703,6
1446,5.0958753868709055,3.3010299956639813,-1.7948453912069242,1
1447,6.160518582873646,5.301029995663981,-0.8594885872096647,5
1448,6.2324121910603765,6.230448921378274,-0.0019632696821023643,7
1449,6.288368278573224,6.340444114840119,0.05207583626689516,9
1450,5.889106106429249,6.3979400086720375,0.5088339022427881,2
1451,6.074901116981687,4.346744054604849,-1.7281570623768383,10
1452,5.982864598147256,6.079181246047625,0.09631664790036876,8
1453,5.489502104090243,6.301029995663981,0.8115278915737383,9
1454,5.095431559186298,6.623249290397901,1.527817731211603,9
1455,5.872336468491885,6.531478917042255,0.6591424485503703,1
1456,5.8065103312607285,4.352182518111363,-1.4543278131493658,5
1457,5.756250858727135,6.1702617153949575,0.4140108566678222,2
1458,5.683826559599274,6.531478917042255,0.8476523574429811,3
1459,5.884496692728135,6.358886204405869,0.47438951167773435,10
1460,5.8468839312706935,4.314288660947498,-1.5325952703231955,5
1461,5.743780944979393,6.176091259055681,0.4323103140762887,3
1462,6.298133048747205,6.091315159697223,-0.2068178890499821,8
1463,6.697850291321577,6.286456469746983,-0.4113938215745945,5
1464,6.011439590819095,6.913813852383717,0.9023742615646215,4
1465,5.3891965784538325,5.433321711630784,0.04412513317695144,7
1466,6.117299681381904,6.308991029000164,0.19169134761826,5
1467,4.729549670889829,5.361727836017593,0.6321781651277645,9
1468,4.3192351091537216,4.095518042323151,-0.22371706683057013,2
1469,5.014213245485246,6.544068044350276,1.5298547988650295,9
1470,4.047163851219499,6.57978359661681,2.5326197453973114,9
1471,3.4447810165906834,2.6972293427597176,-0.7475516738309658,6
1472,5.276713974131224,4.746322765089953,-0.5303912090412704,9
1473,5.939325340456079,6.291391053078407,0.3520657126223288,7
1474,6.016360590974913,6.747411807886423,0.73105121691151,1
1475,6.115360013569291,6.491361693834273,0.3760016802649817,7
1476,6.1413466294810295,6.113943352306837,-0.027403277174192553,7
1477,5.051557557597195,6.096910013008056,1.0453524554108613,8
1478,2.394924619580766,3.804820678721162,1.409896059140396,10
1479,3.829466664078712,5.079181246047625,1.249714581968913,4
1480,3.171297163758647,2.220108088040055,-0.9511890757185921,5
1481,5.846199132076374,4.850646235183066,-0.9955528968933081,8
1482,5.897300832893478,6.045322978786658,0.1480221458931794,10
1483,6.224136787907567,5.791690649020118,-0.43244613888744965,8
1484,5.834463675245601,5.155609283678915,-0.678854391566686,10
1485,5.082291763832934,5.690196080028514,0.6079043161955795,10
1486,5.314425299707268,5.000867721531227,-0.3135575781760407,7
1487,5.734552316808302,6.806179973983888,1.0716276571755863,9
1488,5.664592454269529,6.041392685158225,0.37680023088869596,8
1489,4.913513716406776,5.656960182742849,0.7434464663360734,7
1490,5.3429080867252985,6.355068206348851,1.0121601196235526,2
1491,6.145693073625185,6.324282455297693,0.17858938167250837,3
1492,5.375758008069968,5.944482672150168,0.5687246640802002,3
1493,6.185082378601261,6.3979400086720375,0.21285763007077652,5
1494,6.307168533403241,6.1702617153949575,-0.13690681800828308,7
1495,5.688101766630018,4.413634997198556,-1.274466769431462,10
1496,6.091512711412255,5.949390006644912,-0.1421227047673428,7
1497,6.1496312284643135,6.056904851336473,-0.09272637712784082,7
1498,5.890708847449633,5.072984744627931,-0.8177241028217024,9
1499,6.182932456311855,5.697229342759718,-0.48570311355213747,10
1500,5.754751715389408,5.698970004336019,-0.05578171105338914,10
1501,5.909964126738976,6.664547962246547,0.7545838355075709,9
1502,6.217008666534009,6.937016107464814,0.7200074409308046,6
1503,6.04824152264933,7.531478917042255,1.4832373943929253,2
1504,6.233850951947815,6.240798771117332,0.006947819169516478,4
1505,6.729947860346141,6.012837224705172,-0.7171106356409691,6
1506,6.218421296343274,6.44870631990508,0.23028502356180613,3
1507,5.965120052438383,6.580468783951002,0.6153487315126185,7
1508,6.1181871649586235,5.778151250383644,-0.3400359145749796,10
1509,6.280388678419472,5.732393759822968,-0.5479949185965038,9
1510,5.635061997450742,4.954242509439325,-0.6808194880114167,9
1511,6.149016783839277,6.857332496431268,0.7083157125919914,5
1512,6.156978740526655,5.308393649976259,-0.8485850905503955,5
1513,5.821369989625266,6.277090960334402,0.45572097070913564,10
1514,6.04930554060485,5.857332496431268,-0.19197304417358207,3
1515,5.63322815593383,5.0,-0.6332281559338302,10
1516,5.371163533230022,5.301029995663981,-0.0701335375660408,8
1517,3.4027529219030717,4.123851640967086,0.7210987190640141,3
1518,5.580855641907957,4.505149978319906,-1.0757056635880504,5
1519,5.576372068762971,6.32221929473392,0.745847225970949,9
1520,5.753505843648518,4.505149978319906,-1.2483558653286115,9
1521,5.723244385244316,4.568201724066995,-1.1550426611773208,5
1522,4.109909307155728,4.900367128656471,0.790457821500743,10
1523,5.713243167378417,5.477121254719663,-0.2361219126587546,10
1524,5.38159096769533,6.041392685158225,0.6598017174628952,1
1525,6.064539346001871,6.496791315700042,0.4322519696981715,9
1526,5.200572469868557,4.486713775982485,-0.7138586938860714,3
1527,5.295733375223639,5.0,-0.2957333752236391,1
1528,5.614328643634488,6.32221929473392,0.7078906510994321,10
1529,5.198451776488635,4.685741738602264,-0.5127100378863707,1
1530,5.3516642398129965,6.504701881045554,1.1530376412325571,9
1531,4.324135225800715,2.146128035678238,-2.178007190122477,7
1532,3.8631160247789467,1.4471580313422192,-2.4159579934367272,2
1533,2.748372812318213,3.113943352306837,0.365570539988624,9
1534,3.7480933616850303,4.826074802700826,1.0779814410157957,3
1535,5.276452699297438,4.247973266361806,-1.0284794329356313,4
1536,3.581342433333947,5.0,1.4186575666660528,5
1537,4.540426033455207,5.653212513775344,1.1127864803201373,5
1538,5.999158200626569,5.653212513775344,-0.3459456868512252,5
1539,5.161616317695704,6.204119982655925,1.042503664960221,3
1540,5.530467438442245,6.079181246047625,0.5487138076053801,4
1541,6.056233686453207,6.3979400086720375,0.34170632221883057,4
1542,5.292509353786284,5.223755453657241,-0.06875390012904248,3
1543,5.880511718231251,5.079181246047625,-0.8013304721836256,5
1544,6.056233686453207,6.778151250383644,0.7219175639304369,4
1545,5.297467861167504,5.585460729508501,0.28799286834099735,2
1546,6.107640925105421,5.845098040014257,-0.26254288509116375,4
1547,5.703138224041946,5.934498451243568,0.23136022720162241,2
1548,6.042289418869987,5.771587480881255,-0.2707019379887319,6
1549,5.695958139588646,6.653212513775344,0.9572543741866983,5
1550,5.232585775208703,5.903089986991944,0.6705042117832409,3
1551,5.879448329489181,4.927370363039024,-0.9520779664501564,1
1552,5.551658614215733,4.826074802700826,-0.7255838115149071,1
1553,5.173542709932766,5.002166061756507,-0.17137664817625886,8
1554,5.805648344541471,6.662757831681574,0.8571094871401037,3
1555,6.1657512810397055,6.071882007306125,-0.09386927373358045,9
1556,4.950200635247935,2.6766936096248664,-2.2735070256230685,7
1557,5.963787680264286,4.184691430817598,-1.7790962494466873,8
1558,5.379059969585325,4.933993163831242,-0.44506680575408275,9
1559,5.1737874656386795,5.3979400086720375,0.22415254303335796,9
1560,5.455182278988892,6.57978359661681,1.124601317627918,9
1561,3.777521822728547,6.0,2.222478177271453,3
1562,3.9711257170739573,4.469365398766434,0.49823968169247657,4
1563,5.049035246731253,4.252853030979893,-0.7961822157513598,9
1564,5.847980209502117,6.041392685158225,0.19341247565610864,1
1565,5.4398845441924575,5.079181246047625,-0.3607032981448324,10
1566,5.661102137618807,6.491361693834273,0.8302595562154664,7
1567,5.5315872099759815,6.278753600952829,0.7471663909768473,2
1568,4.705017040842536,3.892651033877301,-0.8123660069652354,9
1569,4.732472779867101,5.079181246047625,0.346708466180524,4
1570,4.824815472770341,4.787743771646467,-0.03707170112387459,2
1571,4.999569357342579,5.575187844927661,0.575618487585082,4
1572,5.3872403837960965,4.56157836830096,-0.8256620154951362,3
1573,4.446828569399075,7.133858125203335,2.6870295558042603,9
1574,4.441485608025522,5.221674997070769,0.7801893890452476,4
1575,5.557892641438413,4.239049093140191,-1.3188435482982221,1
1576,5.295247212926551,3.964730921053629,-1.330516291872922,1
1577,3.1712308560953266,3.6972293427597176,0.525998486664391,8
1578,4.5288216958417795,5.041392685158225,0.5125709893164458,8
1579,5.358333840311787,6.0,0.6416661596882127,1
1580,6.406778890489769,5.442479769064448,-0.9642991214253209,7
1581,6.190099865752728,7.397940008672037,1.2078401429193084,5
1582,5.341030255832904,6.690196080028514,1.3491658241956097,3
1583,5.689118355654871,6.079181246047625,0.39006289039275455,9
1584,4.841584559225058,4.064457989226918,-0.7771265699981402,10
1585,4.723552433552802,3.686636269262293,-1.0369161642905094,7
1586,5.629748092691198,5.168939213835978,-0.4608088788552198,7
1587,6.133575237132184,6.079181246047625,-0.05439399108455856,1
1588,4.347145706579045,5.32221929473392,0.9750735881548751,2
1589,4.685339980427104,4.895201474778894,0.2098614943517898,2
1590,5.821369989625266,6.079181246047625,0.25781125642235914,10
1591,4.530026755040449,5.648360010980932,1.1183332559404828,1
1592,4.500865379087329,4.473924693416158,-0.02694068567117114,3
1593,5.284905989466179,5.931966114728173,0.6470601252619934,9
1594,5.535884040613776,4.93981866282138,-0.5960653777923959,2
1595,4.997827480280252,5.732393759822968,0.7345662795427161,6
1596,4.542457673129742,3.3010299956639813,-1.2414276774657607,9
1597,5.0731387823902505,4.57978359661681,-0.4933551857734404,2
1598,6.472921802102527,6.57978359661681,0.10686179451428313,7
1599,5.685755172558625,7.19942604159399,1.5136708690353657,3
1600,5.802169320848106,6.795880017344075,0.9937106964959685,2
1601,3.5371053784577993,4.0,0.46289462154220073,4
1602,5.57944406360351,5.532384880503846,-0.04705918309966339,3
1603,6.113410992690403,6.32221929473392,0.20880830204351764,7
1604,6.054971312647234,6.176091259055681,0.12111994640844692,7
1605,5.660397011666538,5.311965660368366,-0.3484313512981716,5
1606,6.130322261604384,5.338456493604605,-0.7918657679997789,1
1607,6.012783211220388,5.489958479424835,-0.522824731795553,1
1608,5.708827963999412,5.205096047578484,-0.5037319164209277,1
1609,5.839729856235546,6.531478917042255,0.6917490608067096,9
1610,5.213860027737792,6.079181246047625,0.8653212183098331,3
1611,5.056950669675657,4.301029995663981,-0.7559206740116755,3
1612,6.144032760909404,5.491361693834273,-0.652671067075131,7
1613,6.3176334195603365,6.0,-0.3176334195603365,1
1614,5.968762640682486,6.185542154854375,0.2167795141718898,9
1615,5.548106219670095,5.301029995663981,-0.24707622400611395,8
1616,6.53928122972068,6.079181246047625,-0.4600999836730546,1
1617,5.980082023468219,4.892372907398436,-1.0877091160697825,10
1618,5.7716877339481165,6.176091259055681,0.40440352510756483,9
1619,4.872832377554687,6.491361693834273,1.6185293162795862,3
1620,3.0905632657393167,3.556302500767288,0.46573923502797143,8
1621,5.308459830435062,4.089905111439398,-1.218554718995664,2
1622,4.029415820788493,4.653212513775344,0.6237966929868506,7
1623,6.2776847628419405,5.221022805204841,-1.0566619576370995,2
1624,5.78699370299132,5.698970004336019,-0.08802369865530135,4
1625,6.901333444135638,7.342422680822207,0.44108923668656885,2
1626,6.063192094076957,6.176091259055681,0.11289916497872454,3
1627,6.946135281594403,6.414973347970818,-0.5311619336235847,5
1628,6.822875346912193,6.977723605288848,0.1548482583766546,8
1629,4.907547343732378,4.765072201102792,-0.1424751426295856,1
1630,0.07388480469340855,1.3424226808222062,1.2685378761287975,6
1631,2.813989564401265,2.7481880270062,-0.06580153739506533,9
1632,4.061241523232914,2.4553017716570764,-1.6059397515758373,8
1633,4.595590517408127,5.7160033436348,1.1204128262266737,5
1634,4.860259452526381,4.765072201102792,-0.09518725142358875,10
1635,5.6261839003756515,5.0,-0.6261839003756515,8
1636,5.118901715100438,0.1139433523068367,-5.004958362793601,5
1637,3.6828808160935025,1.6989700043360187,-1.9839108117574837,6
1638,5.503097235460302,2.1357685145678222,-3.36732872089248,10
1639,4.371457555934564,2.560420774091161,-1.8110367818434026,8
1640,6.039453439655836,6.113943352306837,0.0744899126510008,1
1641,6.0300301961793155,6.041392685158225,0.011362488978909902,3
1642,4.5534354862030035,5.334453751150931,0.7810182649479271,5
1643,3.9661939674061797,1.7442929831226763,-2.2219009842835034,3
1644,4.176219655084549,1.576226137449605,-2.5999935176349442,9
1645,5.987644672311175,2.143014800254095,-3.84462987205708,8
1646,3.7750229974691942,-0.15864053,-3.9336635274691942,3
1647,1.8421861522150262,3.0293837776852097,1.1871976254701835,3
1648,4.42271421062379,0.0791812460476248,-4.343532964576165,4
1649,5.633793130826288,2.4771212547196626,-3.1566718761066257,1
1650,4.268079870802046,3.8750612633917,-0.39301860741034567,7
1651,2.85932463003415,2.146128035678238,-0.713196594355912,3
1652,5.5384042815188055,5.688419822002711,0.15001554048390542,3
1653,4.110732918511438,1.3010299956639813,-2.809702922847457,6
1654,5.5863412576061675,3.9542425094393248,-1.6320987481668427,4
1655,4.5414380296868115,2.6232492903979003,-1.9181887392889112,3
1656,4.983009163901535,0.0,-4.983009163901535,2
1657,4.668400820201622,4.778151250383644,0.10975043018202157,10
1658,5.987644672311175,2.143014800254095,-3.84462987205708,8
1659,5.883386262042783,3.903089986991944,-1.9802962750508386,9
1660,5.2063904010653825,3.633468455579586,-1.5729219454857963,8
