idx,y_pred,y_true,residual,fold
0,3.3023602429673606,5.698970004336019,2.396609761368658,6
1,3.9877720934326546,3.049218022670181,-0.9385540707624735,9
2,4.25031015917498,2.903089986991944,-1.3472201721830355,5
3,5.047222105693617,2.9542425094393248,-2.0929795962542923,5
4,5.380009968793127,3.90848501887865,-1.471524949914477,8
5,4.573770502133904,3.322219294733919,-1.2515512073999848,5
6,5.367873246197662,5.301029995663981,-0.06684325053368045,5
7,5.254776711361529,4.086359830674748,-1.168416880686781,5
8,5.506612700778357,6.035709837827862,0.5290971370495052,9
9,4.339603460630994,5.954242509439325,1.614639048808331,7
10,5.804099299165839,3.949390006644913,-1.8547092925209259,4
11,5.251090920176295,5.742725131304698,0.4916342111284031,7
12,4.762972756712194,3.661812685537261,-1.1011600711749328,5
13,4.422786255800524,3.505149978319906,-0.9176362774806184,10
14,5.059947188359546,5.0948203803548,0.03487319199525363,10
15,4.55026927086486,3.397940008672037,-1.1523292621928234,2
16,4.432108226213555,3.832508912706236,-0.5995993135073188,8
17,5.343125113603278,5.6020599913279625,0.25893487772468493,8
18,3.9808526647257927,5.238046103128795,1.2571934384030024,4
19,4.174932529655678,3.0791812460476247,-1.095751283608053,8
20,3.897534262902362,3.823474229170301,-0.07406003373206094,10
21,5.391820595482664,3.838849090737255,-1.552971504745409,10
22,4.736017438074542,3.505149978319906,-1.2308674597546365,8
23,4.355127886540161,6.041392685158225,1.6862647986180646,1
24,4.644376715459976,3.8813846567705728,-0.7629920586894032,5
25,4.59040623843834,5.576341350205793,0.9859351117674526,5
26,5.863953226205116,6.823539433656859,0.9595862074517427,9
27,6.119559737058074,6.3979400086720375,0.2783802716139636,5
28,6.181036495171317,6.707570176097937,0.5265336809266197,7
29,6.3834643135105384,6.3979400086720375,0.014475695161499047,1
30,5.916938572765836,6.558708570533166,0.6417699977673301,1
31,5.8278189242400975,6.107549129744687,0.27973020550458916,4
32,5.8765431980695375,4.193681029541281,-1.6828621685282563,1
33,6.2441187750577125,5.929418925714293,-0.31469984934341966,6
34,6.092666976332219,6.531478917042255,0.4388119407100364,10
35,6.267695577244787,6.414973347970818,0.14727777072603132,8
36,6.187222282959393,6.372912002970106,0.18568972001071327,7
37,6.179982422324863,6.384890796530554,0.20490837420569097,9
38,5.6826367536927895,6.325843928293292,0.6432071746005024,7
39,6.195477954302871,7.0,0.8045220456971292,5
40,6.141273607100116,6.8750612633917,0.7337876562915842,10
41,6.125610240460076,6.835056101720117,0.7094458612600407,4
42,6.148347187966137,7.079181246047625,0.930834058081488,6
43,4.8696297176844014,4.072984744627931,-0.7966449730564706,2
44,5.955122341751,5.113943352306837,-0.8411789894441632,2
45,3.910206857669062,5.096910013008056,1.1867031553389942,6
46,5.668497903310558,5.342422680822207,-0.32607522248835163,8
47,5.9047152293456024,6.2405492482826,0.33583401893699794,5
48,3.7605924694310753,5.278753600952829,1.5181611315217536,4
49,6.077326711545361,6.2552725051033065,0.17794579355794582,1
50,4.942448986173722,5.023540521554854,0.08109153538113212,8
51,5.888944333877575,6.313867220369153,0.4249228864915784,1
52,6.105926990325985,6.361727836017593,0.2558008456916081,6
53,6.197263906398158,6.6020599913279625,0.4047960849298047,9
54,5.961810835151244,6.649334858712142,0.6875240235608979,3
55,6.242371841388332,6.041392685158225,-0.20097915623010643,5
56,5.456076446740515,5.901294817165567,0.4452183704250521,2
57,4.548394564526763,6.447158031342219,1.8987634668154563,7
58,6.0296806763166595,4.681241237375588,-1.3484394389410719,3
59,6.193490165328836,5.81504617606463,-0.3784439892642055,1
60,5.531867624601059,4.992818520066679,-0.5390491045343797,6
61,3.551445161987419,3.204119982655925,-0.3473251793314942,7
62,5.941055532284256,6.8750612633917,0.9340057311074439,6
63,6.302988340632151,6.8909795969896885,0.5879912563575376,3
64,6.010324377071881,6.0,-0.010324377071881052,10
65,3.96744673678944,4.5003737143533735,0.5329269775639336,1
66,5.784330141245283,6.3979400086720375,0.6136098674267547,5
67,6.2830671409479155,6.447158031342219,0.1640908903943039,2
68,5.289551288329518,7.267171728403014,1.9776204400734958,6
69,5.913346825619418,5.045714058940868,-0.8676327666785495,1
70,5.96615486129314,6.230448921378274,0.2642940600851338,1
71,5.959610276388392,4.127104798364807,-1.8325054780235845,6
72,6.079222761603105,6.0,-0.07922276160310471,5
73,6.53899868737625,5.715167357848458,-0.8238313295277919,1
74,5.806527321706246,6.024046225131059,0.21751890342481328,6
75,3.776036771063808,3.645422269349092,-0.130614501714716,7
76,3.9226587783603364,3.146128035678238,-0.7765307426820982,2
77,3.790067162220987,2.8750612633917,-0.9150058988292868,6
78,4.541726263496359,3.3010299956639813,-1.2406962678323774,1
79,3.5988348466631765,3.3138672203691533,-0.2849676262940233,7
80,3.829617380622657,5.905795880367869,2.0761784997452115,6
81,3.8612785890508676,2.6989700043360187,-1.1623085847148489,3
82,4.1439974049067105,4.146128035678238,0.002130630771527642,6
83,4.16569525466315,3.2430380486862944,-0.9226572059768552,4
84,3.700795330127798,2.6532125137753435,-1.0475828163524543,6
85,3.7471170268257645,2.1089031276673134,-1.6382138991584512,5
86,3.789181222022894,3.7781512503836434,-0.011029971639250569,3
87,3.8723372393188744,3.3010299956639813,-0.5713072436548932,10
88,3.811793875993751,3.0,-0.8117938759937511,4
89,4.104703492406937,4.431363764158987,0.3266602717520497,7
90,4.023142719677276,4.423245873936808,0.4001031542595319,7
91,4.110532781556292,4.431363764158987,0.32083098260269516,10
92,3.783092516615052,5.544068044350276,1.7609755277352237,6
93,4.195269492245017,3.0,-1.1952694922450169,8
94,4.065660317112209,3.1583624920952498,-0.907297825016959,6
95,4.018364995958911,2.740362689494244,-1.2780023064646668,10
96,4.346272992467467,3.6232492903979,-0.7230237020695673,4
97,6.271159429753213,5.375092713083399,-0.8960667166698144,6
98,6.095348298667915,6.361727836017593,0.26637953734967823,10
99,6.077326711545361,6.409933123331294,0.33260641178593353,1
100,6.569283213160758,6.477121254719663,-0.09216195844109532,2
101,5.952134371942561,7.021189299069938,1.069054927127377,2
102,4.742880504535329,3.413299764081252,-1.3295807404540767,6
103,4.480476476271681,4.260071387985075,-0.220405088286606,9
104,6.121588788517768,6.0,-0.12158878851776844,6
105,6.234185020339688,6.740362689494244,0.5061776691545559,6
106,6.509846435011847,6.099231615080882,-0.4106148199309647,5
107,5.982868515488283,6.431363764158987,0.4484952486707039,2
108,6.3506053637286195,4.6464037262230695,-1.70420163750555,7
109,6.34008861215714,6.142702245737616,-0.1973863664195239,1
110,6.068454606519936,6.431363764158987,0.3629091576390513,6
111,5.980177317526976,6.19258417809083,0.2124068605638545,3
112,6.033497829080056,6.238046103128795,0.2045482740487392,9
113,6.072066291661245,6.950851458888547,0.8787851672273019,3
114,6.375000626300156,4.819543935541868,-1.5554566907582874,7
115,6.363901155894529,4.716504163773217,-1.6473969921213119,1
116,6.185982519947637,6.612783856719736,0.4268013367720993,8
117,5.969849006990198,5.7160033436348,-0.2538456633553974,6
118,5.801350198674604,6.3979400086720375,0.5965898099974334,7
119,5.878906956132621,6.077258863692948,0.19835190756032706,8
120,6.165727422421117,6.614897216033135,0.44916979361201825,5
121,5.672062479771043,5.00902574208691,-0.6630367376841324,10
122,5.292784235596342,5.37383114507383,0.0810469094774886,9
123,5.939809720994629,6.477121254719663,0.5373115337250338,2
124,5.895352088406244,4.862250674597925,-1.0331014138083194,1
125,5.598958209041399,6.466867620354109,0.8679094113127102,6
126,6.494894775870909,5.188084373714938,-1.3068104021559712,4
127,6.241511301361284,6.079181246047625,-0.1623300553136593,8
128,6.131070511729331,6.146128035678238,0.015057523948907026,2
129,6.018349764412742,5.326335860928752,-0.6920139034839901,4
130,5.7682542249692705,6.768638101247615,1.0003838762783444,10
131,6.01784625222182,5.48572142648158,-0.5321248257402402,4
132,6.098865356251273,5.507072896756503,-0.5917924594947701,6
133,6.134665727973798,5.08361010516231,-1.0510556228114876,7
134,6.091876203327093,6.156851901070011,0.06497569774291811,10
135,6.437794217334201,5.676693609624866,-0.7611006077093343,1
136,6.432918149251062,7.252853030979893,0.8199348817288312,5
137,6.594779809953264,6.301029995663981,-0.29374981428928315,6
138,6.527016141632105,6.477121254719663,-0.04989488691244226,5
139,5.88921429579811,6.361727836017593,0.47251354021948266,5
140,5.574180014611675,6.079181246047625,0.5050012314359504,4
141,6.014440089165951,4.396199347095736,-1.6182407420702143,2
142,5.868270640660463,6.14705767102836,0.278787030367897,4
143,6.555126831755411,5.195456833628169,-1.3596699981272415,9
144,6.107015751732814,5.643551368562945,-0.46346438316986927,6
145,5.624716655660287,6.016197353512439,0.39148069785215167,6
146,5.413926070867988,6.079181246047625,0.6652551751796372,9
147,5.888576880264768,6.146128035678238,0.25755115541346996,4
148,5.691010232872466,6.0,0.30898976712753434,3
149,5.45380672870152,4.113943352306837,-1.3398633763946828,8
150,6.095720741754143,6.577491799837225,0.4817710580830825,9
151,6.781507573952174,5.472756449317212,-1.308751124634962,9
152,6.609514835521117,6.334453751150931,-0.2750610843701864,9
153,6.128002013924733,7.276921132065774,1.1489191181410412,8
154,6.243121996014958,4.819543935541868,-1.4235780604730897,8
155,7.003335821086386,7.483587296968894,0.4802514758825076,4
156,6.3933492715218465,8.041392685158225,1.6480434136363789,4
157,6.452138762437717,7.477121254719663,1.0249824922819455,8
158,6.242295056187378,6.479393896404411,0.2370988402170333,4
159,6.382844684329134,7.477121254719663,1.0942765703905284,8
160,6.304384018511421,6.320146286111054,0.015762267599633617,9
161,6.283227577473458,6.3979400086720375,0.11471243119857988,10
162,6.18121232431814,6.113943352306837,-0.06726897201130289,1
163,6.418203095659077,6.201397124320452,-0.21680597133862545,2
164,6.269994430761849,6.986771734266245,0.7167773035043963,4
165,6.386670961037068,6.474216264076255,0.08754530303918706,6
166,6.326276075908319,6.004136436761356,-0.32213963914696286,10
167,6.0437970032079855,6.477121254719663,0.4333242515116771,5
168,6.343436634139732,6.434888120867316,0.09145148672758374,1
169,6.892878759575506,8.122543524068755,1.2296647644932488,7
170,6.040128969792189,6.281033367247727,0.24090439745553827,2
171,6.277900066567764,5.953421399681036,-0.3244786668867272,5
172,5.194268780455556,6.518513939877887,1.3242451594223308,7
173,6.196824209241097,6.556423121371285,0.35959891213018835,1
174,6.38629789385058,6.348304863048161,-0.03799303080241945,4
175,2.015608463992289,1.954242509439325,-0.0613659545529639,2
176,2.0183763438709743,2.6020599913279625,0.5836836474569882,7
177,2.883286818392755,1.3010299956639813,-1.5822568227287737,3
178,2.1164248748530015,1.9549175537349588,-0.16150732111804267,4
179,2.5654884438802643,2.0,-0.5654884438802643,4
180,2.785977591004318,2.146128035678238,-0.6398495553260797,8
181,2.7444833526081576,3.164352855784437,0.4198695031762796,4
182,2.716483259785089,1.390935107103379,-1.3255481526817101,6
183,2.917430856798162,2.9552065375419416,0.03777568074377946,6
184,2.4137138341415723,3.562292864456474,1.148579030314902,2
185,1.9914510432468475,1.9268567089496924,-0.06459433429715511,2
186,2.740308198627739,1.146128035678238,-1.594180162949501,9
187,2.0783054998168633,2.8512583487190755,0.7729528489022122,10
188,3.075750697637059,2.0,-1.075750697637059,2
189,2.616799712445378,3.539452491549461,0.9226527791040828,10
190,2.1261279982761896,1.380211241711606,-0.7459167565645837,8
191,2.4560251398234834,2.273232834043045,-0.18279230578043837,7
192,3.128856597677121,2.57978359661681,-0.5490730010603109,3
193,2.514058207035315,0.6334684555795865,-1.8805897514557284,5
194,5.371747376789359,6.079181246047625,0.7074338692582662,6
195,4.978805323199015,5.023951707423388,0.045146384224373115,4
196,5.2910167197734514,6.2322335211147335,0.941216801341282,3
197,5.067359511895808,3.247973266361807,-1.8193862455340013,9
198,4.938997771322493,6.302547372487486,1.3635496011649932,2
199,5.6202280661369555,4.598571663482141,-1.0216564026548145,2
200,4.807422933812024,4.812913356642856,0.005490422830831676,10
201,5.179854161888141,3.562292864456474,-1.6175612974316667,10
202,5.65730461179229,6.806179973983888,1.1488753621915988,9
203,4.474056130593494,5.782472624166286,1.3084164935727918,2
204,5.143224321392558,6.054957596012407,0.9117332746198494,6
205,5.106768097951684,6.15124723746237,1.0444791395106865,10
206,5.227666523820733,3.9036325160842376,-1.3240340077364952,10
207,4.644008940172045,6.501059262217751,1.8570503220457066,9
208,4.709315831695066,4.892762234615817,0.18344640292075098,3
209,5.4210009913465225,7.068185861746161,1.6471848703996388,4
210,4.648674160612165,3.4800069429571505,-1.1686672176550146,2
211,4.806002069421551,4.336459733848529,-0.4695423355730215,5
212,5.604706499670816,5.0,-0.604706499670816,2
213,5.083197599566065,6.0,0.9168024004339346,5
214,4.160709318030119,5.445604203273597,1.284894885243478,4
215,2.197261417251487,1.7781512503836436,-0.4191101668678432,5
216,2.4784048445526254,2.400537989391946,-0.07786685516067937,10
217,4.548704444825039,3.0,-1.5487044448250389,8
218,4.783859491799481,3.653212513775344,-1.1306469780241368,3
219,4.6012498085933995,5.0,0.3987501914066005,9
220,4.9544069316640975,5.14921911265538,0.19481218099128217,2
221,3.8739159372708354,4.101747073946366,0.22783113667553057,3
222,5.833364657088919,6.2552725051033065,0.42190784801438763,5
223,5.517429099872145,6.361727836017593,0.8442987361454479,6
224,6.083415418547142,6.421603926869831,0.33818850832268854,5
225,6.287245118121407,6.176091259055681,-0.11115385906572595,9
226,6.289350719000122,6.113943352306837,-0.17540736669328538,2
227,6.382283921864656,6.313867220369153,-0.06841670149550261,5
228,6.082401821001596,6.544068044350276,0.46166622334867924,6
229,6.034545179751316,5.993876914941211,-0.04066826481010466,9
230,6.199803581562937,6.544068044350276,0.344264462787339,10
231,6.110140689652142,6.187520720836463,0.07738003118432069,2
232,6.100554511079147,6.526985068559996,0.4264305574808489,6
233,6.279681635401648,6.1003705451175625,-0.17931109028408532,3
234,4.719751891908977,5.806179973983888,1.086428082074911,7
235,5.919371294806616,5.093421685162235,-0.8259496096443817,6
236,5.781161660465818,3.963787827345555,-1.817373833120263,3
237,5.442654728041561,6.0751453270538525,0.6324905990122911,1
238,6.3928663151325225,7.146128035678238,0.7532617205457157,6
239,6.1617588265293275,4.792391689498253,-1.369367137031075,2
240,6.3355794526955,6.863322860120456,0.5277434074249561,1
241,6.080722233731566,6.531478917042255,0.4507566833106891,10
242,6.1762388875101575,4.472024697700282,-1.7042141898098757,5
243,6.167874911027291,5.315970345456917,-0.8519045655703739,4
244,6.130940746968605,6.266114049531676,0.13517330256307059,2
245,4.121243241122053,3.397940008672037,-0.7233032324500157,8
246,6.078569179370376,6.109915863023793,0.03134668365341664,9
247,6.257624761357683,6.539076098792776,0.2814513374350929,1
248,6.51314526726531,6.342817314635733,-0.17032795262957734,6
249,2.4991156359625073,2.0791812460476247,-0.41993438991488263,6
250,5.247686563634246,5.202352067809752,-0.04533449582449389,7
251,6.205739041419667,6.409764104266346,0.20402506284667865,1
252,6.199764528675905,6.477121254719663,0.2773567260437577,10
253,6.287741412722268,6.137926673293154,-0.1498147394291145,9
254,6.279681635401648,6.45071087814692,0.17102924274527176,3
255,6.20742028611384,6.60422605308447,0.39680576697062975,7
256,6.231229540894881,6.187520720836463,-0.04370882005841814,5
257,6.117789283158002,6.278753600952829,0.16096431779482678,8
258,6.314146901380377,6.518513939877887,0.20436703849751048,5
259,6.163583481211661,4.342422680822207,-1.8211608003894542,2
260,6.327757491138607,5.651762447380111,-0.6759950437584958,5
261,6.0647893551333025,6.301969226865995,0.2371798717326925,1
262,6.619171270196628,6.903089986991944,0.28391871679531544,9
263,5.996225592343077,5.983175072037813,-0.013050520305263547,8
264,6.188654262666502,6.587710965018911,0.399056702352409,7
265,6.176487224279964,6.5843312243675305,0.40784400008756627,3
266,5.292996691612806,5.229425847920695,-0.0635708436921103,3
267,5.891492343558767,6.136720567156407,0.24522822359763996,6
268,6.406018490096448,5.0,-1.4060184900964483,8
269,5.719833360017578,6.531478917042255,0.8116455570246774,10
270,6.060561736702064,4.292256071356476,-1.7683056653455873,1
271,6.182402278794982,6.371067862271736,0.18866558347675344,1
272,5.830567554954244,6.305351369446623,0.4747838144923797,5
273,6.207479403786772,6.477121254719663,0.2696418509328904,5
274,6.163771077276832,6.894105511777515,0.7303344345006835,2
275,6.071363630269669,6.477121254719663,0.4057576244499934,1
276,5.615650998309001,6.530839778616521,0.9151887803075196,10
277,6.192286761035742,6.3979400086720375,0.20565324763629533,3
278,6.14915840455169,5.681241237375588,-0.4679171671761022,7
279,6.238029114441153,6.173186268412274,-0.06484284602887858,9
280,6.068330989891026,6.5910646070265,0.5227336171354748,6
281,6.17110031629796,7.074450718954592,0.9033504026566321,6
282,6.074369809154685,6.486487153065907,0.41211734391122157,4
283,6.315626005699809,6.505149978319906,0.18952397262009768,9
284,6.0056183920971185,5.549003262025788,-0.4566151300713308,7
285,5.724588264988669,6.190331698170292,0.4657434331816228,4
286,6.039711768124793,6.196728722623287,0.15701695449849407,3
287,6.303166510367104,4.968482948553935,-1.3346835618131694,3
288,5.820481847930873,6.568201724066995,0.7477198761361219,10
289,5.970380353125945,4.913813852383717,-1.0565665007422282,1
290,6.199586617633283,6.207580514765431,0.007993897132148042,4
291,6.195138142920254,6.225309281725863,0.030171138805608955,4
292,5.684110656686372,6.491361693834273,0.8072510371479007,3
293,5.695684891375743,6.209515014542631,0.5138301231668878,9
294,6.2661488153092755,6.230448921378274,-0.03569989393100137,4
295,6.172914835395966,6.361727836017593,0.18881300062162687,10
296,6.310946245510636,5.089905111439398,-1.2210411340712382,4
297,5.815729332195841,6.426511261364575,0.6107819291687342,2
298,5.796524902510554,6.095029796648452,0.29850489413789827,2
299,6.147005533071265,6.223080397831155,0.07607486475988967,5
300,6.1598889344987,6.456366033129043,0.29647709863034244,1
301,5.387715223126438,5.802773725291976,0.41505850216553775,8
302,5.854749587814061,6.3979400086720375,0.5431904208579761,6
303,6.13879939934229,5.603642280263075,-0.5351571190792148,1
304,5.898331437844056,6.20682587603185,0.3084944381877941,8
305,6.127908902764642,6.342422680822207,0.21451377805756433,6
306,5.664606542257859,6.301029995663981,0.6364234534061222,3
307,5.932650320611637,6.505149978319906,0.5724996577082688,6
308,6.05870588840314,6.176091259055681,0.11738537065254118,4
309,6.083904300594286,7.1003705451175625,1.0164662445232766,3
310,5.6995671757631765,5.836197480778925,0.1366303050157489,3
311,5.804672762539567,6.054708787938054,0.25003602539848746,5
312,5.966799686806774,6.477121254719663,0.5103215679128885,4
313,5.79268900855932,6.133644275865875,0.3409552673065557,8
314,5.449764941376583,6.32221929473392,0.8724543533573375,5
315,5.834808914240725,5.880813592280791,0.04600467804006669,10
316,5.74240918919562,6.477121254719663,0.7347120655240422,1
317,5.890436881673475,4.6020599913279625,-1.2883768903455124,9
318,5.650100261332493,6.02530586526477,0.37520560393227775,5
319,5.6543207834081395,5.477121254719663,-0.17719952868847688,5
320,5.304086993054625,6.505149978319906,1.2010629852652812,8
321,5.449764941376583,6.812913356642856,1.3631484152662727,5
322,5.818688451446883,5.17897694729317,-0.6397115041537136,3
323,5.905411088777485,5.365487984890899,-0.5399231038865855,4
324,5.328378329260677,6.15839265038712,0.830014321126443,2
325,5.279548536565489,4.477121254719663,-0.8024272818458265,5
326,5.998256185320602,4.453624073591451,-1.5446321117291513,4
327,6.209167278319955,6.086359830674748,-0.12280744764520701,3
328,6.2305487833195965,6.086359830674748,-0.1441889526448481,5
329,6.088135594527694,6.319314304090512,0.23117870956281816,6
330,6.022490502175855,6.477121254719663,0.4546307525438076,10
331,6.0452864419440315,6.374198257929082,0.3289118159850508,2
332,5.46068130384786,6.3979400086720375,0.9372587048241776,2
333,5.575908866233215,5.187520720836463,-0.38838814539675237,4
334,5.880531097949575,5.528916700277655,-0.35161439767191993,6
335,5.8986179203372835,6.568201724066995,0.6695838037297115,8
336,5.337566368931047,5.0,-0.3375663689310473,5
337,5.483371078904675,6.079181246047625,0.5958101671429503,10
338,5.898738756189924,4.814913181275074,-1.08382557491485,7
339,5.54373361488366,5.08170727009735,-0.46202634478631044,1
340,5.791968491755232,6.384711742938283,0.5927432511830508,8
341,6.139124885826703,6.342422680822207,0.20329779499550327,4
342,6.113132544385122,5.671172842715083,-0.4419597016700392,1
343,5.910127333473422,6.278753600952829,0.3686262674794065,10
344,5.491316999546886,6.284656282788515,0.7933392832416297,2
345,5.7512875145372595,6.3560258571931225,0.604738342655863,9
346,5.3721456058941515,5.671172842715083,0.29902723682093146,4
347,6.1816286448832924,6.477121254719663,0.29549260983637016,7
348,5.9233576703415425,5.0,-0.9233576703415425,4
349,5.9199405467639545,5.852174904420303,-0.06776564234365168,5
350,5.429784112495656,5.3979400086720375,-0.031844103823618575,2
351,5.901039686133088,6.139879086401237,0.23883940026814887,2
352,6.1836753812095795,6.273487409697184,0.0898120284876045,2
353,6.17252938856196,6.320623955053538,0.1480945664915776,1
354,6.070524149899125,6.6020599913279625,0.5315358414288376,3
355,6.281457600262546,6.337459261290656,0.05600166102810977,4
356,6.293249708047032,6.301029995663981,0.007780287616949266,8
357,6.249617784668337,6.3979400086720375,0.14832222400370032,7
358,6.045626488676757,6.45484486000851,0.409218371331753,3
359,6.408300885537469,8.146128035678238,1.7378271501407694,6
360,5.983258198791953,4.5820633629117085,-1.4011948358802444,4
361,5.863682213779547,6.272305844402086,0.4086236306225395,1
362,6.850632796136221,5.728256359248493,-1.1223764368877278,5
363,6.101572784011562,5.71717102683231,-0.3844017571792522,3
364,5.6888003100650355,6.049218022670182,0.36041771260514643,5
365,5.014926520796102,6.396199347095736,1.381272826299634,3
366,5.914983524076626,5.550228353055094,-0.36475517102153177,1
367,6.172939452248074,5.575072325713813,-0.5978671265342612,2
368,5.733937150822512,6.100025730107863,0.36608857928535077,5
369,5.7933150788082655,4.860338006570994,-0.9329770722372714,8
370,6.490475242048905,6.489958479424835,-0.0005167626240707435,4
371,5.972107311224108,6.3979400086720375,0.4258326974479294,2
372,5.590310180827625,6.3560258571931225,0.7657156763654971,7
373,5.677076284798019,4.705863712283919,-0.9712125725141005,6
374,5.600965683537256,4.833147111912785,-0.7678185716244705,1
375,6.012435718843193,6.182671386675478,0.1702356678322854,4
376,5.895577436986093,6.262023704606317,0.3664462676202245,5
377,5.621450354864705,6.408239965311849,0.7867896104471441,4
378,5.985430161230901,6.5910646070265,0.6056344457955998,10
379,5.809241948891991,5.876217840591642,0.06697589169965124,10
380,4.364740957882208,6.1041455505540085,1.739404592671801,3
381,5.850739496581555,4.630122642859312,-1.2206168537222437,1
382,5.985639090275922,6.5910646070265,0.6054255167505787,1
383,5.864516897658864,5.978180516937414,0.11366361927855007,2
384,5.911107240620643,6.32221929473392,0.41111205411327756,9
385,5.800672878895331,6.100025730107863,0.2993528512125314,10
386,6.102868629764133,5.675778341674085,-0.42709028809004845,7
387,6.009642616269696,6.0,-0.009642616269696092,10
388,5.9823561860086905,6.431363764158987,0.44900757815029646,6
389,6.024331934645345,6.1525940779274695,0.12826214328212426,7
390,6.663087111599367,6.732393759822968,0.06930664822360111,4
391,5.5251324557846235,4.491361693834273,-1.0337707619503504,10
392,4.966111403922555,4.77901897191487,-0.18709243200768455,10
393,4.716989619748023,6.556302500767287,1.8393128810192634,5
394,4.178826488786856,4.850033257689769,0.6712067689029126,3
395,6.161535275288937,6.278753600952829,0.11721832566389168,7
396,5.9710506483774335,6.4623979978989565,0.49134734952152304,7
397,6.077785647532069,6.399154333958217,0.3213686864261476,10
398,5.678710561592106,6.3979400086720375,0.7192294470799316,2
399,5.9575138397892795,5.880813592280791,-0.07670024750848814,8
400,5.840178979853548,5.892094602690481,0.05191562283693241,9
401,5.855411330559946,5.7160033436348,-0.13940798692514544,10
402,5.986257423977837,6.696836730575163,0.7105793065973263,9
403,5.19698438585355,5.530481449815745,0.33349706396219503,9
404,5.09394079258447,6.465828815357437,1.3718880227729668,6
405,4.918942525137543,6.5910646070265,1.6721220818889577,3
406,6.1100697447125105,6.919078092376074,0.8090083476635632,10
407,5.747439250069085,6.301029995663981,0.5535907455948958,8
408,6.160206017275617,6.380211241711606,0.22000522443598935,1
409,6.039217424738076,6.204119982655925,0.16490255791784936,5
410,5.931976547890838,6.301029995663981,0.3690534477731431,4
411,5.7966977261353705,6.073105874968971,0.27640814883360054,1
412,5.712473152523023,6.2552725051033065,0.5427993525802837,7
413,6.021105259805916,6.32221929473392,0.3011140349280046,2
414,5.916688080763524,5.866287339084195,-0.0504007416793284,1
415,5.859316603368449,6.318063334962762,0.4587467315943128,1
416,5.859316603368449,6.368100851709351,0.508784248340902,1
417,5.896828664115519,6.378397900948138,0.48156923683261876,7
418,5.500554919682699,6.326130956710794,0.8255760370280951,10
419,5.86433218046497,4.354108439147401,-1.510223741317569,4
420,6.109643827936846,6.396722278503773,0.28707845056692705,2
421,5.847563371137277,5.619093330626742,-0.2284700405105351,6
422,4.656331469076629,3.6989700043360174,-0.9573614647406115,1
423,5.851943386984291,5.766784515497859,-0.0851588714864322,4
424,6.098443939903237,6.474755154291798,0.3763112143885614,5
425,5.843141291042638,5.643452676486188,-0.19968861455645026,1
426,5.8859361562681585,6.453318340047038,0.5673821837788795,2
427,5.849149189938954,4.764176132390331,-1.0849730575486234,2
428,5.8643632856590555,6.227115082589125,0.36275179693006976,4
429,5.65233987549538,6.039255443806487,0.3869155683111076,2
430,5.625591543016787,6.079181246047625,0.453589703030838,4
431,6.0545838822612925,6.387211800313731,0.3326279180524381,8
432,5.79564120194068,5.575072325713813,-0.22056887622686716,1
433,5.547210822733452,6.539076098792776,0.9918652760593245,1
434,5.892006102951554,6.008600171761918,0.11659406881036372,6
435,6.063349418785979,6.113943352306837,0.05059393352085806,4
436,6.334557780866657,6.222456336679247,-0.11210144418740953,6
437,6.396812495853981,5.276461804173244,-1.1203506916807369,9
438,6.088500043049939,6.301029995663981,0.21252995261404184,1
439,5.912331423851758,5.275103949569196,-0.6372274742825619,2
440,5.954529928739822,6.884795363948981,0.9302654352091588,5
441,6.607388206194491,6.849419413796899,0.24203120760240804,9
442,6.531588752258524,6.7979596437371965,0.26637089147867243,5
443,6.3757336782638605,7.505149978319906,1.1294163000560458,8
444,6.33269320004748,6.517723594833735,0.1850303947862555,7
445,6.3031263734636775,6.6349808000512285,0.33185442658755093,6
446,6.457203616702613,6.6452748593294935,0.18807124262688024,6
447,5.103920272875427,6.270678836144707,1.1667585632692798,4
448,6.474732943673419,6.024895960107485,-0.44983698356593393,6
449,6.267937226034251,7.385606273598312,1.1176690475640614,7
450,6.634742858585277,6.284453294010853,-0.35028956457442373,1
451,6.437671746636318,6.501059262217751,0.06338751558143318,2
452,5.951392035699579,6.501059262217751,0.5496672265181726,9
453,6.365534194479238,6.7160033436348,0.35046914915556204,2
454,6.320965347227404,6.3979400086720375,0.07697466144463316,7
455,6.109588938378516,6.2716557723522754,0.16206683397375965,10
456,6.005356827185626,6.269512944217916,0.26415611703229036,7
457,6.1801327515956475,6.32221929473392,0.14208654313827296,6
458,6.374647172090469,5.337459261290656,-1.0371879107998137,4
459,6.3515886686083105,6.755874855672492,0.40428618706418185,10
460,6.389000010941276,6.596047007545439,0.2070469966041637,7
461,6.19029164716795,6.372912002970106,0.18262035580215663,4
462,6.234591787326659,4.484299839346786,-1.750291947979873,1
463,6.121890537080485,6.227886704613674,0.1059961675331893,9
464,5.943713656607446,6.477121254719663,0.5334075981122162,2
465,5.745621661309874,6.079181246047625,0.3335595847377508,6
466,6.203868800643435,6.3979400086720375,0.19407120802860245,10
467,4.719710619695905,4.742725131304698,0.02301451160879253,5
468,6.195516927264747,6.278753600952829,0.08323667368808163,4
469,6.225570276174628,6.380211241711606,0.15464096553697804,9
470,6.269846136575641,5.4446692309385245,-0.8251769056371163,8
471,6.125364683314499,6.43695733066945,0.31159264735495107,1
472,6.300047361526532,6.063145637106638,-0.23690172441989432,9
473,6.22355933854446,6.442479769064448,0.21892043051998833,8
474,6.169018192457025,6.645324001562293,0.4763058091052681,10
475,6.124128103862749,5.373500477967874,-0.7506276258948752,7
476,6.226081889803418,6.477121254719663,0.25103936491624435,8
477,5.199819792990488,5.283301228703549,0.0834814357130611,4
478,4.771479982862739,6.176091259055681,1.4046112761929423,3
479,5.669124649472521,6.57978359661681,0.910658947144289,2
480,6.065671242917273,5.845098040014257,-0.22057320290301607,6
481,5.509529428526696,5.62797998982998,0.11845056130328402,2
482,5.865576442502609,6.146128035678238,0.2805515931756295,2
483,5.451987970782944,6.528736777724652,1.0767488069417084,1
484,6.163613321215226,6.32221929473392,0.15860597351869465,10
485,6.074027345315527,6.184691430817598,0.11066408550207107,3
486,6.005198664463746,6.6020599913279625,0.5968613268642162,2
487,5.975993121547351,5.900312496983727,-0.07568062456362412,8
488,5.5848231543512314,6.108226656374929,0.5234035020236973,9
489,6.028863651051938,6.385606273598312,0.3567426225463741,8
490,5.825850253726633,6.585460729508501,0.7596104757818685,3
491,5.916969735852689,6.271841606536499,0.35487187068380965,7
492,6.165575980890742,6.401572845676446,0.2359968647857036,10
493,4.771418912936289,3.724275869600789,-1.0471430433354998,1
494,5.410140900782794,6.176091259055681,0.765950358272887,1
495,4.284178270559412,6.176091259055681,1.8919129884962693,1
496,6.2436223118126835,6.301029995663981,0.0574076838512978,8
497,6.075319772890967,5.04688519083771,-1.028434582053257,4
498,6.23689529864156,6.068185861746161,-0.16870943689539875,7
499,5.891698251711082,6.181843587944773,0.29014533623369054,7
500,6.183159639443021,6.32221929473392,0.13905965529089936,4
501,6.158817416847149,6.855525212731306,0.6967077958841577,7
502,5.572663547068881,6.342422680822207,0.7697591337533254,10
503,6.314146901380377,6.447158031342219,0.13301112996184283,5
504,6.320965347227404,6.491361693834273,0.17039634660686875,7
505,6.132005827403623,6.32221929473392,0.1902134673302971,5
506,6.258638070851039,7.0,0.7413619291489608,2
507,6.17577670286606,6.357934847000454,0.18215814413439357,6
508,6.321071465281209,6.309757882316366,-0.011313582964842972,10
509,6.290102301927155,5.751510050270041,-0.5385922516571142,9
510,5.730211228368228,6.290034611362518,0.5598233829942902,10
511,6.142587639689,6.301029995663981,0.15844235597498102,8
512,6.246751415645675,6.073351702386901,-0.17339971325877368,8
513,6.12944436187363,6.057099097526547,-0.07234526434708322,2
514,6.034878565504571,6.186278103445368,0.1513995379407973,3
515,6.173665859471429,6.301029995663981,0.12736413619255238,8
516,6.2603167646656726,6.477555332198981,0.2172385675333084,4
517,5.780404603749172,5.99563519459755,0.21523059084837737,8
518,5.979927355116127,6.204119982655925,0.2241926275397983,3
519,5.829722140318012,6.089905111439398,0.26018297112138633,6
520,6.030026057269285,5.043755126968679,-0.9862709303006056,10
521,5.952736767887235,6.394451680826216,0.4417149129389806,8
522,3.579902281812724,3.397940008672037,-0.18196227314068691,2
523,5.928352574213981,6.491361693834273,0.5630091196202924,6
524,6.158800879735067,5.078094150406411,-1.0807067293286563,9
525,5.976645293423282,5.12057393120585,-0.8560713622174321,5
526,5.46503633467562,5.548757828573704,0.08372149389808392,1
527,5.777552127873194,5.752048447819439,-0.02550368005375514,2
528,5.688732847568991,5.698970004336019,0.010237156767027855,4
529,5.851424951373587,5.008600171761918,-0.8428247796116688,1
530,5.881717759510563,6.0,0.11828224048943703,1
531,6.073222269882129,4.534026106056135,-1.5391961638259941,5
532,5.667776407352124,6.164352855784437,0.49657644843231274,4
533,5.886656048316809,6.552668216112194,0.666012167795385,6
534,5.625525481628986,6.423245873936808,0.7977203923078218,3
535,6.178056648623514,6.079181246047625,-0.09887540257588867,2
536,5.581019620688043,6.9084850188786495,1.3274653981906068,5
537,5.803692679854384,6.913283901760418,1.109591221906034,8
538,6.146922057380155,6.079181246047625,-0.06774081133252974,3
539,5.901689497220702,6.657055852857104,0.7553663556364016,7
540,5.935575223842576,4.615097451301758,-1.3204777725408174,9
541,6.054364501326962,6.962369335670021,0.9080048343430596,6
542,6.0706539263513415,6.57978359661681,0.5091296702654686,5
543,6.2445477155915565,5.959041392321094,-0.28550632327046266,1
544,6.2000474548863025,6.079181246047625,-0.12086620883867738,2
545,6.254141416676243,6.857332496431268,0.6031910797550255,6
546,5.9641770950895046,7.012837224705172,1.0486601296156675,8
547,5.740439327064841,5.950364854376123,0.2099255273112819,5
548,6.600047753263913,7.727541257028556,1.1274935037646436,2
549,6.507319507356331,7.176091259055681,0.6687717516993503,5
550,6.805356152519817,5.939758797292041,-0.8655973552277763,9
551,6.746791396562787,6.592176757395867,-0.15461463916691986,1
552,4.7200848020990795,5.136720567156407,0.41663576505732713,3
553,4.16413917308382,6.200303182981585,2.0361640098977656,5
554,4.879833508820617,5.892094602690481,1.0122610938698635,3
555,6.177547000116839,6.826074802700826,0.6485278025839873,2
556,5.544325179349492,6.919078092376074,1.3747529130265814,9
557,5.391823627828152,5.8750612633917,0.4832376355635484,7
558,6.2187508208819535,5.176091259055681,-1.0426595618262722,5
559,6.225169400501198,6.644044492814749,0.41887509231355136,8
560,2.245931722296199,2.7781512503836434,0.5322195280874444,1
561,5.368449170557537,6.079181246047625,0.7107320754900881,1
562,2.387990108076742,3.0791812460476247,0.6911911379708826,10
563,6.01402791531941,6.283301228703549,0.2692733133841392,10
564,4.348322206693526,6.2878017299302265,1.9394795232367006,10
565,6.219487010759113,5.536937022704674,-0.682549988054439,10
566,5.939304761972065,6.301029995663981,0.36172523369191634,3
567,6.509360220175531,6.472902651803664,-0.03645756837186731,3
568,5.322262575981663,5.0,-0.32226257598166264,7
569,6.0814293205840215,6.531478917042255,0.45004959645823384,8
570,5.465139612509207,6.033423755486949,0.5682841429777428,1
571,4.962982532587084,3.662757831681574,-1.3002247009055101,4
572,6.052282657032083,6.260548372636979,0.20826571560489615,5
573,5.968089929636256,5.301029995663981,-0.6670599339722747,5
574,5.919727898287352,6.176091259055681,0.25636336076832933,8
575,5.581745576451949,5.4996870826184034,-0.08205849383354558,4
576,5.982389546015565,5.295127085252191,-0.6872624607633737,4
577,5.288665181241357,5.301029995663981,0.01236481442262427,9
578,5.169842587096022,3.911690158753861,-1.2581524283421608,4
579,5.7579642783986875,6.324282455297693,0.5663181768990055,5
580,5.322892363386537,5.72029163965499,0.3973992762684526,8
581,6.251386113083731,6.3670482644844935,0.11566215140076253,5
582,6.199370930014284,7.204119982655925,1.0047490526416407,1
583,6.360304469199204,6.012837224705172,-0.3474672444940321,3
584,5.356986350000253,5.176091259055681,-0.18089509094457146,3
585,5.512667242046839,6.278982116865443,0.7663148748186037,1
586,4.688782674435956,6.17897694729317,1.490194272857214,9
587,4.927225888922847,4.329194415088451,-0.5980314738343964,7
588,5.210216766552365,6.002166061756507,0.7919492952041427,1
589,6.204101944267374,6.489395921727129,0.28529397745975515,3
590,5.267360063177563,5.0,-0.2673600631775628,1
591,4.938614383210561,5.0,0.06138561678943866,1
592,5.8487997046941125,4.698970004336019,-1.1498297003580937,10
593,5.558385584718283,5.294466226161593,-0.2639193585566897,7
594,5.93583348218844,5.477121254719663,-0.4587122274687774,5
595,6.0463804819147855,6.1264561134318045,0.08007563151701902,7
596,5.746976476344634,5.0,-0.746976476344634,3
597,5.066968535051514,4.02816441942447,-1.0388041156270447,4
598,6.330452850069665,7.079181246047625,0.7487283959779605,2
599,6.081505765475746,6.018650576891155,-0.0628551885845905,2
600,5.502747855319518,7.049218022670182,1.5464701673506642,10
601,5.149687883831304,6.556302500767287,1.4066146169359826,2
602,6.127564422251145,7.176091259055681,1.0485268368045366,1
603,5.514086662492791,5.615539749308947,0.10145308681615628,6
604,6.583084830983041,7.017450729510536,0.43436589852749474,7
605,5.209115639060263,3.838849090737255,-1.3702665483230079,5
606,6.087464370629714,6.278753600952829,0.19128923032311462,8
607,5.9844125909020995,7.079181246047625,1.0947686551455256,4
608,5.723650059705182,5.181843587944773,-0.5418064717604096,9
609,5.774885150490726,5.181843587944773,-0.5930415625459533,6
610,4.885682400405109,4.340444114840119,-0.5452382855649898,3
611,3.3490351586522995,3.403120521175818,0.054085362523518477,2
612,5.918529692599501,4.991226075692495,-0.9273036169070057,10
613,5.752924724704296,6.342422680822207,0.5894979561179108,4
614,5.651547361777758,5.447158031342219,-0.20438933043553842,4
615,5.936981031167117,6.741151598851785,0.8041705676846682,4
616,4.7008709953830214,6.350248018334163,1.6493770229511417,7
617,6.203163878716106,6.361727836017593,0.15856395730148698,4
618,5.622178045095291,4.176091259055681,-1.4460867860396096,4
619,4.697473362080327,5.507855871695831,0.8103825096155042,3
620,6.19494301161538,6.732393759822968,0.5374507482075881,2
621,5.766388478404238,4.130333768495007,-1.6360547099092306,2
622,6.242371841388332,6.290034611362518,0.0476627699741865,5
623,6.168972386905864,6.204119982655925,0.0351475957500611,9
624,6.186779788920719,6.954242509439325,0.7674627205186066,5
625,6.094336213840234,7.079181246047625,0.9848450322073914,8
626,5.863716467458483,6.698970004336019,0.835253536877536,2
627,6.1393961381536455,6.4623979978989565,0.32300185974531104,9
628,6.397045622830115,6.698970004336019,0.30192438150590384,2
629,5.94514715426044,6.334453751150931,0.3893065968904903,1
630,6.253698565953657,5.045322978786658,-1.2083755871669997,5
631,6.253156533948267,6.544068044350276,0.290911510402009,1
632,6.1106408338392235,6.6020599913279625,0.491419157488739,9
633,6.115434270997292,7.589949601325708,1.4745153303284164,8
634,6.318380553550747,6.942504106168081,0.6241235526173341,4
635,5.919727898287352,6.43569150818434,0.5159636098969882,8
636,5.766388478404238,7.079181246047625,1.312792767643387,2
637,6.203163878716106,6.838723190031372,0.6355593113152658,4
638,5.759340540563606,6.365487984890899,0.6061474443272932,5
639,5.859335410304024,4.880813592280791,-0.9785218180232329,9
640,6.20592134205085,4.752355804153501,-1.453565537897349,9
641,5.303505981475354,6.823545953567112,1.520039972091758,9
642,5.177683374374713,6.12057393120585,0.942890556831137,10
643,5.0507645604932865,6.0,0.9492354395067135,2
644,6.270034692201941,6.119317224092021,-0.15071746810991993,6
645,6.189978749290613,5.903089986991944,-0.2868887622986689,9
646,6.361023652917537,6.69284691927723,0.3318232663596925,10
647,6.623023029840884,6.672097857935717,0.04907482809483277,10
648,5.843463947892759,6.980911937776844,1.1374479898840848,9
649,4.908507793973846,7.1003705451175625,2.1918627511437165,5
650,5.930803870818328,7.176091259055681,1.2452873882373536,3
651,5.397121621884072,6.612783856719736,1.2156622348356647,3
652,5.9682631388142715,6.886490725172482,0.9182275863582108,7
653,3.280288837520717,3.4727564493172123,0.1924676117964954,8
654,6.883991929979644,6.812913356642856,-0.07107857333678869,3
655,6.610577905461477,7.0,0.3894220945385234,8
656,5.8307201779120845,5.477121254719663,-0.3535989231924219,8
657,5.8436557182776045,6.161368002234975,0.3177122839573707,7
658,5.9461386082605285,6.3979400086720375,0.45180140041150896,8
659,5.855102692585761,7.041392685158225,1.1862899925724646,9
660,6.030335414846423,6.861534410859038,0.8311989960126152,2
661,5.759340540563606,4.740362689494244,-1.0189778510693621,5
662,5.991960788142192,4.698970004336019,-1.2929907838061734,7
663,5.429933482110445,6.113943352306837,0.6840098701963919,9
664,5.602942148118557,5.7160033436348,0.11306119551624327,1
665,6.255030973575195,6.431363764158987,0.1763327905837917,5
666,6.172429440095288,6.414973347970818,0.24254390787552982,6
667,6.211245297997598,6.146128035678238,-0.06511726231935988,7
668,5.681532753394689,6.531478917042255,0.8499461636475667,4
669,6.020103250061604,5.447158031342219,-0.5729452187193846,4
670,5.813793662338637,6.361727836017593,0.5479341736789562,2
671,4.953476567122592,4.778151250383644,-0.1753253167389479,7
672,4.864776304424737,4.31722734917642,-0.5475489552483168,5
673,6.056702478021575,6.079181246047625,0.02247876802605031,6
674,5.391113297907572,5.954242509439325,0.563129211531753,3
675,4.528517569683494,5.484769477716173,0.9562519080326792,7
676,5.6752986344685175,6.045322978786658,0.37002434431814013,6
677,4.753623773664487,4.1476763242410986,-0.6059474494233887,2
678,5.4282091764657485,6.3979400086720375,0.969730832206289,3
679,5.902121521654108,6.556302500767287,0.6541809791131792,2
680,5.967815782528812,6.079181246047625,0.11136546351881282,2
681,4.390098600136496,6.079181246047625,1.689082645911129,9
682,5.768479475191868,6.079181246047625,0.3107017708557569,4
683,5.446115366741413,5.775464809345739,0.3293494426043262,10
684,5.531738387137624,6.1068026275996505,0.5750642404620265,8
685,6.240338450281577,5.681241237375588,-0.5590972129059892,8
686,5.843357806028387,5.444825199509748,-0.3985326065186392,10
687,5.807085789449327,6.301897717195208,0.49481192774588134,9
688,5.967061270878788,6.0,0.032938729121211985,6
689,5.857276382335549,6.018284308426531,0.16100792609098225,8
690,5.901357524822767,5.949877704036875,0.04852017921410745,8
691,6.395372730015318,6.0,-0.3953727300153176,5
692,6.024075747560701,6.161368002234975,0.13729225467427408,4
693,6.059353477280165,5.049218022670182,-1.0101354546099834,4
694,5.942457688773775,6.011993114659257,0.06953542588548167,2
695,5.887097806281414,6.315970345456917,0.4288725391755035,6
696,6.128002013924733,6.418301291319746,0.2902992773950128,8
697,6.226500604055206,6.301029995663981,0.0745293916087757,7
698,4.780611336842732,6.079181246047625,1.2985699092048932,9
699,6.038372219724435,6.544068044350276,0.5056958246258407,10
700,6.479138266186451,6.176091259055681,-0.30304700713077004,3
701,6.178685400346741,6.342422680822207,0.16373728047546532,3
702,5.878820810439565,6.57978359661681,0.7009627861772447,10
703,5.970864278127355,6.0,0.029135721872645348,8
704,6.034242247493634,6.313593064521326,0.2793508170276917,4
705,6.162880086720635,6.079181246047625,-0.08369884067300948,2
706,5.99364666752142,5.623249290397901,-0.3703973771235196,1
707,6.002552724155141,6.033423755486949,0.030871031331808574,4
708,6.03736592749392,6.6020599913279625,0.5646940638340423,7
709,5.4167004177894285,6.36005731412298,0.9433568963335519,9
710,5.998066537562117,6.26142703676955,0.2633604992074332,1
711,5.997263293867267,6.124634624019139,0.1273713301518722,5
712,6.033616367911244,6.363611979892144,0.3299956119809,5
713,6.000625998017838,5.707570176097937,-0.29305582191990087,7
714,6.105069983129211,6.32221929473392,0.21714931160470918,3
715,5.973876368362626,6.600972895686748,0.627096527324122,4
716,5.762738154533569,5.9954289654317074,0.2326908108981387,6
717,5.968422364816265,6.193124598354461,0.22470223353819652,7
718,6.053402600025233,5.45075702813707,-0.6026455718881634,5
719,6.104644049193791,6.283301228703549,0.17865717950975846,10
720,5.994579467257853,4.380211241711606,-1.6143682255462464,1
721,6.078178401256087,6.230448921378274,0.15227052012218678,4
722,5.8995044342380325,6.278753600952829,0.37924916671479636,3
723,5.336049213873266,5.599883072073688,0.2638338582004218,7
724,4.946588873145706,4.153204900084284,-0.793383973061422,1
725,5.688554992241176,7.498310553789601,1.8097555615484247,10
726,6.597228009151193,6.357934847000454,-0.23929316215073904,8
727,5.76995303266473,4.963787827345556,-0.8061652053191741,1
728,5.9798721633532175,6.220108088040055,0.24023592468683752,7
729,5.858091105259649,7.4954055631461936,1.6373144578865446,10
730,5.722373795678231,6.096910013008056,0.3745362173298252,5
731,5.908418394458194,5.149834696715785,-0.7585836977424094,7
732,5.8835625225791475,6.0,0.11643747742085253,7
733,5.836513792975554,5.939808685806208,0.10329489283065385,6
734,5.986272711346925,5.888179493918325,-0.0980932174286,7
735,6.078906948142413,6.060697840353612,-0.018209107788801582,7
736,6.096552139577075,5.814394112097142,-0.2821580274799329,1
737,6.118037902367694,6.060932673519882,-0.05710522884781177,6
738,6.003729559339705,6.167317334748176,0.16358777540847047,7
739,6.770393566996971,6.298853076409706,-0.4715404905872642,7
740,5.841935961437974,6.079181246047625,0.2372452846096511,8
741,6.120097847145669,5.663700925389648,-0.45639692175602065,3
742,5.3869601108142575,6.004321373782642,0.6173612629683847,10
743,5.914172507506972,6.222716471147583,0.3085439636406111,3
744,5.976768536257629,6.079181246047625,0.10241270978999584,4
745,5.218915447678497,5.786751422145561,0.567835974467064,5
746,5.798539574106418,6.176091259055681,0.37755168494926306,6
747,5.793379421151436,6.079181246047625,0.2858018248961889,10
748,5.8643692820474405,5.995196291597179,0.1308270095497388,9
749,5.881500182370009,6.079181246047625,0.1976810636776163,9
750,5.667180993889205,6.0,0.3328190061107952,7
751,5.83064920568974,6.015359755409214,0.18471054971947432,9
752,5.456646101153544,5.5301996982030825,0.07355359704953823,2
753,5.912405920397085,6.0,0.08759407960291465,7
754,5.860193165164532,6.330413773349191,0.4702206081846594,2
755,5.858812324682815,5.607455023214668,-0.25135730146814694,4
756,5.793993976183601,6.103461622094705,0.3094676459111039,3
757,5.616965708362022,6.024731889655249,0.40776618129322717,3
758,5.8778603276270385,4.711807229041191,-1.1660530985858477,8
759,5.9159825503099785,5.824054205231849,-0.09192834507812986,4
760,5.55206777592338,6.301029995663981,0.7489622197406014,7
761,5.910758778582547,6.188647295999718,0.27788851741717036,8
762,6.096672955804395,6.977723605288848,0.881050649484453,6
763,5.828189440037342,6.0,0.17181055996265826,10
764,5.95773401179249,4.103803720955957,-1.8539302908365327,3
765,5.946788549318824,6.720572720364261,0.7737841710454374,1
766,5.7844642193092435,6.103803720955957,0.31933950164671376,10
767,5.878197268456536,6.0,0.12180273154346377,4
768,5.856895450873008,6.0,0.143104549126992,8
769,5.797109130207357,5.342422680822207,-0.4546864493851501,10
770,5.897396933412516,6.079181246047625,0.1817843126351093,6
771,5.992281738898237,6.278753600952829,0.28647186205459185,6
772,5.9233972105112525,6.414973347970818,0.49157613745956574,2
773,5.838511513332135,5.77451696572855,-0.0639945476035848,8
774,5.864360037388811,6.377124042346456,0.5127640049576456,2
775,6.052945759791015,5.93801909747621,-0.1149266623148053,10
776,5.669878672319248,6.0,0.330121327680752,10
777,5.61594175708508,6.332236415491443,0.7162946584063627,4
778,5.16093383862147,6.176091259055681,1.0151574204342113,6
779,5.781485039219839,6.165244326125311,0.38375928690547223,10
780,6.434727226649337,6.969415912353981,0.5346886857046442,2
781,5.879368787896364,6.447158031342219,0.5677892434458558,1
782,6.155469739626864,6.72916478969277,0.5736950500659059,1
783,6.482620930988089,6.3979400086720375,-0.08468092231605162,7
784,6.148656926467104,6.4269989587565375,0.27834203228943366,8
785,6.210185556131561,4.778151250383644,-1.4320343057479175,2
786,6.166708642072905,6.380211241711606,0.21350259963870144,2
787,5.996757524057811,6.3979400086720375,0.40118248461422645,1
788,5.218738844985111,3.556302500767288,-1.6624363442178232,6
789,5.973084643056513,6.633468455579586,0.6603838125230732,8
790,5.91558445502777,6.243038048686294,0.32745359365852433,8
791,5.932479066587856,6.187520720836463,0.2550416542486067,10
792,5.255739724313828,6.176091259055681,0.9203515347418536,2
793,5.558091368135782,4.770852011642144,-0.7872393564936386,5
794,5.827641652200175,6.3979400086720375,0.5702983564718629,10
795,6.0507329671366055,6.419955748489758,0.36922278135315256,9
796,5.921143326497187,6.819543935541868,0.898400609044681,6
797,6.162076957874911,5.128399268717806,-1.0336776891571047,9
798,6.163936099611852,4.948070481518941,-1.215865618092911,2
799,6.281949674172779,6.4679039465228,0.18595427235002138,6
800,6.60211572085584,6.284656282788515,-0.317459438067325,9
801,6.1396560997556024,6.556302500767287,0.4166464010116844,8
802,5.701235475142864,4.858537197569639,-0.8426982775732252,5
803,5.602233226780497,5.230448921378274,-0.3717843054022225,5
804,5.655594713756392,4.728028954420519,-0.9275657593358728,10
805,5.855425670605688,4.0,-1.8554256706056877,10
806,6.174709760417061,6.049218022670182,-0.12549173774687894,1
807,5.861286174056687,4.826074802700826,-1.035211371355861,2
808,4.993392060088721,5.760422483423212,0.7670304233344911,3
809,4.627589392267025,4.041392685158225,-0.5861967071087992,1
810,5.51125639512803,5.00987563371216,-0.5013807614158701,5
811,5.638509134846306,5.02938377768521,-0.609125357161096,1
812,5.796413275403205,5.544811911757776,-0.2516013636454293,5
813,5.471443494563204,5.041392685158225,-0.4300508094049782,3
814,5.285797072539301,5.61066016308988,0.32486309055057827,7
815,5.128824061513772,5.045322978786658,-0.0835010827271141,10
816,4.546017645954545,4.0178677189635055,-0.5281499269910395,5
817,5.259441522770944,5.96189547366785,0.7024539508969063,1
818,4.027269318422196,4.022428371185487,-0.0048409472367083595,2
819,5.462101805772278,4.468347330412158,-0.9937544753601202,1
820,5.657152076392405,5.748188027006201,0.09103595061379544,1
821,5.067359511895808,4.389095173354185,-0.6782643385416227,9
822,4.602081229028734,4.17897694729317,-0.42310428173556414,8
823,5.713763304421206,5.781036938621132,0.06727363419992649,7
824,4.544817118141286,4.0,-0.5448171181412862,6
825,5.926757196205563,4.812913356642856,-1.1138438395627075,7
826,5.603318426575495,5.68930885912362,0.0859904325481251,6
827,5.571418689588605,5.851258348719076,0.27983965913047104,8
828,5.480873004636565,5.189209489582306,-0.2916635150542586,7
829,4.74623016493875,4.049218022670182,-0.6970121422685684,2
830,5.519051400436714,4.7160033436348,-0.8030480568019138,8
831,5.274513877462933,6.763427993562937,1.4889141161000037,10
832,5.573059225727488,3.832508912706236,-1.7405503130212518,5
833,5.0163336609609726,5.079181246047625,0.06284758508665256,8
834,4.993392060088721,3.4771212547196626,-1.5162708053690581,3
835,4.5632576348835645,5.285557309007774,0.7222996741242094,9
836,5.516028497014544,6.2552725051033065,0.7392440080887628,4
837,5.698005428050891,4.845098040014257,-0.852907388036634,8
838,5.710922725801276,6.079181246047625,0.3682585202463491,5
839,4.428445612562479,4.4048337166199385,-0.02361189594254043,4
840,5.716125981282927,4.79982283099332,-0.9163031502896066,10
841,5.400726481710086,6.698970004336019,1.298243522625933,4
842,4.682242902411045,3.494154594018443,-1.1880883083926022,2
843,5.47194461506022,6.079181246047625,0.6072366309874049,3
844,5.479235636299923,4.017033339298781,-1.4622022970011423,1
845,4.973522393217317,4.544068044350276,-0.4294543488670417,2
846,4.94919628826936,3.342422680822206,-1.606773607447154,1
847,2.7735830750785007,4.1027766148834415,1.3291935398049408,6
848,5.200140928030414,3.9190780923760737,-1.2810628356543399,7
849,5.137997271521311,6.0,0.8620027284786893,6
850,5.699342139989981,5.7363965022766426,0.03705436228666148,7
851,5.417418629415469,4.562173863364649,-0.85524476605082,8
852,5.537933369620531,4.445604203273597,-1.0923291663469339,6
853,5.621362848324256,5.477121254719663,-0.1442415936045931,8
854,5.715291877160293,5.064457989226918,-0.6508338879333753,9
855,5.462298230877472,7.176091259055681,1.713793028178209,4
856,5.545482033305542,6.041392685158225,0.49591065185268324,10
857,6.55884847146719,5.541579243946581,-1.0172692275206092,6
858,5.471566457072254,4.994317152669637,-0.47724930440261737,6
859,5.6091247417655,5.079181246047625,-0.529943495717875,3
860,4.900923997459868,4.54282542695918,-0.3580985705006885,10
861,5.542945445507124,6.477121254719663,0.9341758092125385,2
862,5.49703962567127,5.571708831808688,0.07466920613741745,6
863,5.614716253476845,6.633468455579586,1.0187522021027409,10
864,6.2208964967981535,6.363047594521094,0.1421510977229401,4
865,4.9623914985901845,4.212187604403958,-0.7502038941862263,2
866,5.172319001025148,4.972619339059624,-0.19969966196552402,8
867,4.499583134834377,6.079181246047625,1.5795981112132482,5
868,4.692220871252397,5.073791642808014,0.3815707715556167,7
869,5.617118895571386,4.704853744566289,-0.9122651510050979,6
870,5.047036677676996,5.518513939877887,0.47147726220089137,10
871,4.670089726952073,4.953663063747091,0.28357333679501817,10
872,5.771975903017205,4.792391689498253,-0.9795842135189528,7
873,4.964896218842974,4.117271295655764,-0.8476249231872099,1
874,5.260636358768248,6.3979400086720375,1.1373036499037896,1
875,4.151685707397585,4.568201724066995,0.4165160166694104,7
876,4.78139559513324,4.357172257723033,-0.4242233374102069,8
877,5.625344562035291,5.089905111439398,-0.5354394505958933,9
878,4.596098866100112,4.683947130751513,0.0878482646514005,10
879,5.664446045763072,5.903089986991944,0.23864394122887145,1
880,6.031306712615901,5.390122251506701,-0.6411844611092006,9
881,5.978755302596878,5.477121254719663,-0.5016340478772152,2
882,6.198191659637283,6.4623979978989565,0.2642063382616735,7
883,6.276753707721331,4.76789761601809,-1.5088560917032403,9
884,4.828566719448633,4.743509764728429,-0.08505695472020403,7
885,4.334585139540064,4.643452676486188,0.30886753694612423,7
886,4.485918019866928,5.811709026696192,1.325791006829264,4
887,4.924221801941495,4.887054378050957,-0.037167423890537954,4
888,4.802015535669202,3.857332496431269,-0.9446830392379333,3
889,4.126591776577571,3.792391689498254,-0.3342000870793167,1
890,4.014121802602623,3.763427993562937,-0.25069380903968597,7
891,4.188547288703113,3.544068044350276,-0.6444792443528367,10
892,4.042828928155104,3.9242792860618816,-0.11854964209322238,2
893,5.558452596064181,6.3979400086720375,0.8394874126078564,2
894,4.512194341566981,4.382017042574868,-0.1301772989921126,7
895,5.364662727933831,6.079181246047625,0.7145185181137945,8
896,5.870277124038158,5.658011396657113,-0.21226572738104554,9
897,4.772677859232561,3.8790958795000727,-0.8935819797324887,10
898,4.4539091075479185,6.079181246047625,1.6252721384997066,2
899,4.381133014355635,4.495544337546448,0.11441132319081326,5
900,4.580083644015572,6.102135154272175,1.5220515102566035,3
901,4.749051215779579,5.176091259055681,0.42704004327610257,6
902,4.676904851960172,3.462397997898956,-1.214506854061216,8
903,5.468804126702889,6.049218022670182,0.5804138959672933,3
904,4.821976130170058,4.303196057420489,-0.5187800727495695,3
905,4.72911360536444,3.6989700043360174,-1.0301436010284228,2
906,4.699853556856222,4.817565369559781,0.11771181270355946,4
907,4.429715167206798,5.505149978319906,1.0754348111131087,5
908,4.83428677517896,4.3979400086720375,-0.4363467665069223,7
909,4.549745856907967,4.721810615212546,0.1720647583045789,6
910,4.0836990743932855,4.505149978319906,0.42145090392662077,4
911,4.301649987620376,3.2380461031287955,-1.0636038844915805,8
912,4.302419340322809,4.5910646070265,0.28864526670369184,7
913,4.576006102891383,4.8221680793680175,0.24616197647663451,9
914,5.0507645604932865,3.230448921378274,-1.8203156391150124,2
915,4.392150311614454,2.6020599913279625,-1.7900903202864917,3
916,4.818633871428445,3.008600171761917,-1.810033699666528,2
917,5.749613810847039,5.949390006644912,0.19977619579787298,5
918,4.897476598117044,6.778151250383644,1.8806746522665998,6
919,6.15009720407399,7.0,0.8499027959260097,7
920,6.01980939165165,5.331589240955137,-0.6882201506965133,8
921,3.8408327389541577,5.176091259055681,1.3352585201015237,2
922,6.134590349404024,6.170555058521209,0.03596470911718441,5
923,5.120143144461068,6.146128035678238,1.0259848912171705,6
924,6.225385370496951,5.982271233039568,-0.24311413745738264,7
925,5.395965628356089,6.209246848753374,0.8132812203972843,3
926,6.095058121538528,5.750045312011768,-0.34501280952676083,4
927,6.3562186958023625,5.401055725771844,-0.9551629700305186,8
928,6.188612438190286,6.419129307741976,0.23051686955168993,9
929,6.146685626471211,6.380211241711606,0.23352561524039572,10
930,5.9367378525859245,6.505149978319906,0.5684121257339818,3
931,5.513345749576435,6.204119982655925,0.6907742330794902,6
932,5.64451042050101,4.939019776448666,-0.7054906440523441,4
933,5.056992522048298,4.79309160017658,-0.2639009218717181,7
934,5.428654572010072,6.32221929473392,0.8935647227238483,7
935,6.314457405429636,6.382017042574868,0.06755963714523272,8
936,6.077438022292791,6.366982975977851,0.28954495368506006,4
937,5.941463542988669,6.176091259055681,0.2346277160670125,2
938,5.323020313051205,6.535863520712453,1.2128432076612476,3
939,5.307139876248448,5.924279286061882,0.6171394098134337,3
940,5.856069154944827,6.062205808819713,0.20613665387488567,1
941,6.046733848288648,6.0,-0.046733848288647906,6
942,5.9951698156334725,6.12057393120585,0.12540411557237707,2
943,4.981227431114335,4.66661156841903,-0.3146158626953053,5
944,6.012164646651055,7.0178677189635055,1.0057030723124507,4
945,5.7136765073779054,6.079181246047625,0.36550473866971966,7
946,5.941083598563888,6.567144045195657,0.6260604466317687,5
947,6.011817289328345,5.414973347970818,-0.5968439413575268,7
948,6.037766801173049,6.021189299069938,-0.01657750210311093,5
949,5.933544646396251,6.517195897949974,0.5836512515537233,4
950,5.927694828017014,5.934498451243568,0.006803623226554478,2
951,5.6809086477044,6.32221929473392,0.6413106470295205,9
952,5.784072556092515,6.301029995663981,0.516957439571466,6
953,5.600053515172591,6.531478917042255,0.9314254018696646,7
954,5.9891713754774685,6.003115717099806,0.01394434162233793,9
955,5.874051335323811,6.3979400086720375,0.5238886733482264,10
956,3.609326923369684,3.9242792860618816,0.3149523626921975,9
957,5.078049429042606,4.597826770377936,-0.48022265866466984,10
958,4.887428424942519,3.42845877351558,-1.4589696514269392,7
959,6.1090867139348175,6.4623979978989565,0.353311283964139,8
960,6.080203931897031,6.898664858722267,0.8184609268252361,10
961,5.862804283824174,5.847276448275631,-0.015527835548542868,8
962,5.659299455891164,5.44178936653435,-0.21751008935681337,1
963,6.2000474548863025,4.530839778616521,-1.6692076762697816,2
964,5.326775509770823,6.607455023214668,1.280679513443845,4
965,5.968089929636256,4.440909082065217,-1.5271808475710387,5
966,6.150309761944132,5.596597095626461,-0.5537126663176712,6
967,5.624718065768246,4.275080898456858,-1.3496371673113874,7
968,5.656046865638361,5.110589710299249,-0.5454571553391121,6
969,6.0748224600677245,5.041392685158225,-1.0334297749094992,7
970,6.002715132107236,7.0,0.9972848678927644,7
971,6.182301464997214,5.998808399880894,-0.1834930651163198,8
972,5.828786252566236,7.602059991327962,1.7732737387617252,9
973,6.659044469903169,5.653212513775344,-1.0058319561278246,5
974,5.753472416155349,5.0,-0.7534724161553488,6
975,5.9168140510553835,4.661812685537261,-1.2550013655181225,10
976,6.031311135024954,6.7160033436348,0.6846922086098459,5
977,6.305401664515493,6.939519252618618,0.6341175881031251,7
978,5.619338818385557,4.249027052547187,-1.3703117658383697,1
979,2.774257960837865,1.6334684555795864,-1.1407895052582784,4
980,2.5268352383964787,2.182300499593339,-0.3445347388031399,8
981,5.986419218152848,4.008600171761918,-1.9778190463909304,9
982,6.105783746910083,5.400710636773232,-0.7050731101368513,5
983,5.778887848840998,6.078819183098848,0.2999313342578507,2
984,5.963948646232777,4.736149402104994,-1.227799244127783,4
985,5.874022714665485,6.0,0.1259772853345149,4
986,5.3316814293933525,4.821840927200454,-0.5098405021928984,2
987,5.5960593668045515,5.648360010980932,0.05230064417638047,4
988,6.146616763897709,6.3979400086720375,0.2513232447743281,5
989,6.072890091190627,7.217483944213907,1.14459385302328,6
990,6.167197737514251,5.050147658020303,-1.1170500794939482,3
991,3.6953183342438325,3.959041392321093,0.2637230580772605,8
992,4.288401348140808,6.477121254719663,2.1887199065788545,8
993,6.197595833214315,7.544068044350276,1.3464722111359606,3
994,5.156825552128424,6.079181246047625,0.9223556939192008,5
995,4.9647112302340055,6.146128035678238,1.1814168054442327,10
996,5.6243587226552245,5.146128035678238,-0.47823068697698634,8
997,5.910363157858484,5.534026106056135,-0.37633705180234855,4
998,6.008791145656848,7.434568904034199,1.4257777583773512,3
999,5.73968677663236,5.826074802700826,0.08638802606846596,6
1000,5.83059649537293,6.401400540781544,0.5708040454086136,2
1001,5.687335353959746,6.079181246047625,0.3918458920878791,2
1002,5.6153922327547,5.021189299069938,-0.5942029336847616,8
1003,5.55160589519091,5.604118006192035,0.05251211100112485,8
1004,5.759335865394816,4.124504224834283,-1.6348316405605336,3
1005,4.741798986791586,3.5575072019056577,-1.1842917848859287,5
1006,5.019219411106305,2.9542425094393248,-2.0649769016669803,6
1007,4.5918937150544785,3.942008053022313,-0.6498856620321654,5
1008,4.943947177365459,3.5118833609788744,-1.4320638163865844,8
1009,5.56064429567104,6.621974524899735,1.0613302292286955,6
1010,5.859062729094591,5.423360578084977,-0.43570215100961374,3
1011,5.720912515225127,5.6776069527204935,-0.043305562504633244,8
1012,4.645433563774125,6.0,1.3545664362258751,9
1013,5.2966220275200895,6.146128035678238,0.8495060081581487,1
1014,6.295232351030394,6.161846959528519,-0.133385391501875,9
1015,6.111502209736733,6.079181246047625,-0.03232096368910753,8
1016,2.092830383526119,3.103803720955957,1.0109733374298377,10
1017,6.3814475823218215,7.244277120801843,0.8628295384800211,10
1018,6.380468335882443,7.08278537031645,0.7023170344340066,2
1019,6.633651519108841,6.133538908370218,-0.5001126107386229,8
1020,5.552680089300818,6.778151250383644,1.225471161082826,10
1021,6.3814475823218215,7.57978359661681,1.1983360142949886,10
1022,5.8012774318284395,5.27415784926368,-0.5271195825647599,3
1023,5.974350049820597,5.342422680822207,-0.6319273689983902,4
1024,5.60563274503158,5.826074802700826,0.22044205766924563,7
1025,5.700949295779788,4.359835482339888,-1.3411138134398994,10
1026,6.555317902237143,6.763427993562937,0.2081100913257936,1
1027,5.872543390744589,5.832508912706237,-0.04003447803835236,4
1028,5.092869416940489,3.871164132802949,-1.2217052841375398,10
1029,5.476684836242539,5.426023015689876,-0.050661820552662995,5
1030,6.242196524500898,8.229681842317676,1.9874853178167786,7
1031,6.242196524500898,8.229681842317676,1.9874853178167786,7
1032,6.669735550538656,8.414973347970818,1.7452377974321625,7
1033,3.999933823541115,4.515343893088381,0.5154100695472659,5
1034,2.8885501695711757,1.6989700043360187,-1.189580165235157,3
1035,4.758669913955586,4.431363764158987,-0.3273061497965992,7
1036,5.180549420820598,5.406540180433956,0.22599075961335835,2
1037,5.609324840771071,6.400365273349939,0.7910404325788676,3
1038,5.2389596842645725,6.301029995663981,1.0620703113994088,10
1039,4.622105558179376,4.845098040014257,0.22299248183488096,8
1040,5.452662639107253,3.845098040014257,-1.6075645990929956,4
1041,4.174287472943849,4.845098040014257,0.6708105670704079,4
1042,5.134543029357415,6.707570176097937,1.5730271467405217,7
1043,4.982582003387439,6.386677283960838,1.404095280573399,1
1044,5.427333802563184,5.664641975556125,0.23730817299294138,10
1045,4.946290542099615,4.342225229360791,-0.6040653127388245,9
1046,4.964539505619515,5.672097857935717,0.7075583523162017,2
1047,2.8448547105235065,3.083502619830268,0.23864790930676172,5
1048,4.067628391955315,3.3014640731433,-0.7661643188120153,7
1049,5.984603180175631,5.987634987448437,0.003031807272805942,2
1050,6.27568837581374,6.506505032404872,0.23081665659113249,1
1051,6.152998789257051,6.068185861746161,-0.08481292751088976,10
1052,5.570761067125346,5.509202522331103,-0.061558544794243275,7
1053,5.821644560419147,5.673020907128897,-0.14862365329025007,5
1054,5.948029076279936,5.892094602690481,-0.05593447358945536,6
1055,6.045369581228479,5.673020907128897,-0.37234867409958206,6
1056,5.798138012325056,6.207095540419218,0.4089575280941613,10
1057,5.480813827049135,4.176091259055681,-1.304722567993454,4
1058,6.066138544477171,5.146128035678238,-0.9200105087989332,4
1059,5.94127944262857,6.533517862016968,0.5922384193883978,9
1060,5.046441391080025,4.4623979978989565,-0.5840433931810685,9
1061,6.126645556235845,5.0,-1.1266455562358448,3
1062,6.481487387515309,6.152288344383057,-0.32919904313225246,8
1063,5.716993340459249,5.238522812218293,-0.4784705282409556,6
1064,5.5546106657477035,5.639486489268586,0.08487582352088285,10
1065,5.9798721633532175,5.672097857935717,-0.3077743054175004,7
1066,5.878185480131081,6.176091259055681,0.29790577892460046,8
1067,5.406833115659552,5.774838005983815,0.3680048903242632,6
1068,5.287927952827118,4.681241237375588,-0.6066867154515307,2
1069,5.298522643676139,4.017033339298781,-1.2814893043773585,8
1070,5.686686139563722,6.123165370902919,0.43647923133919697,8
1071,5.858234642683372,6.835500327867319,0.977265685183947,10
1072,5.847014063507076,6.078819183098848,0.23180511959177252,8
1073,3.559649388759374,3.633468455579586,0.07381906682021233,5
1074,5.306610998489276,6.278753600952829,0.9721426024635527,6
1075,5.588765330015372,3.819872821950546,-1.768892508064826,1
1076,5.88451626017857,6.32221929473392,0.43770303455535053,10
1077,5.96917375083715,5.737272176535544,-0.23190157430160596,8
1078,5.268166049711526,3.886490725172482,-1.3816753245390445,1
1079,5.25750444732727,5.797267540830717,0.5397630935034465,6
1080,5.623615916862302,5.371067862271736,-0.25254805459056584,6
1081,5.150202111332225,5.647715410691554,0.497513299359329,8
1082,5.469058072909277,4.872738827472669,-0.5963192454366082,10
1083,5.921788580755589,7.332438459915605,1.4106498791600162,4
1084,3.5803603315291728,3.096910013008056,-0.483450318521117,6
1085,6.367650919221079,5.146128035678238,-1.2215228835428409,6
1086,5.858091105259649,7.4271224218663345,1.5690313166066856,10
1087,6.071482832842893,5.0,-1.071482832842893,2
1088,6.359332816695565,7.860936620700094,1.501603804004529,6
1089,6.155718432702143,5.174931593528442,-0.9807868391737005,3
1090,6.705792930513743,8.09642333059527,1.3906304000815268,5
1091,6.036676235500407,6.021189299069938,-0.01548693643046839,4
1092,5.387442199024638,5.729326809646861,0.3418846106222233,8
1093,5.421274708417562,5.346352974450639,-0.07492173396692348,5
1094,5.36536681965022,5.149527013754348,-0.2158398058958726,4
1095,5.569269984955162,5.2552725051033065,-0.31399747985185567,10
1096,5.980805149415091,6.176091259055681,0.19528610964059023,3
1097,5.178632624561908,5.301029995663981,0.12239737110207294,7
1098,3.5267795265921844,2.6989700043360187,-0.8278095222561657,7
1099,2.391753679380038,3.0791812460476247,0.6874275666675866,8
1100,3.5005198526468653,2.615529223637133,-0.8849906290097325,6
1101,3.90439785423631,2.650501794878367,-1.2538960593579431,5
1102,3.5126162134915897,2.630427875025024,-0.8821883384665656,3
1103,3.3992255350323086,3.556302500767288,0.15707696573497953,1
1104,3.3471123164478893,2.9912260756924947,-0.35588624075539466,10
1105,4.10875627296802,2.9474337218870508,-1.1613225510809695,3
1106,3.276801329480159,3.4885507165004443,0.21174938702028534,6
1107,4.47362773099882,3.510545010206612,-0.9630827207922081,4
1108,3.8122524128760444,2.419955748489758,-1.3922966643862864,4
1109,6.055470141226891,5.278753600952829,-0.7767165402740623,9
1110,5.7144510887499305,6.004321373782642,0.2898702850327117,4
1111,5.5960593668045515,6.176091259055681,0.5800318922511298,4
1112,4.436240878277625,5.008600171761918,0.5723592934842934,4
1113,6.110650527306689,5.819543935541868,-0.29110659176482034,1
1114,5.867438471708503,5.600972895686748,-0.2664655760217549,1
1115,5.9244779802974845,6.4623979978989565,0.537920017601472,8
1116,2.051480919810348,2.886490725172482,0.8350098053621338,3
1117,6.155591172569541,6.3979400086720375,0.24234883610249636,7
1118,6.38463130692474,6.3979400086720375,0.013308701747297924,7
1119,6.253296599163385,6.246498580795801,-0.006798018367584646,8
1120,5.887479756577054,5.286613631657004,-0.6008661249200502,4
1121,5.916594852049541,6.079181246047625,0.16258639399808406,5
1122,4.76286454631481,3.886490725172482,-0.876373821142328,9
1123,5.777281798425409,5.698970004336019,-0.07831179408939004,10
1124,5.883532766492041,5.704150516839799,-0.17938224965224236,5
1125,5.797644013208219,5.260071387985075,-0.5375726252231443,2
1126,6.289962779106418,5.738066714777469,-0.5518960643289486,10
1127,6.142101331173086,6.146128035678238,0.004026704505152523,8
1128,5.419675074840511,4.477121254719663,-0.9425538201208488,7
1129,5.892191274878089,6.278753600952829,0.38656232607474017,10
1130,6.041266815814505,6.365487984890899,0.3242211690763943,10
1131,6.118193028526246,6.447158031342219,0.3289650028159734,6
1132,5.977694915613029,6.0,0.02230508438697143,3
1133,5.879268455779856,6.3979400086720375,0.5186715528921813,4
1134,5.277808357788805,5.938919812244772,0.6611114544559671,1
1135,5.807976402601548,5.484299839346786,-0.3236765632547618,9
1136,5.899630323509944,7.301029995663981,1.401399672154037,9
1137,5.87287776611773,5.954242509439325,0.08136474332159516,5
1138,5.775423593601441,6.6020599913279625,0.8266363977265216,1
1139,6.0626214689726385,6.972202838379064,0.9095813694064256,8
1140,5.403250605117236,6.301029995663981,0.897779390546745,7
1141,6.059788089278846,6.248267603534647,0.18847951425580156,8
1142,6.332467939269945,6.380211241711606,0.047743302441661584,1
1143,5.937782403191766,6.301029995663981,0.3632475924722156,9
1144,5.903249545616187,6.32221929473392,0.41896974911773377,3
1145,6.2401976902872045,6.380211241711606,0.14001355142440186,3
1146,6.12944436187363,6.380211241711606,0.2507668798379763,2
1147,6.408223926574364,5.603198520676098,-0.8050254058982667,9
1148,6.014883305421091,6.32221929473392,0.3073359893128291,8
1149,5.910387059372153,6.017033339298781,0.10664627992662812,4
1150,6.200643632942013,6.197831693328903,-0.002811939613110326,8
1151,6.216390627724533,6.171480722621874,-0.04490990510265913,1
1152,6.204826528609435,7.105510184769974,0.9006836561605391,10
1153,5.7437308890954,6.373095987078727,0.6293650979833272,9
1154,5.7476873731283,5.419955748489758,-0.3277316246385418,10
1155,6.0746519216733255,6.332438459915605,0.2577865382422795,2
1156,5.862979665096509,6.079181246047625,0.2162015809511164,2
1157,6.137461957080817,5.124830149413859,-1.012631807666958,1
1158,6.1170831432983075,6.486146996806573,0.36906385350826554,9
1159,6.21679668845163,6.174931593528442,-0.04186509492318802,2
1160,6.526282141300228,5.886490725172482,-0.6397914161277454,2
1161,4.949593081984,5.725911632295048,0.7763185503110481,7
1162,6.422485297160062,5.413132050434872,-1.0093532467251896,10
1163,6.633171353997791,7.292256071356476,0.6590847173586853,1
1164,6.55225802031715,6.698970004336019,0.14671198401886887,3
1165,6.394803447312799,7.519827993775719,1.12502454646292,6
1166,6.928046316365335,7.188037055006895,0.25999073864155964,8
1167,6.8474288753830885,8.071882007306126,1.2244531319230374,4
1168,5.7340473379505,5.982271233039568,0.24822389508906806,6
1169,6.64709726018536,6.973127853599698,0.3260305934143384,2
1170,6.438262230943188,6.077731179652392,-0.36053105129079643,3
1171,6.430964928637084,6.3979400086720375,-0.03302491996504653,9
1172,6.746791396562787,7.294466226161593,0.5476748295988063,1
1173,6.58415614398858,7.333648756514701,0.7494926125261205,2
1174,6.4987212625301165,7.793755472155577,1.2950342096254603,5
1175,6.736134755242554,6.087071205906535,-0.6490635493360184,1
1176,6.4987212625301165,6.0,-0.4987212625301165,5
1177,6.694428487917913,6.544068044350276,-0.1503604435676369,4
1178,6.977890329349649,7.845098040014257,0.8672077106646077,1
1179,6.101016830141107,7.301029995663981,1.2000131655228738,1
1180,5.827110036488982,6.975431808509263,1.1483217720202807,10
1181,6.761637873740062,6.184691430817598,-0.5769464429224636,4
1182,5.756006980730026,6.281033367247727,0.525026386517701,2
1183,6.350094016075781,5.012837224705172,-1.337256791370609,9
1184,6.782639961835216,7.735997884091794,0.9533579222565782,10
1185,6.730113540368961,5.301029995663981,-1.4290835447049801,1
1186,6.078441904709076,6.618633737597086,0.5401918328880093,9
1187,6.622097161250175,7.665017825412472,1.0429206641622972,3
1188,6.747657967647927,6.361727836017593,-0.3859301316303343,3
1189,6.421642395426236,6.886490725172482,0.46484832974624624,5
1190,6.1660882148210066,7.477121254719663,1.311033039898656,4
1191,5.98739045414896,6.079181246047625,0.09179079189866535,2
1192,6.651270962034685,6.744918542441353,0.09364758040666832,2
1193,6.883991929979644,5.2455126678141495,-1.6384792621654949,3
1194,6.631634711618522,6.698970004336019,0.06733529271749639,9
1195,6.515949598215762,7.174234304941022,0.6582847067252597,8
1196,6.356619570471131,6.047140468477217,-0.30947910199391426,7
1197,5.894146946696336,5.628388930050312,-0.26575801664602405,1
1198,6.646764182560435,7.204119982655925,0.5573558000954897,7
1199,6.505249227331569,6.900312496983727,0.3950632696521579,8
1200,5.421365330288741,6.0,0.578634669711259,2
1201,5.623088996200856,4.041392685158225,-1.5816963110426308,6
1202,6.381711631586848,5.352240420182231,-1.0294712114046165,6
1203,6.298896436943651,6.0,-0.2988964369436511,5
1204,6.27120088663007,6.3807537708039,0.10955288417383002,3
1205,5.810581238125289,6.07700432679335,0.26642308866806097,4
1206,5.7609970827317385,6.252124552505644,0.49112746977390564,4
1207,6.052336989188578,6.006037954997317,-0.0462990341912608,9
1208,6.116531128227905,5.913018683747961,-0.20351244447994432,6
1209,5.906189054644314,5.742725131304698,-0.16346392333961646,5
1210,5.9493064022931055,4.845098040014257,-1.1042083622788486,6
1211,6.047994221128091,5.857030798272624,-0.19096342285546708,2
1212,5.773903604665718,6.078094150406411,0.3041905457406928,6
1213,6.47555148686436,6.382233234970556,-0.0933182518938036,8
1214,5.974129346039791,6.093421685162235,0.11929233912244364,8
1215,5.939626392506615,5.78625439578978,-0.1533719967168352,10
1216,5.77342801286138,5.963787827345556,0.19035981448417516,7
1217,5.9670641743994315,6.093421685162235,0.12635751076280322,4
1218,5.92651902392036,4.88309335857569,-1.04342566534467,9
1219,6.022595065147974,5.123851640967086,-0.8987434241808883,8
1220,5.960382898448796,6.176091259055681,0.21570836060688503,5
1221,4.422947716246037,3.3010299956639813,-1.121917720582056,4
1222,5.98838460150625,6.392978186542541,0.4045935850362907,5
1223,6.102621263373732,6.463445031770428,0.3608237683966964,8
1224,5.787697506432666,5.0,-0.7876975064326661,9
1225,5.897857478710635,6.544068044350276,0.6462105656396409,3
1226,6.100455623574365,6.75427186868346,0.6538162451090956,2
1227,6.069102256001063,6.152288344383057,0.0831860883819937,2
1228,5.452319215833482,6.079181246047625,0.6268620302141432,1
1229,5.872964432384337,6.544068044350276,0.6711036119659388,3
1230,6.039711325465158,5.850033257689769,-0.18967806777538954,1
1231,6.038874060624924,5.187520720836463,-0.851353339788461,7
1232,6.376851399715213,6.432327792261604,0.055476392546390585,1
1233,6.237354457787523,6.776701183988411,0.539346726200888,6
1234,6.034052086720845,5.02938377768521,-1.004668309035635,7
1235,5.825422515508629,6.360404054729939,0.5349815392213095,7
1236,5.728292599262636,6.176091259055681,0.4477986597930457,2
1237,5.74364650994609,5.787318756624548,0.04367224667845804,4
1238,5.842151564864768,3.89209460269048,-1.9500569621742878,10
1239,4.5581266833976875,4.096910013008056,-0.4612166703896312,6
1240,4.349361676206146,3.404833716619938,-0.9445279595862082,6
1241,5.222249145711103,5.816506437046357,0.5942572913352535,10
1242,5.7122852109516336,4.968482948553935,-0.7438022623976988,7
1243,4.3327550970921775,3.833147111912785,-0.4996079851793924,8
1244,5.381010794032101,6.146128035678238,0.7651172416461369,1
1245,4.587383642331422,4.008600171761918,-0.5787834705695039,3
1246,5.507945815873099,4.0,-1.5079458158730992,5
1247,5.218039644821271,4.089905111439398,-1.128134533381873,5
1248,5.576849856659824,3.770852011642144,-1.8059978450176803,9
1249,4.922012826275776,3.6020599913279625,-1.3199528349478138,1
1250,3.9247874102319846,3.869231719730976,-0.055555690501008836,9
1251,4.0914715500901675,3.206825876031849,-0.8846456740583184,6
1252,4.288130632474185,3.589949601325708,-0.6981810311484766,6
1253,4.778726227418609,2.903089986991944,-1.8756362404266649,4
1254,5.277079255691985,4.167317334748176,-1.1097619209438099,9
1255,4.72214945098811,4.035829825252828,-0.6863196257352815,2
1256,5.875940976378939,6.024046225131059,0.1481052487521195,9
1257,4.0141099918068734,5.247973266361806,1.233863274554933,9
1258,5.7157336544852315,6.491361693834273,0.7756280393490416,6
1259,6.534295636847449,4.833147111912785,-1.7011485249346636,4
1260,5.922680156059546,6.334453751150931,0.41177359509138434,6
1261,6.040003374982655,7.708420900134713,1.6684175251520577,6
1262,5.808124474438948,4.698970004336019,-1.1091544701029292,7
1263,5.694222392640504,6.32221929473392,0.6279969020934164,3
1264,4.841485273593468,6.2812606870550125,1.4397754134615441,10
1265,5.928849820179734,6.230448921378274,0.3015991011985397,3
1266,5.8167021680074695,5.0,-0.8167021680074695,9
1267,6.050642424051509,4.26150077319828,-1.789141650853229,10
1268,6.144417025726208,7.077222510411053,0.9328054846848453,5
1269,6.366567505699619,7.05865374157237,0.6920862358727513,3
1270,5.573557819787817,5.0,-0.5735578197878173,3
1271,4.681593465069498,3.709269960975831,-0.9723235040936671,5
1272,5.21214240219644,3.431363764158988,-1.780778638037452,3
1273,4.917754232041299,5.0,0.08224576795870142,7
1274,5.50480317349739,6.079181246047625,0.5743780725502354,3
1275,4.027612551660918,3.770852011642144,-0.25676054001877446,10
1276,5.793993976183601,6.383653821462558,0.5896598452789572,3
1277,6.25611139234787,6.281941933440825,0.025830541092954462,5
1278,5.577298185794146,4.152288344383057,-1.4250098414110894,1
1279,4.836337453495308,6.176091259055681,1.339753805560373,8
1280,5.406710768881287,4.195899652409234,-1.210811116472053,2
1281,3.998504900368513,3.3010299956639813,-0.6974749047045319,6
1282,6.099782803077393,6.079181246047625,-0.02060155702976818,9
1283,5.470445346275302,5.311753861055754,-0.15869148521954823,4
1284,4.977388611233134,5.041392685158225,0.06400407392509155,3
1285,5.462131231082002,4.41161970596323,-1.0505115251187718,1
1286,5.921913319757143,4.249198357391113,-1.6727149623660305,6
1287,5.889281849415647,5.17897694729317,-0.710304902122477,3
1288,4.696727265439126,6.119915410257991,1.423188144818865,1
1289,4.714265789860317,6.0,1.2857342101396831,5
1290,4.972168998077638,3.824125833916549,-1.148043164161089,8
1291,5.036769367571886,3.740362689494244,-1.2964066780776422,9
1292,4.8990766383405475,3.146128035678238,-1.7529486026623093,1
1293,6.02167325017853,5.380211241711606,-0.6414620084669238,8
1294,4.9467330069220425,5.271841606536499,0.32510859961445604,10
1295,6.224302191844824,5.365487984890899,-0.8588142069539249,4
1296,6.564759276214438,6.778874472002739,0.21411519578830074,3
1297,6.166022932997436,5.880813592280791,-0.2852093407166443,10
1298,6.216065302558004,6.3979400086720375,0.18187470611403356,6
1299,6.071715916810586,6.377563035549853,0.3058471187392673,1
1300,6.276303302103029,5.518513939877887,-0.7577893622251421,9
1301,6.194342200770242,4.698970004336019,-1.4953721964342233,7
1302,6.019533951288504,5.949390006644912,-0.07014394464359164,1
1303,6.159279937302551,6.247924190766308,0.08864425346375704,6
1304,5.68864943162796,7.602059991327962,1.9134105597000017,8
1305,6.017334208552865,5.553883026643875,-0.46345118190899015,4
1306,5.899630323509944,6.278753600952829,0.37912327744288454,9
1307,6.421642395426236,6.445311461756064,0.023669066329827793,5
1308,6.272842367993243,5.622214022966295,-0.6506283450269477,3
1309,6.117992068619605,6.201397124320452,0.08340505570084655,4
1310,5.091627639895638,6.176091259055681,1.0844636191600436,8
1311,5.836360605847758,5.927370363039024,0.0910097571912667,3
1312,5.887609674485861,6.079181246047625,0.19157157156176385,7
1313,6.163718552144972,6.2405492482826,0.0768306961376286,6
1314,6.147010532665184,5.891147030448771,-0.2558635022164131,6
1315,5.930542200536661,6.0,0.06945779946333897,6
1316,5.984804655939361,5.847572659142112,-0.13723199679724907,4
1317,5.943897178323197,5.931966114728173,-0.01193106359502405,3
1318,5.95321804063365,5.146778989307833,-0.8064390513258166,6
1319,5.940117213027052,5.079181246047625,-0.8609359669794268,1
1320,4.333673618275888,5.021189299069938,0.6875156807940499,3
1321,5.32725238976305,6.0,0.6727476102369501,9
1322,5.934062976147424,6.008600171761918,0.07453719561449379,6
1323,5.979370583419694,6.220108088040055,0.2407375046203608,7
1324,6.135101934378741,6.214843848047698,0.07974191366895678,1
1325,5.932156315783693,6.113943352306837,0.18178703652314354,5
1326,5.518877404511638,6.257051875069349,0.7381744705577109,6
1327,4.568139752344293,5.2552725051033065,0.6871327527590134,9
1328,5.983924665038827,6.041392685158225,0.057468020119398666,1
1329,6.439286814581894,6.6020599913279625,0.16277317674606895,4
1330,6.144252653892339,4.986771734266245,-1.157480919626094,1
1331,5.934400663545697,6.08278537031645,0.1483847067707531,7
1332,6.120564532109595,5.181843587944773,-0.9387209441648228,10
1333,6.2006439781081095,5.687261346243506,-0.5133826318646033,3
1334,5.9419876342286955,6.2455126678141495,0.303525033585454,3
1335,6.00047108262257,6.776327733563306,0.7758566509407361,7
1336,6.146237831883755,6.056904851336473,-0.08933298054728223,6
1337,5.690280915587368,6.113943352306837,0.4236624367194688,10
1338,5.874089533182505,6.441176499941076,0.5670869667585707,1
1339,5.911966306669685,5.332438459915605,-0.5795278467540799,1
1340,5.911307486792946,5.710117365111817,-0.2011901216811296,5
1341,5.920373474587125,6.008600171761918,0.08822669717479314,2
1342,6.106129909038641,5.552668216112194,-0.5534616929264473,5
1343,5.430707005687496,5.093421685162235,-0.33728532052526106,6
1344,5.866313019595701,4.6020599913279625,-1.2642530282677384,4
1345,6.132844883904579,5.895422546039408,-0.23742233786517097,1
1346,6.386204657996141,6.100752969451338,-0.2854516885448035,1
1347,5.939610846506859,6.0,0.06038915349314067,4
1348,5.745582149231941,5.788875115775417,0.043292966543475586,6
1349,5.7765669737485075,6.176091259055681,0.3995242853071739,9
1350,5.09064509983158,5.193124598354461,0.10247949852288141,7
1351,5.9819836264645705,5.051923916046107,-0.9300597104184636,8
1352,5.647327155780041,5.756636108245848,0.10930895246580707,9
1353,5.7212606387791025,6.431363764158987,0.7101031253798844,7
1354,5.695368053131153,6.0,0.304631946868847,9
1355,5.931862768482722,5.599883072073688,-0.331979696409034,4
1356,5.8555041542215776,5.716837723299524,-0.13866643092205333,8
1357,5.877714543273137,5.812913356642856,-0.06480118663028112,6
1358,6.295300382469679,7.929418925714293,1.6341185432446137,5
1359,5.919756869314431,5.862727528317975,-0.05702934099645596,1
1360,5.369371634598671,5.079181246047625,-0.2901903885510455,6
1361,5.572796664088998,5.278753600952829,-0.29404306313616946,5
1362,5.860755876076095,6.017033339298781,0.15627746322268532,3
1363,5.802383341669443,5.176091259055681,-0.6262920826137615,10
1364,5.524028807903763,6.079181246047625,0.5551524381438622,1
1365,6.4404010897192165,6.079181246047625,-0.36121984367159143,3
1366,5.7673260191439155,5.121559844187501,-0.6457661749564148,3
1367,5.669383053487137,4.912275210498812,-0.7571078429883249,10
1368,5.662962492971186,6.218272853571447,0.5553103606002612,4
1369,5.767400826451719,5.700617195682057,-0.06678363076966232,10
1370,5.974216353911348,6.924279286061882,0.9500629321505336,2
1371,5.926754657275944,6.134495855834674,0.20774119855872986,9
1372,5.958876344329724,6.509202522331103,0.5503261780013791,9
1373,6.049267640295465,6.590507462008583,0.541239821713118,2
1374,5.978342361133392,5.758911892397974,-0.2194304687354185,3
1375,5.805092827030586,6.079181246047625,0.27408841901703873,7
1376,5.940117213027052,6.7626785637274365,0.8225613507003846,1
1377,5.762837815002154,5.86391737695786,0.10107956195570633,9
1378,5.927949801311433,5.342422680822207,-0.5855271204892265,8
1379,5.909207568144856,6.033423755486949,0.1242161873420935,1
1380,5.683786991945454,5.518513939877887,-0.16527305206756715,3
1381,5.673553713414063,7.041392685158225,1.3678389717441624,5
1382,5.556898468780896,4.678518379040114,-0.8783800897407819,9
1383,5.521553448681664,6.066773037085025,0.545219588403361,8
1384,5.71798387345964,5.899820502427096,0.18183662896745645,8
1385,5.316155824017605,7.429752280002408,2.113596455984803,9
1386,5.600246242876862,6.612783856719736,1.0125376138428743,8
1387,5.562185811260523,6.503790683057181,0.9416048717966579,8
1388,6.129105042764742,5.240798771117332,-0.8883062716474104,3
1389,6.4301522656440016,5.968482948553935,-0.46166931709006676,6
1390,6.280505186415117,6.05307844348342,-0.22742674293169696,10
1391,4.762655300555609,6.008600171761918,1.2459448712063086,6
1392,6.143660810144687,4.954242509439325,-1.1894183007053618,6
1393,6.2019837542847505,6.770115294787102,0.5681315405023515,7
1394,6.877055952950997,6.418301291319746,-0.458754661631251,3
1395,6.006480033740763,7.0220157398177205,1.0155357060769576,7
1396,2.974726887704982,1.9242792860618816,-1.0504476016431004,10
1397,4.883789684384936,4.550228353055094,-0.3335613313298422,9
1398,4.435621037474982,6.354621218722914,1.9190001812479327,1
1399,5.356986350000253,5.856227259455358,0.49924090945510535,3
1400,5.598654623181925,6.052936217579409,0.45428159439748317,9
1401,5.05451218188571,6.431363764158987,1.376851582273277,8
1402,5.193076410968198,3.982723387668545,-1.2103530232996529,7
1403,4.8396773319265876,3.4471580313422194,-1.3925193005843681,3
1404,4.93125139803932,6.563836918664545,1.6325855206252244,5
1405,4.397427704504316,2.812913356642856,-1.5845143478614596,3
1406,3.9621491489059055,3.0791812460476247,-0.8829679028582809,3
1407,4.793688747684147,5.556302500767287,0.7626137530831398,3
1408,3.221617736286493,4.334855689617291,1.1132379533307986,9
1409,2.906102737443484,4.698970004336019,1.792867266892535,9
1410,3.1866162898908574,3.187520720836463,0.000904430945605661,9
1411,5.720309955905489,4.167317334748176,-1.5529926211573137,10
1412,3.276801329480159,3.679427896612119,0.4026265671319602,6
1413,3.5072699040748603,0.6989700043360189,-2.8082998997388415,10
1414,4.896994194496106,4.754883228252168,-0.14211096624393793,7
1415,3.953149397692635,2.556302500767288,-1.396846896925347,2
1416,4.873805787566106,5.812913356642856,0.9391075690767501,2
1417,5.356986350000253,5.186815124447454,-0.1701712255527985,3
1418,4.923108928955023,4.821513528404773,-0.1015954005502504,2
1419,5.942775763959204,6.167317334748176,0.22454157078897197,9
1420,5.124826368057766,5.903089986991944,0.7782636189341776,7
1421,6.189590013008828,5.287129620719111,-0.9024603922897168,2
1422,5.153257449282586,5.773069340485962,0.6198118912033754,4
1423,5.830811436916545,5.845098040014257,0.01428660309771157,8
1424,5.108068124451516,4.505149978319906,-0.6029181461316098,8
1425,5.995798118856556,6.889301702506311,0.8935035836497542,2
1426,6.188827316050081,5.395850376018781,-0.7929769400313003,9
1427,6.276753707721331,6.74154551677621,0.46479180905487905,9
1428,5.513516018518839,5.698970004336019,0.18545398581717976,2
1429,2.7290741659300877,3.845098040014257,1.1160238740841693,5
1430,2.77754012425742,2.8090544272229425,0.03151430296552249,9
1431,3.463121317642807,2.505149978319906,-0.957971339322901,4
1432,2.7987966210615425,3.4471580313422194,0.648361410280677,8
1433,2.8504335012467448,1.7993405494535817,-1.051092951793163,6
1434,3.8184857844088573,3.322219294733919,-0.49626648967493825,9
1435,3.551150034193187,1.5587085705331658,-1.9924414636600214,4
1436,6.295922570247898,5.434568904034199,-0.8613536662136987,6
1437,5.155253125506241,5.926856708949693,0.7716035834434516,10
1438,6.035930771853029,5.8750612633917,-0.16086950846132897,3
1439,6.315380989234893,6.237040791379191,-0.07834019785570234,2
1440,6.084934126241139,5.990782691803138,-0.09415143443800122,1
1441,6.0227665290084476,6.447158031342219,0.4243915023337719,5
1442,6.13906103439599,6.2576785748691846,0.11861754047319462,9
1443,5.985502694988554,6.653212513775344,0.6677098187867898,5
1444,6.438928472775597,6.2552725051033065,-0.18365596767229064,7
1445,6.52707144664119,6.531478917042255,0.004407470401065261,6
1446,3.5502522178839673,3.3010299956639813,-0.24922222221998602,1
1447,5.929941188798575,5.301029995663981,-0.6289111931345941,5
1448,6.103998736898184,6.230448921378274,0.12645018448009004,7
1449,6.295059039241349,6.340444114840119,0.045385075598770364,9
1450,5.987226712403774,6.3979400086720375,0.4107132962682636,2
1451,6.028270025846059,4.346744054604849,-1.6815259712412098,10
1452,5.867079491019402,6.079181246047625,0.2121017550282227,8
1453,5.210847464731707,6.301029995663981,1.0901825309322746,9
1454,5.628050666616543,6.623249290397901,0.9951986237813575,9
1455,6.03864688121966,6.531478917042255,0.4928320358225955,1
1456,5.739750780934778,4.352182518111363,-1.3875682628234154,5
1457,5.692829530938551,6.1702617153949575,0.4774321844564069,2
1458,5.925278513387274,6.531478917042255,0.6062004036549817,3
1459,5.794404260574311,6.358886204405869,0.5644819438315585,10
1460,5.890687568074965,4.314288660947498,-1.5763989071274667,5
1461,5.82614123473627,6.176091259055681,0.34995002431941113,3
1462,6.2605771696493315,6.091315159697223,-0.16926200995210827,8
1463,6.5192245786973615,6.286456469746983,-0.23276810895037858,5
1464,6.099815842227529,6.913813852383717,0.8139980101561877,4
1465,5.961621349023545,5.433321711630784,-0.5282996373927613,7
1466,5.552039410907011,6.308991029000164,0.7569516180931526,5
1467,5.127893809861891,5.361727836017593,0.23383402615570237,9
1468,4.354864646429147,4.095518042323151,-0.2593466041059953,2
1469,5.867216365351926,6.544068044350276,0.6768516789983501,9
1470,5.722451552208751,6.57978359661681,0.857332044408059,9
1471,2.663802114627968,2.6972293427597176,0.03342722813174959,6
1472,6.054404683501372,4.746322765089953,-1.3080819184114185,9
1473,5.653006164585211,6.291391053078407,0.6383848884931966,7
1474,5.623656639583937,6.747411807886423,1.1237551683024858,1
1475,6.284943016418498,6.491361693834273,0.20641867741577524,7
1476,5.994478942570531,6.113943352306837,0.11946440973630601,7
1477,5.05451218188571,6.096910013008056,1.0423978311223463,8
1478,5.053432411490874,3.804820678721162,-1.2486117327697124,10
1479,5.107759399682604,5.079181246047625,-0.028578153634978953,4
1480,3.100338158510825,2.220108088040055,-0.8802300704707702,5
1481,5.2860219271088775,4.850646235183066,-0.4353756919258114,8
1482,5.794582722673504,6.045322978786658,0.2507402561131533,10
1483,5.747439250069085,5.791690649020118,0.04425139895103225,8
1484,5.5979497608665385,5.155609283678915,-0.44234047718762337,10
1485,5.22882590321876,5.690196080028514,0.461370176809754,10
1486,5.068321147899102,5.000867721531227,-0.06745342636787477,7
1487,5.274256372444798,6.806179973983888,1.5319236015390905,9
1488,5.456820030428911,6.041392685158225,0.584572654729314,8
1489,5.256865286065821,5.656960182742849,0.4000948966770279,7
1490,4.880658761558208,6.355068206348851,1.474409444790643,2
1491,6.276303660703974,6.324282455297693,0.04797879459371934,3
1492,5.1993396326101635,5.944482672150168,0.7451430395400047,3
1493,6.179746026738573,6.3979400086720375,0.21819398193346462,5
1494,6.124214329898525,6.1702617153949575,0.046047385496432724,7
1495,5.510338922819784,4.413634997198556,-1.0967039256212283,10
1496,5.967446985959252,5.949390006644912,-0.018056979314339472,7
1497,5.966502681330505,6.056904851336473,0.09040217000596762,7
1498,5.6959845060605865,5.072984744627931,-0.6229997614326557,9
1499,5.735860846409935,5.697229342759718,-0.03863150365021717,10
1500,5.3211579969132385,5.698970004336019,0.3778120074227802,10
1501,5.604312369234644,6.664547962246547,1.0602355930119032,9
1502,6.282957647643201,6.937016107464814,0.6540584598216128,6
1503,6.1234393276273735,7.531478917042255,1.4080395894148818,2
1504,5.983891956006696,6.240798771117332,0.25690681511063573,4
1505,6.611726675783925,6.012837224705172,-0.5988894510787528,6
1506,6.037895161918659,6.44870631990508,0.4108111579864211,3
1507,5.771975903017205,6.580468783951002,0.8084928809337963,7
1508,6.398914144739644,5.778151250383644,-0.620762894356,10
1509,6.207614693624537,5.732393759822968,-0.4752209338015687,9
1510,5.2243453839394745,4.954242509439325,-0.27010287450014925,9
1511,6.193156454833544,6.857332496431268,0.6641760415977238,5
1512,6.1436517363372865,5.308393649976259,-0.8352580863610273,5
1513,5.23608184385675,6.277090960334402,1.0410091164776514,10
1514,5.997386303885515,5.857332496431268,-0.14005380745424656,3
1515,5.7208958103207745,5.0,-0.7208958103207745,10
1516,5.545631496630028,5.301029995663981,-0.24460150096604671,8
1517,3.949138318065863,4.123851640967086,0.17471332290122277,3
1518,5.513692446451732,4.505149978319906,-1.008542468131826,5
1519,5.434055770604532,6.32221929473392,0.8881635241293884,9
1520,5.5318444755961815,4.505149978319906,-1.0266944972762753,9
1521,5.423294347890313,4.568201724066995,-0.8550926238233183,5
1522,4.140788856067101,4.900367128656471,0.75957827258937,10
1523,5.895368327810365,5.477121254719663,-0.4182470730907024,10
1524,5.4381588532912515,6.041392685158225,0.6032338318669739,1
1525,5.700844413374648,6.496791315700042,0.7959469023253938,9
1526,5.564610253450644,4.486713775982485,-1.0778964774681583,3
1527,5.775423593601441,5.0,-0.7754235936014409,1
1528,5.678616858470313,6.32221929473392,0.643602436263607,10
1529,4.750174196107946,4.685741738602264,-0.06443245750568227,1
1530,5.6966205866735855,6.504701881045554,0.8080812943719682,9
1531,3.9471911735380423,2.146128035678238,-1.801063137859804,7
1532,4.285740141960506,1.4471580313422192,-2.8385821106182867,2
1533,3.0908984632380783,3.113943352306837,0.023044889068758678,9
1534,3.302814502542137,4.826074802700826,1.523260300158689,3
1535,5.6815458527042875,4.247973266361806,-1.433572586342481,4
1536,3.769310334647101,5.0,1.230689665352899,5
1537,4.42805355438086,5.653212513775344,1.2251589593944843,5
1538,5.79836271539868,5.653212513775344,-0.14515020162333592,5
1539,5.591350309088409,6.204119982655925,0.6127696735675157,3
1540,5.590890205090268,6.079181246047625,0.48829104095735687,4
1541,6.043671669506328,6.3979400086720375,0.3542683391657091,4
1542,5.744802604225352,5.223755453657241,-0.5210471505681111,3
1543,6.110428152171321,5.079181246047625,-1.0312469061236955,5
1544,6.043671669506328,6.778151250383644,0.7344795808773155,4
1545,5.530207984361493,5.585460729508501,0.0552527451470084,2
1546,5.969307783215792,5.845098040014257,-0.12420974320153544,4
1547,5.667892949612014,5.934498451243568,0.2666055016315543,2
1548,6.022260444008544,5.771587480881255,-0.2506729631272888,6
1549,5.807551520751262,6.653212513775344,0.8456609930240822,5
1550,5.543903482038824,5.903089986991944,0.35918650495311955,3
1551,5.958818019984561,4.927370363039024,-1.0314476569455362,1
1552,5.779385594414725,4.826074802700826,-0.953310791713899,1
1553,5.65322399730054,5.002166061756507,-0.6510579355440322,8
1554,5.30282958486571,6.662757831681574,1.3599282468158647,3
1555,5.560428686002914,6.071882007306125,0.5114533213032111,9
1556,4.4201690521608645,2.6766936096248664,-1.7434754425359982,7
1557,5.668497903310558,4.184691430817598,-1.4838064724929598,8
1558,5.642307161184384,4.933993163831242,-0.7083139973531418,9
1559,5.4393037466221505,5.3979400086720375,-0.041363737950113055,9
1560,5.4277614941966315,6.57978359661681,1.1520221024201787,9
1561,5.21879418362322,6.0,0.7812058163767803,3
1562,4.46035067758676,4.469365398766434,0.009014721179673835,4
1563,4.955578999841745,4.252853030979893,-0.7027259688618521,9
1564,5.961544662679696,6.041392685158225,0.0798480224785294,1
1565,5.704324684861207,5.079181246047625,-0.6251434388135815,10
1566,5.919046100117191,6.491361693834273,0.5723155937170823,7
1567,6.0588131109186865,6.278753600952829,0.2199404900341424,2
1568,4.748384941104289,3.892651033877301,-0.8557339072269885,9
1569,4.526662715650167,5.079181246047625,0.5525185303974585,4
1570,4.752176422670894,4.787743771646467,0.035567348975572344,2
1571,5.507713884643249,5.575187844927661,0.06747396028441166,4
1572,5.781326061503304,4.56157836830096,-1.2197476932023434,3
1573,4.804928838290972,7.133858125203335,2.328929286912363,9
1574,4.896662632241736,5.221674997070769,0.32501236482903284,4
1575,5.8016553291137924,4.239049093140191,-1.5626062359736013,1
1576,5.598363087812358,3.964730921053629,-1.6336321667587295,1
1577,3.5292975921545144,3.6972293427597176,0.16793175060520316,8
1578,3.8570391973377522,5.041392685158225,1.1843534878204731,8
1579,5.648225862904948,6.0,0.35177413709505156,1
1580,6.646764182560435,5.442479769064448,-1.2042844134959871,7
1581,6.344089450295072,7.397940008672037,1.0538505583769648,5
1582,5.383777484746312,6.690196080028514,1.306418595282202,3
1583,5.63905871041824,6.079181246047625,0.44012253562938497,9
1584,4.747977356453122,4.064457989226918,-0.6835193672262037,10
1585,4.989930201612654,3.686636269262293,-1.303293932350361,7
1586,5.84192512091413,5.168939213835978,-0.6729859070781519,7
1587,6.0047017742490425,6.079181246047625,0.07447947179858261,1
1588,4.6074656979554645,5.32221929473392,0.714753596778456,2
1589,5.268950376603491,4.895201474778894,-0.3737489018245972,2
1590,5.23608184385675,6.079181246047625,0.8430994021908749,10
1591,4.911149519290439,5.648360010980932,0.7372104916904929,1
1592,5.550830582322491,4.473924693416158,-1.0769058889063334,3
1593,5.298374727817147,5.931966114728173,0.6335913869110259,9
1594,5.616223491126059,4.93981866282138,-0.6764048283046789,2
1595,4.878175805682431,5.732393759822968,0.8542179541405375,6
1596,4.387192294877278,3.3010299956639813,-1.0861622992132967,9
1597,5.0399698988441965,4.57978359661681,-0.46018630222738643,2
1598,6.238644936416206,6.57978359661681,0.34113866020060435,7
1599,5.9742556394864295,7.19942604159399,1.225170402107561,3
1600,6.2619292470605705,6.795880017344075,0.5339507702835045,2
1601,2.5038255034440997,4.0,1.4961744965559003,4
1602,5.572451812487582,5.532384880503846,-0.0400669319837359,3
1603,6.10029399487202,6.32221929473392,0.22192529986190035,7
1604,6.30009729292336,6.176091259055681,-0.12400603386767894,7
1605,5.926006650229995,5.311965660368366,-0.6140409898616292,5
1606,5.951723537284054,5.338456493604605,-0.613267043679449,1
1607,6.36842162319332,5.489958479424835,-0.8784631437684851,1
1608,6.008878720041967,5.205096047578484,-0.8037826724634822,1
1609,5.9345803802134975,6.531478917042255,0.5968985368287578,9
1610,5.559144219770317,6.079181246047625,0.5200370262773077,3
1611,4.997156873260536,4.301029995663981,-0.696126877596555,3
1612,6.081956934970908,5.491361693834273,-0.5905952411366346,7
1613,5.8635418168354745,6.0,0.13645818316452551,1
1614,5.953945258797568,6.185542154854375,0.2315968960568071,9
1615,5.7032115794486735,5.301029995663981,-0.40218158378469226,8
1616,6.831471453774825,6.079181246047625,-0.7522902077272002,1
1617,5.8393777257514765,4.892372907398436,-0.9470048183530402,10
1618,5.719090717108216,6.176091259055681,0.4570005419474654,9
1619,4.724103126905259,6.491361693834273,1.767258566929014,3
1620,3.327241560796354,3.556302500767288,0.22906093997093402,8
1621,5.677928323703065,4.089905111439398,-1.5880232122636668,2
1622,3.158866238223286,4.653212513775344,1.4943462755520578,7
1623,6.050725160773319,5.221022805204841,-0.8297023555684779,2
1624,5.498942133578979,5.698970004336019,0.20002787075703932,4
1625,6.195170736022967,7.342422680822207,1.1472519447992395,2
1626,5.7439545842479784,6.176091259055681,0.4321366748077029,3
1627,6.517466123939785,6.414973347970818,-0.10249277596896711,5
1628,6.291296785534372,6.977723605288848,0.6864268197544758,8
1629,5.008038235757708,4.765072201102792,-0.2429660346549154,1
1630,2.1114492423217084,1.3424226808222062,-0.7690265614995022,6
1631,2.598108131683237,2.7481880270062,0.15007989532296273,9
1632,4.883610781900394,2.4553017716570764,-2.428309010243318,8
1633,5.005108374847118,5.7160033436348,0.7108949687876827,5
1634,5.013612215935017,4.765072201102792,-0.24854001483222454,10
1635,5.578348214935907,5.0,-0.5783482149359074,8
1636,5.6124002951296275,0.1139433523068367,-5.4984569428227905,5
1637,2.9053609154409914,1.6989700043360187,-1.2063909111049727,6
1638,4.976957812005261,2.1357685145678222,-2.8411892974374386,10
1639,3.6374993427887783,2.560420774091161,-1.0770785686976172,8
1640,5.969714673517374,6.113943352306837,0.14422867878946288,1
1641,5.963355959392617,6.041392685158225,0.0780367257656085,3
1642,4.950312231614945,5.334453751150931,0.3841415195359854,5
1643,3.4420635550814986,1.7442929831226763,-1.6977705719588223,3
1644,2.5699392652983755,1.576226137449605,-0.9937131278487705,9
1645,5.802486743824132,2.143014800254095,-3.659471943570037,8
1646,4.916509023021402,-0.15864053,-5.075149553021403,3
1647,2.8885501695711757,3.0293837776852097,0.140833608114034,3
1648,4.365998021288863,0.0791812460476248,-4.286816775241238,4
1649,5.352976620990027,2.4771212547196626,-2.8758553662703648,1
1650,5.086365152063146,3.8750612633917,-1.2113038886714458,7
1651,3.128856597677121,2.146128035678238,-0.9827285619988828,3
1652,5.221582353860694,5.688419822002711,0.46683746814201665,3
1653,5.082097541084156,1.3010299956639813,-3.781067545420175,6
1654,5.313521411200958,3.9542425094393248,-1.3592789017616336,4
1655,4.48888441681032,2.6232492903979003,-1.8656351264124198,3
1656,5.395029092999476,0.0,-5.395029092999476,2
1657,4.6291075572111335,4.778151250383644,0.14904369317251032,10
1658,5.802486743824132,2.143014800254095,-3.659471943570037,8
1659,5.961630111632075,3.903089986991944,-2.0585401246401305,9
1660,5.844366053366497,3.633468455579586,-2.2108975977869108,8
