idx,y_pred,y_true,residual,fold
0,4.010269829389955,5.698970004336019,1.6887001749460637,1
1,4.01714595829298,5.698970004336019,1.6818240460430385,10
2,4.149603042160606,5.698970004336019,1.5493669621754131,9
3,3.936050582839163,5.698970004336019,1.7629194214968558,8
4,3.9773775465190084,5.698970004336019,1.7215924578170103,7
5,4.073420262061856,5.698970004336019,1.6255497422741625,5
6,4.084018375191613,5.698970004336019,1.6149516291444055,4
7,3.8438647527754766,5.698970004336019,1.8551052515605422,3
8,4.512712957019537,5.698970004336019,1.1862570473164817,2
9,4.008199670899841,3.049218022670181,-0.9589816482296598,10
10,3.928852776711984,3.049218022670181,-0.879634754041803,8
11,3.837788805538099,3.049218022670181,-0.788570782867918,7
12,4.25031015917498,3.049218022670181,-1.2010921365047986,5
13,3.876988454848599,3.049218022670181,-0.8277704321784181,4
14,3.9508775361907364,3.049218022670181,-0.9016595135205554,3
15,3.9241825527485577,3.049218022670181,-0.8749645300783766,2
16,4.097153571166324,3.049218022670181,-1.0479355484961426,6
17,3.8441061021921987,3.049218022670181,-0.7948880795220177,1
18,3.928852776711984,2.903089986991944,-1.0257627897200399,8
19,3.9508775361907364,2.903089986991944,-1.0477875491987922,3
20,3.8441061021921987,2.903089986991944,-0.9410161152002545,1
21,4.008199670899841,2.903089986991944,-1.1051096839078967,10
22,3.837788805538099,2.903089986991944,-0.9346988185461549,7
23,3.876988454848599,2.903089986991944,-0.9738984678566549,4
24,3.9877720934326546,2.903089986991944,-1.0846821064407104,9
25,3.9241825527485577,2.903089986991944,-1.0210925657566134,2
26,4.097153571166324,2.903089986991944,-1.1940635841743794,6
27,4.260499329136629,2.9542425094393248,-1.3062568196973046,1
28,4.553008724451825,2.9542425094393248,-1.5987662150125002,8
29,4.492529114611242,2.9542425094393248,-1.5382866051719168,3
30,4.536954314809753,2.9542425094393248,-1.5827118053704283,2
31,4.513595089726192,2.9542425094393248,-1.5593525802868675,9
32,4.575699487942559,2.9542425094393248,-1.6214569785032347,4
33,4.577091397394626,2.9542425094393248,-1.6228488879553011,10
34,4.42594621483939,2.9542425094393248,-1.4717037054000657,7
35,4.532137158910518,2.9542425094393248,-1.5778946494711934,6
36,5.033568191375533,3.90848501887865,-1.125083172496883,2
37,4.819408047652777,3.90848501887865,-0.910923028774127,4
38,4.919601866944411,3.90848501887865,-1.0111168480657606,10
39,5.01103663587553,3.90848501887865,-1.1025516169968799,3
40,5.036367127647054,3.90848501887865,-1.1278821087684041,1
41,4.9573555141451395,3.90848501887865,-1.0488704952664896,7
42,5.064695756479342,3.90848501887865,-1.1562107376006918,9
43,5.076817544836557,3.90848501887865,-1.1683325259579074,6
44,5.0526829512701825,3.90848501887865,-1.1441979323915326,5
45,4.347862854825401,3.322219294733919,-1.0256435600914817,4
46,4.2154630197824785,3.322219294733919,-0.8932437250485594,7
47,4.264733989393186,3.322219294733919,-0.9425146946592666,1
48,4.400925991996693,3.322219294733919,-1.0787066972627737,8
49,4.276097498552261,3.322219294733919,-0.9538782038183418,6
50,4.372956363582166,3.322219294733919,-1.0507370688482474,2
51,4.337440255577526,3.322219294733919,-1.0152209608436071,10
52,4.206314135384326,3.322219294733919,-0.8840948406504068,9
53,4.316806313925725,3.322219294733919,-0.994587019191806,3
54,5.13978627064219,5.301029995663981,0.16124372502179085,7
55,5.172485446685413,5.301029995663981,0.12854454897856815,1
56,5.307565825884198,5.301029995663981,-0.006535830220216532,6
57,5.238938978317498,5.301029995663981,0.062091017346483035,2
58,5.167975462630676,5.301029995663981,0.13305453303330506,4
59,5.3008427906173265,5.301029995663981,0.00018720504665470372,8
60,5.163097338036986,5.301029995663981,0.1379326576269957,9
61,5.233991666413304,5.301029995663981,0.06703832925067754,10
62,5.182226206356607,5.301029995663981,0.1188037893073739,3
63,4.97184628833922,4.086359830674748,-0.8854864576644719,3
64,5.023559565046125,4.086359830674748,-0.9371997343713767,4
65,4.972572947619168,4.086359830674748,-0.8862131169444192,9
66,5.015394051013332,4.086359830674748,-0.9290342203385835,2
67,5.0779193930730235,4.086359830674748,-0.9915595623982751,8
68,5.052424013072036,4.086359830674748,-0.9660641823972878,6
69,5.073847053423537,4.086359830674748,-0.987487222748789,1
70,5.035983869638771,4.086359830674748,-0.9496240389640223,10
71,4.800120553644593,4.086359830674748,-0.7137607229698446,7
72,5.496990095422791,6.035709837827862,0.5387197424050711,10
73,5.569087342027831,6.035709837827862,0.46662249580003134,5
74,5.647690015041315,6.035709837827862,0.38801982278654723,4
75,5.591640418234568,6.035709837827862,0.44406941959329416,2
76,5.604590489177582,6.035709837827862,0.43111934865028,8
77,5.67900350359983,6.035709837827862,0.3567063342280319,6
78,5.453777482175897,6.035709837827862,0.5819323556519649,3
79,5.6575219492715485,6.035709837827862,0.37818788855631347,7
80,5.562648226005625,6.035709837827862,0.4730616118222368,1
81,4.654233837902478,5.954242509439325,1.3000086715368475,10
82,4.745480207859201,5.954242509439325,1.2087623015801245,5
83,4.652280823608261,5.954242509439325,1.3019616858310643,4
84,4.638770150708415,5.954242509439325,1.3154723587309105,2
85,4.390098600136496,5.954242509439325,1.564143909302829,9
86,4.722952442274619,5.954242509439325,1.2312900671647062,8
87,4.521613739291513,5.954242509439325,1.4326287701478124,3
88,4.579061107760096,5.954242509439325,1.375181401679229,1
89,4.512713305685192,5.954242509439325,1.4415292037541336,6
90,5.465583907070078,3.949390006644913,-1.5161939004251654,2
91,5.477075997769874,3.949390006644913,-1.5276859911249612,5
92,5.491510077259109,3.949390006644913,-1.5421200706141964,1
93,5.585783055366269,3.949390006644913,-1.6363930487213563,3
94,5.544607933955716,3.949390006644913,-1.5952179273108036,6
95,5.361148549228537,3.949390006644913,-1.4117585425836245,9
96,5.481703867009022,3.949390006644913,-1.5323138603641095,8
97,5.440451180281576,3.949390006644913,-1.491061173636663,7
98,5.446115366741413,3.949390006644913,-1.4967253600965003,10
99,5.440278241337273,5.742725131304698,0.30244688996742486,3
100,5.518300944195652,5.742725131304698,0.22442418710904555,9
101,5.259441522770944,5.742725131304698,0.4832836085337542,1
102,5.533206398745746,5.742725131304698,0.20951873255895226,8
103,5.484962410351027,5.742725131304698,0.2577627209536706,2
104,5.406727735765876,5.742725131304698,0.335997395538822,4
105,5.399491472383775,5.742725131304698,0.34323365892092284,10
106,5.5130495568173,5.742725131304698,0.2296755744873975,5
107,5.512425895567532,5.742725131304698,0.23029923573716626,6
108,4.470025708293799,3.661812685537261,-0.8082130227565383,3
109,4.403443988203163,3.661812685537261,-0.741631302665902,6
110,4.302460334768689,3.661812685537261,-0.6406476492314281,2
111,4.4299209128252555,3.661812685537261,-0.7681082272879944,9
112,4.472884412333121,3.661812685537261,-0.81107172679586,8
113,4.52117904285445,3.661812685537261,-0.8593663573171888,1
114,4.306305653520992,3.661812685537261,-0.644492967983731,4
115,4.380300380689902,3.661812685537261,-0.7184876951526409,10
116,4.334585139540064,3.661812685537261,-0.6727724540028026,7
117,4.257502446405929,3.505149978319906,-0.752352468086023,6
118,4.288177114794977,3.505149978319906,-0.7830271364750714,3
119,4.19817033411838,3.505149978319906,-0.6930203557984744,1
120,4.516458139366631,3.505149978319906,-1.0113081610467254,5
121,4.32528362479236,3.505149978319906,-0.820133646472454,4
122,4.392006348526732,3.505149978319906,-0.8868563702068264,2
123,4.347393735142519,3.505149978319906,-0.8422437568226129,8
124,4.169017475873423,3.505149978319906,-0.6638674975535168,7
125,4.1867226407514835,3.505149978319906,-0.6815726624315777,9
126,5.034803909130797,5.0948203803548,0.060016471224003,3
127,5.0404419138351955,5.0948203803548,0.054378466519604096,6
128,4.979746135985338,5.0948203803548,0.11507424436946145,9
129,4.941461706891922,5.0948203803548,0.15335867346287735,7
130,5.1089031015037305,5.0948203803548,-0.014082721148930943,8
131,5.059176698435182,5.0948203803548,0.035643681919617975,4
132,4.976341366547527,5.0948203803548,0.11847901380727244,2
133,5.079942937489786,5.0948203803548,0.014877442865013357,5
134,5.041702866849983,5.0948203803548,0.05311751350481675,1
135,4.417868729711008,3.397940008672037,-1.0199287210389714,10
136,4.237498371141475,3.397940008672037,-0.8395583624694383,9
137,4.255106744836607,3.397940008672037,-0.8571667361645701,1
138,4.2820156619000995,3.397940008672037,-0.8840756532280625,3
139,4.546680554423183,3.397940008672037,-1.1487405457511461,5
140,4.296211481053365,3.397940008672037,-0.8982714723813277,6
141,4.339412176457278,3.397940008672037,-0.9414721677852413,7
142,4.318802429428014,3.397940008672037,-0.9208624207559768,4
143,4.406555808728123,3.397940008672037,-1.0086158000560856,8
144,4.435606737728741,3.832508912706236,-0.603097825022505,10
145,4.519490257190624,3.832508912706236,-0.6869813444843875,5
146,4.209116439278772,3.832508912706236,-0.37660752657253616,9
147,4.33533328564213,3.832508912706236,-0.5028243729358937,6
148,4.323448085660564,3.832508912706236,-0.49093917295432776,3
149,4.422947716246037,3.832508912706236,-0.5904388035398012,4
150,4.419803154577521,3.832508912706236,-0.5872942418712852,2
151,4.202494334308514,3.832508912706236,-0.36998542160227776,7
152,4.3008776757235525,3.832508912706236,-0.46836876301731634,1
153,5.468577132266564,5.6020599913279625,0.13348285906139878,2
154,5.299159791353747,5.6020599913279625,0.30290019997421513,9
155,5.370966988865526,5.6020599913279625,0.23109300246243691,7
156,5.475349634579723,5.6020599913279625,0.12671035674823994,3
157,5.335229241971757,5.6020599913279625,0.2668307493562052,5
158,5.400418054427854,5.6020599913279625,0.20164193690010812,10
159,5.627654797552244,5.6020599913279625,-0.025594806224281896,4
160,5.440076130229189,5.6020599913279625,0.16198386109877383,6
161,5.3172591350348055,5.6020599913279625,0.284800856293157,1
162,4.1956524587028525,5.238046103128795,1.0423936444259425,3
163,4.349361676206146,5.238046103128795,0.8886844269226488,6
164,4.289369383624138,5.238046103128795,0.9486767195046566,8
165,4.170623837945862,5.238046103128795,1.067422265182933,10
166,4.1770473651328235,5.238046103128795,1.0609987379959716,1
167,4.135104228160465,5.238046103128795,1.1029418749683302,7
168,4.174014544588424,5.238046103128795,1.0640315585403712,2
169,4.2060029405783395,5.238046103128795,1.0320431625504556,5
170,4.037791697437282,5.238046103128795,1.2002544056915134,9
171,3.945631878372532,3.0791812460476247,-0.8664506323249075,2
172,3.9130304842661174,3.0791812460476247,-0.8338492382184928,7
173,3.9247874102319846,3.0791812460476247,-0.84560616418436,9
174,3.9022547733646267,3.0791812460476247,-0.823073527317002,4
175,4.02839656920423,3.0791812460476247,-0.9492153231566056,6
176,3.8852669372053024,3.0791812460476247,-0.8060856911576777,5
177,3.8558810248588946,3.0791812460476247,-0.77669977881127,1
178,3.916290205283639,3.0791812460476247,-0.8371089592360144,10
179,3.9098954602323137,3.0791812460476247,-0.830714214184689,3
180,3.76268669216405,3.823474229170301,0.06078753700625095,7
181,3.81916446746909,3.823474229170301,0.004309761701211112,3
182,3.799933617324173,3.823474229170301,0.0235406118461281,4
183,3.88095061456488,3.823474229170301,-0.05747638539457922,8
184,3.879984913883975,3.823474229170301,-0.05651068471367404,5
185,3.8484162836998674,3.823474229170301,-0.024942054529566438,2
186,3.7632275804734037,3.823474229170301,0.06024664869689733,1
187,3.865743505785441,3.823474229170301,-0.042269276615139795,9
188,4.0914715500901675,3.823474229170301,-0.2679973209198665,6
189,4.9653404630128035,3.838849090737255,-1.1264913722755483,6
190,4.852618686353603,3.838849090737255,-1.0137695956163477,4
191,4.918470223138655,3.838849090737255,-1.0796211324014,1
192,4.85836138082795,3.838849090737255,-1.0195122900906948,7
193,4.890257075267781,3.838849090737255,-1.0514079845305262,8
194,4.955267788299776,3.838849090737255,-1.1164186975625205,2
195,4.975879224060722,3.838849090737255,-1.1370301333234667,3
196,4.932104316757612,3.838849090737255,-1.0932552260203567,5
197,4.936430490882498,3.838849090737255,-1.0975814001452426,9
198,4.353511138078925,3.505149978319906,-0.8483611597590195,10
199,4.318419829458401,3.505149978319906,-0.8132698511384953,2
200,4.252551794204988,3.505149978319906,-0.7474018158850826,3
201,4.328169064239367,3.505149978319906,-0.8230190859194608,6
202,4.421856865349422,3.505149978319906,-0.9167068870295165,5
203,4.2726896721672665,3.505149978319906,-0.7675396938473606,7
204,4.39922521083512,3.505149978319906,-0.8940752325152146,4
205,4.256298415394058,3.505149978319906,-0.7511484370741521,1
206,4.261350674345727,3.505149978319906,-0.7562006960258212,9
207,4.703561993701205,6.041392685158225,1.33783069145702,2
208,5.041642811799032,6.041392685158225,0.9997498733591934,5
209,4.89555389080558,6.041392685158225,1.1458387943526454,8
210,4.755142263033475,6.041392685158225,1.2862504221247502,7
211,4.759188509982882,6.041392685158225,1.2822041751753437,10
212,4.749007843370792,6.041392685158225,1.2923848417874337,4
213,4.592418091782485,6.041392685158225,1.4489745933757403,3
214,4.672589749544658,6.041392685158225,1.3688029356135676,9
215,4.7502553006050166,6.041392685158225,1.2911373845532088,6
216,4.291644193138077,3.8813846567705728,-0.4102595363675041,9
217,4.236781081003202,3.8813846567705728,-0.3553964242326293,1
218,4.321347406767217,3.8813846567705728,-0.43996274999664386,6
219,4.386076825782755,3.8813846567705728,-0.5046921690121824,8
220,4.241066776295205,3.8813846567705728,-0.35968211952463225,7
221,4.414672596521485,3.8813846567705728,-0.5332879397509123,10
222,4.425841212706675,3.8813846567705728,-0.5444565559361019,2
223,4.2954117083120815,3.8813846567705728,-0.41402705154150876,3
224,4.384603270557149,3.8813846567705728,-0.5032186137865766,4
225,4.3281887052784285,5.576341350205793,1.248152644927364,1
226,4.333673618275888,5.576341350205793,1.2426677319299042,3
227,4.440579382067101,5.576341350205793,1.1357619681386915,2
228,4.461598118897194,5.576341350205793,1.1147432313085988,10
229,4.336587224972731,5.576341350205793,1.2397541252330617,9
230,4.372146128957016,5.576341350205793,1.204195221248777,6
231,4.259176101414713,5.576341350205793,1.3171652487910794,7
232,4.4592296091145815,5.576341350205793,1.117111741091211,8
233,4.427787596747048,5.576341350205793,1.1485537534587449,4
234,6.329346119083979,6.823539433656859,0.49419331457287985,7
235,6.421860773382508,6.823539433656859,0.4016786602743512,1
236,6.3717441439523785,6.823539433656859,0.4517952897044806,6
237,6.36075665238291,6.823539433656859,0.46278278127394934,8
238,6.346778140967353,6.823539433656859,0.4767612926895062,3
239,6.4051822540243615,6.823539433656859,0.41835717963249763,4
240,6.375126042310672,6.823539433656859,0.44841339134618696,10
241,6.213904215764507,6.823539433656859,0.6096352178923521,2
242,6.3415687261304114,6.823539433656859,0.48197070752644766,5
243,6.279222257570464,6.3979400086720375,0.11871775110157312,2
244,6.271740783295274,6.3979400086720375,0.1261992253767632,3
245,6.253638630727465,6.3979400086720375,0.1443013779445721,9
246,6.114817037672445,6.3979400086720375,0.2831229709995924,10
247,6.155507105062815,6.3979400086720375,0.2424329036092221,7
248,6.272187632015155,6.3979400086720375,0.12575237665688288,8
249,6.204683614102467,6.3979400086720375,0.19325639456957067,1
250,6.213707782001772,6.3979400086720375,0.1842322266702654,4
251,6.252939579823928,6.3979400086720375,0.14500042884810949,6
252,6.22546355557943,6.707570176097937,0.4821066205185067,10
253,6.328770800270587,6.707570176097937,0.37879937582734957,9
254,6.327139534318413,6.707570176097937,0.38043064177952335,6
255,6.216136745944841,6.707570176097937,0.49143343015309604,4
256,6.27715353261247,6.707570176097937,0.4304166434854668,5
257,6.318485371720953,6.707570176097937,0.3890848043769841,2
258,6.332653426210004,6.707570176097937,0.3749167498879329,8
259,6.304117548317905,6.707570176097937,0.4034526277800321,3
260,6.324357839121478,6.707570176097937,0.3832123369764586,1
261,6.355241846776671,6.3979400086720375,0.04269816189536613,5
262,6.372868700111411,6.3979400086720375,0.02507130856062645,2
263,6.408451097101786,6.3979400086720375,-0.010511088429748128,3
264,6.33943900527133,6.3979400086720375,0.05850100340070785,6
265,6.311790092746272,6.3979400086720375,0.08614991592576526,7
266,6.417313088011826,6.3979400086720375,-0.019373079339788823,8
267,6.335950147135482,6.3979400086720375,0.0619898615365555,4
268,6.434361319217267,6.3979400086720375,-0.036421310545229346,9
269,6.247800103900485,6.3979400086720375,0.15013990477155215,10
270,5.864968651873315,6.558708570533166,0.6937399186598512,10
271,5.859577709560814,6.558708570533166,0.6991308609723514,5
272,5.897177019169329,6.558708570533166,0.6615315513638365,2
273,5.8278189242400975,6.558708570533166,0.7308896462930683,4
274,5.926880470575219,6.558708570533166,0.6318280999579464,9
275,5.8783915088121494,6.558708570533166,0.6803170617210164,3
276,5.893355407262714,6.558708570533166,0.6653531632704519,6
277,5.823275153290538,6.558708570533166,0.7354334172426276,8
278,5.879905483078824,6.558708570533166,0.6788030874543418,7
279,5.926880470575219,6.107549129744687,0.18066865916946728,9
280,5.893355407262714,6.107549129744687,0.21419372248197277,6
281,5.879905483078824,6.107549129744687,0.22764364666586268,7
282,5.916938572765836,6.107549129744687,0.190610556978851,1
283,5.823275153290538,6.107549129744687,0.2842739764541484,8
284,5.8783915088121494,6.107549129744687,0.22915762093253722,3
285,5.897177019169329,6.107549129744687,0.21037211057535732,2
286,5.864968651873315,6.107549129744687,0.24258047787137205,10
287,5.859577709560814,6.107549129744687,0.2479714201838723,5
288,5.55993742497211,4.193681029541281,-1.3662563954308284,8
289,5.589393803943431,4.193681029541281,-1.39571277440215,3
290,5.600728463407756,4.193681029541281,-1.4070474338664747,9
291,5.568974820304929,4.193681029541281,-1.3752937907636476,10
292,5.574075608036584,4.193681029541281,-1.3803945784953031,4
293,5.609375367621683,4.193681029541281,-1.4156943380804021,6
294,5.629433319325161,4.193681029541281,-1.4357522897838795,2
295,5.55456906614439,4.193681029541281,-1.360888036603109,7
296,5.564306205607666,4.193681029541281,-1.370625176066385,5
297,6.1077750977391085,5.929418925714293,-0.17835617202481568,9
298,6.106864120996878,5.929418925714293,-0.1774451952825853,3
299,6.086728859808677,5.929418925714293,-0.15730993409438376,2
300,6.043851826026377,5.929418925714293,-0.1144329003120843,7
301,6.180637989080824,5.929418925714293,-0.25121906336653144,4
302,5.977725081750476,5.929418925714293,-0.04830615603618327,10
303,6.147793766207399,5.929418925714293,-0.21837484049310607,5
304,6.1192127375004315,5.929418925714293,-0.18979381178613863,8
305,6.083416538298583,5.929418925714293,-0.15399761258429034,1
306,6.290182060378648,6.531478917042255,0.24129685666360778,5
307,6.256510367746994,6.531478917042255,0.27496854929526116,3
308,6.202900706292578,6.531478917042255,0.3285782107496775,9
309,6.319690204331159,6.531478917042255,0.21178871271109667,4
310,6.24518897519802,6.531478917042255,0.2862899418442355,7
311,6.319247023344559,6.531478917042255,0.21223189369769635,6
312,6.220674397817039,6.531478917042255,0.3108045192252167,2
313,6.264938046286031,6.531478917042255,0.26654087075622446,1
314,6.257927880020422,6.531478917042255,0.27355103702183303,8
315,6.236091707018708,6.414973347970818,0.17888164095211057,2
316,6.363765079897785,6.414973347970818,0.051208268073033025,4
317,6.36277574095424,6.414973347970818,0.05219760701657794,6
318,6.301285418000767,6.414973347970818,0.11368792997005084,1
319,6.2595746154054295,6.414973347970818,0.15539873256538872,9
320,6.357533999048759,6.414973347970818,0.05743934892205882,3
321,6.280995795318427,6.414973347970818,0.1339775526523912,7
322,6.307554220466886,6.414973347970818,0.10741912750393201,5
323,6.253295989586963,6.414973347970818,0.1616773583838551,10
324,6.2345259387558,6.372912002970106,0.13838606421430644,3
325,6.107180871377117,6.372912002970106,0.26573113159298956,10
326,6.212370457331613,6.372912002970106,0.16054154563849288,8
327,6.245002079822384,6.372912002970106,0.12790992314772254,1
328,6.212276034046747,6.372912002970106,0.1606359689233594,2
329,6.189507411145348,6.372912002970106,0.18340459182475843,9
330,6.281227682965878,6.372912002970106,0.09168432000422833,5
331,6.286518451567313,6.372912002970106,0.08639355140279292,4
332,6.299878733089924,6.372912002970106,0.07303326988018188,6
333,6.3489696248192615,6.384890796530554,0.03592117171129239,1
334,6.252400512039698,6.384890796530554,0.13249028449085554,2
335,6.371741701198291,6.384890796530554,0.013149095332263272,6
336,6.323987591071078,6.384890796530554,0.06090320545947581,4
337,6.29185065223278,6.384890796530554,0.09304014429777396,8
338,6.300046712872799,6.384890796530554,0.08484408365775487,3
339,6.273882783462673,6.384890796530554,0.111008013067881,10
340,6.331617443655181,6.384890796530554,0.05327335287537327,5
341,6.341852622371366,6.384890796530554,0.04303817415918765,7
342,5.88433709819542,6.325843928293292,0.4415068300978717,3
343,5.811827090270884,6.325843928293292,0.5140168380224077,8
344,5.922886077193827,6.325843928293292,0.40295785109946447,2
345,5.759193328536127,6.325843928293292,0.5666505997571649,1
346,5.8210561933891265,6.325843928293292,0.5047877349041654,9
347,5.771533265405984,6.325843928293292,0.5543106628873078,5
348,5.761098108982751,6.325843928293292,0.5647458193105406,4
349,5.779130303257662,6.325843928293292,0.5467136250356299,10
350,5.7942758018251395,6.325843928293292,0.5315681264681524,6
351,6.537998217005295,7.0,0.4620017829947054,2
352,6.4128607103171955,7.0,0.5871392896828045,4
353,6.521816392038472,7.0,0.4781836079615278,8
354,6.413959774676869,7.0,0.5860402253231314,6
355,6.415848561133971,7.0,0.5841514388660292,10
356,6.472363826270217,7.0,0.5276361737297828,7
357,6.502389473096899,7.0,0.4976105269031006,3
358,6.555172674378698,7.0,0.44482732562130156,1
359,6.5298060609762,7.0,0.47019393902380013,9
360,6.329379705725907,6.8750612633917,0.5456815576657927,8
361,6.381331273020621,6.8750612633917,0.49372999037107945,7
362,6.4315591210976715,6.8750612633917,0.4435021422940286,9
363,6.388345451775613,6.8750612633917,0.48671581161608746,1
364,6.3556297690229195,6.8750612633917,0.5194314943687806,4
365,6.259703438473021,6.8750612633917,0.6153578249186795,5
366,6.242478178986547,6.8750612633917,0.6325830844051534,6
367,6.483114430816584,6.8750612633917,0.3919468325751163,3
368,6.486087923945445,6.8750612633917,0.3889733394462551,2
369,6.3426105578008745,6.835056101720117,0.4924455439192421,9
370,6.1691957176060415,6.835056101720117,0.6658603841140751,5
371,6.264952231061543,6.835056101720117,0.5701038706585733,6
372,6.4561210954968065,6.835056101720117,0.3789350062233101,1
373,6.431436114813668,6.835056101720117,0.40361998690644896,8
374,6.238644936416206,6.835056101720117,0.5964111653039108,7
375,6.338636129267468,6.835056101720117,0.4964199724526486,10
376,6.454150483710751,6.835056101720117,0.38090561800936573,3
377,6.356952928054407,6.835056101720117,0.4781031736657093,2
378,6.314655472414867,7.079181246047625,0.7645257736327578,2
379,6.436201799782319,7.079181246047625,0.642979446265306,10
380,6.258842892543635,7.079181246047625,0.8203383535039901,8
381,6.410104005964688,7.079181246047625,0.6690772400829372,1
382,6.344070659500081,7.079181246047625,0.7351105865475445,3
383,6.364712465436305,7.079181246047625,0.7144687806113197,5
384,6.41301727738636,7.079181246047625,0.666163968661265,9
385,6.412942507217064,7.079181246047625,0.6662387388305611,7
386,6.2799120249102005,7.079181246047625,0.7992692211374246,4
387,4.562183982415402,4.072984744627931,-0.48919923778747076,1
388,4.59215517942632,4.072984744627931,-0.5191704347983892,6
389,4.543425479282581,4.072984744627931,-0.47044073465465,9
390,4.372048909223682,4.072984744627931,-0.2990641645957508,8
391,4.530419928000219,4.072984744627931,-0.4574351833722883,5
392,4.483237569700594,4.072984744627931,-0.41025282507266336,4
393,4.648438273898946,4.072984744627931,-0.575453529271015,7
394,4.861098484761158,4.072984744627931,-0.7881137401332268,3
395,4.509290895893478,4.072984744627931,-0.43630615126554684,10
396,5.805575184522193,5.113943352306837,-0.6916318322153563,4
397,5.80731809361026,5.113943352306837,-0.6933747413034235,9
398,5.671376503233169,5.113943352306837,-0.5574331509263324,10
399,5.772105527579777,5.113943352306837,-0.6581621752729401,5
400,5.756142366503475,5.113943352306837,-0.6421990141966383,6
401,5.7955419853628385,5.113943352306837,-0.6815986330560015,3
402,5.721284169020725,5.113943352306837,-0.6073408167138883,1
403,5.795095845029676,5.113943352306837,-0.6811524927228394,8
404,5.7120799121475665,5.113943352306837,-0.5981365598407296,7
405,4.179343079242713,5.096910013008056,0.9175669337653432,8
406,4.235258910051092,5.096910013008056,0.861651102956964,5
407,4.155200294683974,5.096910013008056,0.9417097183240823,10
408,4.209265286449535,5.096910013008056,0.8876447265585217,2
409,4.190131746708235,5.096910013008056,0.9067782662998214,3
410,4.207831262453259,5.096910013008056,0.8890787505547975,4
411,4.189620612772122,5.096910013008056,0.9072894002359346,1
412,4.120076112642929,5.096910013008056,0.9768339003651274,7
413,4.099254082191725,5.096910013008056,0.9976559308163315,9
414,5.171430022484106,5.342422680822207,0.1709926583381005,6
415,5.176632983251671,5.342422680822207,0.16578969757053574,5
416,5.229731397858442,5.342422680822207,0.1126912829637643,1
417,5.1723216038077675,5.342422680822207,0.1701010770144391,3
418,5.177655450261786,5.342422680822207,0.16476723056042086,4
419,4.999027326939657,5.342422680822207,0.34339535388255005,9
420,5.152689320013018,5.342422680822207,0.18973336080918823,2
421,5.251176075054165,5.342422680822207,0.09124660576804189,10
422,5.188259322755235,5.342422680822207,0.15416335806697123,7
423,5.916069890832923,6.2405492482826,0.32447935744967715,6
424,5.886816892123598,6.2405492482826,0.35373235615900267,10
425,5.997090309353062,6.2405492482826,0.24345893892953807,8
426,5.961384916257266,6.2405492482826,0.2791643320253341,9
427,5.904779120455453,6.2405492482826,0.3357701278271472,7
428,5.932607988943119,6.2405492482826,0.307941259339481,2
429,5.9947626336918995,6.2405492482826,0.24578661459070084,3
430,5.959444841237836,6.2405492482826,0.28110440704476414,1
431,5.907580324543717,6.2405492482826,0.33296892373888376,4
432,4.037328529734277,5.278753600952829,1.2414250712185515,10
433,4.199010020744742,5.278753600952829,1.0797435802080866,8
434,4.08535108733315,5.278753600952829,1.193402513619679,6
435,4.103580843313759,5.278753600952829,1.1751727576390696,1
436,4.046090717905824,5.278753600952829,1.2326628830470048,7
437,4.0012138243420985,5.278753600952829,1.2775397766107304,2
438,4.128863112385307,5.278753600952829,1.1498904885675216,3
439,4.1129558701763225,5.278753600952829,1.1657977307765064,5
440,4.04303875964523,5.278753600952829,1.2357148413075985,9
441,6.141219316779328,6.2552725051033065,0.11405318832397882,10
442,6.112933219758817,6.2552725051033065,0.14233928534448914,9
443,6.103938467251744,6.2552725051033065,0.1513340378515622,6
444,6.1265659404911155,6.2552725051033065,0.128706564612191,5
445,6.117910694408807,6.2552725051033065,0.13736181069449938,7
446,6.058915393994434,6.2552725051033065,0.19635711110887222,2
447,6.10696666533133,6.2552725051033065,0.1483058397719761,3
448,6.127222005247538,6.2552725051033065,0.12805049985576833,8
449,6.146905478338546,6.2552725051033065,0.10836702676476051,4
450,4.961803466923043,5.023540521554854,0.061737054631811006,7
451,4.8709663491931074,5.023540521554854,0.15257417236174664,6
452,5.1306399173922905,5.023540521554854,-0.10709939583743644,1
453,5.011226633796337,5.023540521554854,0.012313887758517161,5
454,4.978805323199015,5.023540521554854,0.0447351983558395,4
455,4.896693715694426,5.023540521554854,0.12684680586042774,2
456,5.067332476326512,5.023540521554854,-0.04379195477165787,9
457,5.109082448273106,5.023540521554854,-0.08554192671825156,10
458,4.98143867810261,5.023540521554854,0.04210184345224377,3
459,6.034666467832716,6.313867220369153,0.27920075253643706,9
460,5.9411836961474425,6.313867220369153,0.3726835242217108,2
461,5.990681358292531,6.313867220369153,0.32318586207662214,7
462,5.98244191235092,6.313867220369153,0.33142530801823344,5
463,5.9734353474655,6.313867220369153,0.34043187290365307,10
464,6.036601700353462,6.313867220369153,0.2772655200156908,3
465,6.049282903990504,6.313867220369153,0.26458431637864965,8
466,5.924432327913,6.313867220369153,0.38943489245615304,4
467,5.943378533687425,6.313867220369153,0.3704886866817283,6
468,6.191530853662495,6.361727836017593,0.1701969823550984,5
469,6.05083462115493,6.361727836017593,0.31089321486266286,7
470,6.147983630342622,6.361727836017593,0.21374420567497143,9
471,6.136493926618639,6.361727836017593,0.2252339093989537,2
472,6.203990496014448,6.361727836017593,0.15773734000314477,4
473,6.182652442853951,6.361727836017593,0.17907539316364218,8
474,6.1512179608377675,6.361727836017593,0.21050987517982556,3
475,6.1541300790088105,6.361727836017593,0.20759775700878258,10
476,6.125378353529947,6.361727836017593,0.23634948248764598,1
477,6.1777268437419215,6.6020599913279625,0.424333147586041,6
478,6.135582185497971,6.6020599913279625,0.46647780582999143,4
479,6.182401613531322,6.6020599913279625,0.4196583777966403,3
480,6.157638325494025,6.6020599913279625,0.4444216658339375,7
481,6.242371841388332,6.6020599913279625,0.3596881499396307,5
482,6.170999544908452,6.6020599913279625,0.4310604464195107,2
483,6.20155694022129,6.6020599913279625,0.4005030511066723,8
484,6.162378102124533,6.6020599913279625,0.4396818892034293,1
485,6.155350402187105,6.6020599913279625,0.44670958914085723,10
486,6.154457736889728,6.649334858712142,0.49487712182241417,6
487,6.152893739619022,6.649334858712142,0.49644111909312016,8
488,6.1522914211999655,6.649334858712142,0.4970434375121764,9
489,6.151194851936739,6.649334858712142,0.4981400067754027,7
490,6.193674246884793,6.649334858712142,0.45566061182734874,5
491,6.204634907480745,6.649334858712142,0.4446999512313967,1
492,6.1603582564585775,6.649334858712142,0.48897660225356443,2
493,6.12821404303852,6.649334858712142,0.5211208156736218,4
494,6.236206566846245,6.649334858712142,0.41312829186589717,10
495,6.1777268437419215,6.041392685158225,-0.13633415858369613,6
496,6.182401613531322,6.041392685158225,-0.14100892837309686,3
497,6.155350402187105,6.041392685158225,-0.11395771702887991,10
498,6.20155694022129,6.041392685158225,-0.16016425506306486,8
499,6.135582185497971,6.041392685158225,-0.09418950033974571,4
500,6.162378102124533,6.041392685158225,-0.12098541696630782,1
501,6.170999544908452,6.041392685158225,-0.12960685975022646,2
502,6.197263906398158,6.041392685158225,-0.15587122123993247,9
503,6.157638325494025,6.041392685158225,-0.11624564033579965,7
504,5.619247023605145,5.901294817165567,0.2820477935604222,10
505,5.547196208715723,5.901294817165567,0.35409860844984387,1
506,5.625896487549504,5.901294817165567,0.27539832961606336,9
507,5.59973644358003,5.901294817165567,0.3015583735855376,3
508,5.677525096231935,5.901294817165567,0.22376972093363268,8
509,5.599217246904459,5.901294817165567,0.30207757026110826,5
510,5.578444711969052,5.901294817165567,0.32285010519651536,7
511,5.550838518865468,5.901294817165567,0.3504562983000996,4
512,5.531829316240882,5.901294817165567,0.36946550092468566,6
513,4.99878392484369,6.447158031342219,1.4483741064985294,1
514,4.924221801941495,6.447158031342219,1.5229362294007247,4
515,5.039789106274017,6.447158031342219,1.4073689250682024,3
516,4.901121492983604,6.447158031342219,1.5460365383586154,2
517,5.06154253823534,6.447158031342219,1.3856154931068794,5
518,4.91821281980998,6.447158031342219,1.528945211532239,6
519,4.961048998965881,6.447158031342219,1.4861090323763388,9
520,4.959130056355071,6.447158031342219,1.4880279749871486,8
521,5.029978334340603,6.447158031342219,1.4171796970016164,10
522,5.778351006816319,4.681241237375588,-1.0971097694407312,10
523,5.7993110680442514,4.681241237375588,-1.1180698306686638,1
524,5.7670299661315685,4.681241237375588,-1.0857887287559809,7
525,5.758171453741431,4.681241237375588,-1.0769302163658434,4
526,5.775393303317093,4.681241237375588,-1.0941520659415058,9
527,5.741068805684673,4.681241237375588,-1.0598275683090854,5
528,5.786551255601339,4.681241237375588,-1.1053100182257518,2
529,5.7188170704068595,4.681241237375588,-1.0375758330312719,6
530,5.7447093897531945,4.681241237375588,-1.0634681523776068,8
531,6.2139234740762985,5.81504617606463,-0.3988772980116684,8
532,6.20954281059924,5.81504617606463,-0.3944966345346099,9
533,6.183906133468381,5.81504617606463,-0.36885995740375055,7
534,6.284716635086258,5.81504617606463,-0.46967045902162763,3
535,5.921788580755589,5.81504617606463,-0.10674240469095864,4
536,6.153163341047622,5.81504617606463,-0.33811716498299216,5
537,6.160461200136759,5.81504617606463,-0.3454150240721292,6
538,6.175075055458067,5.81504617606463,-0.360028879393437,2
539,6.006353338391449,5.81504617606463,-0.19130716232681877,10
540,5.434691788769186,4.992818520066679,-0.44187326870250665,5
541,5.406520521966757,4.992818520066679,-0.4137020019000781,10
542,5.46214161320767,4.992818520066679,-0.4693230931409911,2
543,5.423678583991593,4.992818520066679,-0.4308600639249134,1
544,5.478183005553989,4.992818520066679,-0.4853644854873096,8
545,5.472016103730099,4.992818520066679,-0.4791975836634199,7
546,5.469669147514153,4.992818520066679,-0.4768506274474733,3
547,5.476028517839089,4.992818520066679,-0.48320999777241,9
548,5.400077768254085,4.992818520066679,-0.40725924818740555,4
549,3.335007614766814,3.204119982655925,-0.13088763211088894,1
550,3.385510537205697,3.204119982655925,-0.18139055454977182,3
551,3.391021415341389,3.204119982655925,-0.1869014326854641,10
552,3.3057474761033614,3.204119982655925,-0.10162749344743638,9
553,3.315435441932872,3.204119982655925,-0.11131545927694697,2
554,3.4011486504389166,3.204119982655925,-0.19702866778299155,4
555,3.475959000305194,3.204119982655925,-0.2718390176492691,6
556,3.300665223665783,3.204119982655925,-0.09654524100985817,5
557,3.2757392307327327,3.204119982655925,-0.07161924807680764,8
558,6.110398606948431,6.8750612633917,0.764662656443269,3
559,6.084882152177659,6.8750612633917,0.7901791112140408,8
560,6.031604649387654,6.8750612633917,0.8434566140040465,9
561,6.110650527306689,6.8750612633917,0.7644107360850114,1
562,6.042291530487488,6.8750612633917,0.8327697329042119,2
563,6.1326551139152565,6.8750612633917,0.7424061494764436,10
564,6.147549222015559,6.8750612633917,0.7275120413761407,7
565,6.058936222184034,6.8750612633917,0.8161250412076662,4
566,6.076547828129987,6.8750612633917,0.7985134352617127,5
567,6.418067190118716,6.8909795969896885,0.47291240687097247,7
568,6.526282141300228,6.8909795969896885,0.3646974556894609,2
569,6.365366611672016,6.8909795969896885,0.5256129853176725,6
570,6.461746868271986,6.8909795969896885,0.4292327287177029,1
571,6.355626400815926,6.8909795969896885,0.5353531961737623,5
572,6.401561200575293,6.8909795969896885,0.4894183964143952,4
573,6.409727023429589,6.8909795969896885,0.48125257356009943,8
574,6.363398606619685,6.8909795969896885,0.5275809903700033,10
575,6.339616401692474,6.8909795969896885,0.5513631952972142,9
576,6.048585282367719,6.0,-0.04858528236771864,8
577,6.0006435950902794,6.0,-0.0006435950902794474,5
578,6.107832998880989,6.0,-0.10783299888098874,3
579,6.004668315078369,6.0,-0.0046683150783692895,4
580,6.001704538029922,6.0,-0.001704538029922098,2
581,5.985704350650058,6.0,0.01429564934994243,6
582,6.038744350478114,6.0,-0.03874435047811442,7
583,5.992018373967236,6.0,0.00798162603276431,9
584,6.0236568576556415,6.0,-0.023656857655641517,1
585,4.331144358447676,4.5003737143533735,0.16922935590569743,2
586,4.283254656510209,4.5003737143533735,0.21711905784316432,3
587,4.096312678785166,4.5003737143533735,0.4040610355682075,6
588,4.182235523163643,4.5003737143533735,0.3181381911897301,5
589,4.117871483019178,4.5003737143533735,0.3825022313341959,10
590,4.190526521957191,4.5003737143533735,0.3098471923961821,7
591,4.027878957434757,4.5003737143533735,0.47249475691861686,8
592,4.044756626688004,4.5003737143533735,0.45561708766536935,9
593,4.144381412756448,4.5003737143533735,0.35599230159692574,4
594,5.913948583585776,6.3979400086720375,0.4839914250862618,2
595,6.036728289608104,6.3979400086720375,0.3612117190639337,1
596,6.052158365950424,6.3979400086720375,0.3457816427216134,6
597,5.981932555535255,6.3979400086720375,0.4160074531367828,3
598,6.042046472289444,6.3979400086720375,0.35589353638259347,7
599,5.998889296095627,6.3979400086720375,0.3990507125764102,4
600,6.001046360329597,6.3979400086720375,0.39689364834244056,10
601,5.908911568550959,6.3979400086720375,0.4890284401210785,9
602,6.197788970513705,6.3979400086720375,0.20015103815833246,8
603,6.478030964873781,6.447158031342219,-0.03087293353156184,1
604,6.282957647643201,6.447158031342219,0.16420038369901846,6
605,6.524215925884755,6.447158031342219,-0.07705789454253598,10
606,6.363618178192031,6.447158031342219,0.08353985315018875,3
607,6.489055744407358,6.447158031342219,-0.04189771306513901,4
608,6.459299983092464,6.447158031342219,-0.012141951750244573,5
609,6.4097433680884235,6.447158031342219,0.03741466325379594,7
610,6.475423827598821,6.447158031342219,-0.028265796256601305,9
611,6.434112305170998,6.447158031342219,0.013045726171221794,8
612,5.642307161184384,7.267171728403014,1.62486456721863,9
613,5.804612510534682,7.267171728403014,1.462559217868332,10
614,5.6827712060212745,7.267171728403014,1.5844005223817392,4
615,5.715608514887687,7.267171728403014,1.551563213515327,3
616,5.624012714131833,7.267171728403014,1.6431590142711805,7
617,5.714229587861335,7.267171728403014,1.5529421405416786,1
618,5.79785755143361,7.267171728403014,1.4693141769694034,8
619,5.693157110828999,7.267171728403014,1.574014617574015,5
620,5.779585208161209,7.267171728403014,1.4875865202418046,2
621,5.743108208792207,5.045714058940868,-0.6973941498513385,5
622,5.665360991604673,5.045714058940868,-0.6196469326638043,4
623,5.63388875908297,5.045714058940868,-0.5881747001421012,9
624,5.749128453110516,5.045714058940868,-0.7034143941696476,8
625,5.741623805774155,5.045714058940868,-0.6959097468332862,10
626,5.701310888046924,5.045714058940868,-0.6555968291060559,6
627,5.707105742523385,5.045714058940868,-0.6613916835825169,7
628,5.645409676275626,5.045714058940868,-0.5996956173347572,2
629,5.735830051204141,5.045714058940868,-0.6901159922632729,3
630,5.99477290737053,6.230448921378274,0.23567601400774407,2
631,5.986568587708361,6.230448921378274,0.2438803336699129,9
632,5.972476929655985,6.230448921378274,0.2579719917222887,3
633,6.0834458322606615,6.230448921378274,0.14700308911761262,6
634,5.923703528946207,6.230448921378274,0.30674539243206667,8
635,6.057382979947717,6.230448921378274,0.17306594143055687,7
636,6.073990180537084,6.230448921378274,0.15645874084118994,5
637,6.0971564156938,6.230448921378274,0.13329250568447382,10
638,6.056040179637043,6.230448921378274,0.17440874174123078,4
639,5.532493305659228,4.127104798364807,-1.405388507294421,1
640,5.491540612736544,4.127104798364807,-1.3644358143717366,5
641,5.385628359212625,4.127104798364807,-1.2585235608478174,3
642,5.41242233146792,4.127104798364807,-1.2853175331031128,9
643,5.50699327217755,4.127104798364807,-1.379888473812743,4
644,5.419452268722448,4.127104798364807,-1.2923474703576403,10
645,5.367367523747383,4.127104798364807,-1.2402627253825758,8
646,5.401423837711669,4.127104798364807,-1.274319039346862,2
647,5.441466833935327,4.127104798364807,-1.31436203557052,7
648,5.960047227197612,6.0,0.03995277280238785,4
649,5.904205290461916,6.0,0.095794709538084,10
650,6.067163380334124,6.0,-0.06716338033412406,8
651,6.0820807936247245,6.0,-0.08208079362472454,9
652,6.067493655561235,6.0,-0.06749365556123532,7
653,6.095812453328621,6.0,-0.09581245332862132,6
654,6.11874258053643,6.0,-0.11874258053642972,2
655,6.173137639529134,6.0,-0.1731376395291342,3
656,6.090719421592567,6.0,-0.09071942159256707,1
657,6.402177734467236,5.715167357848458,-0.6870103766187787,7
658,6.3357557682626755,5.715167357848458,-0.6205884104142179,10
659,6.346515290449951,5.715167357848458,-0.6313479326014937,4
660,6.235526783841776,5.715167357848458,-0.520359425993318,5
661,6.378272017093867,5.715167357848458,-0.6631046592454091,2
662,6.314432984709424,5.715167357848458,-0.5992656268609666,8
663,6.318404353108188,5.715167357848458,-0.6032369952597305,6
664,6.2745443932017215,5.715167357848458,-0.5593770353532639,9
665,6.319129116907656,5.715167357848458,-0.6039617590591986,3
666,5.89020134140032,6.024046225131059,0.1338448837307391,3
667,5.913405016781486,6.024046225131059,0.11064120834957336,8
668,5.944588226121095,6.024046225131059,0.0794579990099642,4
669,5.875940976378939,6.024046225131059,0.1481052487521195,9
670,5.911252597345008,6.024046225131059,0.11279362778605062,5
671,5.97681186226526,6.024046225131059,0.047234362865799184,7
672,5.911256535898527,6.024046225131059,0.11278968923253174,1
673,5.912417619605155,6.024046225131059,0.1116286055259037,2
674,5.871819399626014,6.024046225131059,0.15222682550504452,10
675,3.7595126414707747,3.645422269349092,-0.11409037212168283,2
676,3.7235590547240363,3.645422269349092,-0.0781367853749444,5
677,3.8011033866835207,3.645422269349092,-0.1556811173344288,10
678,3.661854102713236,3.645422269349092,-0.01643183336414422,4
679,3.790067162220987,3.645422269349092,-0.14464489287189508,6
680,3.788807356754052,3.645422269349092,-0.14338508740496003,3
681,3.8887076085673917,3.645422269349092,-0.24328533921829987,8
682,3.6766015023254046,3.645422269349092,-0.031179232976312754,9
683,3.784671361305877,3.645422269349092,-0.13924909195678525,1
684,3.8838538754112233,3.146128035678238,-0.7377258397329851,10
685,3.8379259777057406,3.146128035678238,-0.6917979420275024,3
686,3.789848792424347,3.146128035678238,-0.643720756746109,9
687,3.9192167376085756,3.146128035678238,-0.7730887019303374,8
688,3.739912953071185,3.146128035678238,-0.5937849173929468,4
689,3.8285693708942046,3.146128035678238,-0.6824413352159664,7
690,3.805326309789444,3.146128035678238,-0.6591982741112057,5
691,3.901810804325888,3.146128035678238,-0.7556827686476497,1
692,3.8522804979314316,3.146128035678238,-0.7061524622531934,6
693,3.8887076085673917,2.8750612633917,-1.0136463451756916,8
694,3.7235590547240363,2.8750612633917,-0.8484977913323362,5
695,3.784671361305877,2.8750612633917,-0.909610097914177,1
696,3.776036771063808,2.8750612633917,-0.9009755076721078,7
697,3.7595126414707747,2.8750612633917,-0.8844513780790746,2
698,3.8011033866835207,2.8750612633917,-0.9260421232918206,10
699,3.788807356754052,2.8750612633917,-0.9137460933623518,3
700,3.6766015023254046,2.8750612633917,-0.8015402389337045,9
701,3.661854102713236,2.8750612633917,-0.786792839321536,4
702,4.258368464304065,3.3010299956639813,-0.9573384686400841,5
703,4.329077077859204,3.3010299956639813,-1.028047082195223,7
704,4.245805803201474,3.3010299956639813,-0.9447758075374928,2
705,4.33975512074772,3.3010299956639813,-1.0387251250837384,6
706,4.248144575067088,3.3010299956639813,-0.9471145794031068,9
707,4.328306086025735,3.3010299956639813,-1.0272760903617542,8
708,4.333935994881633,3.3010299956639813,-1.0329059992176521,3
709,4.290946776051824,3.3010299956639813,-0.9899167803878424,10
710,4.178857186153957,3.3010299956639813,-0.8778271904899757,4
711,3.599614653804298,3.3138672203691533,-0.28574743343514486,3
712,3.545433703487044,3.3138672203691533,-0.23156648311789052,1
713,3.7264556948378065,3.3138672203691533,-0.4125884744686532,5
714,3.579902281812724,3.3138672203691533,-0.2660350614435707,2
715,3.621695514938624,3.3138672203691533,-0.3078282945694708,6
716,3.5294096335750433,3.3138672203691533,-0.21554241320589007,9
717,3.6082914339634833,3.3138672203691533,-0.29442421359433,10
718,3.53623624247318,3.3138672203691533,-0.22236902210402665,4
719,3.665457610668894,3.3138672203691533,-0.3515903902997408,8
720,4.049261235072536,5.905795880367869,1.8565346452953326,2
721,4.123567080847205,5.905795880367869,1.7822287995206638,7
722,4.144456005374958,5.905795880367869,1.7613398749929106,3
723,4.168737330692347,5.905795880367869,1.7370585496755213,10
724,4.136069137710699,5.905795880367869,1.76972674265717,4
725,4.194282496011144,5.905795880367869,1.7115133843567252,1
726,4.199957793163194,5.905795880367869,1.7058380872046746,9
727,4.247818332952644,5.905795880367869,1.657977547415225,8
728,4.160983821547374,5.905795880367869,1.7448120588204947,5
729,3.707612260132652,2.6989700043360187,-1.0086422557966332,2
730,3.7479893644350826,2.6989700043360187,-1.0490193600990638,8
731,3.644188207231397,2.6989700043360187,-0.9452182028953784,9
732,3.673732406707702,2.6989700043360187,-0.9747624023716832,4
733,3.7186455448454514,2.6989700043360187,-1.0196755405094327,10
734,3.6346873722146595,2.6989700043360187,-0.9357173678786408,6
735,3.7831233528017703,2.6989700043360187,-1.0841533484657515,5
736,3.8113921425259916,2.6989700043360187,-1.1124221381899728,7
737,3.710357962838332,2.6989700043360187,-1.0113879585023131,1
738,4.110255353224069,4.146128035678238,0.03587268245416908,7
739,4.126591776577571,4.146128035678238,0.019536259100667586,1
740,4.0804540508670355,4.146128035678238,0.06567398481120268,4
741,4.125085452573912,4.146128035678238,0.021042583104326162,8
742,4.15222104024845,4.146128035678238,-0.006093004570211669,3
743,4.029099323829516,4.146128035678238,0.11702871184872254,2
744,4.051842069199124,4.146128035678238,0.0942859664791138,9
745,4.139455199410626,4.146128035678238,0.006672836267612503,10
746,4.091245568469268,4.146128035678238,0.054882467208970276,5
747,4.147158371747464,3.2430380486862944,-0.9041203230611696,2
748,4.103092865577942,3.2430380486862944,-0.8600548168916475,9
749,3.931868599701637,3.2430380486862944,-0.6888305510153425,6
750,4.154423956202979,3.2430380486862944,-0.911385907516685,5
751,4.156682821899852,3.2430380486862944,-0.9136447732135577,10
752,4.10385651232229,3.2430380486862944,-0.8608184636359955,7
753,4.143659808094867,3.2430380486862944,-0.9006217594085726,8
754,4.1082716808015345,3.2430380486862944,-0.8652336321152401,1
755,4.177203743452925,3.2430380486862944,-0.934165694766631,3
756,3.858482887126617,2.6532125137753435,-1.2052703733512735,1
757,3.8191703339959577,2.6532125137753435,-1.1659578202206142,2
758,3.8523592866992327,2.6532125137753435,-1.1991467729238892,8
759,3.822124618694989,2.6532125137753435,-1.1689121049196456,4
760,3.843586545824719,2.6532125137753435,-1.1903740320493754,5
761,3.921796574471176,2.6532125137753435,-1.2685840606958325,3
762,3.810990358891739,2.6532125137753435,-1.1577778451163954,9
763,3.8747697324453383,2.6532125137753435,-1.2215572186699948,7
764,3.863010369292907,2.6532125137753435,-1.2097978555175635,10
765,3.5074301968686425,2.1089031276673134,-1.3985270692013292,1
766,3.5115700857334042,2.1089031276673134,-1.4026669580660909,4
767,3.570552688387255,2.1089031276673134,-1.4616495607199416,8
768,3.4425981808805295,2.1089031276673134,-1.3336950532132161,9
769,3.5555850378312357,2.1089031276673134,-1.4466819101639223,3
770,3.5803603315291728,2.1089031276673134,-1.4714572038618594,6
771,3.5580157065470477,2.1089031276673134,-1.4491125788797343,7
772,3.5819146802461934,2.1089031276673134,-1.47301155257888,10
773,3.5609874382242332,2.1089031276673134,-1.4520843105569199,2
774,3.8386534478596257,3.7781512503836434,-0.06050219747598229,8
775,3.9293915303580333,3.7781512503836434,-0.15124027997438994,5
776,3.7833771257691775,3.7781512503836434,-0.005225875385534096,2
777,3.7535377961146232,3.7781512503836434,0.024613454269020174,6
778,3.7602226719868965,3.7781512503836434,0.017928578396746886,4
779,3.8483149731966173,3.7781512503836434,-0.0701637228129739,7
780,3.8723372393188744,3.7781512503836434,-0.094185988935231,10
781,3.8062968472813994,3.7781512503836434,-0.028145596897755976,9
782,3.7840400166983796,3.7781512503836434,-0.005888766314736227,1
783,3.7602226719868965,3.3010299956639813,-0.45919267632291527,4
784,3.8386534478596257,3.3010299956639813,-0.5376234521956444,8
785,3.8483149731966173,3.3010299956639813,-0.547284977532636,7
786,3.789181222022894,3.3010299956639813,-0.4881512263589127,3
787,3.9293915303580333,3.3010299956639813,-0.6283615346940521,5
788,3.7535377961146232,3.3010299956639813,-0.452507800450642,6
789,3.7840400166983796,3.3010299956639813,-0.4830100210343984,1
790,3.8062968472813994,3.3010299956639813,-0.5052668516174181,9
791,3.7833771257691775,3.3010299956639813,-0.48234713010519625,2
792,3.6003207159014936,3.0,-0.6003207159014936,1
793,3.6592323927000687,3.0,-0.6592323927000687,8
794,3.718760788271754,3.0,-0.7187607882717542,7
795,3.6345211917923432,3.0,-0.6345211917923432,3
796,3.694019798854415,3.0,-0.694019798854415,2
797,3.6471208722981094,3.0,-0.6471208722981094,9
798,3.7988034652588,3.0,-0.7988034652587999,5
799,3.774128323193236,3.0,-0.7741283231932359,10
800,3.605921335886136,3.0,-0.6059213358861362,6
801,4.239469365475969,4.431363764158987,0.19189439868301772,4
802,4.14486537367249,4.431363764158987,0.2864983904864973,9
803,4.234117823702414,4.431363764158987,0.19724594045657273,2
804,4.2271656427105615,4.431363764158987,0.20419812144842542,5
805,4.214238030886104,4.431363764158987,0.21712573327288265,10
806,4.186756156529598,4.431363764158987,0.24460760762938882,3
807,4.184871564856331,4.431363764158987,0.2464921993026561,1
808,3.838173590207724,4.431363764158987,0.5931901739512631,6
809,4.123543364127367,4.431363764158987,0.3078204000316198,8
810,3.93412338392158,4.423245873936808,0.489122490015228,6
811,4.147244174595098,4.423245873936808,0.2760016993417098,2
812,4.185014238919603,4.423245873936808,0.2382316350172049,1
813,4.207639461255066,4.423245873936808,0.2156064126817423,3
814,4.264231176317815,4.423245873936808,0.15901469761899278,5
815,4.181694862319551,4.423245873936808,0.24155101161725678,8
816,3.928294425433888,4.423245873936808,0.49495144850292006,9
817,4.22894423686182,4.423245873936808,0.1943016370749877,4
818,4.164718446002793,4.423245873936808,0.2585274279340153,10
819,4.127894701423149,4.431363764158987,0.3034690627358376,8
820,3.8918430784113465,4.431363764158987,0.5395206857476404,6
821,4.092955621236922,4.431363764158987,0.33840814292206467,2
822,4.126670057713135,4.431363764158987,0.3046937064458515,9
823,4.119477960716845,4.431363764158987,0.31188580344214234,1
824,4.190550493213688,4.431363764158987,0.24081327094529925,3
825,4.117311458288978,4.431363764158987,0.31405230587000865,7
826,4.1700147296298695,4.431363764158987,0.2613490345291174,5
827,4.171463063103591,4.431363764158987,0.259900701055396,4
828,4.047502408027656,5.544068044350276,1.4965656363226199,8
829,4.088039320619073,5.544068044350276,1.4560287237312028,1
830,4.145760917009671,5.544068044350276,1.3983071273406047,4
831,3.9845294186870306,5.544068044350276,1.559538625663245,9
832,4.119283554326128,5.544068044350276,1.4247844900241473,5
833,4.028249065815066,5.544068044350276,1.5158189785352096,7
834,4.069739401933221,5.544068044350276,1.4743286424170545,2
835,4.148442351873166,5.544068044350276,1.3956256924771093,3
836,4.089201550212627,5.544068044350276,1.454866494137649,10
837,4.00176660478113,3.0,-1.00176660478113,5
838,3.908139287055248,3.0,-0.9081392870552478,2
839,4.085583728727797,3.0,-1.085583728727797,3
840,4.046311031561844,3.0,-1.046311031561844,10
841,4.0499380746179385,3.0,-1.0499380746179385,7
842,3.797210964128318,3.0,-0.7972109641283178,4
843,3.9517953068304745,3.0,-0.9517953068304745,6
844,3.9897105569950795,3.0,-0.9897105569950795,9
845,3.941057424028859,3.0,-0.941057424028859,1
846,3.9619410558926043,3.1583624920952498,-0.8035785637973545,3
847,3.9671727677547626,3.1583624920952498,-0.8088102756595128,9
848,4.067872641221846,3.1583624920952498,-0.909510149126596,7
849,4.025627378806487,3.1583624920952498,-0.8672648867112369,5
850,4.026152484098464,3.1583624920952498,-0.8677899920032144,4
851,3.8143716286571103,3.1583624920952498,-0.6560091365618606,2
852,4.035116333135486,3.1583624920952498,-0.876753841040236,8
853,4.035637284823144,3.1583624920952498,-0.8772747927278943,10
854,4.007444577600997,3.1583624920952498,-0.849082085505747,1
855,3.7912691710453372,2.740362689494244,-1.0509064815510931,6
856,4.0329841531005854,2.740362689494244,-1.2926214636063413,4
857,3.9282960627067927,2.740362689494244,-1.1879333732125485,1
858,3.948887198772195,2.740362689494244,-1.208524509277951,2
859,3.949138318065863,2.740362689494244,-1.208775628571619,3
860,3.91213986562209,2.740362689494244,-1.1717771761278457,9
861,3.9358098784149016,2.740362689494244,-1.1954471889206575,5
862,3.898787389324747,2.740362689494244,-1.158424699830503,8
863,3.9303649241271885,2.740362689494244,-1.1900022346329444,7
864,4.142000719878869,3.6232492903979,-0.518751429480969,2
865,4.244583804379307,3.6232492903979,-0.6213345139814068,10
866,4.246286861738391,3.6232492903979,-0.6230375713404914,3
867,4.188549076019491,3.6232492903979,-0.5652997856215913,9
868,4.272114870346362,3.6232492903979,-0.6488655799484624,7
869,4.201320685117974,3.6232492903979,-0.578071394720074,6
870,4.175997232800198,3.6232492903979,-0.5527479424022985,8
871,4.221427786916406,3.6232492903979,-0.5981784965185062,5
872,4.236376973580169,3.6232492903979,-0.6131276831822694,1
873,6.090536287322917,5.375092713083399,-0.7154435742395178,4
874,6.016366660676031,5.375092713083399,-0.6412739475926319,5
875,6.116896272481358,5.375092713083399,-0.7418035593979591,9
876,6.095689638768475,5.375092713083399,-0.7205969256850757,3
877,6.060824911882549,5.375092713083399,-0.6857321987991503,8
878,6.1001953552659,5.375092713083399,-0.7251026421825006,2
879,6.0485215844369815,5.375092713083399,-0.6734288713535825,1
880,6.033611030012116,5.375092713083399,-0.658518316928717,10
881,6.043721964075089,5.375092713083399,-0.6686292509916898,7
882,6.11782080516171,6.361727836017593,0.24390703085588328,2
883,6.179512132227715,6.361727836017593,0.18221570378987817,4
884,6.130540014960424,6.361727836017593,0.23118782105716917,3
885,6.140461521931511,6.361727836017593,0.22126631408608244,1
886,6.1025460433199195,6.361727836017593,0.2591817926976736,5
887,6.118448519753044,6.361727836017593,0.24327931626454902,6
888,6.154777981706949,6.361727836017593,0.20694985431064428,9
889,6.157358148873955,6.361727836017593,0.2043696871436378,8
890,6.160048105522055,6.361727836017593,0.20167973049553822,7
891,6.127222005247538,6.409933123331294,0.28271111808375604,8
892,6.058915393994434,6.409933123331294,0.35101772933685993,2
893,6.10696666533133,6.409933123331294,0.3029664579999638,3
894,6.112933219758817,6.409933123331294,0.29699990357247685,9
895,6.146905478338546,6.409933123331294,0.2630276449927482,4
896,6.1265659404911155,6.409933123331294,0.2833671828401787,5
897,6.141219316779328,6.409933123331294,0.2687138065519665,10
898,6.103938467251744,6.409933123331294,0.3059946560795499,6
899,6.117910694408807,6.409933123331294,0.2920224289224871,7
900,6.638715090310089,6.477121254719663,-0.16159383559042606,3
901,6.567852644536437,6.477121254719663,-0.09073138981677431,7
902,6.5629840708504785,6.477121254719663,-0.08586281613081592,9
903,6.6143455596628415,6.477121254719663,-0.13722430494317894,10
904,6.463463627115959,6.477121254719663,0.013657627603703482,8
905,6.596832104574668,6.477121254719663,-0.11971084985500546,6
906,6.618692144550796,6.477121254719663,-0.14157088983113297,1
907,6.4365366529650725,6.477121254719663,0.04058460175459011,4
908,6.546712570759543,6.477121254719663,-0.06959131603988045,5
909,6.275860133844402,7.021189299069938,0.7453291652255363,1
910,6.282966333764374,7.021189299069938,0.7382229653055639,5
911,6.2361302903650415,7.021189299069938,0.7850590087048968,9
912,6.207850914892493,7.021189299069938,0.8133383841774453,3
913,6.307282226001787,7.021189299069938,0.7139070730681514,6
914,6.295751671443557,7.021189299069938,0.7254376276263814,4
915,6.268280169872319,7.021189299069938,0.7529091291976195,8
916,6.303970989463031,7.021189299069938,0.7172183096069071,10
917,6.398329284173332,7.021189299069938,0.6228600148966059,7
918,4.748353056034715,3.413299764081252,-1.3350532919534635,7
919,4.5032737524966375,3.413299764081252,-1.0899739884153856,5
920,4.753914132801112,3.413299764081252,-1.3406143687198604,10
921,4.557340182138505,3.413299764081252,-1.1440404180572532,4
922,4.6531355946463515,3.413299764081252,-1.2398358305650996,2
923,4.701242117577275,3.413299764081252,-1.2879423534960228,1
924,4.564248503821839,3.413299764081252,-1.1509487397405875,8
925,4.561907241019406,3.413299764081252,-1.148607476938154,9
926,4.597966607046277,3.413299764081252,-1.184666842965025,3
927,4.509864563441165,4.260071387985075,-0.24979317545609003,4
928,4.410270319366466,4.260071387985075,-0.15019893138139118,5
929,4.441806354367546,4.260071387985075,-0.18173496638247055,1
930,4.535387806256516,4.260071387985075,-0.2753164182714407,10
931,4.463356939637361,4.260071387985075,-0.2032855516522858,6
932,4.5130060603109285,4.260071387985075,-0.2529346723258534,3
933,4.451107215888441,4.260071387985075,-0.1910358279033657,2
934,4.68309490240853,4.260071387985075,-0.42302351442345465,7
935,4.657207165444393,4.260071387985075,-0.39713577745931783,8
936,6.1041460536167795,6.0,-0.10414605361677953,7
937,6.078569179370376,6.0,-0.07856917937037622,9
938,6.0901593769187885,6.0,-0.0901593769187885,5
939,6.077739374889947,6.0,-0.07773937488994687,3
940,6.077146567357617,6.0,-0.07714656735761682,2
941,6.096830438724286,6.0,-0.09683043872428598,1
942,6.079153763133415,6.0,-0.07915376313341493,8
943,6.0769948157494404,6.0,-0.07699481574944045,10
944,6.123177882959819,6.0,-0.12317788295981913,4
945,6.299298640760465,6.740362689494244,0.4410640487337787,8
946,6.32092537693891,6.740362689494244,0.4194373125553339,2
947,6.2393995060266185,6.740362689494244,0.5009631834676256,5
948,6.224155515834921,6.740362689494244,0.516207173659323,1
949,6.276347619088882,6.740362689494244,0.4640150704053623,10
950,6.327674421675932,6.740362689494244,0.4126882678183117,9
951,6.284617011363495,6.740362689494244,0.4557456781307492,3
952,6.258743759029287,6.740362689494244,0.48161893046495674,7
953,6.270320024501984,6.740362689494244,0.4700426649922598,4
954,6.511090049949214,6.099231615080882,-0.41185843486833207,10
955,6.4961666264241495,6.099231615080882,-0.3969350113432677,1
956,6.4576374976535,6.099231615080882,-0.35840588257261796,4
957,6.47194310684073,6.099231615080882,-0.37271149175984775,6
958,6.461148335417783,6.099231615080882,-0.36191672033690114,7
959,6.4512805679116925,6.099231615080882,-0.3520489528308106,9
960,6.495620117813026,6.099231615080882,-0.3963885027321439,2
961,6.393770484983654,6.099231615080882,-0.2945388699027722,8
962,6.465090158180475,6.099231615080882,-0.3658585430995931,3
963,6.298609099571824,6.431363764158987,0.13275466458716334,7
964,6.128691408748633,6.431363764158987,0.30267235541035387,3
965,6.230745180209229,6.431363764158987,0.2006185839497583,1
966,6.193828674554402,6.431363764158987,0.23753508960458536,6
967,6.201694250806556,6.431363764158987,0.22966951335243113,8
968,6.184132983286748,6.431363764158987,0.24723078087223893,10
969,6.231985311990413,6.431363764158987,0.19937845216857397,4
970,6.171277437157229,6.431363764158987,0.2600863270017575,5
971,6.1765000344745475,6.431363764158987,0.2548637296844394,9
972,5.991959159033491,4.6464037262230695,-1.3455554328104213,10
973,5.897300178025586,4.6464037262230695,-1.2508964518025163,2
974,6.006254077045358,4.6464037262230695,-1.3598503508222883,5
975,5.91280546343646,4.6464037262230695,-1.2664017372133909,9
976,5.975982539223329,4.6464037262230695,-1.3295788130002597,3
977,5.986165410913526,4.6464037262230695,-1.3397616846904565,1
978,6.0381326576622065,4.6464037262230695,-1.391728931439137,6
979,6.046193208078953,4.6464037262230695,-1.3997894818558834,8
980,6.028907248540614,4.6464037262230695,-1.3825035223175446,4
981,6.158817416847149,6.142702245737616,-0.016115171109532866,7
982,6.275453476121377,6.142702245737616,-0.1327512303837608,3
983,6.285908208068871,6.142702245737616,-0.1432059623312547,5
984,6.290163234606659,6.142702245737616,-0.14746098886904324,9
985,6.327320018954163,6.142702245737616,-0.18461777321654704,10
986,6.306569305342132,6.142702245737616,-0.16386705960451575,4
987,6.293916535809641,6.142702245737616,-0.15121429007202547,6
988,6.290741495905295,6.142702245737616,-0.14803925016767927,2
989,6.2961231338459,6.142702245737616,-0.15342088810828436,8
990,6.241779646998424,6.431363764158987,0.189584117160563,4
991,6.2304557244741225,6.431363764158987,0.20090803968486437,1
992,6.235762693608859,6.431363764158987,0.19560107055012832,8
993,6.2847773474121436,6.431363764158987,0.14658641674684336,2
994,6.269718827888645,6.431363764158987,0.16164493627034204,5
995,6.260066435613235,6.431363764158987,0.17129732854575153,9
996,6.214531293336467,6.431363764158987,0.21683247082251977,10
997,6.2632988639365355,6.431363764158987,0.16806490022245146,3
998,6.211621432467447,6.431363764158987,0.21974233169154012,7
999,6.067720409145909,6.19258417809083,0.12486376894492146,5
1000,6.055822328824106,6.19258417809083,0.1367618492667244,1
1001,6.100539817591605,6.19258417809083,0.0920443604992256,2
1002,6.079615339936522,6.19258417809083,0.11296883815430814,7
1003,6.148362331753615,6.19258417809083,0.04422184633721482,9
1004,6.066857433279206,6.19258417809083,0.12572674481162416,10
1005,6.050677886104575,6.19258417809083,0.14190629198625526,6
1006,6.088648109655654,6.19258417809083,0.10393606843517578,4
1007,6.097179501316351,6.19258417809083,0.09540467677447939,8
1008,6.160132408852465,6.238046103128795,0.07791369427633033,4
1009,6.103966338961739,6.238046103128795,0.1340797641670557,2
1010,6.1007606623447534,6.238046103128795,0.1372854407840416,10
1011,6.126346082634979,6.238046103128795,0.11170002049381633,6
1012,6.124160882892248,6.238046103128795,0.11388522023654701,7
1013,6.094795203106423,6.238046103128795,0.14325090002237229,1
1014,6.0925900830012,6.238046103128795,0.14545602012759495,3
1015,6.1431706199825005,6.238046103128795,0.09487548314629457,5
1016,6.099582837852869,6.238046103128795,0.13846326527592634,8
1017,6.286108440509641,6.950851458888547,0.664743018378906,5
1018,6.262964042461168,6.950851458888547,0.6878874164273787,2
1019,6.3489664976638895,6.950851458888547,0.6018849612246573,4
1020,6.308908344221499,6.950851458888547,0.6419431146670478,10
1021,6.28655955575104,6.950851458888547,0.6642919031375065,6
1022,6.372916063122395,6.950851458888547,0.5779353957661515,7
1023,6.26266235691763,6.950851458888547,0.6881891019709165,8
1024,6.266135047318174,6.950851458888547,0.6847164115703732,1
1025,6.392425112578754,6.950851458888547,0.5584263463097932,9
1026,5.81984989601894,4.819543935541868,-1.000305960477072,3
1027,5.963126958705669,4.819543935541868,-1.1435830231638002,6
1028,5.866796100132921,4.819543935541868,-1.047252164591053,8
1029,5.8608754885302545,4.819543935541868,-1.0413315529883862,10
1030,5.984225167507207,4.819543935541868,-1.1646812319653383,9
1031,5.969674576493042,4.819543935541868,-1.1501306409511738,1
1032,5.855596887831866,4.819543935541868,-1.0360529522899977,2
1033,5.886804598033817,4.819543935541868,-1.0672606624919485,5
1034,5.9202047095505845,4.819543935541868,-1.1006607740087162,4
1035,5.8631974320485805,4.716504163773217,-1.1466932682753637,5
1036,5.7914349823505145,4.716504163773217,-1.0749308185772977,7
1037,5.903633081120446,4.716504163773217,-1.1871289173472288,6
1038,5.799561523475224,4.716504163773217,-1.083057359702007,3
1039,5.900571211664952,4.716504163773217,-1.1840670478917348,8
1040,5.779681605197966,4.716504163773217,-1.0631774414247488,9
1041,5.751827974968244,4.716504163773217,-1.0353238111950276,2
1042,5.887017766157761,4.716504163773217,-1.1705136023845446,10
1043,5.899217736557304,4.716504163773217,-1.1827135727840874,4
1044,6.301660557005238,6.612783856719736,0.3111232997144979,2
1045,6.298731374394902,6.612783856719736,0.3140524823248345,1
1046,6.301459667067457,6.612783856719736,0.3113241896522796,4
1047,6.307596088258916,6.612783856719736,0.3051877684608204,10
1048,6.269805548745128,6.612783856719736,0.34297830797460804,3
1049,6.311828561662167,6.612783856719736,0.30095529505756957,6
1050,6.284943016418498,6.612783856719736,0.3278408403012385,7
1051,6.186779788920719,6.612783856719736,0.4260040677990178,5
1052,6.555126831755411,6.612783856719736,0.057657024964325565,9
1053,5.934886655918946,5.7160033436348,-0.21888331228414604,10
1054,5.923202670246498,5.7160033436348,-0.20719932661169782,9
1055,6.024075747560701,5.7160033436348,-0.30807240392590085,4
1056,5.945921112040922,5.7160033436348,-0.22991776840612133,7
1057,5.930351661224217,5.7160033436348,-0.2143483175894163,8
1058,5.95314489275631,5.7160033436348,-0.23714154912150942,1
1059,5.917433609401741,5.7160033436348,-0.20143026576694023,5
1060,5.918942872494455,5.7160033436348,-0.2029395288596545,2
1061,5.951280058494776,5.7160033436348,-0.23527671485997548,3
1062,5.925443816738738,6.3979400086720375,0.47249619193329906,1
1063,5.883692045122708,6.3979400086720375,0.5142479635493293,2
1064,6.059353477280165,6.3979400086720375,0.3385865313918721,4
1065,5.9162020665617865,6.3979400086720375,0.481737942110251,8
1066,5.879956891225942,6.3979400086720375,0.5179831174460956,5
1067,5.847348259446628,6.3979400086720375,0.5505917492254095,10
1068,5.85421153927707,6.3979400086720375,0.5437284693949671,6
1069,5.857208390746486,6.3979400086720375,0.5407316179255517,9
1070,5.878983136350652,6.3979400086720375,0.5189568723213851,3
1071,5.938892301227842,6.077258863692948,0.13836656246510604,6
1072,5.904843029309397,6.077258863692948,0.17241583438355068,9
1073,5.904668912914253,6.077258863692948,0.1725899507786952,3
1074,5.903910619443977,6.077258863692948,0.1733482442489711,1
1075,5.857161554162485,6.077258863692948,0.22009730953046258,7
1076,5.8826238769731365,6.077258863692948,0.1946349867198114,10
1077,5.904333324455736,6.077258863692948,0.17292553923721155,2
1078,5.882097900611401,6.077258863692948,0.1951609630815465,5
1079,5.957373186811334,6.077258863692948,0.11988567688161389,4
1080,6.258068579775116,6.614897216033135,0.35682863625801975,7
1081,6.257245527549585,6.614897216033135,0.3576516884835508,3
1082,6.2926017272719665,6.614897216033135,0.32229548876116887,10
1083,6.3170094978846345,6.614897216033135,0.2978877181485009,9
1084,6.355263723658369,6.614897216033135,0.25963349237476674,2
1085,6.155469739626864,6.614897216033135,0.4594274764062716,1
1086,6.285629332221874,6.614897216033135,0.32926788381126126,4
1087,6.309379364186776,6.614897216033135,0.3055178518463597,6
1088,6.247745805651801,6.614897216033135,0.36715141038133403,8
1089,5.407784395463891,5.00902574208691,-0.3987586533769809,6
1090,5.365670773766903,5.00902574208691,-0.3566450316799923,2
1091,5.33786218441461,5.00902574208691,-0.3288364423276997,8
1092,5.361852518035871,5.00902574208691,-0.3528267759489605,4
1093,5.177208216140787,5.00902574208691,-0.16818247405387687,9
1094,5.320552326430882,5.00902574208691,-0.3115265843439712,5
1095,5.37806206935009,5.00902574208691,-0.3690363272631796,3
1096,5.291823288955667,5.00902574208691,-0.2827975468687569,7
1097,5.386258826692441,5.00902574208691,-0.37723308460553096,1
1098,5.178227883171335,5.37383114507383,0.19560326190249544,5
1099,5.271259770961485,5.37383114507383,0.10257137411234574,7
1100,5.166447321363956,5.37383114507383,0.20738382370987463,6
1101,5.145341286368636,5.37383114507383,0.22848985870519467,2
1102,5.1857358498957025,5.37383114507383,0.18809529517812784,10
1103,5.151736661603378,5.37383114507383,0.22209448347045235,4
1104,5.462101805772278,5.37383114507383,-0.08827066069844758,1
1105,5.272469935656227,5.37383114507383,0.10136120941760307,8
1106,5.203196211872804,5.37383114507383,0.1706349332010264,3
1107,6.006852964579113,6.477121254719663,0.4702682901405497,6
1108,6.0638713638347,6.477121254719663,0.41324989088496267,9
1109,6.041914546123629,6.477121254719663,0.4352067085960334,5
1110,6.076359000092341,6.477121254719663,0.4007622546273213,3
1111,6.007696460162815,6.477121254719663,0.46942479455684794,1
1112,6.0843230688033305,6.477121254719663,0.3927981859163321,4
1113,5.9868678567459375,6.477121254719663,0.49025339797372514,10
1114,6.007694873861431,6.477121254719663,0.4694263808582315,8
1115,6.044927815080476,6.477121254719663,0.4321934396391862,7
1116,5.768207137611483,4.862250674597925,-0.9059564630135588,10
1117,5.793860147100047,4.862250674597925,-0.9316094725021227,3
1118,5.868382268135334,4.862250674597925,-1.0061315935374093,4
1119,5.694717480584669,4.862250674597925,-0.8324668059867442,8
1120,5.720927040655253,4.862250674597925,-0.8586763660573284,6
1121,5.765039749288621,4.862250674597925,-0.9027890746906966,9
1122,5.686186477957093,4.862250674597925,-0.8239358033591682,5
1123,5.781513342145273,4.862250674597925,-0.9192626675473488,2
1124,5.739189199393959,4.862250674597925,-0.8769385247960342,7
1125,5.792897585276603,6.466867620354109,0.673970035077506,1
1126,5.894858202657143,6.466867620354109,0.5720094176969663,9
1127,5.833646386235141,6.466867620354109,0.6332212341189685,8
1128,5.879467173648682,6.466867620354109,0.587400446705427,3
1129,5.794926075508426,6.466867620354109,0.6719415448456827,5
1130,5.777106822511667,6.466867620354109,0.6897607978424425,10
1131,5.861830189806154,6.466867620354109,0.6050374305479549,7
1132,5.8290222590379654,6.466867620354109,0.6378453613161437,2
1133,5.7864988456200255,6.466867620354109,0.6803687747340836,4
1134,6.074265799162323,5.188084373714938,-0.8861814254473845,7
1135,6.094874720861967,5.188084373714938,-0.9067903471470293,9
1136,6.018046460942884,5.188084373714938,-0.8299620872279458,6
1137,5.992343808948791,5.188084373714938,-0.8042594352338526,2
1138,6.15184717748798,5.188084373714938,-0.9637628037730419,3
1139,6.026067750773219,5.188084373714938,-0.837983377058281,10
1140,6.082892671682955,5.188084373714938,-0.8948082979680168,1
1141,6.168216173569107,5.188084373714938,-0.9801317998541688,8
1142,6.059176144489963,5.188084373714938,-0.871091770775025,5
1143,6.246024856302279,6.079181246047625,-0.166843610254654,4
1144,6.194353637518207,6.079181246047625,-0.11517239147058156,1
1145,6.2595366374647226,6.079181246047625,-0.18035539141709744,6
1146,6.122161088866318,6.079181246047625,-0.04297984281869294,7
1147,6.174882001622867,6.079181246047625,-0.09570075557524227,9
1148,6.239763604951845,6.079181246047625,-0.1605823589042199,5
1149,6.226616531338026,6.079181246047625,-0.14743528529040084,2
1150,6.194500186625437,6.079181246047625,-0.11531894057781233,10
1151,6.243171320870326,6.079181246047625,-0.163990074822701,3
1152,6.076905584349208,6.146128035678238,0.06922245132903004,5
1153,6.100181855657765,6.146128035678238,0.045946180020473015,10
1154,6.217309318144443,6.146128035678238,-0.07118128246620525,4
1155,6.208042747240435,6.146128035678238,-0.06191471156219652,1
1156,6.11780474356255,6.146128035678238,0.028323292115688403,3
1157,6.146231629062253,6.146128035678238,-0.0001035933840149994,6
1158,6.060475128624142,6.146128035678238,0.08565290705409634,8
1159,6.260191970010863,6.146128035678238,-0.1140639343326244,9
1160,6.180581747842226,6.146128035678238,-0.034453712163987404,7
1161,5.870090178259947,5.326335860928752,-0.543754317331195,8
1162,5.871574925608436,5.326335860928752,-0.5452390646796843,10
1163,5.8670544242968194,5.326335860928752,-0.5407185633680678,2
1164,5.848304758930133,5.326335860928752,-0.521968898001381,9
1165,5.951986562515846,5.326335860928752,-0.6256507015870945,1
1166,5.926886267838217,5.326335860928752,-0.6005504069094654,3
1167,5.84040491908796,5.326335860928752,-0.5140690581592082,5
1168,5.9507077399611035,5.326335860928752,-0.6243718790323518,6
1169,5.87438384665997,5.326335860928752,-0.5480479857312179,7
1170,5.969969101436397,6.768638101247615,0.798668999811218,7
1171,6.025889645025067,6.768638101247615,0.7427484562225475,5
1172,6.027552045441514,6.768638101247615,0.7410860558061012,2
1173,6.001705848261943,6.768638101247615,0.7669322529856721,4
1174,6.039094946664788,6.768638101247615,0.729543154582827,1
1175,6.071383181084888,6.768638101247615,0.6972549201627265,6
1176,6.0204344451159955,6.768638101247615,0.7482036561316194,3
1177,5.965045093078495,6.768638101247615,0.8035930081691198,8
1178,6.089344169560688,6.768638101247615,0.6792939316869271,9
1179,5.884568333951481,5.48572142648158,-0.3988469074699017,8
1180,5.802843347493078,5.48572142648158,-0.3171219210114984,10
1181,5.924852294024559,5.48572142648158,-0.43913086754297925,1
1182,5.882325365073723,5.48572142648158,-0.3966039385921434,3
1183,5.901461403116477,5.48572142648158,-0.4157399766348977,2
1184,5.871106777437764,5.48572142648158,-0.3853853509561844,5
1185,5.954068929392491,5.48572142648158,-0.46834750291091165,6
1186,5.815316745418956,5.48572142648158,-0.32959531893737637,9
1187,5.95852018625779,5.48572142648158,-0.47279875977621,7
1188,5.937782403191766,5.507072896756503,-0.43070950643526285,9
1189,5.9701581008190985,5.507072896756503,-0.4630852040625957,8
1190,5.951767741782944,5.507072896756503,-0.44469484502644097,3
1191,5.989179914129287,5.507072896756503,-0.48210701737278416,1
1192,5.966775612701494,5.507072896756503,-0.45970271594499135,10
1193,6.085085062898529,5.507072896756503,-0.5780121661420266,4
1194,5.9947680805044055,5.507072896756503,-0.48769518374790266,2
1195,5.999774513425132,5.507072896756503,-0.4927016166686293,5
1196,6.029873789380677,5.507072896756503,-0.5228008926241738,7
1197,5.856691086691147,5.08361010516231,-0.7730809815288371,6
1198,5.852935031635616,5.08361010516231,-0.7693249264733062,5
1199,5.859605187735959,5.08361010516231,-0.7759950825736492,8
1200,5.849728081588191,5.08361010516231,-0.766117976425881,2
1201,5.922949891510996,5.08361010516231,-0.8393397863486856,4
1202,5.816083837580505,5.08361010516231,-0.7324737324181951,9
1203,5.8446107429892145,5.08361010516231,-0.7610006378269043,10
1204,5.87629214350254,5.08361010516231,-0.7926820383402298,1
1205,5.823047648392181,5.08361010516231,-0.7394375432298705,3
1206,6.132238062390166,6.156851901070011,0.024613838679845124,9
1207,6.093569851684344,6.156851901070011,0.06328204938566717,1
1208,6.127249814752955,6.156851901070011,0.029602086317056298,5
1209,6.134435082871662,6.156851901070011,0.022416818198348842,6
1210,6.082382481830711,6.156851901070011,0.07446941923929984,2
1211,6.162887675963576,6.156851901070011,-0.0060357748935651045,7
1212,6.140242607075753,6.156851901070011,0.016609293994258145,8
1213,6.130755117615698,6.156851901070011,0.026096783454312877,3
1214,6.131508867687697,6.156851901070011,0.02534303338231414,4
1215,6.183759760214458,5.676693609624866,-0.5070661505895915,4
1216,6.130581686181824,5.676693609624866,-0.4538880765569573,8
1217,6.214673685744413,5.676693609624866,-0.5379800761195463,3
1218,6.098594364549721,5.676693609624866,-0.421900754924855,5
1219,6.189388425203199,5.676693609624866,-0.5126948155783326,2
1220,6.422485297160062,5.676693609624866,-0.7457916875351955,10
1221,6.1531233299471575,5.676693609624866,-0.47642972032229114,9
1222,6.183670727176043,5.676693609624866,-0.5069771175511768,7
1223,6.1824771804447245,5.676693609624866,-0.5057835708198581,6
1224,6.691535738813635,7.252853030979893,0.5613172921662581,8
1225,6.657187764304041,7.252853030979893,0.5956652666758524,7
1226,6.740626696689201,7.252853030979893,0.5122263342906921,10
1227,6.739544502106125,7.252853030979893,0.5133085288737682,9
1228,6.758291147062656,7.252853030979893,0.4945618839172372,1
1229,6.652302154526624,7.252853030979893,0.6005508764532692,3
1230,6.683622905400656,7.252853030979893,0.5692301255792369,2
1231,6.685821049959795,7.252853030979893,0.5670319810200981,4
1232,6.626156771875145,7.252853030979893,0.6266962591047482,6
1233,6.684409552466007,6.301029995663981,-0.3833795568020255,2
1234,6.610479526951682,6.301029995663981,-0.3094495312877008,8
1235,6.6376696019302495,6.301029995663981,-0.3366396062662682,1
1236,6.566237715236382,6.301029995663981,-0.26520771957240097,4
1237,6.634638472225915,6.301029995663981,-0.3336084765619338,7
1238,6.644101002762539,6.301029995663981,-0.3430710070985574,10
1239,6.624593826093631,6.301029995663981,-0.32356383042964953,9
1240,6.55225802031715,6.301029995663981,-0.2512280246531686,3
1241,6.544576447110489,6.301029995663981,-0.243546451446508,5
1242,6.627061610821491,6.477121254719663,-0.149940356101828,9
1243,6.6409072869817685,6.477121254719663,-0.16378603226210586,1
1244,6.636006572031113,6.477121254719663,-0.1588853173114506,10
1245,6.595528526883796,6.477121254719663,-0.11840727216413338,4
1246,6.618631981035556,6.477121254719663,-0.141510726315893,7
1247,6.61022881814421,6.477121254719663,-0.13310756342454777,8
1248,6.559203700172239,6.477121254719663,-0.08208244545257681,3
1249,6.599686364945799,6.477121254719663,-0.12256511022613648,6
1250,6.678006843075074,6.477121254719663,-0.20088558835541104,2
1251,5.955059998365816,6.361727836017593,0.40666783765177694,10
1252,5.908276729005733,6.361727836017593,0.4534511070118601,2
1253,6.014665867843292,6.361727836017593,0.3470619681743008,4
1254,5.932484753002975,6.361727836017593,0.4292430830146179,8
1255,5.961587044486096,6.361727836017593,0.40014079153149673,7
1256,5.943438316953945,6.361727836017593,0.41828951906364775,9
1257,5.9883593931425825,6.361727836017593,0.3733684428750106,6
1258,5.937584732502552,6.361727836017593,0.4241431035150409,3
1259,5.990138048589501,6.361727836017593,0.3715897874280918,1
1260,5.659989110828172,6.079181246047625,0.4191921352194532,6
1261,5.7793832125006075,6.079181246047625,0.2997980335470176,8
1262,5.720888248699498,6.079181246047625,0.35829299734812725,5
1263,5.693059972521521,6.079181246047625,0.38612127352610415,2
1264,5.801355539638303,6.079181246047625,0.27782570640932214,7
1265,5.7034699570839935,6.079181246047625,0.3757112889636316,9
1266,5.778505446880807,6.079181246047625,0.3006757991668181,10
1267,5.733415765719154,6.079181246047625,0.3457654803284713,3
1268,5.719516882547367,6.079181246047625,0.3596643635002579,1
1269,5.6598617055108695,4.396199347095736,-1.2636623584151332,3
1270,5.634280450331239,4.396199347095736,-1.238081103235503,8
1271,5.729193413968172,4.396199347095736,-1.3329940668724358,1
1272,5.68229477843233,4.396199347095736,-1.2860954313365935,10
1273,5.518877404511638,4.396199347095736,-1.1226780574159019,6
1274,5.6597558433456285,4.396199347095736,-1.2635564962498922,7
1275,5.62828909436806,4.396199347095736,-1.2320897472723233,5
1276,5.611428876777146,4.396199347095736,-1.2152295296814097,9
1277,5.743479087103447,4.396199347095736,-1.3472797400077106,4
1278,6.03306840275173,6.14705767102836,0.11398926827663036,10
1279,6.020985991647636,6.14705767102836,0.1260716793807246,3
1280,5.911238198384361,6.14705767102836,0.23581947264399883,2
1281,6.040268766796149,6.14705767102836,0.10678890423221077,1
1282,6.050627411430512,6.14705767102836,0.0964302595978479,8
1283,5.99326528305005,6.14705767102836,0.15379238797831007,7
1284,6.04966712598077,6.14705767102836,0.09739054504759004,9
1285,6.079526723248005,6.14705767102836,0.06753094778035518,6
1286,5.965820853027423,6.14705767102836,0.18123681800093738,5
1287,6.269805548745128,5.195456833628169,-1.074348715116959,3
1288,6.284943016418498,5.195456833628169,-1.0894861827903286,7
1289,6.186779788920719,5.195456833628169,-0.9913229552925493,5
1290,6.301459667067457,5.195456833628169,-1.1060028334392875,4
1291,6.307596088258916,5.195456833628169,-1.1121392546307467,10
1292,6.185982519947637,5.195456833628169,-0.9905256863194678,8
1293,6.298731374394902,5.195456833628169,-1.1032745407667326,1
1294,6.301660557005238,5.195456833628169,-1.1062037233770692,2
1295,6.311828561662167,5.195456833628169,-1.1163717280339975,6
1296,6.067064156365268,5.643551368562945,-0.4235127878023226,1
1297,5.933084353486821,5.643551368562945,-0.28953298492387614,3
1298,5.983891956006696,5.643551368562945,-0.34034058744375084,4
1299,6.015001643471237,5.643551368562945,-0.37145027490829197,5
1300,6.06292603260304,5.643551368562945,-0.41937466404009527,10
1301,6.05780051473966,5.643551368562945,-0.41424914617671504,9
1302,6.012597453684362,5.643551368562945,-0.36904608512141657,8
1303,5.992433835237609,5.643551368562945,-0.34888246667466394,2
1304,5.981954919288946,5.643551368562945,-0.33840355072600126,7
1305,5.761962083034032,6.016197353512439,0.2542352704784072,7
1306,5.795227691034458,6.016197353512439,0.2209696624779811,5
1307,5.743826198775891,6.016197353512439,0.2723711547365477,3
1308,5.813268872214718,6.016197353512439,0.2029284812977208,1
1309,5.659014615813048,6.016197353512439,0.35718273769939124,8
1310,5.6359573970012855,6.016197353512439,0.3802399565111534,9
1311,5.762581446857967,6.016197353512439,0.2536159066544723,4
1312,5.795957581160934,6.016197353512439,0.22023977235150483,10
1313,5.9218324199755354,6.016197353512439,0.09436493353690345,2
1314,5.58329945630261,6.079181246047625,0.49588178974501496,8
1315,5.642101556879485,6.079181246047625,0.4370796891681401,7
1316,5.607747620628726,6.079181246047625,0.4714336254188991,3
1317,5.6827706148899555,6.079181246047625,0.3964106311576696,1
1318,5.608021716710621,6.079181246047625,0.47115952933700367,4
1319,5.641612379474515,6.079181246047625,0.4375688665731099,5
1320,5.928884131431279,6.079181246047625,0.15029711461634587,2
1321,5.62298656447246,6.079181246047625,0.4561946815751652,10
1322,5.50999350043014,6.079181246047625,0.5691877456174854,6
1323,6.030478139431309,6.146128035678238,0.11564989624692945,7
1324,5.9198507626340415,6.146128035678238,0.22627727304419665,3
1325,5.952986124406416,6.146128035678238,0.19314191127182223,5
1326,5.943712101946229,6.146128035678238,0.20241593373200928,10
1327,5.986982896359933,6.146128035678238,0.15914513931830498,1
1328,5.971876533685267,6.146128035678238,0.17425150199297157,6
1329,5.99467008407032,6.146128035678238,0.15145795160791842,9
1330,5.9114073141646175,6.146128035678238,0.23472072151362067,2
1331,5.936146176190697,6.146128035678238,0.20998185948754156,8
1332,5.823196899722458,6.0,0.1768031002775423,5
1333,5.752426339047072,6.0,0.247573660952928,6
1334,5.916217854289071,6.0,0.0837821457109289,4
1335,5.4277614941966315,6.0,0.5722385058033685,9
1336,5.887605882039622,6.0,0.11239411796037757,7
1337,5.859298296337232,6.0,0.14070170366276802,1
1338,5.926192937783475,6.0,0.07380706221652478,2
1339,5.901200927045163,6.0,0.09879907295483736,8
1340,5.847646348494134,6.0,0.15235365150586588,10
1341,4.904085317647037,4.113943352306837,-0.7901419653402,4
1342,4.973167244347947,4.113943352306837,-0.8592238920411104,1
1343,4.972869802152509,4.113943352306837,-0.8589264498456721,6
1344,4.875819969917872,4.113943352306837,-0.7618766176110352,5
1345,4.8997940416920365,4.113943352306837,-0.7858506893851995,9
1346,4.989467487571842,4.113943352306837,-0.8755241352650049,2
1347,5.0672045199673015,4.113943352306837,-0.9532611676604645,7
1348,5.022462262264017,4.113943352306837,-0.9085189099571798,3
1349,5.024397627897185,4.113943352306837,-0.9104542755903484,10
1350,6.329700012183352,6.577491799837225,0.2477917876538731,1
1351,6.28969794492653,6.577491799837225,0.28779385491069487,5
1352,6.261100850606288,6.577491799837225,0.3163909492309367,6
1353,6.268568829470117,6.577491799837225,0.30892297036710836,2
1354,6.208285187102512,6.577491799837225,0.3692066127347129,3
1355,6.226475210601051,6.577491799837225,0.35101658923617407,10
1356,6.367589111503107,6.577491799837225,0.20990268833411818,7
1357,6.277589018043239,6.577491799837225,0.29990278179398633,4
1358,6.213514909701445,6.577491799837225,0.3639768901357803,8
1359,6.208777894530649,5.472756449317212,-0.7360214452134368,2
1360,6.209273919905879,5.472756449317212,-0.7365174705886668,8
1361,6.452926030631768,5.472756449317212,-0.9801695813145557,7
1362,6.445228533734223,5.472756449317212,-0.9724720844170109,10
1363,6.396024072253388,5.472756449317212,-0.9232676229361756,3
1364,6.381547241605528,5.472756449317212,-0.9087907922883156,6
1365,6.5708305065619985,5.472756449317212,-1.0980740572447862,5
1366,6.3962840072630485,5.472756449317212,-0.9235275579458362,4
1367,6.345980100900298,5.472756449317212,-0.8732236515830856,1
1368,6.474446460727467,6.334453751150931,-0.13999270957653653,4
1369,6.336704070390995,6.334453751150931,-0.002250319240064691,2
1370,6.3663441069597,6.334453751150931,-0.031890355808769755,1
1371,6.476597409196015,6.334453751150931,-0.1421436580450841,10
1372,6.453970844931603,6.334453751150931,-0.11951709378067221,6
1373,6.4100550531715985,6.334453751150931,-0.07560130202066784,7
1374,6.295927185524507,6.334453751150931,0.03852656562642398,8
1375,6.556608584322949,6.334453751150931,-0.22215483317201823,5
1376,6.410467961346311,6.334453751150931,-0.07601421019538002,3
1377,6.43928934203111,7.276921132065774,0.8376317900346644,7
1378,6.454386250130727,7.276921132065774,0.8225348819350469,6
1379,6.6359209601583915,7.276921132065774,0.6410001719073826,5
1380,6.61677538299564,7.276921132065774,0.6601457490701339,9
1381,6.459051490949825,7.276921132065774,0.8178696411159487,4
1382,6.4573073520658895,7.276921132065774,0.8196137799998846,10
1383,6.350287606856918,7.276921132065774,0.9266335252088558,2
1384,6.396679015089537,7.276921132065774,0.8802421169762367,1
1385,6.456787595740864,7.276921132065774,0.82013353632491,3
1386,5.817237745252118,4.819543935541868,-0.9976938097102499,10
1387,5.908210089759245,4.819543935541868,-1.0886661542173766,3
1388,6.01035802298353,4.819543935541868,-1.1908140874416615,9
1389,5.872252022120327,4.819543935541868,-1.052708086578459,1
1390,5.8360499250228095,4.819543935541868,-1.0165059894809412,4
1391,5.765564753983296,4.819543935541868,-0.9460208184414274,6
1392,5.8961023946291276,4.819543935541868,-1.0765584590872592,7
1393,5.936465035505433,4.819543935541868,-1.116921099963565,2
1394,5.915579686333857,4.819543935541868,-1.0960357507919882,5
1395,7.103575697129272,7.483587296968894,0.38001159983962207,5
1396,6.975487363327164,7.483587296968894,0.5080999336417298,8
1397,6.977890329349649,7.483587296968894,0.5056969676192447,1
1398,7.018282057516332,7.483587296968894,0.46530523945256164,2
1399,7.113237197247883,7.483587296968894,0.3703500997210112,6
1400,7.115618281392734,7.483587296968894,0.36796901557616035,7
1401,7.120060588225494,7.483587296968894,0.3635267087434002,3
1402,7.180011968507277,7.483587296968894,0.3035753284616165,10
1403,7.1215541092342365,7.483587296968894,0.3620331877346574,9
1404,6.749176597445696,8.041392685158225,1.2922160877125295,6
1405,6.703291845191374,8.041392685158225,1.3381008399668515,8
1406,6.793983269755508,8.041392685158225,1.2474094154027178,1
1407,6.7330762559537805,8.041392685158225,1.308316429204445,7
1408,6.9083342751684285,8.041392685158225,1.133058409989797,2
1409,6.746574418293182,8.041392685158225,1.2948182668650432,10
1410,6.779384303087436,8.041392685158225,1.262008382070789,5
1411,6.841746320826454,8.041392685158225,1.1996463643317714,3
1412,6.855730969382935,8.041392685158225,1.1856617157752902,9
1413,6.8314088604925685,7.477121254719663,0.6457123942270941,3
1414,6.856622373096345,7.477121254719663,0.6204988816233179,5
1415,6.824222479562898,7.477121254719663,0.652898775156765,7
1416,6.894461397775672,7.477121254719663,0.5826598569439909,9
1417,6.845062030805552,7.477121254719663,0.6320592239141103,10
1418,6.695608883891778,7.477121254719663,0.7815123708278842,4
1419,6.7579153658012885,7.477121254719663,0.7192058889183741,1
1420,6.79065662339466,7.477121254719663,0.6864646313250029,6
1421,6.667128819708354,7.477121254719663,0.809992435011309,2
1422,6.470933620946826,6.479393896404411,0.008460275457585098,3
1423,6.527123890640011,6.479393896404411,-0.04772999423559998,1
1424,6.303767638848153,6.479393896404411,0.17562625755625838,9
1425,6.418558500566271,6.479393896404411,0.060835395838140016,10
1426,6.501216296946415,6.479393896404411,-0.02182240054200424,7
1427,6.35595055720675,6.479393896404411,0.12344333919766104,8
1428,6.353748667210272,6.479393896404411,0.12564522919413879,6
1429,6.432564696762791,6.479393896404411,0.046829199641620356,2
1430,6.433057127221921,6.479393896404411,0.0463367691824903,5
1431,6.832315606486292,7.477121254719663,0.6448056482333708,7
1432,6.8423278396777185,7.477121254719663,0.6347934150419441,6
1433,6.837570384773626,7.477121254719663,0.6395508699460368,3
1434,6.80058814449167,7.477121254719663,0.676533110227993,2
1435,6.798251428340797,7.477121254719663,0.6788698263788655,9
1436,6.885025107312505,7.477121254719663,0.5920961474071573,10
1437,6.832350183980523,7.477121254719663,0.6447710707391394,5
1438,6.703690878161078,7.477121254719663,0.7734303765585846,4
1439,6.810338317435881,7.477121254719663,0.6667829372837817,1
1440,6.352834370372879,6.320146286111054,-0.03268808426182446,8
1441,6.3252641274449255,6.320146286111054,-0.005117841333871276,5
1442,6.297673779165606,6.320146286111054,0.02247250694544789,3
1443,6.258665770990759,6.320146286111054,0.06148051512029529,4
1444,6.342641810873086,6.320146286111054,-0.022495524762032204,10
1445,6.313897633090918,6.320146286111054,0.006248653020135997,1
1446,6.398639739500646,6.320146286111054,-0.07849345338959157,6
1447,6.27212363931062,6.320146286111054,0.04802264680043411,7
1448,6.418203095659077,6.320146286111054,-0.09805680954802298,2
1449,6.322296846022508,6.3979400086720375,0.07564316264952975,4
1450,6.386847679920533,6.3979400086720375,0.011092328751504787,8
1451,6.291274993531861,6.3979400086720375,0.10666501514017668,9
1452,6.332649277621281,6.3979400086720375,0.06529073105075689,2
1453,6.285239605190027,6.3979400086720375,0.11270040348201071,3
1454,6.3602946923689485,6.3979400086720375,0.03764531630308898,5
1455,6.299721032253596,6.3979400086720375,0.09821897641844135,7
1456,6.268851886675986,6.3979400086720375,0.1290881219960518,6
1457,6.304297351645489,6.3979400086720375,0.09364265702654873,1
1458,6.216160761105517,6.113943352306837,-0.1022174087986798,4
1459,6.186756569496462,6.113943352306837,-0.07281321718962541,3
1460,6.151803930977138,6.113943352306837,-0.03786057867030124,6
1461,6.175342393788691,6.113943352306837,-0.061399041481854155,2
1462,6.185471114704622,6.113943352306837,-0.07152776239778547,9
1463,6.178739247727005,6.113943352306837,-0.06479589542016839,7
1464,6.1602870098869005,6.113943352306837,-0.046343657580063535,8
1465,6.215882438639436,6.113943352306837,-0.10193908633259863,5
1466,6.237994669912855,6.113943352306837,-0.12405131760601762,10
1467,6.297673779165606,6.201397124320452,-0.09627665484515457,3
1468,6.3252641274449255,6.201397124320452,-0.12386700312447374,5
1469,6.304384018511421,6.201397124320452,-0.10298689419096885,9
1470,6.342641810873086,6.201397124320452,-0.14124468655263467,10
1471,6.398639739500646,6.201397124320452,-0.19724261518019404,6
1472,6.313897633090918,6.201397124320452,-0.11250050877046647,1
1473,6.27212363931062,6.201397124320452,-0.07072651499016835,7
1474,6.352834370372879,6.201397124320452,-0.15143724605242692,8
1475,6.258665770990759,6.201397124320452,-0.05726864667030718,4
1476,6.411207409697333,6.986771734266245,0.5755643245689122,1
1477,6.409036277952457,6.986771734266245,0.5777354563137882,10
1478,6.432756839557665,6.986771734266245,0.5540148947085806,8
1479,6.432493040546936,6.986771734266245,0.5542786937193096,2
1480,6.474732943673419,6.986771734266245,0.5120387905928263,6
1481,6.411804312766179,6.986771734266245,0.574967421500066,5
1482,6.388898282353182,6.986771734266245,0.5978734519130633,7
1483,6.400443163101317,6.986771734266245,0.5863285711649286,3
1484,6.421316073267705,6.986771734266245,0.5654556609985404,9
1485,6.4363910654360375,6.474216264076255,0.03782519864021783,5
1486,6.4153256967468195,6.474216264076255,0.05889056732943576,7
1487,6.408237175651741,6.474216264076255,0.06597908842451439,10
1488,6.437863239047928,6.474216264076255,0.036353025028327046,8
1489,6.411847300837505,6.474216264076255,0.0623689632387503,3
1490,6.441069162849756,6.474216264076255,0.033147101226499665,9
1491,6.430525296105184,6.474216264076255,0.04369096797107108,1
1492,6.4018722721200785,6.474216264076255,0.0723439919561768,2
1493,6.434121477208074,6.474216264076255,0.04009478686818113,4
1494,6.275355895577478,6.004136436761356,-0.2712194588161223,9
1495,6.271893334345014,6.004136436761356,-0.2677568975836584,2
1496,6.246988168752742,6.004136436761356,-0.24285173199138654,8
1497,6.25571774829495,6.004136436761356,-0.2515813115335943,4
1498,6.294630731193133,6.004136436761356,-0.29049429443177743,5
1499,6.226500604055206,6.004136436761356,-0.22236416729384967,7
1500,6.260760612545482,6.004136436761356,-0.25662417578412633,3
1501,6.233578663120658,6.004136436761356,-0.22944222635930167,6
1502,6.287881813137848,6.004136436761356,-0.28374537637649233,1
1503,6.146186294403633,6.477121254719663,0.3309349603160294,1
1504,6.229429834216769,6.477121254719663,0.2476914205028935,6
1505,6.118960633515736,6.477121254719663,0.35816062120392633,3
1506,6.121782875231511,6.477121254719663,0.3553383794881517,2
1507,6.226802156604067,6.477121254719663,0.25031909811559583,10
1508,6.221268098806214,6.477121254719663,0.2558531559134485,4
1509,6.1720879013788235,6.477121254719663,0.30503335334083914,7
1510,6.2135927959400945,6.477121254719663,0.2635284587795681,8
1511,6.135661644301483,6.477121254719663,0.3414596104181795,9
1512,6.359123501726358,6.434888120867316,0.07576461914095844,3
1513,6.370969832697366,6.434888120867316,0.06391828816995027,4
1514,6.311181905543462,6.434888120867316,0.12370621532385417,6
1515,6.37636022339639,6.434888120867316,0.058527897470925794,2
1516,6.360493742136651,6.434888120867316,0.07439437873066534,8
1517,6.3547822628357,6.434888120867316,0.08010585803161607,9
1518,6.381541552701888,6.434888120867316,0.05334656816542793,5
1519,6.3908660795506735,6.434888120867316,0.04402204131664256,10
1520,6.334986215393885,6.434888120867316,0.09990190547343136,7
1521,6.8474288753830885,8.122543524068755,1.2751146486856664,4
1522,7.078234634749066,8.122543524068755,1.044308889319689,5
1523,7.15639560837931,8.122543524068755,0.9661479156894446,3
1524,7.159740796415158,8.122543524068755,0.9628027276535969,1
1525,7.224616496030668,8.122543524068755,0.8979270280380867,6
1526,7.135921231804879,8.122543524068755,0.9866222922638759,10
1527,7.116047935841837,8.122543524068755,1.006495588226918,8
1528,7.121526465542461,8.122543524068755,1.001017058526294,9
1529,7.170641143473058,8.122543524068755,0.9519023805956968,2
1530,6.12431798799827,6.281033367247727,0.1567153792494569,6
1531,6.193021000779892,6.281033367247727,0.08801236646783561,1
1532,6.117868460601184,6.281033367247727,0.16316490664654282,7
1533,6.228219458522226,6.281033367247727,0.05281390872550151,10
1534,6.103304691656936,6.281033367247727,0.17772867559079142,3
1535,6.095154717888941,6.281033367247727,0.18587864935878606,9
1536,6.1237557912844,6.281033367247727,0.15727757596332737,4
1537,6.162747788828359,6.281033367247727,0.1182855784193686,8
1538,6.157589103576672,6.281033367247727,0.12344426367105488,5
1539,6.187943753012901,5.953421399681036,-0.23452235333186433,6
1540,6.217733509810809,5.953421399681036,-0.2643121101297723,3
1541,6.206362508267343,5.953421399681036,-0.2529411085863069,4
1542,6.166957149652941,5.953421399681036,-0.2135357499719044,7
1543,6.139880538148242,5.953421399681036,-0.18645913846720585,2
1544,6.198683684219348,5.953421399681036,-0.24526228453831145,10
1545,6.194740064418123,5.953421399681036,-0.2413186647370864,8
1546,6.173903430779743,5.953421399681036,-0.22048203109870634,9
1547,6.211035290318698,5.953421399681036,-0.2576138906376615,1
1548,5.574663558071385,6.518513939877887,0.9438503818065023,10
1549,5.584102376521057,6.518513939877887,0.9344115633568304,5
1550,5.648533956336293,6.518513939877887,0.8699799835415938,8
1551,5.617094532907194,6.518513939877887,0.9014194069706933,4
1552,5.416689206060844,6.518513939877887,1.1018247338170433,9
1553,5.7256060595525655,6.518513939877887,0.7929078803253216,2
1554,5.386742506326339,6.518513939877887,1.131771433551548,3
1555,5.610973642219069,6.518513939877887,0.9075402976588185,1
1556,5.491984182117803,6.518513939877887,1.026529757760084,6
1557,6.233013236350652,6.556423121371285,0.3234098850206335,3
1558,6.2973703846457605,6.556423121371285,0.25905273672552465,10
1559,6.364824951013602,6.556423121371285,0.19159817035768345,6
1560,6.248401548262732,6.556423121371285,0.3080215731085527,9
1561,6.196860713688796,6.556423121371285,0.35956240768248904,4
1562,6.2284101437451636,6.556423121371285,0.3280129776261216,7
1563,6.27702436062773,6.556423121371285,0.27939876074355485,5
1564,6.287017688167217,6.556423121371285,0.26940543320406807,8
1565,6.372173754722949,6.556423121371285,0.18424936664833602,2
1566,6.364509432134921,6.348304863048161,-0.016204569086760046,6
1567,6.365160160985439,6.348304863048161,-0.016855297937278024,10
1568,6.379398313431892,6.348304863048161,-0.031093450383731458,1
1569,6.42027698752179,6.348304863048161,-0.07197212447362933,9
1570,6.408075932423268,6.348304863048161,-0.05977106937510701,5
1571,6.381576141741461,6.348304863048161,-0.03327127869330049,7
1572,6.416462457838579,6.348304863048161,-0.06815759479041805,8
1573,6.3881457374120085,6.348304863048161,-0.03984087436384787,3
1574,6.392599598351847,6.348304863048161,-0.04429473530368622,2
1575,1.9676492624659503,1.954242509439325,-0.013406753026625307,1
1576,1.9390404064121856,1.954242509439325,0.015202103027139424,7
1577,2.029843823268199,1.954242509439325,-0.07560131382887403,8
1578,2.1114492423217084,1.954242509439325,-0.1572067328823834,6
1579,2.077802280799221,1.954242509439325,-0.12355977135989593,5
1580,1.993100052772313,1.954242509439325,-0.038857543332988076,4
1581,1.9228849812485316,1.954242509439325,0.031357528190793404,10
1582,1.9736436099765375,1.954242509439325,-0.019401100537212557,3
1583,1.9891359251999559,1.954242509439325,-0.034893415760630875,9
1584,2.1432102361106757,2.6020599913279625,0.45884975521728677,8
1585,2.3703010931791137,2.6020599913279625,0.23175889814884876,5
1586,2.155111624162856,2.6020599913279625,0.44694836716510666,3
1587,2.192585502360464,2.6020599913279625,0.4094744889674984,6
1588,2.1489924550661916,2.6020599913279625,0.4530675362617709,2
1589,2.1434506564407902,2.6020599913279625,0.45860933488717226,4
1590,2.1723155043224476,2.6020599913279625,0.42974448700551493,9
1591,2.0104125109535924,2.6020599913279625,0.5916474803743701,10
1592,2.1269083514438654,2.6020599913279625,0.47515163988409714,1
1593,2.359605780004147,1.3010299956639813,-1.0585757843401655,2
1594,2.398046007225368,1.3010299956639813,-1.097016011561387,7
1595,2.487420429237942,1.3010299956639813,-1.1863904335739606,9
1596,2.3848789212426666,1.3010299956639813,-1.0838489255786854,10
1597,2.4649174460388408,1.3010299956639813,-1.1638874503748595,8
1598,2.5784872585961267,1.3010299956639813,-1.2774572629321455,6
1599,2.359562862768114,1.3010299956639813,-1.058532867104133,4
1600,2.443738893319827,1.3010299956639813,-1.142708897655846,5
1601,2.3168337239859396,1.3010299956639813,-1.0158037283219583,1
1602,2.138538227223159,1.9549175537349588,-0.18362067348820021,1
1603,2.106524638189561,1.9549175537349588,-0.15160708445460225,2
1604,2.166404063441654,1.9549175537349588,-0.21148650970669536,8
1605,2.113826417744722,1.9549175537349588,-0.15890886400976312,7
1606,2.092552852550903,1.9549175537349588,-0.13763529881594438,9
1607,2.197261417251487,1.9549175537349588,-0.24234386351652804,5
1608,2.074178862244094,1.9549175537349588,-0.11926130850913541,10
1609,2.2226585134238483,1.9549175537349588,-0.26774095968888956,6
1610,2.053570602030971,1.9549175537349588,-0.09865304829601218,3
1611,2.4541873308671227,2.0,-0.4541873308671227,5
1612,2.6004227516442953,2.0,-0.6004227516442953,9
1613,2.4857663942367028,2.0,-0.48576639423670276,2
1614,2.3466063675189615,2.0,-0.34660636751896146,3
1615,2.4739176145769894,2.0,-0.47391761457698944,7
1616,2.4821966448228143,2.0,-0.4821966448228143,8
1617,2.413156719056813,2.0,-0.41315671905681306,1
1618,2.502799451813739,2.0,-0.5027994518137389,6
1619,2.306546629623848,2.0,-0.30654662962384815,10
1620,2.5628461326434695,2.146128035678238,-0.4167180969652313,2
1621,2.702446001727302,2.146128035678238,-0.5563179660490638,5
1622,2.806976561672712,2.146128035678238,-0.6608485259944739,6
1623,2.6057302153491255,2.146128035678238,-0.45960217967088735,1
1624,2.670626906731777,2.146128035678238,-0.524498871053539,9
1625,2.737122824344016,2.146128035678238,-0.5909947886657778,3
1626,2.5642742929825486,2.146128035678238,-0.41814625730431043,4
1627,2.671314117808448,2.146128035678238,-0.5251860821302099,7
1628,2.5350136184494625,2.146128035678238,-0.3888855827712243,10
1629,2.8014772195265363,3.164352855784437,0.36287563625790087,5
1630,2.891093709414238,3.164352855784437,0.273259146370199,1
1631,2.819908312688656,3.164352855784437,0.344444543095781,9
1632,3.019975034123381,3.164352855784437,0.14437782166105606,3
1633,2.9294163816114525,3.164352855784437,0.2349364741729847,8
1634,2.883079012432785,3.164352855784437,0.2812738433516522,2
1635,2.9329110152463307,3.164352855784437,0.23144184053810646,7
1636,3.0032134133699717,3.164352855784437,0.16113944241446543,6
1637,2.957649195463653,3.164352855784437,0.20670366032078435,10
1638,2.2720022033211853,1.390935107103379,-0.8810670962178062,10
1639,2.397799075367777,1.390935107103379,-1.0068639682643978,8
1640,2.4463850891091146,1.390935107103379,-1.0554499820057355,3
1641,2.3519617637311683,1.390935107103379,-0.9610266566277892,4
1642,2.373688662982079,1.390935107103379,-0.9827535558787,7
1643,2.4698353048400348,1.390935107103379,-1.0789001977366557,9
1644,2.4417238222200566,1.390935107103379,-1.0507887151166775,5
1645,2.2656949647764417,1.390935107103379,-0.8747598576730626,2
1646,2.245931722296199,1.390935107103379,-0.8549966151928199,1
1647,3.015348267549639,2.9552065375419416,-0.06014173000769718,10
1648,3.0618706126005972,2.9552065375419416,-0.1066640750586556,8
1649,3.059505139592415,2.9552065375419416,-0.10429860205047348,5
1650,3.1058965530211644,2.9552065375419416,-0.15069001547922278,2
1651,3.002951497373396,2.9552065375419416,-0.04774495983145455,1
1652,2.9316909635412505,2.9552065375419416,0.023515574000691153,7
1653,3.1653644953970583,2.9552065375419416,-0.2101579578551167,4
1654,3.0472436216265373,2.9552065375419416,-0.09203708408459566,3
1655,2.970326070216477,2.9552065375419416,-0.015119532674535474,9
1656,2.666145813800989,3.562292864456474,0.8961470506554852,9
1657,2.7242087186721564,3.562292864456474,0.8380841457843178,3
1658,2.5533021155652555,3.562292864456474,1.0089907488912186,10
1659,2.78511807257599,3.562292864456474,0.7771747918804843,5
1660,2.9053609154409914,3.562292864456474,0.6569319490154828,6
1661,2.6769647636259544,3.562292864456474,0.8853281008305198,8
1662,2.6416362093321006,3.562292864456474,0.9206566551243736,4
1663,2.648441437968029,3.562292864456474,0.9138514264884452,1
1664,2.729195075605224,3.562292864456474,0.8330977888512501,7
1665,1.96167455734731,1.9268567089496924,-0.03481784839761759,4
1666,2.057316257402563,1.9268567089496924,-0.13045954845287056,9
1667,1.9677485366192045,1.9268567089496924,-0.04089182766951205,1
1668,2.0483647615841116,1.9268567089496924,-0.12150805263441922,6
1669,1.8619079050548157,1.9268567089496924,0.06494880389487667,10
1670,1.9287301682223372,1.9268567089496924,-0.0018734592726448174,3
1671,2.0948638439969756,1.9268567089496924,-0.16800713504728315,5
1672,2.0752253890070995,1.9268567089496924,-0.1483686800574071,8
1673,1.9450410046170827,1.9268567089496924,-0.018184295667390327,7
1674,2.2549598256320733,1.146128035678238,-1.1088317899538354,1
1675,2.3138621526598273,1.146128035678238,-1.1677341169815894,10
1676,2.3827748045414023,1.146128035678238,-1.2366467688631644,3
1677,2.388841435834008,1.146128035678238,-1.2427134001557703,7
1678,2.4339961617289143,1.146128035678238,-1.2878681260506764,2
1679,2.4604705120362667,1.146128035678238,-1.3143424763580287,5
1680,2.47600713051753,1.146128035678238,-1.3298790948392922,4
1681,2.3941145497995575,1.146128035678238,-1.2479865141213196,6
1682,2.2904894128185735,1.146128035678238,-1.1443613771403356,8
1683,2.357647223072896,2.8512583487190755,0.49361112564617926,2
1684,2.5699392652983755,2.8512583487190755,0.2813190834207,9
1685,2.284625454492044,2.8512583487190755,0.5666328942270313,1
1686,2.3148967801871105,2.8512583487190755,0.5363615685319649,4
1687,2.420669422338724,2.8512583487190755,0.4305889263803513,6
1688,2.3817983117211377,2.8512583487190755,0.4694600369979378,8
1689,2.482666150126869,2.8512583487190755,0.36859219859220627,5
1690,2.375638785119025,2.8512583487190755,0.47561956360005064,7
1691,2.37156931372038,2.8512583487190755,0.47968903499869553,3
1692,2.8370157388000687,2.0,-0.8370157388000687,3
1693,2.8448547105235065,2.0,-0.8448547105235065,5
1694,2.650449506100061,2.0,-0.650449506100061,6
1695,2.7444169617432443,2.0,-0.7444169617432443,10
1696,3.0580345242929834,2.0,-1.0580345242929834,4
1697,2.8011166376124135,2.0,-0.8011166376124135,1
1698,2.753953938097861,2.0,-0.7539539380978608,9
1699,2.8977530909277998,2.0,-0.8977530909277998,8
1700,2.7440636420008495,2.0,-0.7440636420008495,7
1701,2.78792741837963,3.539452491549461,0.7515250731698311,4
1702,2.76046984520556,3.539452491549461,0.7789826463439011,1
1703,2.803059632641967,3.539452491549461,0.736392858907494,8
1704,2.8851782340858825,3.539452491549461,0.6542742574635785,5
1705,2.635936133042178,3.539452491549461,0.9035163585072827,2
1706,2.752383186400338,3.539452491549461,0.7870693051491231,9
1707,2.810602817138548,3.539452491549461,0.7288496744109128,7
1708,2.844860271492064,3.539452491549461,0.6945922200573968,3
1709,2.9845723600856426,3.539452491549461,0.5548801314638183,6
1710,2.0830586264794593,1.380211241711606,-0.7028473847678534,6
1711,2.0813490980942384,1.380211241711606,-0.7011378563826325,9
1712,2.013269283688825,1.380211241711606,-0.6330580419772192,2
1713,1.9869909966247645,1.380211241711606,-0.6067797549131586,7
1714,2.028222215420712,1.380211241711606,-0.648010973709106,1
1715,1.860075949262958,1.380211241711606,-0.479864707551352,10
1716,1.9794984790778658,1.380211241711606,-0.5992872373662599,4
1717,1.9529942900013781,1.380211241711606,-0.5727830482897722,3
1718,2.122323594741624,1.380211241711606,-0.7421123530300182,5
1719,2.407098138046728,2.273232834043045,-0.1338653040036828,8
1720,2.4673554232732187,2.273232834043045,-0.19412258923017367,1
1721,2.478643121748557,2.273232834043045,-0.20541028770551195,6
1722,2.459455849443978,2.273232834043045,-0.186223015400933,10
1723,2.491697094563457,2.273232834043045,-0.2184642605204119,3
1724,2.5354964710598935,2.273232834043045,-0.2622636370168485,2
1725,2.5913831439874215,2.273232834043045,-0.31815030994437654,9
1726,2.5935315025906025,2.273232834043045,-0.3202986685475575,5
1727,2.5404580955619465,2.273232834043045,-0.26722526151890147,4
1728,2.637374023434783,2.57978359661681,-0.05759042681797277,4
1729,2.670931998466726,2.57978359661681,-0.09114840184991602,2
1730,2.7374164792531492,2.57978359661681,-0.15763288263633912,8
1731,2.719617508903053,2.57978359661681,-0.13983391228624287,1
1732,2.771224107025426,2.57978359661681,-0.19144051040861587,5
1733,2.974726887704982,2.57978359661681,-0.39494329108817183,10
1734,2.6160710621652035,2.57978359661681,-0.03628746554839335,9
1735,2.8831082480011,2.57978359661681,-0.30332465138429,6
1736,2.6556574852401504,2.57978359661681,-0.07587388862334032,7
1737,2.2754151401008196,0.6334684555795865,-1.641946684521233,6
1738,2.113069193635668,0.6334684555795865,-1.4796007380560812,8
1739,2.130536596855598,0.6334684555795865,-1.4970681412760114,4
1740,2.102820608989492,0.6334684555795865,-1.4693521534099054,7
1741,1.989484548908181,0.6334684555795865,-1.3560160933285945,10
1742,2.1799851341182124,0.6334684555795865,-1.5465166785386257,3
1743,2.2180281097421224,0.6334684555795865,-1.5845596541625357,9
1744,2.114273519618076,0.6334684555795865,-1.4808050640384893,1
1745,2.138318484651089,0.6334684555795865,-1.5048500290715023,2
1746,5.672608581175034,6.079181246047625,0.40657266487259136,1
1747,5.61713626939605,6.079181246047625,0.4620449766515753,5
1748,5.641946328293615,6.079181246047625,0.4372349177540098,8
1749,5.519023017603961,6.079181246047625,0.5601582284436644,9
1750,5.619800124084412,6.079181246047625,0.45938112196321335,7
1751,5.674403758077179,6.079181246047625,0.40477748797044644,10
1752,5.69932614784358,6.079181246047625,0.37985509820404495,4
1753,5.5494447772545366,6.079181246047625,0.5297364687930886,2
1754,5.2910167197734514,6.079181246047625,0.7881645262741737,3
1755,4.896693715694426,5.023951707423388,0.12725799172896135,2
1756,5.067332476326512,5.023951707423388,-0.043380768903124256,9
1757,5.109082448273106,5.023951707423388,-0.08513074084971795,10
1758,4.942448986173722,5.023951707423388,0.08150272124966573,8
1759,5.1306399173922905,5.023951707423388,-0.10668820996890283,1
1760,5.011226633796337,5.023951707423388,0.012725073627050776,5
1761,4.98143867810261,5.023951707423388,0.042513029320777385,3
1762,4.961803466923043,5.023951707423388,0.06214824050034462,7
1763,4.8709663491931074,5.023951707423388,0.15298535823028026,6
1764,5.61713626939605,6.2322335211147335,0.6150972517186837,5
1765,5.69932614784358,6.2322335211147335,0.5329073732711533,4
1766,5.672608581175034,6.2322335211147335,0.5596249399396998,1
1767,5.641946328293615,6.2322335211147335,0.5902871928211182,8
1768,5.674403758077179,6.2322335211147335,0.5578297630375548,10
1769,5.371747376789359,6.2322335211147335,0.8604861443253746,6
1770,5.519023017603961,6.2322335211147335,0.7132105035107728,9
1771,5.5494447772545366,6.2322335211147335,0.682788743860197,2
1772,5.619800124084412,6.2322335211147335,0.6124333970303217,7
1773,4.497781797463728,3.247973266361807,-1.249808531101921,7
1774,4.508708977504383,3.247973266361807,-1.2607357111425759,1
1775,4.519849341763715,3.247973266361807,-1.271876075401908,10
1776,4.617948637340012,3.247973266361807,-1.3699753709782052,6
1777,4.555407233448993,3.247973266361807,-1.3074339670871864,8
1778,4.6274504603394835,3.247973266361807,-1.3794771939776767,5
1779,4.539854745946221,3.247973266361807,-1.2918814795844145,4
1780,4.576334090482316,3.247973266361807,-1.3283608241205092,3
1781,4.474056130593494,3.247973266361807,-1.2260828642316874,2
1782,5.2891758844068155,6.302547372487486,1.0133714880806703,3
1783,5.188319042479084,6.302547372487486,1.1142283300084017,5
1784,5.158704806564742,6.302547372487486,1.1438425659227436,9
1785,5.202885515647554,6.302547372487486,1.0996618568399317,8
1786,5.2867350674987845,6.302547372487486,1.0158123049887013,7
1787,5.3467039876359665,6.302547372487486,0.9558433848515193,10
1788,5.308443781835285,6.302547372487486,0.9941035906522009,1
1789,5.099678452249393,6.302547372487486,1.2028689202380924,6
1790,5.330466273153945,6.302547372487486,0.9720810993335407,4
1791,5.428107766811979,4.598571663482141,-0.8295361033298381,6
1792,5.468564157913332,4.598571663482141,-0.869992494431191,7
1793,5.4458367322722285,4.598571663482141,-0.8472650687900876,3
1794,5.441319588653761,4.598571663482141,-0.8427479251716203,4
1795,5.609013607009797,4.598571663482141,-1.0104419435276562,10
1796,5.368449170557537,4.598571663482141,-0.769877507075396,1
1797,5.3945909460413946,4.598571663482141,-0.7960192825592536,9
1798,5.564896872442279,4.598571663482141,-0.9663252089601384,5
1799,5.504535486957301,4.598571663482141,-0.9059638234751599,8
1800,4.988637897809385,4.812913356642856,-0.17572454116652914,5
1801,4.830632354446909,4.812913356642856,-0.01771899780405306,1
1802,4.974727314865143,4.812913356642856,-0.16181395822228772,8
1803,4.826480859064145,4.812913356642856,-0.013567502421289568,4
1804,4.853820743978606,4.812913356642856,-0.040907387335749945,7
1805,4.77238204582129,4.812913356642856,0.04053131082156547,3
1806,4.8678814919027555,4.812913356642856,-0.05496813525989985,2
1807,4.790965346299909,4.812913356642856,0.021948010342947022,9
1808,4.903949874678395,4.812913356642856,-0.09103651803553969,6
1809,4.741519044160262,3.562292864456474,-1.1792261797037882,7
1810,4.585050731684668,3.562292864456474,-1.022757867228194,2
1811,4.684527296346832,3.562292864456474,-1.1222344318903574,8
1812,4.632435543202715,3.562292864456474,-1.0701426787462407,3
1813,4.5520056214580356,3.562292864456474,-0.9897127570015614,6
1814,4.593038213933376,3.562292864456474,-1.0307453494769017,1
1815,4.725727018485882,3.562292864456474,-1.163434154029408,9
1816,4.658631218216078,3.562292864456474,-1.0963383537596036,4
1817,4.6951776680832955,3.562292864456474,-1.1328848036268213,5
1818,5.951887744968227,6.806179973983888,0.8542922290156616,7
1819,5.935127956469124,6.806179973983888,0.8710520175147645,6
1820,5.817546358469925,6.806179973983888,0.9886336155139634,8
1821,6.081696183929982,6.806179973983888,0.7244837900539061,5
1822,5.923367583528645,6.806179973983888,0.8828123904552436,1
1823,6.105998433883463,6.806179973983888,0.7001815401004254,10
1824,5.904216541893698,6.806179973983888,0.9019634320901906,3
1825,5.863716467458483,6.806179973983888,0.9424635065254057,2
1826,5.9728625162535804,6.806179973983888,0.833317457730308,4
1827,5.067359511895808,5.782472624166286,0.7151131122704779,9
1828,4.6274504603394835,5.782472624166286,1.1550221638268026,5
1829,4.555407233448993,5.782472624166286,1.2270653907172928,8
1830,4.576334090482316,5.782472624166286,1.20613853368397,3
1831,4.539854745946221,5.782472624166286,1.2426178782200648,4
1832,4.497781797463728,5.782472624166286,1.2846908267025583,7
1833,4.617948637340012,5.782472624166286,1.164523986826274,6
1834,4.508708977504383,5.782472624166286,1.2737636466619033,1
1835,4.519849341763715,5.782472624166286,1.2626232824025712,10
1836,5.527568168711374,6.054957596012407,0.5273894273010331,1
1837,5.7300618020459915,6.054957596012407,0.3248957939664159,5
1838,5.478617813313817,6.054957596012407,0.5763397826985903,3
1839,5.490448686570666,6.054957596012407,0.5645089094417415,8
1840,5.371122137201602,6.054957596012407,0.6838354588108055,10
1841,5.3393995561391066,6.054957596012407,0.7155580398733008,4
1842,5.489034442727161,6.054957596012407,0.5659231532852464,7
1843,5.535568340516275,6.054957596012407,0.5193892554961321,2
1844,5.491297707349972,6.054957596012407,0.5636598886624355,9
1845,5.348124859428705,6.15124723746237,0.8031223780336649,4
1846,5.396616166213347,6.15124723746237,0.7546310712490234,2
1847,5.462451867863972,6.15124723746237,0.6887953695983979,1
1848,5.349922430644926,6.15124723746237,0.8013248068174441,3
1849,5.431366017038011,6.15124723746237,0.7198812204243596,9
1850,5.41974783122594,6.15124723746237,0.7314994062364306,7
1851,5.359712364516855,6.15124723746237,0.7915348729455154,5
1852,5.477042441322589,6.15124723746237,0.6742047961397812,8
1853,5.212947217862248,6.15124723746237,0.9383000196001223,6
1854,4.751781459532033,3.9036325160842376,-0.8481489434477956,7
1855,4.706161987304976,3.9036325160842376,-0.8025294712207387,3
1856,4.845004548851528,3.9036325160842376,-0.9413720327672905,8
1857,4.7599351647433314,3.9036325160842376,-0.8563026486590939,4
1858,4.612869328333367,3.9036325160842376,-0.709236812249129,5
1859,4.795653064297945,3.9036325160842376,-0.8920205482137078,1
1860,4.726601372321127,3.9036325160842376,-0.8229688562368898,9
1861,4.655755883712382,3.9036325160842376,-0.752123367628144,2
1862,4.652285482844067,3.9036325160842376,-0.7486529667598294,6
1863,5.213144894834619,6.501059262217751,1.2879143673831326,10
1864,5.22141571620608,6.501059262217751,1.2796435460116715,6
1865,5.196212155625705,6.501059262217751,1.304847106592046,5
1866,5.295062013185232,6.501059262217751,1.205997249032519,2
1867,5.3042091341176825,6.501059262217751,1.1968501281000687,8
1868,5.35830445525245,6.501059262217751,1.1427548069653009,4
1869,5.21406992906165,6.501059262217751,1.286989333156101,1
1870,5.365997356626416,6.501059262217751,1.1350619055913356,7
1871,5.136759615578343,6.501059262217751,1.3642996466394086,3
1872,4.60102526669518,4.892762234615817,0.2917369679206372,9
1873,4.784319530970693,4.892762234615817,0.10844270364512365,5
1874,4.707863972595848,4.892762234615817,0.18489826201996884,8
1875,4.864765292518858,4.892762234615817,0.027996942096958577,7
1876,4.663376439681633,4.892762234615817,0.22938579493418398,10
1877,4.79341712789468,4.892762234615817,0.09934510672113639,6
1878,4.673947163464895,4.892762234615817,0.2188150711509218,1
1879,4.79204755246845,4.892762234615817,0.10071468214736701,2
1880,4.772006965815578,4.892762234615817,0.1207552688002389,4
1881,5.755373812307273,7.068185861746161,1.3128120494388886,6
1882,5.898599413247661,7.068185861746161,1.1695864484985004,1
1883,5.828118822575999,7.068185861746161,1.240067039170162,10
1884,5.9156659538681335,7.068185861746161,1.1525199078780277,2
1885,5.972461229332508,7.068185861746161,1.0957246324136536,8
1886,5.867231231064563,7.068185861746161,1.200954630681598,7
1887,5.898876589532207,7.068185861746161,1.1693092722139546,5
1888,5.910140495560076,7.068185861746161,1.1580453661860854,9
1889,5.855396814070917,7.068185861746161,1.212789047675244,3
1890,4.267972148641113,3.4800069429571505,-0.7879652056839626,1
1891,4.297831104886335,3.4800069429571505,-0.8178241619291842,3
1892,4.308832211633268,3.4800069429571505,-0.8288252686761175,10
1893,4.322172616633862,3.4800069429571505,-0.8421656736767118,6
1894,4.4200151351394545,3.4800069429571505,-0.940008192182304,9
1895,4.306936902493326,3.4800069429571505,-0.8269299595361752,7
1896,4.451170351355666,3.4800069429571505,-0.9711634083985152,5
1897,4.321479214643836,3.4800069429571505,-0.8414722716866856,8
1898,4.40032878482996,3.4800069429571505,-0.9203218418728096,4
1899,4.600016094816023,4.336459733848529,-0.2635563609674936,9
1900,4.429443324511058,4.336459733848529,-0.09298359066252893,3
1901,4.462261727829818,4.336459733848529,-0.12580199398128844,7
1902,4.560280115461645,4.336459733848529,-0.22382038161311613,8
1903,4.490461571595034,4.336459733848529,-0.1540018377465051,10
1904,4.622764994745259,4.336459733848529,-0.2863052608967296,2
1905,4.527559844807316,4.336459733848529,-0.19110011095878665,1
1906,4.4811910588550985,4.336459733848529,-0.14473132500656938,6
1907,4.461663839536599,4.336459733848529,-0.12520410568806994,4
1908,5.331168294010175,5.0,-0.3311682940101752,3
1909,5.451092033707504,5.0,-0.4510920337075044,6
1910,5.370691475959175,5.0,-0.37069147595917507,8
1911,5.348065772473363,5.0,-0.3480657724733627,7
1912,5.442989538672569,5.0,-0.44298953867256863,1
1913,5.482967253770726,5.0,-0.4829672537707257,10
1914,5.426593625842295,5.0,-0.4265936258422949,9
1915,5.393654434064401,5.0,-0.39365443406440104,5
1916,5.4051572695773675,5.0,-0.40515726957736753,4
1917,5.127170327753155,6.0,0.8728296722468452,9
1918,5.2350885970257774,6.0,0.7649114029742226,2
1919,5.361281761028386,6.0,0.638718238971614,8
1920,5.347706889719926,6.0,0.6522931102800742,10
1921,5.153828408931165,6.0,0.8461715910688348,6
1922,5.215623567451457,6.0,0.7843764325485427,4
1923,5.150206094682762,6.0,0.8497939053172381,3
1924,5.242690609310185,6.0,0.757309390689815,1
1925,5.341241564384505,6.0,0.6587584356154954,7
1926,4.265999982144389,5.445604203273597,1.1796042211292086,3
1927,4.27921505178591,5.445604203273597,1.166389151487687,10
1928,4.427690957681589,5.445604203273597,1.0179132455920081,5
1929,4.431860929069759,5.445604203273597,1.0137432742038381,8
1930,4.2886688712227885,5.445604203273597,1.156935332050809,9
1931,4.2921871936039855,5.445604203273597,1.153417009669612,2
1932,4.367270464518435,5.445604203273597,1.0783337387551626,7
1933,4.3583462601881005,5.445604203273597,1.087257943085497,1
1934,4.45245390375216,5.445604203273597,0.993150299521437,6
1935,2.1164248748530015,1.7781512503836436,-0.3382736244693578,4
1936,2.2226585134238483,1.7781512503836436,-0.4445072630402047,6
1937,2.074178862244094,1.7781512503836436,-0.29602761186045057,10
1938,2.166404063441654,1.7781512503836436,-0.3882528130580105,8
1939,2.092552852550903,1.7781512503836436,-0.31440160216725954,9
1940,2.106524638189561,1.7781512503836436,-0.3283733878059174,2
1941,2.053570602030971,1.7781512503836436,-0.27541935164732734,3
1942,2.113826417744722,1.7781512503836436,-0.3356751673610783,7
1943,2.138538227223159,1.7781512503836436,-0.36038697683951537,1
1944,2.3647296768736195,2.400537989391946,0.03580831251832661,8
1945,2.4284268286190622,2.400537989391946,-0.027888839227116158,1
1946,2.430593638692103,2.400537989391946,-0.03005564930015714,9
1947,2.4838029009321745,2.400537989391946,-0.08326491154022841,4
1948,2.385185635114646,2.400537989391946,0.015352354277299973,6
1949,2.412151803934279,2.400537989391946,-0.01161381454233279,5
1950,2.432100310682312,2.400537989391946,-0.03156232129036596,2
1951,2.3968229536652843,2.400537989391946,0.003715035726661764,3
1952,2.2991864764720127,2.400537989391946,0.10135151291993338,7
1953,4.29436535026482,3.0,-1.2943653502648198,10
1954,4.313051489474193,3.0,-1.3130514894741934,9
1955,4.157655459683727,3.0,-1.1576554596837267,2
1956,4.196341556351412,3.0,-1.1963415563514124,4
1957,4.302792905549057,3.0,-1.3027929055490572,7
1958,4.36159928921731,3.0,-1.3615992892173097,3
1959,4.239580579306388,3.0,-1.2395805793063879,6
1960,4.200273424977554,3.0,-1.2002734249775537,1
1961,4.210318483495575,3.0,-1.2103184834955751,5
1962,4.502056236988495,3.653212513775344,-0.8488437232131512,7
1963,4.3524932474292735,3.653212513775344,-0.6992807336539295,6
1964,4.3790356462104425,3.653212513775344,-0.7258231324350986,1
1965,4.460627775559041,3.653212513775344,-0.8074152617836967,2
1966,4.76286454631481,3.653212513775344,-1.1096520325394659,9
1967,4.334658662493153,3.653212513775344,-0.681446148717809,4
1968,4.468013098690681,3.653212513775344,-0.8148005849153375,10
1969,4.484110867745282,3.653212513775344,-0.8308983539699382,8
1970,4.36339550074131,3.653212513775344,-0.7101829869659664,5
1971,4.742637415827235,5.0,0.2573625841727649,4
1972,4.723051498020097,5.0,0.27694850197990295,2
1973,4.855086646220037,5.0,0.1449133537799634,8
1974,4.834516864027766,5.0,0.1654831359722344,10
1975,4.677006858544294,5.0,0.3229931414557061,6
1976,4.758669913955586,5.0,0.24133008604441386,7
1977,4.592098422088118,5.0,0.40790157791188175,5
1978,4.722215896646391,5.0,0.2777841033536088,3
1979,4.598644074103622,5.0,0.4013559258963779,1
1980,5.081559350012793,5.14921911265538,0.06765976264258633,8
1981,4.917270544082042,5.14921911265538,0.2319485685733378,7
1982,4.946784330172337,5.14921911265538,0.20243478248304303,6
1983,4.893416898818802,5.14921911265538,0.25580221383657786,4
1984,4.9552218446615655,5.14921911265538,0.19399726799381423,1
1985,4.768360073587798,5.14921911265538,0.3808590390675821,5
1986,5.005615560808158,5.14921911265538,0.14360355184722184,10
1987,4.769298011171577,5.14921911265538,0.3799211014838031,3
1988,4.827618897415257,5.14921911265538,0.3216002152401227,9
1989,3.924663415790504,4.101747073946366,0.1770836581558619,6
1990,3.7935559585842733,4.101747073946366,0.30819111536209265,9
1991,3.839760459577842,4.101747073946366,0.2619866143685239,4
1992,3.7208268422176625,4.101747073946366,0.3809202317287035,5
1993,3.8868680097295667,4.101747073946366,0.21487906421679925,1
1994,3.9813471447047246,4.101747073946366,0.12039992924164133,7
1995,3.7898608970219696,4.101747073946366,0.31188617692439635,2
1996,3.8022237677260566,4.101747073946366,0.2995233062203093,10
1997,3.8030970142715925,4.101747073946366,0.2986500596747734,8
1998,6.1053757536552915,6.2552725051033065,0.14989675144801495,6
1999,6.156314975200616,6.2552725051033065,0.09895752990269013,1
2000,5.987958209647861,6.2552725051033065,0.2673142954554457,10
2001,6.2685174435999755,6.2552725051033065,-0.013244938496669079,8
2002,6.051860224992337,6.2552725051033065,0.20341228011096923,9
2003,6.111787181468086,6.2552725051033065,0.14348532363522004,7
2004,6.098051897543947,6.2552725051033065,0.15722060755935985,3
2005,6.16676283073791,6.2552725051033065,0.08850967436539658,4
2006,6.212431665872436,6.2552725051033065,0.042840839230870564,2
2007,5.744333665976836,6.361727836017593,0.6173941700407575,3
2008,5.534724721394193,6.361727836017593,0.8270031146234,10
2009,5.609869137699558,6.361727836017593,0.7518586983180349,5
2010,5.5055313467700016,6.361727836017593,0.8561964892475915,9
2011,5.754915988822283,6.361727836017593,0.6068118471953099,2
2012,5.659736532136455,6.361727836017593,0.7019913038811385,8
2013,5.6778062405946335,6.361727836017593,0.6839215954229596,4
2014,5.751892586026256,6.361727836017593,0.6098352499913373,7
2015,5.69496525065674,6.361727836017593,0.6667625853608534,1
2016,6.16081445507474,6.421603926869831,0.26078947179509093,6
2017,6.162814464085561,6.421603926869831,0.25878946278426973,10
2018,6.13349536821001,6.421603926869831,0.2881085586598209,7
2019,6.101107811164378,6.421603926869831,0.32049611570545267,2
2020,6.115626716185566,6.421603926869831,0.3059772106842651,3
2021,6.132521462687989,6.421603926869831,0.2890824641818419,4
2022,6.1128461512237156,6.421603926869831,0.3087577756461153,9
2023,6.074876101838237,6.421603926869831,0.3467278250315937,1
2024,6.12019660265745,6.421603926869831,0.3014073242123807,8
2025,6.256079756349906,6.176091259055681,-0.07998849729422464,10
2026,6.1919491195161,6.176091259055681,-0.015857860460418927,4
2027,6.226978685122346,6.176091259055681,-0.050887426066664965,5
2028,6.212974508230486,6.176091259055681,-0.03688324917480479,3
2029,6.241145419563249,6.176091259055681,-0.06505416050756807,6
2030,6.311420891327337,6.176091259055681,-0.13532963227165595,2
2031,6.245724677143729,6.176091259055681,-0.06963341808804735,7
2032,6.1916671754966615,6.176091259055681,-0.015575916440980109,1
2033,6.239119786833054,6.176091259055681,-0.063028527777373,8
2034,6.252044179833993,6.113943352306837,-0.1381008275271558,9
2035,6.192627958059811,6.113943352306837,-0.07868460575297398,3
2036,6.227611189773854,6.113943352306837,-0.11366783746701703,7
2037,6.148683701986579,6.113943352306837,-0.034740349679742266,4
2038,6.209365045273743,6.113943352306837,-0.09542169296690606,5
2039,6.237245273508012,6.113943352306837,-0.12330192120117545,10
2040,6.145372959454525,6.113943352306837,-0.03142960714768783,1
2041,6.229433533317249,6.113943352306837,-0.11549018101041231,6
2042,6.21250461747069,6.113943352306837,-0.09856126516385277,8
2043,6.407886356528186,6.313867220369153,-0.09401913615903279,9
2044,6.390752500817755,6.313867220369153,-0.07688528044860199,6
2045,6.396364515407127,6.313867220369153,-0.08249729503797365,3
2046,6.3939709748643265,6.313867220369153,-0.08010375449517326,4
2047,6.338573812620219,6.313867220369153,-0.024706592251066084,7
2048,6.360972652549786,6.313867220369153,-0.04710543218063279,1
2049,6.405083212478525,6.313867220369153,-0.09121599210937159,8
2050,6.321456576381288,6.313867220369153,-0.007589356012134729,10
2051,6.328043694826452,6.313867220369153,-0.014176474457298305,2
2052,6.217639272455638,6.544068044350276,0.3264287718946379,2
2053,6.230804220525192,6.544068044350276,0.3132638238250838,7
2054,6.222357203957931,6.544068044350276,0.32171084039234454,3
2055,6.2279263272366245,6.544068044350276,0.31614171711365113,5
2056,6.213189585025847,6.544068044350276,0.3308784593244285,9
2057,6.205980067265565,6.544068044350276,0.3380879770847107,4
2058,6.2094903973361735,6.544068044350276,0.3345776470141022,10
2059,6.233868687159331,6.544068044350276,0.31019935719094427,1
2060,6.285524600499549,6.544068044350276,0.25854344385072636,8
2061,6.005478108944642,5.993876914941211,-0.011601194003430848,8
2062,5.981819848969595,5.993876914941211,0.012057065971616154,3
2063,5.923640726074532,5.993876914941211,0.07023618886667915,6
2064,6.106902694682114,5.993876914941211,-0.11302577974090333,7
2065,6.024644211392965,5.993876914941211,-0.0307672964517538,10
2066,6.031690418768787,5.993876914941211,-0.03781350382757598,1
2067,5.985820671282005,5.993876914941211,0.00805624365920643,2
2068,5.981612395139809,5.993876914941211,0.012264519801401974,5
2069,5.971257399256005,5.993876914941211,0.02261951568520626,4
2070,6.270097175552368,6.544068044350276,0.27397086879790766,1
2071,6.152766392333797,6.544068044350276,0.3913016520164785,6
2072,6.265962738297636,6.544068044350276,0.2781053060526393,4
2073,6.269307611341551,6.544068044350276,0.27476043300872455,9
2074,6.248611920328627,6.544068044350276,0.29545612402164867,5
2075,6.18212840562219,6.544068044350276,0.361939638728086,2
2076,6.250880640424999,6.544068044350276,0.29318740392527687,3
2077,6.23062133339212,6.544068044350276,0.31344671095815535,7
2078,6.228693979936284,6.544068044350276,0.31537406441399174,8
2079,6.111615618610575,6.187520720836463,0.07590510222588787,8
2080,6.107063283130449,6.187520720836463,0.08045743770601366,9
2081,6.084480327825689,6.187520720836463,0.10304039301077328,4
2082,6.118979152957677,6.187520720836463,0.06854156787878551,7
2083,6.180956057583681,6.187520720836463,0.0065646632527816,6
2084,6.133812782898414,6.187520720836463,0.05370793793804829,10
2085,6.073079472777862,6.187520720836463,0.11444124805860056,5
2086,6.098221977245621,6.187520720836463,0.08929874359084167,3
2087,6.072345429761923,6.187520720836463,0.11517529107453939,1
2088,6.241808271908466,6.526985068559996,0.2851767966515295,3
2089,6.213282294945329,6.526985068559996,0.3137027736146667,7
2090,6.206559803208863,6.526985068559996,0.32042526535113236,5
2091,6.224775706243563,6.526985068559996,0.30220936231643236,1
2092,6.2605771696493315,6.526985068559996,0.2664078989106642,8
2093,6.225594351912393,6.526985068559996,0.3013907166476031,4
2094,6.2002045985040315,6.526985068559996,0.3267804700559642,9
2095,6.170626147136064,6.526985068559996,0.356358921423932,10
2096,6.159627147461917,6.526985068559996,0.36735792109807885,2
2097,6.255030973575195,6.1003705451175625,-0.15466042845763273,5
2098,6.248430671582703,6.1003705451175625,-0.14806012646514066,10
2099,6.246744163994128,6.1003705451175625,-0.14637361887656564,7
2100,6.273672071995318,6.1003705451175625,-0.17330152687775513,1
2101,6.2661488153092755,6.1003705451175625,-0.16577827019171298,4
2102,6.279938813088719,6.1003705451175625,-0.1795682679711561,2
2103,6.261123016949867,6.1003705451175625,-0.16075247183230434,6
2104,6.287741412722268,6.1003705451175625,-0.1873708676047059,9
2105,6.273085289201051,6.1003705451175625,-0.1727147440834882,8
2106,5.033718044660555,5.806179973983888,0.7724619293233337,3
2107,5.128801321378751,5.806179973983888,0.6773786526051371,2
2108,5.163953060088066,5.806179973983888,0.6422269138958221,9
2109,5.034321024082549,5.806179973983888,0.7718589499013397,8
2110,5.1395956592095615,5.806179973983888,0.6665843147743269,4
2111,5.245787678711438,5.806179973983888,0.5603922952724503,6
2112,5.105374070936186,5.806179973983888,0.7008059030477023,1
2113,5.128069884142599,5.806179973983888,0.6781100898412893,10
2114,5.279954205855434,5.806179973983888,0.5262257681284543,5
2115,5.766622576909083,5.093421685162235,-0.6732008917468484,5
2116,5.556508986610866,5.093421685162235,-0.4630873014486312,9
2117,5.673283395585411,5.093421685162235,-0.5798617104231765,2
2118,5.6053645699859445,5.093421685162235,-0.5119428848237098,1
2119,5.7865415853020465,5.093421685162235,-0.6931199001398118,3
2120,5.717804003767828,5.093421685162235,-0.6243823186055932,7
2121,5.72635648087944,5.093421685162235,-0.6329347957172056,10
2122,5.691326740543562,5.093421685162235,-0.597905055381327,8
2123,5.80503020986297,5.093421685162235,-0.7116085247007353,4
2124,5.430510627520786,3.963787827345555,-1.4667228001752313,8
2125,5.369921313176036,3.963787827345555,-1.4061334858304808,7
2126,5.45632929920035,3.963787827345555,-1.492541471854795,6
2127,5.407235077525045,3.963787827345555,-1.44344725017949,5
2128,5.414569436745026,3.963787827345555,-1.450781609399471,10
2129,5.3541155239265334,3.963787827345555,-1.3903276965809783,1
2130,5.511715350005777,3.963787827345555,-1.5479275226602218,4
2131,5.436730994378729,3.963787827345555,-1.4729431670331743,9
2132,5.410853913059708,3.963787827345555,-1.447066085714153,2
2133,5.559010594270673,6.0751453270538525,0.5161347327831791,10
2134,5.543065452079018,6.0751453270538525,0.5320798749748343,8
2135,5.5057628855502125,6.0751453270538525,0.5693824415036399,5
2136,5.510773545002748,6.0751453270538525,0.5643717820511043,7
2137,5.779368703449038,6.0751453270538525,0.29577662360481405,3
2138,5.67640304813946,6.0751453270538525,0.3987422789143924,4
2139,5.57924535425619,6.0751453270538525,0.4958999727976625,2
2140,5.621205009591628,6.0751453270538525,0.45394031746222474,6
2141,5.544151994627866,6.0751453270538525,0.5309933324259868,9
2142,6.605161732869712,7.146128035678238,0.5409663028085259,1
2143,6.539375256944482,7.146128035678238,0.6067527787337559,7
2144,6.534733111362079,7.146128035678238,0.6113949243161594,4
2145,6.5883627031416045,7.146128035678238,0.5577653325366336,9
2146,6.513191322797659,7.146128035678238,0.6329367128805794,5
2147,6.509947373872717,7.146128035678238,0.636180661805521,10
2148,6.624683024827031,7.146128035678238,0.521445010851207,2
2149,6.597541139886696,7.146128035678238,0.5485868957915425,8
2150,6.627097462547951,7.146128035678238,0.5190305731302871,3
2151,5.688730838557863,4.792391689498253,-0.8963391490596102,9
2152,5.702531986708177,4.792391689498253,-0.9101402972099244,7
2153,5.6610300242656235,4.792391689498253,-0.868638334767371,10
2154,5.710604250204361,4.792391689498253,-0.9182125607061087,8
2155,5.668164258706272,4.792391689498253,-0.8757725692080198,3
2156,5.7181404127004525,4.792391689498253,-0.9257487232021999,6
2157,5.77561376441501,4.792391689498253,-0.9832220749167577,4
2158,5.71220512680051,4.792391689498253,-0.9198134373022571,5
2159,5.752636867404833,4.792391689498253,-0.9602451779065806,1
2160,6.435902472203178,6.863322860120456,0.42742038791727754,9
2161,6.5037806821019295,6.863322860120456,0.3595421780185264,7
2162,6.415142080048068,6.863322860120456,0.4481807800723878,4
2163,6.438166501180292,6.863322860120456,0.4251563589401641,2
2164,6.441542273241186,6.863322860120456,0.42178058687926967,10
2165,6.409932801191797,6.863322860120456,0.453390058928659,8
2166,6.469140194892938,6.863322860120456,0.3941826652275182,3
2167,6.43658933202206,6.863322860120456,0.4267335280983957,6
2168,6.514029254612667,6.863322860120456,0.3492936055077891,5
2169,6.217268563692827,6.531478917042255,0.31421035334942804,1
2170,6.203261047396202,6.531478917042255,0.3282178696460534,3
2171,6.194095701685272,6.531478917042255,0.3373832153569838,6
2172,6.179993599716996,6.531478917042255,0.35148531732525967,9
2173,6.249781838166518,6.531478917042255,0.28169707887573736,4
2174,6.209990798743804,6.531478917042255,0.3214881182984515,5
2175,6.176966435047819,6.531478917042255,0.3545124819944361,7
2176,6.2027635195688005,6.531478917042255,0.3287153974734549,2
2177,6.180064719013184,6.531478917042255,0.3514141980290715,8
2178,5.898363524859733,4.472024697700282,-1.4263388271594515,3
2179,5.9048707715808115,4.472024697700282,-1.4328460738805298,8
2180,5.843140215135455,4.472024697700282,-1.3711155174351735,10
2181,5.8976616798614545,4.472024697700282,-1.4256369821611727,1
2182,5.921986557633195,4.472024697700282,-1.4499618599329134,7
2183,5.892804381910567,4.472024697700282,-1.4207796842102853,9
2184,5.9041131853959135,4.472024697700282,-1.4320884876956317,4
2185,5.83106634039028,4.472024697700282,-1.3590416426899985,2
2186,5.900225658578095,4.472024697700282,-1.4282009608778132,6
2187,5.997338131565001,5.315970345456917,-0.6813677861080834,2
2188,6.0515213019885925,5.315970345456917,-0.7355509565316751,1
2189,6.039756302567819,5.315970345456917,-0.723785957110902,5
2190,6.001140650175428,5.315970345456917,-0.6851703047185103,3
2191,5.854749587814061,5.315970345456917,-0.538779242357144,6
2192,5.995169225606688,5.315970345456917,-0.6791988801497704,10
2193,5.967487800271436,5.315970345456917,-0.6515174548145186,8
2194,5.980139842200019,5.315970345456917,-0.664169496743102,7
2195,5.986355281995029,5.315970345456917,-0.6703849365381114,9
2196,6.084897635589825,6.266114049531676,0.18121641394185062,5
2197,6.176662452196447,6.266114049531676,0.08945159733522878,4
2198,6.07407672440565,6.266114049531676,0.19203732512602567,10
2199,6.097616433272016,6.266114049531676,0.16849761625965964,9
2200,6.1366327725419385,6.266114049531676,0.1294812769897371,6
2201,6.112706137057567,6.266114049531676,0.15340791247410834,7
2202,6.099162372917098,6.266114049531676,0.16695167661457777,1
2203,6.121440206530742,6.266114049531676,0.144673843000934,3
2204,6.083996319674176,6.266114049531676,0.18211772985749963,8
2205,3.7881066798796312,3.397940008672037,-0.3901666712075942,9
2206,3.7666280905396516,3.397940008672037,-0.3686880818676146,5
2207,3.8660372913111725,3.397940008672037,-0.4680972826391354,7
2208,3.783331388644552,3.397940008672037,-0.38539137997251505,10
2209,3.808829786721721,3.397940008672037,-0.41088977804968385,2
2210,3.8760367151991537,3.397940008672037,-0.47809670652711667,6
2211,3.7183802976346176,3.397940008672037,-0.3204402889625806,4
2212,3.8075730264939995,3.397940008672037,-0.4096330178219625,3
2213,3.825526747862626,3.397940008672037,-0.427586739190589,1
2214,6.079153763133415,6.109915863023793,0.030762099890377925,8
2215,6.0769948157494404,6.109915863023793,0.03292104727435241,10
2216,6.1041460536167795,6.109915863023793,0.0057698094070133266,7
2217,6.096830438724286,6.109915863023793,0.013085424299506876,1
2218,6.121588788517768,6.109915863023793,-0.011672925493975583,6
2219,6.077739374889947,6.109915863023793,0.03217648813384599,3
2220,6.0901593769187885,6.109915863023793,0.019756486105004356,5
2221,6.123177882959819,6.109915863023793,-0.01326201993602627,4
2222,6.077146567357617,6.109915863023793,0.032769295666176035,2
2223,6.344355148451981,6.539076098792776,0.19472095034079562,8
2224,6.3083802972319045,6.539076098792776,0.23069580156087177,6
2225,6.327900344969552,6.539076098792776,0.21117575382322418,10
2226,6.310303812779734,6.539076098792776,0.2287722860130419,3
2227,6.3645027575189115,6.539076098792776,0.1745733412738648,2
2228,6.2962619694983655,6.539076098792776,0.24281412929441082,4
2229,6.33917789610469,6.539076098792776,0.199898202688086,7
2230,6.344358446223581,6.539076098792776,0.19471765256919493,5
2231,6.307133589853209,6.539076098792776,0.23194250893956703,9
2232,6.526471384076968,6.342817314635733,-0.18365406944123563,10
2233,6.538078710443355,6.342817314635733,-0.19526139580762258,7
2234,6.614384467888522,6.342817314635733,-0.27156715325278924,8
2235,6.511673635617487,6.342817314635733,-0.16885632098175396,3
2236,6.615769234460883,6.342817314635733,-0.2729519198251502,1
2237,6.546705175112327,6.342817314635733,-0.2038878604765939,2
2238,6.587635677653109,6.342817314635733,-0.24481836301737658,5
2239,6.448323086852625,6.342817314635733,-0.10550577221689217,9
2240,6.374362143923724,6.342817314635733,-0.031544829287991405,4
2241,2.339896653454194,2.0791812460476247,-0.2607154074065692,1
2242,2.2467645022719243,2.0791812460476247,-0.1675832562242996,10
2243,2.3951451042945893,2.0791812460476247,-0.3159638582469646,3
2244,2.3420137163160626,2.0791812460476247,-0.2628324702684379,8
2245,2.4093784863625713,2.0791812460476247,-0.3301972403149467,9
2246,2.2779803528350104,2.0791812460476247,-0.19879910678738577,7
2247,2.375718240722558,2.0791812460476247,-0.2965369946749332,4
2248,2.45561400644851,2.0791812460476247,-0.37643276040088525,5
2249,2.3077207779694224,2.0791812460476247,-0.22853953192179777,2
2250,5.385599013050426,5.202352067809752,-0.18324694524067375,1
2251,5.266639380191651,5.202352067809752,-0.06428731238189922,8
2252,5.173781191365424,5.202352067809752,0.028570876444327986,2
2253,5.266364803545557,5.202352067809752,-0.06401273573580468,4
2254,5.402522942645849,5.202352067809752,-0.20017087483609686,9
2255,5.422985866481106,5.202352067809752,-0.22063379867135424,10
2256,5.150906411843888,5.202352067809752,0.051445655965864034,6
2257,5.291702925918472,5.202352067809752,-0.08935085810871968,5
2258,5.239974894840856,5.202352067809752,-0.03762282703110387,3
2259,6.24072612561849,6.409764104266346,0.16903797864785552,9
2260,6.293434394343274,6.409764104266346,0.11632970992307179,7
2261,6.256428623279236,6.409764104266346,0.15333548098710992,2
2262,6.214751854784443,6.409764104266346,0.19501224948190288,6
2263,6.26286465586922,6.409764104266346,0.146899448397126,3
2264,6.286413420879507,6.409764104266346,0.12335068338683897,8
2265,6.236210786250164,6.409764104266346,0.17355331801618146,10
2266,6.28981276807361,6.409764104266346,0.11995133619273624,4
2267,6.259095254734127,6.409764104266346,0.15066884953221837,5
2268,6.3092999095157385,6.477121254719663,0.1678213452039241,7
2269,6.253983873166515,6.477121254719663,0.22313738155314766,6
2270,6.280955325897439,6.477121254719663,0.19616592882222328,9
2271,6.289670238533602,6.477121254719663,0.18745101618606075,2
2272,6.37297283727075,6.477121254719663,0.10414841744891223,5
2273,6.356452089888918,6.477121254719663,0.12066916483074497,8
2274,6.2908590780807545,6.477121254719663,0.1862621766389081,3
2275,6.3062805574991625,6.477121254719663,0.1708406972205001,1
2276,6.332800808330361,6.477121254719663,0.14432044638930197,4
2277,6.248430671582703,6.137926673293154,-0.11050399828954927,10
2278,6.2661488153092755,6.137926673293154,-0.1282221420161216,4
2279,6.261123016949867,6.137926673293154,-0.12319634365671295,6
2280,6.279938813088719,6.137926673293154,-0.1420121397955647,2
2281,6.255030973575195,6.137926673293154,-0.11710430028204133,5
2282,6.246744163994128,6.137926673293154,-0.10881749070097424,7
2283,6.279681635401648,6.137926673293154,-0.14175496210849392,3
2284,6.273085289201051,6.137926673293154,-0.1351586159078968,8
2285,6.273672071995318,6.137926673293154,-0.13574539870216373,1
2286,6.2661488153092755,6.45071087814692,0.1845620628376441,4
2287,6.273672071995318,6.45071087814692,0.17703880615160195,1
2288,6.246744163994128,6.45071087814692,0.20396671415279144,7
2289,6.248430671582703,6.45071087814692,0.2022802065642164,10
2290,6.287741412722268,6.45071087814692,0.16296946542465118,9
2291,6.261123016949867,6.45071087814692,0.18958786119705273,6
2292,6.279938813088719,6.45071087814692,0.17077206505820097,2
2293,6.255030973575195,6.45071087814692,0.19567990457172435,5
2294,6.273085289201051,6.45071087814692,0.17762558894586888,8
2295,6.267046797202363,6.60422605308447,0.3371792558821065,6
2296,6.260525033285188,6.60422605308447,0.3437010197992816,1
2297,6.257458920358555,6.60422605308447,0.34676713272591453,3
2298,6.2852311861035375,6.60422605308447,0.3189948669809324,4
2299,6.352396929698218,6.60422605308447,0.2518291233862522,5
2300,6.299916829503172,6.60422605308447,0.3043092235812974,8
2301,6.298736876274881,6.60422605308447,0.30548917680958887,2
2302,6.2775179940024195,6.60422605308447,0.32670805908205036,10
2303,6.282723366101934,6.60422605308447,0.3215026869825355,9
2304,6.220789380166554,6.187520720836463,-0.03326865933009149,8
2305,6.209286388540685,6.187520720836463,-0.021765667704221947,9
2306,6.196212308644388,6.187520720836463,-0.008691587807925671,7
2307,6.182090825272517,6.187520720836463,0.005429895563946019,2
2308,6.195138142920254,6.187520720836463,-0.007617422083791681,4
2309,6.227048840679161,6.187520720836463,-0.03952811984269822,1
2310,6.181619388235982,6.187520720836463,0.005901332600481091,10
2311,6.192286761035742,6.187520720836463,-0.004766040199279509,3
2312,6.195345624390438,6.187520720836463,-0.007824903553975027,6
2313,6.136552419965418,6.278753600952829,0.14220118098741086,3
2314,6.153073022908977,6.278753600952829,0.1256805780438519,1
2315,6.13867700131236,6.278753600952829,0.14007659964046848,7
2316,6.161255285684415,6.278753600952829,0.11749831526841348,4
2317,6.111434935964499,6.278753600952829,0.16731866498833003,5
2318,6.15258668392051,6.278753600952829,0.12616691703231897,2
2319,6.125641538739332,6.278753600952829,0.1531120622134967,6
2320,6.13071757817861,6.278753600952829,0.14803602277421923,9
2321,6.080493302468612,6.278753600952829,0.19826029848421722,10
2322,6.360256201590598,6.518513939877887,0.15825773828728895,9
2323,6.372398508089175,6.518513939877887,0.14611543178871234,4
2324,6.343337878777124,6.518513939877887,0.17517606110076311,1
2325,6.349094119576169,6.518513939877887,0.16941982030171765,7
2326,6.356587721474406,6.518513939877887,0.16192621840348131,8
2327,6.345152420226697,6.518513939877887,0.1733615196511904,2
2328,6.3664736381482285,6.518513939877887,0.15204030172965854,3
2329,6.333135230382091,6.518513939877887,0.18537870949579638,10
2330,6.29970993014908,6.518513939877887,0.21880400972880665,6
2331,5.78104143604203,4.342422680822207,-1.4386187552198235,5
2332,5.791379146472096,4.342422680822207,-1.4489564656498892,8
2333,5.746243348753943,4.342422680822207,-1.4038206679317362,9
2334,5.816287034327853,4.342422680822207,-1.4738643535056468,1
2335,5.8147900282514,4.342422680822207,-1.4723673474291932,3
2336,5.882122825570108,4.342422680822207,-1.5397001447479015,4
2337,5.764665338711089,4.342422680822207,-1.4222426578888827,7
2338,5.854129514864969,4.342422680822207,-1.5117068340427622,6
2339,5.8162928151882385,4.342422680822207,-1.4738701343660319,10
2340,6.150217062568733,5.651762447380111,-0.49845461518862155,8
2341,6.184206078405068,5.651762447380111,-0.5324436310249565,2
2342,6.1701052166897865,5.651762447380111,-0.5183427693096752,10
2343,6.146941862492689,5.651762447380111,-0.49517941511257746,4
2344,6.127553318981322,5.651762447380111,-0.4757908716012107,1
2345,6.093055391298512,5.651762447380111,-0.441292943918401,6
2346,6.178087532020631,5.651762447380111,-0.5263250846405194,7
2347,6.164759013481768,5.651762447380111,-0.5129965661016564,9
2348,6.147257344609248,5.651762447380111,-0.4954948972291371,3
2349,6.07203824280975,6.301969226865995,0.2299309840562449,8
2350,6.066684124600578,6.301969226865995,0.23528510226541677,10
2351,6.096102646034555,6.301969226865995,0.20586658083144016,5
2352,6.23137744261319,6.301969226865995,0.07059178425280521,2
2353,6.083479611981329,6.301969226865995,0.21848961488466578,4
2354,6.060419258582038,6.301969226865995,0.24154996828395703,9
2355,6.10968115318288,6.301969226865995,0.19228807368311518,3
2356,6.046960843500211,6.301969226865995,0.2550083833657837,6
2357,6.137985423745007,6.301969226865995,0.16398380312098837,7
2358,6.686063718124527,6.903089986991944,0.21702626886741694,4
2359,6.709570366431121,6.903089986991944,0.1935196205608225,7
2360,6.64956472190237,6.903089986991944,0.25352526508957407,1
2361,6.548309349617337,6.903089986991944,0.3547806373746072,5
2362,6.649482450927478,6.903089986991944,0.2536075360644654,10
2363,6.716792982354984,6.903089986991944,0.18629700463695986,6
2364,6.684188649909613,6.903089986991944,0.21890133708233073,8
2365,6.534825381645987,6.903089986991944,0.3682646053459564,2
2366,6.672078636484645,6.903089986991944,0.23101135050729837,3
2367,6.072951479992042,5.983175072037813,-0.08977640795422914,7
2368,6.0146292301302,5.983175072037813,-0.031454158092386386,6
2369,5.9953584433742035,5.983175072037813,-0.012183371336390358,9
2370,6.004765176237651,5.983175072037813,-0.021590104199837867,2
2371,6.006406172205854,5.983175072037813,-0.023231100168040975,1
2372,5.918141409337626,5.983175072037813,0.06503366270018685,4
2373,6.019924461217679,5.983175072037813,-0.03674938917986559,10
2374,6.107550216937751,5.983175072037813,-0.12437514489993795,5
2375,5.984884629610102,5.983175072037813,-0.0017095575722887446,3
2376,6.248599208897123,6.587710965018911,0.33911175612178823,4
2377,6.221081557177276,6.587710965018911,0.36662940784163567,2
2378,6.227776133216024,6.587710965018911,0.359934831802887,10
2379,6.280351044797765,6.587710965018911,0.30735992022114633,5
2380,6.2883370399641,6.587710965018911,0.29937392505481153,6
2381,6.222724492797896,6.587710965018911,0.3649864722210152,1
2382,6.241577635934518,6.587710965018911,0.34613332908439354,8
2383,6.176487224279964,6.587710965018911,0.4112237407389472,3
2384,6.238029114441153,6.587710965018911,0.3496818505777588,9
2385,6.227776133216024,6.5843312243675305,0.3565550911515061,10
2386,6.222724492797896,6.5843312243675305,0.3616067315696343,1
2387,6.238029114441153,6.5843312243675305,0.3463021099263779,9
2388,6.248599208897123,6.5843312243675305,0.3357320154704073,4
2389,6.221081557177276,6.5843312243675305,0.36324966719025475,2
2390,6.188654262666502,6.5843312243675305,0.39567696170102806,7
2391,6.280351044797765,6.5843312243675305,0.3039801795697654,5
2392,6.241577635934518,6.5843312243675305,0.3427535884330126,8
2393,6.2883370399641,6.5843312243675305,0.2959941844034306,6
2394,5.383291166841855,5.229425847920695,-0.1538653189211594,4
2395,5.258556027676878,5.229425847920695,-0.029130179756182706,2
2396,5.414802524488431,5.229425847920695,-0.18537667656773582,7
2397,5.268824136987509,5.229425847920695,-0.03939828906681342,10
2398,5.35019271178656,5.229425847920695,-0.12076686386586477,5
2399,5.19698438585355,5.229425847920695,0.03244146206714582,9
2400,5.380336478037931,5.229425847920695,-0.15091063011723538,8
2401,5.317032961611968,5.229425847920695,-0.08760711369127261,6
2402,5.441477208615081,5.229425847920695,-0.21205136069438524,1
2403,5.9334565015320955,6.136720567156407,0.2032640656243112,9
2404,5.918986152704973,6.136720567156407,0.21773441445143327,8
2405,5.988917613456308,6.136720567156407,0.14780295370009888,5
2406,5.945811267452624,6.136720567156407,0.19090929970378312,2
2407,5.829192482545489,6.136720567156407,0.30752808461091785,1
2408,5.958465378462181,6.136720567156407,0.17825518869422563,4
2409,5.869312782152694,6.136720567156407,0.2674077850037131,10
2410,5.995475639341746,6.136720567156407,0.14124492781466103,7
2411,5.90736036939412,6.136720567156407,0.22936019776228633,3
2412,6.1393961381536455,5.0,-1.1393961381536455,9
2413,6.164316921424941,5.0,-1.1643169214249411,1
2414,6.230105429237465,5.0,-1.2301054292374651,2
2415,6.199586617633283,5.0,-1.1995866176332832,4
2416,6.172429440095288,5.0,-1.1724294400952884,6
2417,6.214555972168441,5.0,-1.2145559721684407,3
2418,6.1100697447125105,5.0,-1.1100697447125105,10
2419,6.168084526428898,5.0,-1.1680845264288982,7
2420,6.207479403786772,5.0,-1.2074794037867722,5
2421,5.994046704854225,6.531478917042255,0.5374322121880306,7
2422,6.101854642487991,6.531478917042255,0.4296242745542642,5
2423,6.068715287572974,6.531478917042255,0.46276362946928096,6
2424,5.954675332085527,6.531478917042255,0.5768035849567283,9
2425,6.032967645492521,6.531478917042255,0.4985112715497344,8
2426,6.007686593827236,6.531478917042255,0.5237923232150195,1
2427,6.0915247104928225,6.531478917042255,0.43995420654943285,4
2428,5.979416850758732,6.531478917042255,0.552062066283523,2
2429,5.921659538525733,6.531478917042255,0.609819378516522,3
2430,5.8262525062545,4.292256071356476,-1.5339964348980235,7
2431,5.834808914240725,4.292256071356476,-1.5425528428842483,10
2432,5.449764941376583,4.292256071356476,-1.1575088700201066,5
2433,5.7876190408857875,4.292256071356476,-1.4953629695293111,8
2434,5.79240838611867,4.292256071356476,-1.500152314762194,6
2435,5.765768977899713,4.292256071356476,-1.4735129065432364,2
2436,5.794139480868045,4.292256071356476,-1.501883409511569,3
2437,5.839386973198656,4.292256071356476,-1.5471309018421797,4
2438,5.92448278212092,4.292256071356476,-1.632226710764444,9
2439,6.213947049302887,6.371067862271736,0.1571208129688486,6
2440,6.259372668645562,6.371067862271736,0.11169519362617386,4
2441,6.308126936527319,6.371067862271736,0.06294092574441645,7
2442,6.209553420959677,6.371067862271736,0.1615144413120584,3
2443,6.19685690977658,6.371067862271736,0.17421095249515606,9
2444,6.211706746465396,6.371067862271736,0.15936111580634016,5
2445,6.255041969571255,6.371067862271736,0.11602589270048114,2
2446,6.25407393899404,6.371067862271736,0.11699392327769598,8
2447,6.1560886870657505,6.371067862271736,0.2149791752059853,10
2448,5.8205827227343745,6.305351369446623,0.48476864671224895,10
2449,5.995493685522075,6.305351369446623,0.30985768392454816,4
2450,6.068019275456376,6.305351369446623,0.23733209399024702,7
2451,5.9439479490163425,6.305351369446623,0.36140342043028095,1
2452,5.890001411041665,6.305351369446623,0.41534995840495803,8
2453,5.962552130849033,6.305351369446623,0.34279923859759087,9
2454,5.9582753850021986,6.305351369446623,0.3470759844444249,2
2455,5.865849029766777,6.305351369446623,0.4395023396798461,3
2456,5.878545443310335,6.305351369446623,0.4268059261362884,6
2457,6.406018490096448,6.477121254719663,0.0711027646232143,8
2458,6.168084526428898,6.477121254719663,0.30903672829076445,7
2459,6.1393961381536455,6.477121254719663,0.3377251165660171,9
2460,6.1100697447125105,6.477121254719663,0.3670515100071521,10
2461,6.164316921424941,6.477121254719663,0.31280433329472146,1
2462,6.172429440095288,6.477121254719663,0.3046918146243742,6
2463,6.199586617633283,6.477121254719663,0.2775346370863794,4
2464,6.214555972168441,6.477121254719663,0.2625652825512219,3
2465,6.230105429237465,6.477121254719663,0.24701582548219747,2
2466,6.4009982074732275,6.894105511777515,0.49310730430428773,4
2467,6.463420752332825,6.894105511777515,0.43068475944469053,7
2468,6.385307518905722,6.894105511777515,0.5087979928717932,1
2469,6.4252830144150215,6.894105511777515,0.4688224973624937,9
2470,6.402251607855732,6.894105511777515,0.4918539039217835,3
2471,6.402866831456004,6.894105511777515,0.4912386803215112,10
2472,6.374166680572715,6.894105511777515,0.5199388312047999,8
2473,6.5011603054263585,6.894105511777515,0.3929452063511567,5
2474,6.39863336028149,6.894105511777515,0.49547215149602497,6
2475,6.203673496305602,6.477121254719663,0.27344775841406044,5
2476,6.222282238094876,6.477121254719663,0.2548390166247865,9
2477,6.184274403042678,6.477121254719663,0.2928468516769849,8
2478,6.17117239168514,6.477121254719663,0.30594886303452284,7
2479,6.206095246917498,6.477121254719663,0.27102600780216424,6
2480,6.17474663458716,6.477121254719663,0.30237462013250216,3
2481,6.169136642932311,6.477121254719663,0.3079846117873517,2
2482,6.161956453746622,6.477121254719663,0.315164800973041,4
2483,6.160269941943975,6.477121254719663,0.3168513127756878,10
2484,5.7568146677294525,6.530839778616521,0.7740251108870684,8
2485,5.668224649624358,6.530839778616521,0.8626151289921626,6
2486,5.828766530332269,6.530839778616521,0.7020732482842522,3
2487,5.682559069703243,6.530839778616521,0.8482807089132782,5
2488,5.823872228811011,6.530839778616521,0.7069675498055101,7
2489,5.746902635602554,6.530839778616521,0.7839371430139668,4
2490,5.729756530365139,6.530839778616521,0.8010832482513814,9
2491,5.754640199288074,6.530839778616521,0.7761995793284466,1
2492,5.808171209307034,6.530839778616521,0.7226685693094872,2
2493,6.195138142920254,6.3979400086720375,0.20280186575178316,4
2494,6.231229540894881,6.3979400086720375,0.1667104677771567,5
2495,6.227048840679161,6.3979400086720375,0.17089116799287662,1
2496,6.220789380166554,6.3979400086720375,0.17715062850548335,8
2497,6.209286388540685,6.3979400086720375,0.1886536201313529,9
2498,6.181619388235982,6.3979400086720375,0.21632062043605593,10
2499,6.182090825272517,6.3979400086720375,0.21584918339952086,2
2500,6.196212308644388,6.3979400086720375,0.20172770002764917,7
2501,6.195345624390438,6.3979400086720375,0.20259438428159982,6
2502,6.0242464294732745,5.681241237375588,-0.3430051920976869,4
2503,6.021127597760417,5.681241237375588,-0.33988636038482944,10
2504,6.080329478747686,5.681241237375588,-0.3990882413720982,5
2505,5.990815784282045,5.681241237375588,-0.30957454690645747,6
2506,6.012948706118304,5.681241237375588,-0.3317074687427164,3
2507,6.034830750630353,5.681241237375588,-0.3535895132547653,8
2508,6.0575439950807155,5.681241237375588,-0.3763027577051279,2
2509,6.011813687462894,5.681241237375588,-0.3305724500873062,9
2510,6.084901905810534,5.681241237375588,-0.40366066843494597,1
2511,6.227776133216024,6.173186268412274,-0.05458986480375039,10
2512,6.2883370399641,6.173186268412274,-0.11515077155182585,6
2513,6.222724492797896,6.173186268412274,-0.049538224385622165,1
2514,6.280351044797765,6.173186268412274,-0.10716477638549105,5
2515,6.188654262666502,6.173186268412274,-0.015467994254228401,7
2516,6.176487224279964,6.173186268412274,-0.0033009558676901918,3
2517,6.248599208897123,6.173186268412274,-0.07541294048484914,4
2518,6.241577635934518,6.173186268412274,-0.06839136752224384,8
2519,6.221081557177276,6.173186268412274,-0.04789528876500171,2
2520,6.063640139543603,6.5910646070265,0.5274244674828976,1
2521,6.118025816595036,6.5910646070265,0.47303879043146413,8
2522,6.0452864419440315,6.5910646070265,0.5457781650824689,2
2523,6.125217597056672,6.5910646070265,0.46584700996982864,3
2524,6.183506551490169,6.5910646070265,0.40755805553633184,5
2525,6.131068662348225,6.5910646070265,0.4599959446782753,4
2526,6.17463324773056,6.5910646070265,0.4164313592959408,9
2527,6.081063440286683,6.5910646070265,0.5100011667398174,10
2528,6.129607954325187,6.5910646070265,0.46145665270131353,7
2529,6.470339382540936,7.074450718954592,0.6041113364136566,7
2530,6.467622971586403,7.074450718954592,0.6068277473681896,9
2531,6.32981405658313,7.074450718954592,0.7446366623714624,10
2532,6.369201078867911,7.074450718954592,0.7052496400866817,2
2533,6.337691383772898,7.074450718954592,0.7367593351816941,4
2534,6.4841746393399395,7.074450718954592,0.5902760796146529,5
2535,6.519421087286579,7.074450718954592,0.5550296316680132,3
2536,6.584193127156917,7.074450718954592,0.4902575917976755,8
2537,6.42082331134566,7.074450718954592,0.6536274076089326,1
2538,6.2004675769226045,6.486487153065907,0.2860195761433024,1
2539,6.209615430303789,6.486487153065907,0.2768717227621176,5
2540,6.237628483888315,6.486487153065907,0.2488586691775918,7
2541,6.169248316880907,6.486487153065907,0.31723883618500004,3
2542,6.176618354363991,6.486487153065907,0.30986879870191597,2
2543,6.179600087432438,6.486487153065907,0.306887065633469,9
2544,6.210200042473746,6.486487153065907,0.27628711059216116,10
2545,6.175823336298614,6.486487153065907,0.3106638167672928,6
2546,6.183606980060974,6.486487153065907,0.3028801730049331,8
2547,6.462404534963847,6.505149978319906,0.042745443356059454,7
2548,6.492872828880556,6.505149978319906,0.012277149439349877,1
2549,6.488469126742359,6.505149978319906,0.016680851577547173,3
2550,6.438323268615321,6.505149978319906,0.0668267097045856,8
2551,6.405378973840357,6.505149978319906,0.09977100447954967,10
2552,6.293583374431291,6.505149978319906,0.21156660388861503,4
2553,6.431653069816621,6.505149978319906,0.0734969085032855,5
2554,6.363481367374186,6.505149978319906,0.14166861094571992,6
2555,6.448023539832653,6.505149978319906,0.05712643848725296,2
2556,5.86738917236116,5.549003262025788,-0.31838591033537256,3
2557,5.9269746668978796,5.549003262025788,-0.3779714048720919,9
2558,5.8725433803180245,5.549003262025788,-0.32354011829223683,2
2559,5.908380193817092,5.549003262025788,-0.3593769317913047,10
2560,5.953572081804262,5.549003262025788,-0.4045688197784747,8
2561,5.902665921007159,5.549003262025788,-0.3536626589813716,4
2562,5.898543730768786,5.549003262025788,-0.3495404687429984,5
2563,5.928264792983651,5.549003262025788,-0.3792615309578631,6
2564,5.895679843235695,5.549003262025788,-0.3466765812099073,1
2565,5.844349707091422,6.190331698170292,0.34598199107886973,1
2566,5.762753292747912,6.190331698170292,0.4275784054223797,8
2567,5.870050825908305,6.190331698170292,0.32028087226198654,9
2568,5.778722360833656,6.190331698170292,0.4116093373366354,3
2569,5.892877687708948,6.190331698170292,0.2974540104613439,6
2570,5.844260864306216,6.190331698170292,0.34607083386407567,10
2571,5.812580803139659,6.190331698170292,0.3777508950306325,2
2572,5.837745321655257,6.190331698170292,0.35258637651503477,7
2573,5.896540164889798,6.190331698170292,0.2937915332804941,5
2574,6.090619694824273,6.196728722623287,0.10610902779901377,9
2575,6.027672617008764,6.196728722623287,0.16905610561452278,10
2576,6.04173664077166,6.196728722623287,0.15499208185162683,2
2577,6.0692814418391094,6.196728722623287,0.12744728078417733,8
2578,6.121655592422162,6.196728722623287,0.07507313020112516,7
2579,6.0906421905723525,6.196728722623287,0.10608653205093432,4
2580,5.97693549795773,6.196728722623287,0.2197932246655565,1
2581,6.1412082181462235,6.196728722623287,0.05552050447706325,5
2582,6.079837596941711,6.196728722623287,0.11689112568157611,6
2583,5.837126046196872,4.968482948553935,-0.8686430976429369,2
2584,5.89378509938825,4.968482948553935,-0.9253021508343151,8
2585,5.893311428931771,4.968482948553935,-0.9248284803778359,9
2586,5.86980545670439,4.968482948553935,-0.9013225081504554,4
2587,5.865524741540033,4.968482948553935,-0.8970417929860979,5
2588,5.789443386148982,4.968482948553935,-0.8209604375950468,6
2589,5.880389070564678,4.968482948553935,-0.911906122010743,7
2590,5.846081959101931,4.968482948553935,-0.8775990105479963,1
2591,5.8202568802289845,4.968482948553935,-0.8517739316750497,10
2592,5.9894197370365285,6.568201724066995,0.5787819870304665,7
2593,5.990409505663018,6.568201724066995,0.5777922184039772,6
2594,6.019393831833293,6.568201724066995,0.5488078922337021,2
2595,5.859316603368449,6.568201724066995,0.7088851206985458,1
2596,5.9946013077601625,6.568201724066995,0.5736004163068325,3
2597,6.061418958165504,6.568201724066995,0.506782765901491,9
2598,5.976669913688435,6.568201724066995,0.5915318103785596,8
2599,6.110256834174056,6.568201724066995,0.45794488989293924,4
2600,6.026143486024239,6.568201724066995,0.5420582380427561,5
2601,5.726142743266662,4.913813852383717,-0.8123288908829451,6
2602,5.664186952498571,4.913813852383717,-0.7503731001148539,5
2603,5.65233987549538,4.913813852383717,-0.738526023111663,2
2604,5.659586278206526,4.913813852383717,-0.7457724258228096,7
2605,5.728457522027536,4.913813852383717,-0.8146436696438197,3
2606,5.668188955427945,4.913813852383717,-0.7543751030442287,4
2607,5.694449241143734,4.913813852383717,-0.7806353887600173,9
2608,5.7133730270125955,4.913813852383717,-0.7995591746288788,8
2609,5.706710353584436,4.913813852383717,-0.792896501200719,10
2610,6.214555972168441,6.207580514765431,-0.006975457403009422,3
2611,6.1100697447125105,6.207580514765431,0.09751077005292075,10
2612,6.207479403786772,6.207580514765431,0.00010111097865905805,5
2613,6.230105429237465,6.207580514765431,-0.022524914472033863,2
2614,6.164316921424941,6.207580514765431,0.043263593340490125,1
2615,6.168084526428898,6.207580514765431,0.03949598833653312,7
2616,6.406018490096448,6.207580514765431,-0.19843797533101704,8
2617,6.1393961381536455,6.207580514765431,0.06818437661178578,9
2618,6.172429440095288,6.207580514765431,0.03515107467014289,6
2619,6.196212308644388,6.225309281725863,0.029096973081474964,7
2620,6.220789380166554,6.225309281725863,0.004519901559309147,8
2621,6.192286761035742,6.225309281725863,0.03302252069012113,3
2622,6.181619388235982,6.225309281725863,0.043689893489881726,10
2623,6.209286388540685,6.225309281725863,0.016022893185178688,9
2624,6.227048840679161,6.225309281725863,-0.001739558953297582,1
2625,6.195345624390438,6.225309281725863,0.02996365733542561,6
2626,6.231229540894881,6.225309281725863,-0.0059202591690175055,5
2627,6.182090825272517,6.225309281725863,0.043218456453346654,2
2628,5.9718328187928185,6.491361693834273,0.5195288750414546,4
2629,6.114271374157353,6.491361693834273,0.3770903196769204,9
2630,5.993674714739726,6.491361693834273,0.4976869790945475,2
2631,5.907884327372219,6.491361693834273,0.5834773664620538,5
2632,5.906211352888372,6.491361693834273,0.5851503409459013,6
2633,5.853941982068392,6.491361693834273,0.6374197117658813,10
2634,6.006838417505042,6.491361693834273,0.48452327632923087,7
2635,5.97609256805264,6.491361693834273,0.5152691257816331,8
2636,5.989162168309176,6.491361693834273,0.5021995255250973,1
2637,5.8804225398829795,6.209515014542631,0.3290924746596513,6
2638,5.953910870141238,6.209515014542631,0.255604144401393,8
2639,5.887136193365577,6.209515014542631,0.32237882117705396,1
2640,5.85222060488709,6.209515014542631,0.35729440965554105,3
2641,5.927852876015876,6.209515014542631,0.28166213852675437,4
2642,6.046197497739827,6.209515014542631,0.16331751680280338,7
2643,5.8874532723605375,6.209515014542631,0.32206174218209327,2
2644,5.893449097539191,6.209515014542631,0.31606591700343944,10
2645,5.94557463837409,6.209515014542631,0.2639403761685406,5
2646,6.261123016949867,6.230448921378274,-0.03067409557159273,6
2647,6.287741412722268,6.230448921378274,-0.05729249134399428,9
2648,6.255030973575195,6.230448921378274,-0.02458205219692111,5
2649,6.246744163994128,6.230448921378274,-0.016295242615854022,7
2650,6.273672071995318,6.230448921378274,-0.043223150617043515,1
2651,6.279938813088719,6.230448921378274,-0.04948989171044449,2
2652,6.279681635401648,6.230448921378274,-0.0492327140233737,3
2653,6.273085289201051,6.230448921378274,-0.04263636782277658,8
2654,6.248430671582703,6.230448921378274,-0.017981750204429048,10
2655,6.16407482086687,6.361727836017593,0.1976530151507232,1
2656,6.218742459462558,6.361727836017593,0.14298537655503463,3
2657,6.210724692912056,6.361727836017593,0.15100314310553742,8
2658,6.211245297997598,6.361727836017593,0.150482538019995,7
2659,6.162886500138553,6.361727836017593,0.19884133587903996,9
2660,6.197822872411922,6.361727836017593,0.1639049636056713,5
2661,6.21449192515599,6.361727836017593,0.14723591086160326,4
2662,6.1840415366172845,6.361727836017593,0.17768629940030856,6
2663,6.146938098931371,6.361727836017593,0.21478973708622195,2
2664,6.136000924839805,5.089905111439398,-1.0460958134004068,5
2665,6.089824325875009,5.089905111439398,-0.9999192144356108,8
2666,6.157923616395018,5.089905111439398,-1.06801850495562,3
2667,6.135573441567583,5.089905111439398,-1.0456683301281853,6
2668,6.120885584580263,5.089905111439398,-1.0309804731408647,9
2669,6.102286198186688,5.089905111439398,-1.0123810867472898,1
2670,6.155702212193634,5.089905111439398,-1.065797100754236,2
2671,6.108521048204329,5.089905111439398,-1.018615936764931,7
2672,6.038372219724435,5.089905111439398,-0.9484671082850369,10
2673,5.875607017335568,6.426511261364575,0.5509042440290068,10
2674,6.023956398053615,6.426511261364575,0.4025548633109599,3
2675,5.920898449534182,6.426511261364575,0.5056128118303933,5
2676,5.926695821535734,6.426511261364575,0.4998154398288408,9
2677,5.903286691846792,6.426511261364575,0.5232245695177831,6
2678,5.962630713081448,6.426511261364575,0.46388054828312697,1
2679,5.905905174089776,6.426511261364575,0.5206060872747988,7
2680,5.936336281759454,6.426511261364575,0.49017497960512113,8
2681,5.921708416231062,6.426511261364575,0.5048028451335131,4
2682,5.851912949672703,6.095029796648452,0.24311684697574965,10
2683,5.796604586266943,6.095029796648452,0.2984252103815095,6
2684,5.808450448903779,6.095029796648452,0.28657934774467364,9
2685,5.87097895584442,6.095029796648452,0.2240508408040327,8
2686,5.864275142555115,6.095029796648452,0.23075465409333695,5
2687,5.867510297621996,6.095029796648452,0.22751949902645663,7
2688,5.930221079092803,6.095029796648452,0.1648087175556494,1
2689,5.774739348044094,6.095029796648452,0.32029044860435807,4
2690,5.873568719385002,6.095029796648452,0.22146107726345043,3
2691,6.144504211828454,6.223080397831155,0.07857618600270122,10
2692,6.120535867312729,6.223080397831155,0.10254453051842649,8
2693,6.276229638044728,6.223080397831155,-0.053149240213572924,2
2694,6.225402145879441,6.223080397831155,-0.0023217480482857766,9
2695,6.08479863510982,6.223080397831155,0.13828176272133508,4
2696,6.1142171827180665,6.223080397831155,0.10886321511308861,1
2697,6.101897000442758,6.223080397831155,0.12118339738839712,6
2698,6.1479434217694635,6.223080397831155,0.07513697606169156,3
2699,6.17908167238473,6.223080397831155,0.04399872544642491,7
2700,6.241164789424925,6.456366033129043,0.21520124370411775,3
2701,6.225963901503687,6.456366033129043,0.23040213162535572,10
2702,6.205102688663965,6.456366033129043,0.2512633444650776,6
2703,6.2302537114865295,6.456366033129043,0.22611232164251316,4
2704,6.20509850842245,6.456366033129043,0.2512675247065923,8
2705,6.177854453781469,6.456366033129043,0.2785115793475734,9
2706,6.250039399336809,6.456366033129043,0.2063266337922336,7
2707,6.328829944929301,6.456366033129043,0.12753608819974183,2
2708,6.200971839337611,6.456366033129043,0.2553941937914317,5
2709,5.442646936041681,5.802773725291976,0.3601267892502946,1
2710,5.452184656219212,5.802773725291976,0.35058906907276377,7
2711,5.515949720655705,5.802773725291976,0.2868240046362711,2
2712,5.397813587173726,5.802773725291976,0.40496013811825016,5
2713,5.370321932251095,5.802773725291976,0.4324517930408813,9
2714,5.855425670605688,5.802773725291976,-0.05265194531371176,10
2715,5.523601194726901,5.802773725291976,0.2791725305650754,4
2716,5.421226055845586,5.802773725291976,0.3815476694463902,6
2717,5.500546666187122,5.802773725291976,0.3022270591048537,3
2718,5.986355281995029,6.3979400086720375,0.41158472667700874,9
2719,6.0515213019885925,6.3979400086720375,0.346418706683445,1
2720,5.967487800271436,6.3979400086720375,0.4304522084006015,8
2721,6.039756302567819,6.3979400086720375,0.3581837061042181,5
2722,5.995169225606688,6.3979400086720375,0.40277078306534975,10
2723,6.001140650175428,6.3979400086720375,0.39679935849660986,3
2724,5.980139842200019,6.3979400086720375,0.4178001664720181,7
2725,6.167874911027291,6.3979400086720375,0.23006509764474625,4
2726,5.997338131565001,6.3979400086720375,0.40060187710703676,2
2727,5.970794593344035,5.603642280263075,-0.3671523130809602,7
2728,6.008125870430689,5.603642280263075,-0.40448359016761426,9
2729,6.027847536028148,5.603642280263075,-0.42420525576507284,5
2730,6.050860723771548,5.603642280263075,-0.44721844350847295,10
2731,5.896036647964926,5.603642280263075,-0.292394367701851,6
2732,6.059975775006758,5.603642280263075,-0.45633349474368323,4
2733,6.011589750995946,5.603642280263075,-0.4079474707328714,2
2734,5.985994291771342,5.603642280263075,-0.38235201150826725,8
2735,5.977225234344504,5.603642280263075,-0.37358295408142883,3
2736,5.9192986452165135,6.20682587603185,0.2875272308153365,6
2737,5.985506044874113,6.20682587603185,0.22131983115773668,10
2738,6.0227276244803765,6.20682587603185,0.18409825155147352,1
2739,6.022532403771193,6.20682587603185,0.18429347226065662,9
2740,6.024665403498501,6.20682587603185,0.182160472533349,3
2741,5.969434200554277,6.20682587603185,0.23739167547757312,5
2742,6.074285232066801,6.20682587603185,0.13254064396504894,4
2743,6.0005534032052745,6.20682587603185,0.20627247282657546,7
2744,6.062989071994678,6.20682587603185,0.14383680403717225,2
2745,6.206388385585123,6.342422680822207,0.1360342952370832,5
2746,6.209474775018322,6.342422680822207,0.13294790580388494,2
2747,6.2213552143517274,6.342422680822207,0.12106746647047917,10
2748,6.189111430183984,6.342422680822207,0.1533112506382226,4
2749,6.210031286298494,6.342422680822207,0.1323913945237125,9
2750,6.1950940944683275,6.342422680822207,0.14732858635387913,7
2751,6.225873687604071,6.342422680822207,0.11654899321813605,3
2752,6.174709760417061,6.342422680822207,0.16771292040514574,1
2753,6.184645913420613,6.342422680822207,0.15777676740159396,8
2754,6.056267746657281,6.301029995663981,0.2447622490067003,7
2755,5.809165837472974,6.301029995663981,0.4918641581910075,8
2756,6.053230514914594,6.301029995663981,0.2477994807493875,4
2757,6.078621974061342,6.301029995663981,0.2224080216026394,1
2758,5.802116290573794,6.301029995663981,0.49891370509018707,10
2759,5.971940731127154,6.301029995663981,0.32908926453682685,2
2760,5.99042767800769,6.301029995663981,0.31060231765629087,9
2761,5.961474916757471,6.301029995663981,0.3395550789065105,5
2762,5.8627976818180825,6.301029995663981,0.4382323138458988,6
2763,6.150468362539901,6.505149978319906,0.354681615780005,4
2764,6.086409164339502,6.505149978319906,0.4187408139804045,7
2765,6.101550911961146,6.505149978319906,0.4035990663587601,9
2766,6.136449583938767,6.505149978319906,0.3687003943811389,2
2767,6.082890879834079,6.505149978319906,0.422259098485827,8
2768,6.1264179711579425,6.505149978319906,0.37873200716196376,1
2769,6.102262198618683,6.505149978319906,0.40288777970122336,10
2770,6.105019419640896,6.505149978319906,0.4001305586790105,5
2771,6.10784249877747,6.505149978319906,0.3973074795424365,3
2772,6.052575760670447,6.176091259055681,0.12351549838523468,5
2773,6.062521809962889,6.176091259055681,0.11356944909279232,1
2774,6.03264270426992,6.176091259055681,0.14344855478576157,3
2775,6.029080378966213,6.176091259055681,0.14701088008946872,10
2776,6.04314584034049,6.176091259055681,0.13294541871519172,7
2777,6.063570662086118,6.176091259055681,0.11252059696956351,2
2778,5.9620508027779895,6.176091259055681,0.21404045627769186,6
2779,6.029264483918926,6.176091259055681,0.14682677513675557,9
2780,6.00721706523187,6.176091259055681,0.16887419382381097,8
2781,6.431879015045942,7.1003705451175625,0.6684915300716208,10
2782,6.3832191153760895,7.1003705451175625,0.717151429741473,8
2783,6.328121150578826,7.1003705451175625,0.7722493945387363,2
2784,6.323067615097756,7.1003705451175625,0.7773029300198067,6
2785,6.391012984814107,7.1003705451175625,0.7093575603034559,5
2786,6.367438979682682,7.1003705451175625,0.7329315654348809,7
2787,6.416106042941125,7.1003705451175625,0.6842645021764371,1
2788,6.337148272679745,7.1003705451175625,0.7632222724378179,9
2789,6.360915045348847,7.1003705451175625,0.7394554997687157,4
2790,5.769536059016961,5.836197480778925,0.06666142176196477,5
2791,5.746493870113599,5.836197480778925,0.0897036106653264,2
2792,5.736304348863542,5.836197480778925,0.0998931319153833,1
2793,5.798978868642288,5.836197480778925,0.037218612136637574,10
2794,5.755397557357074,5.836197480778925,0.08079992342185172,6
2795,5.759010826205533,5.836197480778925,0.07718665457339213,9
2796,5.681532753394689,5.836197480778925,0.15466472738423676,4
2797,5.702552948059927,5.836197480778925,0.13364453271899812,8
2798,5.713763304421206,5.836197480778925,0.12243417635771969,7
2799,5.888696316357919,6.054708787938054,0.1660124715801352,4
2800,5.727527700931431,6.054708787938054,0.32718108700662274,1
2801,5.818950964055977,6.054708787938054,0.23575782388207678,2
2802,5.842605032950579,6.054708787938054,0.21210375498747513,8
2803,5.7887700566088105,6.054708787938054,0.2659387313292436,9
2804,5.948970799032022,6.054708787938054,0.10573798890603214,3
2805,5.820093228264584,6.054708787938054,0.23461555967347003,7
2806,5.909402380015405,6.054708787938054,0.14530640792264915,6
2807,5.912054837739325,6.054708787938054,0.14265395019872873,10
2808,6.154591279023662,6.477121254719663,0.3225299756960007,7
2809,6.220209392141148,6.477121254719663,0.25691186257851495,3
2810,6.155584213696988,6.477121254719663,0.32153704102267433,1
2811,6.1037476270167055,6.477121254719663,0.3733736277029571,2
2812,6.136317455272559,6.477121254719663,0.3408037994471034,5
2813,6.154921066794599,6.477121254719663,0.32220018792506355,10
2814,6.137603855580171,6.477121254719663,0.33951739913949197,8
2815,6.1340905494797955,6.477121254719663,0.3430307052398671,6
2816,6.204510295958713,6.477121254719663,0.27261095876095,9
2817,5.9049893396846285,6.133644275865875,0.22865493618124688,6
2818,5.92170310245448,6.133644275865875,0.21194117341139496,1
2819,5.914260144823894,6.133644275865875,0.2193841310419815,10
2820,5.960037240784202,6.133644275865875,0.1736070350816732,9
2821,5.882158532782435,6.133644275865875,0.25148574308344074,3
2822,5.890260329401655,6.133644275865875,0.24338394646422046,2
2823,5.9255375020897025,6.133644275865875,0.20810677377617282,7
2824,5.78794104220457,6.133644275865875,0.34570323366130573,5
2825,5.921435921212748,6.133644275865875,0.2122083546531277,4
2826,5.794139480868045,6.32221929473392,0.5280798138658751,3
2827,5.8262525062545,6.32221929473392,0.49596678847942055,7
2828,5.765768977899713,6.32221929473392,0.5564503168342076,2
2829,5.834808914240725,6.32221929473392,0.48741038049319574,10
2830,5.92448278212092,6.32221929473392,0.39773651261300014,9
2831,5.7876190408857875,6.32221929473392,0.5346002538481329,8
2832,5.839386973198656,6.32221929473392,0.48283232153526434,4
2833,6.060561736702064,6.32221929473392,0.26165755803185675,1
2834,5.79240838611867,6.32221929473392,0.52981090861525,6
2835,5.8262525062545,5.880813592280791,0.054561086026291505,7
2836,6.060561736702064,5.880813592280791,-0.1797481444212723,1
2837,5.765768977899713,5.880813592280791,0.1150446143810786,2
2838,5.79240838611867,5.880813592280791,0.088405206162121,6
2839,5.794139480868045,5.880813592280791,0.08667411141274606,3
2840,5.839386973198656,5.880813592280791,0.041426619082135296,4
2841,5.449764941376583,5.880813592280791,0.4310486509042084,5
2842,5.7876190408857875,5.880813592280791,0.09319455139500388,8
2843,5.92448278212092,5.880813592280791,-0.04366918984012891,9
2844,5.912500740761902,6.477121254719663,0.5646205139577605,10
2845,5.8191620320251305,6.477121254719663,0.6579592226945321,5
2846,5.920630442019552,6.477121254719663,0.5564908127001109,4
2847,5.886136660187359,6.477121254719663,0.590984594532304,8
2848,5.960893355443475,6.477121254719663,0.5162278992761875,3
2849,5.9558158072416445,6.477121254719663,0.5213054474780181,6
2850,5.8465313761293665,6.477121254719663,0.6305898785902961,2
2851,5.86186551067946,6.477121254719663,0.6152557440402022,7
2852,5.884088852322486,6.477121254719663,0.5930324023971769,9
2853,5.450738456656118,4.6020599913279625,-0.8486784653281552,5
2854,5.582940314492746,4.6020599913279625,-0.9808803231647838,7
2855,5.603217935050388,4.6020599913279625,-1.0011579437224256,8
2856,5.591206824902011,4.6020599913279625,-0.9891468335740488,10
2857,5.714684425497792,4.6020599913279625,-1.1126244341698293,4
2858,5.491316999546886,4.6020599913279625,-0.8892570082189231,2
2859,5.584651526283016,4.6020599913279625,-0.9825915349550538,3
2860,5.643343012431416,4.6020599913279625,-1.0412830211034532,6
2861,5.786745171119164,4.6020599913279625,-1.1846851797912015,1
2862,5.8245107556369975,6.02530586526477,0.20079510962777292,1
2863,5.813268511039131,6.02530586526477,0.21203735422563952,8
2864,5.890978075295692,6.02530586526477,0.13432778996907846,9
2865,5.9180033962304694,6.02530586526477,0.10730246903430096,3
2866,5.8466680793707235,6.02530586526477,0.17863778589404689,7
2867,5.852562412182397,6.02530586526477,0.17274345308237304,2
2868,5.863281922037498,6.02530586526477,0.16202394322727276,4
2869,5.880689206136788,6.02530586526477,0.1446166591279825,10
2870,5.880380747292182,6.02530586526477,0.14492511797258878,6
2871,5.680372633466218,5.477121254719663,-0.20325137874655574,6
2872,5.654755577112731,5.477121254719663,-0.1776343223930681,9
2873,5.620282256952546,5.477121254719663,-0.1431610022328833,1
2874,5.638490324934814,5.477121254719663,-0.16136907021515157,2
2875,5.683795259235724,5.477121254719663,-0.20667400451606177,7
2876,5.650640159250108,5.477121254719663,-0.17351890453044572,4
2877,5.58769382833761,5.477121254719663,-0.11057257361794726,8
2878,5.660355500323449,5.477121254719663,-0.18323424560378676,10
2879,5.647390798560426,5.477121254719663,-0.17026954384076376,3
2880,5.582142861889408,6.505149978319906,0.9230071164304983,5
2881,5.769264477246708,6.505149978319906,0.7358855010731986,10
2882,5.722732328792544,6.505149978319906,0.7824176495273623,1
2883,5.630685955934226,6.505149978319906,0.8744640223856806,3
2884,5.6799738193615426,6.505149978319906,0.8251761589583637,4
2885,5.677013633954203,6.505149978319906,0.8281363443657028,2
2886,5.735998177479452,6.505149978319906,0.7691518008404543,9
2887,5.657017576254922,6.505149978319906,0.8481324020649845,6
2888,5.5764530779772,6.505149978319906,0.9286969003427066,7
2889,5.92448278212092,6.812913356642856,0.8884305745219354,9
2890,5.834808914240725,6.812913356642856,0.978104442402131,10
2891,6.060561736702064,6.812913356642856,0.752351619940792,1
2892,5.79240838611867,6.812913356642856,1.0205049705241853,6
2893,5.794139480868045,6.812913356642856,1.0187738757748104,3
2894,5.7876190408857875,6.812913356642856,1.0252943157570682,8
2895,5.765768977899713,6.812913356642856,1.047144378743143,2
2896,5.8262525062545,6.812913356642856,0.9866608503883558,7
2897,5.839386973198656,6.812913356642856,0.9735263834441996,4
2898,5.626287360133604,5.17897694729317,-0.4473104128404346,1
2899,5.562996369311073,5.17897694729317,-0.3840194220179036,5
2900,5.733340251481717,5.17897694729317,-0.5543633041885476,7
2901,5.638413806313443,5.17897694729317,-0.45943685902027287,4
2902,5.750228019388433,5.17897694729317,-0.5712510720952633,10
2903,5.6683545347434965,5.17897694729317,-0.4893775874503268,6
2904,5.679215057920054,5.17897694729317,-0.5002381106268841,8
2905,5.661786369613476,5.17897694729317,-0.4828094223203063,2
2906,5.7214530399221415,5.17897694729317,-0.5424760926289718,9
2907,5.81574411422676,5.365487984890899,-0.4502561293358607,10
2908,5.771228892836561,5.365487984890899,-0.40574090794566153,3
2909,5.785475214229494,5.365487984890899,-0.4199872293385942,9
2910,5.7932928086386175,5.365487984890899,-0.4278048237477181,2
2911,5.777300091236569,5.365487984890899,-0.41181210634566945,6
2912,5.6845062510826745,5.365487984890899,-0.3190182661917751,5
2913,5.768624105779765,5.365487984890899,-0.40313612088886597,7
2914,5.778829359968264,5.365487984890899,-0.4133413750773647,1
2915,5.764509260836157,5.365487984890899,-0.39902127594525716,8
2916,5.364662727933831,6.15839265038712,0.7937299224532897,8
2917,5.601981900779657,6.15839265038712,0.5564107496074628,6
2918,5.613170224852649,6.15839265038712,0.5452224255344715,1
2919,5.503345944794621,6.15839265038712,0.6550467055924996,3
2920,5.601015037048947,6.15839265038712,0.5573776133381729,4
2921,5.592532901118341,6.15839265038712,0.5658597492687791,10
2922,5.583955999133053,6.15839265038712,0.5744366512540671,9
2923,5.4028219299242775,6.15839265038712,0.7555707204628428,7
2924,5.643176382180183,6.15839265038712,0.5152162682069372,5
2925,5.031237035044714,4.477121254719663,-0.5541157803250512,7
2926,4.875663139601021,4.477121254719663,-0.3985418848813582,3
2927,5.033085991086713,4.477121254719663,-0.5559647363670503,10
2928,5.075659559810442,4.477121254719663,-0.5985383050907798,6
2929,5.069771672444907,4.477121254719663,-0.5926504177252445,4
2930,4.9384844111657005,4.477121254719663,-0.46136315644603787,8
2931,5.2484872686003685,4.477121254719663,-0.7713660138807059,1
2932,5.042099459875522,4.477121254719663,-0.5649782051558594,9
2933,4.930472507424807,4.477121254719663,-0.4533512527051444,2
2934,5.722228950067778,4.453624073591451,-1.268604876476327,10
2935,5.667300533955309,4.453624073591451,-1.2136764603638586,7
2936,5.649868633298189,4.453624073591451,-1.196244559706738,3
2937,5.620214367414878,4.453624073591451,-1.1665902938234272,6
2938,5.653406704043016,4.453624073591451,-1.1997826304515655,8
2939,5.664328285818445,4.453624073591451,-1.210704212226994,5
2940,5.672760423013658,4.453624073591451,-1.2191363494222074,9
2941,5.691343544623746,4.453624073591451,-1.2377194710322952,1
2942,5.672085137683524,4.453624073591451,-1.2184610640920734,2
2943,6.19932254959219,6.086359830674748,-0.11296271891744158,10
2944,6.209408498984368,6.086359830674748,-0.12304866830961991,5
2945,6.188612438190286,6.086359830674748,-0.10225260751553744,9
2946,6.210839026228296,6.086359830674748,-0.12447919555354758,2
2947,6.222912563635721,6.086359830674748,-0.1365527329609728,8
2948,6.205755364403734,6.086359830674748,-0.11939553372898537,4
2949,6.192370376238619,6.086359830674748,-0.1060105455638709,1
2950,6.1538446578293975,6.086359830674748,-0.0674848271546491,7
2951,6.206513427147543,6.086359830674748,-0.12015359647279489,6
2952,6.23879201763227,6.086359830674748,-0.1524321869575216,2
2953,6.208221358888348,6.086359830674748,-0.12186152821359997,9
2954,6.188063336815609,6.086359830674748,-0.10170350614086043,1
2955,6.133658061405563,6.086359830674748,-0.04729823073081452,7
2956,6.210067545302386,6.086359830674748,-0.12370771462763752,3
2957,6.2034876254328335,6.086359830674748,-0.1171277947580851,4
2958,6.241537090338592,6.086359830674748,-0.15517725966384344,8
2959,6.192835681426647,6.086359830674748,-0.1064758507518988,6
2960,6.210822685146411,6.086359830674748,-0.12446285447166261,10
2961,6.217105568575833,6.319314304090512,0.10220873551467946,2
2962,6.128422179539183,6.319314304090512,0.1908921245513291,7
2963,6.1090867139348175,6.319314304090512,0.2102275901556947,8
2964,6.159504170445916,6.319314304090512,0.15981013364459606,9
2965,6.151480421983961,6.319314304090512,0.16783388210655126,5
2966,6.174256279246159,6.319314304090512,0.14505802484435293,3
2967,6.138394682311655,6.319314304090512,0.18091962177885712,1
2968,6.072544776062444,6.319314304090512,0.24676952802806795,10
2969,6.232241616003974,6.319314304090512,0.08707268808653801,4
2970,6.131090195284205,6.477121254719663,0.3460310594354574,7
2971,6.132652727041545,6.477121254719663,0.3444685276781172,8
2972,6.1538005405045,6.477121254719663,0.3233207142151624,3
2973,6.113063977491796,6.477121254719663,0.3640572772278663,1
2974,6.204881641961093,6.477121254719663,0.27223961275857,2
2975,6.247202697458453,6.477121254719663,0.22991855726120924,9
2976,6.139449465238154,6.477121254719663,0.3376717894815089,6
2977,6.164466396877462,6.477121254719663,0.31265485784220104,5
2978,6.2339714608240735,6.477121254719663,0.2431497938955891,4
2979,6.17463324773056,6.374198257929082,0.19956501019852269,9
2980,6.131068662348225,6.374198257929082,0.24312959558085723,4
2981,6.063640139543603,6.374198257929082,0.31055811838547953,1
2982,6.118025816595036,6.374198257929082,0.25617244133404604,8
2983,6.081063440286683,6.374198257929082,0.29313481764239935,10
2984,6.129607954325187,6.374198257929082,0.24459030360389544,7
2985,6.068330989891026,6.374198257929082,0.30586726803805675,6
2986,6.183506551490169,6.374198257929082,0.19069170643891376,5
2987,6.125217597056672,6.374198257929082,0.24898066087241055,3
2988,5.618540025517553,6.3979400086720375,0.7793999831544847,5
2989,5.587963919959077,6.3979400086720375,0.8099760887129603,10
2990,5.667895864414092,6.3979400086720375,0.7300441442579455,6
2991,5.764987051032467,6.3979400086720375,0.6329529576395707,4
2992,5.818661728524032,6.3979400086720375,0.5792782801480056,8
2993,5.751766415959673,6.3979400086720375,0.6461735927123646,3
2994,5.951761590458468,6.3979400086720375,0.4461784182135693,1
2995,5.760043997793603,6.3979400086720375,0.6378960108784346,7
2996,5.649900039296997,6.3979400086720375,0.7480399693750401,9
2997,5.381592420257544,5.187520720836463,-0.19407169942108116,10
2998,5.429479407990392,5.187520720836463,-0.24195868715392965,1
2999,5.416383919602887,5.187520720836463,-0.22886319876642425,9
3000,5.346035063268023,5.187520720836463,-0.1585143424315607,3
3001,5.423294060501754,5.187520720836463,-0.23577333966529146,2
3002,5.465624084044947,5.187520720836463,-0.2781033632084844,5
3003,5.558556629662279,5.187520720836463,-0.3710359088258164,8
3004,5.2771768906279,5.187520720836463,-0.08965616979143753,7
3005,5.640192399985336,5.187520720836463,-0.45267167914887363,6
3006,5.935448128553219,5.528916700277655,-0.40653142827556366,9
3007,5.909703419268265,5.528916700277655,-0.3807867189906098,1
3008,5.880787758028211,5.528916700277655,-0.3518710577505555,5
3009,5.960445859982295,5.528916700277655,-0.43152915970464,4
3010,5.92578500713342,5.528916700277655,-0.39686830685576524,7
3011,5.951445835612284,5.528916700277655,-0.42252913533462877,3
3012,5.88800888356625,5.528916700277655,-0.3590921832885945,2
3013,5.945206638505422,5.528916700277655,-0.4162899382277665,8
3014,5.780762384870186,5.528916700277655,-0.25184568459253054,10
3015,6.048892407659029,6.568201724066995,0.5193093164079663,9
3016,6.165593956738954,6.568201724066995,0.4026077673280408,10
3017,6.089798401648248,6.568201724066995,0.47840332241874695,7
3018,6.144237919369283,6.568201724066995,0.42396380469771167,2
3019,6.164522514190984,6.568201724066995,0.40367920987601114,4
3020,6.02063103002528,6.568201724066995,0.5475706940417151,1
3021,6.035865043698971,6.568201724066995,0.5323366803680241,5
3022,6.133545960380109,6.568201724066995,0.4346557636868864,3
3023,6.102966620702127,6.568201724066995,0.4652351033648676,6
3024,5.420970634015003,5.0,-0.4209706340150028,7
3025,5.469460769955108,5.0,-0.4694607699551083,8
3026,5.5189982118426295,5.0,-0.5189982118426295,9
3027,5.40713071212972,5.0,-0.4071307121297201,3
3028,5.413253700686071,5.0,-0.41325370068607103,10
3029,5.63334124391735,5.0,-0.63334124391735,1
3030,5.486367852160064,5.0,-0.48636785216006384,6
3031,5.587269860859154,5.0,-0.5872698608591538,2
3032,5.734635761567202,5.0,-0.7346357615672021,4
3033,5.710326745408394,6.079181246047625,0.3688545006392312,6
3034,5.763281167867976,6.079181246047625,0.3159000781796495,7
3035,5.675269948227553,6.079181246047625,0.4039112978200725,5
3036,5.624804127926361,6.079181246047625,0.4543771181212639,9
3037,5.718883753752772,6.079181246047625,0.360297492294853,8
3038,5.622976181405236,6.079181246047625,0.45620506464238897,3
3039,5.6792264457284976,6.079181246047625,0.39995480031912756,1
3040,5.8220329093574925,6.079181246047625,0.2571483366901326,4
3041,5.729341072808019,6.079181246047625,0.34984017323960614,2
3042,5.715577076843777,4.814913181275074,-0.9006638955687034,8
3043,5.699519774076566,4.814913181275074,-0.8846065928014921,5
3044,5.6801111192717215,4.814913181275074,-0.8651979379966477,2
3045,5.712332696380798,4.814913181275074,-0.8974195151057245,9
3046,5.6874935587373106,4.814913181275074,-0.8725803774622367,6
3047,5.579913061155072,4.814913181275074,-0.7649998798799977,10
3048,5.724107770443313,4.814913181275074,-0.9091945891682389,1
3049,5.777840603332547,4.814913181275074,-0.9629274220574731,4
3050,5.650557614040256,4.814913181275074,-0.8356444327651822,3
3051,5.255589704681895,5.08170727009735,-0.1738824345845451,5
3052,5.38844888974518,5.08170727009735,-0.30674161964783053,9
3053,5.37293986271854,5.08170727009735,-0.2912325926211903,10
3054,5.09394079258447,5.08170727009735,-0.012233522487120396,6
3055,5.588068778827775,5.08170727009735,-0.5063615087304258,4
3056,5.405348478748033,5.08170727009735,-0.3236412086506837,2
3057,5.244527981535679,5.08170727009735,-0.16282071143832955,7
3058,5.411469055521932,5.08170727009735,-0.3297617854245827,8
3059,5.264938582095172,5.08170727009735,-0.1832313119978224,3
3060,6.053600983624848,6.384711742938283,0.33111075931343503,1
3061,5.977812088908883,6.384711742938283,0.40689965402939965,2
3062,5.799704645086823,6.384711742938283,0.5850070978514594,10
3063,5.7669009062674235,6.384711742938283,0.6178108366708592,3
3064,6.061968792771274,6.384711742938283,0.32274295016700894,7
3065,5.966170648069038,6.384711742938283,0.4185410948692443,5
3066,5.923475736003977,6.384711742938283,0.461236006934306,6
3067,6.012090740584161,6.384711742938283,0.3726210023541219,9
3068,6.020614323256191,6.384711742938283,0.36409741968209186,4
3069,6.137780482118707,6.342422680822207,0.20464219870349964,3
3070,6.099458024471519,6.342422680822207,0.2429646563506873,6
3071,6.145791571507063,6.342422680822207,0.1966311093151436,1
3072,6.205242656391849,6.342422680822207,0.13718002443035804,8
3073,6.118342638367866,6.342422680822207,0.22408004245434032,7
3074,6.087948655008202,6.342422680822207,0.25447402581400436,5
3075,6.06413082175193,6.342422680822207,0.27829185907027654,10
3076,6.162355758211329,6.342422680822207,0.18006692261087753,2
3077,6.0768066171920445,6.342422680822207,0.2656160636301621,9
3078,5.978362179096362,5.671172842715083,-0.30718933638127943,6
3079,6.032314047288836,5.671172842715083,-0.3611412045737534,5
3080,5.941576765763837,5.671172842715083,-0.2704039230487538,10
3081,5.990902988714175,5.671172842715083,-0.3197301459990918,3
3082,6.040223476049687,5.671172842715083,-0.369050633334604,8
3083,5.9829472963505035,5.671172842715083,-0.31177445363542056,2
3084,5.965966401983701,5.671172842715083,-0.2947935592686184,9
3085,5.96971389273132,5.671172842715083,-0.29854105001623665,7
3086,6.064887672305819,5.671172842715083,-0.3937148295907358,4
3087,5.978784835326024,6.278753600952829,0.2999687656268053,8
3088,5.94127944262857,6.278753600952829,0.33747415832425887,9
3089,6.005434806895352,6.278753600952829,0.2733187940574773,6
3090,6.034204084675637,6.278753600952829,0.2445495162771918,5
3091,5.989247116152762,6.278753600952829,0.289506484800067,3
3092,5.988872598269477,6.278753600952829,0.2898810026833516,2
3093,5.980787431811383,6.278753600952829,0.29796616914144547,7
3094,6.137383349355657,6.278753600952829,0.14137025159717176,4
3095,6.119989408371075,6.278753600952829,0.15876419258175378,1
3096,5.643343012431416,6.284656282788515,0.6413132703570996,6
3097,5.450738456656118,6.284656282788515,0.8339178261323976,5
3098,5.786745171119164,6.284656282788515,0.4979111116693513,1
3099,5.603217935050388,6.284656282788515,0.6814383477381272,8
3100,5.591206824902011,6.284656282788515,0.693449457886504,10
3101,5.584651526283016,6.284656282788515,0.700004756505499,3
3102,5.890436881673475,6.284656282788515,0.3942194011150404,9
3103,5.714684425497792,6.284656282788515,0.5699718572907235,4
3104,5.582940314492746,6.284656282788515,0.701715968295769,7
3105,5.921574877068388,6.3560258571931225,0.43445098012473427,1
3106,5.940077593941037,6.3560258571931225,0.4159482632520852,7
3107,5.938909748277103,6.3560258571931225,0.41711610891601936,8
3108,5.923560241985831,6.3560258571931225,0.4324656152072919,2
3109,5.794609548053161,6.3560258571931225,0.5614163091399611,10
3110,5.8212627868977975,6.3560258571931225,0.534763070295325,3
3111,5.922872009261804,6.3560258571931225,0.43315384793131884,5
3112,6.034859153519142,6.3560258571931225,0.32116670367398026,4
3113,5.992391260059039,6.3560258571931225,0.36363459713408375,6
3114,5.619579305389894,5.671172842715083,0.05159353732518923,10
3115,5.483269715627275,5.671172842715083,0.1879031270878082,6
3116,5.308336062815476,5.671172842715083,0.36283677989960683,8
3117,5.439878438804948,5.671172842715083,0.23129440391013478,9
3118,5.5587430279173775,5.671172842715083,0.11242981479770542,7
3119,5.4995082175040855,5.671172842715083,0.17166462521099746,5
3120,5.440278055806359,5.671172842715083,0.23089478690872411,2
3121,5.462170656634758,5.671172842715083,0.20900218608032528,3
3122,5.443628163325568,5.671172842715083,0.22754467938951528,1
3123,6.322132770993068,6.477121254719663,0.15498848372659424,4
3124,6.304204011131458,6.477121254719663,0.1729172435882047,3
3125,6.276777272748789,6.477121254719663,0.20034398197087366,9
3126,6.3115783664058185,6.477121254719663,0.16554288831384412,1
3127,6.131749984163175,6.477121254719663,0.34537127055648753,10
3128,6.214240264863635,6.477121254719663,0.26288098985602737,8
3129,6.317676300966218,6.477121254719663,0.1594449537534448,6
3130,6.325216757517873,6.477121254719663,0.15190449720179,2
3131,6.288398205236687,6.477121254719663,0.18872304948297547,5
3132,5.564108873996121,5.0,-0.5641088739961209,10
3133,5.739214477252706,5.0,-0.7392144772527063,8
3134,5.710987418230333,5.0,-0.7109874182303333,6
3135,5.680622373587801,5.0,-0.6806223735878012,5
3136,5.707154629366152,5.0,-0.7071546293661521,2
3137,5.6962132688435,5.0,-0.6962132688434997,3
3138,5.70893498814034,5.0,-0.7089349881403404,1
3139,5.757031812797722,5.0,-0.757031812797722,9
3140,5.719453594577941,5.0,-0.7194535945779412,7
3141,5.979112376842969,5.852174904420303,-0.12693747242266618,2
3142,5.909263949408206,5.852174904420303,-0.05708904498790357,7
3143,5.915328039250125,5.852174904420303,-0.06315313482982177,10
3144,5.931421817463519,5.852174904420303,-0.07924691304321652,1
3145,5.988163344029081,5.852174904420303,-0.13598843960877804,6
3146,6.008496402836299,5.852174904420303,-0.15632149841599574,3
3147,5.982401944216876,5.852174904420303,-0.1302270397965728,8
3148,5.973927154640237,5.852174904420303,-0.12175225021993441,9
3149,6.00381836205866,5.852174904420303,-0.1516434576383574,4
3150,5.641337831332952,5.3979400086720375,-0.24339782266091436,6
3151,5.3583151715111725,5.3979400086720375,0.039624837160864956,3
3152,5.485902838587354,5.3979400086720375,-0.08796282991531612,1
3153,5.500556781815934,5.3979400086720375,-0.10261677314389672,5
3154,5.483462574599003,5.3979400086720375,-0.08552256592696583,9
3155,5.5487515217110355,5.3979400086720375,-0.15081151303899798,8
3156,5.537168821011369,5.3979400086720375,-0.13922881233933193,4
3157,5.40990438639644,5.3979400086720375,-0.01196437772440273,10
3158,5.4359046169256064,5.3979400086720375,-0.037964608253568954,7
3159,5.947191210581036,6.139879086401237,0.19268787582020064,1
3160,5.981198180508241,6.139879086401237,0.15868090589299566,4
3161,5.9036085732259265,6.139879086401237,0.23627051317531045,10
3162,5.980912974271033,6.139879086401237,0.15896611213020417,6
3163,5.923727464851826,6.139879086401237,0.21615162154941103,7
3164,5.933927741388414,6.139879086401237,0.20595134501282253,3
3165,5.980167729981142,6.139879086401237,0.15971135642009493,5
3166,5.980863315024594,6.139879086401237,0.1590157713766427,9
3167,5.926614606299017,6.139879086401237,0.21326448010221988,8
3168,6.180568293730019,6.273487409697184,0.09291911596716496,7
3169,6.227817806108346,6.273487409697184,0.04566960358883776,4
3170,6.139057768709637,6.273487409697184,0.1344296409875474,1
3171,6.135505129215155,6.273487409697184,0.13798228048202876,8
3172,6.192249196381378,6.273487409697184,0.08123821331580583,5
3173,6.167427215141251,6.273487409697184,0.10606019455593341,10
3174,6.12312455841147,6.273487409697184,0.15036285128571425,9
3175,6.169875887618038,6.273487409697184,0.10361152207914603,6
3176,6.151444384682425,6.273487409697184,0.12204302501475883,3
3177,6.211417180397699,6.320623955053538,0.1092067746558385,10
3178,6.223075837016323,6.320623955053538,0.0975481180372153,8
3179,6.220283576061805,6.320623955053538,0.1003403789917332,6
3180,6.2688981244553315,6.320623955053538,0.05172583059820646,7
3181,6.285316027603782,6.320623955053538,0.03530792744975564,5
3182,6.2061628210383075,6.320623955053538,0.11446113401523039,3
3183,6.217838906647875,6.320623955053538,0.1027850484056625,9
3184,6.232950410314673,6.320623955053538,0.08767354473886524,4
3185,6.201116816496286,6.320623955053538,0.11950713855725148,2
3186,6.14659370571248,6.6020599913279625,0.45546628561548275,7
3187,6.152246727267149,6.6020599913279625,0.4498132640608139,6
3188,6.138950040867338,6.6020599913279625,0.4631099504606242,4
3189,6.152782227582262,6.6020599913279625,0.44927776374570083,5
3190,6.095861838591162,6.6020599913279625,0.5061981527368005,10
3191,6.136173291609215,6.6020599913279625,0.4658866997187472,9
3192,6.109643827936846,6.6020599913279625,0.49241616339111616,2
3193,6.144739941743428,6.6020599913279625,0.45732004958453487,8
3194,6.134518952114917,6.6020599913279625,0.4675410392130459,1
3195,6.2891681202336684,6.337459261290656,0.048291141056987286,5
3196,6.298865725019678,6.337459261290656,0.0385935362709775,1
3197,6.297672657087054,6.337459261290656,0.03978660420360214,7
3198,6.264979403061913,6.337459261290656,0.0724798582287427,8
3199,6.237266103984976,6.337459261290656,0.10019315730567957,10
3200,6.33298082880051,6.337459261290656,0.0044784324901456785,9
3201,6.300987217950554,6.337459261290656,0.03647204334010201,2
3202,6.234804345756978,6.337459261290656,0.10265491553367756,6
3203,6.2913011833862225,6.337459261290656,0.04615807790443327,3
3204,6.309362496886045,6.301029995663981,-0.008332501222064082,9
3205,6.283237870873918,6.301029995663981,0.017792124790063646,2
3206,6.324437396081993,6.301029995663981,-0.02340740041801137,5
3207,6.313893551839155,6.301029995663981,-0.012863556175173763,4
3208,6.2923039233699924,6.301029995663981,0.008726072293988807,10
3209,6.260082911363189,6.301029995663981,0.04094708430079219,3
3210,6.217250502144381,6.301029995663981,0.08377949351960012,6
3211,6.293685143592554,6.301029995663981,0.007344852071427432,1
3212,6.344514281897275,6.301029995663981,-0.04348428623329337,7
3213,6.280249798472426,6.3979400086720375,0.11769021019961112,3
3214,6.237506370384949,6.3979400086720375,0.16043363828708834,10
3215,6.319451023702187,6.3979400086720375,0.07848898496985068,9
3216,6.257586217666269,6.3979400086720375,0.1403537910057686,6
3217,6.29060848805724,6.3979400086720375,0.10733152061479778,1
3218,6.296142284794246,6.3979400086720375,0.10179772387779185,4
3219,6.294801156885173,6.3979400086720375,0.10313885178686455,5
3220,6.256586224811958,6.3979400086720375,0.14135378386007957,2
3221,6.310189019662836,6.3979400086720375,0.08775098900920142,8
3222,6.193030776016226,6.45484486000851,0.26181408399228445,7
3223,6.138320482020199,6.45484486000851,0.3165243779883111,9
3224,6.145254398302671,6.45484486000851,0.3095904617058389,10
3225,6.16048195140302,6.45484486000851,0.29436290860548997,2
3226,6.137423188489802,6.45484486000851,0.3174216715187086,4
3227,6.123889702165768,6.45484486000851,0.3309551578427419,5
3228,6.104370665419561,6.45484486000851,0.3504741945889496,6
3229,6.190883716954945,6.45484486000851,0.26396114305356555,1
3230,6.11098276044286,6.45484486000851,0.3438620995656505,8
3231,6.64709726018536,8.146128035678238,1.4990307754928782,2
3232,6.850632796136221,8.146128035678238,1.2954952395420172,5
3233,6.695125694264011,8.146128035678238,1.4510023414142275,1
3234,6.701172591735835,8.146128035678238,1.444955443942403,3
3235,6.722628100618731,8.146128035678238,1.4234999350595068,4
3236,6.712837642839121,8.146128035678238,1.4332903928391172,9
3237,6.68933933575531,8.146128035678238,1.456788699922928,10
3238,6.686140065159521,8.146128035678238,1.4599879705187169,7
3239,6.687479711933372,8.146128035678238,1.4586483237448657,8
3240,5.575445115660496,4.5820633629117085,-0.9933817527487872,1
3241,5.619091180708584,4.5820633629117085,-1.0370278177968757,10
3242,5.594831104401871,4.5820633629117085,-1.0127677414901628,8
3243,5.616970476642397,4.5820633629117085,-1.0349071137306884,7
3244,5.6393556583453215,4.5820633629117085,-1.057292295433613,3
3245,5.6571139572271845,4.5820633629117085,-1.075050594315476,9
3246,5.619549647653068,4.5820633629117085,-1.0374862847413597,6
3247,5.6020470264817925,4.5820633629117085,-1.019983663570084,2
3248,5.542373962774897,4.5820633629117085,-0.9603105998631882,5
3249,5.944118957379807,6.272305844402086,0.32818688702227927,10
3250,5.981417531878479,6.272305844402086,0.2908883125236077,9
3251,5.979518217595241,6.272305844402086,0.2927876268068452,7
3252,6.066263198437528,6.272305844402086,0.20604264596455835,4
3253,5.927935181570442,6.272305844402086,0.3443706628316443,6
3254,5.936417521420642,6.272305844402086,0.335888322981444,8
3255,5.975026863321027,6.272305844402086,0.29727898108105943,2
3256,6.007301149198509,6.272305844402086,0.2650046952035776,5
3257,5.936140293798189,6.272305844402086,0.33616555060389697,3
3258,6.722628100618731,5.728256359248493,-0.9943717413702382,4
3259,6.64709726018536,5.728256359248493,-0.9188409009368668,2
3260,6.686140065159521,5.728256359248493,-0.9578837059110281,7
3261,6.695125694264011,5.728256359248493,-0.9668693350155175,1
3262,6.712837642839121,5.728256359248493,-0.9845812835906278,9
3263,6.68933933575531,5.728256359248493,-0.961082976506817,10
3264,6.701172591735835,5.728256359248493,-0.9729162324873419,3
3265,6.687479711933372,5.728256359248493,-0.9592233526848792,8
3266,6.408300885537469,5.728256359248493,-0.6800445262889756,6
3267,6.0346164592288805,5.71717102683231,-0.3174454323965703,4
3268,6.03563494120773,5.71717102683231,-0.3184639143754202,7
3269,6.027274700612636,5.71717102683231,-0.31010367378032555,9
3270,6.017415090767825,5.71717102683231,-0.30024406393551484,1
3271,6.0029871020937815,5.71717102683231,-0.28581607526147135,10
3272,6.001654877789196,5.71717102683231,-0.2844838509568861,8
3273,6.070215880109751,5.71717102683231,-0.3530448532774413,2
3274,6.0294260103198045,5.71717102683231,-0.31225498348749436,5
3275,6.065972064282802,5.71717102683231,-0.3488010374504915,6
3276,5.524434753835627,6.049218022670182,0.5247832688345548,10
3277,5.562387573059325,6.049218022670182,0.4868304496108573,3
3278,5.7143045382299205,6.049218022670182,0.3349134844402615,7
3279,5.766823475690706,6.049218022670182,0.28239454697947597,9
3280,5.720098733007644,6.049218022670182,0.3291192896625379,6
3281,5.632341869951783,6.049218022670182,0.41687615271839906,4
3282,5.506453700107985,6.049218022670182,0.5427643225621965,8
3283,5.602573056944109,6.049218022670182,0.4466449657260734,2
3284,5.604679259085458,6.049218022670182,0.444538763584724,1
3285,5.432670864812001,6.396199347095736,0.9635284822837358,2
3286,5.433069331340836,6.396199347095736,0.9631300157549001,7
3287,5.460893644848163,6.396199347095736,0.9353057022475735,8
3288,5.525238758603879,6.396199347095736,0.8709605884918572,6
3289,5.454506195539329,6.396199347095736,0.9416931515564073,9
3290,5.646404147130959,6.396199347095736,0.749795199964777,5
3291,5.46919093160056,6.396199347095736,0.9270084154951768,4
3292,5.449459695000313,6.396199347095736,0.946739652095423,1
3293,5.380845754627868,6.396199347095736,1.0153535924678687,10
3294,5.820516186649296,5.550228353055094,-0.2702878335942014,8
3295,5.967319966929834,5.550228353055094,-0.4170916138747396,4
3296,5.938543065049679,5.550228353055094,-0.38831471199458445,7
3297,5.846631304264253,5.550228353055094,-0.29640295120915905,2
3298,5.823101777171709,5.550228353055094,-0.2728734241166144,3
3299,5.819923359506589,5.550228353055094,-0.2696950064514949,10
3300,5.767418716203437,5.550228353055094,-0.21719036314834295,9
3301,5.753009366862405,5.550228353055094,-0.20278101380731073,6
3302,5.793184951242712,5.550228353055094,-0.24295659818761806,5
3303,5.904808588375579,5.575072325713813,-0.3297362626617666,1
3304,5.786619227281515,5.575072325713813,-0.2115469015677025,9
3305,5.805609140638407,5.575072325713813,-0.23053681492459432,3
3306,5.776855047265937,5.575072325713813,-0.2017827215521244,6
3307,5.8048924597591745,5.575072325713813,-0.2298201340453616,4
3308,5.834306365089032,5.575072325713813,-0.2592340393752188,8
3309,5.797507489098121,5.575072325713813,-0.2224351633843078,5
3310,5.772409706608356,5.575072325713813,-0.19733738089454356,10
3311,5.887310076831071,5.575072325713813,-0.3122377511172578,7
3312,5.951763626622365,6.100025730107863,0.1482621034854974,4
3313,5.811392923532257,6.100025730107863,0.2886328065756061,1
3314,5.77970245853409,6.100025730107863,0.3203232715737725,3
3315,5.840651223014128,6.100025730107863,0.25937450709373433,9
3316,5.8780206322760185,6.100025730107863,0.2220050978318442,8
3317,5.8107428133965335,6.100025730107863,0.2892829167113291,2
3318,5.880926230124628,6.100025730107863,0.2190994999832343,6
3319,5.9017947584709844,6.100025730107863,0.1982309716368782,10
3320,5.830974658729114,6.100025730107863,0.2690510713787484,7
3321,5.625535095115414,4.860338006570994,-0.7651970885444204,10
3322,5.552269408693172,4.860338006570994,-0.6919314021221776,3
3323,5.531032681558299,4.860338006570994,-0.6706946749873053,1
3324,5.491514815093268,4.860338006570994,-0.631176808522274,2
3325,5.5809277339570444,4.860338006570994,-0.7205897273860504,9
3326,5.53313244244838,4.860338006570994,-0.6727944358773863,7
3327,5.544445665985746,4.860338006570994,-0.6841076594147522,4
3328,5.553760949278814,4.860338006570994,-0.6934229427078202,6
3329,5.52757806845061,4.860338006570994,-0.6672400618796157,5
3330,6.488574782208024,6.489958479424835,0.001383697216810198,9
3331,6.462888363694653,6.489958479424835,0.02707011573018203,2
3332,6.473879593625073,6.489958479424835,0.0160788857997618,8
3333,6.284744544086494,6.489958479424835,0.20521393533834065,6
3334,6.355623760549826,6.489958479424835,0.13433471887500836,5
3335,6.4782051742379565,6.489958479424835,0.011753305186878116,1
3336,6.480617653407804,6.489958479424835,0.009340826017030679,10
3337,6.456835230840609,6.489958479424835,0.033123248584225884,3
3338,6.470110792083727,6.489958479424835,0.019847687341107978,7
3339,6.0647808510704175,6.3979400086720375,0.33315915760161996,9
3340,5.990958915618367,6.3979400086720375,0.4069810930536706,1
3341,6.091301461133418,6.3979400086720375,0.3066385475386193,4
3342,6.020635213629334,6.3979400086720375,0.3773047950427033,6
3343,5.91640910562878,6.3979400086720375,0.4815309030432573,3
3344,6.014032821909862,6.3979400086720375,0.3839071867621753,5
3345,6.033173641403061,6.3979400086720375,0.3647663672689765,8
3346,6.0090466376574,6.3979400086720375,0.38889337101463717,10
3347,6.0384529982204755,6.3979400086720375,0.35948701045156195,7
3348,5.858844205992896,6.3560258571931225,0.4971816512002265,6
3349,5.736211701939651,6.3560258571931225,0.6198141552534713,5
3350,5.685593021924564,6.3560258571931225,0.6704328352685582,2
3351,5.779131967394032,6.3560258571931225,0.5768938897990905,9
3352,5.71964431946637,6.3560258571931225,0.6363815377267521,8
3353,5.777226803063956,6.3560258571931225,0.5787990541291661,4
3354,5.731760346930884,6.3560258571931225,0.6242655102622381,10
3355,5.631205529943837,6.3560258571931225,0.7248203272492857,3
3356,5.900109026852398,6.3560258571931225,0.4559168303407244,1
3357,5.48478559673555,4.705863712283919,-0.7789218844516315,3
3358,5.505778566512442,4.705863712283919,-0.7999148542285228,1
3359,5.4868371532266424,4.705863712283919,-0.7809734409427236,4
3360,5.477737708376144,4.705863712283919,-0.771873996092225,5
3361,5.49855801113047,4.705863712283919,-0.7926942988465511,10
3362,5.444627390480333,4.705863712283919,-0.7387636781964142,2
3363,5.461275932133957,4.705863712283919,-0.7554122198500384,9
3364,5.368841516337778,4.705863712283919,-0.6629778040538588,8
3365,5.368492982033363,4.705863712283919,-0.662629269749444,7
3366,5.348301263660597,4.833147111912785,-0.5151541517478115,7
3367,5.306785290142855,4.833147111912785,-0.47363817823007004,8
3368,5.526064178560574,4.833147111912785,-0.6929170666477891,10
3369,5.500772784323742,4.833147111912785,-0.6676256724109573,2
3370,5.4272643556386715,4.833147111912785,-0.5941172437258864,6
3371,5.426264017776503,4.833147111912785,-0.5931169058637176,5
3372,5.484441230019244,4.833147111912785,-0.6512941181064589,4
3373,5.4387087669396355,4.833147111912785,-0.6055616550268503,9
3374,5.481721421625227,4.833147111912785,-0.6485743097124415,3
3375,6.064497386020171,6.182671386675478,0.11817400065530759,3
3376,6.11267961794169,6.182671386675478,0.06999176873378854,6
3377,6.069392276264935,6.182671386675478,0.11327911041054328,9
3378,6.082348780543866,6.182671386675478,0.1003226061316127,1
3379,6.015160863887207,6.182671386675478,0.1675105227882714,10
3380,6.0145148831747965,6.182671386675478,0.1681565035006818,7
3381,6.082629140084523,6.182671386675478,0.10004224659095495,2
3382,6.079989461439062,6.182671386675478,0.10268192523641595,8
3383,6.082698164487959,6.182671386675478,0.09997322218751936,5
3384,5.942493729123065,6.262023704606317,0.31952997548325257,9
3385,5.955819812055141,6.262023704606317,0.3062038925511761,2
3386,5.958239235814199,6.262023704606317,0.3037844687921183,6
3387,6.007569734065791,6.262023704606317,0.254453970540526,1
3388,5.937162948691428,6.262023704606317,0.32486075591488905,3
3389,6.02515573595833,6.262023704606317,0.23686796864798776,7
3390,5.922960871059527,6.262023704606317,0.33906283354679,4
3391,5.98092369650476,6.262023704606317,0.2811000081015571,10
3392,5.987923533796032,6.262023704606317,0.2741001708102857,8
3393,5.851556674164956,6.408239965311849,0.5566832911468929,2
3394,5.852465246667625,6.408239965311849,0.5557747186442246,1
3395,5.802674463564983,6.408239965311849,0.6055655017468657,9
3396,5.90792794991346,6.408239965311849,0.5003120153983893,6
3397,5.831064958313105,6.408239965311849,0.5771750069987442,5
3398,5.7345072445280145,6.408239965311849,0.6737327207838346,7
3399,5.7587915671276635,6.408239965311849,0.6494483981841856,3
3400,5.832189676046085,6.408239965311849,0.5760502892657637,10
3401,5.855328016436008,6.408239965311849,0.5529119488758409,8
3402,6.224302191844824,6.5910646070265,0.3667624151816762,4
3403,6.057043794057671,6.5910646070265,0.5340208129688291,5
3404,6.108133628127481,6.5910646070265,0.48293097889901926,2
3405,6.078591165688931,6.5910646070265,0.5124734413375691,3
3406,6.068169725044635,6.5910646070265,0.5228948819818653,6
3407,6.0811835657447615,6.5910646070265,0.509881041281739,7
3408,6.0627177669635675,6.5910646070265,0.528346840062933,1
3409,6.029037996939767,6.5910646070265,0.5620266100867335,8
3410,6.043817988680907,6.5910646070265,0.5472466183455937,9
3411,5.821035145537099,5.876217840591642,0.055182695054543096,9
3412,5.800723691002306,5.876217840591642,0.07549414958933642,2
3413,5.952868986052442,5.876217840591642,-0.07665114546079987,3
3414,5.875302560199307,5.876217840591642,0.0009152803923351271,6
3415,5.832242924712733,5.876217840591642,0.043974915878909115,7
3416,5.8558015016307134,5.876217840591642,0.02041633896092865,1
3417,5.852774167272027,5.876217840591642,0.0234436733196155,8
3418,5.813573418015705,5.876217840591642,0.0626444225759375,4
3419,5.835168519168619,5.876217840591642,0.04104932142302342,5
3420,4.882468505880217,6.1041455505540085,1.2216770446737915,5
3421,4.701730798895408,6.1041455505540085,1.4024147516586005,9
3422,4.767855240522588,6.1041455505540085,1.336290310031421,8
3423,4.712845709252838,6.1041455505540085,1.3912998413011701,10
3424,4.839003401010377,6.1041455505540085,1.2651421495436317,1
3425,4.84802701965435,6.1041455505540085,1.2561185308996583,6
3426,4.899227073777707,6.1041455505540085,1.2049184767763013,2
3427,4.693326304299978,6.1041455505540085,1.4108192462540305,4
3428,4.846628291785896,6.1041455505540085,1.2575172587681127,7
3429,5.3758420472694874,4.630122642859312,-0.7457194044101758,10
3430,5.3712991438380975,4.630122642859312,-0.7411765009787858,9
3431,5.486902306683323,4.630122642859312,-0.8567796638240113,3
3432,5.402211194102289,4.630122642859312,-0.7720885512429776,6
3433,5.554086530173123,4.630122642859312,-0.9239638873138114,7
3434,5.287667897769007,4.630122642859312,-0.657545254909695,2
3435,5.52068134877665,4.630122642859312,-0.8905587059173383,4
3436,5.394549716807802,4.630122642859312,-0.7644270739484904,5
3437,5.623676029392255,4.630122642859312,-0.9935533865329438,8
3438,6.086095041602121,6.5910646070265,0.5049695654243793,10
3439,6.068839315016473,6.5910646070265,0.5222252920100274,2
3440,6.09149767850193,6.5910646070265,0.49956692852457074,4
3441,6.095144696253579,6.5910646070265,0.49591991077292175,5
3442,6.101813837415097,6.5910646070265,0.48925076961140324,9
3443,6.099900071813468,6.5910646070265,0.4911645352130325,6
3444,6.088477688553428,6.5910646070265,0.5025869184730727,8
3445,6.120919714625721,6.5910646070265,0.4701448924007794,7
3446,6.101552127390519,6.5910646070265,0.4895124796359811,3
3447,5.891479397059057,5.978180516937414,0.08670111987835671,7
3448,5.919683733083418,5.978180516937414,0.058496783853995815,6
3449,5.915972914559136,5.978180516937414,0.062207602378277826,1
3450,5.912424613988616,5.978180516937414,0.06575590294879774,5
3451,5.916193212309424,5.978180516937414,0.06198730462798974,9
3452,5.876294504030132,5.978180516937414,0.10188601290728183,10
3453,5.849849680114456,5.978180516937414,0.12833083682295765,4
3454,5.904140161467638,5.978180516937414,0.0740403554697755,3
3455,5.906033236013461,5.978180516937414,0.07214728092395273,8
3456,5.9942223675997415,6.32221929473392,0.32799692713417894,7
3457,5.983924665038827,6.32221929473392,0.3382946296950937,1
3458,5.9639633006268715,6.32221929473392,0.3582559941070489,5
3459,5.964650872374646,6.32221929473392,0.35756842235927433,8
3460,6.079677344224972,6.32221929473392,0.2425419505089481,4
3461,6.006235088749616,6.32221929473392,0.31598420598430454,6
3462,5.9888578524488265,6.32221929473392,0.3333614422850939,2
3463,5.97695218990376,6.32221929473392,0.3452671048301603,10
3464,6.011416725009241,6.32221929473392,0.3108025697246797,3
3465,5.883546079214939,6.100025730107863,0.2164796508929232,7
3466,5.864113368736489,6.100025730107863,0.2359123613713736,4
3467,5.810780424935711,6.100025730107863,0.28924530517215175,1
3468,5.846210919587914,6.100025730107863,0.25381481051994825,3
3469,6.0026041462247095,6.100025730107863,0.09742158388315314,5
3470,5.8456691692230995,6.100025730107863,0.2543565608847631,9
3471,5.881874928554969,6.100025730107863,0.2181508015528939,6
3472,5.843794865974606,6.100025730107863,0.2562308641332569,2
3473,5.878785628863004,6.100025730107863,0.2212401012448586,8
3474,5.992916074341037,5.675778341674085,-0.3171377326669518,10
3475,5.931991710483593,5.675778341674085,-0.25621336880950807,1
3476,6.0238812518075155,5.675778341674085,-0.34810291013343075,3
3477,6.032620865809513,5.675778341674085,-0.35684252413542783,9
3478,5.9881620370413735,5.675778341674085,-0.3123836953672887,2
3479,6.0477902973774125,5.675778341674085,-0.3720119557033277,5
3480,6.039457756837042,5.675778341674085,-0.36367941516295677,4
3481,6.0361948076914445,5.675778341674085,-0.36041646601735966,8
3482,6.066349566930892,5.675778341674085,-0.39057122525680743,6
3483,6.046980092256415,6.0,-0.04698009225641542,3
3484,6.000216754353689,6.0,-0.00021675435368884166,8
3485,6.036721012414023,6.0,-0.0367210124140227,7
3486,5.971790394632459,6.0,0.028209605367541357,9
3487,5.993038359573727,6.0,0.006961640426273341,1
3488,6.0068295958670195,6.0,-0.006829595867019478,2
3489,5.979563692525969,6.0,0.020436307474031246,5
3490,6.059451996689687,6.0,-0.05945199668968737,4
3491,5.961530508220461,6.0,0.038469491779538956,6
3492,5.971390462539493,6.431363764158987,0.45997330161949357,1
3493,6.025356400208536,6.431363764158987,0.4060073639504509,10
3494,6.050125114066126,6.431363764158987,0.38123865009286106,9
3495,6.043705661938321,6.431363764158987,0.38765810222066577,2
3496,6.000103602692358,6.431363764158987,0.4312601614666285,7
3497,6.012584491610833,6.431363764158987,0.4187792725481536,5
3498,6.042508328389672,6.431363764158987,0.38885543576931525,4
3499,6.0404147859441215,6.431363764158987,0.3909489782148654,8
3500,6.0578943622039025,6.431363764158987,0.3734694019550844,3
3501,6.261619020209486,6.1525940779274695,-0.10902494228201665,10
3502,6.315563664942762,6.1525940779274695,-0.16296958701529274,5
3503,6.236601702349119,6.1525940779274695,-0.08400762442164922,2
3504,6.294619826020904,6.1525940779274695,-0.1420257480934346,9
3505,6.254803204618165,6.1525940779274695,-0.10220912669069548,1
3506,6.37639038739187,6.1525940779274695,-0.22379630946440088,6
3507,6.30026320385258,6.1525940779274695,-0.14766912592511083,3
3508,6.254814679446512,6.1525940779274695,-0.10222060151904255,8
3509,6.253435356111093,6.1525940779274695,-0.10084127818362365,4
3510,6.7210686313322086,6.732393759822968,0.011325128490759617,5
3511,6.672578653201768,6.732393759822968,0.059815106621200265,2
3512,6.671291482358251,6.732393759822968,0.06110227746471697,1
3513,6.6301385294845865,6.732393759822968,0.10225523033838169,6
3514,6.767511744571009,6.732393759822968,-0.035117984748040953,10
3515,6.731202703552312,6.732393759822968,0.0011910562706560768,3
3516,6.721869040350805,6.732393759822968,0.010524719472162936,9
3517,6.716438302683674,6.732393759822968,0.01595545713929436,8
3518,6.68141491209522,6.732393759822968,0.05097884772774819,7
3519,5.2763674749926635,4.491361693834273,-0.7850057811583904,8
3520,5.3678260306269525,4.491361693834273,-0.8764643367926794,9
3521,5.340904560598003,4.491361693834273,-0.8495428667637297,6
3522,5.396234460712376,4.491361693834273,-0.9048727668781025,1
3523,5.318660193059393,4.491361693834273,-0.8272984992251198,3
3524,5.331809937868929,4.491361693834273,-0.8404482440346559,2
3525,5.2809632484955875,4.491361693834273,-0.7896015546613144,4
3526,5.282768765433835,4.491361693834273,-0.7914070715995623,5
3527,5.463467339554577,4.491361693834273,-0.9721056457203039,7
3528,4.835043368255765,4.77901897191487,-0.056024396340895066,3
3529,4.779818827024807,4.77901897191487,-0.0007998551099372975,2
3530,4.903395653275743,4.77901897191487,-0.12437668136087243,6
3531,5.0177362444586215,4.77901897191487,-0.2387172725437514,7
3532,4.786656746216488,4.77901897191487,-0.007637774301618272,5
3533,4.898449934474439,4.77901897191487,-0.11943096255956931,8
3534,4.660667490053223,4.77901897191487,0.11835148186164712,9
3535,4.8583054323437285,4.77901897191487,-0.07928646042885834,1
3536,5.061099566966563,4.77901897191487,-0.2820805950516929,4
3537,5.338305710735784,6.556302500767287,1.2179967900315027,4
3538,5.3338149757407125,6.556302500767287,1.2224875250265743,3
3539,5.331568811239099,6.556302500767287,1.224733689528188,2
3540,5.222257808347704,6.556302500767287,1.3340446924195826,1
3541,5.329996188238715,6.556302500767287,1.226306312528572,7
3542,5.1273821137213345,6.556302500767287,1.4289203870459524,9
3543,5.3179278410946935,6.556302500767287,1.2383746596725933,8
3544,5.2669319056963,6.556302500767287,1.289370595070987,10
3545,5.258213412565754,6.556302500767287,1.2980890882015332,6
3546,4.418164826701952,4.850033257689769,0.4318684309878167,6
3547,4.313535654630555,4.850033257689769,0.5364976030592139,10
3548,4.476943997877639,4.850033257689769,0.37308925981213026,8
3549,4.449101951759227,4.850033257689769,0.40093130593054216,7
3550,4.48206800222182,4.850033257689769,0.3679652554679489,9
3551,4.53650004100692,4.850033257689769,0.31353321668284906,2
3552,4.656331469076629,4.850033257689769,0.19370178861314002,1
3553,4.295702208272449,4.850033257689769,0.5543310494173195,5
3554,4.384154524544014,4.850033257689769,0.4658787331457548,4
3555,6.188024152957785,6.278753600952829,0.09072944799504423,10
3556,6.260512865626815,6.278753600952829,0.01824073532601389,2
3557,6.125196102234385,6.278753600952829,0.1535574987184436,4
3558,6.2013668534054,6.278753600952829,0.07738674754742902,8
3559,6.192201300959218,6.278753600952829,0.08655229999361058,9
3560,6.243650952007402,6.278753600952829,0.03510264894542647,6
3561,6.165561831444157,6.278753600952829,0.11319176950867149,5
3562,6.197888271240465,6.278753600952829,0.08086532971236426,1
3563,6.193852862185486,6.278753600952829,0.08490073876734261,3
3564,6.109619071309877,6.4623979978989565,0.35277892658907994,8
3565,6.0834636712431145,6.4623979978989565,0.37893432665584204,2
3566,6.116712579992931,6.4623979978989565,0.3456854179060258,10
3567,6.0892777126106905,6.4623979978989565,0.373120285288266,1
3568,6.124800960686731,6.4623979978989565,0.3375970372122259,4
3569,6.087179112603055,6.4623979978989565,0.37521888529590175,5
3570,6.091991490620958,6.4623979978989565,0.3704065072779983,3
3571,6.344242923675938,6.4623979978989565,0.11815507422301863,9
3572,6.078148702379262,6.4623979978989565,0.38424929551969456,6
3573,6.103998736898184,6.399154333958217,0.2951555970600328,7
3574,6.133797442584061,6.399154333958217,0.2653568913741555,6
3575,6.083307142192509,6.399154333958217,0.31584719176570797,4
3576,6.12353360412503,6.399154333958217,0.27562072983318675,9
3577,6.127650285168768,6.399154333958217,0.2715040487894491,3
3578,6.136474021524705,6.399154333958217,0.26268031243351153,5
3579,6.119228386757756,6.399154333958217,0.2799259472004607,8
3580,6.122433231190933,6.399154333958217,0.2767211027672838,1
3581,6.105374290254351,6.399154333958217,0.29378004370386623,2
3582,5.871209050070151,6.3979400086720375,0.5267309586018865,3
3583,5.949931281478503,6.3979400086720375,0.44800872719353446,10
3584,5.8927518954751505,6.3979400086720375,0.505188113196887,4
3585,5.826167975514989,6.3979400086720375,0.5717720331570488,1
3586,5.871511445950941,6.3979400086720375,0.5264285627210965,6
3587,5.809919023656616,6.3979400086720375,0.5880209850154214,8
3588,5.866751520515308,6.3979400086720375,0.5311884881567295,7
3589,5.892195127917406,6.3979400086720375,0.5057448807546319,9
3590,5.940363474722844,6.3979400086720375,0.45757653394919373,5
3591,5.93026705823212,5.880813592280791,-0.04945346595132882,9
3592,5.9715928044174325,5.880813592280791,-0.09077921213664109,6
3593,5.937038572829303,5.880813592280791,-0.056224980548511994,3
3594,5.965057200976283,5.880813592280791,-0.08424360869549119,10
3595,5.889805078367356,5.880813592280791,-0.008991486086564748,2
3596,5.919006713697085,5.880813592280791,-0.03819312141629361,7
3597,5.985885535564593,5.880813592280791,-0.10507194328380187,1
3598,5.998806301806308,5.880813592280791,-0.11799270952551666,4
3599,6.0127308215828785,5.880813592280791,-0.13191722930208716,5
3600,5.88015713807341,5.892094602690481,0.011937464617070681,4
3601,5.832635804844637,5.892094602690481,0.05945879784584385,1
3602,5.8068795717552355,5.892094602690481,0.0852150309352453,5
3603,5.830912408835996,5.892094602690481,0.06118219385448498,7
3604,5.7587099779388895,5.892094602690481,0.1333846247515913,2
3605,5.771278039305277,5.892094602690481,0.12081656338520386,6
3606,5.796539439108531,5.892094602690481,0.09555516358194982,3
3607,5.829816636556523,5.892094602690481,0.06227796613395764,8
3608,5.802980177927759,5.892094602690481,0.08911442476272136,10
3609,5.892569731503746,5.7160033436348,-0.17656638786894607,5
3610,5.764893030102162,5.7160033436348,-0.048889686467362026,3
3611,5.7664283437811985,5.7160033436348,-0.05042500014639817,1
3612,5.78592586717468,5.7160033436348,-0.06992252353987993,2
3613,5.7509506290567485,5.7160033436348,-0.03494728542194814,7
3614,5.722360817865329,5.7160033436348,-0.006357474230529014,8
3615,5.754392209071974,5.7160033436348,-0.03838886543717379,9
3616,5.761734737781004,5.7160033436348,-0.04573139414620364,4
3617,5.771850481812751,5.7160033436348,-0.05584713817795084,6
3618,6.200640477421148,6.696836730575163,0.4961962531540154,10
3619,6.338104500300952,6.696836730575163,0.3587322302742111,8
3620,6.288221384907752,6.696836730575163,0.4086153456674113,1
3621,6.2977902462443724,6.696836730575163,0.3990464843307908,4
3622,6.146203808844658,6.696836730575163,0.5506329217305055,2
3623,6.2218722180011525,6.696836730575163,0.47496451257401073,3
3624,6.051485653234109,6.696836730575163,0.6453510773410542,5
3625,6.219700551979276,6.696836730575163,0.4771361785958872,6
3626,6.28373575713796,6.696836730575163,0.41310097343720287,7
3627,5.292996691612806,5.530481449815745,0.2374847582029389,3
3628,5.414802524488431,5.530481449815745,0.11567892532731339,7
3629,5.268824136987509,5.530481449815745,0.2616573128282358,10
3630,5.317032961611968,5.530481449815745,0.2134484882037766,6
3631,5.441477208615081,5.530481449815745,0.08900424120066397,1
3632,5.258556027676878,5.530481449815745,0.2719254221388665,2
3633,5.383291166841855,5.530481449815745,0.1471902829738898,4
3634,5.380336478037931,5.530481449815745,0.15014497177781383,8
3635,5.35019271178656,5.530481449815745,0.18028873802918444,5
3636,5.244527981535679,6.465828815357437,1.2213008338217577,7
3637,5.405348478748033,6.465828815357437,1.0604803366094036,2
3638,5.37293986271854,6.465828815357437,1.092888952638897,10
3639,5.255589704681895,6.465828815357437,1.2102391106755421,5
3640,5.38844888974518,6.465828815357437,1.0773799256122567,9
3641,5.411469055521932,6.465828815357437,1.0543597598355046,8
3642,5.588068778827775,6.465828815357437,0.8777600365296614,4
3643,5.54373361488366,6.465828815357437,0.9220952004737768,1
3644,5.264938582095172,6.465828815357437,1.2008902332622649,3
3645,5.376599207052439,6.5910646070265,1.2144653999740616,4
3646,5.602008919182063,6.5910646070265,0.9890556878444379,5
3647,5.482735358004696,6.5910646070265,1.1083292490218044,10
3648,5.623521025167783,6.5910646070265,0.9675435818587177,1
3649,5.386177496193185,6.5910646070265,1.2048871108333152,2
3650,5.713329444070446,6.5910646070265,0.8777351629560544,6
3651,5.599123351112049,6.5910646070265,0.9919412559144511,8
3652,5.3354992058597865,6.5910646070265,1.255565401166714,9
3653,5.673225362755828,6.5910646070265,0.9178392442706729,7
3654,6.230105429237465,6.919078092376074,0.6889726631386086,2
3655,6.207479403786772,6.919078092376074,0.7115986885893015,5
3656,6.172429440095288,6.919078092376074,0.7466486522807854,6
3657,6.199586617633283,6.919078092376074,0.7194914747427905,4
3658,6.406018490096448,6.919078092376074,0.5130596022796254,8
3659,6.168084526428898,6.919078092376074,0.7509935659471756,7
3660,6.214555972168441,6.919078092376074,0.704522120207633,3
3661,6.164316921424941,6.919078092376074,0.7547611709511326,1
3662,6.1393961381536455,6.919078092376074,0.7796819542224283,9
3663,5.86314000739186,6.301029995663981,0.4378899882721212,1
3664,5.9220836221416695,6.301029995663981,0.37894637352231175,10
3665,5.892027580624975,6.301029995663981,0.4090024150390059,2
3666,5.863457572427997,6.301029995663981,0.43757242323598433,3
3667,5.849194768291349,6.301029995663981,0.4518352273726318,9
3668,5.8839756590193595,6.301029995663981,0.41705433664462177,6
3669,5.866610267671051,6.301029995663981,0.43441972799293005,4
3670,5.904842684464535,6.301029995663981,0.39618731119944606,7
3671,5.795363038918813,6.301029995663981,0.5056669567451682,5
3672,6.187775112674447,6.380211241711606,0.19243612903715945,8
3673,6.252827859069065,6.380211241711606,0.12738338264254168,5
3674,6.169447083310374,6.380211241711606,0.21076415840123275,4
3675,6.2670452921708515,6.380211241711606,0.11316594954075487,3
3676,6.235298029504327,6.380211241711606,0.14491321220727915,9
3677,6.220367281692574,6.380211241711606,0.15984396001903267,2
3678,6.237685749089467,6.380211241711606,0.14252549262213954,10
3679,6.171062238309029,6.380211241711606,0.2091490034025778,6
3680,6.226676271950534,6.380211241711606,0.15353496976107195,7
3681,6.036263051905331,6.204119982655925,0.16785693075059438,10
3682,6.054151411429928,6.204119982655925,0.1499685712259966,1
3683,5.969924455493988,6.204119982655925,0.23419552716193692,8
3684,6.073762619606321,6.204119982655925,0.13035736304960377,7
3685,6.049071359402523,6.204119982655925,0.15504862325340163,6
3686,6.0092358296467525,6.204119982655925,0.1948841530091725,3
3687,6.143522863967287,6.204119982655925,0.06059711868863804,4
3688,6.045327759067525,6.204119982655925,0.15879222358840028,9
3689,6.017818642115424,6.204119982655925,0.18630134054050096,2
3690,5.988151417257561,6.301029995663981,0.3128785784064201,10
3691,6.069833647742931,6.301029995663981,0.23119634792104993,2
3692,5.955599812144642,6.301029995663981,0.34543018351933963,8
3693,5.974387422775849,6.301029995663981,0.32664257288813214,6
3694,5.990371388914379,6.301029995663981,0.31065860674960266,1
3695,6.013980103244983,6.301029995663981,0.2870498924189979,9
3696,5.993701605286157,6.301029995663981,0.30732839037782433,3
3697,5.973970383710652,6.301029995663981,0.3270596119533291,5
3698,6.030202354699343,6.301029995663981,0.2708276409646384,7
3699,5.838393182804691,6.073105874968971,0.2347126921642797,10
3700,5.826563100894557,6.073105874968971,0.24654277407441416,3
3701,5.83386057977577,6.073105874968971,0.23924529519320092,8
3702,5.853912486781664,6.073105874968971,0.21919338818730694,5
3703,5.771798049146554,6.073105874968971,0.3013078258224171,9
3704,5.896052223073708,6.073105874968971,0.177053651895263,2
3705,5.852626543689806,6.073105874968971,0.22047933127916508,6
3706,5.84344071914194,6.073105874968971,0.22966515582703106,7
3707,6.020103250061604,6.073105874968971,0.05300262490736696,4
3708,5.755101089626035,6.2552725051033065,0.5001714154772712,9
3709,5.803128094240964,6.2552725051033065,0.452144410862342,1
3710,5.877653537173311,6.2552725051033065,0.3776189679299957,8
3711,5.862205071761106,6.2552725051033065,0.3930674333422006,10
3712,5.954717642225152,6.2552725051033065,0.3005548628781547,4
3713,5.820967515173763,6.2552725051033065,0.4343049899295437,5
3714,5.907535920840575,6.2552725051033065,0.3477365842627318,6
3715,5.983550013967288,6.2552725051033065,0.27172249113601854,3
3716,5.822187033702081,6.2552725051033065,0.4330854714012258,2
3717,5.913443732003578,6.32221929473392,0.40877556273034266,7
3718,6.081694918568769,6.32221929473392,0.2405243761651512,4
3719,5.943297402366236,6.32221929473392,0.3789218923676847,6
3720,5.952909714421276,6.32221929473392,0.3693095803126445,8
3721,5.916516583588765,6.32221929473392,0.405702711145155,9
3722,5.960511374525221,6.32221929473392,0.36170792020869946,3
3723,5.982539095588567,6.32221929473392,0.3396801991453531,10
3724,5.972354768794929,6.32221929473392,0.3498645259389912,1
3725,5.96388720014105,6.32221929473392,0.3583320945928703,5
3726,5.866463156215363,5.866287339084195,-0.00017581713116765485,3
3727,5.8588410844475245,5.866287339084195,0.007446254636670702,7
3728,5.812768157401083,5.866287339084195,0.05351918168311176,10
3729,5.821128966039036,5.866287339084195,0.04515837304515902,5
3730,5.802743723511001,5.866287339084195,0.06354361557319432,6
3731,5.817676703375502,5.866287339084195,0.04861063570869284,8
3732,5.905121913987526,5.866287339084195,-0.038834574903330754,2
3733,5.898108087752759,5.866287339084195,-0.031820748668564214,9
3734,5.8841031385079186,5.866287339084195,-0.017815799423723355,4
3735,5.976669913688435,6.318063334962762,0.3413934212743266,8
3736,6.019393831833293,6.318063334962762,0.29866950312946905,2
3737,5.9946013077601625,6.318063334962762,0.3234620272025994,3
3738,6.061418958165504,6.318063334962762,0.25664437679725793,9
3739,5.990409505663018,6.318063334962762,0.3276538292997442,6
3740,6.110256834174056,6.318063334962762,0.20780650078870622,4
3741,6.026143486024239,6.318063334962762,0.2919198489385231,5
3742,5.9894197370365285,6.318063334962762,0.32864359792623343,7
3743,5.820481847930873,6.318063334962762,0.49758148703188887,10
3744,6.061418958165504,6.368100851709351,0.3066818935438471,9
3745,5.9894197370365285,6.368100851709351,0.3786811146728226,7
3746,5.9946013077601625,6.368100851709351,0.3734995439491886,3
3747,5.976669913688435,6.368100851709351,0.3914309380209158,8
3748,5.990409505663018,6.368100851709351,0.37769134604633336,6
3749,6.110256834174056,6.368100851709351,0.2578440175352954,4
3750,5.820481847930873,6.368100851709351,0.547619003778478,10
3751,6.019393831833293,6.368100851709351,0.34870701987605823,2
3752,6.026143486024239,6.368100851709351,0.34195736568511226,5
3753,5.981692813367124,6.378397900948138,0.3967050875810143,6
3754,5.9917338021633,6.378397900948138,0.38666409878483776,9
3755,5.941947732081334,6.378397900948138,0.4364501688668039,10
3756,6.002457481547773,6.378397900948138,0.37594041940036504,2
3757,5.984018701581151,6.378397900948138,0.39437919936698673,1
3758,5.992491458372796,6.378397900948138,0.385906442575342,5
3759,5.9737943234501785,6.378397900948138,0.4046035774979595,8
3760,6.03222899540789,6.378397900948138,0.3461689055402477,3
3761,5.999367900743428,6.378397900948138,0.3790300002047102,4
3762,5.862682844126846,6.326130956710794,0.463448112583948,1
3763,5.774692189675051,6.326130956710794,0.5514387670357435,5
3764,5.966960741331444,6.326130956710794,0.35917021537935057,7
3765,5.753250650576945,6.326130956710794,0.5728803061338494,3
3766,5.8508036391375775,6.326130956710794,0.47532731757321667,9
3767,5.713564721960001,6.326130956710794,0.6125662347507932,6
3768,5.90375186545867,6.326130956710794,0.42237909125212436,4
3769,5.846069069734985,6.326130956710794,0.4800618869758093,2
3770,5.766580577006874,6.326130956710794,0.5595503797039205,8
3771,5.472667598243094,4.354108439147401,-1.1185591590956925,3
3772,5.491006695024805,4.354108439147401,-1.1368982558774041,6
3773,5.5567527219711375,4.354108439147401,-1.2026442828237363,9
3774,5.356706859339143,4.354108439147401,-1.0025984201917417,8
3775,5.555828044705663,4.354108439147401,-1.201719605558262,5
3776,5.574250664510512,4.354108439147401,-1.2201422253631105,1
3777,5.451899630963916,4.354108439147401,-1.0977911918165146,2
3778,5.516115125054848,4.354108439147401,-1.1620066859074472,7
3779,5.360444122272985,4.354108439147401,-1.0063356831255836,10
3780,6.152782227582262,6.396722278503773,0.24394005092151172,5
3781,6.095861838591162,6.396722278503773,0.30086043991261135,10
3782,6.136173291609215,6.396722278503773,0.2605489868945581,9
3783,6.138950040867338,6.396722278503773,0.2577722376364351,4
3784,6.14659370571248,6.396722278503773,0.25012857279129364,7
3785,6.152246727267149,6.396722278503773,0.2444755512366248,6
3786,6.144739941743428,6.396722278503773,0.25198233676034576,8
3787,6.070524149899125,6.396722278503773,0.3261981286046485,3
3788,6.134518952114917,6.396722278503773,0.2622033263888568,1
3789,5.875385755883639,5.619093330626742,-0.25629242525689655,8
3790,5.858138083099321,5.619093330626742,-0.23904475247257828,7
3791,5.879752450364858,5.619093330626742,-0.26065911973811584,2
3792,5.904646165093143,5.619093330626742,-0.2855528344664009,3
3793,5.83110661711705,5.619093330626742,-0.2120132864903077,5
3794,5.903170218270324,5.619093330626742,-0.2840768876435815,4
3795,5.835507730975159,5.619093330626742,-0.21641440034841697,10
3796,5.847117942782657,5.619093330626742,-0.22802461215591485,9
3797,5.8596262703915905,5.619093330626742,-0.24053293976484813,1
3798,4.476943997877639,3.6989700043360174,-0.7779739935416212,8
3799,4.178826488786856,3.6989700043360174,-0.47985648445083884,3
3800,4.295702208272449,3.6989700043360174,-0.596732203936432,5
3801,4.384154524544014,3.6989700043360174,-0.6851845202079967,4
3802,4.418164826701952,3.6989700043360174,-0.7191948223659348,6
3803,4.449101951759227,3.6989700043360174,-0.7501319474232093,7
3804,4.48206800222182,3.6989700043360174,-0.7830979978858026,9
3805,4.53650004100692,3.6989700043360174,-0.8375300366709024,2
3806,4.313535654630555,3.6989700043360174,-0.6145656502945376,10
3807,5.850698018880576,5.766784515497859,-0.08391350338271675,7
3808,5.831801292952055,5.766784515497859,-0.0650167774541961,5
3809,5.814515128999291,5.766784515497859,-0.04773061350143237,10
3810,5.859086059399968,5.766784515497859,-0.0923015439021091,3
3811,5.926065738589941,5.766784515497859,-0.1592812230920817,2
3812,5.849765265370341,5.766784515497859,-0.08298074987248238,8
3813,5.818611315957797,5.766784515497859,-0.051826800459937594,6
3814,5.7345795624970375,5.766784515497859,0.03220495300082149,9
3815,5.794755300647652,5.766784515497859,-0.02797078514979301,1
3816,6.26303939382562,6.474755154291798,0.2117157604661779,1
3817,6.152715628436842,6.474755154291798,0.3220395258549562,10
3818,6.043671669506328,6.474755154291798,0.43108348478546965,4
3819,6.209462593390279,6.474755154291798,0.26529256090151865,8
3820,6.228727256837336,6.474755154291798,0.24602789745446163,6
3821,6.26632052207233,6.474755154291798,0.20843463221946834,9
3822,6.2118545464341,6.474755154291798,0.26290060785769764,3
3823,6.228817161502059,6.474755154291798,0.24593799278973894,2
3824,6.200978449235275,6.474755154291798,0.2737767050565232,7
3825,5.6797469918493535,5.643452676486188,-0.03629431536316563,7
3826,5.733326310936238,5.643452676486188,-0.0898736344500497,8
3827,5.640188652226445,5.643452676486188,0.003264024259743259,4
3828,5.737859547384862,5.643452676486188,-0.09440687089867428,3
3829,5.693643437852291,5.643452676486188,-0.05019076136610323,10
3830,5.721823295561972,5.643452676486188,-0.07837061907578402,9
3831,5.725400941402946,5.643452676486188,-0.08194826491675844,6
3832,5.727446580823084,5.643452676486188,-0.08399390433689646,5
3833,5.610820184727309,5.643452676486188,0.0326324917588785,2
3834,6.000558453799394,6.453318340047038,0.45275988624764363,8
3835,6.035317156427888,6.453318340047038,0.4180011836191504,6
3836,5.997207123608989,6.453318340047038,0.45611121643804875,3
3837,6.003846362218302,6.453318340047038,0.44947197782873616,10
3838,6.11666591251119,6.453318340047038,0.33665242753584756,5
3839,6.108624051224056,6.453318340047038,0.34469428882298203,9
3840,5.9374989799896785,6.453318340047038,0.5158193600573595,4
3841,6.0336007765869395,6.453318340047038,0.4197175634600985,1
3842,6.088370309784978,6.453318340047038,0.3649480302620596,7
3843,5.724535961838149,4.764176132390331,-0.9603598294478184,9
3844,5.686003790962229,4.764176132390331,-0.9218276585718987,1
3845,5.694679228523769,4.764176132390331,-0.930503096133438,3
3846,5.7025546475126285,4.764176132390331,-0.9383785151222979,5
3847,5.665778351544811,4.764176132390331,-0.9016022191544799,7
3848,5.623971117675027,4.764176132390331,-0.8597949852846964,4
3849,5.679467625507768,4.764176132390331,-0.9152914931174374,6
3850,5.676524019403018,4.764176132390331,-0.9123478870126878,10
3851,5.621909567693925,4.764176132390331,-0.8577334353035946,8
3852,6.003371731930262,6.227115082589125,0.22374335065886353,7
3853,5.9561016690733934,6.227115082589125,0.2710134135157318,9
3854,5.961544662679696,6.227115082589125,0.2655704199094293,1
3855,5.959302736303818,6.227115082589125,0.26781234628530726,10
3856,5.871443934267427,6.227115082589125,0.3556711483216981,6
3857,5.9571750873287606,6.227115082589125,0.2699399952603647,8
3858,5.95702049264117,6.227115082589125,0.27009458994795565,3
3859,5.964827932950646,6.227115082589125,0.2622871496384791,5
3860,6.01524572267886,6.227115082589125,0.21186935991026523,2
3861,5.664186952498571,6.039255443806487,0.37506849130791675,5
3862,5.659586278206526,6.039255443806487,0.3796691655999611,7
3863,5.668188955427945,6.039255443806487,0.37106648837854195,4
3864,5.7133730270125955,6.039255443806487,0.32588241679389185,8
3865,5.726142743266662,6.039255443806487,0.31311270053982554,6
3866,5.970380353125945,6.039255443806487,0.06887509068054243,1
3867,5.694449241143734,6.039255443806487,0.3448062026627534,9
3868,5.706710353584436,6.039255443806487,0.3325450902220517,10
3869,5.728457522027536,6.039255443806487,0.31079792177895094,3
3870,5.70766352222489,6.079181246047625,0.37151772382273496,2
3871,5.83734802702363,6.079181246047625,0.24183321902399513,7
3872,5.735532367027364,6.079181246047625,0.343648879020261,6
3873,5.706917720580548,6.079181246047625,0.3722635254670772,9
3874,5.823769341005669,6.079181246047625,0.25541190504195654,1
3875,5.741357152537155,6.079181246047625,0.33782409351046994,8
3876,5.78986256534688,6.079181246047625,0.2893186807007453,5
3877,5.787900692143573,6.079181246047625,0.29128055390405194,10
3878,5.888559507239234,6.079181246047625,0.1906217388083915,3
3879,6.099729897613462,6.387211800313731,0.28748190270026885,6
3880,6.136711880432101,6.387211800313731,0.25049991988163,4
3881,6.104291573924781,6.387211800313731,0.2829202263889492,9
3882,6.14187851036518,6.387211800313731,0.24533328994855097,5
3883,6.10029399487202,6.387211800313731,0.2869178054417105,7
3884,6.190336504507757,6.387211800313731,0.19687529580597385,1
3885,6.071575932480012,6.387211800313731,0.315635867833719,10
3886,6.093050626960452,6.387211800313731,0.2941611733532783,2
3887,6.11502571839669,6.387211800313731,0.27218608191704075,3
3888,5.754263905412583,5.575072325713813,-0.1791915796987702,3
3889,5.782714765680389,5.575072325713813,-0.20764243996657594,8
3890,5.70978973893967,5.575072325713813,-0.13471741322585729,10
3891,5.767608336650713,5.575072325713813,-0.19253601093689987,2
3892,5.74926458882531,5.575072325713813,-0.1741922631114976,4
3893,5.709132696009776,5.575072325713813,-0.13406037029596352,9
3894,5.732830654447619,5.575072325713813,-0.1577583287338058,5
3895,5.809567222457016,5.575072325713813,-0.234494896743203,7
3896,5.728781937213921,5.575072325713813,-0.15370961150010842,6
3897,5.717333204728573,6.539076098792776,0.8217428940642035,7
3898,5.695370291255258,6.539076098792776,0.8437058075375186,4
3899,5.742609725204693,6.539076098792776,0.7964663735880837,9
3900,5.948269652467862,6.539076098792776,0.5908064463249145,8
3901,5.674597936433014,6.539076098792776,0.8644781623597622,6
3902,5.7328797708047,6.539076098792776,0.8061963279880766,5
3903,5.667498966086796,6.539076098792776,0.8715771327059807,3
3904,5.744181754207943,6.539076098792776,0.7948943445848329,2
3905,5.709295037257338,6.539076098792776,0.8297810615354386,10
3906,5.780530764334829,6.008600171761918,0.22806940742708903,3
3907,5.7768709158743485,6.008600171761918,0.23172925588756943,8
3908,5.80960942936567,6.008600171761918,0.1989907423962478,2
3909,5.695581470474516,6.008600171761918,0.31301870128740195,10
3910,5.909605044056745,6.008600171761918,0.09899512770517305,9
3911,5.739448234085033,6.008600171761918,0.2691519376768854,4
3912,5.743133807791491,6.008600171761918,0.2654663639704271,1
3913,5.778040393171847,6.008600171761918,0.23055977859007104,5
3914,5.84773492808042,6.008600171761918,0.16086524368149835,7
3915,6.091233588057029,6.113943352306837,0.022709764249808195,10
3916,6.0532513609357945,6.113943352306837,0.06069199137104242,8
3917,6.104060028172285,6.113943352306837,0.009883324134551508,7
3918,5.9908161136716425,6.113943352306837,0.12312723863519448,1
3919,6.091767437244649,6.113943352306837,0.022175915062187634,3
3920,6.114906896489871,6.113943352306837,-0.0009635441830342373,2
3921,6.2548747644604195,6.113943352306837,-0.1409314121535825,9
3922,6.006394198343423,6.113943352306837,0.10754915396341413,5
3923,6.053549637895927,6.113943352306837,0.06039371441091035,6
3924,6.279365787489362,6.222456336679247,-0.05690945081011467,2
3925,6.24864457237898,6.222456336679247,-0.026188235699732942,9
3926,6.24968757637825,6.222456336679247,-0.02723123969900243,10
3927,6.214866423133821,6.222456336679247,0.007589913545426263,1
3928,6.19406288114888,6.222456336679247,0.02839345553036754,7
3929,6.224441889688873,6.222456336679247,-0.0019855530096259955,4
3930,6.236921995240742,6.222456336679247,-0.014465658561494621,8
3931,6.278838720806419,6.222456336679247,-0.056382384127172,3
3932,6.190203671363434,6.222456336679247,0.03225266531581372,5
3933,6.014655747900863,5.276461804173244,-0.7381939437276195,10
3934,6.028870401712737,5.276461804173244,-0.7524085975394934,6
3935,6.123604208651128,5.276461804173244,-0.8471424044778839,3
3936,6.005707963966495,5.276461804173244,-0.7292461597932514,5
3937,6.080468106523293,5.276461804173244,-0.8040063023500492,4
3938,6.029217660161611,5.276461804173244,-0.7527558559883669,7
3939,6.090107461745131,5.276461804173244,-0.8136456575718869,2
3940,6.064486473072869,5.276461804173244,-0.7880246688996255,8
3941,5.974575742344258,5.276461804173244,-0.698113938171014,1
3942,6.328319961333955,6.301029995663981,-0.02728996566997388,9
3943,6.1873849336789,6.301029995663981,0.11364506198508106,8
3944,6.173491877784794,6.301029995663981,0.12753811787918767,10
3945,6.144924385366553,6.301029995663981,0.15610561029742787,6
3946,6.196446776465119,6.301029995663981,0.10458321919886249,2
3947,6.205879225521191,6.301029995663981,0.09515077014278983,7
3948,6.172419848315358,6.301029995663981,0.1286101473486232,3
3949,6.172264554456465,6.301029995663981,0.12876544120751632,4
3950,6.15806270698523,6.301029995663981,0.14296728867875164,5
3951,5.827488051434656,5.275103949569196,-0.55238410186546,10
3952,5.828142898251551,5.275103949569196,-0.5530389486823548,6
3953,5.847043631282281,5.275103949569196,-0.5719396817130846,3
3954,5.82131740471079,5.275103949569196,-0.5462134551415936,5
3955,5.806540597165982,5.275103949569196,-0.5314366475967853,7
3956,5.882369104888828,5.275103949569196,-0.6072651553196318,8
3957,5.787615706874474,5.275103949569196,-0.512511757305278,1
3958,5.834340029915184,5.275103949569196,-0.5592360803459879,4
3959,6.188827316050081,5.275103949569196,-0.9137233664808848,9
3960,6.405921780509993,6.884795363948981,0.4788735834389879,8
3961,6.263485871063649,6.884795363948981,0.6213094928853318,10
3962,6.155593218060137,6.884795363948981,0.729202145888844,1
3963,6.217600797177187,6.884795363948981,0.6671945667717933,4
3964,6.2087177295155405,6.884795363948981,0.6760776344334403,2
3965,6.280439178779581,6.884795363948981,0.6043561851693999,6
3966,6.309799787643528,6.884795363948981,0.5749955763054526,9
3967,6.3334601125238255,6.884795363948981,0.5513352514251553,7
3968,6.121301609473991,6.884795363948981,0.7634937544749896,3
3969,6.728702638191276,6.849419413796899,0.1207167756056231,3
3970,6.694856250582505,6.849419413796899,0.15456316321439445,6
3971,6.591846606534283,6.849419413796899,0.25757280726261644,4
3972,6.730203117930304,6.849419413796899,0.11921629586659499,5
3973,6.733114786564678,6.849419413796899,0.11630462723222124,1
3974,6.638911729590021,6.849419413796899,0.2105076842068785,7
3975,6.769856181756564,6.849419413796899,0.07956323204033477,2
3976,6.648132800424761,6.849419413796899,0.2012866133721385,8
3977,6.701304655476743,6.849419413796899,0.14811475832015653,10
3978,6.603335303241394,6.7979596437371965,0.19462434049580235,9
3979,6.507187112127428,6.7979596437371965,0.29077253160976824,8
3980,6.5638774706704535,6.7979596437371965,0.23408217306674306,10
3981,6.609817354679183,6.7979596437371965,0.1881422890580131,6
3982,6.606911434426651,6.7979596437371965,0.19104820931054523,2
3983,6.5887732454914705,6.7979596437371965,0.20918639824572605,3
3984,6.559100723012258,6.7979596437371965,0.23885892072493853,7
3985,6.634742858585277,6.7979596437371965,0.16321678515191973,1
3986,6.554603110701952,6.7979596437371965,0.24335653303524474,4
3987,6.647642281242359,7.505149978319906,0.8575076970775477,1
3988,6.642680696279588,7.505149978319906,0.8624692820403181,2
3989,6.6157097681278305,7.505149978319906,0.8894402101920758,4
3990,6.618607589171338,7.505149978319906,0.886542389148568,10
3991,6.622450182684134,7.505149978319906,0.882699795635772,5
3992,6.60912459480047,7.505149978319906,0.8960253835194365,6
3993,6.650760290241379,7.505149978319906,0.8543896880785269,3
3994,6.60211572085584,7.505149978319906,0.903034257464066,9
3995,6.633230852898589,7.505149978319906,0.871919125421317,7
3996,6.377887605040332,6.517723594833735,0.1398359897934034,3
3997,6.390618900861705,6.517723594833735,0.12710469397203017,1
3998,6.362048776757251,6.517723594833735,0.1556748180764842,9
3999,6.399721760899546,6.517723594833735,0.11800183393418973,5
4000,6.422325018359172,6.517723594833735,0.09539857647456351,6
4001,6.40291179054347,6.517723594833735,0.11481180429026505,10
4002,6.433458603539006,6.517723594833735,0.08426499129472909,2
4003,6.410127653069372,6.517723594833735,0.10759594176436327,8
4004,6.352033485570446,6.517723594833735,0.16569010926328964,4
4005,6.389965243197606,6.6349808000512285,0.2450155568536223,8
4006,6.4066135701265985,6.6349808000512285,0.22836722992463,10
4007,6.377799149105716,6.6349808000512285,0.2571816509455127,9
4008,6.353135294131131,6.6349808000512285,0.2818455059200975,7
4009,6.412500576251235,6.6349808000512285,0.22248022379999366,4
4010,6.4054238622359545,6.6349808000512285,0.22955693781527398,5
4011,6.394262594870055,6.6349808000512285,0.2407182051811736,3
4012,6.3658775020674225,6.6349808000512285,0.26910329798380594,1
4013,6.399684717187152,6.6349808000512285,0.23529608286407644,2
4014,6.399711469350928,6.6452748593294935,0.24556338997856564,5
4015,6.491508414158803,6.6452748593294935,0.1537664451706906,1
4016,6.366794319763029,6.6452748593294935,0.27848053956646446,7
4017,6.4227942328340255,6.6452748593294935,0.22248062649546796,4
4018,6.438639636083397,6.6452748593294935,0.20663522324609662,3
4019,6.406316635215017,6.6452748593294935,0.23895822411447654,9
4020,6.4422368323013615,6.6452748593294935,0.203038027028132,10
4021,6.365534194479238,6.6452748593294935,0.27974066485025517,2
4022,6.432583952156193,6.6452748593294935,0.2126909071733003,8
4023,5.408661207756007,6.270678836144707,0.8620176283887,9
4024,5.369900113485315,6.270678836144707,0.9007787226593917,5
4025,5.291778850234588,6.270678836144707,0.9788999859101182,3
4026,5.302681217528655,6.270678836144707,0.9679976186160513,6
4027,5.2408236827341925,6.270678836144707,1.029855153410514,7
4028,5.183389384215743,6.270678836144707,1.0872894519289638,10
4029,5.296822344635874,6.270678836144707,0.9738564915088324,1
4030,5.377309827354149,6.270678836144707,0.8933690087905575,2
4031,5.485318004827679,6.270678836144707,0.7853608313170275,8
4032,6.409036277952457,6.024895960107485,-0.38414031784497205,10
4033,6.269994430761849,6.024895960107485,-0.24509847065436396,4
4034,6.421316073267705,6.024895960107485,-0.39642011316021986,9
4035,6.388898282353182,6.024895960107485,-0.36400232224569695,7
4036,6.400443163101317,6.024895960107485,-0.3755472029938316,3
4037,6.432756839557665,6.024895960107485,-0.4078608794501797,8
4038,6.411804312766179,6.024895960107485,-0.3869083526586943,5
4039,6.411207409697333,6.024895960107485,-0.3863114495898481,1
4040,6.432493040546936,6.024895960107485,-0.40759708043945064,2
4041,6.422963339575538,7.385606273598312,0.9626429340227745,9
4042,6.459412655424882,7.385606273598312,0.9261936181734303,10
4043,6.453949174139682,7.385606273598312,0.9316570994586302,1
4044,6.435460615699357,7.385606273598312,0.9501456578989549,3
4045,6.419773154906943,7.385606273598312,0.9658331186913696,6
4046,6.446370352390165,7.385606273598312,0.9392359212081471,8
4047,6.455376500857394,7.385606273598312,0.9302297727409181,4
4048,6.46309126903248,7.385606273598312,0.9225150045658319,5
4049,6.437629373618659,7.385606273598312,0.9479768999796532,2
4050,6.554603110701952,6.284453294010853,-0.2701498166910987,4
4051,6.609817354679183,6.284453294010853,-0.32536406066833035,6
4052,6.606911434426651,6.284453294010853,-0.32245814041579823,2
4053,6.559100723012258,6.284453294010853,-0.27464742900140493,7
4054,6.603335303241394,6.284453294010853,-0.3188820092305411,9
4055,6.5887732454914705,6.284453294010853,-0.3043199514806174,3
4056,6.531588752258524,6.284453294010853,-0.24713545824767102,5
4057,6.5638774706704535,6.284453294010853,-0.2794241766596004,10
4058,6.507187112127428,6.284453294010853,-0.22273381811657522,8
4059,6.45312362413323,6.501059262217751,0.04793563808452106,5
4060,6.42995918171129,6.501059262217751,0.07110008050646144,7
4061,6.445836770861333,6.501059262217751,0.055222491356418324,3
4062,6.486366194790799,6.501059262217751,0.014693067426952311,6
4063,6.477806960832649,6.501059262217751,0.023252301385102037,8
4064,6.454917456251534,6.501059262217751,0.046141805966216864,9
4065,6.388603239999882,6.501059262217751,0.11245602221786921,4
4066,6.468672979654787,6.501059262217751,0.03238628256296394,1
4067,6.455384870199912,6.501059262217751,0.045674392017839516,10
4068,6.175629120687293,6.501059262217751,0.32543014153045835,7
4069,6.151519262580889,6.501059262217751,0.3495399996368622,2
4070,6.205323468784104,6.501059262217751,0.2957357934336473,1
4071,6.211843722535928,6.501059262217751,0.28921553968182323,5
4072,6.269299989357469,6.501059262217751,0.2317592728602822,4
4073,6.207801974090453,6.501059262217751,0.29325728812729857,8
4074,6.251224377519723,6.501059262217751,0.2498348846980285,6
4075,6.311709585221573,6.501059262217751,0.18934967699617822,10
4076,6.073626085654665,6.501059262217751,0.42743317656308655,3
4077,6.366794319763029,6.7160033436348,0.34920902387177133,7
4078,6.406316635215017,6.7160033436348,0.3096867084197834,9
4079,6.432583952156193,6.7160033436348,0.2834193914786072,8
4080,6.4422368323013615,6.7160033436348,0.2737665113334389,10
4081,6.491508414158803,6.7160033436348,0.22449492947599747,1
4082,6.399711469350928,6.7160033436348,0.3162918742838725,5
4083,6.438639636083397,6.7160033436348,0.2773637075514035,3
4084,6.4227942328340255,6.7160033436348,0.29320911080077483,4
4085,6.457203616702613,6.7160033436348,0.2587997269321871,6
4086,6.314781929089054,6.3979400086720375,0.08315807958298382,10
4087,6.385288111235214,6.3979400086720375,0.01265189743682349,3
4088,6.348566654983585,6.3979400086720375,0.04937335368845286,5
4089,6.374302562626285,6.3979400086720375,0.02363744604575224,9
4090,6.304539367258589,6.3979400086720375,0.0934006414134485,4
4091,6.368562917419312,6.3979400086720375,0.029377091252725585,8
4092,6.3404320421930915,6.3979400086720375,0.05750796647894596,1
4093,6.313898434763905,6.3979400086720375,0.0840415739081326,2
4094,6.310524962492648,6.3979400086720375,0.08741504617938922,6
4095,6.113606496440962,6.2716557723522754,0.15804927591131346,4
4096,6.179278151389738,6.2716557723522754,0.09237762096253732,8
4097,6.168954977426534,6.2716557723522754,0.10270079492574169,7
4098,6.16563696193734,6.2716557723522754,0.10601881041493577,2
4099,6.144928707737094,6.2716557723522754,0.12672706461518146,9
4100,6.165444054993244,6.2716557723522754,0.10621171735903179,5
4101,6.148109400352759,6.2716557723522754,0.12354637199951668,6
4102,6.154688848683764,6.2716557723522754,0.11696692366851114,3
4103,6.192178549352928,6.2716557723522754,0.07947722299934767,1
4104,6.066196304785405,6.269512944217916,0.20331663943251144,6
4105,6.061492144029005,6.269512944217916,0.208020800188911,5
4106,6.0233212081819865,6.269512944217916,0.2461917360359296,3
4107,6.126222227957848,6.269512944217916,0.14329071626006762,2
4108,6.082603142088495,6.269512944217916,0.18690980212942065,10
4109,6.133454323892638,6.269512944217916,0.1360586203252785,1
4110,6.07573482119835,6.269512944217916,0.1937781230195661,8
4111,6.086490752328892,6.269512944217916,0.18302219188902402,9
4112,6.128499124060699,6.269512944217916,0.14101382015721686,4
4113,6.227746953816061,6.32221929473392,0.09447234091785983,9
4114,6.232087868750732,6.32221929473392,0.09013142598318868,2
4115,6.299188417654381,6.32221929473392,0.023030877079539103,8
4116,6.255302791273896,6.32221929473392,0.06691650346002476,3
4117,6.3040039773322585,6.32221929473392,0.018215317401661935,7
4118,6.320590754167864,6.32221929473392,0.0016285405660561025,5
4119,6.227846891901111,6.32221929473392,0.09437240283280968,1
4120,6.297145346037483,6.32221929473392,0.025073948696437753,4
4121,6.251994656719764,6.32221929473392,0.07022463801415668,10
4122,6.078466357419368,5.337459261290656,-0.7410070961287119,9
4123,6.079327481018897,5.337459261290656,-0.7418682197282411,6
4124,6.114750130001243,5.337459261290656,-0.7772908687105868,8
4125,6.142833242248646,5.337459261290656,-0.8053739809579898,2
4126,6.0699175095512405,5.337459261290656,-0.7324582482605848,10
4127,6.12454127927313,5.337459261290656,-0.787082017982474,5
4128,6.116611447377508,5.337459261290656,-0.7791521860868524,1
4129,6.1026703291362,5.337459261290656,-0.7652110678455442,3
4130,6.079413245574173,5.337459261290656,-0.7419539842835174,7
4131,6.4801559356158505,6.755874855672492,0.2757189200566419,9
4132,6.4775967198093305,6.755874855672492,0.27827813586316186,1
4133,6.389000010941276,6.755874855672492,0.3668748447312167,7
4134,6.498995088732092,6.755874855672492,0.2568797669404006,4
4135,6.453408265859435,6.755874855672492,0.30246658981305696,3
4136,6.462065415783381,6.755874855672492,0.29380943988911135,6
4137,6.455045091828729,6.755874855672492,0.3008297638437636,5
4138,6.397045622830115,6.755874855672492,0.35882923284237744,2
4139,6.460489967689952,6.755874855672492,0.29538488798254026,8
4140,6.4775967198093305,6.596047007545439,0.11845028773610888,1
4141,6.4801559356158505,6.596047007545439,0.11589107192958892,9
4142,6.498995088732092,6.596047007545439,0.09705191881334763,4
4143,6.397045622830115,6.596047007545439,0.19900138471532447,2
4144,6.3515886686083105,6.596047007545439,0.24445833893712887,10
4145,6.453408265859435,6.596047007545439,0.142638741686004,3
4146,6.455045091828729,6.596047007545439,0.1410019157167106,5
4147,6.460489967689952,6.596047007545439,0.13555703985548728,8
4148,6.462065415783381,6.596047007545439,0.13398159176205837,6
4149,6.200301982542224,6.372912002970106,0.1726100204278822,5
4150,6.167573356792838,6.372912002970106,0.20533864617726838,10
4151,6.194872958885363,6.372912002970106,0.17803904408474303,3
4152,6.194687586918161,6.372912002970106,0.17822441605194506,8
4153,6.1691410328344105,6.372912002970106,0.20377097013569578,7
4154,6.15751197195728,6.372912002970106,0.2154000310128259,6
4155,6.179567385236671,6.372912002970106,0.1933446177334357,9
4156,6.258719258279547,6.372912002970106,0.11419274469055907,1
4157,6.193882687168264,6.372912002970106,0.17902931580184234,2
4158,5.947732928097905,4.484299839346786,-1.4634330887511195,4
4159,5.995050915788172,4.484299839346786,-1.5107510764413865,5
4160,5.962524456345838,4.484299839346786,-1.4782246169990518,3
4161,5.948280477698339,4.484299839346786,-1.4639806383515532,2
4162,5.878820810439565,4.484299839346786,-1.3945209710927795,10
4163,5.941000112871538,4.484299839346786,-1.4567002735247518,9
4164,6.012157349409922,4.484299839346786,-1.5278575100631357,8
4165,5.953768989671242,4.484299839346786,-1.4694691503244561,7
4166,5.960513507741535,4.484299839346786,-1.4762136683947489,6
4167,6.194850884691368,6.227886704613674,0.033035819922305976,8
4168,6.152138391682226,6.227886704613674,0.07574831293144779,4
4169,6.138464346467886,6.227886704613674,0.08942235814578758,10
4170,6.1450581028100855,6.227886704613674,0.08282860180358842,7
4171,6.216820320811051,6.227886704613674,0.011066383802623037,2
4172,6.225508798148814,6.227886704613674,0.0023779064648596915,1
4173,6.180205415499802,6.227886704613674,0.04768128911387226,6
4174,6.1541639681683655,6.227886704613674,0.07372273644530836,3
4175,6.205553361979379,6.227886704613674,0.022333342634294873,5
4176,5.8138914639678205,6.477121254719663,0.6632297907518421,9
4177,6.178668856208821,6.477121254719663,0.2984523985108414,8
4178,6.183200819277041,6.477121254719663,0.2939204354426215,6
4179,6.136000190280091,6.477121254719663,0.34112106443957124,7
4180,6.155483276196489,6.477121254719663,0.32163797852317355,4
4181,6.043608130633568,6.477121254719663,0.43351312408609477,5
4182,6.173494855276521,6.477121254719663,0.3036263994431412,10
4183,6.140384104508979,6.477121254719663,0.3367371502106833,1
4184,6.094282860164153,6.477121254719663,0.3828383945555096,3
4185,5.755419342617404,6.079181246047625,0.3237619034302215,3
4186,5.792164707138393,6.079181246047625,0.2870165389092323,10
4187,5.725223099641521,6.079181246047625,0.3539581464061037,2
4188,5.710267428102093,6.079181246047625,0.3689138179455318,9
4189,5.810191901669009,6.079181246047625,0.26898934437861577,5
4190,5.795192761153398,6.079181246047625,0.2839884848942269,1
4191,5.743406571446545,6.079181246047625,0.3357746746010797,4
4192,5.7226757074176,6.079181246047625,0.3565055386300253,7
4193,5.873777532337974,6.079181246047625,0.20540371370965094,8
4194,6.284928262439239,6.3979400086720375,0.11301174623279842,8
4195,6.28108305835383,6.3979400086720375,0.11685695031820753,3
4196,6.26245702284841,6.3979400086720375,0.13548298582362772,9
4197,6.198191659637283,6.3979400086720375,0.19974834903475447,7
4198,6.270657114264482,6.3979400086720375,0.12728289440755525,2
4199,6.294764878365329,6.3979400086720375,0.10317513030670877,4
4200,6.205996750149167,6.3979400086720375,0.19194325852287086,6
4201,6.274711554121851,6.3979400086720375,0.12322845455018605,1
4202,6.260906377741386,6.3979400086720375,0.13703363093065146,5
4203,4.803352948384158,4.742725131304698,-0.0606278170794603,10
4204,4.670654676758349,4.742725131304698,0.07207045454634908,7
4205,4.698825720347194,4.742725131304698,0.04389941095750416,9
4206,4.876185295218387,4.742725131304698,-0.1334601639136892,1
4207,4.798396060167553,4.742725131304698,-0.055670928862855185,8
4208,4.817175712600138,4.742725131304698,-0.07445058129543991,2
4209,4.704705209825435,4.742725131304698,0.03801992147926292,3
4210,4.76693724445061,4.742725131304698,-0.02421211314591254,4
4211,4.714884931982391,4.742725131304698,0.027840199322306525,6
4212,6.165604386936698,6.278753600952829,0.11314921401613098,3
4213,6.206741981064586,6.278753600952829,0.07201161988824278,1
4214,6.128870279553545,6.278753600952829,0.14988332139928406,10
4215,6.157946377572232,6.278753600952829,0.1208072233805968,2
4216,6.1098104577598145,6.278753600952829,0.1689431431930144,6
4217,6.128400280507115,6.278753600952829,0.15035332044571348,7
4218,6.145414531232297,6.278753600952829,0.1333390697205319,5
4219,6.139900315127787,6.278753600952829,0.13885328582504197,9
4220,6.1144657480946325,6.278753600952829,0.16428785285819636,8
4221,6.247501274315514,6.380211241711606,0.1327099673960923,3
4222,6.313179290823314,6.380211241711606,0.06703195088829261,1
4223,6.176082007951296,6.380211241711606,0.20412923376031067,7
4224,6.253243486762443,6.380211241711606,0.12696775494916324,8
4225,6.199546993449417,6.380211241711606,0.18066424826218963,10
4226,6.244304350347489,6.380211241711606,0.13590689136411704,4
4227,6.262395426923776,6.380211241711606,0.11781581478783032,2
4228,6.244003238843181,6.380211241711606,0.13620800286842538,6
4229,6.229723945521895,6.380211241711606,0.15048729618971102,5
4230,6.151044546121178,5.4446692309385245,-0.7063753151826537,4
4231,6.162609790535063,5.4446692309385245,-0.7179405595965385,1
4232,6.101975765805389,5.4446692309385245,-0.6573065348668647,6
4233,6.155591172569541,5.4446692309385245,-0.7109219416310166,7
4234,6.112860849224821,5.4446692309385245,-0.6681916182862961,9
4235,6.157644595370339,5.4446692309385245,-0.7129753644318146,10
4236,6.147472088783277,5.4446692309385245,-0.7028028578447527,3
4237,6.161378728282244,5.4446692309385245,-0.7167094973437198,5
4238,6.159279789932828,5.4446692309385245,-0.7146105589943037,2
4239,6.162344140561636,6.43695733066945,0.2746131901078135,6
4240,6.248966040448484,6.43695733066945,0.18799129022096572,7
4241,6.142468971841004,6.43695733066945,0.2944883588284455,8
4242,6.147893853995143,6.43695733066945,0.28906347667430676,9
4243,6.137230352503449,6.43695733066945,0.29972697816600036,4
4244,6.143064023193693,6.43695733066945,0.2938933074757566,5
4245,6.1446985792054765,6.43695733066945,0.2922587514639732,2
4246,6.156217432835687,6.43695733066945,0.2807398978337625,10
4247,6.162568766291654,6.43695733066945,0.27438856437779524,3
4248,6.2663175065045005,6.063145637106638,-0.20317186939786236,1
4249,6.228127325633168,6.063145637106638,-0.16498168852653006,6
4250,6.263496901057677,6.063145637106638,-0.2003512639510392,7
4251,6.272605238657855,6.063145637106638,-0.20945960155121668,8
4252,6.207273976396989,6.063145637106638,-0.14412833929035074,10
4253,6.267928094416902,6.063145637106638,-0.20478245731026412,2
4254,6.270842279382259,6.063145637106638,-0.20769664227562057,4
4255,6.2401976902872045,6.063145637106638,-0.17705205318056638,3
4256,6.245678246189028,6.063145637106638,-0.18253260908239,5
4257,6.287818966521785,6.442479769064448,0.15466080254266323,7
4258,6.276998725576995,6.442479769064448,0.1654810434874534,1
4259,6.236215145758482,6.442479769064448,0.20626462330596596,6
4260,6.26188230460437,6.442479769064448,0.18059746446007807,10
4261,6.285720561979783,6.442479769064448,0.15675920708466506,2
4262,6.249952611911381,6.442479769064448,0.19252715715306756,4
4263,6.299174965163295,6.442479769064448,0.1433048039011533,5
4264,6.257788889677314,6.442479769064448,0.18469087938713447,3
4265,6.274742253021279,6.442479769064448,0.1677375160431689,9
4266,6.274576257860067,6.645324001562293,0.37074774370222574,8
4267,6.25611139234787,6.645324001562293,0.3892126092144226,5
4268,6.285935379551313,6.645324001562293,0.35938862201097965,1
4269,6.306142964079286,6.645324001562293,0.3391810374830069,4
4270,6.23780209029589,6.645324001562293,0.4075219112664028,3
4271,6.291350449783841,6.645324001562293,0.35397355177845213,7
4272,6.314088269476807,6.645324001562293,0.33123573208548596,9
4273,6.255557252354726,6.645324001562293,0.38976674920756693,2
4274,6.281942263937558,6.645324001562293,0.363381737624735,6
4275,5.954137904224862,5.373500477967874,-0.5806374262569882,3
4276,5.956303192929857,5.373500477967874,-0.582802714961983,4
4277,5.9473814565188485,5.373500477967874,-0.5738809785509744,5
4278,5.939185603036841,5.373500477967874,-0.565685125068967,6
4279,5.995968483843824,5.373500477967874,-0.62246800587595,8
4280,6.009985361370249,5.373500477967874,-0.6364848834023746,1
4281,5.999534247276886,5.373500477967874,-0.6260337693090117,9
4282,5.996107021243222,5.373500477967874,-0.6226065432753476,10
4283,5.953385473360729,5.373500477967874,-0.5798849953928551,2
4284,6.2082740650689585,6.477121254719663,0.2688471896507041,9
4285,6.191550701470811,6.477121254719663,0.28557055324885194,2
4286,6.31198958908246,6.477121254719663,0.16513166563720283,3
4287,6.238921394339832,6.477121254719663,0.23819986037983032,10
4288,6.251845656198854,6.477121254719663,0.2252755985208088,4
4289,6.235800132760261,6.477121254719663,0.2413211219594018,5
4290,6.246968435923323,6.477121254719663,0.23015281879633953,1
4291,6.182254273614783,6.477121254719663,0.29486698110487986,6
4292,6.181219850302985,6.477121254719663,0.29590140441667767,7
4293,5.2086261407493755,5.283301228703549,0.07467508795417377,3
4294,5.249960668715646,5.283301228703549,0.033340559987903085,7
4295,5.233953249052405,5.283301228703549,0.049347979651144236,6
4296,5.0575089381040215,5.283301228703549,0.22579229059952777,10
4297,5.0933070973776,5.283301228703549,0.18999413132594967,8
4298,5.092795310514737,5.283301228703549,0.19050591818881202,2
4299,5.283157328751635,5.283301228703549,0.00014389995191432803,5
4300,5.60681506483368,5.283301228703549,-0.3235138361301306,9
4301,5.109669333409113,5.283301228703549,0.17363189529443623,1
4302,5.218246136960269,6.176091259055681,0.9578451220954127,4
4303,5.2052220967182,6.176091259055681,0.9708691623374817,8
4304,5.29266426381335,6.176091259055681,0.8834269952423313,9
4305,5.418782352516032,6.176091259055681,0.7573089065396497,5
4306,5.05730272039723,6.176091259055681,1.1187885386584515,10
4307,5.104510689878563,6.176091259055681,1.0715805691771187,7
4308,5.0692516697535055,6.176091259055681,1.1068395893021759,2
4309,5.062032715713807,6.176091259055681,1.1140585433418746,1
4310,5.209991881667646,6.176091259055681,0.9660993773880353,6
4311,5.942598207177481,6.57978359661681,0.6371853894393293,1
4312,5.8288519563780055,6.57978359661681,0.7509316402388047,5
4313,6.147601014565373,6.57978359661681,0.43218258205143734,10
4314,5.856085361619564,6.57978359661681,0.7236982349972463,6
4315,5.8442282146330715,6.57978359661681,0.7355553819837386,7
4316,5.8300111023911585,6.57978359661681,0.7497724942256516,3
4317,5.8757744123769795,6.57978359661681,0.7040091842398306,4
4318,5.8354131761176635,6.57978359661681,0.7443704204991466,9
4319,5.914628653297337,6.57978359661681,0.6651549433194734,8
4320,6.047120886937861,5.845098040014257,-0.2020228469236045,10
4321,5.958244515743733,5.845098040014257,-0.11314647572947578,2
4322,6.018082680476506,5.845098040014257,-0.17298464046224904,9
4323,6.046582439000002,5.845098040014257,-0.20148439898574466,5
4324,6.021397225568846,5.845098040014257,-0.1762991855545888,3
4325,6.03743756499159,5.845098040014257,-0.1923395249773332,7
4326,6.014575746336466,5.845098040014257,-0.16947770632220927,4
4327,6.075437568898148,5.845098040014257,-0.2303395288838912,1
4328,6.037487102020351,5.845098040014257,-0.19238906200609396,8
4329,5.47409496508385,5.62797998982998,0.15388502474612942,9
4330,5.530976999717694,5.62797998982998,0.0970029901122853,1
4331,5.562013692664562,5.62797998982998,0.06596629716541802,4
4332,5.500932357208808,5.62797998982998,0.12704763262117158,5
4333,5.568396194649903,5.62797998982998,0.05958379518007639,6
4334,5.586194379620776,5.62797998982998,0.041785610209204016,8
4335,5.719833981047262,5.62797998982998,-0.091853991217282,3
4336,5.641009207593108,5.62797998982998,-0.01302921776312882,10
4337,5.519594824729529,5.62797998982998,0.10838516510045082,7
4338,5.980156002223791,6.146128035678238,0.16597203345444722,9
4339,6.061755663859675,6.146128035678238,0.08437237181856361,4
4340,5.987039847041986,6.146128035678238,0.15908818863625207,5
4341,5.918463863277946,6.146128035678238,0.22766417240029213,3
4342,6.003997242435795,6.146128035678238,0.14213079324244315,7
4343,6.100475190931748,6.146128035678238,0.04565284474649012,10
4344,6.0483524052459785,6.146128035678238,0.09777563043225967,8
4345,6.0042361997437785,6.146128035678238,0.14189183593445964,6
4346,6.015850808268624,6.146128035678238,0.13027722740961423,1
4347,5.759079295192385,6.528736777724652,0.7696574825322671,5
4348,5.688665724551603,6.528736777724652,0.8400710531730491,7
4349,5.778362736849873,6.528736777724652,0.750374040874779,10
4350,5.773377908946199,6.528736777724652,0.7553588687784529,2
4351,5.82250383839673,6.528736777724652,0.7062329393279221,4
4352,5.8240039048830115,6.528736777724652,0.7047328728416407,9
4353,5.6718530868712485,6.528736777724652,0.8568836908534037,8
4354,5.780995086656838,6.528736777724652,0.7477416910678141,6
4355,5.707374663134397,6.528736777724652,0.8213621145902552,3
4356,6.186324966859539,6.32221929473392,0.13589432787438138,1
4357,6.13810700598409,6.32221929473392,0.1841122887498301,3
4358,6.131615623493391,6.32221929473392,0.19060367124052924,2
4359,6.083347581117596,6.32221929473392,0.23887171361632475,7
4360,6.166600809707457,6.32221929473392,0.15561848502646303,5
4361,6.14897424107071,6.32221929473392,0.1732450536632104,4
4362,6.141271241588903,6.32221929473392,0.18094805314501716,8
4363,6.128321781431678,6.32221929473392,0.19389751330224225,9
4364,6.1448265239640145,6.32221929473392,0.1773927707699059,6
4365,6.062084150656351,6.184691430817598,0.12260728016124744,2
4366,6.115802922656071,6.184691430817598,0.06888850816152736,9
4367,6.092310857535275,6.184691430817598,0.0923805732823233,7
4368,6.17683220527305,6.184691430817598,0.00785922554454821,4
4369,6.159745587690067,6.184691430817598,0.02494584312753112,1
4370,6.091673996900162,6.184691430817598,0.09301743391743678,8
4371,6.107161699702457,6.184691430817598,0.07752973111514105,5
4372,6.166022932997436,6.184691430817598,0.018668497820162777,10
4373,6.061299468531692,6.184691430817598,0.12339196228590676,6
4374,6.1450379411636105,6.6020599913279625,0.45702205016435204,6
4375,6.1610964934371975,6.6020599913279625,0.44096349789076505,9
4376,6.153627791367267,6.6020599913279625,0.4484321999606955,8
4377,6.202852961626192,6.6020599913279625,0.39920702970177047,4
4378,6.251970294219216,6.6020599913279625,0.3500896971087464,10
4379,6.16734179369876,6.6020599913279625,0.43471819762920294,3
4380,6.190620077245674,6.6020599913279625,0.41143991408228864,5
4381,6.159823294744745,6.6020599913279625,0.4422366965832172,7
4382,6.1649276997768565,6.6020599913279625,0.437132291551106,1
4383,5.931671770697794,5.900312496983727,-0.03135927371406755,9
4384,5.9187260665582215,5.900312496983727,-0.018413569574494915,2
4385,5.936396840539499,5.900312496983727,-0.03608434355577206,5
4386,5.969556869897946,5.900312496983727,-0.06924437291421981,7
4387,5.928514819454839,5.900312496983727,-0.028202322471112318,4
4388,5.998875760398561,5.900312496983727,-0.09856326341483435,1
4389,6.013271981879062,5.900312496983727,-0.11295948489533547,10
4390,5.958425841131055,5.900312496983727,-0.05811334414732805,6
4391,5.957184850507858,5.900312496983727,-0.056872353524131114,3
4392,5.733385883674918,6.108226656374929,0.3748407727000105,3
4393,5.758580525721661,6.108226656374929,0.34964613065326766,2
4394,5.7633287962973245,6.108226656374929,0.34489786007760426,7
4395,5.709210602483083,6.108226656374929,0.39901605389184613,8
4396,5.689627613969664,6.108226656374929,0.4185990424052646,4
4397,5.697623977717708,6.108226656374929,0.410602678657221,1
4398,5.799362318923186,6.108226656374929,0.3088643374517428,10
4399,5.6810521972809465,6.108226656374929,0.42717445909398233,5
4400,5.6625845722117,6.108226656374929,0.4456420841632287,6
4401,6.0752909373551836,6.385606273598312,0.31031533624312857,10
4402,6.04299558356074,6.385606273598312,0.3426106900375725,4
4403,6.048566520157984,6.385606273598312,0.33703975344032777,2
4404,6.078621382718841,6.385606273598312,0.30698489087947145,5
4405,6.094377908046214,6.385606273598312,0.2912283655520982,6
4406,6.027893757238998,6.385606273598312,0.3577125163593138,3
4407,6.063547347826994,6.385606273598312,0.32205892577131845,9
4408,6.108824027722713,6.385606273598312,0.27678224587559885,1
4409,5.95639930695573,6.385606273598312,0.42920696664258173,7
4410,5.978773096383437,6.585460729508501,0.6066876331250644,4
4411,5.9273234423839884,6.585460729508501,0.6581372871245126,2
4412,5.945528151635506,6.585460729508501,0.6399325778729947,9
4413,5.981201605400384,6.585460729508501,0.6042591241081174,8
4414,5.936601908019335,6.585460729508501,0.6488588214891662,5
4415,6.120564532109595,6.585460729508501,0.46489619739890564,10
4416,5.9993333172300565,6.585460729508501,0.5861274122784446,1
4417,5.949710318050561,6.585460729508501,0.6357504114579404,6
4418,5.927083622754018,6.585460729508501,0.6583771067544832,7
4419,6.065609915766248,6.271841606536499,0.2062316907702506,5
4420,5.962295304453998,6.271841606536499,0.30954630208250045,3
4421,6.0275170673692,6.271841606536499,0.24432453916729902,8
4422,6.0232685394334755,6.271841606536499,0.24857306710302307,1
4423,5.904455489320581,6.271841606536499,0.36738611721591763,9
4424,6.023453191019314,6.271841606536499,0.2483884155171845,6
4425,5.901510897498,6.271841606536499,0.3703307090384982,2
4426,6.119639392377813,6.271841606536499,0.1522022141586854,10
4427,6.036147795849239,6.271841606536499,0.23569381068725992,4
4428,6.188693360640749,6.401572845676446,0.21287948503569698,6
4429,6.2398624730294205,6.401572845676446,0.16171037264702548,8
4430,6.235068065673876,6.401572845676446,0.16650478000256985,3
4431,6.194074979221365,6.401572845676446,0.20749786645508106,5
4432,6.134698627466791,6.401572845676446,0.2668742182096553,2
4433,6.196432335011024,6.401572845676446,0.20514051066542205,9
4434,6.262088389153532,6.401572845676446,0.13948445652291408,1
4435,6.140520287173311,6.401572845676446,0.2610525585031347,4
4436,6.2017950003049185,6.401572845676446,0.19977784537152754,7
4437,4.546017645954545,3.724275869600789,-0.8217417763537558,5
4438,4.594467441386858,3.724275869600789,-0.8701915717860684,2
4439,4.6137466720452345,3.724275869600789,-0.8894708024444453,3
4440,4.5632576348835645,3.724275869600789,-0.8389817652827753,9
4441,4.515237702428677,3.724275869600789,-0.7909618328278878,7
4442,4.544817118141286,3.724275869600789,-0.820541248540497,6
4443,4.475579970257157,3.724275869600789,-0.7513041006563679,4
4444,4.479064098649399,3.724275869600789,-0.7547882290486099,8
4445,4.580901665793595,3.724275869600789,-0.8566257961928061,10
4446,5.561430117834049,6.176091259055681,0.6146611412216325,4
4447,5.654401011541175,6.176091259055681,0.5216902475145062,6
4448,5.6300775586506795,6.176091259055681,0.5460137004050019,9
4449,5.533983124949727,6.176091259055681,0.6421081341059542,2
4450,5.617677110177203,6.176091259055681,0.5584141488784784,8
4451,5.579967290240888,6.176091259055681,0.5961239688147932,7
4452,5.581724457968095,6.176091259055681,0.5943668010875864,3
4453,5.5717255779287775,6.176091259055681,0.6043656811269038,10
4454,5.6964620165124416,6.176091259055681,0.4796292425432398,5
4455,4.863226438511069,6.176091259055681,1.312864820544612,4
4456,4.9623914985901845,6.176091259055681,1.2136997604654969,2
4457,4.792173797087002,6.176091259055681,1.3839174619686796,8
4458,4.8910543052924575,6.176091259055681,1.2850369537632238,9
4459,4.713858411143868,6.176091259055681,1.462232847911813,5
4460,4.794497104133513,6.176091259055681,1.3815941549221682,6
4461,4.805083581893783,6.176091259055681,1.3710076771618986,10
4462,4.8275300876174665,6.176091259055681,1.3485611714382149,3
4463,4.762395321807594,6.176091259055681,1.4136959372480877,7
4464,6.2135317319962855,6.301029995663981,0.08749826366769575,10
4465,6.272890078430641,6.301029995663981,0.028139917233340306,1
4466,6.20935046607927,6.301029995663981,0.09167952958471126,4
4467,6.23695040627646,6.301029995663981,0.06407958938752145,7
4468,6.258124954157713,6.301029995663981,0.04290504150626795,3
4469,6.2134125351267855,6.301029995663981,0.08761746053719577,6
4470,6.180839895425055,6.301029995663981,0.12019010023892651,9
4471,6.232514575353533,6.301029995663981,0.06851542031044833,5
4472,6.204709650446058,6.301029995663981,0.0963203452179231,2
4473,5.8624718329260865,5.04688519083771,-0.8155866420883768,5
4474,5.904351171032902,5.04688519083771,-0.857465980195192,6
4475,5.835371009751816,5.04688519083771,-0.788485818914106,8
4476,5.883004330766352,5.04688519083771,-0.8361191399286421,3
4477,5.85144886686208,5.04688519083771,-0.8045636760243706,7
4478,5.827777921931652,5.04688519083771,-0.7808927310939424,2
4479,5.863851915832644,5.04688519083771,-0.8169667249949342,9
4480,5.900986208584746,5.04688519083771,-0.8541010177470367,1
4481,5.789198026084402,5.04688519083771,-0.7423128352466923,10
4482,6.208446396361504,6.068185861746161,-0.1402605346153427,9
4483,6.202271755506631,6.068185861746161,-0.13408589376046987,3
4484,6.18683161176058,6.068185861746161,-0.11864575001441846,6
4485,6.2216980009920375,6.068185861746161,-0.15351213924587626,4
4486,6.159685760560507,6.068185861746161,-0.09149989881434539,5
4487,6.202084281520009,6.068185861746161,-0.13389841977384798,8
4488,6.2171864483479,6.068185861746161,-0.14900058660173876,2
4489,6.238067664430412,6.068185861746161,-0.1698818026842508,1
4490,6.180735408266415,6.068185861746161,-0.11254954652025351,10
4491,5.752786113033859,6.181843587944773,0.4290574749109135,10
4492,5.885267548440176,6.181843587944773,0.2965760395045969,8
4493,5.820932762050617,6.181843587944773,0.36091082589415535,2
4494,5.880585833175316,6.181843587944773,0.3012577547694564,4
4495,5.8820661975329225,6.181843587944773,0.29977739041185014,1
4496,5.830262729709651,6.181843587944773,0.3515808582351214,3
4497,5.788967980455398,6.181843587944773,0.39287560748937445,5
4498,5.855140448133675,6.181843587944773,0.326703139811098,6
4499,5.912757368138672,6.181843587944773,0.26908621980610103,9
4500,6.200251264401339,6.32221929473392,0.12196803033258163,7
4501,6.183216802976067,6.32221929473392,0.13900249175785362,8
4502,6.222540546367662,6.32221929473392,0.09967874836625867,10
4503,6.173442184251891,6.32221929473392,0.14877711048202968,9
4504,6.108946105578224,6.32221929473392,0.21327318915569649,5
4505,6.146890678694797,6.32221929473392,0.1753286160391232,2
4506,6.171630544578846,6.32221929473392,0.150588750155074,6
4507,6.203170281530286,6.32221929473392,0.11904901320363415,3
4508,6.205631520616051,6.32221929473392,0.11658777411786936,1
4509,6.290741495905295,6.855525212731306,0.5647837168260113,2
4510,6.275453476121377,6.855525212731306,0.5800717366099297,3
4511,6.290163234606659,6.855525212731306,0.5653619781246473,9
4512,6.327320018954163,6.855525212731306,0.5282051937771435,10
4513,6.2961231338459,6.855525212731306,0.5594020788854062,8
4514,6.306569305342132,6.855525212731306,0.5489559073891748,4
4515,6.34008861215714,6.855525212731306,0.5154366005741666,1
4516,6.293916535809641,6.855525212731306,0.561608676921665,6
4517,6.285908208068871,6.855525212731306,0.5696170046624358,5
4518,5.828111726153082,6.342422680822207,0.5143109546691242,2
4519,5.724272676587021,6.342422680822207,0.6181500042351855,1
4520,5.582012641097009,6.342422680822207,0.7604100397251976,5
4521,5.857976821943951,6.342422680822207,0.48444585887825564,8
4522,5.794303403768702,6.342422680822207,0.5481192770535044,7
4523,5.833268414045611,6.342422680822207,0.509154266776596,9
4524,5.82872100421997,6.342422680822207,0.5137016766022366,4
4525,5.795408470123,6.342422680822207,0.5470142106992064,3
4526,5.835840401412861,6.342422680822207,0.5065822794093453,6
4527,6.349094119576169,6.447158031342219,0.09806391176605,7
4528,6.333135230382091,6.447158031342219,0.11402280096012873,10
4529,6.29970993014908,6.447158031342219,0.147448101193139,6
4530,6.3664736381482285,6.447158031342219,0.0806843931939909,3
4531,6.356587721474406,6.447158031342219,0.09057030986781367,8
4532,6.343337878777124,6.447158031342219,0.10382015256509547,1
4533,6.345152420226697,6.447158031342219,0.10200561111552275,2
4534,6.360256201590598,6.447158031342219,0.0869018297516213,9
4535,6.372398508089175,6.447158031342219,0.07475952325304469,4
4536,6.310524962492648,6.491361693834273,0.1808367313416248,6
4537,6.3404320421930915,6.491361693834273,0.15092965164118155,1
4538,6.313898434763905,6.491361693834273,0.1774632590703682,2
4539,6.314781929089054,6.491361693834273,0.17657976474521941,10
4540,6.385288111235214,6.491361693834273,0.10607358259905908,3
4541,6.368562917419312,6.491361693834273,0.12279877641496117,8
4542,6.374302562626285,6.491361693834273,0.11705913120798783,9
4543,6.304539367258589,6.491361693834273,0.1868223265756841,4
4544,6.348566654983585,6.491361693834273,0.14279503885068845,5
4545,6.149226721944461,6.32221929473392,0.17299257278945923,3
4546,6.145299759702349,6.32221929473392,0.17691953503157176,9
4547,6.081233100964239,6.32221929473392,0.24098619376968156,8
4548,6.160056654013498,6.32221929473392,0.16216264072042286,6
4549,6.139442042798301,6.32221929473392,0.18277725193561967,4
4550,6.119014186789036,6.32221929473392,0.20320510794488467,2
4551,6.116407888365909,6.32221929473392,0.20581140636801099,7
4552,6.0614810828708485,6.32221929473392,0.2607382118630719,10
4553,6.096182443494875,6.32221929473392,0.22603685123904516,1
4554,6.468536250666674,7.0,0.5314637493333256,9
4555,6.490290522432329,7.0,0.5097094775676707,4
4556,6.453599597050023,7.0,0.5464004029499767,7
4557,6.447343221110236,7.0,0.552656778889764,6
4558,6.494148007499946,7.0,0.5058519925000544,8
4559,6.531749814251454,7.0,0.4682501857485457,3
4560,6.475946933358316,7.0,0.5240530666416836,5
4561,6.410132478393368,7.0,0.5898675216066316,1
4562,6.482814582547869,7.0,0.5171854174521311,10
4563,6.210074390834426,6.357934847000454,0.14786045616602816,1
4564,6.208409000876342,6.357934847000454,0.1495258461241118,4
4565,6.192690291698837,6.357934847000454,0.16524455530161664,2
4566,6.24561479648115,6.357934847000454,0.11232005051930383,3
4567,6.239838603914895,6.357934847000454,0.11809624308555922,9
4568,6.144669269888614,6.357934847000454,0.2132655771118399,5
4569,6.194012263697345,6.357934847000454,0.16392258330310927,8
4570,6.223799711101405,6.357934847000454,0.13413513589904902,7
4571,6.19809908280449,6.357934847000454,0.15983576419596357,10
4572,6.305850633449931,6.309757882316366,0.003907248866434898,7
4573,6.349584092224223,6.309757882316366,-0.03982620990785701,5
4574,6.340414511352382,6.309757882316366,-0.030656629036015737,1
4575,6.32403372253599,6.309757882316366,-0.014275840219624136,3
4576,6.342483302775562,6.309757882316366,-0.032725420459195576,9
4577,6.301354081180407,6.309757882316366,0.008403801135958844,6
4578,6.367750489234887,6.309757882316366,-0.05799260691852126,8
4579,6.324363430692987,6.309757882316366,-0.01460554837662098,2
4580,6.351527314468298,6.309757882316366,-0.041769432151932406,4
4581,6.207649038298188,5.751510050270041,-0.45613898802814656,1
4582,6.080203931897031,5.751510050270041,-0.32869388162698954,10
4583,6.165087972465037,5.751510050270041,-0.413577922194996,6
4584,6.188105616522135,5.751510050270041,-0.4365955662520937,5
4585,6.213021499906929,5.751510050270041,-0.4615114496368875,4
4586,6.23207086696694,5.751510050270041,-0.4805608166968991,3
4587,6.214771006640991,5.751510050270041,-0.46326095637094955,2
4588,6.189588824590448,5.751510050270041,-0.43807877432040687,7
4589,6.222971493573321,5.751510050270041,-0.47146144330328,8
4590,5.880348627949755,6.290034611362518,0.4096859834127633,5
4591,5.949941440902799,6.290034611362518,0.34009317045971965,3
4592,5.933332703155653,6.290034611362518,0.3567019082068654,4
4593,5.995320420402326,6.290034611362518,0.29471419096019247,6
4594,5.958187972076817,6.290034611362518,0.33184663928570135,9
4595,5.916916107813319,6.290034611362518,0.3731185035491995,2
4596,5.885819776453995,6.290034611362518,0.4042148349085233,1
4597,5.812099431007118,6.290034611362518,0.4779351803554004,7
4598,5.950998974129235,6.290034611362518,0.339035637233283,8
4599,6.192357567936754,6.301029995663981,0.1086724277272273,7
4600,6.176198132788748,6.301029995663981,0.12483186287523296,9
4601,6.126079836093948,6.301029995663981,0.17495015957003357,10
4602,6.171944127821197,6.301029995663981,0.1290858678427842,1
4603,6.166351097002371,6.301029995663981,0.1346788986616101,4
4604,6.173020250908342,6.301029995663981,0.12800974475563898,3
4605,6.143430524406771,6.301029995663981,0.1575994712572104,5
4606,6.1275008782280125,6.301029995663981,0.17352911743596877,6
4607,6.141582334405699,6.301029995663981,0.15944766125828203,2
4608,6.272213398371061,6.073351702386901,-0.19886169598416004,4
4609,6.2806426733127845,6.073351702386901,-0.20729097092588322,9
4610,6.222760632370779,6.073351702386901,-0.14940892998387767,2
4611,6.22285927715899,6.073351702386901,-0.14950757477208843,6
4612,6.256998506397907,6.073351702386901,-0.18364680401100575,3
4613,6.215040302133472,6.073351702386901,-0.1416885997465709,7
4614,6.178282939924263,6.073351702386901,-0.10493123753736189,1
4615,6.221040284995849,6.073351702386901,-0.14768858260894735,5
4616,6.186362608398243,6.073351702386901,-0.11301090601134156,10
4617,6.113074405923652,6.057099097526547,-0.055975308397105294,10
4618,6.128972553856313,6.057099097526547,-0.07187345632976605,6
4619,6.129496343491509,6.057099097526547,-0.07239724596496178,3
4620,6.138451362627705,6.057099097526547,-0.08135226510115778,4
4621,6.127983782133518,6.057099097526547,-0.0708846846069715,8
4622,6.1814995721422,6.057099097526547,-0.12440047461565307,7
4623,6.1789691359034125,6.057099097526547,-0.12187003837686561,1
4624,6.151134097131501,6.057099097526547,-0.0940349996049541,9
4625,6.108910342343803,6.057099097526547,-0.051811244817256075,5
4626,6.103209716958378,6.186278103445368,0.08306838648699078,7
4627,6.0776365221285085,6.186278103445368,0.10864158131685997,8
4628,6.096357596291783,6.186278103445368,0.08992050715358513,9
4629,6.061948177951314,6.186278103445368,0.1243299254940542,10
4630,6.077783373873973,6.186278103445368,0.10849472957139561,4
4631,6.056234436792881,6.186278103445368,0.13004366665248757,6
4632,6.105949051227293,6.186278103445368,0.08032905221807507,5
4633,6.078267490566386,6.186278103445368,0.10801061287898239,2
4634,6.080939004214024,6.186278103445368,0.10533909923134477,1
4635,6.163232752243935,6.301029995663981,0.13779724342004585,9
4636,6.164825695531872,6.301029995663981,0.1362043001321096,10
4637,6.1808181044300925,6.301029995663981,0.12021189123388876,5
4638,6.203366352917404,6.301029995663981,0.09766364274657757,7
4639,6.205645896840977,6.301029995663981,0.09538409882300414,3
4640,6.180370744514971,6.301029995663981,0.12065925114900988,1
4641,6.146961310404751,6.301029995663981,0.15406868525923034,2
4642,6.199939910124321,6.301029995663981,0.10109008553965992,4
4643,6.128164195374278,6.301029995663981,0.17286580028970366,6
4644,6.270236211819279,6.477555332198981,0.2073191203797018,9
4645,6.298407318797292,6.477555332198981,0.17914801340168918,8
4646,6.328899758263241,6.477555332198981,0.14865557393573958,1
4647,6.3784045334916994,6.477555332198981,0.0991507987072815,5
4648,6.309937727939497,6.477555332198981,0.16761760425948413,7
4649,6.351047350237266,6.477555332198981,0.12650798196171475,10
4650,6.438262230943188,6.477555332198981,0.039293101255792884,3
4651,6.381793473513964,6.477555332198981,0.09576185868501685,2
4652,6.411148393317995,6.477555332198981,0.06640693888098603,6
4653,5.86980792352916,5.99563519459755,0.1258272710683901,6
4654,6.016801755412209,5.99563519459755,-0.02116656081465962,9
4655,5.762012899685681,5.99563519459755,0.2336222949118687,10
4656,5.908644676674587,5.99563519459755,0.08699051792296242,7
4657,5.818833611155961,5.99563519459755,0.17680158344158858,4
4658,5.843606368348736,5.99563519459755,0.15202882624881386,2
4659,5.839913836502058,5.99563519459755,0.1557213580954917,3
4660,5.8712112820764215,5.99563519459755,0.12442391252112817,5
4661,5.807595187051702,5.99563519459755,0.1880400075458475,1
4662,5.9911267523249645,6.204119982655925,0.21299323033096051,6
4663,5.934764569912083,6.204119982655925,0.2693554127438418,10
4664,5.938676517771626,6.204119982655925,0.2654434648842994,7
4665,6.030723015133428,6.204119982655925,0.17339696752249711,2
4666,6.010625589749677,6.204119982655925,0.19349439290624826,8
4667,6.002250400713933,6.204119982655925,0.20186958194199178,4
4668,5.954032959297913,6.204119982655925,0.25008702335801214,5
4669,5.998156860385197,6.204119982655925,0.20596312227072833,9
4670,6.025526826267274,6.204119982655925,0.1785931563886507,1
4671,5.942491698548257,6.089905111439398,0.14741341289114107,2
4672,5.814883000275357,6.089905111439398,0.2750221111640414,8
4673,5.901553983622029,6.089905111439398,0.18835112781736907,9
4674,5.84987004555658,6.089905111439398,0.2400350658828181,5
4675,5.982985266761804,6.089905111439398,0.10691984467759408,10
4676,5.834087112131364,6.089905111439398,0.25581799930803406,1
4677,5.837955443887446,6.089905111439398,0.25194966755195214,4
4678,5.813407672326177,6.089905111439398,0.27649743911322133,3
4679,5.9679367127407446,6.089905111439398,0.1219683986986535,7
4680,5.88726449733808,5.043755126968679,-0.843509370369401,2
4681,5.792215068156817,5.043755126968679,-0.7484599411881376,1
4682,5.79158375794517,5.043755126968679,-0.7478286309764908,6
4683,5.806077628057306,5.043755126968679,-0.7623225010886268,5
4684,5.833980791553562,5.043755126968679,-0.7902256645848826,7
4685,5.782983559035557,5.043755126968679,-0.739228432066878,3
4686,5.8347498820903345,5.043755126968679,-0.7909947551216554,9
4687,5.845756278043557,5.043755126968679,-0.8020011510748777,4
4688,5.7902563373544895,5.043755126968679,-0.7465012103858104,8
4689,6.002820192199418,6.394451680826216,0.391631488626798,9
4690,5.997016016742755,6.394451680826216,0.39743566408346087,3
4691,6.040164793897694,6.394451680826216,0.35428688692852184,2
4692,5.993848967378041,6.394451680826216,0.40060271344817533,5
4693,6.012869956025611,6.394451680826216,0.38158172480060504,4
4694,6.002096863179222,6.394451680826216,0.39235481764699376,10
4695,6.023128323973154,6.394451680826216,0.37132335685306206,1
4696,5.960364165802464,6.394451680826216,0.43408751502375154,7
4697,5.963646493118037,6.394451680826216,0.4308051877081791,6
4698,3.7264556948378065,3.397940008672037,-0.3285156861657694,5
4699,3.545433703487044,3.397940008672037,-0.14749369481500674,1
4700,3.665457610668894,3.397940008672037,-0.26751760199685704,8
4701,3.5988348466631765,3.397940008672037,-0.2008948379911395,7
4702,3.6082914339634833,3.397940008672037,-0.21035142529144624,10
4703,3.53623624247318,3.397940008672037,-0.13829623380114286,4
4704,3.599614653804298,3.397940008672037,-0.20167464513226108,3
4705,3.5294096335750433,3.397940008672037,-0.1314696249030063,9
4706,3.621695514938624,3.397940008672037,-0.22375550626658702,6
4707,6.167705282097305,6.491361693834273,0.3236564117369678,2
4708,6.164638268705889,6.491361693834273,0.32672342512838437,8
4709,6.120297238138469,6.491361693834273,0.37106445569580426,4
4710,6.155022130695617,6.491361693834273,0.3363395631386563,7
4711,6.17250449551745,6.491361693834273,0.3188571983168229,9
4712,6.222383429615414,6.491361693834273,0.26897826421885895,5
4713,6.095524807092291,6.491361693834273,0.39583688674198214,1
4714,6.086238000226341,6.491361693834273,0.40512369360793166,3
4715,6.155089852004398,6.491361693834273,0.33627184182987513,10
4716,5.878668587365366,5.078094150406411,-0.8005744369589554,4
4717,5.831637748547655,5.078094150406411,-0.7535435981412437,2
4718,5.925688909042036,5.078094150406411,-0.8475947586356254,5
4719,5.887675421009646,5.078094150406411,-0.8095812706032346,3
4720,5.814251219900521,5.078094150406411,-0.7361570694941104,7
4721,5.868380353025574,5.078094150406411,-0.7902862026191633,10
4722,5.898018837483866,5.078094150406411,-0.8199246870774548,6
4723,5.803493136523631,5.078094150406411,-0.7253989861172201,1
4724,5.8825037486417155,5.078094150406411,-0.8044095982353046,8
4725,5.6572048271945485,5.12057393120585,-0.536630895988699,1
4726,5.586664636910331,5.12057393120585,-0.46609070570448186,8
4727,5.4792172686226355,5.12057393120585,-0.3586433374167859,10
4728,5.682239456638497,5.12057393120585,-0.5616655254326473,6
4729,5.6724538431784675,5.12057393120585,-0.5518799119726179,9
4730,5.661255982764061,5.12057393120585,-0.5406820515582114,4
4731,5.663998637456515,5.12057393120585,-0.5434247062506659,3
4732,5.627738296013849,5.12057393120585,-0.5071643648079993,7
4733,5.572654631056508,5.12057393120585,-0.4520806998506588,2
4734,5.620068758530516,5.548757828573704,-0.07131092995681154,5
4735,5.602251909900732,5.548757828573704,-0.053494081327028375,3
4736,5.537757344004387,5.548757828573704,0.011000484569317237,2
4737,5.5914812433179115,5.548757828573704,-0.04272341474420749,8
4738,5.567762089893157,5.548757828573704,-0.019004261319452986,7
4739,5.569278548420901,5.548757828573704,-0.020520719847197277,10
4740,5.590952320189352,5.548757828573704,-0.04219449161564803,9
4741,5.603318426575495,5.548757828573704,-0.054560598001790694,6
4742,5.518285477283617,5.548757828573704,0.030472351290087296,4
4743,5.729629779033385,5.752048447819439,0.022418668786053253,3
4744,5.743240935910263,5.752048447819439,0.008807511909175503,5
4745,5.743904094413477,5.752048447819439,0.00814435340596198,7
4746,5.743983805383163,5.752048447819439,0.008064642436275804,9
4747,5.659754388116409,5.752048447819439,0.09229405970302995,4
4748,5.754892117217895,5.752048447819439,-0.00284366939845615,6
4749,5.811871950955629,5.752048447819439,-0.059823503136190226,10
4750,5.808592785012283,5.752048447819439,-0.05654433719284402,8
4751,5.780481506199858,5.752048447819439,-0.028433058380419318,1
4752,5.664873303122877,5.698970004336019,0.03409670121314168,6
4753,5.672528954596267,5.698970004336019,0.02644104973975203,8
4754,5.629713340536124,5.698970004336019,0.06925666379989437,1
4755,5.712657500863188,5.698970004336019,-0.013687496527169607,5
4756,5.671495155560429,5.698970004336019,0.027474848775590033,2
4757,5.701686611041264,5.698970004336019,-0.002716606705245539,3
4758,5.62965033961105,5.698970004336019,0.06931966472496853,10
4759,5.644994187315368,5.698970004336019,0.053975817020650574,7
4760,5.60927811843953,5.698970004336019,0.0896918858964888,9
4761,5.625528677546034,5.008600171761918,-0.6169285057841156,3
4762,5.6256071729424075,5.008600171761918,-0.6170070011804896,6
4763,5.703061403242458,5.008600171761918,-0.6944612314805401,9
4764,5.691912313049326,5.008600171761918,-0.6833121412874084,2
4765,5.867850928453085,5.008600171761918,-0.8592507566911669,5
4766,5.5625390538896315,5.008600171761918,-0.5539388821277136,7
4767,5.6538261544786454,5.008600171761918,-0.6452259827167275,10
4768,5.619868356841845,5.008600171761918,-0.6112681850799273,8
4769,5.597157552574316,5.008600171761918,-0.5885573808123983,4
4770,5.673014126925858,6.0,0.3269858730741424,4
4771,6.010695856818251,6.0,-0.010695856818251137,5
4772,5.6727395257492415,6.0,0.32726047425075855,6
4773,5.804034105909699,6.0,0.19596589409030063,9
4774,5.720757833738521,6.0,0.27924216626147924,10
4775,5.691203590429623,6.0,0.3087964095703768,3
4776,5.760562763625981,6.0,0.2394372363740187,8
4777,5.7345467826311145,6.0,0.2654532173688855,7
4778,5.789548817384162,6.0,0.21045118261583795,2
4779,5.567654532864922,4.534026106056135,-1.0336284268087867,6
4780,5.658912430729664,4.534026106056135,-1.124886324673529,2
4781,5.702496764774487,4.534026106056135,-1.168470658718352,1
4782,5.602338773218139,4.534026106056135,-1.0683126671620036,10
4783,5.5851828013856,4.534026106056135,-1.0511566953294649,7
4784,5.58818388659541,4.534026106056135,-1.054157780539275,8
4785,5.578744221972537,4.534026106056135,-1.0447181159164014,3
4786,5.587120179564327,4.534026106056135,-1.0530940735081913,4
4787,5.735728114993114,4.534026106056135,-1.2017020089369783,9
4788,5.79815185214689,6.164352855784437,0.3662010036375474,2
4789,6.000969946531638,6.164352855784437,0.16338290925279875,5
4790,5.805325437829298,6.164352855784437,0.35902741795513915,7
4791,5.724341839217504,6.164352855784437,0.44001101656693287,8
4792,5.844626454648075,6.164352855784437,0.3197264011363625,9
4793,5.712733994819023,6.164352855784437,0.45161886096541437,3
4794,5.778965385627593,6.164352855784437,0.3853874701568438,10
4795,5.815165751858164,6.164352855784437,0.3491871039262735,1
4796,5.615842219949664,6.164352855784437,0.5485106358347736,6
4797,6.015600365584781,6.552668216112194,0.5370678505274125,7
4798,6.095976555813893,6.552668216112194,0.45669166029830066,10
4799,6.133650338752775,6.552668216112194,0.4190178773594182,2
4800,6.0791590180971795,6.552668216112194,0.4735091980150141,1
4801,6.107439484576505,6.552668216112194,0.4452287315356882,8
4802,6.180746024355751,6.552668216112194,0.37192219175644237,9
4803,6.082161037134667,6.552668216112194,0.4705071789775266,3
4804,6.054740966988081,6.552668216112194,0.49792724912411224,4
4805,6.283545008771343,6.552668216112194,0.2691232073408507,5
4806,5.718910461433271,6.423245873936808,0.7043354125035366,8
4807,5.793092015657122,6.423245873936808,0.6301538582796855,10
4808,5.7973735784235885,6.423245873936808,0.6258722955132194,9
4809,5.695423072072315,6.423245873936808,0.7278228018644928,4
4810,5.768180016324127,6.423245873936808,0.6550658576126809,7
4811,5.78156852223982,6.423245873936808,0.6416773516969876,2
4812,5.66003175395311,6.423245873936808,0.7632141199836981,6
4813,5.806694797594567,6.423245873936808,0.6165510763422413,1
4814,5.998605064060673,6.423245873936808,0.4246408098761352,5
4815,6.130457809872374,6.079181246047625,-0.05127656382474921,4
4816,6.086564648565007,6.079181246047625,-0.0073834025173820095,8
4817,6.0459790820960775,6.079181246047625,0.033202163951547625,6
4818,6.169705528191459,6.079181246047625,-0.0905242821438339,5
4819,6.176796609621218,6.079181246047625,-0.0976153635735928,7
4820,6.09658224986168,6.079181246047625,-0.017401003814055294,10
4821,6.100183242490236,6.079181246047625,-0.021001996442611137,9
4822,6.081038705044916,6.079181246047625,-0.0018574589972910616,1
4823,6.085659685684139,6.079181246047625,-0.006478439636514288,3
4824,6.181259895666522,6.9084850188786495,0.7272251232121274,6
4825,6.1631210906662455,6.9084850188786495,0.745363928212404,9
4826,6.10073243382075,6.9084850188786495,0.8077525850578997,3
4827,6.1218551827434124,6.9084850188786495,0.7866298361352371,1
4828,6.05361205846309,6.9084850188786495,0.8548729604155598,2
4829,6.028538791259024,6.9084850188786495,0.8799462276196257,8
4830,6.145531160528397,6.9084850188786495,0.7629538583502526,4
4831,5.919467928738752,6.9084850188786495,0.9890170901398978,7
4832,6.2127323899772815,6.9084850188786495,0.695752628901368,10
4833,6.2922471022724356,6.913283901760418,0.6210367994879826,9
4834,6.254302686719975,6.913283901760418,0.658981215040443,3
4835,6.290850757910583,6.913283901760418,0.6224331438498352,10
4836,6.398125155750541,6.913283901760418,0.5151587460098774,2
4837,6.384064567102374,6.913283901760418,0.5292193346580438,4
4838,6.298626122400027,6.913283901760418,0.6146577793603916,7
4839,6.227800416113876,6.913283901760418,0.6854834856465422,5
4840,6.332330377264272,6.913283901760418,0.5809535244961461,6
4841,6.348926382204362,6.913283901760418,0.5643575195560562,1
4842,6.135808476760003,6.079181246047625,-0.05662723071237785,1
4843,5.901689497220702,6.079181246047625,0.17749174882692298,7
4844,5.926777493525758,6.079181246047625,0.15240375252186755,5
4845,5.982892764910094,6.079181246047625,0.09628848113753108,8
4846,6.1439088405147135,6.079181246047625,-0.06472759446708842,9
4847,6.163187109652477,6.079181246047625,-0.08400586360485196,4
4848,6.113422250012002,6.079181246047625,-0.034241003964377015,2
4849,6.145105741780892,6.079181246047625,-0.06592449573326675,6
4850,6.232611253812127,6.079181246047625,-0.1534300077645021,10
4851,6.113422250012002,6.657055852857104,0.5436336028451016,2
4852,6.145105741780892,6.657055852857104,0.5119501110762119,6
4853,5.926777493525758,6.657055852857104,0.7302783593313462,5
4854,5.982892764910094,6.657055852857104,0.6741630879470097,8
4855,6.146922057380155,6.657055852857104,0.5101337954769489,3
4856,6.135808476760003,6.657055852857104,0.5212473760971008,1
4857,6.232611253812127,6.657055852857104,0.42444459904497656,10
4858,6.1439088405147135,6.657055852857104,0.5131470123423902,9
4859,6.163187109652477,6.657055852857104,0.4938687432046267,4
4860,5.6138367335341215,4.615097451301758,-0.9987392822323633,1
4861,5.514638225729237,4.615097451301758,-0.8995407744274786,6
4862,5.632916278268266,4.615097451301758,-1.0178188269665078,10
4863,5.611636751311354,4.615097451301758,-0.9965393000095961,5
4864,5.596817502863113,4.615097451301758,-0.9817200515613544,7
4865,5.465231391542128,4.615097451301758,-0.8501339402403696,3
4866,5.541642252023902,4.615097451301758,-0.9265448007221435,2
4867,5.5915388615403465,4.615097451301758,-0.9764414102385883,4
4868,5.514856052852531,4.615097451301758,-0.899758601550773,8
4869,6.3985494469215975,6.962369335670021,0.5638198887484238,2
4870,6.3735079633605976,6.962369335670021,0.5888613723094238,4
4871,6.41966764857221,6.962369335670021,0.5427016870978116,5
4872,6.349530898728234,6.962369335670021,0.6128384369417876,8
4873,6.359183395442806,6.962369335670021,0.6031859402272151,9
4874,6.41025027495074,6.962369335670021,0.5521190607192814,10
4875,6.311143994277696,6.962369335670021,0.6512253413923252,1
4876,6.4729824417294965,6.962369335670021,0.4893868939405248,7
4877,6.351228229175911,6.962369335670021,0.6111411064941104,3
4878,6.093057640394916,6.57978359661681,0.4867259562218944,6
4879,6.257119944055132,6.57978359661681,0.32266365256167795,7
4880,6.1798355397392815,6.57978359661681,0.39994805687752866,2
4881,6.21743652750745,6.57978359661681,0.36234706910935977,10
4882,6.1155798834200645,6.57978359661681,0.4642037131967456,3
4883,6.070051147637389,6.57978359661681,0.5097324489794213,8
4884,6.1881367669200635,6.57978359661681,0.3916468296967466,9
4885,6.152530316804854,6.57978359661681,0.42725327981195615,1
4886,6.004289174432454,6.57978359661681,0.5754944221843559,4
4887,6.095905234329794,5.959041392321094,-0.13686384200870005,8
4888,6.185864450369854,5.959041392321094,-0.22682305804876002,7
4889,6.1559955783795415,5.959041392321094,-0.1969541860584476,6
4890,6.113112225915764,5.959041392321094,-0.15407083359467055,5
4891,6.0956686613045035,5.959041392321094,-0.1366272689834096,4
4892,6.089949086794746,5.959041392321094,-0.13090769447365247,2
4893,6.1106408338392235,5.959041392321094,-0.15159944151812965,9
4894,6.191454733201007,5.959041392321094,-0.23241334087991294,10
4895,6.136274614978385,5.959041392321094,-0.17723322265729102,3
4896,5.795804842481022,6.079181246047625,0.2833764035666029,9
4897,5.8295505288029945,6.079181246047625,0.2496307172446306,7
4898,5.765159247285603,6.079181246047625,0.31402199876202186,10
4899,5.698076643444062,6.079181246047625,0.38110460260356316,8
4900,5.855692928091184,6.079181246047625,0.2234883179564413,3
4901,5.7955345470166595,6.079181246047625,0.2836466990309656,5
4902,5.800786788812195,6.079181246047625,0.27839445723543044,6
4903,5.770838827901913,6.079181246047625,0.3083424181457124,4
4904,5.788378929351542,6.079181246047625,0.2908023166960829,1
4905,6.60563150442213,6.857332496431268,0.2517009920091384,4
4906,6.5041021350590515,6.857332496431268,0.35323036137221653,2
4907,6.510299865489334,6.857332496431268,0.3470326309419338,1
4908,6.616221300920254,6.857332496431268,0.24111119551101368,8
4909,6.434986001429636,6.857332496431268,0.4223464950016318,10
4910,6.5757305818374565,6.857332496431268,0.28160191459381156,3
4911,6.5522163762397065,6.857332496431268,0.30511612019156154,9
4912,6.466232741377356,6.857332496431268,0.39109975505391237,7
4913,6.53442155890084,6.857332496431268,0.32291093753042777,5
4914,6.250796476688976,7.012837224705172,0.7620407480161964,9
4915,6.194649063896624,7.012837224705172,0.818188160808548,1
4916,6.088460602122949,7.012837224705172,0.9243766225822228,4
4917,6.199406226765694,7.012837224705172,0.813430997939478,3
4918,6.151591530088786,7.012837224705172,0.861245694616386,5
4919,6.201123898487001,7.012837224705172,0.8117133262181708,6
4920,6.137113350031537,7.012837224705172,0.8757238746736347,10
4921,6.136910975717688,7.012837224705172,0.8759262489874837,7
4922,6.357399263981368,7.012837224705172,0.6554379607238037,2
4923,5.797034080856341,5.950364854376123,0.15333077351978197,3
4924,5.8214478627252815,5.950364854376123,0.1289169916508417,6
4925,5.746209950933818,5.950364854376123,0.2041549034423049,8
4926,5.795837007151911,5.950364854376123,0.15452784722421242,1
4927,5.805085095977772,5.950364854376123,0.1452797583983516,10
4928,5.757108738704628,5.950364854376123,0.19325611567149537,9
4929,5.759336288235178,5.950364854376123,0.191028566140945,4
4930,5.824188865402356,5.950364854376123,0.1261759889737668,2
4931,5.773413666435173,5.950364854376123,0.17695118794094977,7
4932,6.919645270116013,7.727541257028556,0.807895986912543,8
4933,6.9970072120183655,7.727541257028556,0.7305340450101907,9
4934,6.9195696654522285,7.727541257028556,0.8079715915763277,4
4935,6.881047322503732,7.727541257028556,0.8464939345248244,3
4936,6.862291781361361,7.727541257028556,0.8652494756671949,1
4937,6.864767250438657,7.727541257028556,0.8627740065898992,10
4938,6.884434984748104,7.727541257028556,0.8431062722804521,5
4939,6.979605230676046,7.727541257028556,0.7479360263525106,6
4940,6.845972803357399,7.727541257028556,0.8815684536711572,7
4941,6.712739559333109,7.176091259055681,0.4633516997225726,7
4942,6.693978149791672,7.176091259055681,0.4821131092640094,4
4943,6.805356152519817,7.176091259055681,0.3707351065358644,9
4944,6.696710432117504,7.176091259055681,0.4793808269381774,8
4945,6.720474092696892,7.176091259055681,0.4556171663587891,1
4946,6.785122802928449,7.176091259055681,0.39096845612723197,6
4947,6.710882797467752,7.176091259055681,0.4652084615879293,10
4948,6.568313189687226,7.176091259055681,0.6077780693684556,2
4949,6.727109576144581,7.176091259055681,0.44898168291109997,3
4950,6.693978149791672,5.939758797292041,-0.7542193524996312,4
4951,6.785122802928449,5.939758797292041,-0.8453640056364087,6
4952,6.696710432117504,5.939758797292041,-0.7569516348254632,8
4953,6.712739559333109,5.939758797292041,-0.772980762041068,7
4954,6.568313189687226,5.939758797292041,-0.6285543923951851,2
4955,6.720474092696892,5.939758797292041,-0.7807152954048515,1
4956,6.507319507356331,5.939758797292041,-0.5675607100642903,5
4957,6.710882797467752,5.939758797292041,-0.7711240001757114,10
4958,6.727109576144581,5.939758797292041,-0.7873507788525407,3
4959,6.9990980369828595,6.592176757395867,-0.4069212795869923,4
4960,6.860316519062123,6.592176757395867,-0.26813976166625597,2
4961,6.966807196733706,6.592176757395867,-0.3746304393378388,6
4962,6.986616998835975,6.592176757395867,-0.39444024144010825,9
4963,6.918873338847057,6.592176757395867,-0.3266965814511895,5
4964,6.909904353938044,6.592176757395867,-0.3177275965421771,8
4965,6.975627166913335,6.592176757395867,-0.3834504095174678,10
4966,6.854073126514125,6.592176757395867,-0.26189636911825787,7
4967,7.0059532847228745,6.592176757395867,-0.4137765273270073,3
4968,4.768887214579458,5.136720567156407,0.36783335257694905,8
4969,4.852842513575665,5.136720567156407,0.28387805358074125,9
4970,4.7197508155431285,5.136720567156407,0.4169697516132782,7
4971,4.695399760801725,5.136720567156407,0.44132080635468185,5
4972,4.964383556500192,5.136720567156407,0.17233701065621432,6
4973,5.0106347874984,5.136720567156407,0.12608577965800638,4
4974,4.84147765715542,5.136720567156407,0.29524291000098657,1
4975,4.877450646850715,5.136720567156407,0.25926992030569185,10
4976,4.870574723623675,5.136720567156407,0.2661458435327315,2
4977,4.613172411346214,6.200303182981585,1.5871307716353718,10
4978,4.734139483217426,6.200303182981585,1.4661636997641594,6
4979,4.828736191553211,6.200303182981585,1.3715669914283746,1
4980,4.686097893385603,6.200303182981585,1.5142052895959823,2
4981,4.61626182939913,6.200303182981585,1.584041353582455,7
4982,4.747166401124916,6.200303182981585,1.453136781856669,3
4983,4.878332951955131,6.200303182981585,1.3219702310264543,4
4984,4.603854976781383,6.200303182981585,1.5964482062002023,8
4985,4.691871519881986,6.200303182981585,1.508431663099599,9
4986,5.039972291165821,5.892094602690481,0.8521223115246599,2
4987,5.099613521553648,5.892094602690481,0.7924810811368328,10
4988,4.996726428933348,5.892094602690481,0.8953681737571326,5
4989,5.24054239644898,5.892094602690481,0.6515522062415009,4
4990,4.9769312602565305,5.892094602690481,0.9151633424339503,7
4991,5.246016121562476,5.892094602690481,0.6460784811280051,9
4992,5.135658367055581,5.892094602690481,0.7564362356348999,6
4993,5.09556853613094,5.892094602690481,0.7965260665595411,1
4994,5.131003003041275,5.892094602690481,0.7610915996492054,8
4995,6.417872756847835,6.826074802700826,0.4082020458529909,3
4996,6.343592363100944,6.826074802700826,0.4824824395998819,6
4997,6.455701248351062,6.826074802700826,0.37037355434976416,7
4998,6.298079582576907,6.826074802700826,0.5279952201239189,5
4999,6.499648326575881,6.826074802700826,0.32642647612494535,10
5000,6.451773418516315,6.826074802700826,0.37430138418451087,1
5001,6.163865104486178,6.826074802700826,0.6622096982146477,8
5002,6.491534721286671,6.826074802700826,0.33454008141415503,4
5003,6.340943298158793,6.826074802700826,0.485131504542033,9
5004,6.038068677527074,6.919078092376074,0.8810094148489993,2
5005,6.1095088020848864,6.919078092376074,0.8095692902911873,1
5006,6.08983568186526,6.919078092376074,0.8292424105108136,7
5007,6.0716817010253115,6.919078092376074,0.8473963913507623,4
5008,6.191988869594079,6.919078092376074,0.727089222781995,10
5009,6.128816156751314,6.919078092376074,0.79026193562476,3
5010,6.1284984814564085,6.919078092376074,0.7905796109196652,6
5011,5.960549896657029,6.919078092376074,0.9585281957190448,8
5012,5.965512911176425,6.919078092376074,0.9535651811996484,5
5013,5.63313207824133,5.8750612633917,0.24192918515037043,2
5014,5.5396395745964195,5.8750612633917,0.33542168879528056,4
5015,5.660218720106171,5.8750612633917,0.21484254328552943,3
5016,5.7353522040657765,5.8750612633917,0.1397090593259236,10
5017,5.693243044145638,5.8750612633917,0.181818219246062,9
5018,5.569667043624064,5.8750612633917,0.3053942197676358,8
5019,5.602251126055,5.8750612633917,0.2728101373367,1
5020,5.5555137034085895,5.8750612633917,0.3195475599831106,5
5021,5.727034914294909,5.8750612633917,0.14802634909679124,6
5022,5.859127049828525,5.176091259055681,-0.6830357907728439,8
5023,6.035031969221211,5.176091259055681,-0.8589407101655295,10
5024,5.939304761972065,5.176091259055681,-0.7632135029163836,3
5025,5.926332460083279,5.176091259055681,-0.7502412010275981,7
5026,5.858238625544042,5.176091259055681,-0.682147366488361,4
5027,5.983869217619848,5.176091259055681,-0.8077779585641665,9
5028,5.866990551131884,5.176091259055681,-0.6908992920762023,1
5029,5.930553982802463,5.176091259055681,-0.7544627237467818,2
5030,5.915808284501429,5.176091259055681,-0.7397170254457475,6
5031,6.434493660815892,6.644044492814749,0.2095508319988575,1
5032,6.4568428490397585,6.644044492814749,0.1872016437749906,9
5033,6.439041739153748,6.644044492814749,0.2050027536610015,7
5034,6.512154373993917,6.644044492814749,0.13189011882083168,5
5035,6.445382353646881,6.644044492814749,0.198662139167868,3
5036,6.35339822426186,6.644044492814749,0.290646268552889,2
5037,6.366978104871371,6.644044492814749,0.27706638794337834,4
5038,6.484331182744759,6.644044492814749,0.15971331006999012,10
5039,6.317505883385011,6.644044492814749,0.326538609429738,6
5040,2.716483259785089,2.7781512503836434,0.06166799059855421,6
5041,2.397799075367777,2.7781512503836434,0.3803521750158665,8
5042,2.4417238222200566,2.7781512503836434,0.33642742816358684,5
5043,2.4698353048400348,2.7781512503836434,0.30831594554360864,9
5044,2.2720022033211853,2.7781512503836434,0.5061490470624581,10
5045,2.373688662982079,2.7781512503836434,0.4044625874015644,7
5046,2.4463850891091146,2.7781512503836434,0.33176616127452885,3
5047,2.3519617637311683,2.7781512503836434,0.42618948665247514,4
5048,2.2656949647764417,2.7781512503836434,0.5124562856072017,2
5049,5.4458367322722285,6.079181246047625,0.6333445137753966,3
5050,5.564896872442279,6.079181246047625,0.5142843736053457,5
5051,5.6202280661369555,6.079181246047625,0.45895317991066964,2
5052,5.3945909460413946,6.079181246047625,0.6845903000062306,9
5053,5.609013607009797,6.079181246047625,0.470167639037828,10
5054,5.468564157913332,6.079181246047625,0.6106170881342932,7
5055,5.441319588653761,6.079181246047625,0.6378616573938638,4
5056,5.428107766811979,6.079181246047625,0.6510734792356461,6
5057,5.504535486957301,6.079181246047625,0.5746457590903242,8
5058,2.536999017978657,3.0791812460476247,0.5421822280689677,9
5059,2.3755509696602672,3.0791812460476247,0.7036302763873574,1
5060,2.4844832446975014,3.0791812460476247,0.5946980013501233,6
5061,2.358416753955844,3.0791812460476247,0.7207644920917806,2
5062,2.400408401938386,3.0791812460476247,0.6787728441092389,3
5063,2.375775409142108,3.0791812460476247,0.7034058369055165,8
5064,2.4097940476840205,3.0791812460476247,0.6693871983636042,5
5065,2.4241057165159097,3.0791812460476247,0.655075529531715,4
5066,2.3073143586341573,3.0791812460476247,0.7718668874134673,7
5067,6.079860457232457,6.283301228703549,0.20344077147109196,5
5068,6.016549699153509,6.283301228703549,0.26675152955004044,6
5069,5.937777984421651,6.283301228703549,0.34552324428189785,7
5070,6.041790101507483,6.283301228703549,0.24151112719606616,4
5071,5.97366789276468,6.283301228703549,0.30963333593886944,2
5072,5.948361699229899,6.283301228703549,0.33493952947365013,1
5073,6.059287887475376,6.283301228703549,0.22401334122817307,8
5074,6.001540619894046,6.283301228703549,0.2817606088095035,3
5075,6.1336205432052635,6.283301228703549,0.14968068549828573,9
5076,4.7967098995866655,6.2878017299302265,1.491091830343561,8
5077,5.027440745625662,6.2878017299302265,1.2603609843045644,7
5078,4.858519397747879,6.2878017299302265,1.4292823321823471,1
5079,4.908036703475641,6.2878017299302265,1.379765026454585,4
5080,5.624588060759197,6.2878017299302265,0.6632136691710295,5
5081,4.979805478516542,6.2878017299302265,1.3079962514136847,2
5082,4.8795652325110686,6.2878017299302265,1.408236497419158,6
5083,4.832036652920685,6.2878017299302265,1.4557650770095414,9
5084,4.749656439995629,6.2878017299302265,1.5381452899345973,3
5085,6.069048716168812,5.536937022704674,-0.5321116934641381,6
5086,5.8357400589969375,5.536937022704674,-0.2988030362922638,5
5087,6.007589165676111,5.536937022704674,-0.47065214297143765,1
5088,5.875930261727846,5.536937022704674,-0.33899323902317224,8
5089,6.016906867300563,5.536937022704674,-0.4799698445958889,2
5090,5.910917514866602,5.536937022704674,-0.3739804921619285,7
5091,6.049517920825402,5.536937022704674,-0.5125808981207287,3
5092,6.056343487903268,5.536937022704674,-0.5194064651985943,9
5093,6.049726034582922,5.536937022704674,-0.5127890118782483,4
5094,6.035031969221211,6.301029995663981,0.2659980264427704,10
5095,5.915808284501429,6.301029995663981,0.38522171116255244,6
5096,5.926332460083279,6.301029995663981,0.37469753558070185,7
5097,5.859127049828525,6.301029995663981,0.441902945835456,8
5098,5.930553982802463,6.301029995663981,0.3704760128615181,2
5099,5.866990551131884,6.301029995663981,0.43403944453209764,1
5100,5.858238625544042,6.301029995663981,0.44279137011993885,4
5101,5.983869217619848,6.301029995663981,0.31716077804413345,9
5102,6.2187508208819535,6.301029995663981,0.08227917478202773,5
5103,6.559576073585906,6.472902651803664,-0.08667342178224224,5
5104,6.490808238419403,6.472902651803664,-0.017905586615738933,6
5105,6.469721225405344,6.472902651803664,0.0031814263983198643,7
5106,6.568893329003903,6.472902651803664,-0.09599067720023946,9
5107,6.330452850069665,6.472902651803664,0.14244980173399924,2
5108,6.318380553550747,6.472902651803664,0.15452209825291696,4
5109,6.500132921438925,6.472902651803664,-0.027230269635261095,8
5110,6.487962758549152,6.472902651803664,-0.015060106745488078,10
5111,6.429153051138115,6.472902651803664,0.04374960066554845,1
5112,5.098422489676769,5.0,-0.0984224896767687,9
5113,5.150977468192054,5.0,-0.15097746819205415,2
5114,5.196227253323085,5.0,-0.19622725332308466,1
5115,5.190168299339839,5.0,-0.19016829933983903,5
5116,5.176783594616113,5.0,-0.17678359461611315,6
5117,5.062990662763864,5.0,-0.06299066276386434,3
5118,5.251424430226021,5.0,-0.2514244302260211,4
5119,5.23137488606282,5.0,-0.2313748860628202,8
5120,5.124253890757334,5.0,-0.12425389075733406,10
5121,6.287138160847776,6.531478917042255,0.2443407561944797,7
5122,6.273863334284631,6.531478917042255,0.25761558275762475,1
5123,6.307446365095766,6.531478917042255,0.22403255194648963,3
5124,6.281460458211442,6.531478917042255,0.2500184588308132,4
5125,6.341385357608074,6.531478917042255,0.1900935594341817,10
5126,6.226973024297801,6.531478917042255,0.30450589274445417,2
5127,6.263937098555715,6.531478917042255,0.26754181848654035,6
5128,6.308642124687335,6.531478917042255,0.22283679235492038,9
5129,6.2844188902172675,6.531478917042255,0.24706002682498784,5
5130,5.744751653332275,6.033423755486949,0.2886721021546741,5
5131,5.6229496006511,6.033423755486949,0.4104741548358497,2
5132,5.574615130215193,6.033423755486949,0.4588086252717565,10
5133,5.787280552045718,6.033423755486949,0.24614320344123186,4
5134,5.630696150266822,6.033423755486949,0.40272760522012785,9
5135,5.6374594654881145,6.033423755486949,0.39596428999883493,3
5136,5.676139119073605,6.033423755486949,0.3572846364133442,6
5137,5.680250002828667,6.033423755486949,0.3531737526582823,8
5138,5.66443480508503,6.033423755486949,0.3689889504019197,7
5139,4.5244171455412605,3.662757831681574,-0.8616593138596866,1
5140,4.579979540729709,3.662757831681574,-0.9172217090481349,5
5141,4.74623016493875,3.662757831681574,-1.0834723332571765,2
5142,4.720436115851722,3.662757831681574,-1.0576782841701484,8
5143,4.537111098574918,3.662757831681574,-0.8743532668933445,9
5144,4.549833108567762,3.662757831681574,-0.8870752768861885,7
5145,4.632167811991054,3.662757831681574,-0.96940998030948,6
5146,4.5064332385357355,3.662757831681574,-0.8436754068541616,3
5147,4.496479911922893,3.662757831681574,-0.8337220802413188,10
5148,6.1036958994440536,6.260548372636979,0.1568524731929255,4
5149,6.026289561646022,6.260548372636979,0.2342588109909567,8
5150,5.951895112222784,6.260548372636979,0.3086532604141947,7
5151,6.045609825379311,6.260548372636979,0.2149385472576677,9
5152,6.1029378793796685,6.260548372636979,0.15761049325731058,2
5153,5.991249349972441,6.260548372636979,0.269299022664538,1
5154,6.018478862580296,6.260548372636979,0.24206951005668298,10
5155,6.043007123749543,6.260548372636979,0.21754124888743576,3
5156,6.051617032487145,6.260548372636979,0.20893134014983428,6
5157,5.605253136995517,5.301029995663981,-0.30422314133153616,2
5158,5.579972652610364,5.301029995663981,-0.27894265694638243,3
5159,5.604263932788837,5.301029995663981,-0.3032339371248556,1
5160,5.520083515120181,5.301029995663981,-0.21905351945619955,10
5161,5.548350730850614,5.301029995663981,-0.24732073518663267,8
5162,5.615728634816599,5.301029995663981,-0.31469863915261787,4
5163,5.636789043021469,5.301029995663981,-0.33575904735748807,7
5164,5.6206287022765675,5.301029995663981,-0.31959870661258627,9
5165,5.584305089256494,5.301029995663981,-0.283275093592513,6
5166,6.006327197658272,6.176091259055681,0.16976406139740963,3
5167,6.078609631866554,6.176091259055681,0.09748162718912745,5
5168,6.081505765475746,6.176091259055681,0.09458549357993551,2
5169,6.095597885075599,6.176091259055681,0.08049337398008216,4
5170,6.028432008646056,6.176091259055681,0.14765925040962546,7
5171,5.996789842340476,6.176091259055681,0.17930141671520516,1
5172,6.029730825802847,6.176091259055681,0.1463604332528341,10
5173,6.061975506221051,6.176091259055681,0.11411575283463016,9
5174,6.150309761944132,6.176091259055681,0.025781497111549534,6
5175,5.548307891756056,5.4996870826184034,-0.04862080913765254,5
5176,5.518055674737306,5.4996870826184034,-0.01836859211890296,1
5177,5.582196026272504,5.4996870826184034,-0.08250894365410044,7
5178,5.507617337512168,5.4996870826184034,-0.007930254893764754,2
5179,5.551343382373875,5.4996870826184034,-0.05165629975547148,9
5180,5.549199198756561,5.4996870826184034,-0.04951211613815776,10
5181,5.656046865638361,5.4996870826184034,-0.15635978301995745,6
5182,5.469320467091034,5.4996870826184034,0.03036661552736941,3
5183,5.508030017211068,5.4996870826184034,-0.008342934592664442,8
5184,5.480791689570958,5.295127085252191,-0.18566460431876664,9
5185,5.686761366681383,5.295127085252191,-0.39163428142919177,6
5186,5.831580656571457,5.295127085252191,-0.5364535713192664,7
5187,5.811467785273003,5.295127085252191,-0.5163407000208116,1
5188,5.773149020005894,5.295127085252191,-0.4780219347537029,10
5189,5.732551636966673,5.295127085252191,-0.43742455171448213,5
5190,5.669518662755051,5.295127085252191,-0.3743915775028599,8
5191,5.703967291648802,5.295127085252191,-0.40884020639661056,2
5192,5.642670738612877,5.295127085252191,-0.3475436533606864,3
5193,5.180549420820598,5.301029995663981,0.12048057484338326,2
5194,5.180895867157773,5.301029995663981,0.12013412850620853,10
5195,5.4100819105362605,5.301029995663981,-0.10905191487227928,4
5196,5.308329674977096,5.301029995663981,-0.007299679313114815,7
5197,5.27421425690569,5.301029995663981,0.02681573875829102,3
5198,5.282095834921108,5.301029995663981,0.01893416074287302,8
5199,5.332027932147967,5.301029995663981,-0.030997936483985633,6
5200,5.083240901974674,5.301029995663981,0.21778909368930766,5
5201,5.436899378201176,5.301029995663981,-0.13586938253719438,1
5202,4.670744354114248,3.911690158753861,-0.7590541953603873,8
5203,4.618894294871916,3.911690158753861,-0.7072041361180554,10
5204,4.760169064862855,3.911690158753861,-0.8484789061089941,6
5205,4.640389200379657,3.911690158753861,-0.7286990416257959,3
5206,4.629537538214951,3.911690158753861,-0.71784737946109,5
5207,4.763340422614692,3.911690158753861,-0.8516502638608312,1
5208,4.634705787281561,3.911690158753861,-0.7230156285277003,2
5209,4.687867199815462,3.911690158753861,-0.7761770410616009,9
5210,4.687859717614025,3.911690158753861,-0.7761695588601638,7
5211,6.126645556235845,6.324282455297693,0.19763689906184823,3
5212,5.877348214336632,6.324282455297693,0.4469342409610615,10
5213,5.865594571678043,6.324282455297693,0.45868788361964974,6
5214,5.816477166226046,6.324282455297693,0.5078052890716469,4
5215,5.77337726721151,6.324282455297693,0.5509051880861833,8
5216,5.849753333471124,6.324282455297693,0.4745291218265688,1
5217,5.818919024982917,6.324282455297693,0.5053634303147758,9
5218,5.775776933034255,6.324282455297693,0.5485055222634383,7
5219,5.789672242461577,6.324282455297693,0.5346102128361157,2
5220,5.211036543785077,5.72029163965499,0.5092550958699125,10
5221,5.301182749153752,5.72029163965499,0.4191088905012377,6
5222,5.313314291694197,5.72029163965499,0.406977347960793,4
5223,5.167968015974619,5.72029163965499,0.5523236236803708,3
5224,5.21984359282041,5.72029163965499,0.5004480468345802,5
5225,5.26064274445665,5.72029163965499,0.45964889519833996,7
5226,5.065105257237717,5.72029163965499,0.6551863824172726,9
5227,5.21106543451778,5.72029163965499,0.5092262051372103,1
5228,5.119208190613276,5.72029163965499,0.6010834490417141,2
5229,6.255764239666578,6.3670482644844935,0.11128402481791522,2
5230,6.2992916522475815,6.3670482644844935,0.06775661223691198,9
5231,6.094010977831174,6.3670482644844935,0.2730372866533193,7
5232,6.202395273572964,6.3670482644844935,0.16465299091152907,10
5233,6.257635639096781,6.3670482644844935,0.10941262538771213,8
5234,6.186174889424328,6.3670482644844935,0.1808733750601652,1
5235,6.316928096433621,6.3670482644844935,0.05012016805087249,6
5236,6.275822813019828,6.3670482644844935,0.09122545146466532,3
5237,6.237019346339632,6.3670482644844935,0.13002891814486173,4
5238,6.3338864824569425,7.204119982655925,0.8702335001989825,6
5239,6.399310100708648,7.204119982655925,0.8048098819472767,9
5240,6.457269243709859,7.204119982655925,0.7468507389460664,4
5241,6.38463130692474,7.204119982655925,0.8194886757311854,7
5242,6.419044606849538,7.204119982655925,0.7850753758063869,5
5243,6.394821004913693,7.204119982655925,0.8092989777422321,8
5244,6.40388589390885,7.204119982655925,0.8002340887470751,10
5245,6.345851896939038,7.204119982655925,0.8582680857168867,3
5246,6.389818770063927,7.204119982655925,0.8143012125919977,2
5247,6.334384695175519,6.012837224705172,-0.32154747047034693,5
5248,6.228547324747491,6.012837224705172,-0.21571010004231894,6
5249,6.404478913991278,6.012837224705172,-0.3916416892861063,8
5250,6.35172152251995,6.012837224705172,-0.33888429781477836,7
5251,6.399059318888483,6.012837224705172,-0.386222094183311,9
5252,6.3405983260589345,6.012837224705172,-0.32776110135376246,2
5253,6.405954395419532,6.012837224705172,-0.39311717071436014,1
5254,6.452388849937674,6.012837224705172,-0.439551625232502,4
5255,6.423500273547588,6.012837224705172,-0.4106630488424159,10
5256,5.396048992047624,5.176091259055681,-0.21995773299194266,10
5257,5.383166932240827,5.176091259055681,-0.20707567318514553,9
5258,5.435437250433786,5.176091259055681,-0.25934599137810466,7
5259,5.443393464981839,5.176091259055681,-0.26730220592615783,4
5260,5.521535607903789,5.176091259055681,-0.3454443488481074,5
5261,5.539292917660064,5.176091259055681,-0.3632016586043827,2
5262,5.462424609395614,5.176091259055681,-0.286333350339933,6
5263,5.502799030041978,5.176091259055681,-0.3267077709862969,8
5264,5.210216766552365,5.176091259055681,-0.034125507496683305,1
5265,5.8607183969880285,6.278982116865443,0.4182637198774142,7
5266,5.7895010784904315,6.278982116865443,0.4894810383750112,5
5267,5.791882174397397,6.278982116865443,0.48709994246804555,10
5268,5.704411148276459,6.278982116865443,0.5745709685889837,6
5269,5.718102945937063,6.278982116865443,0.5608791709283798,2
5270,5.714292288846489,6.278982116865443,0.5646898280189534,3
5271,5.627113636822726,6.278982116865443,0.651868480042717,8
5272,5.637961454215959,6.278982116865443,0.6410206626494839,4
5273,5.598654623181925,6.278982116865443,0.6803274936835173,9
5274,5.400680485286327,6.17897694729317,0.7782964620068427,7
5275,5.270291164789937,6.17897694729317,0.9086857825032331,6
5276,5.394124654811775,6.17897694729317,0.7848522924813945,8
5277,5.18941764681453,6.17897694729317,0.98955930047864,10
5278,5.321060216723296,6.17897694729317,0.8579167305698734,4
5279,5.256235307294295,6.17897694729317,0.9227416399988746,3
5280,5.186881135407114,6.17897694729317,0.9920958118860561,2
5281,5.388080576044399,6.17897694729317,0.7908963712487704,5
5282,5.156766692687063,6.17897694729317,1.0222102546061071,1
5283,4.54048089473204,4.329194415088451,-0.21128647964358915,4
5284,4.733692764163651,4.329194415088451,-0.4044983490752001,8
5285,4.71312139899961,4.329194415088451,-0.3839269839111594,2
5286,4.5039134768976306,4.329194415088451,-0.17471906180917962,10
5287,4.5532247046622825,4.329194415088451,-0.22403028957383153,3
5288,4.723034923164987,4.329194415088451,-0.39384050807653637,6
5289,4.581017891266586,4.329194415088451,-0.25182347617813505,9
5290,4.885142401801115,4.329194415088451,-0.5559479867126642,5
5291,4.5227643516489895,4.329194415088451,-0.19356993656053856,1
5292,5.539292917660064,6.002166061756507,0.4628731440964433,2
5293,5.383166932240827,6.002166061756507,0.6189991295156805,9
5294,5.443393464981839,6.002166061756507,0.5587725967746682,4
5295,5.521535607903789,6.002166061756507,0.48063045385271863,5
5296,5.462424609395614,6.002166061756507,0.539741452360893,6
5297,5.435437250433786,6.002166061756507,0.5667288113227213,7
5298,5.356986350000253,6.002166061756507,0.6451797117562545,3
5299,5.502799030041978,6.002166061756507,0.4993670317145291,8
5300,5.396048992047624,6.002166061756507,0.6061170697088833,10
5301,6.482894026902066,6.489395921727129,0.006501894825063026,2
5302,6.5507066114867065,6.489395921727129,-0.06131068975957721,9
5303,6.5142210378977055,6.489395921727129,-0.024825116170576145,10
5304,6.48855821467362,6.489395921727129,0.0008377070535097175,4
5305,6.511914220319724,6.489395921727129,-0.02251829859259491,1
5306,6.47452645800581,6.489395921727129,0.014869463721319143,8
5307,6.537558649392941,6.489395921727129,-0.048162727665811644,6
5308,6.491500610863247,6.489395921727129,-0.002104689136118054,7
5309,6.443933733293906,6.489395921727129,0.04546218843322336,5
5310,5.1073079571885,5.0,-0.10730795718849961,4
5311,5.2852279220308995,5.0,-0.28522792203089953,7
5312,5.2428769972134885,5.0,-0.24287699721348854,2
5313,5.140748061566004,5.0,-0.14074806156600417,3
5314,5.255554857962387,5.0,-0.2555548579623874,8
5315,5.129160346813402,5.0,-0.12916034681340172,9
5316,5.1784528259274625,5.0,-0.17845282592746248,5
5317,5.108908126243294,5.0,-0.1089081262432936,6
5318,5.025214475536618,5.0,-0.025214475536618153,10
5319,4.577032380414056,5.0,0.4229676195859442,3
5320,4.73093570949153,5.0,0.2690642905084699,2
5321,4.929189118416788,5.0,0.07081088158321158,5
5322,4.764399407933404,5.0,0.23560059206659556,9
5323,4.920123093278559,5.0,0.07987690672144065,8
5324,4.84643342976835,5.0,0.15356657023165,4
5325,5.184574737343428,5.0,-0.18457473734342766,6
5326,4.853361099598587,5.0,0.14663890040141325,10
5327,5.015366893974107,5.0,-0.015366893974107398,7
5328,5.569881650975859,4.698970004336019,-0.8709116466398399,3
5329,5.532071478965574,4.698970004336019,-0.8331014746295553,7
5330,5.530728780566118,4.698970004336019,-0.8317587762300995,8
5331,5.566015495611159,4.698970004336019,-0.8670454912751406,5
5332,5.434055770604532,4.698970004336019,-0.7350857662685133,9
5333,5.625379387630409,4.698970004336019,-0.9264093832943905,6
5334,5.489522684583573,4.698970004336019,-0.7905526802475542,1
5335,5.594909170317141,4.698970004336019,-0.8959391659811224,4
5336,5.544532191396194,4.698970004336019,-0.8455621870601755,2
5337,5.395475897006502,5.294466226161593,-0.10100967084490886,1
5338,5.529353660741271,5.294466226161593,-0.23488743457967765,2
5339,5.445757628633934,5.294466226161593,-0.1512914024723404,3
5340,5.459821277463776,5.294466226161593,-0.16535505130218286,8
5341,5.379387871150334,5.294466226161593,-0.08492164498874022,9
5342,5.574737070332886,5.294466226161593,-0.28027084417129267,10
5343,5.448365428884611,5.294466226161593,-0.15389920272301794,4
5344,5.532288278702293,5.294466226161593,-0.23782205254069932,6
5345,5.4915748908044515,5.294466226161593,-0.19710866464285814,5
5346,5.767373489380816,5.477121254719663,-0.29025223466115335,4
5347,5.786533036674896,5.477121254719663,-0.3094117819552338,3
5348,5.710118737672295,5.477121254719663,-0.23299748295263267,9
5349,5.740822884837058,5.477121254719663,-0.2637016301173958,2
5350,5.751954154648298,5.477121254719663,-0.2748328999286356,7
5351,5.951723537284054,5.477121254719663,-0.4746022825643914,1
5352,5.786904003179124,5.477121254719663,-0.30978274845946174,6
5353,5.8188939681935326,5.477121254719663,-0.34177271347386995,10
5354,5.825880984638549,5.477121254719663,-0.3487597299188865,8
5355,6.055384296743175,6.1264561134318045,0.0710718166886295,5
5356,6.060089712380035,6.1264561134318045,0.06636640105176994,6
5357,5.953945258797568,6.1264561134318045,0.1725108546342362,9
5358,6.0270571654267,6.1264561134318045,0.09939894800510451,3
5359,6.038079437097601,6.1264561134318045,0.0883766763342031,8
5360,6.036569457331965,6.1264561134318045,0.08988665609983926,2
5361,6.015799330279614,6.1264561134318045,0.11065678315219074,4
5362,6.054577747028364,6.1264561134318045,0.07187836640344081,10
5363,6.1062121007243135,6.1264561134318045,0.020244012707490988,1
5364,5.502747855319518,5.0,-0.5027478553195177,10
5365,5.623656639583937,5.0,-0.6236566395839374,1
5366,5.722323255234623,5.0,-0.722323255234623,7
5367,5.859335410304024,5.0,-0.8593354103040243,9
5368,5.729823841802814,5.0,-0.7298238418028138,6
5369,5.738716307732573,5.0,-0.7387163077325729,8
5370,5.7642831599752125,5.0,-0.7642831599752125,4
5371,5.766388478404238,5.0,-0.7663884784042381,2
5372,5.759340540563606,5.0,-0.7593405405636062,5
5373,4.692960878389023,4.02816441942447,-0.6647964589645534,5
5374,4.914718885216626,4.02816441942447,-0.8865544657921562,6
5375,4.8567828047981525,4.02816441942447,-0.8286183853736828,1
5376,4.794548783701933,4.02816441942447,-0.7663843642774637,8
5377,4.67640787436099,4.02816441942447,-0.6482434549365204,7
5378,4.682751550694155,4.02816441942447,-0.6545871312696852,3
5379,4.814774077424269,4.02816441942447,-0.786609657999799,10
5380,4.780391142723214,4.02816441942447,-0.7522267232987447,2
5381,4.973747180403864,4.02816441942447,-0.9455827609793941,9
5382,6.500132921438925,7.079181246047625,0.5790483246087001,8
5383,6.429153051138115,7.079181246047625,0.6500281949095097,1
5384,6.318380553550747,7.079181246047625,0.7608006924968782,4
5385,6.490808238419403,7.079181246047625,0.5883730076282223,6
5386,6.568893329003903,7.079181246047625,0.5102879170437218,9
5387,6.509360220175531,7.079181246047625,0.5698210258720939,3
5388,6.469721225405344,7.079181246047625,0.6094600206422811,7
5389,6.487962758549152,7.079181246047625,0.5912184874984732,10
5390,6.559576073585906,7.079181246047625,0.519605172461719,5
5391,6.061975506221051,6.018650576891155,-0.043324929329895845,9
5392,5.996789842340476,6.018650576891155,0.02186073455067916,1
5393,6.150309761944132,6.018650576891155,-0.13165918505297647,6
5394,6.028432008646056,6.018650576891155,-0.009781431754900538,7
5395,6.029730825802847,6.018650576891155,-0.011080248911691903,10
5396,6.006327197658272,6.018650576891155,0.012323379232883624,3
5397,6.095597885075599,6.018650576891155,-0.07694730818444384,4
5398,5.919727898287352,6.018650576891155,0.09892267860380333,8
5399,6.078609631866554,6.018650576891155,-0.05995905497539855,5
5400,5.746976476344634,7.049218022670182,1.302241546325548,3
5401,5.7642831599752125,7.049218022670182,1.2849348626949695,4
5402,5.738716307732573,7.049218022670182,1.310501714937609,8
5403,5.722323255234623,7.049218022670182,1.326894767435559,7
5404,5.623656639583937,7.049218022670182,1.4255613830862446,1
5405,5.859335410304024,7.049218022670182,1.1898826123661577,9
5406,5.729823841802814,7.049218022670182,1.3193941808673681,6
5407,5.766388478404238,7.049218022670182,1.2828295442659439,2
5408,5.759340540563606,7.049218022670182,1.2898774821065757,5
5409,5.315655325828209,6.556302500767287,1.2406471749390775,9
5410,5.177683374374713,6.556302500767287,1.3786191263925742,10
5411,5.3108111647500005,6.556302500767287,1.2454913360172863,4
5412,5.290721351740234,6.556302500767287,1.265581149027053,6
5413,5.317232811212593,6.556302500767287,1.239069689554694,1
5414,5.573059225727488,6.556302500767287,0.9832432750397988,5
5415,5.3147094404876,6.556302500767287,1.241593060279687,3
5416,5.285292843807228,6.556302500767287,1.271009656960059,7
5417,5.519051400436714,6.556302500767287,1.0372511003305727,8
5418,6.256491609740183,7.176091259055681,0.9195996493154981,4
5419,6.352754580094681,7.176091259055681,0.8233366789610006,5
5420,6.343946861592785,7.176091259055681,0.8321443974628959,3
5421,6.2719435154096885,7.176091259055681,0.9041477436459928,7
5422,6.394186339228114,7.176091259055681,0.7819049198275669,9
5423,6.290898776663636,7.176091259055681,0.8851924823920454,2
5424,6.371318460271293,7.176091259055681,0.8047727987843887,8
5425,6.4089544783541745,7.176091259055681,0.7671367807015068,6
5426,6.286796257347318,7.176091259055681,0.889295001708363,10
5427,5.696513323183327,5.615539749308947,-0.08097357387437931,3
5428,5.629147415281825,5.615539749308947,-0.013607665972877214,2
5429,5.705453842325401,5.615539749308947,-0.08991409301645348,1
5430,5.745610571234919,5.615539749308947,-0.13007082192597164,5
5431,5.60511677987889,5.615539749308947,0.010422969430057272,4
5432,5.576990538409295,5.615539749308947,0.03854921089965213,8
5433,5.676605479430618,5.615539749308947,-0.061065730121670825,9
5434,5.688771953728259,5.615539749308947,-0.07323220441931166,7
5435,5.703089093476898,5.615539749308947,-0.08754934416795024,10
5436,6.768208907947542,7.017450729510536,0.24924182156299413,3
5437,6.623023029840884,7.017450729510536,0.3944276996696514,10
5438,6.69351010467132,7.017450729510536,0.3239406248392154,1
5439,6.739010145328773,7.017450729510536,0.2784405841817623,9
5440,6.783236053687721,7.017450729510536,0.2342146758228143,8
5441,6.7187687201417114,7.017450729510536,0.2986820093688243,5
5442,6.68819704315285,7.017450729510536,0.3292536863576858,2
5443,6.768757913820322,7.017450729510536,0.2486928156902133,4
5444,6.61762133742744,7.017450729510536,0.3998293920830953,6
5445,5.225399006162304,3.838849090737255,-1.3865499154250487,6
5446,4.746685478789184,3.838849090737255,-0.9078363880519285,9
5447,4.662403602012144,3.838849090737255,-0.8235545112748892,2
5448,5.025585610749103,3.838849090737255,-1.186736520011848,8
5449,4.827853577486066,3.838849090737255,-0.989004486748811,10
5450,4.8415632534366315,3.838849090737255,-1.0027141626993763,1
5451,4.971451338188154,3.838849090737255,-1.1326022474508988,7
5452,4.813535695267176,3.838849090737255,-0.974686604529921,4
5453,4.5223537449784,3.838849090737255,-0.6835046542411445,3
5454,6.139643973367992,6.278753600952829,0.13910962758483691,6
5455,6.169052986283892,6.278753600952829,0.10970061466893721,1
5456,6.112705910440161,6.278753600952829,0.1660476905126682,3
5457,6.0588131109186865,6.278753600952829,0.2199404900341424,2
5458,5.919046100117191,6.278753600952829,0.35970750083563807,7
5459,6.093205360237229,6.278753600952829,0.18554824071560017,5
5460,5.855102692585761,6.278753600952829,0.4236509083670681,9
5461,6.075602233756319,6.278753600952829,0.20315136719650972,4
5462,6.177046237199263,6.278753600952829,0.10170736375356615,10
5463,6.256548188860214,7.079181246047625,0.822633057187411,5
5464,6.206918800557114,7.079181246047625,0.8722624454905112,9
5465,6.174649807697225,7.079181246047625,0.9045314383504,7
5466,6.030335414846423,7.079181246047625,1.0488458312012021,2
5467,6.22070027960102,7.079181246047625,0.8584809664466055,10
5468,6.22531823347026,7.079181246047625,0.8538630125773654,3
5469,6.258829227086679,7.079181246047625,0.8203520189609463,8
5470,6.36842162319332,7.079181246047625,0.7107596228543054,1
5471,6.243007963555142,7.079181246047625,0.8361732824924832,6
5472,5.7003013452080955,5.181843587944773,-0.5184577572633229,10
5473,5.531835908627105,5.181843587944773,-0.34999232068233255,3
5474,5.50961103528952,5.181843587944773,-0.3277674473447476,8
5475,5.503744042802987,5.181843587944773,-0.3219004548582145,2
5476,5.48466844202879,5.181843587944773,-0.30282485408401705,7
5477,5.443940184020801,5.181843587944773,-0.2620965960760282,4
5478,5.599356659460612,5.181843587944773,-0.41751307151583905,6
5479,5.598928000330815,5.181843587944773,-0.41708441238604266,5
5480,5.536731687617971,5.181843587944773,-0.35488809967319845,1
5481,5.686777728683578,5.181843587944773,-0.504934140738805,4
5482,5.639057242504859,5.181843587944773,-0.45721365456008645,9
5483,5.69835140719742,5.181843587944773,-0.5165078192526478,3
5484,5.714662089172686,5.181843587944773,-0.5328185012279132,2
5485,5.660641301348749,5.181843587944773,-0.47879771340397603,1
5486,5.274513877462933,5.181843587944773,-0.09267028951816059,10
5487,5.705544489215486,5.181843587944773,-0.523700901270713,8
5488,5.653286314463269,5.181843587944773,-0.4714427265184966,5
5489,5.638798590212763,5.181843587944773,-0.45695500226799,7
5490,4.375995064139134,4.340444114840119,-0.035550949299014256,5
5491,4.68642689290712,4.340444114840119,-0.3459827780670004,6
5492,4.751949121793962,4.340444114840119,-0.41150500695384284,4
5493,4.832816591225333,4.340444114840119,-0.49237247638521353,1
5494,4.614878681990179,4.340444114840119,-0.27443456715005965,8
5495,4.545599459407724,4.340444114840119,-0.2051553445676042,9
5496,4.4885287661828785,4.340444114840119,-0.14808465134275917,10
5497,4.622636940172887,4.340444114840119,-0.2821928253327677,7
5498,4.489870063692431,4.340444114840119,-0.1494259488523113,2
5499,3.350634782570142,3.403120521175818,0.05248573860567607,1
5500,3.1715187687718966,3.403120521175818,0.23160175240392133,9
5501,3.293066529767139,3.403120521175818,0.11005399140867889,7
5502,3.3987176923437583,3.403120521175818,0.004402828832059669,3
5503,3.2758455886607045,3.403120521175818,0.12727493251511346,6
5504,3.3797092689417565,3.403120521175818,0.023411252234061486,10
5505,3.4344248842719987,3.403120521175818,-0.031304363096180676,8
5506,3.387637746620214,3.403120521175818,0.015482774555604095,4
5507,3.289619206616194,3.403120521175818,0.11350131455962398,5
5508,5.558316169896668,4.991226075692495,-0.5670900942041728,7
5509,5.5989169759066275,4.991226075692495,-0.6076909002141324,8
5510,5.553266358795592,4.991226075692495,-0.5620402831030971,9
5511,5.593159888933711,4.991226075692495,-0.6019338132412155,5
5512,5.382004962884708,4.991226075692495,-0.3907788871922131,3
5513,5.524019406611322,4.991226075692495,-0.5327933309188273,4
5514,5.493919183730234,4.991226075692495,-0.5026931080377386,2
5515,5.643661508250541,4.991226075692495,-0.6524354325580459,6
5516,5.70142545126215,4.991226075692495,-0.7101993755696547,1
5517,5.902828255829509,6.342422680822207,0.4395944249926975,6
5518,5.829993381080938,6.342422680822207,0.5124292997412683,3
5519,6.054413365577013,6.342422680822207,0.28800931524519324,5
5520,5.828410064777916,6.342422680822207,0.5140126160442904,2
5521,6.115601827726982,6.342422680822207,0.2268208530952247,10
5522,5.836338107918565,6.342422680822207,0.5060845729036414,7
5523,5.945627703267501,6.342422680822207,0.3967949775547055,1
5524,5.960471128970303,6.342422680822207,0.38195155185190366,9
5525,5.799400824510675,6.342422680822207,0.5430218563115314,8
5526,5.5092224113959185,5.447158031342219,-0.062064380053699075,6
5527,5.464827456111588,5.447158031342219,-0.017669424769368725,9
5528,5.555116463700011,5.447158031342219,-0.10795843235779135,5
5529,5.571618276175445,5.447158031342219,-0.12446024483322571,1
5530,5.491182867957733,5.447158031342219,-0.04402483661551315,7
5531,5.451258134707414,5.447158031342219,-0.00410010336519484,3
5532,5.67080218630079,5.447158031342219,-0.2236441549585706,2
5533,5.5031260048469255,5.447158031342219,-0.05596797350470606,8
5534,5.4983823217690615,5.447158031342219,-0.05122429042684207,10
5535,6.348360118195547,6.741151598851785,0.39279148065623826,7
5536,6.182805637651529,6.741151598851785,0.5583459612002564,1
5537,6.148962498482864,6.741151598851785,0.5921891003689215,8
5538,6.243768001142965,6.741151598851785,0.49738359770882035,10
5539,6.161024401537379,6.741151598851785,0.5801271973144067,2
5540,6.209882053565267,6.741151598851785,0.5312695452865182,5
5541,6.226730723612565,6.741151598851785,0.5144208752392201,6
5542,6.244695923881725,6.741151598851785,0.4964556749700604,9
5543,6.191001162220501,6.741151598851785,0.5501504366312844,3
5544,5.101108977323,6.350248018334163,1.249139041011163,2
5545,5.213301578661048,6.350248018334163,1.1369464396731148,5
5546,5.115323874596689,6.350248018334163,1.2349241437374738,6
5547,5.065257995495756,6.350248018334163,1.2849900228384072,9
5548,5.114658724341519,6.350248018334163,1.2355892939926445,1
5549,5.130579168849464,6.350248018334163,1.219668849484699,8
5550,5.082455305321378,6.350248018334163,1.2677927130127848,10
5551,5.0551073240378015,6.350248018334163,1.2951406942963617,3
5552,5.102739463568278,6.350248018334163,1.2475085547658855,4
5553,6.4677121534520525,6.361727836017593,-0.10598431743445946,5
5554,6.541202406780534,6.361727836017593,-0.17947457076294082,9
5555,6.488526974906149,6.361727836017593,-0.12679913888855587,3
5556,6.473548801062398,6.361727836017593,-0.11182096504480477,10
5557,6.460084025999456,6.361727836017593,-0.09835618998186302,8
5558,6.523420798358864,6.361727836017593,-0.16169296234127106,6
5559,6.508381543964252,6.361727836017593,-0.14665370794665922,7
5560,6.44252006480425,6.361727836017593,-0.08079222878665693,1
5561,6.396694546795203,6.361727836017593,-0.03496671077760993,2
5562,5.3264420096987095,4.176091259055681,-1.1503507506430282,6
5563,5.285271486783404,4.176091259055681,-1.1091802277277223,3
5564,5.213284259852448,4.176091259055681,-1.0371930007967665,1
5565,5.255553545640603,4.176091259055681,-1.0794622865849215,10
5566,5.25578467565866,4.176091259055681,-1.0796934166029786,9
5567,5.289089511743301,4.176091259055681,-1.1129982526876194,7
5568,5.321883144123045,4.176091259055681,-1.1457918850673634,5
5569,5.313251364810521,4.176091259055681,-1.1371601057548393,8
5570,5.178066503934719,4.176091259055681,-1.0019752448790378,2
5571,4.836541598338574,5.507855871695831,0.6713142733572575,6
5572,4.822897030142571,5.507855871695831,0.6849588415532599,1
5573,4.88285203292201,5.507855871695831,0.6250038387738215,5
5574,4.8541417721014986,5.507855871695831,0.6537140995943327,2
5575,4.789013580650923,5.507855871695831,0.7188422910449086,7
5576,4.850307069359904,5.507855871695831,0.6575488023359268,10
5577,4.7889789380827175,5.507855871695831,0.7188769336131138,4
5578,4.779468215875007,5.507855871695831,0.728387655820824,9
5579,4.805952700105428,5.507855871695831,0.7019031715904029,8
5580,6.383258582884992,6.732393759822968,0.3491351769379758,3
5581,6.342724398266601,6.732393759822968,0.38966936155636756,8
5582,6.21850915894833,6.732393759822968,0.513884600874638,4
5583,6.366371175168819,6.732393759822968,0.36602258465414916,1
5584,6.3834777475474,6.732393759822968,0.3489160122755681,6
5585,6.332406589574689,6.732393759822968,0.3999871702482789,5
5586,6.4362139842489565,6.732393759822968,0.29617977557401165,7
5587,6.4007722667358955,6.732393759822968,0.33162149308707267,10
5588,6.388384463797786,6.732393759822968,0.34400929602518193,9
5589,5.722323255234623,4.130333768495007,-1.5919894867396156,7
5590,5.502747855319518,4.130333768495007,-1.3724140868245103,10
5591,5.746976476344634,4.130333768495007,-1.6166427078496266,3
5592,5.623656639583937,4.130333768495007,-1.49332287108893,1
5593,5.729823841802814,4.130333768495007,-1.5994900733078063,6
5594,5.759340540563606,4.130333768495007,-1.6290067720685988,5
5595,5.7642831599752125,4.130333768495007,-1.633949391480205,4
5596,5.738716307732573,4.130333768495007,-1.6083825392375655,8
5597,5.859335410304024,4.130333768495007,-1.7290016418090168,9
5598,6.182401613531322,6.290034611362518,0.10763299783119606,3
5599,6.155350402187105,6.290034611362518,0.13468420917541302,10
5600,6.170999544908452,6.290034611362518,0.11903506645406647,2
5601,6.20155694022129,6.290034611362518,0.08847767114122806,8
5602,6.197263906398158,6.290034611362518,0.09277070496436046,9
5603,6.135582185497971,6.290034611362518,0.15445242586454722,4
5604,6.157638325494025,6.290034611362518,0.13239628586849328,7
5605,6.1777268437419215,6.290034611362518,0.1123077676205968,6
5606,6.162378102124533,6.290034611362518,0.1276565092379851,1
5607,6.104277363958381,6.204119982655925,0.09984261869754363,2
5608,6.096754547008664,6.204119982655925,0.10736543564726109,8
5609,6.221766619118816,6.204119982655925,-0.01764663646289133,5
5610,6.071955296283361,6.204119982655925,0.13216468637256362,4
5611,6.287202037178347,6.204119982655925,-0.08308205452242223,6
5612,6.2019590145424495,6.204119982655925,0.0021609681134755476,10
5613,6.127685281323529,6.204119982655925,0.0764347013323956,7
5614,6.096284805206956,6.204119982655925,0.10783517744896898,1
5615,6.125445182918423,6.204119982655925,0.07867479973750235,3
5616,6.301660557005238,6.954242509439325,0.6525819524340868,2
5617,6.307596088258916,6.954242509439325,0.6466464211804093,10
5618,6.311828561662167,6.954242509439325,0.6424139477771584,6
5619,6.185982519947637,6.954242509439325,0.7682599894916882,8
5620,6.555126831755411,6.954242509439325,0.3991156776839144,9
5621,6.284943016418498,6.954242509439325,0.6692994930208274,7
5622,6.298731374394902,6.954242509439325,0.6555111350444234,1
5623,6.269805548745128,6.954242509439325,0.6844369606941969,3
5624,6.301459667067457,6.954242509439325,0.6527828423718685,4
5625,6.338839917266809,7.079181246047625,0.7403413287808158,5
5626,6.499926884947311,7.079181246047625,0.5792543611003138,7
5627,6.393035627233222,7.079181246047625,0.6861456188144031,10
5628,6.383874467539016,7.079181246047625,0.6953067785086091,1
5629,6.37135317532065,7.079181246047625,0.7078280707269755,3
5630,6.393700408702747,7.079181246047625,0.685480837344878,6
5631,6.371945041041351,7.079181246047625,0.7072362050062742,4
5632,6.352183741095853,7.079181246047625,0.7269975049517718,2
5633,6.450234002819185,7.079181246047625,0.6289472432284402,9
5634,5.65730461179229,6.698970004336019,1.0416653925437291,9
5635,5.904216541893698,6.698970004336019,0.7947534624423209,3
5636,5.935127956469124,6.698970004336019,0.7638420478668948,6
5637,6.105998433883463,6.698970004336019,0.5929715704525558,10
5638,5.923367583528645,6.698970004336019,0.775602420807374,1
5639,5.951887744968227,6.698970004336019,0.7470822593677919,7
5640,6.081696183929982,6.698970004336019,0.6172738204060364,5
5641,5.817546358469925,6.698970004336019,0.8814236458660938,8
5642,5.9728625162535804,6.698970004336019,0.7261074880824383,4
5643,6.168084526428898,6.4623979978989565,0.2943134714700584,7
5644,6.1100697447125105,6.4623979978989565,0.352328253186446,10
5645,6.207479403786772,6.4623979978989565,0.2549185941121843,5
5646,6.230105429237465,6.4623979978989565,0.2322925686614914,2
5647,6.406018490096448,6.4623979978989565,0.05637950780250822,8
5648,6.214555972168441,6.4623979978989565,0.24784202573051584,3
5649,6.172429440095288,6.4623979978989565,0.28996855780366815,6
5650,6.164316921424941,6.4623979978989565,0.2980810764740154,1
5651,6.199586617633283,6.4623979978989565,0.2628113802656733,4
5652,6.460489967689952,6.698970004336019,0.23848003664606665,8
5653,6.498995088732092,6.698970004336019,0.199974915603927,4
5654,6.4801559356158505,6.698970004336019,0.2188140687201683,9
5655,6.462065415783381,6.698970004336019,0.23690458855263774,6
5656,6.389000010941276,6.698970004336019,0.30996999339474307,7
5657,6.453408265859435,6.698970004336019,0.24556173847658336,3
5658,6.4775967198093305,6.698970004336019,0.22137328452668825,1
5659,6.455045091828729,6.698970004336019,0.24392491250728998,5
5660,6.3515886686083105,6.698970004336019,0.34738133572770824,10
5661,6.065096221962589,6.334453751150931,0.26935752918834144,5
5662,5.990105356446059,6.334453751150931,0.34434839470487155,8
5663,6.034231581198697,6.334453751150931,0.3002221699522334,6
5664,6.046273504025627,6.334453751150931,0.2881802471253039,3
5665,5.995864528740035,6.334453751150931,0.33858922241089573,2
5666,6.121400048487273,6.334453751150931,0.21305370266365742,9
5667,5.990083438895994,6.334453751150931,0.3443703122549371,10
5668,6.044567432084912,6.334453751150931,0.289886319066019,7
5669,5.995776844731142,6.334453751150931,0.33867690641978854,4
5670,5.863121213773083,5.045322978786658,-0.8177982349864257,9
5671,5.785938098093284,5.045322978786658,-0.7406151193066268,1
5672,5.693074157262988,5.045322978786658,-0.6477511784763301,4
5673,5.726749296596707,5.045322978786658,-0.6814263178100495,7
5674,5.74182746584517,5.045322978786658,-0.6965044870585126,2
5675,5.684569600794443,5.045322978786658,-0.6392466220077857,6
5676,5.733146727097735,5.045322978786658,-0.6878237483110778,3
5677,5.70037632448254,5.045322978786658,-0.6550533456958822,8
5678,5.791314688634154,5.045322978786658,-0.7459917098474964,10
5679,6.341721244355892,6.544068044350276,0.20234679999438399,3
5680,6.3629061131901645,6.544068044350276,0.18116193116011114,2
5681,6.413997672454594,6.544068044350276,0.13007037189568127,5
5682,6.269726203832699,6.544068044350276,0.27434184051757704,6
5683,6.345211081714323,6.544068044350276,0.19885696263595243,8
5684,6.350881413785858,6.544068044350276,0.19318663056441743,9
5685,6.3677821112071005,6.544068044350276,0.1762859331431752,10
5686,6.365652762159232,6.544068044350276,0.17841528219104408,4
5687,6.37756807244257,6.544068044350276,0.16649997190770538,7
5688,6.185864450369854,6.6020599913279625,0.4161955409581086,7
5689,6.1559955783795415,6.6020599913279625,0.44606441294842103,6
5690,6.0956686613045035,6.6020599913279625,0.506391330023459,4
5691,6.2445477155915565,6.6020599913279625,0.357512275736406,1
5692,6.089949086794746,6.6020599913279625,0.5121109045332162,2
5693,6.113112225915764,6.6020599913279625,0.4889477654121981,5
5694,6.095905234329794,6.6020599913279625,0.5061547569981686,8
5695,6.136274614978385,6.6020599913279625,0.4657853763495776,3
5696,6.191454733201007,6.6020599913279625,0.4106052581269557,10
5697,6.5716568935362085,7.589949601325708,1.0182927077894997,7
5698,6.550630049403248,7.589949601325708,1.0393195519224605,6
5699,6.599493374751264,7.589949601325708,0.9904562265744445,4
5700,6.42566801493191,7.589949601325708,1.1642815863937983,2
5701,6.61435446923555,7.589949601325708,0.9755951320901586,1
5702,6.595668040055613,7.589949601325708,0.9942815612700953,3
5703,6.528425890963369,7.589949601325708,1.061523710362339,5
5704,6.5196738738838835,7.589949601325708,1.0702757274418246,9
5705,6.615134594264424,7.589949601325708,0.9748150070612844,10
5706,6.559576073585906,6.942504106168081,0.3829280325821749,5
5707,6.490808238419403,6.942504106168081,0.4516958677486782,6
5708,6.509360220175531,6.942504106168081,0.4331438859925498,3
5709,6.500132921438925,6.942504106168081,0.44237118472915604,8
5710,6.469721225405344,6.942504106168081,0.472782880762737,7
5711,6.429153051138115,6.942504106168081,0.5133510550299656,1
5712,6.487962758549152,6.942504106168081,0.45454134761892906,10
5713,6.330452850069665,6.942504106168081,0.6120512560984164,2
5714,6.568893329003903,6.942504106168081,0.3736107771641777,9
5715,6.061975506221051,6.43569150818434,0.373716001963289,9
5716,6.028432008646056,6.43569150818434,0.40725949953828433,7
5717,6.150309761944132,6.43569150818434,0.2853817462402084,6
5718,6.081505765475746,6.43569150818434,0.3541857427085944,2
5719,6.095597885075599,6.43569150818434,0.340093623108741,4
5720,6.029730825802847,6.43569150818434,0.40596068238149297,10
5721,6.078609631866554,6.43569150818434,0.3570818763177863,5
5722,5.996789842340476,6.43569150818434,0.43890166584386403,1
5723,6.006327197658272,6.43569150818434,0.4293643105260685,3
5724,5.859335410304024,7.079181246047625,1.2198458357436008,9
5725,5.502747855319518,7.079181246047625,1.5764333907281074,10
5726,5.759340540563606,7.079181246047625,1.3198407054840189,5
5727,5.7642831599752125,7.079181246047625,1.3148980860724127,4
5728,5.746976476344634,7.079181246047625,1.332204769702991,3
5729,5.729823841802814,7.079181246047625,1.3493574042448113,6
5730,5.722323255234623,7.079181246047625,1.356857990813002,7
5731,5.623656639583937,7.079181246047625,1.4555246064636878,1
5732,5.738716307732573,7.079181246047625,1.3404649383150522,8
5733,6.523420798358864,6.838723190031372,0.31530239167250773,6
5734,6.4677121534520525,6.838723190031372,0.37101103657931933,5
5735,6.508381543964252,6.838723190031372,0.3303416460671196,7
5736,6.488526974906149,6.838723190031372,0.3501962151252229,3
5737,6.396694546795203,6.838723190031372,0.44202864323616886,2
5738,6.473548801062398,6.838723190031372,0.36517438896897403,10
5739,6.44252006480425,6.838723190031372,0.39620312522712187,1
5740,6.541202406780534,6.838723190031372,0.297520783250838,9
5741,6.460084025999456,6.838723190031372,0.3786391640319158,8
5742,5.729823841802814,6.365487984890899,0.6356641430880856,6
5743,5.746976476344634,6.365487984890899,0.6185115085462654,3
5744,5.502747855319518,6.365487984890899,0.8627401295713817,10
5745,5.623656639583937,6.365487984890899,0.741831345306962,1
5746,5.859335410304024,6.365487984890899,0.5061525745868751,9
5747,5.722323255234623,6.365487984890899,0.6431647296562764,7
5748,5.766388478404238,6.365487984890899,0.5990995064866613,2
5749,5.7642831599752125,6.365487984890899,0.6012048249156869,4
5750,5.738716307732573,6.365487984890899,0.6267716771583265,8
5751,5.722323255234623,4.880813592280791,-0.8415096629538317,7
5752,5.738716307732573,4.880813592280791,-0.8579027154517815,8
5753,5.766388478404238,4.880813592280791,-0.8855748861234467,2
5754,5.7642831599752125,4.880813592280791,-0.8834695676944211,4
5755,5.759340540563606,4.880813592280791,-0.8785269482828149,5
5756,5.502747855319518,4.880813592280791,-0.6219342630387263,10
5757,5.623656639583937,4.880813592280791,-0.742843047303146,1
5758,5.729823841802814,4.880813592280791,-0.8490102495220224,6
5759,5.746976476344634,4.880813592280791,-0.8661628840638427,3
5760,5.994478942570531,4.752355804153501,-1.2421231384170301,7
5761,6.041939109878631,4.752355804153501,-1.28958330572513,8
5762,6.077396579290633,4.752355804153501,-1.3250407751371318,6
5763,6.04943206456642,4.752355804153501,-1.2970762604129193,4
5764,6.033616367911244,4.752355804153501,-1.2812605637577432,5
5765,5.9985014673573565,4.752355804153501,-1.2461456632038557,2
5766,6.041286952586535,4.752355804153501,-1.2889311484330346,3
5767,5.998066537562117,4.752355804153501,-1.2457107334086164,1
5768,6.052945759791015,4.752355804153501,-1.3005899556375144,10
5769,5.739078762093922,6.823545953567112,1.0844671914731894,5
5770,5.758409154695609,6.823545953567112,1.065136798871503,3
5771,5.6619984544739514,6.823545953567112,1.1615474990931602,4
5772,5.793964772579403,6.823545953567112,1.0295811809877087,10
5773,5.622148430611739,6.823545953567112,1.2013975229553724,7
5774,5.669622308206582,6.823545953567112,1.1539236453605293,1
5775,5.861286174056687,6.823545953567112,0.9622597795104246,2
5776,5.7242690572012584,6.823545953567112,1.0992768963658532,6
5777,5.735638095625185,6.823545953567112,1.0879078579419268,8
5778,5.3147094404876,6.12057393120585,0.8058644907182497,3
5779,5.3108111647500005,6.12057393120585,0.8097627664558491,4
5780,5.519051400436714,6.12057393120585,0.6015225307691354,8
5781,5.285292843807228,6.12057393120585,0.8352810873986218,7
5782,5.317232811212593,6.12057393120585,0.8033411199932567,1
5783,5.315655325828209,6.12057393120585,0.8049186053776403,9
5784,5.573059225727488,6.12057393120585,0.5475147054783616,5
5785,5.149687883831304,6.12057393120585,0.9708860473745453,2
5786,5.290721351740234,6.12057393120585,0.8298525794656157,6
5787,4.760834366082109,6.0,1.2391656339178914,1
5788,4.795018262907715,6.0,1.204981737092285,8
5789,4.713532868839702,6.0,1.2864671311602978,3
5790,4.847892098588268,6.0,1.152107901411732,10
5791,4.851095172652652,6.0,1.148904827347348,6
5792,4.810352204805285,6.0,1.1896477951947153,5
5793,4.825600327981863,6.0,1.1743996720181373,7
5794,4.696296597324461,6.0,1.3037034026755387,4
5795,4.7822757132037825,6.0,1.2177242867962175,9
5796,6.167682649292575,6.119317224092021,-0.04836542520055431,5
5797,6.14033754448448,6.119317224092021,-0.02102032039245927,1
5798,6.197112427104535,6.119317224092021,-0.07779520301251353,3
5799,6.002715132107236,6.119317224092021,0.11660209198478544,7
5800,6.1539598516307485,6.119317224092021,-0.03464262753872749,10
5801,6.269395340983202,6.119317224092021,-0.1500781168911809,9
5802,6.182301464997214,6.119317224092021,-0.06298424090519283,8
5803,6.12788643556327,6.119317224092021,-0.008569211471249005,2
5804,6.171839493965268,6.119317224092021,-0.05252226987324704,4
5805,6.058440794438865,5.903089986991944,-0.1553508074469212,6
5806,6.051497495858865,5.903089986991944,-0.14840750886692167,8
5807,6.047966471357734,5.903089986991944,-0.14487648436579015,4
5808,6.054818584109535,5.903089986991944,-0.15172859711759124,5
5809,6.017819277531966,5.903089986991944,-0.1147292905400219,10
5810,6.092225814336181,5.903089986991944,-0.18913582734423695,3
5811,6.056076611659592,5.903089986991944,-0.15298662466764856,7
5812,6.0341787639317594,5.903089986991944,-0.1310887769398157,2
5813,5.929944483180873,5.903089986991944,-0.02685449618892921,1
5814,6.4895170711042995,6.69284691927723,0.2033298481729302,6
5815,6.403314733634616,6.69284691927723,0.2895321856426136,4
5816,6.395765898076405,6.69284691927723,0.2970810212008246,8
5817,6.43074525050664,6.69284691927723,0.2621016687705895,7
5818,6.420093112257723,6.69284691927723,0.272753807019507,1
5819,6.422470806506109,6.69284691927723,0.27037611277112106,2
5820,6.400923267097896,6.69284691927723,0.29192365217933336,3
5821,6.5165909681623,6.69284691927723,0.1762559511149293,9
5822,6.381912284867003,6.69284691927723,0.31093463441022706,5
5823,6.739010145328773,6.672097857935717,-0.06691228739305632,9
5824,6.61762133742744,6.672097857935717,0.05447652050827667,6
5825,6.768757913820322,6.672097857935717,-0.09666005588460536,4
5826,6.69351010467132,6.672097857935717,-0.02141224673560327,1
5827,6.768208907947542,6.672097857935717,-0.09611105001182452,3
5828,6.68819704315285,6.672097857935717,-0.016099185217132828,2
5829,6.583084830983041,6.672097857935717,0.0890130269526761,7
5830,6.7187687201417114,6.672097857935717,-0.04667086220599437,5
5831,6.783236053687721,6.672097857935717,-0.11113819575200434,8
5832,6.053995229160317,6.980911937776844,0.9269167086165266,5
5833,6.195386094052671,6.980911937776844,0.785525843724173,10
5834,6.166709341289681,6.980911937776844,0.8142025964871626,4
5835,6.035545665003078,6.980911937776844,0.9453662727737653,3
5836,6.183195706254402,6.980911937776844,0.7977162315224415,7
5837,6.042018348317399,6.980911937776844,0.938893589459445,8
5838,6.01106715645933,6.980911937776844,0.969844781317514,2
5839,6.221458712526855,6.980911937776844,0.759453225249989,1
5840,6.23027140728734,6.980911937776844,0.7506405304895036,6
5841,5.789692466346973,7.1003705451175625,1.3106780787705894,1
5842,5.507379908145911,7.1003705451175625,1.5929906369716518,8
5843,5.5567182003475395,7.1003705451175625,1.543652344770023,2
5844,5.505150777858824,7.1003705451175625,1.5952197672587385,7
5845,5.604781994890142,7.1003705451175625,1.4955885502274207,3
5846,5.2389596842645725,7.1003705451175625,1.86141086085299,10
5847,5.632633953837239,7.1003705451175625,1.4677365912803237,9
5848,5.576567495493688,7.1003705451175625,1.5238030496238748,4
5849,5.608503466288186,7.1003705451175625,1.4918670788293769,6
5850,6.267659980719254,7.176091259055681,0.908431278336427,7
5851,6.338634741346689,7.176091259055681,0.8374565177089925,4
5852,6.3661647324456,7.176091259055681,0.8099265266100817,1
5853,6.255860119042857,7.176091259055681,0.9202311400128247,10
5854,6.390615232072448,7.176091259055681,0.7854760269832335,6
5855,6.346298043602084,7.176091259055681,0.8297932154535976,9
5856,6.2721155075186985,7.176091259055681,0.9039757515369828,2
5857,6.263408032012335,7.176091259055681,0.9126832270433463,5
5858,6.316691051012081,7.176091259055681,0.8594002080436001,8
5859,5.564450977001338,6.612783856719736,1.048332879718398,9
5860,5.605417358741149,6.612783856719736,1.0073664979785875,2
5861,5.6632354110054255,6.612783856719736,0.9495484457143109,1
5862,5.677414356270683,6.612783856719736,0.9353695004490534,4
5863,5.637843828788788,6.612783856719736,0.9749400279309484,8
5864,5.716993340459249,6.612783856719736,0.8957905162604876,6
5865,5.578986786412847,6.612783856719736,1.033797070306889,7
5866,5.5546106657477035,6.612783856719736,1.0581731909720329,10
5867,5.598213011576266,6.612783856719736,1.0145708451434707,5
5868,6.135025528274459,6.886490725172482,0.7514651968980237,1
5869,6.236429110647729,6.886490725172482,0.6500616145247529,9
5870,6.1283238709815775,6.886490725172482,0.7581668541909048,10
5871,6.130545009252279,6.886490725172482,0.7559457159202037,5
5872,6.177672473115427,6.886490725172482,0.7088182520570552,3
5873,6.124356266619461,6.886490725172482,0.762134458553021,4
5874,6.367650919221079,6.886490725172482,0.5188398059514032,6
5875,6.160482705357385,6.886490725172482,0.7260080198150973,2
5876,6.161026258688951,6.886490725172482,0.7254644664835315,8
5877,3.5126162134915897,3.4727564493172123,-0.03985976417437742,3
5878,3.5806562445066112,3.4727564493172123,-0.10789979518939896,6
5879,3.4094835578614955,3.4727564493172123,0.0632728914557168,9
5880,3.5646695008541656,3.4727564493172123,-0.09191305153695328,7
5881,3.411882122445063,3.4727564493172123,0.06087432687214944,1
5882,3.439799956575452,3.4727564493172123,0.03295649274176027,4
5883,3.360321048919126,3.4727564493172123,0.1124354003980863,2
5884,3.481924478254914,3.4727564493172123,-0.009168028937701855,10
5885,3.369370351694056,3.4727564493172123,0.1033860976231562,5
5886,6.61600260370326,6.812913356642856,0.19691075293959592,7
5887,6.63893653596236,6.812913356642856,0.1739768206804957,6
5888,6.623559477344131,6.812913356642856,0.18935387929872505,4
5889,6.4987212625301165,6.812913356642856,0.3141920941127392,5
5890,6.610577905461477,6.812913356642856,0.20233545118137908,8
5891,6.636465837408853,6.812913356642856,0.17644751923400293,9
5892,6.636475020361623,6.812913356642856,0.1764383362812323,1
5893,6.64363033328623,6.812913356642856,0.16928302335662604,10
5894,6.572807372849585,6.812913356642856,0.24010598379327064,2
5895,6.4987212625301165,7.0,0.5012787374698835,5
5896,6.883991929979644,7.0,0.11600807002035562,3
5897,6.636475020361623,7.0,0.3635249796383766,1
5898,6.63893653596236,7.0,0.36106346403764,6
5899,6.623559477344131,7.0,0.37644052265586936,4
5900,6.572807372849585,7.0,0.42719262715041495,2
5901,6.64363033328623,7.0,0.35636966671377035,10
5902,6.636465837408853,7.0,0.36353416259114724,9
5903,6.61600260370326,7.0,0.38399739629674023,7
5904,5.43967306805994,5.477121254719663,0.037448186659722715,2
5905,5.6191690521725555,5.477121254719663,-0.14204779745289287,4
5906,5.44921808113445,5.477121254719663,0.027903173585212215,9
5907,5.49327111510844,5.477121254719663,-0.016149860388777526,5
5908,5.489332112320826,5.477121254719663,-0.012210857601163028,10
5909,5.614046962626574,5.477121254719663,-0.1369257079069115,7
5910,5.491144553511602,5.477121254719663,-0.014023298791939531,1
5911,5.631578426797205,5.477121254719663,-0.15445717207754228,6
5912,5.630324713011021,5.477121254719663,-0.15320345829135817,3
5913,6.019522234898093,6.161368002234975,0.14184576733688203,6
5914,5.915783133827527,6.161368002234975,0.2455848684074482,4
5915,5.957763174213778,6.161368002234975,0.20360482802119684,8
5916,5.957260944067412,6.161368002234975,0.2041070581675637,3
5917,5.77792224106446,6.161368002234975,0.3834457611705151,9
5918,6.044173566098974,6.161368002234975,0.11719443613600156,2
5919,5.977122869916004,6.161368002234975,0.18424513231897155,5
5920,5.938735177973401,6.161368002234975,0.2226328242615745,1
5921,5.954867662506912,6.161368002234975,0.2065003397280636,10
5922,6.010040950723388,6.3979400086720375,0.38789905794864943,9
5923,6.110428152171321,6.3979400086720375,0.28751185650071687,5
5924,5.915714773108399,6.3979400086720375,0.4822252355636385,2
5925,5.930368854553862,6.3979400086720375,0.4675711541181755,10
5926,6.022260444008544,6.3979400086720375,0.3756795646634936,6
5927,5.923625305423978,6.3979400086720375,0.47431470324805947,4
5928,5.949293029983578,6.3979400086720375,0.44864697868845926,7
5929,5.959053153378786,6.3979400086720375,0.43888685529325144,1
5930,5.967438031422973,6.3979400086720375,0.43050197724906436,3
5931,6.0588131109186865,7.041392685158225,0.9825795742395389,2
5932,5.919046100117191,7.041392685158225,1.1223465850410346,7
5933,6.093205360237229,7.041392685158225,0.9481873249209967,5
5934,6.177046237199263,7.041392685158225,0.8643464479589626,10
5935,6.169052986283892,7.041392685158225,0.8723396988743337,1
5936,6.087464370629714,7.041392685158225,0.9539283145285111,8
5937,6.139643973367992,7.041392685158225,0.9017487117902334,6
5938,6.112705910440161,7.041392685158225,0.9286867747180647,3
5939,6.075602233756319,7.041392685158225,0.9657904514019062,4
5940,6.206918800557114,6.861534410859038,0.6546156103019243,9
5941,6.243007963555142,6.861534410859038,0.6185264473038963,6
5942,6.36842162319332,6.861534410859038,0.4931127876657184,1
5943,6.174649807697225,6.861534410859038,0.686884603161813,7
5944,6.256548188860214,6.861534410859038,0.604986221998824,5
5945,6.258829227086679,6.861534410859038,0.6027051837723594,8
5946,5.9844125909020995,6.861534410859038,0.8771218199569386,4
5947,6.22070027960102,6.861534410859038,0.6408341312580186,10
5948,6.22531823347026,6.861534410859038,0.6362161773887784,3
5949,5.7642831599752125,4.740362689494244,-1.0239204704809683,4
5950,5.722323255234623,4.740362689494244,-0.9819605657403789,7
5951,5.738716307732573,4.740362689494244,-0.9983536182383288,8
5952,5.729823841802814,4.740362689494244,-0.9894611523085697,6
5953,5.766388478404238,4.740362689494244,-1.026025788909994,2
5954,5.859335410304024,4.740362689494244,-1.1189727208097802,9
5955,5.502747855319518,4.740362689494244,-0.7623851658252736,10
5956,5.746976476344634,4.740362689494244,-1.00661378685039,3
5957,5.623656639583937,4.740362689494244,-0.8832939500896932,1
5958,5.624214180584403,4.698970004336019,-0.9252441762483841,2
5959,5.596601152369353,4.698970004336019,-0.8976311480333345,1
5960,5.610699715172434,4.698970004336019,-0.9117297108364149,4
5961,5.569788593258223,4.698970004336019,-0.8708185889222042,9
5962,5.703552514305799,4.698970004336019,-1.0045825099697803,6
5963,5.567528946127182,4.698970004336019,-0.8685589417911634,10
5964,5.60762493835524,4.698970004336019,-0.9086549340192214,3
5965,5.668601186107996,4.698970004336019,-0.9696311817719776,5
5966,5.598508156921231,4.698970004336019,-0.8995381525852126,8
5967,5.802664119837735,6.113943352306837,0.3112792324691016,7
5968,5.63996165336781,6.113943352306837,0.47398169893902686,4
5969,5.7115076693543925,6.113943352306837,0.4024356829524445,3
5970,5.694157189109219,6.113943352306837,0.4197861631976183,8
5971,5.716226734964544,6.113943352306837,0.3977166173422928,6
5972,5.663288332348264,6.113943352306837,0.4506550199585728,2
5973,5.6398329446252555,6.113943352306837,0.4741104076815814,1
5974,5.626431638071579,6.113943352306837,0.4875117142352581,10
5975,5.705764099034366,6.113943352306837,0.40817925327247107,5
5976,5.736229870797028,5.7160033436348,-0.020226527162227725,2
5977,5.6307523609420596,5.7160033436348,0.08525098269274078,8
5978,5.671984938778359,5.7160033436348,0.04401840485644115,3
5979,5.617624159939536,5.7160033436348,0.09837918369526477,7
5980,5.5553345516562525,5.7160033436348,0.1606687919785479,9
5981,5.67534391778176,5.7160033436348,0.04065942585304061,10
5982,5.643162430096877,5.7160033436348,0.07284091353792377,5
5983,5.6846565344459945,5.7160033436348,0.031346809188805835,4
5984,5.653053991798867,5.7160033436348,0.06294935183593342,6
5985,6.246744163994128,6.431363764158987,0.1846196001648588,7
5986,6.248430671582703,6.431363764158987,0.18293309257628376,10
5987,6.273672071995318,6.431363764158987,0.1576916921636693,1
5988,6.2661488153092755,6.431363764158987,0.16521494884971144,4
5989,6.287741412722268,6.431363764158987,0.14362235143671853,9
5990,6.279938813088719,6.431363764158987,0.15142495107026832,2
5991,6.273085289201051,6.431363764158987,0.15827847495793623,8
5992,6.261123016949867,6.431363764158987,0.17024074720912008,6
5993,6.279681635401648,6.431363764158987,0.1516821287573391,3
5994,6.406018490096448,6.414973347970818,0.008954857874369893,8
5995,6.1100697447125105,6.414973347970818,0.3049036032583077,10
5996,6.164316921424941,6.414973347970818,0.25065642654587705,1
5997,6.207479403786772,6.414973347970818,0.207493944184046,5
5998,6.214555972168441,6.414973347970818,0.2004173758023775,3
5999,6.168084526428898,6.414973347970818,0.24688882154192004,7
6000,6.1393961381536455,6.414973347970818,0.2755772098171727,9
6001,6.230105429237465,6.414973347970818,0.18486791873335306,2
6002,6.199586617633283,6.414973347970818,0.21538673033753497,4
6003,6.197822872411922,6.146128035678238,-0.05169483673368358,5
6004,6.1840415366172845,6.146128035678238,-0.03791350093904633,6
6005,6.21449192515599,6.146128035678238,-0.06836388947775163,4
6006,6.162886500138553,6.146128035678238,-0.016758464460314926,9
6007,6.16407482086687,6.146128035678238,-0.017946785188631686,1
6008,6.146938098931371,6.146128035678238,-0.000810063253132931,2
6009,6.210724692912056,6.146128035678238,-0.06459665723381747,8
6010,6.172914835395966,6.146128035678238,-0.026786799717728016,10
6011,6.218742459462558,6.146128035678238,-0.07261442378432026,3
6012,5.798978868642288,6.531478917042255,0.7325000483999675,10
6013,5.746493870113599,6.531478917042255,0.7849850469286563,2
6014,5.713763304421206,6.531478917042255,0.8177156126210496,7
6015,5.736304348863542,6.531478917042255,0.7951745681787132,1
6016,5.6995671757631765,6.531478917042255,0.8319117412790789,3
6017,5.755397557357074,6.531478917042255,0.7760813596851817,6
6018,5.759010826205533,6.531478917042255,0.7724680908367221,9
6019,5.769536059016961,6.531478917042255,0.7619428580252947,5
6020,5.702552948059927,6.531478917042255,0.8289259689823281,8
6021,5.84344071914194,5.447158031342219,-0.39628268779972053,7
6022,5.826563100894557,5.447158031342219,-0.37940506955233744,3
6023,5.771798049146554,5.447158031342219,-0.3246400178043345,9
6024,5.896052223073708,5.447158031342219,-0.4488941917314886,2
6025,5.853912486781664,5.447158031342219,-0.40675445543944466,5
6026,5.7966977261353705,5.447158031342219,-0.34953969479315106,1
6027,5.83386057977577,5.447158031342219,-0.3867025484335507,8
6028,5.838393182804691,5.447158031342219,-0.3912351514624719,10
6029,5.852626543689806,5.447158031342219,-0.4054685123475865,6
6030,6.0895801291272225,6.361727836017593,0.2721477068903706,5
6031,6.138210070459913,6.361727836017593,0.22351776555767966,10
6032,5.982693831776845,6.361727836017593,0.37903400424074807,8
6033,6.0002016677160945,6.361727836017593,0.36152616830149853,4
6034,5.960045731361064,6.361727836017593,0.40168210465652887,1
6035,5.992069292557816,6.361727836017593,0.369658543459777,6
6036,6.0191192270967315,6.361727836017593,0.34260860892086153,3
6037,5.9651075137516,6.361727836017593,0.396620322265993,9
6038,5.997490435998674,6.361727836017593,0.36423740001891947,7
6039,4.890581024475484,4.778151250383644,-0.11242977409184007,2
6040,5.039172736071121,4.778151250383644,-0.2610214856874773,1
6041,5.068529521904095,4.778151250383644,-0.29037827152045104,10
6042,5.0289240796593075,4.778151250383644,-0.2507728292756637,9
6043,4.985221526894342,4.778151250383644,-0.20707027651069776,4
6044,4.955257218817324,4.778151250383644,-0.17710596843367998,3
6045,4.967082776459241,4.778151250383644,-0.1889315260755975,5
6046,4.985719365224629,4.778151250383644,-0.20756811484098492,8
6047,4.84502988668981,4.778151250383644,-0.06687863630616597,6
6048,4.573948580218789,4.31722734917642,-0.256721231042369,10
6049,4.681887747476302,4.31722734917642,-0.3646603982998817,2
6050,4.561278198673714,4.31722734917642,-0.2440508494972935,4
6051,4.431618884933132,4.31722734917642,-0.11439153575671224,7
6052,4.679273944235333,4.31722734917642,-0.3620465950589127,9
6053,4.601021335088705,4.31722734917642,-0.28379398591228444,1
6054,4.537358220286998,4.31722734917642,-0.2201308711105776,3
6055,4.553526199165515,4.31722734917642,-0.23629884998909478,6
6056,4.6421520683025514,4.31722734917642,-0.3249247191261313,8
6057,6.139049063636339,6.079181246047625,-0.059867817588713734,4
6058,6.065638113165667,6.079181246047625,0.013543132881958186,8
6059,6.046511309196116,6.079181246047625,0.03266993685150954,1
6060,6.0191609362300795,6.079181246047625,0.06002030981754558,2
6061,6.062516850565285,6.079181246047625,0.016664395482339778,9
6062,6.079897350228651,6.079181246047625,-0.0007161041810261892,10
6063,6.055999280009108,6.079181246047625,0.023181966038516855,3
6064,6.128693381273775,6.079181246047625,-0.04951213522615028,5
6065,6.0522404664929335,6.079181246047625,0.026940779554691652,7
6066,5.554801710467502,5.954242509439325,0.39944079897182316,9
6067,5.556790584555562,5.954242509439325,0.3974519248837636,10
6068,5.541783071010841,5.954242509439325,0.41245943842848387,1
6069,5.541352360840769,5.954242509439325,0.41289014859855655,4
6070,5.530617711562215,5.954242509439325,0.4236247978771104,7
6071,5.570795851175786,5.954242509439325,0.38344665826353896,8
6072,5.550372905482406,5.954242509439325,0.4038696039569194,2
6073,5.618668710915907,5.954242509439325,0.3355737985234182,5
6074,5.631255450088987,5.954242509439325,0.32298705935033833,6
6075,4.74205040635416,5.484769477716173,0.7427190713620133,3
6076,4.724003676955809,5.484769477716173,0.7607658007603639,10
6077,4.794993074248416,5.484769477716173,0.6897764034677571,4
6078,4.852942562528286,5.484769477716173,0.6318269151878875,6
6079,4.979316124897363,5.484769477716173,0.5054533528188099,9
6080,4.808126324250063,5.484769477716173,0.6766431534661104,5
6081,4.884684696702914,5.484769477716173,0.6000847810132592,2
6082,4.814238136901657,5.484769477716173,0.6705313408145166,1
6083,4.862248186245934,5.484769477716173,0.6225212914702389,8
6084,5.822366183559961,6.045322978786658,0.22295679522669687,5
6085,5.836727741958318,6.045322978786658,0.2085952368283399,4
6086,5.773432278488599,6.045322978786658,0.2718907002980586,3
6087,5.747547248213856,6.045322978786658,0.29777573057280193,2
6088,5.752194042562425,6.045322978786658,0.29312893622423264,9
6089,5.805359239033566,6.045322978786658,0.23996373975309115,8
6090,5.804349697051639,6.045322978786658,0.24097328173501875,1
6091,5.8304364663815,6.045322978786658,0.21488651240515733,10
6092,5.7422592637988386,6.045322978786658,0.30306371498781903,7
6093,4.506836353769889,4.1476763242410986,-0.3591600295287902,6
6094,4.643599844155133,4.1476763242410986,-0.4959235199140348,4
6095,4.451243150870564,4.1476763242410986,-0.3035668266294653,9
6096,4.582058741844267,4.1476763242410986,-0.4343824176031683,10
6097,4.5587409707906925,4.1476763242410986,-0.41106464654959396,5
6098,4.532939066656214,4.1476763242410986,-0.38526274241511516,3
6099,4.486263958130786,4.1476763242410986,-0.3385876338896878,7
6100,4.5639676232698445,4.1476763242410986,-0.41629129902874595,8
6101,4.48156333381442,4.1476763242410986,-0.3338870095733215,1
6102,5.775065778573318,6.3979400086720375,0.6228742300987191,10
6103,5.814795159721809,6.3979400086720375,0.5831448489502282,4
6104,5.857609327932678,6.3979400086720375,0.5403306807393591,2
6105,5.798848362017046,6.3979400086720375,0.5990916466549914,7
6106,5.79965918239382,6.3979400086720375,0.5982808262782173,1
6107,5.873505367778749,6.3979400086720375,0.5244346408932881,8
6108,5.707011055484314,6.3979400086720375,0.6909289531877238,6
6109,5.702732425344324,6.3979400086720375,0.6952075833277132,9
6110,5.808043796123161,6.3979400086720375,0.5898962125488767,5
6111,6.130116324935426,6.556302500767287,0.4261861758318606,8
6112,6.187402296558389,6.556302500767287,0.3689002042088978,10
6113,6.186927566295883,6.556302500767287,0.3693749344714039,1
6114,6.1377957825413185,6.556302500767287,0.4185067182259683,5
6115,6.102920526772544,6.556302500767287,0.4533819739947429,7
6116,6.119063345601251,6.556302500767287,0.4372391551660355,6
6117,6.08445414622193,6.556302500767287,0.4718483545453571,3
6118,6.064964386523739,6.556302500767287,0.4913381142435478,4
6119,5.9345803802134975,6.556302500767287,0.6217221205537893,9
6120,6.050915355569599,6.079181246047625,0.028265890478025746,1
6121,6.0408564045308015,6.079181246047625,0.03832484151682358,4
6122,5.973000934460909,6.079181246047625,0.1061803115867157,6
6123,5.968422364816265,6.079181246047625,0.11075888123136046,7
6124,5.997498966992507,6.079181246047625,0.08168227905511838,3
6125,5.955191341430594,6.079181246047625,0.12398990461703097,9
6126,5.938005331025503,6.079181246047625,0.14117591502212168,10
6127,5.98880223900596,6.079181246047625,0.09037900704166546,8
6128,6.014662941352859,6.079181246047625,0.06451830469476594,5
6129,4.339603460630994,6.079181246047625,1.739577785416631,7
6130,4.638770150708415,6.079181246047625,1.4404110953392104,2
6131,4.654233837902478,6.079181246047625,1.4249474081451474,10
6132,4.652280823608261,6.079181246047625,1.4269004224393642,4
6133,4.722952442274619,6.079181246047625,1.3562288037730061,8
6134,4.579061107760096,6.079181246047625,1.5001201382875289,1
6135,4.512713305685192,6.079181246047625,1.5664679403624335,6
6136,4.521613739291513,6.079181246047625,1.5575675067561123,3
6137,4.745480207859201,6.079181246047625,1.3337010381884244,5
6138,5.678985848230346,6.079181246047625,0.40019539781727875,6
6139,5.64570435995545,6.079181246047625,0.4334768860921754,8
6140,5.642575565853291,6.079181246047625,0.4366056801943339,7
6141,5.644094380190266,6.079181246047625,0.43508686585735923,10
6142,5.628685921225167,6.079181246047625,0.4504953248224579,1
6143,5.696710869685403,6.079181246047625,0.3824703763622219,3
6144,5.498825817680606,6.079181246047625,0.5803554283670191,9
6145,5.647453563487754,6.079181246047625,0.43172768255987126,2
6146,5.6266399350007665,6.079181246047625,0.4525413110468586,5
6147,5.440451180281576,5.775464809345739,0.33501362906416343,7
6148,5.491510077259109,5.775464809345739,0.28395473208663,1
6149,5.361148549228537,5.775464809345739,0.4143162601172019,9
6150,5.804099299165839,5.775464809345739,-0.028634489820099418,4
6151,5.465583907070078,5.775464809345739,0.309880902275661,2
6152,5.585783055366269,5.775464809345739,0.18968175397947018,3
6153,5.544607933955716,5.775464809345739,0.23085687539002286,6
6154,5.481703867009022,5.775464809345739,0.2937609423367169,8
6155,5.477075997769874,5.775464809345739,0.2983888115758653,5
6156,5.574130801596343,6.1068026275996505,0.5326718260033072,1
6157,5.709881524172986,6.1068026275996505,0.3969211034266644,3
6158,5.62868414554581,6.1068026275996505,0.47811848205384067,2
6159,5.611926504640819,6.1068026275996505,0.4948761229588312,7
6160,5.617185407904485,6.1068026275996505,0.48961721969516514,10
6161,5.548575518987333,6.1068026275996505,0.5582271086123178,9
6162,5.68409204180394,6.1068026275996505,0.42271058579571097,6
6163,5.59650679185149,6.1068026275996505,0.5102958357481606,5
6164,5.727216385696349,6.1068026275996505,0.3795862419033016,4
6165,5.96951329960642,5.681241237375588,-0.2882720622308321,5
6166,5.968204114569718,5.681241237375588,-0.2869628771941306,6
6167,5.965908705298327,5.681241237375588,-0.28466746792273945,10
6168,5.967879522792448,5.681241237375588,-0.28663828541686076,2
6169,6.081160059901898,5.681241237375588,-0.3999188225263106,1
6170,5.9650785855189215,5.681241237375588,-0.28383734814333383,9
6171,5.977239103739727,5.681241237375588,-0.2959978663641394,4
6172,5.984905769204204,5.681241237375588,-0.3036645318286162,3
6173,5.993530234667459,5.681241237375588,-0.312288997291871,7
6174,5.817181735319012,5.444825199509748,-0.37235653580926353,3
6175,5.857768737472455,5.444825199509748,-0.41294353796270666,2
6176,5.826775295093659,5.444825199509748,-0.38195009558391124,5
6177,5.860098037385148,5.444825199509748,-0.41527283787540004,9
6178,5.856626584742752,5.444825199509748,-0.41180138523300425,7
6179,5.77882257735477,5.444825199509748,-0.33399737784502204,4
6180,5.899954108348738,5.444825199509748,-0.45512890883899004,1
6181,5.7834182260502915,5.444825199509748,-0.33859302654054346,8
6182,5.836309416324671,5.444825199509748,-0.3914842168149226,6
6183,5.847847210705948,6.301897717195208,0.4540505064892608,4
6184,5.876989784143549,6.301897717195208,0.4249079330516592,7
6185,5.924330276157549,6.301897717195208,0.3775674410376597,8
6186,5.917245457518984,6.301897717195208,0.3846522596762245,10
6187,6.057288907361007,6.301897717195208,0.24460880983420186,1
6188,5.91151653203548,6.301897717195208,0.3903811851597281,3
6189,5.897404572894699,6.301897717195208,0.40449314430050975,6
6190,5.916055265027856,6.301897717195208,0.3858424521673527,2
6191,5.899146436505109,6.301897717195208,0.402751280690099,5
6192,5.983370699652686,6.0,0.016629300347314135,10
6193,5.998857643085395,6.0,0.0011423569146051804,7
6194,5.990138843314898,6.0,0.009861156685102124,2
6195,5.994379061686612,6.0,0.0056209383133882795,5
6196,5.96724678477279,6.0,0.032753215227209864,4
6197,5.914172507506972,6.0,0.08582749249302779,3
6198,5.995933917521657,6.0,0.004066082478343169,9
6199,5.992792227765581,6.0,0.007207772234418819,8
6200,5.9843864805064895,6.0,0.01561351949351053,1
6201,5.92742760160597,6.018284308426531,0.0908567068205608,6
6202,5.949112539637911,6.018284308426531,0.06917176878862019,1
6203,5.912405920397085,6.018284308426531,0.1058783880294456,7
6204,5.884149113387042,6.018284308426531,0.13413519503948912,2
6205,5.944287585800458,6.018284308426531,0.07399672262607293,5
6206,5.9304681651936475,6.018284308426531,0.08781614323288345,9
6207,5.883607123427311,6.018284308426531,0.13467718499922032,4
6208,5.936177266940262,6.018284308426531,0.08210704148626924,3
6209,5.936669925734022,6.018284308426531,0.08161438269250887,10
6210,5.840803298181173,5.949877704036875,0.1090744058557016,3
6211,5.839058306122434,5.949877704036875,0.11081939791444118,2
6212,5.810316401168489,5.949877704036875,0.13956130286838597,7
6213,5.893854809979166,5.949877704036875,0.056022894057709216,10
6214,5.927773698504311,5.949877704036875,0.022104005532564308,6
6215,5.832446421350377,5.949877704036875,0.11743128268649805,4
6216,5.83106714350039,5.949877704036875,0.11881056053648464,9
6217,5.89102207041435,5.949877704036875,0.05885563362252455,1
6218,5.871725437329698,5.949877704036875,0.07815226670717657,5
6219,6.331779922708542,6.0,-0.3317799227085416,4
6220,6.302288935664283,6.0,-0.30228893566428283,7
6221,6.26060941228275,6.0,-0.2606094122827498,3
6222,6.311991527926994,6.0,-0.3119915279269936,8
6223,6.084025011226024,6.0,-0.08402501122602413,2
6224,6.262339093509961,6.0,-0.26233909350996143,9
6225,6.2573071090504575,6.0,-0.2573071090504575,6
6226,6.333692085355079,6.0,-0.33369208535507866,10
6227,6.418109664532495,6.0,-0.4181096645324951,1
6228,5.945921112040922,6.161368002234975,0.2154468901940536,7
6229,5.934886655918946,6.161368002234975,0.2264813463160289,10
6230,5.969849006990198,6.161368002234975,0.19151899524477756,6
6231,5.923202670246498,6.161368002234975,0.2381653319884771,9
6232,5.930351661224217,6.161368002234975,0.23101634101075863,8
6233,5.951280058494776,6.161368002234975,0.21008794374019946,3
6234,5.95314489275631,6.161368002234975,0.2082231094786655,1
6235,5.918942872494455,6.161368002234975,0.24242512974052044,2
6236,5.917433609401741,6.161368002234975,0.2439343928332347,5
6237,5.857208390746486,5.049218022670182,-0.8079903680763039,9
6238,5.847348259446628,5.049218022670182,-0.798130236776446,10
6239,5.925443816738738,5.049218022670182,-0.8762257940685565,1
6240,5.801350198674604,5.049218022670182,-0.7521321760044222,7
6241,5.878983136350652,5.049218022670182,-0.8297651136804705,3
6242,5.879956891225942,5.049218022670182,-0.83073886855576,5
6243,5.85421153927707,5.049218022670182,-0.8049935166068884,6
6244,5.9162020665617865,5.049218022670182,-0.8669840438916045,8
6245,5.883692045122708,5.049218022670182,-0.8344740224525262,2
6246,5.945002968401139,6.011993114659257,0.06699014625811728,1
6247,5.911960759549777,6.011993114659257,0.10003235510947928,3
6248,5.904369589928047,6.011993114659257,0.10762352473120984,9
6249,5.900184828672374,6.011993114659257,0.11180828598688297,5
6250,5.9824008566748,6.011993114659257,0.02959225798445697,7
6251,5.913278946633164,6.011993114659257,0.09871416802609279,8
6252,5.875089297112002,6.011993114659257,0.136903817547255,6
6253,5.922215950297443,6.011993114659257,0.08977716436181371,4
6254,5.921774993717203,6.011993114659257,0.09021812094205384,10
6255,6.011618375548568,6.315970345456917,0.3043519699083497,4
6256,5.984861221466955,6.315970345456917,0.33110912398996195,3
6257,5.990204473309622,6.315970345456917,0.32576587214729535,1
6258,5.975314466195011,6.315970345456917,0.34065587926190677,8
6259,5.944845720523599,6.315970345456917,0.37112462493331844,10
6260,5.975104848100531,6.315970345456917,0.34086549735638627,2
6261,5.971998352481019,6.315970345456917,0.34397199297589864,7
6262,5.976748179971227,6.315970345456917,0.3392221654856904,9
6263,5.968768920932128,6.315970345456917,0.34720142452478964,5
6264,6.4573073520658895,6.418301291319746,-0.03900606074614377,10
6265,6.454386250130727,6.418301291319746,-0.036084958810981504,6
6266,6.459051490949825,6.418301291319746,-0.04075019963007964,4
6267,6.6359209601583915,6.418301291319746,-0.2176196688386458,5
6268,6.43928934203111,6.418301291319746,-0.020988050711364004,7
6269,6.456787595740864,6.418301291319746,-0.038486304421118334,3
6270,6.61677538299564,6.418301291319746,-0.19847409167589447,9
6271,6.396679015089537,6.418301291319746,0.021622276230208293,1
6272,6.350287606856918,6.418301291319746,0.0680136844628274,2
6273,6.294630731193133,6.301029995663981,0.006399264470847932,5
6274,6.326276075908319,6.301029995663981,-0.0252460802443375,10
6275,6.25571774829495,6.301029995663981,0.045312247369031056,4
6276,6.260760612545482,6.301029995663981,0.040269383118499036,3
6277,6.233578663120658,6.301029995663981,0.0674513325433237,6
6278,6.271893334345014,6.301029995663981,0.029136661318966972,2
6279,6.275355895577478,6.301029995663981,0.02567410008650306,9
6280,6.287881813137848,6.301029995663981,0.013148182526133034,1
6281,6.246988168752742,6.301029995663981,0.05404182691123882,8
6282,5.0819869973486735,6.079181246047625,0.9971942486989516,1
6283,5.271122314964469,6.079181246047625,0.8080589310831563,8
6284,5.109786866945359,6.079181246047625,0.9693943791022663,4
6285,4.969142693094555,6.079181246047625,1.1100385529530703,5
6286,4.994385302193799,6.079181246047625,1.084795943853826,6
6287,4.923182432878248,6.079181246047625,1.1559988131693775,3
6288,5.144094479068499,6.079181246047625,0.9350867669791265,7
6289,4.888479221457531,6.079181246047625,1.1907020245900943,10
6290,4.932794974601858,6.079181246047625,1.1463862714457669,2
6291,6.089824325875009,6.544068044350276,0.4542437184752668,8
6292,6.108521048204329,6.544068044350276,0.4355469961459466,7
6293,6.120885584580263,6.544068044350276,0.4231824597700129,9
6294,6.155702212193634,6.544068044350276,0.38836583215664167,2
6295,6.157923616395018,6.544068044350276,0.3861444279552577,3
6296,6.102286198186688,6.544068044350276,0.44178184616358784,1
6297,6.136000924839805,6.544068044350276,0.4080671195104708,5
6298,6.310946245510636,6.544068044350276,0.23312179883963946,4
6299,6.135573441567583,6.544068044350276,0.40849460278269234,6
6300,6.5222998563537855,6.176091259055681,-0.34620859729810416,1
6301,6.474984564034727,6.176091259055681,-0.2988933049790461,6
6302,6.416238752440526,6.176091259055681,-0.24014749338484442,4
6303,6.324448149258952,6.176091259055681,-0.1483568902032708,8
6304,6.481988764373628,6.176091259055681,-0.30589750531794646,2
6305,6.450546467062253,6.176091259055681,-0.27445520800657164,7
6306,6.475417027775867,6.176091259055681,-0.2993257687201858,9
6307,6.480671963507671,6.176091259055681,-0.3045807044519897,5
6308,6.442968656094699,6.176091259055681,-0.2668773970390177,10
6309,6.2451703367740965,6.342422680822207,0.09725234404811012,4
6310,6.211985340180871,6.342422680822207,0.13043734064133528,2
6311,6.214710745190449,6.342422680822207,0.12771193563175753,7
6312,6.240260208261044,6.342422680822207,0.10216247256116251,6
6313,6.265798463141692,6.342422680822207,0.0766242176805143,5
6314,6.213764941153923,6.342422680822207,0.12865773966828353,10
6315,6.231522235178813,6.342422680822207,0.1109004456433933,9
6316,6.263403106190421,6.342422680822207,0.07901957463178544,1
6317,6.242391959322351,6.342422680822207,0.1000307214998557,8
6318,5.960513507741535,6.57978359661681,0.6192700888752753,6
6319,5.941000112871538,6.57978359661681,0.6387834837452724,9
6320,5.947732928097905,6.57978359661681,0.6320506685189047,4
6321,6.012157349409922,6.57978359661681,0.5676262472068885,8
6322,5.953768989671242,6.57978359661681,0.6260146069455681,7
6323,6.234591787326659,6.57978359661681,0.34519180929015114,1
6324,5.962524456345838,6.57978359661681,0.6172591402709724,3
6325,5.995050915788172,6.57978359661681,0.5847326808286377,5
6326,5.948280477698339,6.57978359661681,0.631503118918471,2
6327,5.967189657470783,6.0,0.032810342529216996,6
6328,6.036099392430993,6.0,-0.036099392430992694,1
6329,5.993889008842875,6.0,0.006110991157124879,3
6330,5.974934793760539,6.0,0.025065206239460736,7
6331,5.986864560278681,6.0,0.013135439721319031,9
6332,5.976306349071991,6.0,0.023693650928009014,4
6333,5.954235881331668,6.0,0.04576411866833219,2
6334,6.008199976663933,6.0,-0.008199976663933128,5
6335,5.945484216100642,6.0,0.05451578389935818,10
6336,6.1078593745922065,6.313593064521326,0.20573368992911956,10
6337,6.051202662585294,6.313593064521326,0.2623904019360319,9
6338,6.039880427504503,6.313593064521326,0.273712637016823,7
6339,6.077027128489092,6.313593064521326,0.23656593603223364,2
6340,6.094026109166117,6.313593064521326,0.21956695535520865,8
6341,6.075158335732692,6.313593064521326,0.2384347287886337,6
6342,6.069441408282286,6.313593064521326,0.24415165623904045,3
6343,6.164111202582595,6.313593064521326,0.1494818619387308,1
6344,6.145996948643278,6.313593064521326,0.16759611587804812,5
6345,6.141576922952569,6.079181246047625,-0.062395676904944075,1
6346,6.119469962668047,6.079181246047625,-0.040288716620421994,6
6347,6.130023292644893,6.079181246047625,-0.050842046597267654,8
6348,6.094592380745879,6.079181246047625,-0.015411134698253726,10
6349,6.15548106377995,6.079181246047625,-0.07629981773232508,4
6350,6.168511870851207,6.079181246047625,-0.08933062480358167,3
6351,6.088212635920404,6.079181246047625,-0.009031389872778739,7
6352,6.180730622361913,6.079181246047625,-0.10154937631428762,9
6353,6.071123489354089,6.079181246047625,0.008057756693536255,5
6354,5.849508049940057,5.623249290397901,-0.2262587595421559,3
6355,5.830032488730333,5.623249290397901,-0.20678319833243197,5
6356,5.880512084540966,5.623249290397901,-0.25726279414306497,9
6357,5.839736760126961,5.623249290397901,-0.21648746972905997,7
6358,5.881303735132798,5.623249290397901,-0.25805444473489736,4
6359,5.874057430276018,5.623249290397901,-0.25080813987811723,2
6360,5.8542792857939565,5.623249290397901,-0.23102999539605573,8
6361,5.8400672960681455,5.623249290397901,-0.21681800567024467,6
6362,5.797085903279016,5.623249290397901,-0.1738366128811153,10
6363,6.013481656460058,6.033423755486949,0.019942099026891036,9
6364,6.004352204727085,6.033423755486949,0.02907155075986445,10
6365,6.195987671956705,6.033423755486949,-0.16256391646975565,2
6366,6.010542812468889,6.033423755486949,0.022880943018060762,3
6367,6.015895689124485,6.033423755486949,0.0175280663624644,5
6368,6.03018322108919,6.033423755486949,0.003240534397759731,7
6369,5.899923233495088,6.033423755486949,0.13350052199186102,8
6370,5.9770795963715475,6.033423755486949,0.056344159115401915,1
6371,5.95609671924301,6.033423755486949,0.07732703624393977,6
6372,6.161130165817543,6.6020599913279625,0.4409298255104197,3
6373,6.194834455056984,6.6020599913279625,0.40722553627097824,5
6374,6.17354369968371,6.6020599913279625,0.42851629164425287,10
6375,6.1550021724975235,6.6020599913279625,0.44705781883043905,2
6376,6.219424889060011,6.6020599913279625,0.38263510226795194,4
6377,6.093613599900072,6.6020599913279625,0.5084463914278903,1
6378,6.206318609500486,6.6020599913279625,0.3957413818274764,6
6379,6.190089835774149,6.6020599913279625,0.41197015555381356,8
6380,6.2244836116482185,6.6020599913279625,0.377576379679744,9
6381,5.597912249090786,6.36005731412298,0.7621450650321941,1
6382,5.54958308082488,6.36005731412298,0.8104742332981001,6
6383,5.6295129794029135,6.36005731412298,0.7305443347200669,2
6384,5.482442408785508,6.36005731412298,0.877614905337472,10
6385,5.7189748131931735,6.36005731412298,0.6410825009298069,7
6386,5.669766065627607,6.36005731412298,0.6902912484953729,3
6387,5.534224626205351,6.36005731412298,0.8258326879176296,5
6388,5.589034582454539,6.36005731412298,0.7710227316684417,4
6389,5.567009842603054,6.36005731412298,0.7930474715199267,8
6390,6.20592134205085,6.26142703676955,0.05550569471870048,9
6391,6.041286952586535,6.26142703676955,0.220140084183015,3
6392,5.994478942570531,6.26142703676955,0.26694809419901944,7
6393,6.04943206456642,6.26142703676955,0.21199497220313024,4
6394,6.041939109878631,6.26142703676955,0.21948792689091956,8
6395,6.033616367911244,6.26142703676955,0.22781066885830636,5
6396,6.052945759791015,6.26142703676955,0.20848127697853513,10
6397,5.9985014673573565,6.26142703676955,0.2629255694121939,2
6398,6.077396579290633,6.26142703676955,0.18403045747891777,6
6399,5.96489420532439,6.124634624019139,0.1597404186947493,3
6400,6.046598437939423,6.124634624019139,0.07803618607971607,1
6401,5.996230876802281,6.124634624019139,0.12840374721685777,6
6402,5.9672384859511425,6.124634624019139,0.15739613806799646,2
6403,5.974591335966691,6.124634624019139,0.15004328805244782,8
6404,6.034942954733576,6.124634624019139,0.08969166928556316,9
6405,6.063631414628977,6.124634624019139,0.06100320939016157,7
6406,5.979885757365839,6.124634624019139,0.1447488666533001,10
6407,6.030038919158314,6.124634624019139,0.0945957048608248,4
6408,5.994478942570531,6.363611979892144,0.36913303732161307,7
6409,6.041286952586535,6.363611979892144,0.32232502730560864,3
6410,6.052945759791015,6.363611979892144,0.31066622010112876,10
6411,6.041939109878631,6.363611979892144,0.3216728700135132,8
6412,5.998066537562117,6.363611979892144,0.36554544233002684,1
6413,5.9985014673573565,6.363611979892144,0.36511051253478755,2
6414,6.20592134205085,6.363611979892144,0.1576906378412941,9
6415,6.077396579290633,6.363611979892144,0.2862154006015114,6
6416,6.04943206456642,6.363611979892144,0.31417991532572387,4
6417,5.9487978788938305,5.707570176097937,-0.24122770279589378,8
6418,6.047039728052677,5.707570176097937,-0.33946955195473993,5
6419,5.93227872862236,5.707570176097937,-0.22470855252442323,3
6420,5.9419824671650545,5.707570176097937,-0.2344122910671178,4
6421,5.922963128238689,5.707570176097937,-0.2153929521407525,1
6422,5.943264199678642,5.707570176097937,-0.23569402358070501,2
6423,5.898890228912149,5.707570176097937,-0.19132005281421272,10
6424,5.969179947150091,5.707570176097937,-0.26160977105215455,9
6425,5.960759218047633,5.707570176097937,-0.25318904194969605,6
6426,6.11702982628676,6.32221929473392,0.20518946844716002,1
6427,6.136767551200136,6.32221929473392,0.18545174353378435,5
6428,6.105186616966593,6.32221929473392,0.21703267776732726,2
6429,6.104189508111769,6.32221929473392,0.218029786622151,4
6430,6.192661603820644,6.32221929473392,0.12955769091327607,9
6431,6.104644049193791,6.32221929473392,0.21757524554012964,10
6432,6.150040625965928,6.32221929473392,0.1721786687679927,7
6433,6.1366854450053,6.32221929473392,0.1855338497286203,6
6434,6.113820042462689,6.32221929473392,0.20839925227123146,8
6435,6.191171505747434,6.600972895686748,0.4098013899393145,9
6436,6.1567619422201405,6.600972895686748,0.4442109534666079,6
6437,6.12040089816291,6.600972895686748,0.48057199752383806,5
6438,6.137475347994454,6.600972895686748,0.46349754769229445,10
6439,6.117802905002037,6.600972895686748,0.48316999068471134,1
6440,6.154395881127556,6.600972895686748,0.4465770145591925,8
6441,6.170863851950339,6.600972895686748,0.430109043736409,7
6442,6.163706575186163,6.600972895686748,0.43726632050058534,3
6443,6.1344127765162515,6.600972895686748,0.4665601191704969,2
6444,5.798392561723752,5.9954289654317074,0.19703640370795572,5
6445,5.844614200533883,5.9954289654317074,0.15081476489782464,8
6446,5.743764407479651,5.9954289654317074,0.2516645579520569,9
6447,5.91036172221507,5.9954289654317074,0.0850672432166375,1
6448,5.778522679976411,5.9954289654317074,0.21690628545529655,2
6449,5.721357587076828,5.9954289654317074,0.27407137835487916,3
6450,5.801544651785928,5.9954289654317074,0.1938843136457793,4
6451,5.817811126406837,5.9954289654317074,0.1776178390248706,7
6452,5.79169744428478,5.9954289654317074,0.20373152114692772,10
6453,5.955191341430594,6.193124598354461,0.23793325692386702,9
6454,5.98880223900596,6.193124598354461,0.20432235934850151,8
6455,5.997498966992507,6.193124598354461,0.19562563136195443,3
6456,5.938005331025503,6.193124598354461,0.25511926732895773,10
6457,5.973000934460909,6.193124598354461,0.22012366389355176,6
6458,6.050915355569599,6.193124598354461,0.1422092427848618,1
6459,6.014662941352859,6.193124598354461,0.178461657001602,5
6460,5.967815782528812,6.193124598354461,0.22530881582564888,2
6461,6.0408564045308015,6.193124598354461,0.15226819382365964,4
6462,5.861951788263948,5.45075702813707,-0.41119476012687795,2
6463,5.8842946345040055,5.45075702813707,-0.4335376063669356,4
6464,5.854401330938552,5.45075702813707,-0.40364430280148245,7
6465,5.800019085775885,5.45075702813707,-0.349262057638815,3
6466,5.847826209364891,5.45075702813707,-0.3970691812278213,6
6467,5.886285430777293,5.45075702813707,-0.4355284026402231,1
6468,5.835925989874301,5.45075702813707,-0.38516896173723136,9
6469,5.821811682010993,5.45075702813707,-0.371054653873923,8
6470,5.817980503904196,5.45075702813707,-0.3672234757671262,10
6471,6.11702982628676,6.283301228703549,0.16627140241678884,1
6472,6.105186616966593,6.283301228703549,0.17811461173695609,2
6473,6.150040625965928,6.283301228703549,0.13326060273762153,7
6474,6.136767551200136,6.283301228703549,0.14653367750341317,5
6475,6.192661603820644,6.283301228703549,0.09063962488290489,9
6476,6.1366854450053,6.283301228703549,0.14661578369824912,6
6477,6.105069983129211,6.283301228703549,0.178231245574338,3
6478,6.104189508111769,6.283301228703549,0.17911172059177982,4
6479,6.113820042462689,6.283301228703549,0.16948118624086028,8
6480,5.7077447538839,4.380211241711606,-1.3275335121722938,10
6481,5.659513672643024,4.380211241711606,-1.279302430931418,9
6482,5.752865522234659,4.380211241711606,-1.3726542805230526,8
6483,5.697564804117329,4.380211241711606,-1.3173535624057227,2
6484,5.688222261835977,4.380211241711606,-1.3080110201243702,6
6485,5.690749076905737,4.380211241711606,-1.3105378351941308,7
6486,5.695480570756177,4.380211241711606,-1.315269329044571,3
6487,5.71368557734223,4.380211241711606,-1.3334743356306236,4
6488,5.690534903289126,4.380211241711606,-1.3103236615775193,5
6489,6.176643517334583,6.230448921378274,0.053805404043691496,5
6490,6.106293549199833,6.230448921378274,0.12415537217844097,1
6491,6.032352126884867,6.230448921378274,0.19809679449340667,8
6492,6.1288587063123705,6.230448921378274,0.1015902150659036,7
6493,6.1358729003679295,6.230448921378274,0.09457602101034457,2
6494,6.128594749459991,6.230448921378274,0.1018541719182835,3
6495,6.149718263758105,6.230448921378274,0.08073065762016896,6
6496,6.11621914899038,6.230448921378274,0.114229772387894,9
6497,6.1439763032163155,6.230448921378274,0.08647261816195861,10
6498,6.019780922201377,6.278753600952829,0.25897267875145147,7
6499,6.059517584491075,6.278753600952829,0.21923601646175417,9
6500,5.988851808207294,6.278753600952829,0.2899017927455345,10
6501,6.051779355289237,6.278753600952829,0.22697424566359192,2
6502,6.059145550740923,6.278753600952829,0.21960805021190577,4
6503,6.040202393142864,6.278753600952829,0.23855120780996497,5
6504,6.014063835172917,6.278753600952829,0.2646897657799121,1
6505,6.0136339132182535,6.278753600952829,0.2651196877345754,8
6506,6.062135202978591,6.278753600952829,0.216618397974238,6
6507,5.646183731097722,5.599883072073688,-0.04630065902403402,10
6508,5.432094570944486,5.599883072073688,0.16778850112920196,1
6509,5.449592931959081,5.599883072073688,0.15029014011460706,8
6510,5.487408504608375,5.599883072073688,0.1124745674653127,3
6511,5.479630321287815,5.599883072073688,0.12025275078587239,2
6512,5.336048144298505,5.599883072073688,0.263834927775183,9
6513,5.4994601135729155,5.599883072073688,0.1004229585007721,6
6514,5.407538849191779,5.599883072073688,0.19234422288190878,4
6515,5.46613170991982,5.599883072073688,0.13375136215386796,5
6516,4.669760656355835,4.153204900084284,-0.5165557562715506,8
6517,4.695737944786904,4.153204900084284,-0.54253304470262,4
6518,4.809145854433651,4.153204900084284,-0.6559409543493668,5
6519,4.718633813980184,4.153204900084284,-0.5654289138959001,7
6520,4.739628668860821,4.153204900084284,-0.5864237687765366,6
6521,4.4539091075479185,4.153204900084284,-0.30070420746363435,2
6522,4.756057997271087,4.153204900084284,-0.6028530971868031,9
6523,4.773833566196742,4.153204900084284,-0.6206286661124576,10
6524,4.937065618416057,4.153204900084284,-0.7838607183317725,3
6525,5.996414876682823,7.498310553789601,1.501895677106778,4
6526,6.0023121136663695,7.498310553789601,1.4959984401232314,8
6527,5.976299729464674,7.498310553789601,1.5220108243249273,1
6528,5.989263972076755,7.498310553789601,1.5090465817128456,9
6529,5.8842251110608705,7.498310553789601,1.6140854427287303,6
6530,6.040942268377846,7.498310553789601,1.4573682854117544,3
6531,5.975917533165255,7.498310553789601,1.522393020624346,2
6532,6.0279850520088125,7.498310553789601,1.4703255017807884,7
6533,5.9818019961508195,7.498310553789601,1.5165085576387813,5
6534,6.482053552195269,6.357934847000454,-0.12411870519481472,1
6535,6.5458456060657095,6.357934847000454,-0.18791075906525556,3
6536,6.427760282711109,6.357934847000454,-0.06982543571065492,7
6537,6.354741524017661,6.357934847000454,0.0031933229827929566,6
6538,6.504901169520704,6.357934847000454,-0.14696632252025044,9
6539,6.537401434621702,6.357934847000454,-0.17946658762124823,5
6540,6.491673466277655,6.357934847000454,-0.1337386192772012,2
6541,6.435547691701144,6.357934847000454,-0.07761284470069008,10
6542,6.631563004111164,6.357934847000454,-0.27362815711070976,4
6543,5.350993706680911,4.963787827345556,-0.38720587933535544,5
6544,5.382087099565561,4.963787827345556,-0.41829927222000585,10
6545,5.378977736773149,4.963787827345556,-0.4151899094275935,8
6546,5.204693827698437,4.963787827345556,-0.24090600035288112,9
6547,5.419260908168712,4.963787827345556,-0.45547308082315663,4
6548,5.354822341963119,4.963787827345556,-0.3910345146175631,3
6549,5.512840894423081,4.963787827345556,-0.5490530670775255,7
6550,5.407178805776938,4.963787827345556,-0.4433909784313821,6
6551,5.329248396991691,4.963787827345556,-0.36546056964613527,2
6552,5.998875571903077,6.220108088040055,0.22123251613697814,5
6553,5.991889560845186,6.220108088040055,0.22821852719486913,9
6554,5.98463528807144,6.220108088040055,0.2354727999686146,3
6555,5.979717832903688,6.220108088040055,0.2403902551363668,8
6556,5.979281706748274,6.220108088040055,0.24082638129178058,1
6557,5.951353242978635,6.220108088040055,0.26875484506142033,6
6558,5.894933092265642,6.220108088040055,0.3251749957744128,10
6559,5.968509276605628,6.220108088040055,0.25159881143442675,2
6560,5.986721005263633,6.220108088040055,0.23338708277642173,4
6561,6.274357145755445,7.4954055631461936,1.2210484173907483,6
6562,6.232126753450531,7.4954055631461936,1.2632788096956622,4
6563,6.238539741556163,7.4954055631461936,1.2568658215900301,9
6564,6.310594977805024,7.4954055631461936,1.18481058534117,2
6565,6.275309880410839,7.4954055631461936,1.2200956827353542,8
6566,6.293306766720117,7.4954055631461936,1.2020987964260765,7
6567,6.298510896534422,7.4954055631461936,1.1968946666117715,5
6568,6.305352838338029,7.4954055631461936,1.1900527248081643,1
6569,6.342900867532367,7.4954055631461936,1.1525046956138265,3
6570,5.789536169545497,6.096910013008056,0.30737384346255947,3
6571,5.856229778323291,6.096910013008056,0.24068023468476518,1
6572,5.854314618680556,6.096910013008056,0.2425953943275001,10
6573,5.7144510887499305,6.096910013008056,0.3824589242581258,4
6574,5.8506249069918415,6.096910013008056,0.24628510601621478,8
6575,5.841689616196762,6.096910013008056,0.2552203968112945,6
6576,5.808273563313196,6.096910013008056,0.28863644969486035,7
6577,5.768584481813277,6.096910013008056,0.32832553119477925,9
6578,5.7860186168042,6.096910013008056,0.3108913962038562,2
6579,5.772418652772779,5.149834696715785,-0.6225839560569941,6
6580,5.800123883174435,5.149834696715785,-0.6502891864586502,8
6581,5.7406652029367775,5.149834696715785,-0.5908305062209926,9
6582,5.859798755313278,5.149834696715785,-0.7099640585974933,1
6583,5.8159472887649315,5.149834696715785,-0.6661125920491466,5
6584,5.743214432502561,5.149834696715785,-0.593379735786776,10
6585,5.887479756577054,5.149834696715785,-0.7376450598612694,4
6586,5.7861169767734495,5.149834696715785,-0.6362822800576646,2
6587,5.80158513380156,5.149834696715785,-0.6517504370857754,3
6588,5.915394532674939,6.0,0.08460546732506113,2
6589,5.889348709195895,6.0,0.11065129080410507,3
6590,5.928187791432134,6.0,0.07181220856786563,4
6591,5.894058714144047,6.0,0.10594128585595275,8
6592,5.948572509990102,6.0,0.05142749000989788,1
6593,5.92269391266104,6.0,0.07730608733896016,5
6594,5.877002711513498,6.0,0.12299728848650204,10
6595,5.887209368977236,6.0,0.11279063102276421,6
6596,5.904559607810482,6.0,0.09544039218951816,9
6597,5.987891682657993,5.939808685806208,-0.048082996851785076,1
6598,5.866514807519468,5.939808685806208,0.07329387828673983,8
6599,5.8546780213930445,5.939808685806208,0.08513066441316308,10
6600,5.814778882060262,5.939808685806208,0.12502980374594586,9
6601,5.837639309892382,5.939808685806208,0.10216937591382536,5
6602,5.872793956665969,5.939808685806208,0.06701472914023832,7
6603,5.824306280488059,5.939808685806208,0.11550240531814815,2
6604,5.837377174541727,5.939808685806208,0.10243151126448069,4
6605,5.833778043197407,5.939808685806208,0.10603064260880046,3
6606,5.935439431076534,5.888179493918325,-0.0472599371582092,6
6607,5.992605272323747,5.888179493918325,-0.10442577840542189,5
6608,5.990506088655763,5.888179493918325,-0.10232659473743766,2
6609,5.949752861480723,5.888179493918325,-0.061573367562398396,10
6610,5.990475761073872,5.888179493918325,-0.1022962671555474,9
6611,5.988601726975599,5.888179493918325,-0.10042223305727394,4
6612,5.9683498871338445,5.888179493918325,-0.08017039321551955,3
6613,5.960214378555962,5.888179493918325,-0.0720348846376373,8
6614,5.98116808429055,5.888179493918325,-0.09298859037222496,1
6615,6.072698731862274,6.060697840353612,-0.012000891508662015,5
6616,6.094759378966294,6.060697840353612,-0.03406153861268191,9
6617,5.964499493359408,6.060697840353612,0.09619834699420338,10
6618,6.082129438118983,6.060697840353612,-0.02143159776537118,8
6619,6.0556155976814745,6.060697840353612,0.005082242672137305,2
6620,6.006750994035214,6.060697840353612,0.05394684631839741,3
6621,6.089887119982619,6.060697840353612,-0.029189279629006748,4
6622,5.985824993466952,6.060697840353612,0.07487284688665952,6
6623,6.118002437326428,6.060697840353612,-0.05730459697281631,1
6624,5.908960458493919,5.814394112097142,-0.09456634639677652,8
6625,5.862979665096509,5.814394112097142,-0.0485855529993664,2
6626,5.894851338996267,5.814394112097142,-0.08045722689912438,4
6627,5.920210908226577,5.814394112097142,-0.10581679612943429,6
6628,5.901600902800746,5.814394112097142,-0.08720679070360404,3
6629,5.917015423944639,5.814394112097142,-0.10262131184749634,5
6630,5.894464891908674,5.814394112097142,-0.08007077981153188,9
6631,5.894926523194708,5.814394112097142,-0.08053241109756559,10
6632,5.933763900519988,5.814394112097142,-0.11936978842284596,7
6633,6.1278557181832936,6.060932673519882,-0.0669230446634117,8
6634,6.0825039663325065,6.060932673519882,-0.0215712928126246,2
6635,6.136891335725943,6.060932673519882,-0.07595866220606151,10
6636,6.095563394018686,6.060932673519882,-0.03463072049880456,5
6637,6.114178295581173,6.060932673519882,-0.05324562206129091,3
6638,6.149171051428719,6.060932673519882,-0.08823837790883715,1
6639,6.030759023603341,6.060932673519882,0.03017364991654059,4
6640,6.09526411194433,6.060932673519882,-0.03433143842444775,9
6641,6.1323359005404985,6.060932673519882,-0.07140322702061663,7
6642,5.992273295528654,6.167317334748176,0.1750440392195216,10
6643,5.964415957990878,6.167317334748176,0.20290137675729714,2
6644,6.006381131438711,6.167317334748176,0.1609362033094648,6
6645,5.943091246832484,6.167317334748176,0.22422608791569143,9
6646,6.005247839152607,6.167317334748176,0.16206949559556882,8
6647,6.138293285196299,6.167317334748176,0.029024049551876985,1
6648,6.014369500729187,6.167317334748176,0.15294783401898826,3
6649,5.997993413984779,6.167317334748176,0.16932392076339653,5
6650,5.963219264124193,6.167317334748176,0.20409807062398233,4
6651,6.677504917146773,6.298853076409706,-0.37865184073706626,9
6652,6.560138527130846,6.298853076409706,-0.2612854507211395,3
6653,6.570711319603202,6.298853076409706,-0.2718582431934955,5
6654,6.626699085583556,6.298853076409706,-0.3278460091738493,6
6655,6.694428487917913,6.298853076409706,-0.3955754115082062,4
6656,6.693099457079203,6.298853076409706,-0.3942463806694967,2
6657,6.807792755848948,6.298853076409706,-0.5089396794392416,1
6658,6.700078455060259,6.298853076409706,-0.40122537865055286,8
6659,6.599885864419364,6.298853076409706,-0.3010327880096577,10
6660,5.845710425763005,6.079181246047625,0.2334708202846203,2
6661,5.887949702574474,6.079181246047625,0.19123154347315108,6
6662,5.855038287557159,6.079181246047625,0.22414295849046617,9
6663,5.877429534026587,6.079181246047625,0.20175171202103837,4
6664,5.892994942832169,6.079181246047625,0.18618630321545648,1
6665,5.898274832108725,6.079181246047625,0.18090641393890028,3
6666,5.9525423533812445,6.079181246047625,0.12663889266638062,7
6667,5.906189054644314,6.079181246047625,0.1729921914033108,5
6668,5.848507317171274,6.079181246047625,0.2306739288763513,10
6669,5.921835278225579,5.663700925389648,-0.2581343528359312,2
6670,5.960454556866439,5.663700925389648,-0.2967536314767907,5
6671,5.9375305509887415,5.663700925389648,-0.2738296255990935,7
6672,6.0033383900413355,5.663700925389648,-0.33963746465168754,1
6673,5.936583152343187,5.663700925389648,-0.2728822269535387,6
6674,6.0399747206944125,5.663700925389648,-0.37627379530476457,8
6675,6.01333599449349,5.663700925389648,-0.3496350691038419,4
6676,5.94323658112104,5.663700925389648,-0.27953565573139194,9
6677,5.923945964525022,5.663700925389648,-0.26024503913537433,10
6678,5.7122852109516336,6.004321373782642,0.29203616283100864,7
6679,5.674591068598707,6.004321373782642,0.32973030518393553,9
6680,5.5721509059362715,6.004321373782642,0.4321704678463707,2
6681,5.561572698749134,6.004321373782642,0.4427486750335081,3
6682,5.518105690149228,6.004321373782642,0.4862156836334144,1
6683,5.42298583813974,6.004321373782642,0.5813355356429026,8
6684,5.588474531430635,6.004321373782642,0.415846842352007,4
6685,5.637059422571924,6.004321373782642,0.36726195121071825,5
6686,5.6328577387526355,6.004321373782642,0.3714636350300067,6
6687,5.994379061686612,6.222716471147583,0.22833740946097159,5
6688,5.992792227765581,6.222716471147583,0.22992424338200212,8
6689,5.983370699652686,6.222716471147583,0.23934577149489744,10
6690,5.9843864805064895,6.222716471147583,0.23832999064109384,1
6691,5.990138843314898,6.222716471147583,0.23257762783268543,2
6692,5.998857643085395,6.222716471147583,0.2238588280621885,7
6693,5.995933917521657,6.222716471147583,0.22678255362592648,9
6694,5.96724678477279,6.222716471147583,0.25546968637479317,4
6695,5.967061270878788,6.222716471147583,0.2556552002687953,6
6696,6.007929941325025,6.079181246047625,0.07125130472260022,5
6697,5.909950353653954,6.079181246047625,0.16923089239367073,3
6698,5.973542728700318,6.079181246047625,0.10563851734730711,7
6699,5.9838047341395635,6.079181246047625,0.09537651190806162,8
6700,5.964239850972368,6.079181246047625,0.11494139507525691,1
6701,5.957200580772512,6.079181246047625,0.12198066527511298,6
6702,5.981607109998246,6.079181246047625,0.0975741360493787,9
6703,5.891185808057104,6.079181246047625,0.1879954379905211,10
6704,5.932601444428628,6.079181246047625,0.14657980161899697,2
6705,5.351701022286341,5.786751422145561,0.4350503998592199,3
6706,5.252637358697492,5.786751422145561,0.5341140634480688,10
6707,5.203358953907801,5.786751422145561,0.5833924682377596,1
6708,5.522538293713492,5.786751422145561,0.26421312843206923,4
6709,5.311040137560003,5.786751422145561,0.4757112845855582,6
6710,5.3224170139677955,5.786751422145561,0.4643344081777654,8
6711,5.577490127418318,5.786751422145561,0.2092612947272432,9
6712,5.3537526710083325,5.786751422145561,0.4329987511372284,2
6713,5.406036046737736,5.786751422145561,0.3807153754078252,7
6714,5.966500528674684,6.176091259055681,0.20959073038099696,7
6715,5.889418025124781,6.176091259055681,0.28667323393089994,9
6716,5.8268754945682755,6.176091259055681,0.3492157644874059,10
6717,5.926093290228062,6.176091259055681,0.2499979688276195,5
6718,5.926529016912151,6.176091259055681,0.24956224214353018,2
6719,5.961345023543202,6.176091259055681,0.21474623551247962,4
6720,5.953462868511201,6.176091259055681,0.22262839054448058,1
6721,5.910079571396172,6.176091259055681,0.26601168765950955,8
6722,5.893682831428695,6.176091259055681,0.2824084276269865,3
6723,5.81087117106614,6.079181246047625,0.2683100749814855,6
6724,5.8379708337480105,6.079181246047625,0.2412104122996146,3
6725,5.942917431940941,6.079181246047625,0.13626381410668387,4
6726,5.933160237504485,6.079181246047625,0.1460210085431397,5
6727,5.914913702977805,6.079181246047625,0.16426754306981994,1
6728,5.887843635560341,6.079181246047625,0.1913376104872837,8
6729,5.953965486862275,6.079181246047625,0.12521575918535,7
6730,5.854983625355497,6.079181246047625,0.22419762069212812,9
6731,5.91195649113629,6.079181246047625,0.16722475491133526,2
6732,5.914246791491725,5.995196291597179,0.08094950010545432,5
6733,5.955169675657375,5.995196291597179,0.04002661593980417,1
6734,5.911088780297505,5.995196291597179,0.08410751129967409,10
6735,5.963611705842665,5.995196291597179,0.03158458575451384,7
6736,5.9335725603827205,5.995196291597179,0.06162373121445874,3
6737,5.954370443333141,5.995196291597179,0.040825848264038456,2
6738,5.935810359250992,5.995196291597179,0.05938593234618761,8
6739,5.889337038464117,5.995196291597179,0.10585925313306266,6
6740,5.9295272195737265,5.995196291597179,0.06566907202345273,4
6741,5.853818668761661,6.079181246047625,0.22536257728596443,6
6742,5.954214443044001,6.079181246047625,0.12496680300362417,7
6743,5.963401643351793,6.079181246047625,0.11577960269583176,2
6744,5.948069193680919,6.079181246047625,0.13111205236670642,1
6745,5.945541347454821,6.079181246047625,0.13363989859280423,5
6746,5.9317632521385,6.079181246047625,0.1474179939091247,3
6747,5.9566651672902475,6.079181246047625,0.12251607875737758,4
6748,5.9220403615649415,6.079181246047625,0.1571408844826836,10
6749,5.953835494356102,6.079181246047625,0.1253457516915235,8
6750,5.766214493137242,6.0,0.23378550686275812,8
6751,5.6501360933997375,6.0,0.34986390660026245,5
6752,5.8167021680074695,6.0,0.18329783199253047,9
6753,5.737402772840609,6.0,0.26259722715939127,4
6754,5.72011422796586,6.0,0.2798857720341399,6
6755,5.7041446488314245,6.0,0.29585535116857553,1
6756,5.74626750226201,6.0,0.2537324977379898,10
6757,5.675460280869641,6.0,0.3245397191303594,2
6758,5.67357967782259,6.0,0.3264203221774098,3
6759,5.837221644228963,6.015359755409214,0.17813811118025136,6
6760,5.883745994661485,6.015359755409214,0.13161376074772946,10
6761,5.890868442122912,6.015359755409214,0.12449131328630259,2
6762,5.861429918719016,6.015359755409214,0.15392983669019866,8
6763,5.871407348413693,6.015359755409214,0.14395240699552136,1
6764,5.893349321666718,6.015359755409214,0.12201043374249654,3
6765,5.84925622575119,6.015359755409214,0.16610352965802466,7
6766,5.870578707695898,6.015359755409214,0.144781047713316,5
6767,5.860625938076637,6.015359755409214,0.15473381733257785,4
6768,5.448719712620193,5.5301996982030825,0.08147998558288982,6
6769,5.512970635536043,5.5301996982030825,0.01722906266703994,10
6770,5.453218228968779,5.5301996982030825,0.07698146923430382,9
6771,5.505515112173836,5.5301996982030825,0.02468458602924617,1
6772,5.436333364961154,5.5301996982030825,0.0938663332419285,7
6773,5.478071324322057,5.5301996982030825,0.052128373881025425,8
6774,5.753781116669505,5.5301996982030825,-0.22358141846642265,3
6775,5.424759924405693,5.5301996982030825,0.10543977379738934,5
6776,5.4762772149603025,5.5301996982030825,0.05392248324278004,4
6777,5.949112539637911,6.0,0.05088746036208924,1
6778,5.857276382335549,6.0,0.1427236176644513,8
6779,5.884149113387042,6.0,0.11585088661295817,2
6780,5.936177266940262,6.0,0.06382273305973829,3
6781,5.9304681651936475,6.0,0.0695318348063525,9
6782,5.944287585800458,6.0,0.05571241419954198,5
6783,5.936669925734022,6.0,0.06333007426597792,10
6784,5.92742760160597,6.0,0.07257239839402985,6
6785,5.883607123427311,6.0,0.11639287657268937,4
6786,5.983408398017895,6.330413773349191,0.34700537533129605,4
6787,5.9563646402174815,6.330413773349191,0.3740491331317095,6
6788,5.977016429086027,6.330413773349191,0.35339734426316394,9
6789,5.9442999697195855,6.330413773349191,0.38611380362960546,10
6790,5.9398386891499175,6.330413773349191,0.39057508419927345,3
6791,5.995800741232679,6.330413773349191,0.33461303211651217,1
6792,5.929452490793874,6.330413773349191,0.4009612825553166,7
6793,5.9923189102248955,6.330413773349191,0.3380948631242955,5
6794,5.95571207697672,6.330413773349191,0.37470169637247075,8
6795,5.875959268413153,5.607455023214668,-0.2685042451984847,9
6796,5.870768441925788,5.607455023214668,-0.26331341871112013,8
6797,5.804554308585211,5.607455023214668,-0.1970992853705429,10
6798,5.75434030110583,5.607455023214668,-0.1468852778911618,2
6799,5.8076849657801155,5.607455023214668,-0.20022994256544724,7
6800,5.668986067683379,5.607455023214668,-0.06153104446871094,3
6801,5.796338238142705,5.607455023214668,-0.18888321492803684,6
6802,5.78727165662836,5.607455023214668,-0.17981663341369192,1
6803,5.7998989660195654,5.607455023214668,-0.19244394280489718,5
6804,5.984188302494284,6.103461622094705,0.11927331960042054,9
6805,5.981866422223495,6.103461622094705,0.12159519987120948,8
6806,5.925955293884258,6.103461622094705,0.17750632821044654,10
6807,6.012000412636424,6.103461622094705,0.09146120945828073,1
6808,5.944484420210212,6.103461622094705,0.15897720188449327,6
6809,5.913820367798246,6.103461622094705,0.1896412542964585,2
6810,5.983278499978228,6.103461622094705,0.12018312211647686,5
6811,6.001101018904132,6.103461622094705,0.10236060319057305,4
6812,5.963681923446695,6.103461622094705,0.13977969864800954,7
6813,5.8705882904552364,6.024731889655249,0.15414359920001264,8
6814,5.77843423534305,6.024731889655249,0.2462976543121993,5
6815,5.7647641984376605,6.024731889655249,0.25996769121758856,2
6816,5.756384215743327,6.024731889655249,0.26834767391192216,1
6817,5.784953685581121,6.024731889655249,0.23977820407412764,4
6818,5.763992021782999,6.024731889655249,0.2607398678722497,7
6819,5.771907376994273,6.024731889655249,0.2528245126609763,6
6820,5.7980529850214735,6.024731889655249,0.2266789046337756,10
6821,5.872697298604533,6.024731889655249,0.15203459105071637,9
6822,5.718854942305922,4.711807229041191,-1.0070477132647309,1
6823,5.7122191646117075,4.711807229041191,-1.0004119355705168,3
6824,5.681352648354167,4.711807229041191,-0.9695454193129764,9
6825,5.659707729689322,4.711807229041191,-0.9479005006481316,2
6826,5.688156602251551,4.711807229041191,-0.9763493732103603,10
6827,5.78964728417982,4.711807229041191,-1.077840055138629,6
6828,5.637818662989146,4.711807229041191,-0.9260114339479548,7
6829,5.663898406444454,4.711807229041191,-0.952091177403263,4
6830,5.68030255121476,4.711807229041191,-0.9684953221735695,5
6831,5.8528166180720875,5.824054205231849,-0.028762412840238838,1
6832,5.8347383437594615,5.824054205231849,-0.010684138527612852,6
6833,5.819304961422337,5.824054205231849,0.004749243809511583,3
6834,5.829803327735916,5.824054205231849,-0.005749122504067117,2
6835,5.839100015812963,5.824054205231849,-0.015045810581113983,5
6836,5.8010350377246915,5.824054205231849,0.023019167507157157,8
6837,5.7861568742926055,5.824054205231849,0.03789733093924319,7
6838,5.7705903369584535,5.824054205231849,0.05346386827339522,10
6839,5.752445519733724,5.824054205231849,0.07160868549812438,9
6840,5.736920343633756,6.301029995663981,0.5641096520302256,2
6841,5.732827846422501,6.301029995663981,0.5682021492414799,1
6842,5.801278048856398,6.301029995663981,0.4997519468075833,6
6843,5.810522674608406,6.301029995663981,0.49050732105557504,8
6844,5.588530541498069,6.301029995663981,0.7124994541659122,4
6845,5.623198883279242,6.301029995663981,0.6778311123847391,3
6846,5.71263710767775,6.301029995663981,0.588392887986231,10
6847,5.6863763470758135,6.301029995663981,0.6146536485881677,5
6848,5.678565799808873,6.301029995663981,0.622464195855108,9
6849,5.991152209418773,6.188647295999718,0.19749508658094506,1
6850,5.967601215229146,6.188647295999718,0.22104608077057186,2
6851,5.971045817542912,6.188647295999718,0.21760147845680589,6
6852,6.0685567157218525,6.188647295999718,0.12009058027786512,3
6853,6.194342200770242,6.188647295999718,-0.005694904770524367,7
6854,5.933119332376647,6.188647295999718,0.25552796362307095,10
6855,5.925721805034628,6.188647295999718,0.26292549096509,9
6856,5.9828006019102,6.188647295999718,0.2058466940895176,5
6857,6.006631334788374,6.188647295999718,0.18201596121134322,4
6858,6.191027371603296,6.977723605288848,0.7866962336855519,5
6859,6.262195485481179,6.977723605288848,0.7155281198076686,3
6860,6.247839248733502,6.977723605288848,0.7298843565553454,7
6861,6.106383196083339,6.977723605288848,0.8713404092055086,8
6862,6.205239098503859,6.977723605288848,0.7724845067849886,4
6863,6.135604384658882,6.977723605288848,0.8421192206299652,1
6864,6.158380657554366,6.977723605288848,0.8193429477344818,2
6865,6.186595784690239,6.977723605288848,0.791127820598609,9
6866,6.178000970177518,6.977723605288848,0.7997226351113298,10
6867,5.972112484980622,6.0,0.02788751501937803,7
6868,5.901811477908079,6.0,0.0981885220919212,2
6869,5.92230011542747,6.0,0.07769988457252985,5
6870,5.948783256655272,6.0,0.051216743344728144,8
6871,5.895423780505128,6.0,0.10457621949487184,6
6872,5.867659676059135,6.0,0.13234032394086537,9
6873,5.934397680802234,6.0,0.06560231919776616,3
6874,5.971405592281532,6.0,0.028594407718467885,4
6875,5.874089533182505,6.0,0.12591046681749507,1
6876,5.668155015692699,4.103803720955957,-1.564351294736742,2
6877,5.720454055622467,4.103803720955957,-1.6166503346665095,6
6878,5.674135459609689,4.103803720955957,-1.5703317386537314,9
6879,5.736010195048151,4.103803720955957,-1.632206474092194,4
6880,5.719910829431014,4.103803720955957,-1.616107108475057,1
6881,5.743208615769007,4.103803720955957,-1.6394048948130502,8
6882,5.688614784072162,4.103803720955957,-1.584811063116205,7
6883,5.7031463313224835,4.103803720955957,-1.5993426103665263,10
6884,5.691317666488867,4.103803720955957,-1.5875139455329101,5
6885,6.12939308621166,6.720572720364261,0.591179634152601,4
6886,6.180349753077188,6.720572720364261,0.5402229672870735,9
6887,6.129393413136615,6.720572720364261,0.5911793072276463,3
6888,6.125066367539076,6.720572720364261,0.5955063528251854,6
6889,6.126801307394596,6.720572720364261,0.593771412969665,7
6890,6.087636240221818,6.720572720364261,0.6329364801424431,2
6891,6.118347328033722,6.720572720364261,0.6022253923305394,10
6892,6.13870797253583,6.720572720364261,0.5818647478284316,8
6893,6.124957177486336,6.720572720364261,0.5956155428779253,5
6894,5.782774905809149,6.103803720955957,0.3210288151468079,7
6895,5.831996843424963,6.103803720955957,0.2718068775309943,2
6896,5.895481301256841,6.103803720955957,0.20832241969911625,4
6897,5.8473003927110145,6.103803720955957,0.2565033282449427,3
6898,5.859464868067005,6.103803720955957,0.2443388528889523,5
6899,5.823228811448925,6.103803720955957,0.280574909507032,6
6900,5.8106208466654,6.103803720955957,0.2931828742905571,9
6901,5.911966306669685,6.103803720955957,0.19183741428627243,1
6902,5.829362260752835,6.103803720955957,0.2744414602031222,8
6903,5.932478025936951,6.0,0.06752197406304905,3
6904,5.838008928843183,6.0,0.16199107115681688,9
6905,5.8787446918529,6.0,0.1212553081471004,5
6906,5.851275943423436,6.0,0.1487240565765644,6
6907,5.827486738346108,6.0,0.1725132616538918,7
6908,5.846866430916339,6.0,0.1531335690836606,10
6909,5.8339734490941915,6.0,0.16602655090580853,2
6910,5.887973738526475,6.0,0.11202626147352479,8
6911,5.86704829553725,6.0,0.13295170446274973,1
6912,5.890271093658672,6.0,0.10972890634132781,1
6913,5.8902224166322235,6.0,0.10977758336777654,10
6914,5.883617434514014,6.0,0.1163825654859858,7
6915,5.926458802210021,6.0,0.0735411977899787,4
6916,5.853552633134518,6.0,0.1464473668654822,9
6917,5.895099151780486,6.0,0.10490084821951395,2
6918,5.906342277000425,6.0,0.0936577229995752,3
6919,5.87349170585219,6.0,0.1265082941478104,6
6920,5.883904562426512,6.0,0.11609543757348817,5
6921,5.738664890643946,5.342422680822207,-0.3962422098217395,8
6922,5.7385533567283185,5.342422680822207,-0.39613067590611184,3
6923,5.712421760723743,5.342422680822207,-0.369999079901536,2
6924,5.710843843814609,5.342422680822207,-0.36842116299240235,4
6925,5.675345108107362,5.342422680822207,-0.33292242728515564,7
6926,5.690455651424075,5.342422680822207,-0.3480329706018681,5
6927,5.665543374690496,5.342422680822207,-0.32312069386828934,9
6928,5.702608679357162,5.342422680822207,-0.3601859985349556,6
6929,5.844031670807509,5.342422680822207,-0.5016089899853027,1
6930,5.847016127415487,6.079181246047625,0.23216511863213807,7
6931,5.922740918977873,6.079181246047625,0.15644032706975253,8
6932,5.912733239885033,6.079181246047625,0.16644800616259214,10
6933,5.887650639878578,6.079181246047625,0.1915306061690467,9
6934,5.924095331395444,6.079181246047625,0.15508591465218124,4
6935,5.941606638764065,6.079181246047625,0.1375746072835602,3
6936,5.848705091222804,6.079181246047625,0.23047615482482087,2
6937,5.871655879482954,6.079181246047625,0.20752536656467147,1
6938,5.911098802405385,6.079181246047625,0.16808244364224034,5
6939,6.0481273172781105,6.278753600952829,0.23062628367471838,2
6940,6.072915401227642,6.278753600952829,0.20583819972518658,8
6941,6.053051530325051,6.278753600952829,0.22570207062777747,7
6942,6.077773911737955,6.278753600952829,0.20097968921487386,9
6943,6.087642882337412,6.278753600952829,0.19111071861541706,3
6944,6.049404540518207,6.278753600952829,0.22934906043462178,5
6945,6.072969682510634,6.278753600952829,0.20578391844219457,10
6946,6.044647423845875,6.278753600952829,0.2341061771069537,4
6947,6.084934126241139,6.278753600952829,0.19381947471168992,1
6948,5.916578419199852,6.414973347970818,0.49839492877096614,10
6949,6.01328430510333,6.414973347970818,0.4016890428674884,9
6950,6.225685686866067,6.414973347970818,0.1892876611047516,1
6951,6.021851560686929,6.414973347970818,0.39312178728388947,5
6952,5.988812108622046,6.414973347970818,0.42616123934877237,4
6953,5.973594669002154,6.414973347970818,0.4413786789686638,7
6954,6.000893163472687,6.414973347970818,0.4140801844981308,3
6955,6.026137719238743,6.414973347970818,0.38883562873207556,8
6956,5.968051984621191,6.414973347970818,0.4469213633496274,6
6957,5.811944596084318,5.77451696572855,-0.03742763035576857,7
6958,5.825517116130571,5.77451696572855,-0.05100015040202166,10
6959,5.880414674404737,5.77451696572855,-0.10589770867618764,5
6960,5.762952654674024,5.77451696572855,0.011564311054526044,2
6961,5.810112258634211,5.77451696572855,-0.035595292905661324,4
6962,5.851725561600462,5.77451696572855,-0.07720859587191242,3
6963,5.835416444299667,5.77451696572855,-0.060899478571116994,9
6964,5.84297523615254,5.77451696572855,-0.06845827042399044,1
6965,5.86682688232278,5.77451696572855,-0.09230991659423005,6
6966,6.058321859464619,6.377124042346456,0.3188021828818375,4
6967,6.042535315285073,6.377124042346456,0.33458872706138365,3
6968,5.946924146341954,6.377124042346456,0.4301998960045026,9
6969,6.103990388372125,6.377124042346456,0.2731336539743312,6
6970,6.000427501463387,6.377124042346456,0.3766965408830689,10
6971,6.094270812023884,6.377124042346456,0.2828532303225719,7
6972,5.924872856059718,6.377124042346456,0.45225118628673844,5
6973,6.0837440724735545,6.377124042346456,0.2933799698729018,1
6974,6.17842761161688,6.377124042346456,0.19869643072957643,8
6975,5.9985014673573565,5.93801909747621,-0.060482369881146525,2
6976,6.033616367911244,5.93801909747621,-0.09559727043503408,5
6977,6.077396579290633,5.93801909747621,-0.13937748181442267,6
6978,5.998066537562117,5.93801909747621,-0.06004744008590723,1
6979,6.041286952586535,5.93801909747621,-0.10326785511032543,3
6980,6.041939109878631,5.93801909747621,-0.10392001240242088,8
6981,6.04943206456642,5.93801909747621,-0.1114129670902102,4
6982,6.20592134205085,5.93801909747621,-0.26790224457463996,9
6983,5.994478942570531,5.93801909747621,-0.056459845094321004,7
6984,5.784867786160803,6.0,0.21513221383919667,4
6985,5.749289040244318,6.0,0.2507109597556818,9
6986,5.7643449841853895,6.0,0.23565501581461046,1
6987,5.783313350484227,6.0,0.21668664951577288,8
6988,5.784403950626134,6.0,0.21559604937386556,6
6989,5.784359593086744,6.0,0.2156404069132556,7
6990,5.828160964313062,6.0,0.17183903568693815,3
6991,5.78453123603828,6.0,0.2154687639617201,2
6992,5.799361487103745,6.0,0.2006385128962549,5
6993,5.757581676125484,6.332236415491443,0.5746547393659593,8
6994,5.756294111994771,6.332236415491443,0.5759423034966717,2
6995,5.631773404635973,6.332236415491443,0.7004630108554704,9
6996,5.819448051224452,6.332236415491443,0.5127883642669913,1
6997,5.78123704726988,6.332236415491443,0.5509993682215626,7
6998,5.642940852930094,6.332236415491443,0.689295562561349,6
6999,5.593679183086816,6.332236415491443,0.7385572324046272,3
7000,5.857761593187919,6.332236415491443,0.4744748223035238,10
7001,5.7144785801209,6.332236415491443,0.6177578353705426,5
7002,5.569729143834856,6.176091259055681,0.6063621152208256,2
7003,5.764540648295931,6.176091259055681,0.4115506107597504,8
7004,5.510004665629448,6.176091259055681,0.6660865934262334,4
7005,5.646707574394908,6.176091259055681,0.5293836846607736,3
7006,5.6636667209167655,6.176091259055681,0.5124245381389159,1
7007,5.6263634508532085,6.176091259055681,0.5497278082024728,5
7008,5.672249292557215,6.176091259055681,0.5038419664984666,7
7009,5.671935772926265,6.176091259055681,0.5041554861294166,10
7010,5.524909810119035,6.176091259055681,0.6511814489366463,9
7011,5.736984661333114,6.165244326125311,0.428259664792197,5
7012,5.778427970724232,6.165244326125311,0.38681635540107884,3
7013,5.732463347978252,6.165244326125311,0.4327809781470595,7
7014,5.663461457964974,6.165244326125311,0.5017828681603369,9
7015,5.733894310319211,6.165244326125311,0.43135001580610055,4
7016,5.733195244365715,6.165244326125311,0.43204908175959655,8
7017,5.661061775365209,6.165244326125311,0.5041825507601025,2
7018,5.725291004602114,6.165244326125311,0.43995332152319744,6
7019,5.778243388937889,6.165244326125311,0.38700093718742234,1
7020,6.951013405924062,6.969415912353981,0.018402506429919363,9
7021,6.864096431964919,6.969415912353981,0.10531948038906247,6
7022,6.754281839688801,6.969415912353981,0.21513407266518048,3
7023,6.811685428604663,6.969415912353981,0.15773048374931875,4
7024,6.683748172351502,6.969415912353981,0.28566774000247896,8
7025,6.831752261210351,6.969415912353981,0.13766365114363044,7
7026,6.721138970625896,6.969415912353981,0.24827694172808545,1
7027,6.8059424329797045,6.969415912353981,0.16347347937427692,10
7028,6.849512541516018,6.969415912353981,0.11990337083796376,5
7029,6.046250644156376,6.447158031342219,0.4009073871858435,10
7030,5.966353458826137,6.447158031342219,0.48080457251608255,6
7031,6.113838467251875,6.447158031342219,0.3333195640903446,2
7032,6.078080644378383,6.447158031342219,0.36907738696383685,8
7033,6.020743602671966,6.447158031342219,0.42641442867025336,4
7034,6.06613229982026,6.447158031342219,0.3810257315219596,7
7035,6.254602303799495,6.447158031342219,0.19255572754272432,9
7036,6.0585942066936225,6.447158031342219,0.38856382464859696,3
7037,6.072365790545943,6.447158031342219,0.3747922407962765,5
7038,6.3170094978846345,6.72916478969277,0.41215529180813526,9
7039,6.257245527549585,6.72916478969277,0.47191926214318514,3
7040,6.258068579775116,6.72916478969277,0.4710962099176541,7
7041,6.355263723658369,6.72916478969277,0.3739010660344011,2
7042,6.165727422421117,6.72916478969277,0.5634373672716526,5
7043,6.2926017272719665,6.72916478969277,0.4365630624208032,10
7044,6.285629332221874,6.72916478969277,0.4435354574708956,4
7045,6.309379364186776,6.72916478969277,0.41978542550599407,6
7046,6.247745805651801,6.72916478969277,0.4814189840409684,8
7047,6.49770902494784,6.3979400086720375,-0.09976901627580226,9
7048,6.538096607820248,6.3979400086720375,-0.14015659914821033,2
7049,6.487029653573835,6.3979400086720375,-0.08908964490179727,1
7050,6.479346212437279,6.3979400086720375,-0.08140620376524144,6
7051,6.416089266057189,6.3979400086720375,-0.018149257385151607,8
7052,6.488113656795268,6.3979400086720375,-0.0901736481232307,10
7053,6.501798679718849,6.3979400086720375,-0.10385867104681168,4
7054,6.505205912132978,6.3979400086720375,-0.10726590346094067,3
7055,6.503089712579259,6.3979400086720375,-0.10514970390722134,5
7056,6.2808527892796056,6.4269989587565375,0.14614616947693193,10
7057,6.188025192101577,6.4269989587565375,0.2389737666549605,1
7058,6.289468319062558,6.4269989587565375,0.1375306396939795,2
7059,6.254730932431914,6.4269989587565375,0.17226802632462324,4
7060,6.19410444516767,6.4269989587565375,0.23289451358886737,6
7061,6.23799532778994,6.4269989587565375,0.18900363096659767,5
7062,6.204070701142551,6.4269989587565375,0.2229282576139866,7
7063,6.24108602811567,6.4269989587565375,0.18591293064086756,9
7064,6.191173593397369,6.4269989587565375,0.23582536535916887,3
7065,5.896914904089394,4.778151250383644,-1.1187636537057504,9
7066,5.841313365536244,4.778151250383644,-1.0631621151526005,6
7067,5.846819002985829,4.778151250383644,-1.0686677526021855,7
7068,5.8455773618561935,4.778151250383644,-1.0674261114725496,4
7069,5.787424210430234,4.778151250383644,-1.00927296004659,8
7070,5.814749299411032,4.778151250383644,-1.036598049027388,3
7071,5.758042574981412,4.778151250383644,-0.9798913245977685,5
7072,5.832579950786905,4.778151250383644,-1.0544287004032613,1
7073,5.845608050297056,4.778151250383644,-1.067456799913412,10
7074,6.169432360834007,6.380211241711606,0.21077888087759966,8
7075,6.217175649857146,6.380211241711606,0.16303559185446037,6
7076,6.160500458374863,6.380211241711606,0.2197107833367431,3
7077,6.18118699097386,6.380211241711606,0.19902425073774666,1
7078,6.157644028764559,6.380211241711606,0.2225672129470473,9
7079,6.184942206837546,6.380211241711606,0.19526903487406067,7
7080,6.191547617235399,6.380211241711606,0.18866362447620766,4
7081,6.226066878051503,6.380211241711606,0.15414436366010342,10
7082,6.2119685452511915,6.380211241711606,0.1682426964604149,5
7083,5.927819560655571,6.3979400086720375,0.47012044801646624,2
7084,6.04554555332451,6.3979400086720375,0.3523944553475271,5
7085,6.020003995653664,6.3979400086720375,0.3779360130183731,10
7086,6.0045422529280605,6.3979400086720375,0.39339775574397695,4
7087,5.946215414577318,6.3979400086720375,0.45172459409471966,9
7088,5.918333064707716,6.3979400086720375,0.47960694396432135,7
7089,6.002977462408354,6.3979400086720375,0.39496254626368366,6
7090,5.949377713602375,6.3979400086720375,0.44856229506966283,3
7091,5.8292387275678,6.3979400086720375,0.5687012811042376,8
7092,4.778254279571345,3.556302500767288,-1.221951778804057,4
7093,4.870317069637666,3.556302500767288,-1.3140145688703782,9
7094,4.813905856448343,3.556302500767288,-1.2576033556810544,3
7095,4.639352244947446,3.556302500767288,-1.0830497441801579,1
7096,4.735215116950664,3.556302500767288,-1.1789126161833763,10
7097,4.807987354411343,3.556302500767288,-1.2516848536440546,7
7098,4.7053424491754825,3.556302500767288,-1.1490399484081943,2
7099,4.766596611925472,3.556302500767288,-1.2102941111581837,5
7100,4.917265145099709,3.556302500767288,-1.3609626443324205,8
7101,6.223479354259888,6.633468455579586,0.4099891013196979,7
7102,6.136751683705441,6.633468455579586,0.4967167718741452,10
7103,6.156832974149257,6.633468455579586,0.4766354814303293,4
7104,6.165278351651713,6.633468455579586,0.4681901039278733,9
7105,6.161334957784271,6.633468455579586,0.47213349779531555,1
7106,6.117727045613006,6.633468455579586,0.51574140996658,6
7107,6.179635081241428,6.633468455579586,0.4538333743381582,2
7108,6.1444680117202415,6.633468455579586,0.4890004438593447,5
7109,6.157385897934525,6.633468455579586,0.4760825576450616,3
7110,6.070802987120182,6.243038048686294,0.1722350615661128,10
7111,6.0478835881377755,6.243038048686294,0.19515446054851893,1
7112,6.0460563671232945,6.243038048686294,0.1969816815629999,7
7113,6.0716267160254525,6.243038048686294,0.17141133266084196,6
7114,6.060216221260693,6.243038048686294,0.1828218274256015,5
7115,6.026614013532515,6.243038048686294,0.2164240351537794,2
7116,5.983573700649877,6.243038048686294,0.2594643480364178,4
7117,6.0518281871683515,6.243038048686294,0.19120986151794295,3
7118,6.043661858381584,6.243038048686294,0.19937619030471065,9
7119,6.026003980250048,6.187520720836463,0.16151674058641508,5
7120,6.052756959031598,6.187520720836463,0.13476376180486493,6
7121,6.055369575978224,6.187520720836463,0.13215114485823864,9
7122,6.049467687689176,6.187520720836463,0.1380530331472869,1
7123,6.088011116461279,6.187520720836463,0.09950960437518397,2
7124,6.065462327422797,6.187520720836463,0.12205839341366609,3
7125,6.010208819769232,6.187520720836463,0.17731190106723105,4
7126,5.998149945995884,6.187520720836463,0.18937077484057863,7
7127,5.999633571107302,6.187520720836463,0.18788714972916054,8
7128,5.531732583725737,6.176091259055681,0.6443586753299444,7
7129,5.478741387501757,6.176091259055681,0.6973498715539241,4
7130,5.450501832913135,6.176091259055681,0.7255894261425464,5
7131,5.744669226213202,6.176091259055681,0.4314220328424794,9
7132,5.418277256966981,6.176091259055681,0.7578140020887005,8
7133,5.306709306269503,6.176091259055681,0.8693819527861786,1
7134,5.33505599109019,6.176091259055681,0.8410352679654913,6
7135,5.390057842484765,6.176091259055681,0.7860334165709162,10
7136,5.5036447937480455,6.176091259055681,0.6724464653076359,3
7137,5.382509697269957,4.770852011642144,-0.6116576856278133,10
7138,5.306215441936225,4.770852011642144,-0.5353634302940815,6
7139,5.307649197308643,4.770852011642144,-0.536797185666499,7
7140,5.365998957103292,4.770852011642144,-0.5951469454611482,8
7141,5.404787168320798,4.770852011642144,-0.6339351566786542,9
7142,5.326653379085156,4.770852011642144,-0.5558013674430118,4
7143,5.380428546192964,4.770852011642144,-0.6095765345508202,3
7144,5.131813392358256,4.770852011642144,-0.3609613807161125,2
7145,5.308275582132671,4.770852011642144,-0.5374235704905272,1
7146,6.088775968125644,6.3979400086720375,0.3091640405463938,9
7147,6.033772519731416,6.3979400086720375,0.36416748894062145,2
7148,5.98385307334227,6.3979400086720375,0.4140869353297676,1
7149,5.974357878700913,6.3979400086720375,0.4235821299711242,4
7150,6.008358479369481,6.3979400086720375,0.3895815293025562,5
7151,6.00048734253116,6.3979400086720375,0.39745266614087793,7
7152,6.033725714728211,6.3979400086720375,0.3642142939438262,8
7153,5.931131772480184,6.3979400086720375,0.4668082361918531,3
7154,6.012741520300158,6.3979400086720375,0.38519848837187975,6
7155,6.213769231077772,6.419955748489758,0.2061865174119859,7
7156,6.13785666845656,6.419955748489758,0.2820990800331984,8
7157,6.1118954086368875,6.419955748489758,0.3080603398528705,3
7158,6.194699001743691,6.419955748489758,0.22525674674606666,10
7159,6.207371446905951,6.419955748489758,0.21258430158380737,2
7160,6.187865370326934,6.419955748489758,0.23209037816282407,1
7161,6.184310824772803,6.419955748489758,0.2356449237169551,6
7162,6.221366918347076,6.419955748489758,0.1985888301426817,4
7163,6.216307326628929,6.419955748489758,0.2036484218608292,5
7164,6.112834267594991,6.819543935541868,0.7067096679468774,4
7165,6.119391331955132,6.819543935541868,0.7001526035867363,10
7166,6.193978133200705,6.819543935541868,0.6255658023411632,2
7167,6.317991838299858,6.819543935541868,0.5015520972420102,9
7168,6.009578597263716,6.819543935541868,0.8099653382781522,1
7169,6.174936461905227,6.819543935541868,0.6446074736366416,8
7170,6.122866775002147,6.819543935541868,0.6966771605397213,5
7171,6.133374385745117,6.819543935541868,0.6861695497967517,7
7172,6.176332165084504,6.819543935541868,0.6432117704573646,3
7173,5.736828728213115,5.128399268717806,-0.6084294594953086,1
7174,5.764734236877288,5.128399268717806,-0.6363349681594821,6
7175,5.840395261599814,5.128399268717806,-0.7119959928820077,7
7176,5.796413022688367,5.128399268717806,-0.6680137539705608,8
7177,5.774051054245713,5.128399268717806,-0.6456517855279067,5
7178,5.863732199280999,5.128399268717806,-0.7353329305631933,10
7179,5.819961254968204,5.128399268717806,-0.6915619862503979,4
7180,5.94454453151652,5.128399268717806,-0.816145262798714,2
7181,5.841794363984986,5.128399268717806,-0.7133950952671801,3
7182,5.70734137775143,4.948070481518941,-0.759270896232489,1
7183,5.832863054864202,4.948070481518941,-0.8847925733452611,10
7184,5.932731139549883,4.948070481518941,-0.9846606580309425,9
7185,5.823290536106233,4.948070481518941,-0.8752200545872926,4
7186,5.8202714808026945,4.948070481518941,-0.8722009992837538,7
7187,5.758490589451913,4.948070481518941,-0.8104201079329725,5
7188,5.77411579752176,4.948070481518941,-0.8260453160028192,6
7189,5.757366972030614,4.948070481518941,-0.8092964905116737,8
7190,5.8117231082385725,4.948070481518941,-0.8636526267196318,3
7191,6.318594751954298,6.4679039465228,0.14930919456850233,1
7192,6.304186116207042,6.4679039465228,0.16371783031575848,10
7193,6.1396560997556024,6.4679039465228,0.32824784676719787,8
7194,6.351030769516545,6.4679039465228,0.11687317700625499,3
7195,6.311499912732508,6.4679039465228,0.15640403379029255,5
7196,6.349354219069696,6.4679039465228,0.11854972745310466,2
7197,6.3458290165849425,6.4679039465228,0.12207492993785785,4
7198,6.322389498400456,6.4679039465228,0.14551444812234404,7
7199,6.41065918916751,6.4679039465228,0.05724475735529033,9
7200,6.3757336782638605,6.284656282788515,-0.09107739547534521,8
7201,6.622450182684134,6.284656282788515,-0.3377938998956189,5
7202,6.633230852898589,6.284656282788515,-0.348574570110074,7
7203,6.647642281242359,6.284656282788515,-0.3629859984538433,1
7204,6.650760290241379,6.284656282788515,-0.3661040074528641,3
7205,6.618607589171338,6.284656282788515,-0.333951306382823,10
7206,6.642680696279588,6.284656282788515,-0.35802441349107283,2
7207,6.60912459480047,6.284656282788515,-0.3244683120119545,6
7208,6.6157097681278305,6.284656282788515,-0.3310534853393152,4
7209,6.349354219069696,6.556302500767287,0.20694828169759116,2
7210,6.318594751954298,6.556302500767287,0.23770774881298884,1
7211,6.304186116207042,6.556302500767287,0.252116384560245,10
7212,6.41065918916751,6.556302500767287,0.14564331159977684,9
7213,6.311499912732508,6.556302500767287,0.24480258803477906,5
7214,6.351030769516545,6.556302500767287,0.2052717312507415,3
7215,6.281949674172779,6.556302500767287,0.2743528265945079,6
7216,6.3458290165849425,6.556302500767287,0.21047348418234435,4
7217,6.322389498400456,6.556302500767287,0.23391300236683055,7
7218,5.448999595049441,4.858537197569639,-0.5904623974798024,4
7219,5.5979497608665385,4.858537197569639,-0.7394125632968995,10
7220,5.400958157256688,4.858537197569639,-0.5424209596870488,2
7221,5.341096759325818,4.858537197569639,-0.48255956175617865,9
7222,5.435010240473679,4.858537197569639,-0.5764730429040403,7
7223,5.4884938037180575,4.858537197569639,-0.6299566061484185,6
7224,5.445425321377409,4.858537197569639,-0.5868881238077703,8
7225,5.403079190690821,4.858537197569639,-0.5445419931211823,3
7226,5.449480623518653,4.858537197569639,-0.5909434259490141,1
7227,5.404626033845689,5.230448921378274,-0.17417711246741518,3
7228,5.384691359335516,5.230448921378274,-0.15424243795724202,9
7229,5.457047542074916,5.230448921378274,-0.22659862069664172,6
7230,5.430365037728713,5.230448921378274,-0.1999161163504386,10
7231,5.453090083796672,5.230448921378274,-0.22264116241839815,1
7232,5.421714684045058,5.230448921378274,-0.19126576266678352,7
7233,5.422482538795102,5.230448921378274,-0.19203361741682823,8
7234,5.402120658252423,5.230448921378274,-0.17167173687414916,2
7235,5.520670952672168,5.230448921378274,-0.2902220312938937,4
7236,5.347883052001937,4.728028954420519,-0.6198540975814186,3
7237,5.362147335362357,4.728028954420519,-0.634118380941838,8
7238,5.254883733144133,4.728028954420519,-0.5268547787236146,4
7239,5.204996940853028,4.728028954420519,-0.47696798643250915,7
7240,5.16667869411439,4.728028954420519,-0.43864973969387133,9
7241,5.262269935069828,4.728028954420519,-0.5342409806493089,6
7242,5.307014689580925,4.728028954420519,-0.5789857351604066,5
7243,5.340312514918867,4.728028954420519,-0.6122835604983479,2
7244,5.27282924001087,4.728028954420519,-0.5448002855903509,1
7245,5.452184656219212,4.0,-1.4521846562192122,7
7246,5.370321932251095,4.0,-1.3703219322510947,9
7247,5.500546666187122,4.0,-1.5005466661871223,3
7248,5.397813587173726,4.0,-1.3978135871737258,5
7249,5.421226055845586,4.0,-1.4212260558455858,6
7250,5.387715223126438,4.0,-1.3877152231264382,8
7251,5.523601194726901,4.0,-1.5236011947269006,4
7252,5.515949720655705,4.0,-1.5159497206557049,2
7253,5.442646936041681,4.0,-1.4426469360416814,1
7254,6.206388385585123,6.049218022670182,-0.15717036291494146,5
7255,6.225873687604071,6.049218022670182,-0.17665566493388862,3
7256,6.189111430183984,6.049218022670182,-0.13989340751380208,4
7257,6.127908902764642,6.049218022670182,-0.07869088009446035,6
7258,6.1950940944683275,6.049218022670182,-0.14587607179814555,7
7259,6.209474775018322,6.049218022670182,-0.16025675234813974,2
7260,6.210031286298494,6.049218022670182,-0.16081326362831216,9
7261,6.184645913420613,6.049218022670182,-0.1354278907504307,8
7262,6.2213552143517274,6.049218022670182,-0.1721371916815455,10
7263,5.735638095625185,4.826074802700826,-0.9095632929243589,8
7264,5.793964772579403,4.826074802700826,-0.967889969878577,10
7265,5.758409154695609,4.826074802700826,-0.9323343519947827,3
7266,5.303505981475354,4.826074802700826,-0.4774311787745278,9
7267,5.7242690572012584,4.826074802700826,-0.8981942545004324,6
7268,5.669622308206582,4.826074802700826,-0.8435475055057564,1
7269,5.6619984544739514,4.826074802700826,-0.8359236517731254,4
7270,5.622148430611739,4.826074802700826,-0.7960736279109133,7
7271,5.739078762093922,4.826074802700826,-0.9130039593930963,5
7272,4.755816158000947,5.760422483423212,1.004606325422265,2
7273,4.889443803810084,5.760422483423212,0.8709786796131276,8
7274,4.832260350952085,5.760422483423212,0.9281621324711269,7
7275,4.83542435945172,5.760422483423212,0.9249981239714922,5
7276,4.920494334408553,5.760422483423212,0.8399281490146588,1
7277,4.862928675363156,5.760422483423212,0.8974938080600561,6
7278,4.878897018129245,5.760422483423212,0.8815254652939668,10
7279,4.804177747533246,5.760422483423212,0.9562447358899657,4
7280,4.827829686388598,5.760422483423212,0.932592797034614,9
7281,4.251821670939961,4.041392685158225,-0.21042898578173563,7
7282,4.340451169443739,4.041392685158225,-0.2990584842855135,2
7283,4.250883986509316,4.041392685158225,-0.20949130135109062,10
7284,4.301255425766661,4.041392685158225,-0.25986274060843595,3
7285,4.161312542252809,4.041392685158225,-0.11991985709458408,6
7286,4.273407624957069,4.041392685158225,-0.23201493979884358,9
7287,4.306559436214264,4.041392685158225,-0.2651667510560385,8
7288,4.23482005235842,4.041392685158225,-0.1934273672001945,4
7289,4.190870502058914,4.041392685158225,-0.1494778169006885,5
7290,5.540513186877689,5.00987563371216,-0.530637553165529,1
7291,5.406833115659552,5.00987563371216,-0.3969574819473918,6
7292,5.417747975837267,5.00987563371216,-0.40787234212510715,7
7293,5.500061045311189,5.00987563371216,-0.49018541159902895,10
7294,5.436793366148356,5.00987563371216,-0.4269177324361957,4
7295,5.262115197386485,5.00987563371216,-0.25223956367432443,9
7296,5.535232274059711,5.00987563371216,-0.5253566403475505,2
7297,5.448374524296056,5.00987563371216,-0.4384988905838956,3
7298,5.383081537097072,5.00987563371216,-0.3732059033849122,8
7299,5.336641717397662,5.02938377768521,-0.30725793971245263,10
7300,5.338810524790683,5.02938377768521,-0.3094267471054737,6
7301,5.423591906699432,5.02938377768521,-0.3942081290142223,4
7302,5.388789569888514,5.02938377768521,-0.3594057922033045,8
7303,5.430860596597986,5.02938377768521,-0.4014768189127764,5
7304,5.412613425016458,5.02938377768521,-0.3832296473312482,2
7305,5.275582422250218,5.02938377768521,-0.24619864456500817,9
7306,5.310903232403718,5.02938377768521,-0.2815194547185085,7
7307,5.2851080271044575,5.02938377768521,-0.25572424941924776,3
7308,5.705960259733856,5.544811911757776,-0.1611483479760798,6
7309,5.569851846987521,5.544811911757776,-0.025039935229744792,9
7310,5.655620749890289,5.544811911757776,-0.11080883813251319,7
7311,5.659030647218483,5.544811911757776,-0.11421873546070671,2
7312,5.649799800319248,5.544811911757776,-0.1049878885614719,8
7313,5.7018594434867085,5.544811911757776,-0.15704753172893238,3
7314,5.670169323850103,5.544811911757776,-0.12535741209232665,4
7315,5.593646739791143,5.544811911757776,-0.048834828033366584,1
7316,5.682109158991443,5.544811911757776,-0.13729724723366665,10
7317,5.315778680807299,5.041392685158225,-0.27438599564907395,1
7318,5.582411531345262,5.041392685158225,-0.5410188461870362,10
7319,5.3248918871899855,5.041392685158225,-0.28349920203176016,8
7320,5.393087117918109,5.041392685158225,-0.3516944327598832,2
7321,5.3907485911314135,5.041392685158225,-0.3493559059731881,6
7322,5.283174669728971,5.041392685158225,-0.2417819845707454,4
7323,5.346923195453275,5.041392685158225,-0.30553051029504985,5
7324,5.198702002061925,5.041392685158225,-0.15730931690369943,9
7325,5.263323348267128,5.041392685158225,-0.22193066310890242,7
7326,5.381190401903865,5.61066016308988,0.2294697611860146,4
7327,5.400579314128862,5.61066016308988,0.21008084896101753,3
7328,5.4706218753149205,5.61066016308988,0.14003828777495908,6
7329,5.282682545618041,5.61066016308988,0.32797761747183873,9
7330,5.4038110850309184,5.61066016308988,0.20684907805896113,8
7331,5.417901766800824,5.61066016308988,0.19275839628905533,5
7332,5.39798123406448,5.61066016308988,0.2126789290253992,1
7333,5.611488798298084,5.61066016308988,-0.0008286352082045312,10
7334,5.399419913910995,5.61066016308988,0.21124024917888473,2
7335,5.135643735100495,5.045322978786658,-0.09032075631383751,2
7336,5.000914968660981,5.045322978786658,0.04440801012567697,6
7337,5.14386480748777,5.045322978786658,-0.09854182870111217,3
7338,5.040456796833243,5.045322978786658,0.0048661819534148165,1
7339,5.121030775569825,5.045322978786658,-0.07570779678316786,8
7340,4.963459887006028,5.045322978786658,0.08186309178062956,9
7341,5.061228380398371,5.045322978786658,-0.01590540161171372,4
7342,5.029764335816224,5.045322978786658,0.015558642970433745,7
7343,5.048899101614555,5.045322978786658,-0.003576122827896988,5
7344,4.580901665793595,4.0178677189635055,-0.5630339468300898,10
7345,4.594467441386858,4.0178677189635055,-0.5765997224233521,2
7346,4.6137466720452345,4.0178677189635055,-0.595878953081729,3
7347,4.515237702428677,4.0178677189635055,-0.4973699834651715,7
7348,4.5632576348835645,4.0178677189635055,-0.545389915920059,9
7349,4.544817118141286,4.0178677189635055,-0.5269493991777807,6
7350,4.771418912936289,4.0178677189635055,-0.7535511939727835,1
7351,4.479064098649399,4.0178677189635055,-0.46119637968589355,8
7352,4.475579970257157,4.0178677189635055,-0.45771225129365156,4
7353,5.5130495568173,5.96189547366785,0.44884591685054964,5
7354,5.512425895567532,5.96189547366785,0.4494695781003184,6
7355,5.484962410351027,5.96189547366785,0.4769330633168227,2
7356,5.406727735765876,5.96189547366785,0.5551677379019742,4
7357,5.251090920176295,5.96189547366785,0.7108045534915552,7
7358,5.399491472383775,5.96189547366785,0.562404001284075,10
7359,5.440278241337273,5.96189547366785,0.521617232330577,3
7360,5.533206398745746,5.96189547366785,0.4286890749221044,8
7361,5.518300944195652,5.96189547366785,0.4435945294721977,9
7362,4.157214463451479,4.022428371185487,-0.13478609226599136,8
7363,4.040323363031044,4.022428371185487,-0.017894991845556873,6
7364,4.142580811121446,4.022428371185487,-0.12015243993595881,5
7365,4.148873480010652,4.022428371185487,-0.12644510882516435,7
7366,4.103530111467398,4.022428371185487,-0.08110174028191075,4
7367,4.123767465925851,4.022428371185487,-0.1013390947403634,3
7368,4.114629860724531,4.022428371185487,-0.09220148953904328,9
7369,4.158428314486088,4.022428371185487,-0.13599994330060028,1
7370,4.111460983141812,4.022428371185487,-0.08903261195632428,10
7371,5.151736661603378,4.468347330412158,-0.6833893311912203,4
7372,5.292784235596342,4.468347330412158,-0.824436905184184,9
7373,5.271259770961485,4.468347330412158,-0.8029124405493269,7
7374,5.203196211872804,4.468347330412158,-0.7348488814606462,3
7375,5.145341286368636,4.468347330412158,-0.6769939559564779,2
7376,5.178227883171335,4.468347330412158,-0.7098805527591772,5
7377,5.166447321363956,4.468347330412158,-0.698099990951798,6
7378,5.1857358498957025,4.468347330412158,-0.7173885194835448,10
7379,5.272469935656227,4.468347330412158,-0.8041226052440695,8
7380,5.703856381415972,5.748188027006201,0.04433164559022895,2
7381,5.720421805246908,5.748188027006201,0.027766221759292442,10
7382,5.757157403430596,5.748188027006201,-0.008969376424395215,6
7383,5.604468521451868,5.748188027006201,0.14371950555433255,9
7384,5.691071243903947,5.748188027006201,0.057116783102253876,3
7385,5.800419493664532,5.748188027006201,-0.05223146665833145,8
7386,5.677124102775235,5.748188027006201,0.07106392423096608,7
7387,5.690374192352244,5.748188027006201,0.05781383465395695,4
7388,5.707850428125807,5.748188027006201,0.040337598880393344,5
7389,4.519849341763715,4.389095173354185,-0.13075416840952947,10
7390,4.576334090482316,4.389095173354185,-0.18723891712813057,3
7391,4.6274504603394835,4.389095173354185,-0.23835528698529806,5
7392,4.497781797463728,4.389095173354185,-0.10868662410954233,7
7393,4.539854745946221,4.389095173354185,-0.15075957259203587,4
7394,4.555407233448993,4.389095173354185,-0.1663120600948078,8
7395,4.474056130593494,4.389095173354185,-0.08496095723930885,2
7396,4.508708977504383,4.389095173354185,-0.11961380415019729,1
7397,4.617948637340012,4.389095173354185,-0.22885346398582662,6
7398,4.391099039453342,4.17897694729317,-0.21212209216017186,10
7399,4.315355577097366,4.17897694729317,-0.13637862980419602,7
7400,4.634008646945773,4.17897694729317,-0.45503169965260337,9
7401,4.399252871343321,4.17897694729317,-0.22027592405015106,4
7402,4.431169183144549,4.17897694729317,-0.2521922358513793,6
7403,4.4034361971921285,4.17897694729317,-0.22445924989895882,5
7404,4.390029208672636,4.17897694729317,-0.2110522613794661,3
7405,4.459253823377414,4.17897694729317,-0.280276876084244,1
7406,4.682242902411045,4.17897694729317,-0.5032659551178753,2
7407,5.769536059016961,5.781036938621132,0.011500879604171566,5
7408,5.755397557357074,5.781036938621132,0.025639381264058514,6
7409,5.681532753394689,5.781036938621132,0.09950418522644355,4
7410,5.798978868642288,5.781036938621132,-0.017941930021155628,10
7411,5.759010826205533,5.781036938621132,0.02202611241559893,9
7412,5.702552948059927,5.781036938621132,0.07848399056120492,8
7413,5.746493870113599,5.781036938621132,0.03454306850753319,2
7414,5.736304348863542,5.781036938621132,0.04473258975759009,1
7415,5.6995671757631765,5.781036938621132,0.08146976285795571,3
7416,4.580901665793595,4.0,-0.5809016657935953,10
7417,4.515237702428677,4.0,-0.515237702428677,7
7418,4.479064098649399,4.0,-0.47906409864939903,8
7419,4.546017645954545,4.0,-0.5460176459545449,5
7420,4.6137466720452345,4.0,-0.6137466720452345,3
7421,4.771418912936289,4.0,-0.771418912936289,1
7422,4.475579970257157,4.0,-0.47557997025715704,4
7423,4.5632576348835645,4.0,-0.5632576348835645,9
7424,4.594467441386858,4.0,-0.5944674413868576,2
7425,5.708253262558787,4.812913356642856,-0.8953399059159315,9
7426,5.659822987742701,4.812913356642856,-0.8469096310998454,1
7427,5.6988632722982615,4.812913356642856,-0.8859499156554058,5
7428,5.674254726347485,4.812913356642856,-0.861341369704629,10
7429,5.755671968080461,4.812913356642856,-0.942758611437605,2
7430,5.624370869829336,4.812913356642856,-0.8114575131864807,8
7431,5.673032103024643,4.812913356642856,-0.8601187463817874,4
7432,5.739952170794682,4.812913356642856,-0.9270388141518264,6
7433,5.659010447831483,4.812913356642856,-0.8460970911886276,3
7434,5.518285477283617,5.68930885912362,0.1710233818400031,4
7435,5.620068758530516,5.68930885912362,0.06924010059310426,5
7436,5.602251909900732,5.68930885912362,0.08705694922288743,3
7437,5.5914812433179115,5.68930885912362,0.09782761580570831,8
7438,5.590952320189352,5.68930885912362,0.09835653893426777,9
7439,5.537757344004387,5.68930885912362,0.15155151511923304,2
7440,5.569278548420901,5.68930885912362,0.12003031070271852,10
7441,5.46503633467562,5.68930885912362,0.22427252444799972,1
7442,5.567762089893157,5.68930885912362,0.12154676923046281,7
7443,5.695801640263594,5.851258348719076,0.15545670845548276,10
7444,5.589017221868172,5.851258348719076,0.2622411268509044,9
7445,5.546084720265241,5.851258348719076,0.30517362845383555,3
7446,5.608782302661933,5.851258348719076,0.2424760460571438,5
7447,5.636974524101479,5.851258348719076,0.21428382461759732,7
7448,5.655184146330936,5.851258348719076,0.19607420238814033,6
7449,5.63064123855005,5.851258348719076,0.22061711016902663,2
7450,5.4713443528683765,5.851258348719076,0.37991399585069985,1
7451,5.722264469948836,5.851258348719076,0.12899387877024004,4
7452,5.31199355420857,5.189209489582306,-0.12278406462626368,4
7453,5.193495338474475,5.189209489582306,-0.004285848892168431,1
7454,5.281376109119666,5.189209489582306,-0.09216661953735983,8
7455,5.354758007386644,5.189209489582306,-0.16554851780433744,2
7456,5.312374178659238,5.189209489582306,-0.12316468907693157,6
7457,5.170348809193388,5.189209489582306,0.018860680388918638,3
7458,5.122943685717661,5.189209489582306,0.06626580386464553,9
7459,5.414879232136921,5.189209489582306,-0.22566974255461503,10
7460,5.221852379177369,5.189209489582306,-0.03264288959506256,5
7461,4.5244171455412605,4.049218022670182,-0.47519912287107857,1
7462,4.549833108567762,4.049218022670182,-0.5006150858975804,7
7463,4.962982532587084,4.049218022670182,-0.9137645099169021,4
7464,4.537111098574918,4.049218022670182,-0.4878930759047364,9
7465,4.5064332385357355,4.049218022670182,-0.4572152158655536,3
7466,4.496479911922893,4.049218022670182,-0.4472618892527107,10
7467,4.579979540729709,4.049218022670182,-0.5307615180595269,5
7468,4.632167811991054,4.049218022670182,-0.5829497893208719,6
7469,4.720436115851722,4.049218022670182,-0.6712180931815404,8
7470,5.285292843807228,4.7160033436348,-0.5692895001724274,7
7471,5.177683374374713,4.7160033436348,-0.46168003073991226,10
7472,5.149687883831304,4.7160033436348,-0.43368454019650393,2
7473,5.3147094404876,4.7160033436348,-0.5987060968527995,3
7474,5.315655325828209,4.7160033436348,-0.599651982193409,9
7475,5.573059225727488,4.7160033436348,-0.8570558820926877,5
7476,5.317232811212593,4.7160033436348,-0.6012294675777925,1
7477,5.3108111647500005,4.7160033436348,-0.5948078211152001,4
7478,5.290721351740234,4.7160033436348,-0.5747180081054335,6
7479,5.653286314463269,6.763427993562937,1.1101416790996677,5
7480,5.638798590212763,6.763427993562937,1.1246294033501743,7
7481,5.660641301348749,6.763427993562937,1.1027866922141882,1
7482,5.639057242504859,6.763427993562937,1.1243707510580778,9
7483,5.69835140719742,6.763427993562937,1.0650765863655165,3
7484,5.705544489215486,6.763427993562937,1.0578835043474513,8
7485,5.686777728683578,6.763427993562937,1.0766502648793592,4
7486,5.774885150490726,6.763427993562937,0.988542843072211,6
7487,5.714662089172686,6.763427993562937,1.048765904390251,2
7488,5.3108111647500005,3.832508912706236,-1.4783022520437643,4
7489,5.315655325828209,3.832508912706236,-1.4831464131219732,9
7490,5.285292843807228,3.832508912706236,-1.4527839311009916,7
7491,5.317232811212593,3.832508912706236,-1.4847238985063567,1
7492,5.177683374374713,3.832508912706236,-1.3451744616684764,10
7493,5.519051400436714,3.832508912706236,-1.686542487730478,8
7494,5.290721351740234,3.832508912706236,-1.4582124390339977,6
7495,5.149687883831304,3.832508912706236,-1.317178971125068,2
7496,5.3147094404876,3.832508912706236,-1.4822005277813637,3
7497,4.901557845337705,5.079181246047625,0.17762340070992,7
7498,4.838720049915951,5.079181246047625,0.24046119613167427,1
7499,4.849635219499036,5.079181246047625,0.22954602654858913,9
7500,4.74684953490221,5.079181246047625,0.3323317111454154,10
7501,4.824212215648815,5.079181246047625,0.2549690303988097,3
7502,4.821498445956214,5.079181246047625,0.25768280009141087,6
7503,5.102578235626098,5.079181246047625,-0.02339698957847247,4
7504,4.88903090974675,5.079181246047625,0.1901503363008752,2
7505,4.794986547272951,5.079181246047625,0.28419469877467396,5
7506,4.889443803810084,3.4771212547196626,-1.4123225490904217,8
7507,4.862928675363156,3.4771212547196626,-1.3858074206434932,6
7508,4.804177747533246,3.4771212547196626,-1.3270564928135835,4
7509,4.920494334408553,3.4771212547196626,-1.4433730796888904,1
7510,4.755816158000947,3.4771212547196626,-1.2786949032812842,2
7511,4.878897018129245,3.4771212547196626,-1.4017757634095824,10
7512,4.83542435945172,3.4771212547196626,-1.358303104732057,5
7513,4.832260350952085,3.4771212547196626,-1.3551390962324223,7
7514,4.827829686388598,3.4771212547196626,-1.3507084316689353,9
7515,4.515237702428677,5.285557309007774,0.7703196065790969,7
7516,4.594467441386858,5.285557309007774,0.6910898676209163,2
7517,4.479064098649399,5.285557309007774,0.8064932103583748,8
7518,4.475579970257157,5.285557309007774,0.8099773387506168,4
7519,4.544817118141286,5.285557309007774,0.7407401908664877,6
7520,4.771418912936289,5.285557309007774,0.5141383960714849,1
7521,4.580901665793595,5.285557309007774,0.7046556432141786,10
7522,4.546017645954545,5.285557309007774,0.7395396630532289,5
7523,4.6137466720452345,5.285557309007774,0.6718106369625394,3
7524,5.733716122217203,6.2552725051033065,0.5215563828861036,3
7525,5.711478221719431,6.2552725051033065,0.5437942833838756,10
7526,5.725468833274944,6.2552725051033065,0.5298036718283621,9
7527,5.747008505421948,6.2552725051033065,0.5082639996813585,8
7528,5.719537259284408,6.2552725051033065,0.5357352458188984,2
7529,5.6892003750706595,6.2552725051033065,0.566072130032647,5
7530,5.728682499852061,6.2552725051033065,0.5265900052512453,6
7531,5.756053368858207,6.2552725051033065,0.4992191362450997,1
7532,5.735410197044885,6.2552725051033065,0.5198623080584213,7
7533,5.419639375845412,4.845098040014257,-0.5745413358311549,9
7534,5.281155025730125,4.845098040014257,-0.4360569857158678,10
7535,5.374688112795804,4.845098040014257,-0.5295900727815468,1
7536,5.352792503537157,4.845098040014257,-0.5076944635228999,7
7537,5.308157858569871,4.845098040014257,-0.46305981855561384,6
7538,5.4748273088317045,4.845098040014257,-0.6297292688174476,2
7539,5.4097783095868515,4.845098040014257,-0.5646802695725945,3
7540,5.2565652371638745,4.845098040014257,-0.41146719714961755,4
7541,5.306196665737604,4.845098040014257,-0.4610986257233467,5
7542,5.782402519939526,6.079181246047625,0.29677872610809874,10
7543,5.772551806118231,6.079181246047625,0.3066294399293943,2
7544,5.794614797875571,6.079181246047625,0.284566448172054,9
7545,5.742591957095153,6.079181246047625,0.33658928895247175,6
7546,5.808356116416406,6.079181246047625,0.27082512963121896,1
7547,5.785103294564762,6.079181246047625,0.29407795148286286,3
7548,5.6550010895879925,6.079181246047625,0.4241801564596326,4
7549,5.686686139563722,6.079181246047625,0.39249510648390284,8
7550,5.699342139989981,6.079181246047625,0.37983910605764404,7
7551,4.501292803731875,4.4048337166199385,-0.09645908711193663,1
7552,4.463630282880338,4.4048337166199385,-0.05879656626039953,3
7553,4.408959208007687,4.4048337166199385,-0.004125491387748426,10
7554,4.358034055613989,4.4048337166199385,0.04679966100594957,6
7555,4.357953680287634,4.4048337166199385,0.04688003633230409,7
7556,4.545470206347476,4.4048337166199385,-0.1406364897275374,2
7557,4.504913811645766,4.4048337166199385,-0.10008009502582738,8
7558,4.381133014355635,4.4048337166199385,0.02370070226430343,5
7559,4.39244732936012,4.4048337166199385,0.012386387259818221,9
7560,5.521221113580781,4.79982283099332,-0.7213982825874607,8
7561,5.505963780706347,4.79982283099332,-0.7061409497130269,7
7562,5.64451042050101,4.79982283099332,-0.8446875895076902,4
7563,5.395965628356089,4.79982283099332,-0.5961427973627691,3
7564,5.515249828119394,4.79982283099332,-0.715426997126074,6
7565,5.465843135986797,4.79982283099332,-0.6660203049934772,9
7566,5.559530577371586,4.79982283099332,-0.7597077463782655,5
7567,5.484162101030739,4.79982283099332,-0.6843392700374187,2
7568,5.493245448344678,4.79982283099332,-0.6934226173513576,1
7569,5.63838915571711,6.698970004336019,1.0605808486189083,5
7570,5.664515015492732,6.698970004336019,1.0344549888432866,3
7571,5.650773382802906,6.698970004336019,1.0481966215331129,9
7572,5.6403833758547774,6.698970004336019,1.0585866284812413,8
7573,5.545702017113442,6.698970004336019,1.153267987222577,1
7574,5.616606089738916,6.698970004336019,1.082363914597103,7
7575,5.753472416155349,6.698970004336019,0.94549758818067,6
7576,5.596775075884884,6.698970004336019,1.1021949284511345,10
7577,5.546579148093266,6.698970004336019,1.1523908562427527,2
7578,4.399252871343321,3.494154594018443,-0.9050982773248779,4
7579,4.391099039453342,3.494154594018443,-0.8969444454348987,10
7580,4.315355577097366,3.494154594018443,-0.8212009830789229,7
7581,4.431169183144549,3.494154594018443,-0.9370145891261061,6
7582,4.390029208672636,3.494154594018443,-0.8958746146541929,3
7583,4.634008646945773,3.494154594018443,-1.1398540529273302,9
7584,4.602081229028734,3.494154594018443,-1.107926635010291,8
7585,4.459253823377414,3.494154594018443,-0.9650992293589709,1
7586,4.4034361971921285,3.494154594018443,-0.9092816031736857,5
7587,5.699345543398069,6.079181246047625,0.37983570264955624,10
7588,5.629899702047293,6.079181246047625,0.44928154400033193,9
7589,5.675984413022075,6.079181246047625,0.4031968330255502,2
7590,5.726137298828558,6.079181246047625,0.3530439472190672,7
7591,5.74641199915672,6.079181246047625,0.3327692468909049,6
7592,5.6804040905377455,6.079181246047625,0.3987771555098796,5
7593,5.686767901641781,6.079181246047625,0.39241334440584374,4
7594,5.519488546649864,6.079181246047625,0.5596926993977611,1
7595,5.664337618627132,6.079181246047625,0.41484362742049274,8
7596,5.068068896033608,4.017033339298781,-1.0510355567348277,7
7597,5.14184150039351,4.017033339298781,-1.1248081610947294,5
7598,5.264063314828927,4.017033339298781,-1.247029975530146,3
7599,5.003167338778029,4.017033339298781,-0.9861339994792484,6
7600,5.08435004981935,4.017033339298781,-1.0673167105205694,2
7601,5.12548053646648,4.017033339298781,-1.108447197167699,10
7602,5.150983142097349,4.017033339298781,-1.1339498027985684,4
7603,4.97300928615117,4.017033339298781,-0.955975946852389,9
7604,5.259663676281383,4.017033339298781,-1.242630336982602,8
7605,4.814667714612613,4.544068044350276,-0.270599670262337,7
7606,4.839273058741373,4.544068044350276,-0.29520501439109736,3
7607,4.839932399353344,4.544068044350276,-0.2958643550030686,4
7608,4.750358017604158,4.544068044350276,-0.20628997325388276,9
7609,5.092869416940489,4.544068044350276,-0.548801372590213,10
7610,4.881629139630112,4.544068044350276,-0.33756109527983647,6
7611,4.827381147367542,4.544068044350276,-0.2833131030172664,5
7612,4.867145421025509,4.544068044350276,-0.32307737667523373,8
7613,4.981198812224492,4.544068044350276,-0.43713076787421645,1
7614,4.584375094665734,3.342422680822206,-1.2419524138435274,9
7615,4.647054530818007,3.342422680822206,-1.304631849995801,3
7616,4.618510503454045,3.342422680822206,-1.276087822631839,6
7617,4.629447812259883,3.342422680822206,-1.287025131437677,4
7618,4.590470483721807,3.342422680822206,-1.2480478028996012,2
7619,4.560848941248604,3.342422680822206,-1.2184262604263982,5
7620,4.6511564811480355,3.342422680822206,-1.3087338003258293,7
7621,4.555851157238963,3.342422680822206,-1.2134284764167567,10
7622,4.622105558179376,3.342422680822206,-1.2796828773571698,8
7623,3.2690561665809694,4.1027766148834415,0.833720448302472,2
7624,2.967034648224503,4.1027766148834415,1.1357419666589386,7
7625,3.1968048393962523,4.1027766148834415,0.9059717754871892,5
7626,3.2433925752290196,4.1027766148834415,0.8593840396544219,3
7627,3.081368282718338,4.1027766148834415,1.0214083321651035,9
7628,3.1292957497565257,4.1027766148834415,0.9734808651269158,10
7629,3.2822174908436788,4.1027766148834415,0.8205591240397627,4
7630,3.2479452502327186,4.1027766148834415,0.8548313646507228,8
7631,3.1231936138782803,4.1027766148834415,0.9795830010051612,1
7632,4.874333566371837,3.9190780923760737,-0.9552554739957628,1
7633,4.681661854177821,3.9190780923760737,-0.7625837618017473,10
7634,4.6367871040242905,3.9190780923760737,-0.7177090116482168,4
7635,4.757533080693832,3.9190780923760737,-0.8384549883177579,2
7636,4.788061649005694,3.9190780923760737,-0.8689835566296207,6
7637,4.781636553819294,3.9190780923760737,-0.8625584614432205,9
7638,4.793195810717751,3.9190780923760737,-0.8741177183416768,8
7639,4.708440348963906,3.9190780923760737,-0.7893622565878324,3
7640,4.719064753524091,3.9190780923760737,-0.7999866611480169,5
7641,5.3274604183246215,6.0,0.6725395816753785,8
7642,5.225911060541828,6.0,0.7740889394581716,4
7643,5.287927952827118,6.0,0.7120720471728816,2
7644,5.250381540708196,6.0,0.7496184592918036,3
7645,5.386421315934922,6.0,0.6135786840650779,5
7646,5.196957656085968,6.0,0.803042343914032,7
7647,5.204713727651969,6.0,0.7952862723480312,10
7648,5.3005311944326845,6.0,0.6994688055673155,1
7649,5.2909669883503465,6.0,0.7090330116496535,9
7650,5.808356116416406,5.7363965022766426,-0.0719596141397636,1
7651,5.686686139563722,5.7363965022766426,0.049710362712920286,8
7652,5.782402519939526,5.7363965022766426,-0.046006017662883814,10
7653,5.772551806118231,5.7363965022766426,-0.03615530384158827,2
7654,5.794614797875571,5.7363965022766426,-0.05821829559892855,9
7655,5.742591957095153,5.7363965022766426,-0.006195454818510804,6
7656,5.785103294564762,5.7363965022766426,-0.048706792288119694,3
7657,5.710922725801276,5.7363965022766426,0.025473776475366527,5
7658,5.6550010895879925,5.7363965022766426,0.08139541268865003,4
7659,5.1736832164233455,4.562173863364649,-0.6115093530586968,4
7660,5.211284715713331,4.562173863364649,-0.6491108523486826,7
7661,5.450341361873206,4.562173863364649,-0.8881674985085573,6
7662,5.312997678314057,4.562173863364649,-0.750823814949408,3
7663,5.209068602735517,4.562173863364649,-0.6468947393708682,9
7664,5.287295567823852,4.562173863364649,-0.7251217044592035,5
7665,5.343690449575312,4.562173863364649,-0.781516586210663,10
7666,5.219370082221919,4.562173863364649,-0.65719621885727,1
7667,5.25129821159724,4.562173863364649,-0.6891243482325917,2
7668,5.266373655073196,4.445604203273597,-0.8207694517995989,10
7669,5.181667187331119,4.445604203273597,-0.7360629840575212,2
7670,5.14603181573287,4.445604203273597,-0.700427612459273,7
7671,5.307933928502937,4.445604203273597,-0.8623297252293396,8
7672,5.183282003130627,4.445604203273597,-0.7376777998570292,5
7673,5.257808718365402,4.445604203273597,-0.8122045150918042,3
7674,5.1559304289637415,4.445604203273597,-0.7103262256901441,1
7675,5.193727993930938,4.445604203273597,-0.748123790657341,9
7676,5.108802517020151,4.445604203273597,-0.6631983137465536,4
7677,5.525703887004763,5.477121254719663,-0.0485826322851004,5
7678,5.601441939871856,5.477121254719663,-0.12432068515219363,9
7679,5.474144216470767,5.477121254719663,0.0029770382488951697,2
7680,5.558765696090022,5.477121254719663,-0.08164444137035964,1
7681,5.53688858156383,5.477121254719663,-0.059767326844167634,7
7682,5.300966813133601,5.477121254719663,0.17615444158606142,4
7683,5.55699848624624,5.477121254719663,-0.07987723152657722,6
7684,5.544781676677942,5.477121254719663,-0.06766042195827904,3
7685,5.455066411753413,5.477121254719663,0.022054842966249488,10
7686,5.525309630998967,5.064457989226918,-0.46085164177204874,8
7687,5.477782347868355,5.064457989226918,-0.4133243586414368,1
7688,5.516756121339968,5.064457989226918,-0.45229813211305014,6
7689,5.405210239748128,5.064457989226918,-0.34075225052121016,7
7690,5.3151907485333725,5.064457989226918,-0.25073275930645433,4
7691,5.480632515137029,5.064457989226918,-0.41617452591011084,3
7692,5.51463765745234,5.064457989226918,-0.450179668225422,5
7693,5.435177280841679,5.064457989226918,-0.370719291614761,2
7694,5.483128308232819,5.064457989226918,-0.41867031900590046,10
7695,5.849794636724631,7.176091259055681,1.32629662233105,7
7696,5.892584471493365,7.176091259055681,1.2835067875623167,3
7697,5.826312754198089,7.176091259055681,1.3497785048575928,1
7698,5.910331029546914,7.176091259055681,1.2657602295087678,6
7699,5.777281798425409,7.176091259055681,1.3988094606302726,10
7700,5.898295704530752,7.176091259055681,1.2777955545249293,5
7701,5.917752719786001,7.176091259055681,1.2583385392696806,8
7702,5.954795655735606,7.176091259055681,1.2212956033200753,9
7703,5.843568075366404,7.176091259055681,1.3325231836892772,2
7704,5.699816851566917,6.041392685158225,0.3415758335913086,9
7705,5.753720684347102,6.041392685158225,0.2876720008111233,6
7706,5.4511494782430505,6.041392685158225,0.5902432069151748,4
7707,5.76377293910012,6.041392685158225,0.2776197460581056,8
7708,5.698453395554388,6.041392685158225,0.34293928960383724,3
7709,5.696732529359253,6.041392685158225,0.34466015579897213,2
7710,5.663718150045339,6.041392685158225,0.3776745351128863,1
7711,5.716026341340435,6.041392685158225,0.32536634381779006,5
7712,5.561061269151663,6.041392685158225,0.48033141600656215,7
7713,6.284899288852144,5.541579243946581,-0.7433200449055635,3
7714,6.101016830141107,5.541579243946581,-0.5594375861945267,1
7715,6.298896436943651,5.541579243946581,-0.7573171929970703,5
7716,6.235225466739513,5.541579243946581,-0.6936462227929319,8
7717,6.2445250850607055,5.541579243946581,-0.7029458411141247,4
7718,6.243894169624318,5.541579243946581,-0.7023149256777375,9
7719,6.338908877101747,5.541579243946581,-0.797329633155166,2
7720,6.277546245801469,5.541579243946581,-0.7359670018548883,10
7721,6.398404841071237,5.541579243946581,-0.8568255971246561,7
7722,5.082471346841864,4.994317152669637,-0.08815419417222703,8
7723,5.071612459137883,4.994317152669637,-0.07729530646824667,7
7724,5.124938347548149,4.994317152669637,-0.1306211948785121,5
7725,5.036852615161314,4.994317152669637,-0.04253546249167783,4
7726,5.089420286242924,4.994317152669637,-0.09510313357328748,3
7727,5.1153236157171476,4.994317152669637,-0.12100646304751095,10
7728,5.140498681088468,4.994317152669637,-0.1461815284188317,2
7729,5.010494566892531,4.994317152669637,-0.016177414222894093,9
7730,5.051761852807476,4.994317152669637,-0.05744470013783953,1
7731,5.582054829678691,5.079181246047625,-0.5028735836310663,7
7732,5.4335969958212464,5.079181246047625,-0.35441574977362134,4
7733,5.594440083179013,5.079181246047625,-0.5152588371313875,10
7734,5.619515779632488,5.079181246047625,-0.540334533584863,8
7735,5.543590679246232,5.079181246047625,-0.4644094331986066,2
7736,5.6048943208672375,5.079181246047625,-0.5257130748196124,5
7737,5.667339608057459,5.079181246047625,-0.5881583620098336,6
7738,5.640824951874152,5.079181246047625,-0.5616437058265271,9
7739,5.452319215833482,5.079181246047625,-0.3731379697858568,1
7740,4.958515467767095,4.54282542695918,-0.41569004080791494,6
7741,4.844311024817496,4.54282542695918,-0.3014855978583162,8
7742,4.895944063446705,4.54282542695918,-0.3531186364875252,7
7743,4.938132946927679,4.54282542695918,-0.3953075199684992,3
7744,5.023483994257263,4.54282542695918,-0.4806585672980832,9
7745,4.899925133287879,4.54282542695918,-0.35709970632869936,1
7746,4.876442234930822,4.54282542695918,-0.3336168079716426,2
7747,4.828295727938612,4.54282542695918,-0.2854703009794326,4
7748,4.888612874245585,4.54282542695918,-0.34578744728640576,5
7749,5.7752243684084394,6.477121254719663,0.7018968863112232,4
7750,5.761965720553702,6.477121254719663,0.7151555341659606,10
7751,5.674408994247594,6.477121254719663,0.8027122604720685,1
7752,5.835319906746268,6.477121254719663,0.6418013479733942,8
7753,5.796384519804457,6.477121254719663,0.6807367349152056,7
7754,5.829920075226124,6.477121254719663,0.6472011794935382,9
7755,5.838339520190379,6.477121254719663,0.6387817345292834,5
7756,5.801648755474427,6.477121254719663,0.6754724992452354,3
7757,5.825077316859319,6.477121254719663,0.652043937860344,6
7758,5.499904230119947,5.571708831808688,0.07180460168874081,7
7759,5.495529216090372,5.571708831808688,0.07617961571831611,5
7760,5.420195069314872,5.571708831808688,0.1515137624938161,4
7761,5.39455016650708,5.571708831808688,0.17715866530160795,1
7762,5.545801347881772,5.571708831808688,0.025907483926915553,9
7763,5.537557102497483,5.571708831808688,0.034151729311204804,8
7764,5.50502456230645,5.571708831808688,0.06668426950223783,10
7765,5.379937305532894,5.571708831808688,0.19177152627579375,2
7766,5.519205795206189,5.571708831808688,0.052503036602498554,3
7767,5.856952059093923,6.633468455579586,0.776516396485663,9
7768,5.769499748832302,6.633468455579586,0.8639687067472845,2
7769,5.725198567034401,6.633468455579586,0.9082698885451848,7
7770,5.784893713180436,6.633468455579586,0.8485747423991503,5
7771,5.7826990819977055,6.633468455579586,0.8507693735818807,4
7772,6.143660810144687,6.633468455579586,0.4898076454348992,6
7773,5.785877087023749,6.633468455579586,0.8475913685558369,8
7774,5.7449170419782085,6.633468455579586,0.8885514136013777,3
7775,5.806008382959893,6.633468455579586,0.8274600726196928,1
7776,6.272996263655545,6.363047594521094,0.09005133086554817,1
7777,6.406575239106848,6.363047594521094,-0.04352764458575464,5
7778,6.460436363482596,6.363047594521094,-0.09738876896150206,10
7779,6.437034164758547,6.363047594521094,-0.07398657023745336,3
7780,6.419470358084254,6.363047594521094,-0.05642276356316067,8
7781,6.462339081434166,6.363047594521094,-0.09929148691307255,2
7782,6.395135958805337,6.363047594521094,-0.032088364284243553,7
7783,6.439038900304511,6.363047594521094,-0.0759913057834174,9
7784,6.502304010007412,6.363047594521094,-0.13925641548631873,6
7785,4.794497104133513,4.212187604403958,-0.582309499729555,6
7786,4.762395321807594,4.212187604403958,-0.5502077174036355,7
7787,4.713858411143868,4.212187604403958,-0.5016708067399103,5
7788,4.792173797087002,4.212187604403958,-0.5799861926830436,8
7789,4.284178270559412,4.212187604403958,-0.07199066615545391,1
7790,4.805083581893783,4.212187604403958,-0.5928959774898246,10
7791,4.8910543052924575,4.212187604403958,-0.6788667008884994,9
7792,4.8275300876174665,4.212187604403958,-0.6153424832135084,3
7793,4.863226438511069,4.212187604403958,-0.6510388341071112,4
7794,5.372116911497737,4.972619339059624,-0.3994975724381131,6
7795,5.362327731821438,4.972619339059624,-0.3897083927618139,4
7796,5.4287822884765955,4.972619339059624,-0.45616294941697166,3
7797,5.398405365867283,4.972619339059624,-0.42578602680765876,7
7798,5.483782227183022,4.972619339059624,-0.5111628881233985,10
7799,5.4465562752698204,4.972619339059624,-0.4739369362101966,9
7800,5.255577288436505,4.972619339059624,-0.2829579493768808,1
7801,5.101769266150183,4.972619339059624,-0.12914992709055895,5
7802,5.3165966153769375,4.972619339059624,-0.3439772763173137,2
7803,5.018187723764759,6.079181246047625,1.0609935222828657,2
7804,5.1210449254634645,6.079181246047625,0.9581363205841607,6
7805,4.909467798300809,6.079181246047625,1.1697134477468163,4
7806,4.997720211667314,6.079181246047625,1.081461034380311,3
7807,5.00286216825529,6.079181246047625,1.076319077792335,8
7808,4.962666195682275,6.079181246047625,1.1165150503653498,9
7809,4.947202087903145,6.079181246047625,1.13197915814448,1
7810,4.982504622280936,6.079181246047625,1.0966766237666894,7
7811,5.018759205813582,6.079181246047625,1.0604220402340427,10
7812,4.708533936718845,5.073791642808014,0.3652577060891691,8
7813,4.710537715312356,5.073791642808014,0.36325392749565744,9
7814,4.6651364192259015,5.073791642808014,0.40865522358211237,4
7815,4.787845202567417,5.073791642808014,0.2859464402405969,3
7816,4.7646289304177785,5.073791642808014,0.3091627123902354,6
7817,4.670089726952073,5.073791642808014,0.4037019158559412,10
7818,4.667472639695317,5.073791642808014,0.40631900311269664,5
7819,4.589647294117019,5.073791642808014,0.4841443486909949,1
7820,4.731398088903085,5.073791642808014,0.34239355390492854,2
7821,5.29848716961281,4.704853744566289,-0.5936334250465212,10
7822,5.265134928367238,4.704853744566289,-0.5602811838009494,1
7823,5.153257449282586,4.704853744566289,-0.44840370471629765,4
7824,5.415788636966519,4.704853744566289,-0.7109348924002301,8
7825,5.322093533869839,4.704853744566289,-0.6172397893035502,3
7826,5.402260483852185,4.704853744566289,-0.6974067392858965,5
7827,5.29629331269683,4.704853744566289,-0.5914395681305411,7
7828,5.328543700252449,4.704853744566289,-0.6236899556861601,2
7829,5.335016226892388,4.704853744566289,-0.6301624823260994,9
7830,5.129446901333965,5.518513939877887,0.38906703854392166,6
7831,5.164750400959011,5.518513939877887,0.35376353891887646,3
7832,5.222907400495853,5.518513939877887,0.2956065393820344,2
7833,5.14746788600201,5.518513939877887,0.37104605387587686,8
7834,5.076338769481406,5.518513939877887,0.4421751703964807,7
7835,5.303142034954998,5.518513939877887,0.21537190492288882,4
7836,5.127893809861891,5.518513939877887,0.3906201300159964,9
7837,5.1379257456328995,5.518513939877887,0.3805881942449876,5
7838,5.101746774285619,5.518513939877887,0.416767165592268,1
7839,4.589647294117019,4.953663063747091,0.3640157696300719,1
7840,4.667472639695317,4.953663063747091,0.28619042405177364,5
7841,4.6651364192259015,4.953663063747091,0.28852664452118937,4
7842,4.692220871252397,4.953663063747091,0.2614421924946937,7
7843,4.708533936718845,4.953663063747091,0.24512912702824607,8
7844,4.7646289304177785,4.953663063747091,0.1890341333293124,6
7845,4.710537715312356,4.953663063747091,0.24312534843473443,9
7846,4.731398088903085,4.953663063747091,0.22226497484400554,2
7847,4.787845202567417,4.953663063747091,0.1658178611796739,3
7848,5.77829322186351,4.792391689498253,-0.9859015323652578,9
7849,5.767696828658545,4.792391689498253,-0.9753051391602927,1
7850,5.606201470934398,4.792391689498253,-0.8138097814361451,10
7851,5.64790157924199,4.792391689498253,-0.8555098897437379,6
7852,5.66855009436071,4.792391689498253,-0.8761584048624576,2
7853,5.7079401126540645,4.792391689498253,-0.915548423155812,5
7854,5.700289352377109,4.792391689498253,-0.9078976628788569,4
7855,5.771378082925223,4.792391689498253,-0.97898639342697,8
7856,5.591111474768171,4.792391689498253,-0.7987197852699186,3
7857,4.646789238555329,4.117271295655764,-0.5295179428995649,6
7858,4.794057916726842,4.117271295655764,-0.6767866210710771,8
7859,4.719747818127427,4.117271295655764,-0.6024765224716626,7
7860,4.823747542527841,4.117271295655764,-0.7064762468720769,3
7861,4.743169211067272,4.117271295655764,-0.6258979154115076,9
7862,4.628109819186948,4.117271295655764,-0.5108385235311834,5
7863,4.776376728280848,4.117271295655764,-0.6591054326250836,10
7864,4.686689562115898,4.117271295655764,-0.5694182664601337,4
7865,4.940324743423634,4.117271295655764,-0.8230534477678697,2
7866,5.7145553883231015,6.3979400086720375,0.683384620348936,4
7867,5.759951144713606,6.3979400086720375,0.6379888639584319,8
7868,5.720997626188501,6.3979400086720375,0.6769423824835368,10
7869,5.675255127256668,6.3979400086720375,0.7226848814153692,5
7870,5.858789670492252,6.3979400086720375,0.5391503381797857,7
7871,5.681848887822042,6.3979400086720375,0.7160911208499954,9
7872,5.734150167852288,6.3979400086720375,0.6637898408197493,6
7873,5.6532683708150895,6.3979400086720375,0.744671637856948,2
7874,5.651937268801618,6.3979400086720375,0.7460027398704199,3
7875,4.127892050057756,4.568201724066995,0.4403096740092387,9
7876,4.0639216572114805,4.568201724066995,0.5042800668555145,6
7877,4.022416752333945,4.568201724066995,0.5457849717330499,5
7878,4.139228741754893,4.568201724066995,0.4289729823121018,8
7879,4.081986902771937,4.568201724066995,0.4862148212950581,1
7880,4.397427704504316,4.568201724066995,0.17077401956267924,3
7881,4.125563638415691,4.568201724066995,0.44263808565130436,4
7882,4.2391201164299925,4.568201724066995,0.32908160763700245,2
7883,4.128981446946816,4.568201724066995,0.43922027712017897,10
7884,4.95182243511699,4.357172257723033,-0.594650177393957,2
7885,4.5962053779232654,4.357172257723033,-0.23903312020023204,6
7886,4.554320653632588,4.357172257723033,-0.19714839590955435,4
7887,4.672538209403523,4.357172257723033,-0.31536595168048986,3
7888,4.5848285773524955,4.357172257723033,-0.2276563196294621,1
7889,4.488873700347688,4.357172257723033,-0.13170144262465477,5
7890,4.625388041562091,4.357172257723033,-0.2682157838390573,7
7891,4.589836163905953,4.357172257723033,-0.23266390618291943,9
7892,4.680559098517932,4.357172257723033,-0.32338684079489877,10
7893,5.530207984361493,5.089905111439398,-0.4403028729220946,2
7894,5.65388814667929,5.089905111439398,-0.5639830352398922,5
7895,5.515931884202517,5.089905111439398,-0.4260267727631186,1
7896,5.559274107180474,5.089905111439398,-0.4693689957410756,6
7897,5.5310488180533355,5.089905111439398,-0.4411437066139374,3
7898,5.548317459182689,5.089905111439398,-0.4584123477432911,8
7899,5.54320689582637,5.089905111439398,-0.453301784386972,7
7900,5.444559729061165,5.089905111439398,-0.3546546176217671,4
7901,5.5299767750672215,5.089905111439398,-0.44007166362782346,10
7902,4.526662715650167,4.683947130751513,0.15728441510134594,4
7903,4.538789458955601,4.683947130751513,0.14515767179591155,6
7904,4.519561606526744,4.683947130751513,0.1643855242247687,5
7905,4.577298916838223,4.683947130751513,0.1066482139132896,8
7906,4.737198577190029,4.683947130751513,-0.05325144643851676,7
7907,4.688784740513966,4.683947130751513,-0.004837609762453177,9
7908,4.550797731111964,4.683947130751513,0.13314939963954853,1
7909,4.633550891771528,4.683947130751513,0.050396238979984354,3
7910,4.550198471781767,4.683947130751513,0.1337486589697452,2
7911,5.778903798231322,5.903089986991944,0.12418618876062215,2
7912,5.720158347204792,5.903089986991944,0.1829316397871521,5
7913,5.744233800051684,5.903089986991944,0.15885618694025982,9
7914,5.699023866776076,5.903089986991944,0.20406612021586756,10
7915,5.674444867525322,5.903089986991944,0.2286451194666217,7
7916,5.671259304080651,5.903089986991944,0.23183068291129239,4
7917,5.727667009255629,5.903089986991944,0.17542297773631432,6
7918,5.731054599367913,5.903089986991944,0.1720353876240308,8
7919,5.559144219770317,5.903089986991944,0.3439457672216264,3
7920,5.824469631554926,5.390122251506701,-0.4343473800482256,5
7921,5.959730255182897,5.390122251506701,-0.5696080036761959,2
7922,5.867337606857351,5.390122251506701,-0.4772153553506504,1
7923,5.7900159926549986,5.390122251506701,-0.3998937411482979,10
7924,5.875707673073498,5.390122251506701,-0.48558542156679696,7
7925,5.90738292943864,5.390122251506701,-0.5172606779319393,8
7926,5.939721619131047,5.390122251506701,-0.5495993676243467,3
7927,5.853338198983502,5.390122251506701,-0.46321594747680095,4
7928,5.86926917143849,5.390122251506701,-0.4791469199317895,6
7929,5.812221747492862,5.477121254719663,-0.33510049277319975,10
7930,5.972401400278763,5.477121254719663,-0.49528014555910005,3
7931,5.849035244803874,5.477121254719663,-0.3719139900842112,6
7932,5.85104069393511,5.477121254719663,-0.373919439215447,4
7933,5.88160292141287,5.477121254719663,-0.40448166669320784,7
7934,5.8919757491571,5.477121254719663,-0.4148544944374377,1
7935,5.906960198760707,5.477121254719663,-0.4298389440410446,8
7936,5.952628382697571,5.477121254719663,-0.4755071279779086,9
7937,5.85093263314754,5.477121254719663,-0.37381137842787737,5
7938,6.28108305835383,6.4623979978989565,0.18131493954512656,3
7939,6.274711554121851,6.4623979978989565,0.18768644377710508,1
7940,6.270657114264482,6.4623979978989565,0.19174088363447428,2
7941,6.26245702284841,6.4623979978989565,0.19994097505054675,9
7942,6.260906377741386,6.4623979978989565,0.2014916201575705,5
7943,6.203868800643435,6.4623979978989565,0.2585291972555215,10
7944,6.294764878365329,6.4623979978989565,0.1676331195336278,4
7945,6.284928262439239,6.4623979978989565,0.17746973545971745,8
7946,6.205996750149167,6.4623979978989565,0.2564012477497899,6
7947,5.928750365308074,4.76789761601809,-1.160852749289984,6
7948,5.965200309278501,4.76789761601809,-1.1973026932604105,3
7949,5.910126311438377,4.76789761601809,-1.142228695420287,7
7950,5.93507305418159,4.76789761601809,-1.1671754381634996,5
7951,5.940102917271603,4.76789761601809,-1.1722053012535127,10
7952,5.911272744548393,4.76789761601809,-1.1433751285303027,4
7953,5.923680328505337,4.76789761601809,-1.1557827124872464,1
7954,5.932224638673825,4.76789761601809,-1.1643270226557343,8
7955,5.925680383477071,4.76789761601809,-1.157782767458981,2
7956,4.948286209699366,4.743509764728429,-0.20477644497093728,4
7957,5.082268143873241,4.743509764728429,-0.33875837914481277,8
7958,5.105575600446191,4.743509764728429,-0.36206583571776285,2
7959,4.749051215779579,4.743509764728429,-0.005541451051150226,6
7960,4.580083644015572,4.743509764728429,0.1634261207128569,3
7961,4.922765718550044,4.743509764728429,-0.17925595382161585,1
7962,4.945915755681029,4.743509764728429,-0.2024059909526006,10
7963,4.885221569368005,4.743509764728429,-0.14171180463957622,9
7964,4.8922150709498915,4.743509764728429,-0.14870530622146294,5
7965,4.470025708293799,4.643452676486188,0.17342696819238856,3
7966,4.762972756712194,4.643452676486188,-0.11952008022600591,5
7967,4.302460334768689,4.643452676486188,0.3409923417174987,2
7968,4.52117904285445,4.643452676486188,0.12227363363173804,1
7969,4.380300380689902,4.643452676486188,0.26315229579628596,10
7970,4.472884412333121,4.643452676486188,0.1705682641530668,8
7971,4.306305653520992,4.643452676486188,0.33714702296519583,4
7972,4.403443988203163,4.643452676486188,0.2400086882830248,6
7973,4.4299209128252555,4.643452676486188,0.2135317636609324,9
7974,4.8829647303953845,5.811709026696192,0.9287442963008079,8
7975,4.83339008629247,5.811709026696192,0.9783189404037227,7
7976,4.870637922445141,5.811709026696192,0.9410711042510513,5
7977,4.8241860397628935,5.811709026696192,0.9875229869332989,6
7978,4.874187876291285,5.811709026696192,0.9375211504049075,3
7979,4.765031802496223,5.811709026696192,1.0466772241999696,2
7980,4.807310928020638,5.811709026696192,1.004398098675554,9
7981,4.909144167763091,5.811709026696192,0.9025648589331015,1
7982,4.757942577547295,5.811709026696192,1.0537664491488972,10
7983,4.91821281980998,4.887054378050957,-0.031158441759023603,6
7984,5.039789106274017,4.887054378050957,-0.15273472822306022,3
7985,4.901121492983604,4.887054378050957,-0.014067114932647229,2
7986,4.961048998965881,4.887054378050957,-0.07399462091492381,9
7987,4.99878392484369,4.887054378050957,-0.11172954679273328,1
7988,4.959130056355071,4.887054378050957,-0.0720756783041141,8
7989,5.029978334340603,4.887054378050957,-0.14292395628964627,10
7990,4.548394564526763,4.887054378050957,0.3386598135241936,7
7991,5.06154253823534,4.887054378050957,-0.1744881601843833,5
7992,4.515197986507954,3.857332496431269,-0.6578654900766852,4
7993,4.61891317864396,3.857332496431269,-0.7615806822126912,5
7994,4.523634852445042,3.857332496431269,-0.6663023560137731,8
7995,4.711233594973027,3.857332496431269,-0.8539010985417583,1
7996,4.565146176847258,3.857332496431269,-0.7078136804159891,6
7997,4.461761396777856,3.857332496431269,-0.604428900346587,2
7998,4.541916368080208,3.857332496431269,-0.6845838716489387,10
7999,4.5504808606108185,3.857332496431269,-0.6931483641795495,9
8000,4.440207525851715,3.857332496431269,-0.5828750294204461,7
8001,4.15222104024845,3.792391689498254,-0.35982935075019595,3
8002,4.091245568469268,3.792391689498254,-0.298853878971014,5
8003,4.029099323829516,3.792391689498254,-0.23670763433126174,2
8004,4.110255353224069,3.792391689498254,-0.3178636637258152,7
8005,4.1439974049067105,3.792391689498254,-0.35160571540845664,6
8006,4.139455199410626,3.792391689498254,-0.3470635099123718,10
8007,4.0804540508670355,3.792391689498254,-0.2880623613687816,4
8008,4.125085452573912,3.792391689498254,-0.3326937630756581,8
8009,4.051842069199124,3.792391689498254,-0.2594503797008705,9
8010,3.962727441055019,3.763427993562937,-0.19929944749208195,10
8011,3.894043365581224,3.763427993562937,-0.130615372018287,9
8012,3.8890782430079467,3.763427993562937,-0.1256502494450098,4
8013,3.981856386704384,3.763427993562937,-0.21842839314144724,6
8014,3.9414439344890213,3.763427993562937,-0.17801594092608441,5
8015,3.973261525294332,3.763427993562937,-0.20983353173139507,3
8016,3.9731153276041717,3.763427993562937,-0.20968733404123485,1
8017,3.964519227895183,3.763427993562937,-0.20109123433224596,8
8018,3.965188159636028,3.763427993562937,-0.201760166073091,2
8019,4.17371886298026,3.544068044350276,-0.6296508186299836,1
8020,4.112363292560709,3.544068044350276,-0.5682952482104331,6
8021,3.9837845018104137,3.544068044350276,-0.43971645746013754,7
8022,4.024014331934899,3.544068044350276,-0.4799462875846232,2
8023,4.043808329448674,3.544068044350276,-0.49974028509839785,5
8024,3.9938812355670423,3.544068044350276,-0.4498131912167662,3
8025,4.067441622901741,3.544068044350276,-0.5233735785514653,9
8026,4.043773801563804,3.544068044350276,-0.4997057572135275,8
8027,4.0232853007871885,3.544068044350276,-0.4792172564369124,4
8028,4.048229258730553,3.9242792860618816,-0.12394997266867103,10
8029,4.040889782026336,3.9242792860618816,-0.1166104959644545,7
8030,4.097376609230129,3.9242792860618816,-0.17309732316824755,1
8031,4.040337958387633,3.9242792860618816,-0.11605867232575173,3
8032,3.9993752052336276,3.9242792860618816,-0.07509591917174596,5
8033,3.9932027770154566,3.9242792860618816,-0.06892349095357497,6
8034,3.985653394385253,3.9242792860618816,-0.061374108323371424,4
8035,4.016366858087592,3.9242792860618816,-0.09208757202571016,8
8036,3.95305929299917,3.9242792860618816,-0.028780006937288327,9
8037,5.874846293805802,6.3979400086720375,0.5230937148662358,7
8038,5.920929300216374,6.3979400086720375,0.47701070845566385,4
8039,5.934808899913116,6.3979400086720375,0.4631311087589216,6
8040,5.9787337907214235,6.3979400086720375,0.41920621795061397,1
8041,5.87599243635843,6.3979400086720375,0.5219475723136071,8
8042,5.7513089462098606,6.3979400086720375,0.6466310624621769,5
8043,5.884079737432407,6.3979400086720375,0.5138602712396301,3
8044,5.757621025249407,6.3979400086720375,0.6403189834226302,10
8045,6.051147026812912,6.3979400086720375,0.3467929818591253,9
8046,4.6299721950906445,4.382017042574868,-0.24795515251577616,10
8047,4.399010572956196,4.382017042574868,-0.01699353038132756,5
8048,4.442586110637132,4.382017042574868,-0.060569068062263476,2
8049,4.499834317131123,4.382017042574868,-0.11781727455625468,9
8050,4.478303411732499,4.382017042574868,-0.09628636915763078,6
8051,4.619224235461602,4.382017042574868,-0.23720719288673386,8
8052,4.526970447394215,4.382017042574868,-0.14495340481934704,3
8053,4.500593464181435,4.382017042574868,-0.11857642160656656,4
8054,4.515559007557431,4.382017042574868,-0.13354196498256243,1
8055,5.4028219299242775,6.079181246047625,0.6763593161233477,7
8056,5.643176382180183,6.079181246047625,0.4360048638674421,5
8057,5.592532901118341,6.079181246047625,0.486648344929284,10
8058,5.613170224852649,6.079181246047625,0.4660110211949764,1
8059,5.601015037048947,6.079181246047625,0.4781662089986778,4
8060,5.503345944794621,6.079181246047625,0.5758353012530044,3
8061,5.601981900779657,6.079181246047625,0.4771993452679677,6
8062,5.328378329260677,6.079181246047625,0.7508029167869479,2
8063,5.583955999133053,6.079181246047625,0.4952252469145719,9
8064,5.779223886146076,5.658011396657113,-0.12121248948896302,8
8065,5.777952760163117,5.658011396657113,-0.1199413635060047,4
8066,5.810796134944437,5.658011396657113,-0.1527847382873242,1
8067,5.7900393061507565,5.658011396657113,-0.13202790949364385,7
8068,5.778466887869346,5.658011396657113,-0.12045549121223331,5
8069,5.663485565267916,5.658011396657113,-0.005474168610803076,10
8070,5.80991070365563,5.658011396657113,-0.1518993069985175,3
8071,5.720604809684429,5.658011396657113,-0.06259341302731602,2
8072,5.852118318717806,5.658011396657113,-0.19410692206069324,6
8073,4.683026952851799,3.8790958795000727,-0.8039310733517264,1
8074,4.5369600878909715,3.8790958795000727,-0.6578642083908988,7
8075,4.526017228770573,3.8790958795000727,-0.6469213492704999,9
8076,4.662902235863316,3.8790958795000727,-0.7838063563632436,3
8077,4.450473780642,3.8790958795000727,-0.5713779011419269,2
8078,4.592873049236436,3.8790958795000727,-0.7137771697363635,6
8079,4.61819354699417,3.8790958795000727,-0.739097667494097,8
8080,4.539288455634554,3.8790958795000727,-0.6601925761344813,5
8081,4.590075640213686,3.8790958795000727,-0.7109797607136135,4
8082,4.718633813980184,6.079181246047625,1.3605474320674409,7
8083,4.937065618416057,6.079181246047625,1.1421156276315685,3
8084,4.809145854433651,6.079181246047625,1.2700353916139742,5
8085,4.756057997271087,6.079181246047625,1.3231232487765379,9
8086,4.669760656355835,6.079181246047625,1.4094205896917904,8
8087,4.739628668860821,6.079181246047625,1.3395525771868044,6
8088,4.773833566196742,6.079181246047625,1.3053476798508834,10
8089,4.695737944786904,6.079181246047625,1.383443301260721,4
8090,4.946588873145706,6.079181246047625,1.132592372901919,1
8091,4.357953680287634,4.495544337546448,0.13759065725881392,7
8092,4.545470206347476,4.495544337546448,-0.04992586880102756,2
8093,4.463630282880338,4.495544337546448,0.0319140546661103,3
8094,4.39244732936012,4.495544337546448,0.10309700818632805,9
8095,4.408959208007687,4.495544337546448,0.08658512953876141,10
8096,4.358034055613989,4.495544337546448,0.1375102819324594,6
8097,4.504913811645766,4.495544337546448,-0.009369474099317543,8
8098,4.501292803731875,4.495544337546448,-0.005748466185426793,1
8099,4.428445612562479,4.495544337546448,0.0670987249839694,4
8100,4.885221569368005,6.102135154272175,1.2169135849041703,9
8101,4.8922150709498915,6.102135154272175,1.2099200833222836,5
8102,4.922765718550044,6.102135154272175,1.1793694357221307,1
8103,5.082268143873241,6.102135154272175,1.0198670103989338,8
8104,4.945915755681029,6.102135154272175,1.156219398591146,10
8105,4.948286209699366,6.102135154272175,1.1538489445728093,4
8106,4.828566719448633,6.102135154272175,1.2735684348235425,7
8107,4.749051215779579,6.102135154272175,1.3530839384925963,6
8108,5.105575600446191,6.102135154272175,0.9965595538259837,2
8109,5.105575600446191,5.176091259055681,0.07051565860948994,2
8110,4.580083644015572,5.176091259055681,0.5960076150401097,3
8111,5.082268143873241,5.176091259055681,0.09382311518244002,8
8112,4.828566719448633,5.176091259055681,0.34752453960704877,7
8113,4.922765718550044,5.176091259055681,0.25332554050563694,1
8114,4.8922150709498915,5.176091259055681,0.28387618810578985,5
8115,4.885221569368005,5.176091259055681,0.29086968968767657,9
8116,4.948286209699366,5.176091259055681,0.22780504935631551,4
8117,4.945915755681029,5.176091259055681,0.2301755033746522,10
8118,4.457261766464935,3.462397997898956,-0.9948637685659789,1
8119,4.297534550215234,3.462397997898956,-0.8351365523162779,6
8120,4.561549339631084,3.462397997898956,-1.0991513417321284,2
8121,4.355033170043041,3.462397997898956,-0.8926351721440846,3
8122,4.426998876938365,3.462397997898956,-0.9646008790394087,4
8123,4.397451950266863,3.462397997898956,-0.9350539523679067,10
8124,4.306437655470297,3.462397997898956,-0.8440396575713414,7
8125,4.3927909544425905,3.462397997898956,-0.9303929565436344,5
8126,4.377210797240458,3.462397997898956,-0.9148127993415023,9
8127,5.62713776195787,6.049218022670182,0.42208026071231153,10
8128,5.644007658874058,6.049218022670182,0.4052103637961242,4
8129,5.6131039189083545,6.049218022670182,0.43611410376182747,6
8130,5.428654572010072,6.049218022670182,0.6205634506601099,7
8131,5.659232787409099,6.049218022670182,0.38998523526108286,5
8132,5.663592139756509,6.049218022670182,0.38562588291367295,9
8133,5.673378089953063,6.049218022670182,0.3758399327171187,1
8134,5.496723935891863,6.049218022670182,0.552494086778319,8
8135,5.492697169490676,6.049218022670182,0.5565208531795056,2
8136,4.653189619600582,4.303196057420489,-0.34999356218009314,6
8137,4.667073668412313,4.303196057420489,-0.3638776109918247,8
8138,4.573373905748179,4.303196057420489,-0.2701778483276902,5
8139,4.650277317518713,4.303196057420489,-0.34708126009822404,1
8140,4.540041685446203,4.303196057420489,-0.23684562802571474,2
8141,4.665185579343083,4.303196057420489,-0.36198952192259437,10
8142,4.531441518206783,4.303196057420489,-0.2282454607862947,4
8143,4.530487703620503,4.303196057420489,-0.22729164620001452,9
8144,4.649626510268141,4.303196057420489,-0.3464304528476525,7
8145,4.336490420233355,3.6989700043360174,-0.6375204158973378,9
8146,4.3714525495211,3.6989700043360174,-0.6724825451850829,8
8147,4.343300450445805,3.6989700043360174,-0.6443304461097878,1
8148,4.463512738151061,3.6989700043360174,-0.7645427338150435,10
8149,4.291676445624495,3.6989700043360174,-0.5927064412884779,7
8150,4.367062565690746,3.6989700043360174,-0.6680925613547282,4
8151,4.3911697213286365,3.6989700043360174,-0.6921997169926191,6
8152,4.240807696151884,3.6989700043360174,-0.5418376918158665,5
8153,4.327491260790589,3.6989700043360174,-0.6285212564545719,3
8154,4.727232418912608,4.817565369559781,0.0903329506471735,5
8155,4.749580820796659,4.817565369559781,0.0679845487631221,1
8156,4.780443584651025,4.817565369559781,0.03712178490875573,8
8157,4.815409932529811,4.817565369559781,0.0021554370299696757,7
8158,4.7572168447214915,4.817565369559781,0.06034852483828956,6
8159,4.996916742079951,4.817565369559781,-0.17935137252016986,2
8160,4.738189416495614,4.817565369559781,0.0793759530641669,9
8161,4.779118887030646,4.817565369559781,0.038446482529135295,10
8162,4.668169029716903,4.817565369559781,0.1493963398428777,3
8163,4.536482492989419,5.505149978319906,0.9686674853304869,6
8164,4.564199144507281,5.505149978319906,0.9409508338126251,8
8165,4.698838880085663,5.505149978319906,0.806311098234243,10
8166,4.579116443475742,5.505149978319906,0.926033534844164,4
8167,4.370948915636129,5.505149978319906,1.1342010626837773,2
8168,4.699578460229659,5.505149978319906,0.8055715180902476,3
8169,4.68198299530978,5.505149978319906,0.8231669830101263,1
8170,4.536012012266035,5.505149978319906,0.9691379660538715,9
8171,4.556281123028035,5.505149978319906,0.9488688552918711,7
8172,4.746094809879901,4.3979400086720375,-0.3481548012078637,1
8173,4.766559498666747,4.3979400086720375,-0.3686194899947095,6
8174,4.8273528366316985,4.3979400086720375,-0.42941282795966096,10
8175,4.649843599071539,4.3979400086720375,-0.2519035903995013,5
8176,4.798979511484611,4.3979400086720375,-0.4010395028125737,3
8177,4.6799619915943955,4.3979400086720375,-0.282021982922358,9
8178,4.685346158773537,4.3979400086720375,-0.28740615010149995,4
8179,4.548211880425256,4.3979400086720375,-0.1502718717532181,2
8180,4.708777501812102,4.3979400086720375,-0.31083749314006415,8
8181,4.4944759740105305,4.721810615212546,0.22733464120201585,9
8182,4.430523662669761,4.721810615212546,0.29128695254278547,2
8183,4.554268864306104,4.721810615212546,0.16754175090644274,10
8184,4.605328059397254,4.721810615212546,0.11648255581529199,3
8185,4.545753649845563,4.721810615212546,0.17605696536698368,8
8186,4.507172908838021,4.721810615212546,0.21463770637452573,4
8187,4.688255381790697,4.721810615212546,0.03355523342184963,7
8188,4.6102493142089385,4.721810615212546,0.11156130100360784,1
8189,4.496493891159722,4.721810615212546,0.2253167240528242,5
8190,4.196256898370453,4.505149978319906,0.3088930799494536,3
8191,4.158929223791724,4.505149978319906,0.3462207545281819,1
8192,4.3327550970921775,4.505149978319906,0.17239488122772872,8
8193,4.139591328169454,4.505149978319906,0.36555865015045264,9
8194,4.147069603557483,4.505149978319906,0.35808037476242305,5
8195,4.180079834880747,4.505149978319906,0.3250701434391594,6
8196,4.113562232276147,4.505149978319906,0.39158774604375957,7
8197,4.120458639987913,4.505149978319906,0.38469133833199365,2
8198,4.12420925719277,4.505149978319906,0.3809407211271365,10
8199,3.9288748708390178,3.2380461031287955,-0.6908287677102223,9
8200,3.9921711538301783,3.2380461031287955,-0.7541250507013828,2
8201,4.003279608678897,3.2380461031287955,-0.7652335055501012,6
8202,3.954739330198902,3.2380461031287955,-0.7166932270701065,10
8203,3.9737508852264183,3.2380461031287955,-0.7357047820976228,3
8204,4.0374476842510925,3.2380461031287955,-0.799401581122297,4
8205,4.129817438631448,3.2380461031287955,-0.8917713355026522,1
8206,4.024227548520962,3.2380461031287955,-0.7861814453921663,5
8207,3.972814243760507,3.2380461031287955,-0.7347681406317115,7
8208,4.352791569051711,4.5910646070265,0.23827303797478905,9
8209,4.431282583666825,4.5910646070265,0.15978202335967584,1
8210,4.2949438894026875,4.5910646070265,0.296120717623813,2
8211,4.415629252233795,4.5910646070265,0.17543535479270567,3
8212,4.433535820851742,4.5910646070265,0.1575287861747583,6
8213,4.292393884535757,4.5910646070265,0.2986707224907432,8
8214,4.681593465069498,4.5910646070265,-0.09052885804299748,5
8215,4.318848746338839,4.5910646070265,0.2722158606876617,4
8216,4.3375263747633515,4.5910646070265,0.253538232263149,10
8217,4.8050194684374485,4.8221680793680175,0.017148610930568964,10
8218,4.790647708858376,4.8221680793680175,0.03152037050964118,8
8219,4.742066310281662,4.8221680793680175,0.08010176908635547,6
8220,4.718712369637896,4.8221680793680175,0.10345570973012119,5
8221,4.741397010118943,4.8221680793680175,0.0807710692490744,2
8222,4.659326795136102,4.8221680793680175,0.16284128423191557,1
8223,4.808442775821344,4.8221680793680175,0.013725303546673118,4
8224,4.760681330750016,4.8221680793680175,0.06148674861800174,7
8225,4.632989045133917,4.8221680793680175,0.1891790342341002,3
8226,4.7822757132037825,3.230448921378274,-1.5518267918255084,9
8227,4.847892098588268,3.230448921378274,-1.617443177209994,10
8228,4.760834366082109,3.230448921378274,-1.5303854447038345,1
8229,4.851095172652652,3.230448921378274,-1.620646251274378,6
8230,4.696296597324461,3.230448921378274,-1.4658476759461871,4
8231,4.825600327981863,3.230448921378274,-1.5951514066035886,7
8232,4.795018262907715,3.230448921378274,-1.5645693415294408,8
8233,4.713532868839702,3.230448921378274,-1.4830839474614281,3
8234,4.810352204805285,3.230448921378274,-1.5799032834270106,5
8235,4.058738201827219,2.6020599913279625,-1.4566782104992564,6
8236,4.11859665174993,2.6020599913279625,-1.5165366604219672,8
8237,4.022143929000108,2.6020599913279625,-1.4200839376721452,9
8238,4.0367986961950635,2.6020599913279625,-1.434738704867101,4
8239,4.05481741334566,2.6020599913279625,-1.4527574220176973,7
8240,4.094156998794974,2.6020599913279625,-1.4920970074670112,5
8241,4.080127434116757,2.6020599913279625,-1.4780674427887943,2
8242,4.130188973855542,2.6020599913279625,-1.52812898252758,1
8243,3.9813699963194744,2.6020599913279625,-1.379310004991512,10
8244,4.2931752648121115,3.008600171761917,-1.2845750930501945,4
8245,4.1799913134008255,3.008600171761917,-1.1713911416389085,3
8246,4.296980655260927,3.008600171761917,-1.2883804834990098,9
8247,4.180888546981186,3.008600171761917,-1.172288375219269,5
8248,4.126237532757415,3.008600171761917,-1.1176373609954977,10
8249,4.1278518982843435,3.008600171761917,-1.1192517265224264,6
8250,4.3586102573990555,3.008600171761917,-1.3500100856371384,8
8251,4.199880643787664,3.008600171761917,-1.1912804720257473,1
8252,4.1844086905439735,3.008600171761917,-1.1758085187820564,7
8253,5.821273282543155,5.949390006644912,0.12811672410175756,8
8254,5.860814181736082,5.949390006644912,0.08857582490883065,7
8255,5.722003846618638,5.949390006644912,0.2273861600262741,10
8256,5.9007957126969925,5.949390006644912,0.04859429394791981,6
8257,5.7154343123966695,5.949390006644912,0.2339556942482428,2
8258,5.86096284829752,5.949390006644912,0.08842715834739234,4
8259,5.7439545842479784,5.949390006644912,0.2054354223969339,3
8260,5.929903752354948,5.949390006644912,0.019486254289964755,1
8261,5.954731861535444,5.949390006644912,-0.005341854890531295,9
8262,5.397386836044401,6.778151250383644,1.380764414339243,2
8263,5.310863801813116,6.778151250383644,1.467287448570528,10
8264,5.363003585935711,6.778151250383644,1.4151476644479333,3
8265,5.436783081125272,6.778151250383644,1.3413681692583719,4
8266,5.4256385546996135,6.778151250383644,1.3525126956840303,9
8267,5.42520659197456,6.778151250383644,1.3529446584090836,8
8268,5.45365967665395,6.778151250383644,1.324491573729694,1
8269,5.438455540251564,6.778151250383644,1.33969571013208,7
8270,5.378264534084305,6.778151250383644,1.3998867162993385,5
8271,6.299491297599688,7.0,0.7005087024003123,1
8272,6.314457405429636,7.0,0.6855425945703644,8
8273,6.279647083267277,7.0,0.7203529167327227,3
8274,6.319714547669097,7.0,0.680285452330903,6
8275,6.330839440436392,7.0,0.6691605595636076,4
8276,6.301014127194148,7.0,0.698985872805852,5
8277,6.347065286320292,7.0,0.6529347136797083,2
8278,6.288925563638902,7.0,0.7110744363610983,10
8279,6.329726355465518,7.0,0.6702736445344817,9
8280,5.879046495915,5.331589240955137,-0.5474572549598635,9
8281,5.967597381563572,5.331589240955137,-0.6360081406084355,7
8282,5.93379609794523,5.331589240955137,-0.6022068569900929,1
8283,5.911248308576921,5.331589240955137,-0.5796590676217841,10
8284,5.938102053414099,5.331589240955137,-0.6065128124589618,6
8285,5.974159632953868,5.331589240955137,-0.6425703919987313,4
8286,5.957989982982557,5.331589240955137,-0.6264007420274202,2
8287,5.92803182562871,5.331589240955137,-0.5964425846735733,5
8288,5.942229735146583,5.331589240955137,-0.6106404941914461,3
8289,4.063051154959256,5.176091259055681,1.1130401040964255,10
8290,4.240693007096763,5.176091259055681,0.9353982519589188,8
8291,3.900007846684983,5.176091259055681,1.2760834123706983,4
8292,4.091972239056436,5.176091259055681,1.0841190199992452,3
8293,4.0332182236701195,5.176091259055681,1.1428730353855618,9
8294,4.122776913498753,5.176091259055681,1.0533143455569283,6
8295,4.13871462183267,5.176091259055681,1.0373766372230113,1
8296,4.111384523833679,5.176091259055681,1.0647067352220025,5
8297,4.091125307096911,5.176091259055681,1.08496595195877,7
8298,6.133326071956515,6.170555058521209,0.037228986564693756,10
8299,6.15365641067841,6.170555058521209,0.016898647842798376,8
8300,6.14392423663678,6.170555058521209,0.02663082188442889,6
8301,6.116056337769516,6.170555058521209,0.05449872075169271,2
8302,6.152205736902976,6.170555058521209,0.018349321618232217,4
8303,6.128344637948849,6.170555058521209,0.04221042057235991,1
8304,6.12567382319389,6.170555058521209,0.04488123532731869,9
8305,6.132094812595779,6.170555058521209,0.03846024592542996,7
8306,6.07495845254249,6.170555058521209,0.09559660597871833,3
8307,5.333459291836232,6.146128035678238,0.8126687438420062,8
8308,5.241561880351547,6.146128035678238,0.904566155326691,2
8309,5.26569704009936,6.146128035678238,0.8804309955788785,3
8310,5.33157154097955,6.146128035678238,0.8145564946986878,5
8311,5.333685184438401,6.146128035678238,0.8124428512398376,4
8312,5.3041579014941265,6.146128035678238,0.8419701341841117,7
8313,5.407047195812,6.146128035678238,0.7390808398662383,1
8314,5.391400367465998,6.146128035678238,0.7547276682122401,9
8315,5.4563500660185555,6.146128035678238,0.6897779696596826,10
8316,6.160486672693045,5.982271233039568,-0.17821543965347697,2
8317,6.162810785021453,5.982271233039568,-0.18053955198188465,4
8318,6.225330265971494,5.982271233039568,-0.2430590329319262,8
8319,6.144923574130402,5.982271233039568,-0.16265234109083426,10
8320,6.116963929518215,5.982271233039568,-0.13469269647864746,1
8321,6.174635341282014,5.982271233039568,-0.19236410824244565,3
8322,6.117043345877422,5.982271233039568,-0.13477211283785362,9
8323,6.12792105841321,5.982271233039568,-0.14564982537364202,6
8324,6.185936985013345,5.982271233039568,-0.20366575197377745,5
8325,5.493245448344678,6.209246848753374,0.7160014004086959,1
8326,5.484162101030739,6.209246848753374,0.7250847477226348,2
8327,5.64451042050101,6.209246848753374,0.5647364282523633,4
8328,5.465843135986797,6.209246848753374,0.7434037127665762,9
8329,5.515249828119394,6.209246848753374,0.6939970206339794,6
8330,5.505963780706347,6.209246848753374,0.7032830680470266,7
8331,5.521221113580781,6.209246848753374,0.6880257351725927,8
8332,5.559530577371586,6.209246848753374,0.6497162713817879,5
8333,5.716125981282927,6.209246848753374,0.4931208674704468,10
8334,6.018232817154886,5.750045312011768,-0.2681875051431186,8
8335,6.030521118904018,5.750045312011768,-0.2804758068922508,5
8336,6.016271235250529,5.750045312011768,-0.2662259232387614,2
8337,5.974370707689554,5.750045312011768,-0.22432539567778598,10
8338,5.944734081854118,5.750045312011768,-0.19468876984235006,9
8339,5.972631537482443,5.750045312011768,-0.22258622547067564,7
8340,5.985098923471203,5.750045312011768,-0.2350536114594357,3
8341,5.961239724025151,5.750045312011768,-0.2111944120133833,1
8342,5.986773452360742,5.750045312011768,-0.2367281403489745,6
8343,6.061695768061354,5.401055725771844,-0.6606400422895105,7
8344,6.084986852171438,5.401055725771844,-0.6839311263995942,5
8345,6.067053582424259,5.401055725771844,-0.6659978566524147,2
8346,6.054025196550129,5.401055725771844,-0.6529694707782854,9
8347,6.051718496912664,5.401055725771844,-0.6506627711408202,4
8348,6.051444901883995,5.401055725771844,-0.6503891761121512,10
8349,6.0753422238095025,5.401055725771844,-0.6742864980376586,1
8350,6.096359332346615,5.401055725771844,-0.6953036065747709,6
8351,6.085323439321022,5.401055725771844,-0.6842677135491781,3
8352,6.210839026228296,6.419129307741976,0.2082902815136798,2
8353,6.209167278319955,6.419129307741976,0.20996202942202036,3
8354,6.192370376238619,6.419129307741976,0.22675893150335646,1
8355,6.205755364403734,6.419129307741976,0.213373943338242,4
8356,6.222912563635721,6.419129307741976,0.19621674410625456,8
8357,6.209408498984368,6.419129307741976,0.20972080875760746,5
8358,6.19932254959219,6.419129307741976,0.21980675814978579,10
8359,6.1538446578293975,6.419129307741976,0.2652846499125783,7
8360,6.206513427147543,6.419129307741976,0.21261588059443248,6
8361,6.174108649058379,6.380211241711606,0.2061025926532274,4
8362,6.154697427936045,6.380211241711606,0.225513813775561,8
8363,6.177823951867317,6.380211241711606,0.20238728984428977,2
8364,6.1826829786069935,6.380211241711606,0.1975282631046129,3
8365,6.1685902924570515,6.380211241711606,0.21162094925455488,1
8366,6.190398346005093,6.380211241711606,0.18981289570651327,6
8367,6.225689780871056,6.380211241711606,0.15452146084055052,7
8368,6.093525197886853,6.380211241711606,0.28668604382475316,9
8369,6.181577698489387,6.380211241711606,0.19863354322221927,5
8370,6.124388759398414,6.505149978319906,0.3807612189214922,2
8371,6.085686073765321,6.505149978319906,0.4194639045545854,7
8372,6.089844908335329,6.505149978319906,0.4153050699845773,1
8373,6.090438662033475,6.505149978319906,0.4147113162864313,10
8374,6.13717217610123,6.505149978319906,0.36797780221867615,6
8375,6.114712425983883,6.505149978319906,0.3904375523360235,9
8376,6.106866299311246,6.505149978319906,0.39828367900866013,8
8377,6.114457151917974,6.505149978319906,0.39069282640193226,5
8378,6.0975895256109345,6.505149978319906,0.4075604527089718,4
8379,5.5660226764842085,6.204119982655925,0.6380973061717166,1
8380,5.592862077786192,6.204119982655925,0.6112579048697331,5
8381,5.615374958690451,6.204119982655925,0.5887450239654743,3
8382,5.67206949155619,6.204119982655925,0.532050491099735,4
8383,5.642780870182065,6.204119982655925,0.5613391124738598,2
8384,5.620408755628943,6.204119982655925,0.5837112270269822,7
8385,5.4455720687242914,6.204119982655925,0.7585479139316336,9
8386,5.591904158628981,6.204119982655925,0.6122158240269444,8
8387,5.8718161260245845,6.204119982655925,0.33230385663134054,10
8388,5.395965628356089,4.939019776448666,-0.456945851907423,3
8389,5.521221113580781,4.939019776448666,-0.5822013371321146,8
8390,5.505963780706347,4.939019776448666,-0.5669440042576808,7
8391,5.493245448344678,4.939019776448666,-0.5542256718960115,1
8392,5.716125981282927,4.939019776448666,-0.7771062048342605,10
8393,5.465843135986797,4.939019776448666,-0.5268233595381311,9
8394,5.559530577371586,4.939019776448666,-0.6205108009229194,5
8395,5.515249828119394,4.939019776448666,-0.5762300516707279,6
8396,5.484162101030739,4.939019776448666,-0.5451423245820726,2
8397,4.983587241720074,4.79309160017658,-0.1904956415434942,1
8398,5.02232560553874,4.79309160017658,-0.22923400536216043,8
8399,4.973381563881847,4.79309160017658,-0.18028996370526684,9
8400,4.928436325203146,4.79309160017658,-0.1353447250265658,3
8401,4.876258486278409,4.79309160017658,-0.08316688610182865,5
8402,4.8983628365580225,4.79309160017658,-0.10527123638144253,10
8403,5.282818027973362,4.79309160017658,-0.4897264277967821,4
8404,4.9259820780371815,4.79309160017658,-0.13289047786060149,2
8405,4.894503788838605,4.79309160017658,-0.1014121886620254,6
8406,5.659232787409099,6.32221929473392,0.6629865073248213,5
8407,5.644007658874058,6.32221929473392,0.6782116358598627,4
8408,5.492697169490676,6.32221929473392,0.8295221252432441,2
8409,5.673378089953063,6.32221929473392,0.6488412047808572,1
8410,5.6131039189083545,6.32221929473392,0.7091153758255659,6
8411,5.62713776195787,6.32221929473392,0.69508153277605,10
8412,5.468804126702889,6.32221929473392,0.8534151680310318,3
8413,5.663592139756509,6.32221929473392,0.6586271549774114,9
8414,5.496723935891863,6.32221929473392,0.8254953588420575,8
8415,6.319714547669097,6.382017042574868,0.06230249490577133,6
8416,6.330839440436392,6.382017042574868,0.051177602138476,4
8417,6.288925563638902,6.382017042574868,0.0930914789359667,10
8418,6.15009720407399,6.382017042574868,0.23191983850087805,7
8419,6.279647083267277,6.382017042574868,0.10236995930759107,3
8420,6.329726355465518,6.382017042574868,0.05229068710935003,9
8421,6.347065286320292,6.382017042574868,0.034951756254576694,2
8422,6.301014127194148,6.382017042574868,0.08100291538072035,5
8423,6.299491297599688,6.382017042574868,0.08252574497518061,1
8424,6.083129393595453,6.366982975977851,0.283853582382398,1
8425,6.053630886813331,6.366982975977851,0.3133520891645194,9
8426,6.053953262460662,6.366982975977851,0.31302971351718867,7
8427,6.059329251601011,6.366982975977851,0.3076537243768396,5
8428,6.1332617092717445,6.366982975977851,0.23372126670610616,2
8429,6.104148228697761,6.366982975977851,0.26283474728009004,8
8430,6.110838986913282,6.366982975977851,0.2561439890645687,3
8431,6.031532816610304,6.366982975977851,0.3354501593675465,6
8432,6.012820582854922,6.366982975977851,0.3541623931229285,10
8433,5.929780113826059,6.176091259055681,0.2463111452296225,9
8434,5.993294313622207,6.176091259055681,0.18279694543347436,6
8435,5.986420192224091,6.176091259055681,0.18967106683159063,4
8436,5.969631131531669,6.176091259055681,0.20646012752401255,1
8437,6.005756539246835,6.176091259055681,0.17033471980884674,3
8438,5.990454401207478,6.176091259055681,0.18563685784820372,5
8439,5.955265856267205,6.176091259055681,0.22082540278847596,10
8440,5.968226918682012,6.176091259055681,0.20786434037366952,8
8441,5.928488604854641,6.176091259055681,0.24760265420104055,7
8442,5.541199285905511,6.535863520712453,0.9946642348069421,9
8443,5.460358634473254,6.535863520712453,1.075504886239199,10
8444,5.5424961924546805,6.535863520712453,0.9933673282577722,6
8445,5.720471302575255,6.535863520712453,0.8153922181371973,4
8446,5.594272719319002,6.535863520712453,0.9415908013934509,2
8447,5.428715622369344,6.535863520712453,1.1071478983431087,7
8448,5.671067647465894,6.535863520712453,0.8647958732465586,1
8449,5.335432693991517,6.535863520712453,1.200430826720936,5
8450,5.478562382030067,6.535863520712453,1.0573011386823854,8
8451,5.502288298081006,5.924279286061882,0.42199098798087586,4
8452,5.463596063255032,5.924279286061882,0.4606832228068498,1
8453,5.440748400922021,5.924279286061882,0.483530885139861,5
8454,5.6268973845928345,5.924279286061882,0.2973819014690475,6
8455,5.394324587133088,5.924279286061882,0.529954698928794,2
8456,5.465507483650289,5.924279286061882,0.45877180241159277,9
8457,5.432151003397536,5.924279286061882,0.4921282826643463,7
8458,5.394910261895091,5.924279286061882,0.5293690241667912,10
8459,5.5305074231630025,5.924279286061882,0.39377186289887955,8
8460,5.917426643784597,6.062205808819713,0.144779165035116,8
8461,5.836113365187768,6.062205808819713,0.22609244363194492,7
8462,5.823843710242853,6.062205808819713,0.23836209857685997,2
8463,5.874676854959767,6.062205808819713,0.18752895385994606,6
8464,5.94707345600398,6.062205808819713,0.11513235281573309,10
8465,5.808406993970694,6.062205808819713,0.2537988148490191,3
8466,5.77958588932032,6.062205808819713,0.28261991949939347,5
8467,5.877046439622667,6.062205808819713,0.1851593691970459,9
8468,5.931238845455509,6.062205808819713,0.13096696336420433,4
8469,6.0277501969463465,6.0,-0.027750196946346506,1
8470,6.0269193147914395,6.0,-0.026919314791439497,2
8471,5.9378596984851,6.0,0.062140301514899576,4
8472,5.981563179758421,6.0,0.018436820241579,10
8473,6.015918483245852,6.0,-0.015918483245852322,3
8474,5.978810900931325,6.0,0.02118909906867472,9
8475,6.0348738775737685,6.0,-0.034873877573768475,8
8476,6.030885581282323,6.0,-0.030885581282323216,5
8477,5.976707936717003,6.0,0.023292063282997155,7
8478,5.972870332549993,6.12057393120585,0.14770359865585636,9
8479,6.012294325031575,6.12057393120585,0.10827960617427479,4
8480,6.045527336067601,6.12057393120585,0.0750465951382484,8
8481,6.018003483467385,6.12057393120585,0.10257044773846502,1
8482,5.990311343249585,6.12057393120585,0.13026258795626422,7
8483,6.014555987021556,6.12057393120585,0.10601794418429389,3
8484,6.00431858342955,6.12057393120585,0.11625534777629998,6
8485,5.981680865793505,6.12057393120585,0.13889306541234436,5
8486,5.9983878715831365,6.12057393120585,0.12218605962271312,10
8487,4.950577791575845,4.66661156841903,-0.2839662231568152,9
8488,4.886540853638376,4.66661156841903,-0.2199292852193464,6
8489,4.898277486553869,4.66661156841903,-0.23166591813483972,7
8490,4.970696077717859,4.66661156841903,-0.30408450929882935,4
8491,5.003808998846917,4.66661156841903,-0.33719743042788775,10
8492,4.957498914936342,4.66661156841903,-0.2908873465173123,8
8493,4.9075289322391855,4.66661156841903,-0.24091736382015583,1
8494,4.835450453977276,4.66661156841903,-0.16883888555824633,3
8495,4.923108928955023,4.66661156841903,-0.2564973605359935,2
8496,6.2173153441736195,7.0178677189635055,0.800552374789886,1
8497,6.243305179333164,7.0178677189635055,0.7745625396303417,6
8498,6.2087079529237625,7.0178677189635055,0.8091597660397429,10
8499,6.2394404148310025,7.0178677189635055,0.7784273041325029,2
8500,6.256331618685054,7.0178677189635055,0.7615361002784518,8
8501,6.2466232723635144,7.0178677189635055,0.771244446599991,9
8502,6.192163517741684,7.0178677189635055,0.8257042012218214,5
8503,6.197503999061809,7.0178677189635055,0.8203637199016969,3
8504,6.186438027327379,7.0178677189635055,0.8314296916361261,7
8505,5.847971495939275,6.079181246047625,0.23120975010835032,10
8506,5.770242986616611,6.079181246047625,0.30893825943101394,2
8507,5.762559231672978,6.079181246047625,0.316622014374647,8
8508,5.761777321984837,6.079181246047625,0.3174039240627877,1
8509,5.822000023851752,6.079181246047625,0.25718122219587336,6
8510,5.7343700796540045,6.079181246047625,0.34481116639362064,5
8511,5.791240177495387,6.079181246047625,0.28794106855223767,9
8512,5.806721489632204,6.079181246047625,0.2724597564154214,4
8513,5.748103474999286,6.079181246047625,0.33107777104833946,3
8514,6.156957094388704,6.567144045195657,0.41018695080695267,10
8515,6.305974621608845,6.567144045195657,0.2611694235868116,8
8516,6.094623833947326,6.567144045195657,0.4725202112483311,3
8517,6.215344237636619,6.567144045195657,0.35179980755903806,7
8518,6.253398429083567,6.567144045195657,0.3137456161120902,1
8519,5.985855052349334,6.567144045195657,0.5812889928463232,9
8520,6.145455295819613,6.567144045195657,0.4216887493760435,6
8521,6.120692305066231,6.567144045195657,0.4464517401294259,2
8522,6.211747363140805,6.567144045195657,0.35539668205485153,4
8523,5.891457633205537,5.414973347970818,-0.47648428523471864,10
8524,5.791423492381536,5.414973347970818,-0.3764501444107182,9
8525,5.87142866102513,5.414973347970818,-0.4564553130543114,5
8526,5.86889064315698,5.414973347970818,-0.4539172951861614,8
8527,5.886813211473641,5.414973347970818,-0.47183986350282314,4
8528,5.893399850316735,5.414973347970818,-0.47842650234591666,3
8529,5.880025639460951,5.414973347970818,-0.4650522914901325,2
8530,5.881758261879246,5.414973347970818,-0.4667849139084277,1
8531,5.865441189107695,5.414973347970818,-0.4504678411368772,6
8532,6.020218197253082,6.021189299069938,0.0009711018168561125,4
8533,6.078702904290123,6.021189299069938,-0.05751360522018434,1
8534,6.040236966488001,6.021189299069938,-0.01904766741806263,10
8535,6.041243210109291,6.021189299069938,-0.020053911039353167,2
8536,5.9995437711204795,6.021189299069938,0.02164552794945873,3
8537,6.009161948469087,6.021189299069938,0.01202735060085125,8
8538,6.010656130650564,6.021189299069938,0.010533168419374128,6
8539,6.0851662632609544,6.021189299069938,-0.06397696419101617,7
8540,5.994362358451212,6.021189299069938,0.026826940618726702,9
8541,6.103127445358219,6.517195897949974,0.4140684525917546,3
8542,6.102560916649903,6.517195897949974,0.4146349813000709,10
8543,6.0091301713895025,6.517195897949974,0.5080657265604716,9
8544,6.023110570740313,6.517195897949974,0.49408532720966125,6
8545,6.119479410157759,6.517195897949974,0.3977164877922146,7
8546,6.122628007846619,6.517195897949974,0.3945678901033549,2
8547,6.069460371667981,6.517195897949974,0.44773552628199287,1
8548,6.054588649063425,6.517195897949974,0.4626072488865489,8
8549,6.094819874088718,6.517195897949974,0.42237602386125594,5
8550,5.918098975850632,5.934498451243568,0.016399475392936402,3
8551,5.927787520684534,5.934498451243568,0.006710930559034267,8
8552,5.971783663806857,5.934498451243568,-0.03728521256328854,5
8553,5.700844413374648,5.934498451243568,0.23365403786892003,9
8554,6.008208504715182,5.934498451243568,-0.07371005347161397,4
8555,5.923367990667449,5.934498451243568,0.011130460576119106,10
8556,5.915142371329627,5.934498451243568,0.019356079913941393,1
8557,5.928368307133355,5.934498451243568,0.006130144110213287,7
8558,5.886646725369391,5.934498451243568,0.0478517258741773,6
8559,5.912912637313259,6.32221929473392,0.40930665742066186,6
8560,5.908167165079377,6.32221929473392,0.41405212965454385,10
8561,5.941878702545693,6.32221929473392,0.3803405921882277,3
8562,5.949627037564736,6.32221929473392,0.37259225716918465,5
8563,5.930779752145425,6.32221929473392,0.3914395425884951,1
8564,5.927582450436096,6.32221929473392,0.39463684429782475,7
8565,5.917467855798558,6.32221929473392,0.4047514389353628,8
8566,5.958722475962457,6.32221929473392,0.36349681877146356,2
8567,5.861922999963441,6.32221929473392,0.4602962947704796,4
8568,5.96672438179937,6.301029995663981,0.3343056138646112,9
8569,6.011362318158839,6.301029995663981,0.28966767750514233,5
8570,6.011331617857746,6.301029995663981,0.28969837780623564,1
8571,5.925795583751254,6.301029995663981,0.3752344119127269,3
8572,6.043908446882271,6.301029995663981,0.25712154878171045,2
8573,6.0133311635156925,6.301029995663981,0.28769883214828873,8
8574,5.946160869419901,6.301029995663981,0.35486912624407996,4
8575,6.03276571324971,6.301029995663981,0.2682642824142709,7
8576,5.958184126594684,6.301029995663981,0.34284586906929704,10
8577,5.801885672032435,6.531478917042255,0.7295932450098199,6
8578,5.7210751196714655,6.531478917042255,0.8104037973707898,8
8579,5.799339848373968,6.531478917042255,0.7321390686682872,5
8580,5.692548744156514,6.531478917042255,0.8389301728857417,9
8581,5.783818616853743,6.531478917042255,0.747660300188512,4
8582,5.735982320829144,6.531478917042255,0.7954965962131118,1
8583,5.74527220014928,6.531478917042255,0.7862067168929752,2
8584,5.9168140510553835,6.531478917042255,0.6146648659868719,10
8585,5.793205821081991,6.531478917042255,0.7382730959602641,3
8586,5.960659735127491,6.003115717099806,0.04245598197231537,6
8587,5.974840632788078,6.003115717099806,0.028275084311728094,7
8588,5.951506598713332,6.003115717099806,0.05160911838647397,4
8589,5.956461001407965,6.003115717099806,0.0466547156918411,2
8590,5.954806105142894,6.003115717099806,0.04830961195691241,3
8591,5.935939967676275,6.003115717099806,0.067175749423531,1
8592,5.9928002843791,6.003115717099806,0.010315432720706674,5
8593,5.972948994509039,6.003115717099806,0.030166722590767137,8
8594,5.941445897004477,6.003115717099806,0.06166982009532962,10
8595,5.842401546394253,6.3979400086720375,0.5555384622777844,6
8596,5.932993245188361,6.3979400086720375,0.4649467634836766,2
8597,5.993541812946327,6.3979400086720375,0.4043981957257108,3
8598,5.9387517092790585,6.3979400086720375,0.459188299392979,5
8599,5.91562121551324,6.3979400086720375,0.48231879315879755,1
8600,5.930195292972709,6.3979400086720375,0.46774471569932885,4
8601,5.904046511419004,6.3979400086720375,0.49389349725303333,7
8602,5.874536380636488,6.3979400086720375,0.5234036280355499,9
8603,5.856488552905949,6.3979400086720375,0.5414514557660883,8
8604,3.629842170084522,3.9242792860618816,0.29443711597735955,1
8605,3.546082418975515,3.9242792860618816,0.3781968670863667,4
8606,3.8413289938096984,3.9242792860618816,0.0829502922521832,5
8607,3.6678183778262428,3.9242792860618816,0.25646090823563883,3
8608,3.6513980709366334,3.9242792860618816,0.2728812151252482,2
8609,3.665341933509101,3.9242792860618816,0.2589373525527807,7
8610,3.7452886827900573,3.9242792860618816,0.17899060327182426,8
8611,3.696523885426011,3.9242792860618816,0.2277554006358704,6
8612,3.685305049550745,3.9242792860618816,0.2389742365111367,10
8613,4.917974028569236,4.597826770377936,-0.32014725819129985,9
8614,4.9213784655137385,4.597826770377936,-0.3235516951358024,5
8615,4.903477668681037,4.597826770377936,-0.3056508983031012,8
8616,4.878068793586171,4.597826770377936,-0.28024202320823477,7
8617,4.969859961219612,4.597826770377936,-0.37203319084167585,3
8618,4.911660485082274,4.597826770377936,-0.3138337147043382,4
8619,4.744535621003864,4.597826770377936,-0.1467088506259282,6
8620,4.784599223929356,4.597826770377936,-0.18677245355141991,2
8621,4.895834918628352,4.597826770377936,-0.29800814825041577,1
8622,4.583397239058996,3.42845877351558,-1.1549384655434163,2
8623,4.622651310325262,3.42845877351558,-1.1941925368096817,6
8624,4.582957674444578,3.42845877351558,-1.1544989009289979,5
8625,4.665310711661623,3.42845877351558,-1.2368519381460428,10
8626,4.884642077370093,3.42845877351558,-1.456183303854513,8
8627,4.625077526710156,3.42845877351558,-1.1966187531945756,4
8628,4.478165504157452,3.42845877351558,-1.0497067306418724,9
8629,4.607323917946951,3.42845877351558,-1.1788651444313714,3
8630,4.671893937733421,3.42845877351558,-1.2434351642178414,1
8631,6.138394682311655,6.4623979978989565,0.32400331558730144,1
8632,6.159504170445916,6.4623979978989565,0.3028938274530404,9
8633,6.151480421983961,6.4623979978989565,0.3109175759149956,5
8634,6.088135594527694,6.4623979978989565,0.3742624033712625,6
8635,6.174256279246159,6.4623979978989565,0.28814171865279725,3
8636,6.232241616003974,6.4623979978989565,0.23015638189498233,4
8637,6.072544776062444,6.4623979978989565,0.3898532218365123,10
8638,6.217105568575833,6.4623979978989565,0.24529242932312378,2
8639,6.128422179539183,6.4623979978989565,0.3339758183597734,7
8640,6.188105616522135,6.898664858722267,0.7105592422001319,5
8641,6.207649038298188,6.898664858722267,0.691015820424079,1
8642,6.222971493573321,6.898664858722267,0.6756933651489456,8
8643,6.165087972465037,6.898664858722267,0.7335768862572296,6
8644,6.189588824590448,6.898664858722267,0.7090760341318187,7
8645,6.213021499906929,6.898664858722267,0.6856433588153381,4
8646,6.214771006640991,6.898664858722267,0.6838938520812761,2
8647,6.23207086696694,6.898664858722267,0.6665939917553265,3
8648,6.290102301927155,6.898664858722267,0.6085625567951114,9
8649,5.849795091323511,5.847276448275631,-0.002518643047880076,4
8650,5.9085591711392045,5.847276448275631,-0.061282722863573724,2
8651,5.905859573874221,5.847276448275631,-0.0585831255985898,5
8652,5.879359232981181,5.847276448275631,-0.03208278470555026,1
8653,5.871865434690491,5.847276448275631,-0.024588986414860514,10
8654,5.82395932971932,5.847276448275631,0.023317118556311023,6
8655,5.8286785772121465,5.847276448275631,0.018597871063484206,3
8656,5.77410883155352,5.847276448275631,0.07316761672211047,7
8657,5.816266475787506,5.847276448275631,0.03100997248812476,9
8658,5.585496232208951,5.44178936653435,-0.14370686567460034,4
8659,5.65670406648123,5.44178936653435,-0.2149146999468794,5
8660,5.7123936490296945,5.44178936653435,-0.2706042824953441,3
8661,5.620938414008666,5.44178936653435,-0.17914904747431581,2
8662,5.637179126110067,5.44178936653435,-0.19538975957571658,8
8663,5.612556590383566,5.44178936653435,-0.17076722384921528,10
8664,5.604023462107227,5.44178936653435,-0.1622340955728765,7
8665,5.590805646860501,5.44178936653435,-0.14901628032615033,6
8666,5.574747351729421,5.44178936653435,-0.13295798519507063,9
8667,5.795804842481022,4.530839778616521,-1.2649650638645014,9
8668,5.765159247285603,4.530839778616521,-1.2343194686690824,10
8669,5.770838827901913,4.530839778616521,-1.2399990492853918,4
8670,5.8295505288029945,4.530839778616521,-1.2987107501864736,7
8671,5.698076643444062,4.530839778616521,-1.167236864827541,8
8672,5.800786788812195,4.530839778616521,-1.2699470101956738,6
8673,5.7955345470166595,4.530839778616521,-1.2646947684001386,5
8674,5.855692928091184,4.530839778616521,-1.324853149474663,3
8675,5.788378929351542,4.530839778616521,-1.2575391507350213,1
8676,5.490920484533432,6.607455023214668,1.1165345386812362,3
8677,5.732918698039538,6.607455023214668,0.8745363251751304,1
8678,5.561449800047735,6.607455023214668,1.046005223166933,6
8679,5.626491177810298,6.607455023214668,0.9809638454043705,5
8680,5.5296555417142175,6.607455023214668,1.0777994815004508,10
8681,5.685132120464667,6.607455023214668,0.9223229027500013,7
8682,5.8608479433137335,6.607455023214668,0.7466070799009348,9
8683,5.623030884012151,6.607455023214668,0.9844241392025177,8
8684,5.611842671986005,6.607455023214668,0.9956123512286634,2
8685,5.636789043021469,4.440909082065217,-1.195879960956252,7
8686,5.604263932788837,4.440909082065217,-1.1633548507236195,1
8687,5.584305089256494,4.440909082065217,-1.143396007191277,6
8688,5.6206287022765675,4.440909082065217,-1.1797196202113502,9
8689,5.605253136995517,4.440909082065217,-1.1643440549303001,2
8690,5.579972652610364,4.440909082065217,-1.1390635705451464,3
8691,5.548350730850614,4.440909082065217,-1.1074416487853966,8
8692,5.615728634816599,4.440909082065217,-1.1748195527513818,4
8693,5.520083515120181,4.440909082065217,-1.0791744330549635,10
8694,5.996789842340476,5.596597095626461,-0.4001927467140156,1
8695,6.081505765475746,5.596597095626461,-0.48490866984928527,2
8696,5.919727898287352,5.596597095626461,-0.32313080266089145,8
8697,6.095597885075599,5.596597095626461,-0.4990007894491386,4
8698,6.029730825802847,5.596597095626461,-0.4331337301763867,10
8699,6.028432008646056,5.596597095626461,-0.4318349130195953,7
8700,6.078609631866554,5.596597095626461,-0.4820125362400933,5
8701,6.061975506221051,5.596597095626461,-0.4653784105945906,9
8702,6.006327197658272,5.596597095626461,-0.40973010203181115,3
8703,5.189767992158422,4.275080898456858,-0.9146870937015636,3
8704,5.365804154558524,4.275080898456858,-1.0907232561016658,1
8705,5.246772802572868,4.275080898456858,-0.9716919041160095,10
8706,5.270455282337446,4.275080898456858,-0.9953743838805877,6
8707,5.403707731981939,4.275080898456858,-1.1286268335250806,5
8708,5.111531689011747,4.275080898456858,-0.8364507905548884,9
8709,5.247983972583597,4.275080898456858,-0.972903074126739,2
8710,5.2895106867985815,4.275080898456858,-1.0144297883417233,4
8711,5.1789533378114285,4.275080898456858,-0.9038724393545703,8
8712,5.507617337512168,5.110589710299249,-0.3970276272129194,2
8713,5.518055674737306,5.110589710299249,-0.4074659644380576,1
8714,5.551343382373875,5.110589710299249,-0.4407536720746261,9
8715,5.469320467091034,5.110589710299249,-0.35873075679178523,3
8716,5.581745576451949,5.110589710299249,-0.4711558661527002,4
8717,5.582196026272504,5.110589710299249,-0.4716063159732551,7
8718,5.548307891756056,5.110589710299249,-0.4377181814568072,5
8719,5.549199198756561,5.110589710299249,-0.4386094884573124,10
8720,5.508030017211068,5.110589710299249,-0.3974403069118191,8
8721,5.8000765497383835,5.041392685158225,-0.7586838645801581,5
8722,5.718025617574253,5.041392685158225,-0.6766329324160276,1
8723,5.736652771489133,5.041392685158225,-0.695260086330908,10
8724,5.841480365159963,5.041392685158225,-0.800087680001738,2
8725,5.783577642694207,5.041392685158225,-0.742184957535982,6
8726,5.7591793732432475,5.041392685158225,-0.7177866880850221,4
8727,5.680502982865465,5.041392685158225,-0.6391102977072398,8
8728,5.784825137361172,5.041392685158225,-0.7434324522029465,3
8729,5.764407574303997,5.041392685158225,-0.7230148891457713,9
8730,6.12788643556327,7.0,0.8721135644367299,2
8731,6.171839493965268,7.0,0.8281605060347319,4
8732,6.167682649292575,7.0,0.8323173507074246,5
8733,6.182301464997214,7.0,0.8176985350027861,8
8734,6.197112427104535,7.0,0.8028875728954654,3
8735,6.1539598516307485,7.0,0.8460401483692515,10
8736,6.269395340983202,7.0,0.730604659016798,9
8737,6.270034692201941,7.0,0.729965307798059,6
8738,6.14033754448448,7.0,0.8596624555155197,1
8739,6.269395340983202,5.998808399880894,-0.27058694110230785,9
8740,6.12788643556327,5.998808399880894,-0.12907803568237597,2
8741,6.1539598516307485,5.998808399880894,-0.15515145174985445,10
8742,6.270034692201941,5.998808399880894,-0.2712262923210469,6
8743,6.171839493965268,5.998808399880894,-0.173031094084374,4
8744,6.197112427104535,5.998808399880894,-0.1983040272236405,3
8745,6.167682649292575,5.998808399880894,-0.16887424941168128,5
8746,6.14033754448448,5.998808399880894,-0.14152914460358623,1
8747,6.002715132107236,5.998808399880894,-0.003906732226341525,7
8748,6.101955341070966,7.602059991327962,1.5001046502569952,4
8749,6.04047369327904,7.602059991327962,1.5615862980489217,3
8750,6.012409962208619,7.602059991327962,1.5896500291193423,10
8751,6.064874260656618,7.602059991327962,1.537185730671344,5
8752,5.98244467015439,7.602059991327962,1.6196153211735718,6
8753,6.068985221567234,7.602059991327962,1.5330747697607272,1
8754,6.0322917844833635,7.602059991327962,1.5697682068445982,7
8755,6.012016034264263,7.602059991327962,1.590043957063699,8
8756,6.0397648853931125,7.602059991327962,1.562295105934849,2
8757,6.583256257177727,5.653212513775344,-0.9300437434023827,9
8758,6.262833582766027,5.653212513775344,-0.6096210689906831,1
8759,6.384617891657743,5.653212513775344,-0.7314053778823988,3
8760,6.324785226708774,5.653212513775344,-0.6715727129334299,7
8761,6.103369934659127,5.653212513775344,-0.45015742088378286,8
8762,6.342357217353133,5.653212513775344,-0.6891447035777887,6
8763,6.251215026936312,5.653212513775344,-0.5980025131609681,2
8764,6.337742023197987,5.653212513775344,-0.6845295094226431,10
8765,6.383307186892486,5.653212513775344,-0.7300946731171418,4
8766,5.546579148093266,5.0,-0.546579148093266,2
8767,5.616606089738916,5.0,-0.6166060897389158,7
8768,5.596775075884884,5.0,-0.5967750758848842,10
8769,5.400726481710086,5.0,-0.40072648171008574,4
8770,5.650773382802906,5.0,-0.6507733828029059,9
8771,5.664515015492732,5.0,-0.6645150154927322,3
8772,5.545702017113442,5.0,-0.5457020171134417,1
8773,5.6403833758547774,5.0,-0.6403833758547774,8
8774,5.63838915571711,5.0,-0.6383891557171104,5
8775,5.7210751196714655,4.661812685537261,-1.0592624341342045,8
8776,5.692548744156514,4.661812685537261,-1.0307360586192527,9
8777,5.793205821081991,4.661812685537261,-1.1313931355447302,3
8778,5.799339848373968,4.661812685537261,-1.1375271628367072,5
8779,5.74527220014928,4.661812685537261,-1.0834595146120192,2
8780,5.783818616853743,4.661812685537261,-1.1220059313164823,4
8781,5.801885672032435,4.661812685537261,-1.1400729864951744,6
8782,5.735982320829144,4.661812685537261,-1.0741696352918826,1
8783,5.600053515172591,4.661812685537261,-0.9382408296353297,7
8784,6.1440170162428185,6.7160033436348,0.5719863273919819,6
8785,6.162545392578273,6.7160033436348,0.5534579510565276,3
8786,6.0927861256150555,6.7160033436348,0.6232172180197448,7
8787,6.191902398177801,6.7160033436348,0.5241009454569996,9
8788,6.085890626298403,6.7160033436348,0.630112717336397,1
8789,6.165777268829813,6.7160033436348,0.5502260748049874,10
8790,6.083269265262067,6.7160033436348,0.6327340783727333,2
8791,6.126223267587346,6.7160033436348,0.5897800760474547,8
8792,6.111921703347127,6.7160033436348,0.6040816402876734,4
8793,6.5555392342395775,6.939519252618618,0.3839800183790407,5
8794,6.379603940317969,6.939519252618618,0.5599153123006495,10
8795,6.592089581177003,6.939519252618618,0.3474296714416152,3
8796,6.473273882794551,6.939519252618618,0.46624536982406717,2
8797,6.5532594929178485,6.939519252618618,0.38625975970076976,8
8798,6.690844453302212,6.939519252618618,0.24867479931640624,4
8799,6.487526788861477,6.939519252618618,0.45199246375714086,1
8800,6.475648710075636,6.939519252618618,0.4638705425429821,9
8801,6.286344798394671,6.939519252618618,0.6531744542239473,6
8802,5.131683780309213,4.249027052547187,-0.8826567277620256,4
8803,5.2137213604379635,4.249027052547187,-0.9646943078907766,2
8804,5.277178011542295,4.249027052547187,-1.0281509589951083,7
8805,5.24292622045513,4.249027052547187,-0.9938991679079434,6
8806,5.184166556596688,4.249027052547187,-0.9351395040495012,8
8807,5.241889595594342,4.249027052547187,-0.9928625430471554,10
8808,5.155516969436005,4.249027052547187,-0.9064899168888179,5
8809,5.024192909177319,4.249027052547187,-0.7751658566301325,9
8810,5.152015786664528,4.249027052547187,-0.9029887341173408,3
8811,2.5991689299859533,1.6334684555795864,-0.9657004744063669,2
8812,2.344721490465537,1.6334684555795864,-0.7112530348859505,6
8813,2.421825731321453,1.6334684555795864,-0.7883572757418664,10
8814,2.594276718205938,1.6334684555795864,-0.9608082626263517,9
8815,2.4683563639993134,1.6334684555795864,-0.8348879084197269,7
8816,2.5268352383964787,1.6334684555795864,-0.8933667828168923,8
8817,2.4455427371078406,1.6334684555795864,-0.8120742815282542,5
8818,2.491710944533939,1.6334684555795864,-0.8582424889543525,3
8819,2.4276462384630095,1.6334684555795864,-0.7941777828834231,1
8820,2.4455427371078406,2.182300499593339,-0.2632422375145018,5
8821,2.344721490465537,2.182300499593339,-0.16242099087219808,6
8822,2.4276462384630095,2.182300499593339,-0.2453457388696707,1
8823,2.774257960837865,2.182300499593339,-0.591957461244526,4
8824,2.491710944533939,2.182300499593339,-0.3094104449406001,3
8825,2.421825731321453,2.182300499593339,-0.23952523172811402,10
8826,2.5991689299859533,2.182300499593339,-0.41686843039261445,2
8827,2.594276718205938,2.182300499593339,-0.41197621861259925,9
8828,2.4683563639993134,2.182300499593339,-0.2860558644059745,7
8829,5.381014935981597,4.008600171761918,-1.3724147642196787,10
8830,5.494137586242807,4.008600171761918,-1.4855374144808886,8
8831,5.470310937472458,4.008600171761918,-1.4617107657105404,5
8832,5.523546927139346,4.008600171761918,-1.5149467553774283,7
8833,5.481397564641562,4.008600171761918,-1.4727973928796443,6
8834,5.479554183594355,4.008600171761918,-1.4709540118324371,4
8835,5.411336497833649,4.008600171761918,-1.4027363260717314,2
8836,5.40321664584122,4.008600171761918,-1.3946164740793021,3
8837,5.522450705472843,4.008600171761918,-1.513850533710925,1
8838,6.021646476821288,5.400710636773232,-0.6209358400480562,3
8839,5.989994361659728,5.400710636773232,-0.5892837248864966,6
8840,6.005232314025889,5.400710636773232,-0.6045216772526576,8
8841,5.858234642683372,5.400710636773232,-0.4575240059101402,10
8842,6.047804535997857,5.400710636773232,-0.6470938992246253,4
8843,6.036565401461988,5.400710636773232,-0.635854764688756,1
8844,6.008820973625405,5.400710636773232,-0.6081103368521736,9
8845,5.983138354870751,5.400710636773232,-0.5824277180975193,2
8846,5.987041779856808,5.400710636773232,-0.5863311430835765,7
8847,5.820633207559288,6.078819183098848,0.25818597553956035,9
8848,5.828807333140525,6.078819183098848,0.25001184995832304,3
8849,5.846148625805802,6.078819183098848,0.2326705572930461,7
8850,5.94154696644731,6.078819183098848,0.13727221665153788,5
8851,5.695767869795536,6.078819183098848,0.3830513133033122,10
8852,5.9434198721727425,6.078819183098848,0.1353993109261058,4
8853,5.858384910223109,6.078819183098848,0.2204342728757389,6
8854,5.847014063507076,6.078819183098848,0.23180511959177252,8
8855,5.844219004928461,6.078819183098848,0.23460017817038725,1
8856,5.677294597438638,4.736149402104994,-0.941145195333644,6
8857,5.723605352595636,4.736149402104994,-0.9874559504906424,5
8858,5.70724242935366,4.736149402104994,-0.9710930272486662,2
8859,5.769837178543971,4.736149402104994,-1.0336877764389767,1
8860,5.6393686757514665,4.736149402104994,-0.9032192736464726,9
8861,5.668297149804818,4.736149402104994,-0.9321477476998243,7
8862,5.713408492894498,4.736149402104994,-0.977259090789504,10
8863,5.686367844767622,4.736149402104994,-0.9502184426626279,8
8864,5.760911202426023,4.736149402104994,-1.0247618003210288,3
8865,6.0224637687312015,6.0,-0.022463768731201483,1
8866,5.93072992076915,6.0,0.06927007923084982,6
8867,5.880168489799709,6.0,0.11983151020029137,7
8868,6.071482832842893,6.0,-0.07148283284289292,2
8869,5.9242292231048985,6.0,0.07577077689510148,8
8870,5.846655123123735,6.0,0.15334487687626464,10
8871,5.911317155951741,6.0,0.08868284404825921,9
8872,6.009311278597112,6.0,-0.009311278597111894,5
8873,6.015568803764611,6.0,-0.015568803764611339,3
8874,5.116269781732215,4.821840927200454,-0.2944288545317608,4
8875,5.093876333584828,4.821840927200454,-0.27203540638437396,10
8876,5.195004866433533,4.821840927200454,-0.3731639392330788,1
8877,5.386064113255756,4.821840927200454,-0.564223186055302,7
8878,5.099064988809269,4.821840927200454,-0.2772240616088153,9
8879,5.2815312059097685,4.821840927200454,-0.45969027870931445,3
8880,5.126413300091767,4.821840927200454,-0.3045723728913128,5
8881,5.0657593466624435,4.821840927200454,-0.24391841946198944,6
8882,5.163393428516831,4.821840927200454,-0.34155250131637693,8
8883,5.723799081210853,5.648360010980932,-0.0754390702299208,2
8884,5.660568977538031,5.648360010980932,-0.012208966557098577,5
8885,5.705983216518865,5.648360010980932,-0.057623205537932876,3
8886,5.809298108897071,5.648360010980932,-0.160938097916139,1
8887,5.66703630709613,5.648360010980932,-0.018676296115198276,7
8888,5.7420964495203,5.648360010980932,-0.0937364385393682,8
8889,5.7955678442054,5.648360010980932,-0.14720783322446795,10
8890,5.727239149207655,5.648360010980932,-0.0788791382267231,6
8891,5.703149305314016,5.648360010980932,-0.05478929433308366,9
8892,6.223735599228735,6.3979400086720375,0.17420440944330284,9
8893,6.212391757058033,6.3979400086720375,0.18554825161400412,3
8894,6.216867725729155,6.3979400086720375,0.1810722829428828,4
8895,6.183718881428283,6.3979400086720375,0.21422112724375442,2
8896,6.232635137143543,6.3979400086720375,0.1653048715284946,10
8897,6.21688046527884,6.3979400086720375,0.1810595433931974,8
8898,6.1940393353925325,6.3979400086720375,0.203900673279505,1
8899,6.226571787236481,6.3979400086720375,0.1713682214355563,6
8900,6.254589206710676,6.3979400086720375,0.14335080196136119,7
8901,6.391620189975446,7.217483944213907,0.825863754238461,9
8902,6.351805866066933,7.217483944213907,0.8656780781469733,7
8903,6.368101254504824,7.217483944213907,0.849382689709083,2
8904,6.345582104649747,7.217483944213907,0.8719018395641598,3
8905,6.3648909923089585,7.217483944213907,0.8525929519049482,4
8906,6.245766482995252,7.217483944213907,0.9717174612186543,10
8907,6.2780816755732936,7.217483944213907,0.9394022686406132,8
8908,6.370604210579007,7.217483944213907,0.8468797336348999,1
8909,6.336167238257993,7.217483944213907,0.8813167059559133,5
8910,5.964680885857927,5.050147658020303,-0.9145332278376239,2
8911,6.018924214511855,5.050147658020303,-0.9687765564915516,7
8912,5.68864943162796,5.050147658020303,-0.6385017736076568,8
8913,5.995599498921228,5.050147658020303,-0.9454518409009252,6
8914,6.065689006373855,5.050147658020303,-1.015541348353552,4
8915,5.920179654156313,5.050147658020303,-0.8700319961360101,9
8916,5.971506825193113,5.050147658020303,-0.9213591671728096,5
8917,5.983352710239294,5.050147658020303,-0.933205052218991,1
8918,5.980917871585049,5.050147658020303,-0.9307702135647462,10
8919,3.8484850834990363,3.959041392321093,0.11055630882205669,2
8920,3.659960249555219,3.959041392321093,0.29908114276587394,6
8921,4.055081837958083,3.959041392321093,-0.09604044563698988,5
8922,3.9621491489059055,3.959041392321093,-0.003107756584812549,3
8923,3.583470785372822,3.959041392321093,0.37557060694827094,1
8924,3.8731910130643974,3.959041392321093,0.08585037925669559,7
8925,3.7739813350768494,3.959041392321093,0.18506005724424357,10
8926,3.624943023334146,3.959041392321093,0.3340983689869468,9
8927,3.7547866968678054,3.959041392321093,0.20425469545328756,4
8928,5.036918543520742,6.477121254719663,1.4402027111989204,9
8929,4.962275413456264,6.477121254719663,1.5148458412633987,1
8930,4.960953293880466,6.477121254719663,1.516167960839197,2
8931,5.149649860347001,6.477121254719663,1.3274713943726617,7
8932,4.916124405084661,6.477121254719663,1.5609968496350017,6
8933,5.050486086253639,6.477121254719663,1.4266351684660235,10
8934,5.098966125598099,6.477121254719663,1.3781551291215637,3
8935,5.041166429323418,6.477121254719663,1.4359548253962444,4
8936,5.433667772806624,6.477121254719663,1.0434534819130388,5
8937,6.542198340042803,7.544068044350276,1.001869704307473,5
8938,6.5689791613729245,7.544068044350276,0.9750888829773512,8
8939,6.520845579708706,7.544068044350276,1.0232224646415693,10
8940,6.532004086016958,7.544068044350276,1.012063958333318,2
8941,6.5173725574503605,7.544068044350276,1.0266954868999152,7
8942,6.609235428421675,7.544068044350276,0.9348326159286007,1
8943,6.549856186609794,7.544068044350276,0.9942118577404813,4
8944,6.52211497307631,7.544068044350276,1.0219530712739653,9
8945,6.52707144664119,7.544068044350276,1.0169965977090856,6
8946,5.633004410197426,6.079181246047625,0.4461768358501992,7
8947,5.609763351095268,6.079181246047625,0.46941789495235753,8
8948,5.495557443436231,6.079181246047625,0.5836238026113945,6
8949,5.48976020367204,6.079181246047625,0.5894210423755855,9
8950,5.486845812397758,6.079181246047625,0.5923354336498674,1
8951,5.375950054424791,6.079181246047625,0.7032311916228338,10
8952,5.475516092813617,6.079181246047625,0.603665153234008,4
8953,5.571877684125467,6.079181246047625,0.507303561922158,3
8954,5.480575685097561,6.079181246047625,0.5986055609500642,2
8955,5.14606730480105,6.146128035678238,1.0000607308771885,6
8956,5.176186152769404,6.146128035678238,0.9699418829088344,9
8957,5.101344504092087,6.146128035678238,1.044783531586151,2
8958,5.142947146128322,6.146128035678238,1.003180889549916,7
8959,5.32660607821263,6.146128035678238,0.8195219574656081,4
8960,5.574092503773669,6.146128035678238,0.5720355319045689,8
8961,5.0600978937909975,6.146128035678238,1.0860301418872407,5
8962,5.146654619876728,6.146128035678238,0.9994734158015106,3
8963,5.188188564195469,6.146128035678238,0.9579394714827689,1
8964,5.53340417898733,5.146128035678238,-0.38727614330909166,5
8965,5.531542714247496,5.146128035678238,-0.3854146785692576,1
8966,5.5778443543767136,5.146128035678238,-0.4317163186984754,2
8967,5.501454284530741,5.146128035678238,-0.35532624885250286,7
8968,5.552240398148607,5.146128035678238,-0.40611236247036864,3
8969,5.5600017854676915,5.146128035678238,-0.41387374978945335,9
8970,5.599812065410941,5.146128035678238,-0.4536840297327025,4
8971,5.542888470112945,5.146128035678238,-0.39676043443470643,10
8972,5.530012136519368,5.146128035678238,-0.3838841008411302,6
8973,5.787619748306452,5.534026106056135,-0.25359364225031644,1
8974,5.752184101807981,5.534026106056135,-0.21815799575184602,2
8975,5.885036499727749,5.534026106056135,-0.351010393671614,9
8976,5.75929720337205,5.534026106056135,-0.22527109731591466,3
8977,5.747366497306352,5.534026106056135,-0.21334039125021675,7
8978,5.798111374571662,5.534026106056135,-0.2640852685155268,6
8979,5.756696998882673,5.534026106056135,-0.22267089282653796,8
8980,5.818754317752962,5.534026106056135,-0.2847282116968266,5
8981,5.739258112932757,5.534026106056135,-0.20523200687662158,10
8982,6.398914144739644,7.434568904034199,1.0356547592945553,10
8983,6.326052828718198,7.434568904034199,1.1085160753160013,4
8984,6.317999632566533,7.434568904034199,1.1165692714676663,8
8985,6.316740550189864,7.434568904034199,1.1178283538443354,1
8986,6.252736510870788,7.434568904034199,1.1818323931634112,6
8987,6.301756436523782,7.434568904034199,1.1328124675104174,5
8988,6.364343680530114,7.434568904034199,1.0702252235040852,9
8989,6.272546290029522,7.434568904034199,1.1620226140046768,7
8990,6.297636149085805,7.434568904034199,1.1369327549483943,2
8991,5.725845037826598,5.826074802700826,0.10022976487422763,5
8992,5.712392420796612,5.826074802700826,0.11368238190421387,9
8993,5.713095648738684,5.826074802700826,0.11297915396214187,7
8994,5.707473498932296,5.826074802700826,0.11860130376853029,2
8995,5.674805230296058,5.826074802700826,0.15126957240476813,10
8996,5.782162395608811,5.826074802700826,0.04391240709201494,1
8997,5.82909581811895,5.826074802700826,-0.003021015418124051,3
8998,5.736022378699842,5.826074802700826,0.09005242400098368,8
8999,5.73313114116045,5.826074802700826,0.09294366154037625,4
9000,5.946330160433901,6.401400540781544,0.45507038034764236,8
9001,5.961076154159843,6.401400540781544,0.44032438662170037,4
9002,5.962356209333684,6.401400540781544,0.43904433144785937,1
9003,5.967452007980293,6.401400540781544,0.4339485328012511,10
9004,5.9701644034220465,6.401400540781544,0.4312361373594973,9
9005,5.983516148596738,6.401400540781544,0.41788439218480544,3
9006,5.947963709138619,6.401400540781544,0.45343683164292514,5
9007,5.979206330814655,6.401400540781544,0.4221942099668885,7
9008,6.030697883463275,6.401400540781544,0.3707026573182688,6
9009,5.760745446305885,6.079181246047625,0.3184357997417404,3
9010,5.701873279872818,6.079181246047625,0.3773079661748069,7
9011,5.7224742035874385,6.079181246047625,0.3567070424601866,5
9012,5.612466187594941,6.079181246047625,0.46671505845268424,4
9013,5.660346426381266,6.079181246047625,0.41883481966635916,10
9014,5.665504844845276,6.079181246047625,0.4136764012023493,8
9015,5.712322100935185,6.079181246047625,0.3668591451124401,1
9016,5.732621564373587,6.079181246047625,0.34655968167403817,6
9017,5.602465188013446,6.079181246047625,0.47671605803417894,9
9018,5.6957891060361465,5.021189299069938,-0.6745998069662082,9
9019,5.608670307667263,5.021189299069938,-0.587481008597325,7
9020,5.642929271609166,5.021189299069938,-0.6217399725392276,1
9021,5.521940503536422,5.021189299069938,-0.5007512044664839,6
9022,5.6055504442468935,5.021189299069938,-0.5843611451769553,5
9023,5.499145987818097,5.021189299069938,-0.4779566887481588,2
9024,5.6904516145028845,5.021189299069938,-0.6692623154329462,3
9025,5.470643445980811,5.021189299069938,-0.44945414691087304,4
9026,5.6027285941148826,5.021189299069938,-0.5815392950449443,10
9027,5.6553437426296185,5.604118006192035,-0.051225736437583436,1
9028,5.57430842026482,5.604118006192035,0.029809585927215387,7
9029,5.5452675421159645,5.604118006192035,0.05885046407607053,5
9030,5.562418079246172,5.604118006192035,0.041699926945862664,2
9031,5.507713884643249,5.604118006192035,0.09640412154878586,4
9032,5.716693254597687,5.604118006192035,-0.11257524840565214,10
9033,5.494222156263725,5.604118006192035,0.10989584992830981,6
9034,5.449733974830129,5.604118006192035,0.15438403136190626,3
9035,5.443293013183085,5.604118006192035,0.16082499300895048,9
9036,5.490005939603534,4.124504224834283,-1.365501714769251,6
9037,5.484024608940163,4.124504224834283,-1.3595203841058803,2
9038,5.513459499096296,4.124504224834283,-1.3889552742620133,8
9039,5.464273317662046,4.124504224834283,-1.3397690928277637,4
9040,5.5391645851122675,4.124504224834283,-1.4146603602779848,10
9041,5.44027913986485,4.124504224834283,-1.315774915030567,9
9042,5.519103196167527,4.124504224834283,-1.3945989713332443,5
9043,5.506944213046868,4.124504224834283,-1.3824399882125853,7
9044,5.55148373771056,4.124504224834283,-1.4269795128762777,1
9045,3.944565797122516,3.5575072019056577,-0.38705859521685815,9
9046,4.0795513992006756,3.5575072019056577,-0.5220441972950178,7
9047,3.930460717443415,3.5575072019056577,-0.37295351553775724,3
9048,3.9981217610484623,3.5575072019056577,-0.44061455914280456,2
9049,4.012676825336732,3.5575072019056577,-0.4551696234310745,6
9050,3.919750506983452,3.5575072019056577,-0.36224330507779445,1
9051,3.9166725508895897,3.5575072019056577,-0.35916534898393193,10
9052,4.030423600950761,3.5575072019056577,-0.4729163990451033,4
9053,3.932063842657714,3.5575072019056577,-0.3745566407520564,8
9054,4.2784974844763815,2.9542425094393248,-1.3242549750370567,1
9055,4.52620679128898,2.9542425094393248,-1.5719642818496555,3
9056,4.468890044521102,2.9542425094393248,-1.5146475350817776,8
9057,4.382051985195939,2.9542425094393248,-1.427809475756614,2
9058,4.4920853658735975,2.9542425094393248,-1.5378428564342728,5
9059,4.42423828855864,2.9542425094393248,-1.4699957791193152,7
9060,4.359827735147114,2.9542425094393248,-1.4055852257077892,9
9061,4.330882739074103,2.9542425094393248,-1.3766402296347784,10
9062,4.34429657639119,2.9542425094393248,-1.390054066951865,4
9063,4.284470039991655,3.942008053022313,-0.34246198696934194,2
9064,4.373984033950227,3.942008053022313,-0.43197598092791356,8
9065,4.283151746392401,3.942008053022313,-0.3411436933700882,9
9066,4.361486219052572,3.942008053022313,-0.41947816603025867,3
9067,4.259570219179725,3.942008053022313,-0.31756216615741195,4
9068,4.279297626089617,3.942008053022313,-0.337289573067304,7
9069,4.409899424057034,3.942008053022313,-0.467891371034721,1
9070,4.333148515701564,3.942008053022313,-0.3911404626792505,6
9071,4.332587489594029,3.942008053022313,-0.39057943657171545,10
9072,4.514706353679667,3.5118833609788744,-1.0028229927007928,5
9073,4.5171648983369765,3.5118833609788744,-1.005281537358102,6
9074,4.656357685162336,3.5118833609788744,-1.1444743241834612,4
9075,4.542988591216125,3.5118833609788744,-1.0311052302372508,1
9076,4.423700103499277,3.5118833609788744,-0.9118167425204025,9
9077,4.5537254768591175,3.5118833609788744,-1.0418421158802431,10
9078,4.54726711302266,3.5118833609788744,-1.0353837520437859,7
9079,4.4898452287106325,3.5118833609788744,-0.9779618677317581,2
9080,4.624865922465212,3.5118833609788744,-1.112982561486338,3
9081,5.7823801040813825,6.621974524899735,0.8395944208183526,7
9082,5.692402642251177,6.621974524899735,0.929571882648558,10
9083,5.943014060195408,6.621974524899735,0.6789604647043275,3
9084,5.765155428592201,6.621974524899735,0.8568190963075342,5
9085,5.8001890646832015,6.621974524899735,0.8217854602165335,9
9086,5.786560443537115,6.621974524899735,0.8354140813626199,2
9087,5.777626628714393,6.621974524899735,0.8443478961853419,1
9088,5.853186870646835,6.621974524899735,0.7687876542529004,8
9089,5.749193081858175,6.621974524899735,0.8727814430415597,4
9090,5.713885154484036,5.423360578084977,-0.2905245763990587,7
9091,5.703785790926299,5.423360578084977,-0.2804252128413216,6
9092,5.750205237749103,5.423360578084977,-0.32684465966412635,8
9093,5.765549559646478,5.423360578084977,-0.3421889815615007,10
9094,5.735196369713383,5.423360578084977,-0.3118357916284058,1
9095,5.766948806453621,5.423360578084977,-0.34358822836864444,5
9096,5.906258039769124,5.423360578084977,-0.48289746168414727,9
9097,5.801751140854294,5.423360578084977,-0.37839056276931693,4
9098,5.814175476883703,5.423360578084977,-0.3908148987987259,2
9099,5.73326195217981,5.6776069527204935,-0.055654999459316734,4
9100,5.668534509151499,5.6776069527204935,0.009072443568994615,1
9101,5.73860116249745,5.6776069527204935,-0.06099420977695669,2
9102,5.633551122898503,5.6776069527204935,0.044055829821990855,7
9103,5.655024403407537,5.6776069527204935,0.02258254931295678,10
9104,5.71875436393721,5.6776069527204935,-0.04114741121671628,5
9105,5.598630580618202,5.6776069527204935,0.07897637210229114,6
9106,5.787867538369614,5.6776069527204935,-0.11026058564912056,9
9107,5.752557533956065,5.6776069527204935,-0.07495058123557108,3
9108,4.875635528361998,6.0,1.1243644716380023,2
9109,5.27717914620608,6.0,0.7228208537939196,8
9110,5.1112612569071105,6.0,0.8887387430928895,4
9111,4.87842846808184,6.0,1.1215715319181596,6
9112,4.855731676309164,6.0,1.1442683236908362,3
9113,4.811360694493815,6.0,1.188639305506185,5
9114,4.938715804438968,6.0,1.061284195561032,10
9115,4.829933138374338,6.0,1.1700668616256618,1
9116,4.897933354929046,6.0,1.1020666450709538,7
9117,5.531691484866569,6.146128035678238,0.6144365508116696,2
9118,5.6767588996908955,6.146128035678238,0.46936913598734264,6
9119,5.582050078320632,6.146128035678238,0.5640779573576058,10
9120,5.715779935333872,6.146128035678238,0.4303481003443661,9
9121,5.573120707972634,6.146128035678238,0.5730073277056045,4
9122,5.567340156756306,6.146128035678238,0.5787878789219318,7
9123,5.660476365939719,6.146128035678238,0.4856516697385196,8
9124,5.625279169208637,6.146128035678238,0.5208488664696009,5
9125,5.600925188769749,6.146128035678238,0.5452028469084889,3
9126,6.219350369097747,6.161846959528519,-0.057503409569228836,5
9127,6.320043224604825,6.161846959528519,-0.15819626507630602,1
9128,6.285577893708034,6.161846959528519,-0.1237309341795152,3
9129,6.238766932551851,6.161846959528519,-0.07691997302333231,10
9130,6.213136056963666,6.161846959528519,-0.051289097435147646,6
9131,6.328044233324226,6.161846959528519,-0.16619727379570737,4
9132,6.260193163257506,6.161846959528519,-0.09834620372898772,7
9133,6.282947285195345,6.161846959528519,-0.12110032566682616,2
9134,6.214307572438669,6.161846959528519,-0.05246061291015014,8
9135,6.048769544520265,6.079181246047625,0.030411701527359725,5
9136,6.138308054719969,6.079181246047625,-0.05912680867234421,3
9137,6.074689877976714,6.079181246047625,0.004491368070911328,2
9138,6.019430461086545,6.079181246047625,0.05975078496108033,9
9139,6.10547900534651,6.079181246047625,-0.02629775929888467,1
9140,6.078642445609312,6.079181246047625,0.0005388004383126699,4
9141,6.042839167152902,6.079181246047625,0.03634207889472307,6
9142,6.103879276758977,6.079181246047625,-0.02469803071135157,7
9143,6.059744358787086,6.079181246047625,0.019436887260539493,10
9144,2.3366022047327695,3.103803720955957,0.7672015162231873,3
9145,2.432533465548421,3.103803720955957,0.6712702554075358,2
9146,2.2893077163651876,3.103803720955957,0.8144960045907692,4
9147,2.501567818162991,3.103803720955957,0.602235902792966,9
9148,2.4451599601090135,3.103803720955957,0.6586437608469433,8
9149,2.501959689946473,3.103803720955957,0.6018440310094837,6
9150,2.3687290332149358,3.103803720955957,0.735074687741021,7
9151,2.5012038071078533,3.103803720955957,0.6025999138481035,5
9152,2.323183610108906,3.103803720955957,0.780620110847051,1
9153,6.738913486182127,7.244277120801843,0.5053636346197159,7
9154,6.762834125051877,7.244277120801843,0.4814429957499655,5
9155,6.7800461670070895,7.244277120801843,0.4642309537947531,4
9156,6.75838013280132,7.244277120801843,0.4858969880005226,1
9157,6.689955215268167,7.244277120801843,0.5543219055336754,2
9158,6.7618734022419416,7.244277120801843,0.48240371855990105,9
9159,6.645237074489696,7.244277120801843,0.5990400463121466,6
9160,6.803633891363371,7.244277120801843,0.44064322943847145,3
9161,6.861726517172442,7.244277120801843,0.38255060362940085,8
9162,6.685427982939351,7.08278537031645,0.3973573873770988,4
9163,6.489706978156948,7.08278537031645,0.5930783921595015,9
9164,6.493912288682521,7.08278537031645,0.5888730816339285,7
9165,6.575306781862878,7.08278537031645,0.507478588453572,3
9166,6.402539064677605,7.08278537031645,0.6802463056388453,6
9167,6.593497602574415,7.08278537031645,0.4892877677420344,8
9168,6.435650337031617,7.08278537031645,0.6471350332848331,10
9169,6.475822793065743,7.08278537031645,0.606962577250707,1
9170,6.489045184203306,7.08278537031645,0.5937401861131439,5
9171,6.519013186280539,6.133538908370218,-0.38547427791032085,1
9172,6.633070259474061,6.133538908370218,-0.49953135110384306,3
9173,6.491546581514417,6.133538908370218,-0.3580076731441988,2
9174,6.665011046564666,6.133538908370218,-0.5314721381944478,4
9175,6.366650220523488,6.133538908370218,-0.2331113121532704,6
9176,6.536549306431357,6.133538908370218,-0.4030103980611388,5
9177,6.528073080107458,6.133538908370218,-0.3945341717372397,9
9178,6.3715251888374365,6.133538908370218,-0.2379862804672186,10
9179,6.490061990305409,6.133538908370218,-0.3565230819351912,7
9180,5.786686834842294,6.778151250383644,0.9914644155413495,9
9181,5.870454941198153,6.778151250383644,0.907696309185491,4
9182,6.143891980751172,6.778151250383644,0.634259269632472,8
9183,5.821759937825483,6.778151250383644,0.9563913125581607,6
9184,5.798942059974808,6.778151250383644,0.9792091904088362,7
9185,5.951190657895531,6.778151250383644,0.8269605924881125,3
9186,5.927541918477814,6.778151250383644,0.8506093319058294,1
9187,5.8041863741825415,6.778151250383644,0.9739648762011024,2
9188,5.848412704388328,6.778151250383644,0.929738545995316,5
9189,6.7800461670070895,7.57978359661681,0.7997374296097206,4
9190,6.803633891363371,7.57978359661681,0.776149705253439,3
9191,6.7618734022419416,7.57978359661681,0.8179101943748686,9
9192,6.738913486182127,7.57978359661681,0.8408701104346834,7
9193,6.689955215268167,7.57978359661681,0.889828381348643,2
9194,6.75838013280132,7.57978359661681,0.8214034638154901,1
9195,6.861726517172442,7.57978359661681,0.7180570794443684,8
9196,6.645237074489696,7.57978359661681,0.9345465221271141,6
9197,6.762834125051877,7.57978359661681,0.816949471564933,5
9198,5.284765032417857,5.27415784926368,-0.010607183154177413,9
9199,5.6018014050591205,5.27415784926368,-0.3276435557954409,5
9200,5.895633026464175,5.27415784926368,-0.6214751772004954,4
9201,5.732057254722028,5.27415784926368,-0.45789940545834806,8
9202,5.577006607172929,5.27415784926368,-0.30284875790924914,10
9203,5.444185849089977,5.27415784926368,-0.17002799982629746,6
9204,5.556561783306345,5.27415784926368,-0.28240393404266584,2
9205,5.4350047072964385,5.27415784926368,-0.1608468580327589,7
9206,5.661441623342692,5.27415784926368,-0.3872837740790125,1
9207,5.853354001195248,5.342422680822207,-0.5109313203730412,10
9208,5.86831911546187,5.342422680822207,-0.5258964346396633,3
9209,5.743110545530512,5.342422680822207,-0.4006878647083054,5
9210,5.812420411678693,5.342422680822207,-0.46999773085648666,2
9211,5.703435155916513,5.342422680822207,-0.3610124750943067,8
9212,5.763428240949355,5.342422680822207,-0.4210055601271483,7
9213,5.80799051367,5.342422680822207,-0.46556783284779346,9
9214,5.820361385554073,5.342422680822207,-0.4779387047318666,6
9215,5.747757383353247,5.342422680822207,-0.4053347025310403,1
9216,5.568161242735597,5.826074802700826,0.25791355996522913,2
9217,5.7517053887598015,5.826074802700826,0.07436941394102448,10
9218,5.641162809336005,5.826074802700826,0.18491199336482111,6
9219,5.561768935874422,5.826074802700826,0.2643058668264038,3
9220,5.532701425332188,5.826074802700826,0.29337337736863844,5
9221,5.5876908692047955,5.826074802700826,0.2383839334960305,4
9222,5.589534142399487,5.826074802700826,0.2365406603013387,9
9223,5.539311324428317,5.826074802700826,0.28676347827250925,8
9224,5.573342152344206,5.826074802700826,0.25273265035662007,1
9225,5.380064682283937,4.359835482339888,-1.0202291999440485,4
9226,5.432953546389903,4.359835482339888,-1.0731180640500142,9
9227,5.399386879458869,4.359835482339888,-1.0395513971189807,8
9228,5.408801318767984,4.359835482339888,-1.0489658364280956,2
9229,5.403065852970388,4.359835482339888,-1.0432303706305,5
9230,5.392390889983043,4.359835482339888,-1.0325554076431542,3
9231,5.481043721665833,4.359835482339888,-1.121208239325945,1
9232,5.425150812067996,4.359835482339888,-1.065315329728108,7
9233,5.4337659386690875,4.359835482339888,-1.0739304563291991,6
9234,6.537204625710832,6.763427993562937,0.22622336785210528,10
9235,6.681107855632902,6.763427993562937,0.08232013793003468,5
9236,6.447042069978424,6.763427993562937,0.31638592358451323,7
9237,6.61140804682421,6.763427993562937,0.15201994673872665,9
9238,6.679060990875347,6.763427993562937,0.08436700268759001,4
9239,6.739478027964001,6.763427993562937,0.02394996559893592,8
9240,6.599881745857212,6.763427993562937,0.16354624770572457,2
9241,6.647821032227037,6.763427993562937,0.11560696133590032,6
9242,6.642567947496531,6.763427993562937,0.12086004606640621,3
9243,5.704121091314594,5.832508912706237,0.12838782139164273,3
9244,5.750925363132275,5.832508912706237,0.08158354957396163,5
9245,5.701764330622736,5.832508912706237,0.13074458208350048,8
9246,5.914058130531579,5.832508912706237,-0.08154921782534252,1
9247,5.810952471580743,5.832508912706237,0.02155644112549382,2
9248,5.844848190011956,5.832508912706237,-0.012339277305719598,10
9249,5.9460874848698255,5.832508912706237,-0.11357857216358891,7
9250,5.597448686033603,5.832508912706237,0.23506022667263338,9
9251,5.731464248056121,5.832508912706237,0.1010446646501153,6
9252,4.981198812224492,3.871164132802949,-1.1100346794215432,1
9253,4.973522393217317,3.871164132802949,-1.1023582604143685,2
9254,4.881629139630112,3.871164132802949,-1.0104650068271632,6
9255,4.839932399353344,3.871164132802949,-0.9687682665503954,4
9256,4.867145421025509,3.871164132802949,-0.9959812882225605,8
9257,4.814667714612613,3.871164132802949,-0.9435035818096638,7
9258,4.839273058741373,3.871164132802949,-0.9681089259384241,3
9259,4.750358017604158,3.871164132802949,-0.8791938848012095,9
9260,4.827381147367542,3.871164132802949,-0.9562170145645932,5
9261,5.464423148834369,5.426023015689876,-0.038400133144492976,2
9262,5.731395214061666,5.426023015689876,-0.3053721983717903,1
9263,5.578302904113273,5.426023015689876,-0.15227988842339713,10
9264,5.4393077422827805,5.426023015689876,-0.013284726592904583,3
9265,5.494019756995765,5.426023015689876,-0.06799674130588951,6
9266,5.586535297415686,5.426023015689876,-0.16051228172581045,7
9267,5.468852737855805,5.426023015689876,-0.04282972216592906,8
9268,5.525898398491253,5.426023015689876,-0.0998753828013772,4
9269,5.309870233873588,5.426023015689876,0.11615278181628774,9
9270,7.149030311477131,8.229681842317676,1.0806515308405453,10
9271,7.178363809477981,8.229681842317676,1.0513180328396956,5
9272,7.176998055883347,8.229681842317676,1.0526837864343292,1
9273,7.131380094839228,8.229681842317676,1.0983017474784482,2
9274,7.139420832951132,8.229681842317676,1.090261009366544,3
9275,7.126121418164352,8.229681842317676,1.103560424153324,4
9276,7.17932507580704,8.229681842317676,1.0503567665106361,9
9277,7.20726476457084,8.229681842317676,1.0224170777468364,6
9278,7.1004524536568505,8.229681842317676,1.1292293886608258,8
9279,7.126121418164352,8.229681842317676,1.103560424153324,4
9280,7.149030311477131,8.229681842317676,1.0806515308405453,10
9281,7.176998055883347,8.229681842317676,1.0526837864343292,1
9282,7.20726476457084,8.229681842317676,1.0224170777468364,6
9283,7.139420832951132,8.229681842317676,1.090261009366544,3
9284,7.17932507580704,8.229681842317676,1.0503567665106361,9
9285,7.131380094839228,8.229681842317676,1.0983017474784482,2
9286,7.178363809477981,8.229681842317676,1.0513180328396956,5
9287,7.1004524536568505,8.229681842317676,1.1292293886608258,8
9288,7.226706824741993,8.414973347970818,1.1882665232288252,3
9289,7.205093518160767,8.414973347970818,1.2098798298100508,6
9290,7.170807750401479,8.414973347970818,1.2441655975693395,4
9291,7.126734523123082,8.414973347970818,1.2882388248477366,9
9292,7.121524223235019,8.414973347970818,1.2934491247357993,8
9293,7.175456361112004,8.414973347970818,1.2395169868588143,10
9294,7.225530297015228,8.414973347970818,1.1894430509555898,1
9295,7.103053683883788,8.414973347970818,1.3119196640870303,2
9296,7.131782199777658,8.414973347970818,1.2831911481931604,5
9297,4.916509023021402,4.515343893088381,-0.40116512993302145,3
9298,4.174287472943849,4.515343893088381,0.34105642014453164,4
9299,4.030246997585196,4.515343893088381,0.4850968955031849,9
9300,3.954783244635001,4.515343893088381,0.5605606484533796,10
9301,4.103191203502239,4.515343893088381,0.4121526895861418,8
9302,4.12157305485545,4.515343893088381,0.393770838232931,2
9303,3.993900600792486,4.515343893088381,0.5214432922958947,7
9304,4.095345738699596,4.515343893088381,0.41999815438878496,6
9305,4.170106996705944,4.515343893088381,0.3452368963824366,1
9306,2.775586717546725,1.6989700043360187,-1.076616713210706,8
9307,2.6973624078038108,1.6989700043360187,-0.998392403467792,10
9308,2.691184333457745,1.6989700043360187,-0.9922143291217265,2
9309,2.645946281885194,1.6989700043360187,-0.9469762775491755,1
9310,2.662504989038851,1.6989700043360187,-0.9635349847028323,9
9311,2.775356173519355,1.6989700043360187,-1.076386169183336,7
9312,2.6884851743095246,1.6989700043360187,-0.9895151699735059,4
9313,2.7269657133474263,1.6989700043360187,-1.0279957090114076,6
9314,2.7227574255040707,1.6989700043360187,-1.023787421168052,5
9315,4.855086646220037,4.431363764158987,-0.4237228820610497,8
9316,4.598644074103622,4.431363764158987,-0.16728030994463516,1
9317,4.592098422088118,4.431363764158987,-0.16073465792913133,5
9318,4.742637415827235,4.431363764158987,-0.31127365166824816,4
9319,4.834516864027766,4.431363764158987,-0.4031530998687787,10
9320,4.6012498085933995,4.431363764158987,-0.16988604443441258,9
9321,4.723051498020097,4.431363764158987,-0.29168773386111013,2
9322,4.677006858544294,4.431363764158987,-0.24564309438530696,6
9323,4.722215896646391,4.431363764158987,-0.29085213248740427,3
9324,5.180895867157773,5.406540180433956,0.22564431327618362,10
9325,5.4100819105362605,5.406540180433956,-0.003541730102304186,4
9326,5.288665181241357,5.406540180433956,0.11787499919259936,9
9327,5.436899378201176,5.406540180433956,-0.030359197767219293,1
9328,5.27421425690569,5.406540180433956,0.1323259235282661,3
9329,5.083240901974674,5.406540180433956,0.32329927845928275,5
9330,5.332027932147967,5.406540180433956,0.07451224828598946,6
9331,5.308329674977096,5.406540180433956,0.09821050545686028,7
9332,5.282095834921108,5.406540180433956,0.12444434551284811,8
9333,5.934629542019804,6.400365273349939,0.4657357313301347,8
9334,6.077277865879838,6.400365273349939,0.32308740747010134,9
9335,5.9922423964037534,6.400365273349939,0.40812287694618554,1
9336,5.9548635006048904,6.400365273349939,0.44550177274504854,7
9337,5.893560048173048,6.400365273349939,0.5068052251768913,4
9338,5.87286752957011,6.400365273349939,0.5274977437798292,2
9339,5.800701004635841,6.400365273349939,0.5996642687140978,10
9340,5.764153737444304,6.400365273349939,0.6362115359056348,5
9341,5.909868154138082,6.400365273349939,0.4904971192118568,6
9342,5.608503466288186,6.301029995663981,0.6925265293757956,6
9343,5.505150777858824,6.301029995663981,0.7958792178051572,7
9344,5.632633953837239,6.301029995663981,0.6683960418267425,9
9345,5.576567495493688,6.301029995663981,0.7244625001702936,4
9346,5.604781994890142,6.301029995663981,0.6962480007738394,3
9347,5.507379908145911,6.301029995663981,0.7936500875180705,8
9348,4.908507793973846,6.301029995663981,1.3925222016901353,5
9349,5.789692466346973,6.301029995663981,0.5113375293170082,1
9350,5.5567182003475395,6.301029995663981,0.7443117953164418,2
9351,4.584375094665734,4.845098040014257,0.26072294534852336,9
9352,4.94919628826936,4.845098040014257,-0.10409824825510317,1
9353,4.629447812259883,4.845098040014257,0.2156502277543737,4
9354,4.555851157238963,4.845098040014257,0.2892468827752941,10
9355,4.618510503454045,4.845098040014257,0.2265875365602117,6
9356,4.560848941248604,4.845098040014257,0.2842490987656525,5
9357,4.6511564811480355,4.845098040014257,0.19394155886622144,7
9358,4.590470483721807,4.845098040014257,0.2546275562924496,2
9359,4.647054530818007,4.845098040014257,0.1980435091962498,3
9360,5.10008580815906,3.845098040014257,-1.2549877681448027,9
9361,5.0618391127854006,3.845098040014257,-1.2167410727711436,10
9362,5.130882419632966,3.845098040014257,-1.2857843796187094,6
9363,5.013947414016871,3.845098040014257,-1.1688493740026145,2
9364,4.96656932207754,3.845098040014257,-1.1214712820632835,5
9365,4.852690596872142,3.845098040014257,-1.007592556857885,7
9366,5.092858155742161,3.845098040014257,-1.2477601157279041,1
9367,5.079582726507363,3.845098040014257,-1.234484686493106,8
9368,5.1661696452136265,3.845098040014257,-1.3210716051993696,3
9369,4.170106996705944,4.845098040014257,0.6749910433083128,1
9370,4.030246997585196,4.845098040014257,0.8148510424290611,9
9371,4.103191203502239,4.845098040014257,0.741906836512018,8
9372,3.993900600792486,4.845098040014257,0.8511974392217709,7
9373,3.954783244635001,4.845098040014257,0.8903147953792558,10
9374,4.916509023021402,4.845098040014257,-0.07141098300714521,3
9375,3.999933823541115,4.845098040014257,0.8451642164731421,5
9376,4.12157305485545,4.845098040014257,0.7235249851588073,2
9377,4.095345738699596,4.845098040014257,0.7497523013146612,6
9378,5.392950550435126,6.707570176097937,1.3146196256628109,8
9379,5.659649579401441,6.707570176097937,1.0479205966964953,4
9380,5.190344770798264,6.707570176097937,1.5172254052996728,5
9381,5.451759028417492,6.707570176097937,1.2558111476804443,1
9382,5.270225216710169,6.707570176097937,1.4373449593877679,10
9383,5.411722083947812,6.707570176097937,1.2958480921501243,6
9384,5.458503052915645,6.707570176097937,1.249067123182292,9
9385,5.370245751711295,6.707570176097937,1.337324424386642,2
9386,5.439698934517467,6.707570176097937,1.2678712415804698,3
9387,5.167042914420092,6.386677283960838,1.2196343695407457,2
9388,5.2137793443641405,6.386677283960838,1.1728979395966972,10
9389,5.270426641004802,6.386677283960838,1.116250642956036,8
9390,5.185540909060887,6.386677283960838,1.201136374899951,9
9391,5.193486546893836,6.386677283960838,1.1931907370670016,7
9392,5.334258866447052,6.386677283960838,1.0524184175137856,6
9393,5.264567757588123,6.386677283960838,1.1221095263727143,4
9394,5.201445661404992,6.386677283960838,1.185231622555846,3
9395,5.105432402606716,6.386677283960838,1.2812448813541213,5
9396,5.597168147546251,5.664641975556125,0.06747382800987456,4
9397,5.638169872944055,5.664641975556125,0.026472102612070003,1
9398,5.61583685943464,5.664641975556125,0.048805116121485526,6
9399,5.649967363626814,5.664641975556125,0.014674611929311077,9
9400,5.582407905301386,5.664641975556125,0.0822340702547395,2
9401,5.681893670653903,5.664641975556125,-0.017251695097777464,8
9402,5.560428255090589,5.664641975556125,0.10421372046553667,5
9403,5.62399095147156,5.664641975556125,0.040651024084565,3
9404,5.71964524380867,5.664641975556125,-0.05500326825254476,7
9405,4.734318886395927,4.342225229360791,-0.39209365703513654,7
9406,4.6484687978350445,4.342225229360791,-0.3062435684742537,10
9407,4.784842773721713,4.342225229360791,-0.44261754436092193,3
9408,4.570059672851818,4.342225229360791,-0.22783444349102755,2
9409,4.738493310106998,4.342225229360791,-0.3962680807462071,1
9410,4.6210826384045065,4.342225229360791,-0.2788574090437157,5
9411,4.599278449329487,4.342225229360791,-0.25705321996869657,6
9412,4.7690822682481295,4.342225229360791,-0.4268570388873387,4
9413,5.222958185673118,4.342225229360791,-0.8807329563123272,8
9414,4.967713085818918,5.672097857935717,0.7043847721167991,5
9415,5.064231651730712,5.672097857935717,0.6078662062050046,8
9416,5.111040046460437,5.672097857935717,0.5610578114752798,6
9417,5.10360397647124,5.672097857935717,0.5684938814644767,4
9418,5.252206319194575,5.672097857935717,0.41989153874114216,1
9419,4.9779583722938305,5.672097857935717,0.6941394856418865,10
9420,5.027305816700673,5.672097857935717,0.6447920412350445,7
9421,4.94813636847102,5.672097857935717,0.7239614894646973,9
9422,5.057263153225185,5.672097857935717,0.6148347047105318,3
9423,2.8977530909277998,3.083502619830268,0.18574952890246843,8
9424,2.7440636420008495,3.083502619830268,0.3394389778294187,7
9425,2.753953938097861,3.083502619830268,0.32954868173240737,9
9426,3.0580345242929834,3.083502619830268,0.025468095537284796,4
9427,3.075750697637059,3.083502619830268,0.007751922193209193,2
9428,2.8370157388000687,3.083502619830268,0.24648688103019945,3
9429,2.7444169617432443,3.083502619830268,0.33908565808702384,10
9430,2.8011166376124135,3.083502619830268,0.2823859822178547,1
9431,2.650449506100061,3.083502619830268,0.43305311373020716,6
9432,3.6996773730573516,3.3014640731433,-0.3982132999140515,4
9433,3.7344124344940566,3.3014640731433,-0.43294836135075654,2
9434,3.682073973533846,3.3014640731433,-0.3806099003905459,9
9435,3.7156720882967056,3.3014640731433,-0.41420801515340555,3
9436,3.749593105352314,3.3014640731433,-0.4481290322090139,6
9437,3.8242906029042616,3.3014640731433,-0.5228265297609616,5
9438,3.7519698357763924,3.3014640731433,-0.4505057626330924,10
9439,3.594648320294305,3.3014640731433,-0.2931842471510051,8
9440,3.7238763019699626,3.3014640731433,-0.4224122288266625,1
9441,6.09488122353267,5.987634987448437,-0.107246236084233,9
9442,6.057339759303439,5.987634987448437,-0.0697047718550019,5
9443,6.055150914345309,5.987634987448437,-0.06751592689687236,4
9444,6.0542225864963655,5.987634987448437,-0.06658759904792877,8
9445,6.067143768628544,5.987634987448437,-0.07950878118010696,6
9446,6.072236880334464,5.987634987448437,-0.08460189288602749,7
9447,6.018687472453847,5.987634987448437,-0.031052485005409913,10
9448,6.026921049132467,5.987634987448437,-0.03928606168403004,1
9449,5.926540960764939,5.987634987448437,0.06109402668349784,3
9450,6.387424825483557,6.506505032404872,0.11908020692131505,4
9451,6.334780956200728,6.506505032404872,0.17172407620414454,2
9452,6.377329510449158,6.506505032404872,0.12917552195571425,7
9453,6.425651606967812,6.506505032404872,0.08085342543706009,3
9454,6.406916258183774,6.506505032404872,0.09958877422109857,10
9455,6.349395900474742,6.506505032404872,0.1571091319301301,5
9456,6.377928789333286,6.506505032404872,0.12857624307158666,8
9457,6.413470798735646,6.506505032404872,0.09303423366922647,6
9458,6.460615805246352,6.506505032404872,0.045889227158520285,9
9459,6.019487728638877,6.068185861746161,0.048698133107284214,3
9460,6.183782570341936,6.068185861746161,-0.11559670859577498,1
9461,6.149473824494726,6.068185861746161,-0.08128796274856498,5
9462,6.215208042473962,6.068185861746161,-0.1470221807278005,6
9463,6.17219119499471,6.068185861746161,-0.10400533324854866,7
9464,6.19169217823865,6.068185861746161,-0.123506316492489,8
9465,6.191310818611973,6.068185861746161,-0.12312495686581215,9
9466,6.142892242165123,6.068185861746161,-0.07470638041896205,2
9467,6.1683701784673035,6.068185861746161,-0.10018431672114225,4
9468,5.506652121924127,5.509202522331103,0.0025504004069762942,3
9469,5.568134894506486,5.509202522331103,-0.058932372175383385,9
9470,5.46698181680453,5.509202522331103,0.042220705526572644,2
9471,5.482260086320322,5.509202522331103,0.02694243601078128,4
9472,5.518501292586151,5.509202522331103,-0.009298770255048439,1
9473,5.617164831888522,5.509202522331103,-0.10796230955741937,8
9474,5.430816854257327,5.509202522331103,0.07838566807377578,10
9475,5.588910894434039,5.509202522331103,-0.07970837210293613,5
9476,5.570806279448274,5.509202522331103,-0.06160375711717059,6
9477,5.863263589919785,5.673020907128897,-0.1902426827908883,4
9478,5.7255826264430505,5.673020907128897,-0.052561719314153876,2
9479,5.7669480430607605,5.673020907128897,-0.09392713593186386,1
9480,5.749475432009722,5.673020907128897,-0.07645452488082505,10
9481,5.7639971553695375,5.673020907128897,-0.09097624824064088,8
9482,5.781249525024881,5.673020907128897,-0.10822861789598459,9
9483,5.773624622569492,5.673020907128897,-0.10060371544059521,6
9484,5.782003063539725,5.673020907128897,-0.10898215641082842,7
9485,5.760174280661813,5.673020907128897,-0.08715337353291641,3
9486,5.800517813920959,5.892094602690481,0.09157678876952158,10
9487,5.867952313208924,5.892094602690481,0.02414228948155639,8
9488,5.87689371472658,5.892094602690481,0.015200887963900733,1
9489,5.937390261536247,5.892094602690481,-0.04529565884576581,7
9490,5.894556761572661,5.892094602690481,-0.0024621588821798213,2
9491,5.9274888651280415,5.892094602690481,-0.03539426243756072,3
9492,5.892265881100712,5.892094602690481,-0.0001712784102307907,4
9493,5.823258829393076,5.892094602690481,0.06883577329740476,9
9494,5.913071024213816,5.892094602690481,-0.020976421523335453,5
9495,5.895245260088805,5.673020907128897,-0.22222435295990817,2
9496,5.924728485401152,5.673020907128897,-0.25170757827225554,3
9497,5.903984507837697,5.673020907128897,-0.23096360070880007,10
9498,5.877903666084277,5.673020907128897,-0.20488275895538077,4
9499,5.886112308584203,5.673020907128897,-0.2130914014553067,8
9500,5.942705633466065,5.673020907128897,-0.269684726337168,1
9501,5.937470264844478,5.673020907128897,-0.26444935771558153,9
9502,6.008155594123162,5.673020907128897,-0.3351346869942651,5
9503,5.935418180532853,5.673020907128897,-0.26239727340395635,7
9504,5.942668095974661,6.207095540419218,0.26442744444455624,3
9505,5.958475235131469,6.207095540419218,0.2486203052877487,5
9506,5.958156664382367,6.207095540419218,0.24893887603685094,2
9507,5.869121926070371,6.207095540419218,0.3379736143488463,9
9508,5.926464864095487,6.207095540419218,0.28063067632373073,4
9509,5.957935297122875,6.207095540419218,0.2491602432963429,8
9510,5.9689508424482645,6.207095540419218,0.23814469797095317,1
9511,5.937626199814973,6.207095540419218,0.2694693406042443,6
9512,5.878166277011034,6.207095540419218,0.32892926340818374,7
9513,5.306610998489276,4.176091259055681,-1.1305197394335949,6
9514,5.318772800791253,4.176091259055681,-1.1426815417355716,2
9515,5.261696382303694,4.176091259055681,-1.0856051232480128,7
9516,5.588765330015372,4.176091259055681,-1.4126740709596906,1
9517,5.299868840227549,4.176091259055681,-1.1237775811718675,10
9518,5.314330118400363,4.176091259055681,-1.138238859344682,9
9519,5.3023156750993525,4.176091259055681,-1.1262244160436712,5
9520,5.319499094928343,4.176091259055681,-1.1434078358726616,8
9521,5.158298224475575,4.176091259055681,-0.9822069654198939,3
9522,5.886221700905685,5.146128035678238,-0.7400936652274472,5
9523,5.8750098940859985,5.146128035678238,-0.7288818584077603,2
9524,5.901512406463021,5.146128035678238,-0.7553843707847827,8
9525,5.916898066363084,5.146128035678238,-0.7707700306848455,6
9526,5.6972196473242604,5.146128035678238,-0.5510916116460223,10
9527,5.825512157534807,5.146128035678238,-0.679384121856569,9
9528,5.880640503791021,5.146128035678238,-0.7345124681127828,1
9529,5.831717251023521,5.146128035678238,-0.6855892153452832,3
9530,5.889538556792186,5.146128035678238,-0.7434105211139475,7
9531,5.980787431811383,6.533517862016968,0.5527304302055844,7
9532,6.119989408371075,6.533517862016968,0.41352845364589275,1
9533,5.988872598269477,6.533517862016968,0.5446452637474906,2
9534,6.005434806895352,6.533517862016968,0.5280830551216162,6
9535,6.034204084675637,6.533517862016968,0.49931377734133076,5
9536,5.989247116152762,6.533517862016968,0.544270745864206,3
9537,5.978784835326024,6.533517862016968,0.5547330266909443,8
9538,5.910127333473422,6.533517862016968,0.6233905285435455,10
9539,6.137383349355657,6.533517862016968,0.3961345126613107,4
9540,4.9645576924859816,4.4623979978989565,-0.502159694587025,4
9541,4.745616075975283,4.4623979978989565,-0.2832180780763265,3
9542,4.792985877850289,4.4623979978989565,-0.33058787995133265,10
9543,4.729774822662457,4.4623979978989565,-0.26737682476350066,7
9544,4.763618997098853,4.4623979978989565,-0.30122099919989687,2
9545,4.837400746454511,4.4623979978989565,-0.3750027485555547,1
9546,4.713360571705127,4.4623979978989565,-0.25096257380617004,5
9547,4.914968231421966,4.4623979978989565,-0.4525702335230095,6
9548,4.843173760676833,4.4623979978989565,-0.3807757627778763,8
9549,5.849753333471124,5.0,-0.8497533334711243,1
9550,5.816477166226046,5.0,-0.8164771662260462,4
9551,5.818919024982917,5.0,-0.8189190249829172,9
9552,5.789672242461577,5.0,-0.7896722424615774,2
9553,5.877348214336632,5.0,-0.8773482143366316,10
9554,5.865594571678043,5.0,-0.8655945716780433,6
9555,5.7579642783986875,5.0,-0.7579642783986875,5
9556,5.775776933034255,5.0,-0.7757769330342548,7
9557,5.77337726721151,5.0,-0.7733772672115098,8
9558,6.287493183726571,6.152288344383057,-0.13520483934351457,9
9559,6.169733835266459,6.152288344383057,-0.01744549088340186,10
9560,6.270698258838864,6.152288344383057,-0.11840991445580684,2
9561,6.29247949385857,6.152288344383057,-0.14019114947551348,5
9562,6.322359939354904,6.152288344383057,-0.17007159497184698,3
9563,6.224088179111344,6.152288344383057,-0.07179983472828688,4
9564,6.278779103224643,6.152288344383057,-0.12649075884158645,7
9565,6.299591091626876,6.152288344383057,-0.14730274724381953,1
9566,6.105650007558295,6.152288344383057,0.046638336824761595,6
9567,5.397121621884072,5.238522812218293,-0.15859880966577844,3
9568,5.6632354110054255,5.238522812218293,-0.4247125987871323,1
9569,5.637843828788788,5.238522812218293,-0.3993210165704948,8
9570,5.578986786412847,5.238522812218293,-0.3404639741945541,7
9571,5.605417358741149,5.238522812218293,-0.3668945465228557,2
9572,5.564450977001338,5.238522812218293,-0.3259281647830452,9
9573,5.5546106657477035,5.238522812218293,-0.31608785352941027,10
9574,5.598213011576266,5.238522812218293,-0.3596901993579724,5
9575,5.677414356270683,5.238522812218293,-0.4388915440523897,4
9576,5.637843828788788,5.639486489268586,0.0016426604797983302,8
9577,5.605417358741149,5.639486489268586,0.03406913052743743,2
9578,5.677414356270683,5.639486489268586,-0.037927867002096605,4
9579,5.716993340459249,5.639486489268586,-0.07750685119066247,6
9580,5.6632354110054255,5.639486489268586,-0.02374892173683918,1
9581,5.397121621884072,5.639486489268586,0.24236486738451468,3
9582,5.598213011576266,5.639486489268586,0.041273477692320704,5
9583,5.564450977001338,5.639486489268586,0.07503551226724792,9
9584,5.578986786412847,5.639486489268586,0.060499702855739024,7
9585,5.979717832903688,5.672097857935717,-0.3076199749679711,8
9586,5.986721005263633,5.672097857935717,-0.3146231473279162,4
9587,5.991889560845186,5.672097857935717,-0.3197917029094688,9
9588,5.968509276605628,5.672097857935717,-0.29641141866991116,2
9589,5.979281706748274,5.672097857935717,-0.30718384881255734,1
9590,5.98463528807144,5.672097857935717,-0.3125374301357233,3
9591,5.951353242978635,5.672097857935717,-0.2792553850429176,6
9592,5.894933092265642,5.672097857935717,-0.22283523432992514,10
9593,5.998875571903077,5.672097857935717,-0.3267777139673598,5
9594,6.053759656567578,6.176091259055681,0.12233160248810293,4
9595,5.88839698888335,6.176091259055681,0.28769427017233173,7
9596,5.969042979694882,6.176091259055681,0.20704827936079973,1
9597,5.919205726081526,6.176091259055681,0.25688553297415506,2
9598,5.909270070136917,6.176091259055681,0.2668211889187644,3
9599,5.855580510729479,6.176091259055681,0.3205107483262024,10
9600,5.878760416782102,6.176091259055681,0.2973308422735794,9
9601,5.943068155089959,6.176091259055681,0.23302310396572246,5
9602,5.876559801348993,6.176091259055681,0.29953145770668854,6
9603,5.417747975837267,5.774838005983815,0.35709003014654783,7
9604,5.262115197386485,5.774838005983815,0.5127228085973305,9
9605,5.383081537097072,5.774838005983815,0.39175646888674276,8
9606,5.436793366148356,5.774838005983815,0.3380446398354593,4
9607,5.540513186877689,5.774838005983815,0.23432481910612601,1
9608,5.500061045311189,5.774838005983815,0.274776960672626,10
9609,5.448374524296056,5.774838005983815,0.3264634816877594,3
9610,5.535232274059711,5.774838005983815,0.2396057319241045,2
9611,5.51125639512803,5.774838005983815,0.2635816108557849,5
9612,5.204713727651969,4.681241237375588,-0.5234724902763812,10
9613,5.3005311944326845,4.681241237375588,-0.6192899570570969,1
9614,5.196957656085968,4.681241237375588,-0.5157164187103804,7
9615,5.3274604183246215,4.681241237375588,-0.6462191809490339,8
9616,5.137997271521311,4.681241237375588,-0.4567560341457231,6
9617,5.2909669883503465,4.681241237375588,-0.6097257509747589,9
9618,5.250381540708196,4.681241237375588,-0.5691403033326088,3
9619,5.225911060541828,4.681241237375588,-0.5446698231662408,4
9620,5.386421315934922,4.681241237375588,-0.7051800785593345,5
9621,5.0581030685792205,4.017033339298781,-1.0410697292804398,10
9622,5.092610470673204,4.017033339298781,-1.0755771313744233,5
9623,4.991736309317698,4.017033339298781,-0.9747029700189174,3
9624,5.055306538247179,4.017033339298781,-1.0382731989483984,9
9625,4.989380347009385,4.017033339298781,-0.9723470077106047,7
9626,5.0726166610724714,4.017033339298781,-1.0555833217736907,4
9627,5.060688756102981,4.017033339298781,-1.0436554168042003,6
9628,5.111921301651051,4.017033339298781,-1.0948879623522707,1
9629,5.042590375365395,4.017033339298781,-1.0255570360666146,2
9630,5.710922725801276,6.123165370902919,0.4122426451016432,5
9631,5.794614797875571,6.123165370902919,0.32855057302734814,9
9632,5.808356116416406,6.123165370902919,0.3148092544865131,1
9633,5.742591957095153,6.123165370902919,0.3805734138077659,6
9634,5.785103294564762,6.123165370902919,0.338062076338157,3
9635,5.6550010895879925,6.123165370902919,0.4681642813149267,4
9636,5.772551806118231,6.123165370902919,0.3506135647846884,2
9637,5.782402519939526,6.123165370902919,0.34076285096339287,10
9638,5.699342139989981,6.123165370902919,0.42382323091293816,7
9639,5.987041779856808,6.835500327867319,0.8484585480105107,7
9640,6.036565401461988,6.835500327867319,0.7989349264053311,1
9641,6.008820973625405,6.835500327867319,0.8266793542419135,9
9642,5.983138354870751,6.835500327867319,0.8523619729965679,2
9643,6.021646476821288,6.835500327867319,0.8138538510460309,3
9644,6.105783746910083,6.835500327867319,0.7297165809572359,5
9645,5.989994361659728,6.835500327867319,0.8455059662075906,6
9646,6.005232314025889,6.835500327867319,0.8302680138414296,8
9647,6.047804535997857,6.835500327867319,0.7876957918694618,4
9648,5.828807333140525,6.078819183098848,0.25001184995832304,3
9649,5.94154696644731,6.078819183098848,0.13727221665153788,5
9650,5.846148625805802,6.078819183098848,0.2326705572930461,7
9651,5.820633207559288,6.078819183098848,0.25818597553956035,9
9652,5.695767869795536,6.078819183098848,0.3830513133033122,10
9653,5.778887848840998,6.078819183098848,0.2999313342578507,2
9654,5.858384910223109,6.078819183098848,0.2204342728757389,6
9655,5.9434198721727425,6.078819183098848,0.1353993109261058,4
9656,5.844219004928461,6.078819183098848,0.23460017817038725,1
9657,3.4317385744992315,3.633468455579586,0.20172988108035472,9
9658,3.6547618099432544,3.633468455579586,-0.021293354363668193,10
9659,3.448904360630314,3.633468455579586,0.1845640949492724,6
9660,3.566698494979638,3.633468455579586,0.06676996059994833,1
9661,3.564509231943839,3.633468455579586,0.06895922363574725,2
9662,3.6148598598646973,3.633468455579586,0.01860859571488893,8
9663,3.7156919615591124,3.633468455579586,-0.08222350597952621,3
9664,3.433710883723204,3.633468455579586,0.1997575718563822,7
9665,3.663572286054269,3.633468455579586,-0.03010383047468279,4
9666,5.158298224475575,6.278753600952829,1.1204553764772536,3
9667,5.480813827049135,6.278753600952829,0.7979397739036935,4
9668,5.314330118400363,6.278753600952829,0.9644234825524656,9
9669,5.261696382303694,6.278753600952829,1.0170572186491347,7
9670,5.319499094928343,6.278753600952829,0.9592545060244859,8
9671,5.318772800791253,6.278753600952829,0.9599808001615759,2
9672,5.3023156750993525,6.278753600952829,0.9764379258534763,5
9673,5.588765330015372,6.278753600952829,0.689988270937457,1
9674,5.299868840227549,6.278753600952829,0.97888476072528,10
9675,5.480813827049135,3.819872821950546,-1.6609410050985893,4
9676,5.158298224475575,3.819872821950546,-1.3384254025250293,3
9677,5.299868840227549,3.819872821950546,-1.479996018277003,10
9678,5.318772800791253,3.819872821950546,-1.498899978840707,2
9679,5.306610998489276,3.819872821950546,-1.4867381765387302,6
9680,5.261696382303694,3.819872821950546,-1.4418235603531482,7
9681,5.3023156750993525,3.819872821950546,-1.4824428531488065,5
9682,5.314330118400363,3.819872821950546,-1.4944572964498173,9
9683,5.319499094928343,3.819872821950546,-1.499626272977797,8
9684,6.027322784987597,6.32221929473392,0.294896509746323,1
9685,6.000467956168424,6.32221929473392,0.3217513385654964,7
9686,6.002444966504296,6.32221929473392,0.3197743282296246,4
9687,6.027109619197744,6.32221929473392,0.2951096755361764,6
9688,6.001671857751876,6.32221929473392,0.3205474369820447,9
9689,6.007444696881172,6.32221929473392,0.31477459785274853,3
9690,6.03305155005394,6.32221929473392,0.28916774467998074,5
9691,6.021392535720205,6.32221929473392,0.3008267590137157,2
9692,6.033040681005449,6.32221929473392,0.2891786137284713,8
9693,5.939610846506859,5.737272176535544,-0.202338669971315,4
9694,5.925176521819227,5.737272176535544,-0.18790434528368305,1
9695,5.861089576156067,5.737272176535544,-0.1238173996205223,2
9696,5.847563375472193,5.737272176535544,-0.11029119893664863,9
9697,5.921280553718625,5.737272176535544,-0.18400837718308072,7
9698,5.941588481286129,5.737272176535544,-0.20431630475058427,3
9699,5.90229363978976,5.737272176535544,-0.16502146325421574,6
9700,5.843335505955709,5.737272176535544,-0.10606332942016472,10
9701,5.9100078523187385,5.737272176535544,-0.17273567578319415,5
9702,5.047793112472983,3.886490725172482,-1.1613023873005015,3
9703,5.111076320544254,3.886490725172482,-1.2245855953717721,5
9704,5.0832615912658135,3.886490725172482,-1.1967708660933316,10
9705,5.04157507771578,3.886490725172482,-1.1550843525432986,2
9706,5.09064509983158,3.886490725172482,-1.204154374659098,7
9707,5.0377718894034595,3.886490725172482,-1.1512811642309777,6
9708,5.018418202469366,3.886490725172482,-1.1319274772968844,8
9709,5.1000471985835345,3.886490725172482,-1.2135564734110527,9
9710,5.198661179324546,3.886490725172482,-1.312170454152064,4
9711,5.260700417054328,5.797267540830717,0.5365671237763889,1
9712,5.325328318834712,5.797267540830717,0.4719392219960046,9
9713,4.986164719467945,5.797267540830717,0.8111028213627716,8
9714,5.460315953471612,5.797267540830717,0.33695158735910447,2
9715,5.720309955905489,5.797267540830717,0.07695758492522753,10
9716,5.495959992134939,5.797267540830717,0.30130754869577814,3
9717,5.458111097269752,5.797267540830717,0.33915644356096486,7
9718,5.396914499913384,5.797267540830717,0.4003530409173326,4
9719,5.443911207417857,5.797267540830717,0.35335633341285977,5
9720,5.456820030428911,5.371067862271736,-0.08575216815717557,8
9721,5.569340499994879,5.371067862271736,-0.19827263772314296,10
9722,5.552320588904534,5.371067862271736,-0.18125272663279812,7
9723,5.567642032436283,5.371067862271736,-0.19657417016454737,9
9724,5.58561359525039,5.371067862271736,-0.21454573297865398,3
9725,5.649750202838803,5.371067862271736,-0.27868234056706687,2
9726,5.740935856053652,5.371067862271736,-0.3698679937819165,1
9727,5.591752917913926,5.371067862271736,-0.22068505564219,4
9728,5.632458819862739,5.371067862271736,-0.2613909575910034,5
9729,5.280512132308379,5.647715410691554,0.3672032783831751,1
9730,5.234224033951095,5.647715410691554,0.41349137674045977,3
9731,5.229412236002611,5.647715410691554,0.4183031746889432,2
9732,5.257466068752398,5.647715410691554,0.39024934193915595,10
9733,5.282005207349835,5.647715410691554,0.36571020334171944,9
9734,5.315912052672698,5.647715410691554,0.3318033580188562,5
9735,5.180779035829216,5.647715410691554,0.4669363748623381,7
9736,5.2635723669968435,5.647715410691554,0.38414304369471086,4
9737,5.188455177086457,5.647715410691554,0.4592602336050975,6
9738,5.8016553291137924,4.872738827472669,-0.9289165016411234,1
9739,5.3638851946271355,4.872738827472669,-0.49114636715446647,6
9740,5.4017910783983085,4.872738827472669,-0.5290522509256395,5
9741,5.389575959808714,4.872738827472669,-0.516837132336045,3
9742,5.430445476749069,4.872738827472669,-0.5577066492764002,4
9743,5.283699219701406,4.872738827472669,-0.4109603922287368,9
9744,5.338639928893803,4.872738827472669,-0.4659011014211343,2
9745,5.301920779754904,4.872738827472669,-0.4291819522822351,8
9746,5.3249771872238,4.872738827472669,-0.4522383597511306,7
9747,6.006353338391449,7.332438459915605,1.326085121524156,10
9748,6.160461200136759,7.332438459915605,1.1719772597788456,6
9749,6.20954281059924,7.332438459915605,1.1228956493163649,9
9750,6.183906133468381,7.332438459915605,1.1485323264472242,7
9751,6.284716635086258,7.332438459915605,1.0477218248293472,3
9752,6.153163341047622,7.332438459915605,1.1792751188679826,5
9753,6.175075055458067,7.332438459915605,1.1573634044575378,2
9754,6.2139234740762985,7.332438459915605,1.1185149858393064,8
9755,6.193490165328836,7.332438459915605,1.1389482945867693,1
9756,3.5074301968686425,3.096910013008056,-0.41052018386058675,1
9757,3.5115700857334042,3.096910013008056,-0.41466007272534844,4
9758,3.570552688387255,3.096910013008056,-0.47364267537919913,8
9759,3.5609874382242332,3.096910013008056,-0.46407742521617745,2
9760,3.5580157065470477,3.096910013008056,-0.4611056935389919,7
9761,3.7471170268257645,3.096910013008056,-0.6502070138177087,5
9762,3.4425981808805295,3.096910013008056,-0.3456881678724737,9
9763,3.5555850378312357,3.096910013008056,-0.4586750248231799,3
9764,3.5819146802461934,3.096910013008056,-0.4850046672381376,10
9765,6.135025528274459,5.146128035678238,-0.9888974925962204,1
9766,6.236429110647729,5.146128035678238,-1.0903010749694912,9
9767,5.9682631388142715,5.146128035678238,-0.8221351031360333,7
9768,6.124356266619461,5.146128035678238,-0.9782282309412231,4
9769,6.130545009252279,5.146128035678238,-0.9844169735740405,5
9770,6.160482705357385,5.146128035678238,-1.0143546696791468,2
9771,6.161026258688951,5.146128035678238,-1.0148982230107126,8
9772,6.1283238709815775,5.146128035678238,-0.9821958353033393,10
9773,6.177672473115427,5.146128035678238,-1.031544437437189,3
9774,6.293306766720117,7.4271224218663345,1.1338156551462175,7
9775,6.275309880410839,7.4271224218663345,1.1518125414554952,8
9776,6.310594977805024,7.4271224218663345,1.1165274440613109,2
9777,6.274357145755445,7.4271224218663345,1.1527652761108893,6
9778,6.305352838338029,7.4271224218663345,1.1217695835283052,1
9779,6.232126753450531,7.4271224218663345,1.1949956684158032,4
9780,6.238539741556163,7.4271224218663345,1.1885826803101711,9
9781,6.298510896534422,7.4271224218663345,1.1286115253319124,5
9782,6.342900867532367,7.4271224218663345,1.0842215543339675,3
9783,6.015568803764611,5.0,-1.0155688037646113,3
9784,5.846655123123735,5.0,-0.8466551231237354,10
9785,5.874022714665485,5.0,-0.8740227146654851,4
9786,5.880168489799709,5.0,-0.8801684897997086,7
9787,6.0224637687312015,5.0,-1.0224637687312015,1
9788,6.009311278597112,5.0,-1.009311278597112,5
9789,5.93072992076915,5.0,-0.9307299207691502,6
9790,5.911317155951741,5.0,-0.9113171559517408,9
9791,5.9242292231048985,5.0,-0.9242292231048985,8
9792,6.532907381333678,7.860936620700094,1.3280292393664155,7
9793,6.635477505678324,7.860936620700094,1.2254591150217697,5
9794,6.640591594072177,7.860936620700094,1.2203450266279168,9
9795,6.674057413126025,7.860936620700094,1.1868792075740684,3
9796,6.625703804918195,7.860936620700094,1.2352328157818988,1
9797,6.618615796129097,7.860936620700094,1.2423208245709967,2
9798,6.752675793028555,7.860936620700094,1.1082608276715389,4
9799,6.520655412701225,7.860936620700094,1.3402812079988689,10
9800,6.65979520286059,7.860936620700094,1.2011414178395041,8
9801,6.040955790412153,5.174931593528442,-0.8660241968837106,2
9802,5.867726596006994,5.174931593528442,-0.6927950024785519,4
9803,6.001919088475626,5.174931593528442,-0.8269874949471836,6
9804,5.761734990530564,5.174931593528442,-0.5868033970021216,10
9805,6.02662177501833,5.174931593528442,-0.8516901814898876,5
9806,6.003306291766877,5.174931593528442,-0.8283746982384343,1
9807,6.016752099057134,5.174931593528442,-0.841820505528692,8
9808,5.910591762038808,5.174931593528442,-0.7356601685103659,7
9809,5.962065146906667,5.174931593528442,-0.7871335533782249,9
9810,7.011970823769657,8.09642333059527,1.0844525068256132,8
9811,7.00865726799836,8.09642333059527,1.08776606259691,6
9812,7.013047648407199,8.09642333059527,1.0833756821880707,2
9813,6.998928172368624,8.09642333059527,1.0974951582266463,9
9814,6.782639961835216,8.09642333059527,1.3137833687600544,10
9815,7.0571517945802,8.09642333059527,1.03927153601507,1
9816,7.019440488402805,8.09642333059527,1.0769828421924652,4
9817,7.008354077308724,8.09642333059527,1.0880692532865464,7
9818,6.955612252202292,8.09642333059527,1.1408110783929777,3
9819,5.976492872294771,6.021189299069938,0.044696426775167275,9
9820,6.113874382290863,6.021189299069938,-0.09268508322092472,6
9821,6.0756934895472545,6.021189299069938,-0.05450419047731625,5
9822,6.1835286760310195,6.021189299069938,-0.16233937696108125,3
9823,6.013311148633637,6.021189299069938,0.007878150436301468,10
9824,6.022918591962287,6.021189299069938,-0.0017292928923486883,8
9825,6.153777389794494,6.021189299069938,-0.13258809072455602,7
9826,6.06010970120696,6.021189299069938,-0.038920402137021526,2
9827,6.088579686102886,6.021189299069938,-0.06739038703294753,1
9828,5.554198429896636,5.729326809646861,0.175128379750225,3
9829,5.279232730509128,5.729326809646861,0.4500940791377328,6
9830,5.354465844943531,5.729326809646861,0.37486096470332964,5
9831,5.430295547729423,5.729326809646861,0.29903126191743823,1
9832,5.359838713879348,5.729326809646861,0.3694880957675126,10
9833,5.5224716333080215,5.729326809646861,0.20685517633883954,2
9834,5.290468732888124,5.729326809646861,0.4388580767587369,9
9835,5.567842727615112,5.729326809646861,0.16148408203174913,7
9836,5.3454670236227635,5.729326809646861,0.38385978602409754,4
9837,5.385370721336603,5.346352974450639,-0.039017746885964044,2
9838,5.476939823621425,5.346352974450639,-0.13058684917078622,1
9839,5.309061530731817,5.346352974450639,0.037291443718821427,7
9840,5.443889173800314,5.346352974450639,-0.09753619934967528,4
9841,5.47686228978276,5.346352974450639,-0.1305093153321213,6
9842,5.564610253450644,5.346352974450639,-0.2182572790000048,3
9843,5.439677530114942,5.346352974450639,-0.09332455566430298,8
9844,5.31032325884525,5.346352974450639,0.036029715605389256,9
9845,5.38162845231936,5.346352974450639,-0.035275477868720984,10
9846,5.335665145425969,5.149527013754348,-0.18613813167162085,3
9847,5.384139217585862,5.149527013754348,-0.2346122038315137,5
9848,5.3889259028897865,5.149527013754348,-0.2393988891354386,6
9849,5.352440896395643,5.149527013754348,-0.20291388264129484,8
9850,5.3115265295970175,5.149527013754348,-0.1619995158426697,1
9851,5.242545226465904,5.149527013754348,-0.09301821271155575,7
9852,5.338589940422949,5.149527013754348,-0.18906292666860125,10
9853,5.381317348250249,5.149527013754348,-0.23179033449590136,9
9854,5.284383656367564,5.149527013754348,-0.13485664261321606,2
9855,5.246915798014556,5.2552725051033065,0.008356707088750248,6
9856,5.197432385116301,5.2552725051033065,0.05784011998700578,7
9857,5.104606792316898,5.2552725051033065,0.1506657127864086,9
9858,5.227446226281899,5.2552725051033065,0.027826278821407868,2
9859,5.183029643821203,5.2552725051033065,0.07224286128210355,3
9860,5.280494710644185,5.2552725051033065,-0.02522220554087884,4
9861,5.230022502015192,5.2552725051033065,0.025250003088114426,5
9862,5.598363087812358,5.2552725051033065,-0.3430905827090518,1
9863,5.281210981239116,5.2552725051033065,-0.025938476135809907,8
9864,5.876619209948958,6.176091259055681,0.29947204910672376,5
9865,5.836431914201266,6.176091259055681,0.3396593448544154,7
9866,5.983149177125936,6.176091259055681,0.19294208192974516,1
9867,5.796359382039897,6.176091259055681,0.37973187701578404,2
9868,5.839766820596505,6.176091259055681,0.3363244384591759,9
9869,5.714672528233448,6.176091259055681,0.46141873082223306,4
9870,5.931793238486123,6.176091259055681,0.24429802056955818,6
9871,5.88671085380204,6.176091259055681,0.2893804052536417,8
9872,5.80466250941972,6.176091259055681,0.3714287496359612,10
9873,5.294962054123303,5.301029995663981,0.0060679415406781345,8
9874,5.197013644586286,5.301029995663981,0.10401635107769547,1
9875,5.281033161868713,5.301029995663981,0.019996833795268287,6
9876,5.155086522637654,5.301029995663981,0.14594347302632737,5
9877,5.091720536368343,5.301029995663981,0.20930945929563816,3
9878,5.177621432287732,5.301029995663981,0.12340856337624917,9
9879,5.130686981237693,5.301029995663981,0.17034301442628852,4
9880,5.068350636947677,5.301029995663981,0.23267935871630385,10
9881,5.062229488433786,5.301029995663981,0.23880050723019508,2
9882,3.3471123164478893,2.6989700043360187,-0.6481423121118706,10
9883,3.365578593615126,2.6989700043360187,-0.6666085892791074,4
9884,3.3464029351366182,2.6989700043360187,-0.6474329308005995,3
9885,3.278931081648393,2.6989700043360187,-0.5799610773123742,2
9886,3.2534980223172174,2.6989700043360187,-0.5545280179811987,8
9887,3.2959224102243967,2.6989700043360187,-0.596952405888378,9
9888,3.304531109703006,2.6989700043360187,-0.6055611053669874,1
9889,3.430220320920796,2.6989700043360187,-0.7312503165847772,6
9890,3.266814777891224,2.6989700043360187,-0.5678447735552052,5
9891,2.4297986270821057,3.0791812460476247,0.649382618965519,7
9892,2.6105369695430367,3.0791812460476247,0.46864427650458795,5
9893,2.5069517425977974,3.0791812460476247,0.5722295034498273,3
9894,2.459064744660599,3.0791812460476247,0.6201165013870256,2
9895,2.4597304866446885,3.0791812460476247,0.6194507594029361,1
9896,2.5543381996580625,3.0791812460476247,0.5248430463895621,9
9897,2.620983789370633,3.0791812460476247,0.4581974566769915,6
9898,2.524365230152033,3.0791812460476247,0.5548160158955917,4
9899,2.4059809159772785,3.0791812460476247,0.6732003300703462,10
9900,3.3583259640695875,2.615529223637133,-0.7427967404324547,9
9901,3.279563359311666,2.615529223637133,-0.6640341356745334,2
9902,3.5143113179065737,2.615529223637133,-0.8987820942694409,7
9903,3.310582774033561,2.615529223637133,-0.6950535503964281,10
9904,3.418785644470493,2.615529223637133,-0.8032564208333604,3
9905,3.39566725472708,2.615529223637133,-0.7801380310899471,4
9906,3.26131747615799,2.615529223637133,-0.6457882525208571,8
9907,3.3321047106055137,2.615529223637133,-0.7165754869683809,1
9908,3.3822714806745453,2.615529223637133,-0.7667422570374125,5
9909,3.6290261532031036,2.650501794878367,-0.9785243583247367,10
9910,3.869233279027733,2.650501794878367,-1.218731484149366,7
9911,3.6863183837348092,2.650501794878367,-1.0358165888564423,4
9912,3.5016343414925655,2.650501794878367,-0.8511325466141986,8
9913,3.7090736317748605,2.650501794878367,-1.0585718368964936,2
9914,3.704429596178413,2.650501794878367,-1.0539278013000462,1
9915,3.699349947740761,2.650501794878367,-1.0488481528623943,9
9916,3.75521713957388,2.650501794878367,-1.1047153446955131,6
9917,3.6668270862830057,2.650501794878367,-1.0163252914046388,3
9918,3.481924478254914,2.630427875025024,-0.8514966032298901,10
9919,3.5806562445066112,2.630427875025024,-0.9502283694815872,6
9920,3.411882122445063,2.630427875025024,-0.7814542474200388,1
9921,3.360321048919126,2.630427875025024,-0.7298931738941019,2
9922,3.369370351694056,2.630427875025024,-0.738942476669032,5
9923,3.439799956575452,2.630427875025024,-0.809372081550428,4
9924,3.4094835578614955,2.630427875025024,-0.7790556828364714,9
9925,3.5646695008541656,2.630427875025024,-0.9342416258291415,7
9926,3.280288837520717,2.630427875025024,-0.6498609624956928,8
9927,3.6618561293970506,3.556302500767288,-0.10555362862976247,7
9928,3.3739392666264565,3.556302500767288,0.18236323414083166,2
9929,3.436975985148766,3.556302500767288,0.11932651561852214,10
9930,3.4217156673144937,3.556302500767288,0.13458683345279443,3
9931,3.3918451043239153,3.556302500767288,0.16445739644337287,9
9932,3.448718924474731,3.556302500767288,0.10758357629255721,4
9933,3.519683081269086,3.556302500767288,0.036619419498202355,6
9934,3.320585759892981,3.556302500767288,0.23571674087430727,8
9935,3.336393604087954,3.556302500767288,0.2199088966793341,5
9936,3.2534980223172174,2.9912260756924947,-0.26227194662472275,8
9937,3.5267795265921844,2.9912260756924947,-0.5355534508996898,7
9938,3.304531109703006,2.9912260756924947,-0.31330503401051146,1
9939,3.278931081648393,2.9912260756924947,-0.2877050059558983,2
9940,3.2959224102243967,2.9912260756924947,-0.30469633453190204,9
9941,3.430220320920796,2.9912260756924947,-0.4389942452283013,6
9942,3.266814777891224,2.9912260756924947,-0.27558870219872933,5
9943,3.365578593615126,2.9912260756924947,-0.37435251792263147,4
9944,3.3464029351366182,2.9912260756924947,-0.3551768594441236,3
9945,3.813028486386328,2.9474337218870508,-0.8655947644992774,6
9946,3.7973013896235215,2.9474337218870508,-0.8498676677364707,10
9947,3.670364597383478,2.9474337218870508,-0.7229308754964272,1
9948,3.7705800731102066,2.9474337218870508,-0.8231463512231558,8
9949,3.9217564495470363,2.9474337218870508,-0.9743227276599855,4
9950,3.9207925830153516,2.9474337218870508,-0.9733588611283008,7
9951,3.727640530450435,2.9474337218870508,-0.7802068085633844,9
9952,3.7632704235937187,2.9474337218870508,-0.8158367017066679,5
9953,3.8510253740708347,2.9474337218870508,-0.9035916521837839,2
9954,3.1246843241933164,3.4885507165004443,0.3638663923071279,9
9955,3.34741686990808,3.4885507165004443,0.14113384659236416,10
9956,3.411634504302642,3.4885507165004443,0.0769162121978022,3
9957,3.389547168353178,3.4885507165004443,0.09900354814726642,4
9958,3.2715918661749,3.4885507165004443,0.21695885032554418,7
9959,3.264585121960235,3.4885507165004443,0.22396559454020926,2
9960,3.253843670609413,3.4885507165004443,0.2347070458910312,1
9961,3.235704552436792,3.4885507165004443,0.25284616406365235,8
9962,3.231949478083081,3.4885507165004443,0.2566012384173635,5
9963,3.8349816965047223,3.510545010206612,-0.3244366862981103,9
9964,4.012470540998313,3.510545010206612,-0.5019255307917012,5
9965,4.015999993029472,3.510545010206612,-0.5054549828228598,2
9966,4.072990945639708,3.510545010206612,-0.5624459354330957,6
9967,4.073673972414175,3.510545010206612,-0.5631289622075633,1
9968,4.272784947974394,3.510545010206612,-0.7622399377677818,3
9969,4.022695848713929,3.510545010206612,-0.512150838507317,10
9970,4.30683219075922,3.510545010206612,-0.7962871805526079,7
9971,4.033005317940099,3.510545010206612,-0.5224603077334873,8
9972,3.5292975921545144,2.419955748489758,-1.1093418436647564,8
9973,3.53898268798528,2.419955748489758,-1.1190269394955221,5
9974,3.497287739894472,2.419955748489758,-1.077331991404714,10
9975,3.561853901629398,2.419955748489758,-1.14189815313964,6
9976,3.498542203382958,2.419955748489758,-1.0785864548932,1
9977,3.423913467590592,2.419955748489758,-1.0039577191008338,2
9978,3.679557020116469,2.419955748489758,-1.2596012716267109,7
9979,3.4596454095581035,2.419955748489758,-1.0396896610683455,9
9980,3.5720934103111865,2.419955748489758,-1.1521376618214285,3
9981,5.75105788672879,5.278753600952829,-0.4723042857759614,10
9982,5.773118986408678,5.278753600952829,-0.49436538545584874,5
9983,5.727721909148685,5.278753600952829,-0.4489683081958562,2
9984,5.691251201756033,5.278753600952829,-0.41249760080320375,7
9985,5.719239241760061,5.278753600952829,-0.44048564080723196,8
9986,5.749648911852859,5.278753600952829,-0.4708953109000298,3
9987,5.692262713311125,5.278753600952829,-0.41350911235829635,4
9988,5.742326419450964,5.278753600952829,-0.46357281849813514,6
9989,5.776704196691271,5.278753600952829,-0.497950595738442,1
9990,5.768584481813277,6.004321373782642,0.2357368919693652,9
9991,5.7860186168042,6.004321373782642,0.21830275697844215,2
9992,5.841689616196762,6.004321373782642,0.16263175758588044,6
9993,5.722373795678231,6.004321373782642,0.2819475781044112,5
9994,5.789536169545497,6.004321373782642,0.21478520423714542,3
9995,5.8506249069918415,6.004321373782642,0.15369646679080073,8
9996,5.808273563313196,6.004321373782642,0.1960478104694463,7
9997,5.854314618680556,6.004321373782642,0.15000675510208605,10
9998,5.856229778323291,6.004321373782642,0.14809159545935113,1
9999,5.809298108897071,6.176091259055681,0.36679315015861036,1
10000,5.723799081210853,6.176091259055681,0.45229217784482856,2
10001,5.727239149207655,6.176091259055681,0.44885210984802626,6
10002,5.703149305314016,6.176091259055681,0.4729419537416657,9
10003,5.7420964495203,6.176091259055681,0.43399480953538117,8
10004,5.660568977538031,6.176091259055681,0.5155222815176508,5
10005,5.66703630709613,6.176091259055681,0.5090549519595511,7
10006,5.7955678442054,6.176091259055681,0.3805234148502814,10
10007,5.705983216518865,6.176091259055681,0.4701080425368165,3
10008,4.299200254230172,5.008600171761918,0.709399917531746,7
10009,4.505354400076308,5.008600171761918,0.5032457716856102,8
10010,4.2979409313694745,5.008600171761918,0.7106592403924434,3
10011,4.296553414233535,5.008600171761918,0.7120467575283831,6
10012,4.507179316109859,5.008600171761918,0.501420855652059,5
10013,4.5496698963944695,5.008600171761918,0.45893027536744846,2
10014,4.484267571721611,5.008600171761918,0.5243326000403066,10
10015,4.328306755807807,5.008600171761918,0.680293415954111,1
10016,4.257064538964784,5.008600171761918,0.7515356327971343,9
10017,6.147549222015559,5.819543935541868,-0.3280052864736911,7
10018,5.941055532284256,5.819543935541868,-0.12151159674238787,6
10019,6.110398606948431,5.819543935541868,-0.29085467140656274,3
10020,6.042291530487488,5.819543935541868,-0.2227475949456199,2
10021,6.084882152177659,5.819543935541868,-0.26533821663579094,8
10022,6.1326551139152565,5.819543935541868,-0.3131111783733882,10
10023,6.058936222184034,5.819543935541868,-0.2393922866421656,4
10024,6.031604649387654,5.819543935541868,-0.2120607138457853,9
10025,6.076547828129987,5.819543935541868,-0.25700389258811907,5
10026,5.815665298180301,5.600972895686748,-0.2146924024935526,6
10027,5.856732361051922,5.600972895686748,-0.25575946536517336,9
10028,5.85297503562247,5.600972895686748,-0.25200213993572174,5
10029,5.820432441250057,5.600972895686748,-0.21945954556330882,7
10030,5.8459333524301,5.600972895686748,-0.24496045674335143,4
10031,5.833749267163204,5.600972895686748,-0.23277637147645525,8
10032,5.789705301202506,5.600972895686748,-0.18873240551575776,2
10033,5.853497683712088,5.600972895686748,-0.2525247880253394,10
10034,5.7944226742788665,5.600972895686748,-0.1934497785921181,3
10035,6.022803900318373,6.4623979978989565,0.4395940975805832,10
10036,6.096405510287085,6.4623979978989565,0.3659924876118712,7
10037,5.993615910497545,6.4623979978989565,0.4687820874014115,3
10038,5.963908863647262,6.4623979978989565,0.4984891342516944,9
10039,6.042177635128336,6.4623979978989565,0.42022036277062025,5
10040,6.018989489942658,6.4623979978989565,0.44340850795629816,1
10041,6.028602119830126,6.4623979978989565,0.4337958780688309,4
10042,6.028828715788783,6.4623979978989565,0.43356928211017376,2
10043,5.963118891952204,6.4623979978989565,0.4992791059467523,6
10044,2.307985985369564,2.886490725172482,0.5785047398029177,8
10045,2.198640154127902,2.886490725172482,0.6878505710445797,4
10046,1.9773105071798163,2.886490725172482,0.9091802179926656,10
10047,2.189915545926803,2.886490725172482,0.6965751792456789,2
10048,2.3417572501441253,2.886490725172482,0.5447334750283566,9
10049,2.26824986797117,2.886490725172482,0.6182408572013118,6
10050,2.250069318167692,2.886490725172482,0.6364214070047898,5
10051,2.2156980940920534,2.886490725172482,0.6707926310804284,1
10052,2.22845580857244,2.886490725172482,0.6580349166000419,7
10053,6.101975765805389,6.3979400086720375,0.29596424286664824,6
10054,6.162609790535063,6.3979400086720375,0.23533021813697452,1
10055,6.112860849224821,6.3979400086720375,0.28507915944721685,9
10056,6.269846136575641,6.3979400086720375,0.12809387209639667,8
10057,6.159279789932828,6.3979400086720375,0.23866021873920928,2
10058,6.147472088783277,6.3979400086720375,0.25046791988876027,3
10059,6.161378728282244,6.3979400086720375,0.23656128038979318,5
10060,6.157644595370339,6.3979400086720375,0.24029541330169835,10
10061,6.151044546121178,6.3979400086720375,0.24689546255085926,4
10062,6.40388589390885,6.3979400086720375,-0.005945885236812387,10
10063,6.389818770063927,6.3979400086720375,0.008121238608110204,2
10064,6.199370930014284,6.3979400086720375,0.1985690786577532,1
10065,6.345851896939038,6.3979400086720375,0.05208811173299921,3
10066,6.394821004913693,6.3979400086720375,0.0031190037583446184,8
10067,6.419044606849538,6.3979400086720375,-0.021104598177500655,5
10068,6.3338864824569425,6.3979400086720375,0.06405352621509497,6
10069,6.399310100708648,6.3979400086720375,-0.0013700920366108704,9
10070,6.457269243709859,6.3979400086720375,-0.05932923503782117,4
10071,6.2448535181771625,6.246498580795801,0.0016450626186381712,5
10072,6.322960702686416,6.246498580795801,-0.07646212189061519,6
10073,6.324524964527662,6.246498580795801,-0.07802638373186177,9
10074,6.306096331749407,6.246498580795801,-0.05959775095360609,4
10075,6.249327056904727,6.246498580795801,-0.0028284761089265587,2
10076,6.284217612053115,6.246498580795801,-0.03771903125731413,7
10077,6.312724933490723,6.246498580795801,-0.0662263526949225,10
10078,6.268043023160583,6.246498580795801,-0.02154444236478259,3
10079,6.211744957141819,6.246498580795801,0.034753623653982046,1
10080,5.800123883174435,5.286613631657004,-0.513510251517431,8
10081,5.8159472887649315,5.286613631657004,-0.5293336571079275,5
10082,5.80158513380156,5.286613631657004,-0.5149715021445562,3
10083,5.908418394458194,5.286613631657004,-0.6218047628011902,7
10084,5.859798755313278,5.286613631657004,-0.5731851236562742,1
10085,5.7406652029367775,5.286613631657004,-0.45405157127977347,9
10086,5.743214432502561,5.286613631657004,-0.4566008008455569,10
10087,5.772418652772779,5.286613631657004,-0.48580502111577495,6
10088,5.7861169767734495,5.286613631657004,-0.49950334511644545,2
10089,5.867756625900934,6.079181246047625,0.2114246201466914,9
10090,5.939914226317093,6.079181246047625,0.13926701973053213,4
10091,5.93096391973505,6.079181246047625,0.148217326312575,8
10092,5.891779769020924,6.079181246047625,0.18740147702670118,6
10093,5.915265693372093,6.079181246047625,0.16391555267553226,10
10094,5.921991379020698,6.079181246047625,0.1571898670269274,7
10095,5.957257755864163,6.079181246047625,0.12192349018346249,1
10096,5.920132184412669,6.079181246047625,0.15904906163495625,3
10097,5.91844407663475,6.079181246047625,0.16073716941287497,2
10098,4.468013098690681,3.886490725172482,-0.5815223735181996,10
10099,4.334658662493153,3.886490725172482,-0.44816793732067106,4
10100,4.783859491799481,3.886490725172482,-0.8973687666269989,3
10101,4.36339550074131,3.886490725172482,-0.4769047755688285,5
10102,4.3524932474292735,3.886490725172482,-0.4660025222567916,6
10103,4.502056236988495,3.886490725172482,-0.6155655118160133,7
10104,4.484110867745282,3.886490725172482,-0.5976201425728003,8
10105,4.3790356462104425,3.886490725172482,-0.49254492103796066,1
10106,4.460627775559041,3.886490725172482,-0.5741370503865588,2
10107,5.826312754198089,5.698970004336019,-0.12734274986206984,1
10108,5.892584471493365,5.698970004336019,-0.19361446715734587,3
10109,5.843568075366404,5.698970004336019,-0.14459807103038536,2
10110,5.462298230877472,5.698970004336019,0.2366717734585464,4
10111,5.954795655735606,5.698970004336019,-0.25582565139958735,9
10112,5.910331029546914,5.698970004336019,-0.21136102521089484,6
10113,5.849794636724631,5.698970004336019,-0.15082463238861266,7
10114,5.898295704530752,5.698970004336019,-0.19932570019473328,5
10115,5.917752719786001,5.698970004336019,-0.21878271544998196,8
10116,5.892459554835174,5.704150516839799,-0.18830903799537513,4
10117,5.853540471994749,5.704150516839799,-0.14938995515495002,2
10118,5.692552309327836,5.704150516839799,0.0115982075119625,9
10119,5.909926063921276,5.704150516839799,-0.20577554708147705,10
10120,5.825874740958762,5.704150516839799,-0.12172422411896289,3
10121,5.919860093576887,5.704150516839799,-0.2157095767370878,1
10122,5.783477792005018,5.704150516839799,-0.07932727516521965,6
10123,5.8405584906291095,5.704150516839799,-0.1364079737893107,8
10124,5.91772724766262,5.704150516839799,-0.21357673082282158,7
10125,5.6861763899736575,5.260071387985075,-0.42610500198858237,8
10126,5.741406353928754,5.260071387985075,-0.4813349659436792,9
10127,5.778970711920224,5.260071387985075,-0.5188993239351491,1
10128,5.610285740670704,5.260071387985075,-0.3502143526856285,6
10129,5.6370735183312215,5.260071387985075,-0.3770021303461464,10
10130,5.7835193204286846,5.260071387985075,-0.5234479324436094,5
10131,5.73037118887104,5.260071387985075,-0.47029980088596446,7
10132,5.796519425091733,5.260071387985075,-0.5364480371066582,3
10133,5.723605420663244,5.260071387985075,-0.46353403267816873,4
10134,6.286976390474108,5.738066714777469,-0.5489096756966392,9
10135,6.141708410403553,5.738066714777469,-0.4036416956260842,6
10136,6.330320825270067,5.738066714777469,-0.5922541104925978,3
10137,6.213555723568348,5.738066714777469,-0.47548900879087874,2
10138,6.2180956264528735,5.738066714777469,-0.4800289116754044,7
10139,6.402428723046887,5.738066714777469,-0.6643620082694177,4
10140,6.286347071608618,5.738066714777469,-0.5482803568311487,5
10141,6.390359264836032,5.738066714777469,-0.6522925500585632,8
10142,6.305859439550963,5.738066714777469,-0.5677927247734935,1
10143,6.166513636223911,6.146128035678238,-0.020385600545672844,9
10144,6.1510375507701545,6.146128035678238,-0.004909515091916283,1
10145,6.162550435597146,6.146128035678238,-0.016422399918908148,6
10146,6.1848763072599,6.146128035678238,-0.03874827158166205,4
10147,6.1621213933145755,6.146128035678238,-0.015993357636337358,2
10148,6.180425786691969,6.146128035678238,-0.03429775101373078,7
10149,6.149791713790625,6.146128035678238,-0.003663678112387103,3
10150,6.184071335380847,6.146128035678238,-0.03794329970260879,5
10151,6.192685003172847,6.146128035678238,-0.04655696749460869,10
10152,5.002332766440732,4.477121254719663,-0.5252115117210696,10
10153,4.989278999340543,4.477121254719663,-0.5121577446208807,6
10154,5.264955765820522,4.477121254719663,-0.7878345111008596,3
10155,5.077707785345509,4.477121254719663,-0.6005865306258462,9
10156,5.03298426102047,4.477121254719663,-0.5558630063008074,1
10157,5.034409106364723,4.477121254719663,-0.5572878516450608,4
10158,5.082359856382741,4.477121254719663,-0.6052386016630784,8
10159,5.018075259326737,4.477121254719663,-0.540954004607074,5
10160,5.22519768705113,4.477121254719663,-0.7480764323314677,2
10161,5.987721565890992,6.278753600952829,0.2910320350618365,4
10162,6.032305039888457,6.278753600952829,0.24644856106437185,7
10163,5.964619477134658,6.278753600952829,0.31413412381817096,5
10164,6.010971365165346,6.278753600952829,0.2677822357874833,1
10165,5.948504587629184,6.278753600952829,0.33024901332364465,3
10166,5.909431045983922,6.278753600952829,0.36932255496890676,2
10167,5.922313353825329,6.278753600952829,0.3564402471274999,6
10168,5.936529010549764,6.278753600952829,0.34222459040306497,9
10169,5.922875637879481,6.278753600952829,0.35587796307334774,8
10170,6.238759716513805,6.365487984890899,0.12672826837709472,1
10171,6.221015972748895,6.365487984890899,0.14447201214200422,3
10172,6.205392123738283,6.365487984890899,0.16009586115261598,2
10173,6.234167881077916,6.365487984890899,0.13132010381298365,9
10174,6.102795087204767,6.365487984890899,0.262692897686132,8
10175,6.228442991703511,6.365487984890899,0.13704499318738872,4
10176,6.241901871237679,6.365487984890899,0.12358611365322059,7
10177,6.201104443334151,6.365487984890899,0.16438354155674872,6
10178,6.204995414521637,6.365487984890899,0.16049257036926257,5
10179,6.2365019676614715,6.447158031342219,0.21065606368074796,3
10180,6.253908969542038,6.447158031342219,0.19324906180018164,4
10181,6.233005448503693,6.447158031342219,0.21415258283852623,5
10182,6.2215562678643686,6.447158031342219,0.22560176347785088,2
10183,6.261782226963498,6.447158031342219,0.18537580437872148,7
10184,6.16307958416092,6.447158031342219,0.28407844718129915,10
10185,6.267167066388162,6.447158031342219,0.1799909649540572,1
10186,6.297654349699116,6.447158031342219,0.14950368164310301,9
10187,6.200643632942013,6.447158031342219,0.2465143984002065,8
10188,5.997355060516988,6.0,0.002644939483012365,2
10189,6.037345805835326,6.0,-0.03734580583532576,5
10190,5.975437180741704,6.0,0.024562819258296287,10
10191,6.012417097067796,6.0,-0.012417097067795702,4
10192,5.965447553178916,6.0,0.034552446821083826,8
10193,5.961749379410474,6.0,0.03825062058952611,1
10194,5.939901341462223,6.0,0.06009865853777718,6
10195,6.017328295074861,6.0,-0.017328295074861444,9
10196,6.013790178343159,6.0,-0.013790178343159099,7
10197,5.92301812068989,6.3979400086720375,0.4749218879821475,10
10198,5.944250959770213,6.3979400086720375,0.4536890489018246,5
10199,6.137461957080817,6.3979400086720375,0.26047805159122017,1
10200,5.948178344996982,6.3979400086720375,0.4497616636750559,3
10201,5.9159449497639445,6.3979400086720375,0.481995058908093,9
10202,5.895555821770048,6.3979400086720375,0.5023841869019892,2
10203,5.946616425847565,6.3979400086720375,0.4513235828244726,6
10204,5.993802537035825,6.3979400086720375,0.4041374716362123,7
10205,5.916341089700824,6.3979400086720375,0.48159891897121376,8
10206,5.688038404207546,5.938919812244772,0.2508814080372259,9
10207,5.537123216067705,5.938919812244772,0.40179659617706687,7
10208,5.465595513362248,5.938919812244772,0.4733242988825239,3
10209,5.571434388414731,5.938919812244772,0.36748542383004157,4
10210,5.392561238688295,5.938919812244772,0.5463585735564775,8
10211,5.442839350331576,5.938919812244772,0.49608046191319577,10
10212,5.481809764586684,5.938919812244772,0.45711004765808827,6
10213,5.429391437173386,5.938919812244772,0.5095283750713859,5
10214,5.525522935616141,5.938919812244772,0.41339687662863156,2
10215,5.796526091291558,5.484299839346786,-0.3122262519447725,7
10216,5.759773329660756,5.484299839346786,-0.2754734903139697,6
10217,5.778404191075813,5.484299839346786,-0.29410435172902716,1
10218,5.6121374125503785,5.484299839346786,-0.12783757320359257,3
10219,5.765671753878011,5.484299839346786,-0.281371914531225,8
10220,5.785106517240951,5.484299839346786,-0.3008066778941654,10
10221,5.770036754912298,5.484299839346786,-0.2857369155655123,5
10222,5.755737992245562,5.484299839346786,-0.27143815289877615,2
10223,5.78286542065021,5.484299839346786,-0.29856558130342403,4
10224,6.237475330988505,7.301029995663981,1.0635546646754763,5
10225,6.10601269800915,7.301029995663981,1.1950172976548314,8
10226,6.17742096064786,7.301029995663981,1.1236090350161216,2
10227,6.184153548852398,7.301029995663981,1.1168764468115828,1
10228,6.257275825050719,7.301029995663981,1.043754170613262,3
10229,6.3008626342175775,7.301029995663981,1.0001673614464037,7
10230,6.234099127318881,7.301029995663981,1.0669308683451,4
10231,6.232098952450909,7.301029995663981,1.0689310432130723,10
10232,6.197465606610005,7.301029995663981,1.1035643890539761,6
10233,5.852250627040454,5.954242509439325,0.10199188239887125,10
10234,5.837695582094431,5.954242509439325,0.1165469273448938,2
10235,5.867012734516146,5.954242509439325,0.08722977492317963,1
10236,5.85184523833141,5.954242509439325,0.10239727110791552,3
10237,5.736317124651061,5.954242509439325,0.2179253847882645,9
10238,5.843753547043178,5.954242509439325,0.11048896239614692,8
10239,5.8747974100382425,5.954242509439325,0.07944509940108269,7
10240,5.931862768482722,5.954242509439325,0.022379740956603555,4
10241,5.839261383115389,5.954242509439325,0.11498112632393642,6
10242,5.795038712900487,6.6020599913279625,0.8070212784274755,8
10243,5.812145038977268,6.6020599913279625,0.7899149523506948,6
10244,5.789937739840249,6.6020599913279625,0.8121222514877138,7
10245,5.7562765667667914,6.6020599913279625,0.8457834245611711,9
10246,5.795040037579915,6.6020599913279625,0.8070199537480471,4
10247,5.796171821034628,6.6020599913279625,0.8058881702933345,3
10248,5.824630555056816,6.6020599913279625,0.7774294362711469,2
10249,5.764510484131883,6.6020599913279625,0.8375495071960799,10
10250,5.854360455882051,6.6020599913279625,0.7476995354459115,5
10251,6.289718782031399,6.972202838379064,0.6824840563476648,5
10252,6.308895698552057,6.972202838379064,0.6633071398270074,6
10253,6.318903281607372,6.972202838379064,0.6532995567716924,1
10254,6.297462843491623,6.972202838379064,0.6747399948874415,4
10255,6.308423357910658,6.972202838379064,0.6637794804684063,3
10256,6.291895160246904,6.972202838379064,0.6803076781321602,9
10257,6.212164367886135,6.972202838379064,0.7600384704929288,10
10258,6.343938417839848,6.972202838379064,0.6282644205392165,7
10259,6.300384107419506,6.972202838379064,0.6718187309595578,2
10260,5.600016263003195,6.301029995663981,0.7010137326607859,4
10261,5.737338526276048,6.301029995663981,0.5636914693879334,10
10262,5.631388570690937,6.301029995663981,0.6696414249730447,6
10263,5.632959768051232,6.301029995663981,0.6680702276127493,3
10264,5.628326982004596,6.301029995663981,0.672703013659385,8
10265,5.654379964265903,6.301029995663981,0.6466500313980781,1
10266,5.725725666565053,6.301029995663981,0.5753043290989286,5
10267,5.532164723047453,6.301029995663981,0.7688652726165284,9
10268,5.683422009597819,6.301029995663981,0.6176079860661625,2
10269,6.192736087277084,6.248267603534647,0.05553151625756314,1
10270,6.1499845532756865,6.248267603534647,0.09828305025896089,3
10271,6.178408880337817,6.248267603534647,0.0698587231968304,4
10272,6.154050106532193,6.248267603534647,0.09421749700245474,10
10273,6.180688540240899,6.248267603534647,0.0675790632937483,5
10274,6.084831775485549,6.248267603534647,0.1634358280490984,6
10275,6.2080930252999655,6.248267603534647,0.040174578234681846,7
10276,6.134717723306861,6.248267603534647,0.11354988022778656,9
10277,6.172587090138737,6.248267603534647,0.07568051339590998,2
10278,6.377387919661642,6.380211241711606,0.002823322049964716,9
10279,6.297368266715152,6.380211241711606,0.08284297499645454,4
10280,6.349475998376011,6.380211241711606,0.030735243335595186,3
10281,6.265690494295095,6.380211241711606,0.11452074741651153,10
10282,6.203456526870205,6.380211241711606,0.17675471484140104,6
10283,6.302550055667314,6.380211241711606,0.07766118604429195,2
10284,6.322411870537945,6.380211241711606,0.05779937117366174,5
10285,6.324584647430363,6.380211241711606,0.05562659428124306,7
10286,6.305439768360429,6.380211241711606,0.07477147335117706,8
10287,5.951767741782944,6.301029995663981,0.3492622538810375,3
10288,6.029873789380677,6.301029995663981,0.2711562062833046,7
10289,5.966775612701494,6.301029995663981,0.3342543829624871,10
10290,6.098865356251273,6.301029995663981,0.20216463941270835,6
10291,5.999774513425132,6.301029995663981,0.3012554822388491,5
10292,5.9947680805044055,6.301029995663981,0.3062619151595758,2
10293,5.989179914129287,6.301029995663981,0.3118500815346943,1
10294,6.085085062898529,6.301029995663981,0.2159449327654519,4
10295,5.9701581008190985,6.301029995663981,0.3308718948448828,8
10296,6.161645148860163,6.32221929473392,0.16057414587375707,7
10297,6.008376990516445,6.32221929473392,0.3138423042174754,1
10298,6.023794274353611,6.32221929473392,0.2984250203803098,2
10299,5.99698320719167,6.32221929473392,0.3252360875422502,8
10300,6.042861297049907,6.32221929473392,0.2793579976840137,6
10301,6.0424681014407176,6.32221929473392,0.27975119329320286,5
10302,6.064095193766493,6.32221929473392,0.25812410096742777,4
10303,6.019764343057522,6.32221929473392,0.30245495167639813,9
10304,6.038192662172342,6.32221929473392,0.2840266325615781,10
10305,6.228127325633168,6.380211241711606,0.15208391607843819,6
10306,6.267928094416902,6.380211241711606,0.11228314729470412,2
10307,6.263496901057677,6.380211241711606,0.11671434065392905,7
10308,6.2663175065045005,6.380211241711606,0.11389373520710588,1
10309,6.270842279382259,6.380211241711606,0.10936896232934767,4
10310,6.300047361526532,6.380211241711606,0.08016388018507392,9
10311,6.245678246189028,6.380211241711606,0.13453299552257825,5
10312,6.272605238657855,6.380211241711606,0.10760600305375156,8
10313,6.207273976396989,6.380211241711606,0.1729372653146175,10
10314,6.128972553856313,6.380211241711606,0.25123868785529346,6
10315,6.129496343491509,6.380211241711606,0.25071489822009774,3
10316,6.113074405923652,6.380211241711606,0.2671368357879542,10
10317,6.127983782133518,6.380211241711606,0.252227459578088,8
10318,6.151134097131501,6.380211241711606,0.22907714458010542,9
10319,6.1814995721422,6.380211241711606,0.19871166956940645,7
10320,6.1789691359034125,6.380211241711606,0.2012421058081939,1
10321,6.138451362627705,6.380211241711606,0.24175987908390173,4
10322,6.108910342343803,6.380211241711606,0.27130089936780344,5
10323,6.239497247122169,5.603198520676098,-0.6362987264460713,4
10324,6.141399392162425,5.603198520676098,-0.5382008714863273,6
10325,6.236301938694704,5.603198520676098,-0.6331034180186066,7
10326,6.250822472109054,5.603198520676098,-0.6476239514329567,5
10327,6.2452818589366705,5.603198520676098,-0.6420833382605728,2
10328,6.2311398144615175,5.603198520676098,-0.6279412937854199,8
10329,6.275569603727653,5.603198520676098,-0.672371083051555,1
10330,6.055360722580944,5.603198520676098,-0.45216220190484613,10
10331,6.251847531541296,5.603198520676098,-0.6486490108651983,3
10332,6.166810932388151,6.32221929473392,0.15540836234576982,5
10333,6.144586473771263,6.32221929473392,0.17763282096265698,2
10334,6.13721018180618,6.32221929473392,0.18500911292774003,9
10335,6.147414019573483,6.32221929473392,0.17480527516043765,7
10336,6.084187672424092,6.32221929473392,0.238031622309828,1
10337,6.106407737770476,6.32221929473392,0.21581155696344467,6
10338,6.068058362567939,6.32221929473392,0.25416093216598146,3
10339,6.1283626104978834,6.32221929473392,0.19385668423603697,10
10340,6.136914666994512,6.32221929473392,0.18530462773940837,4
10341,5.979746901192952,6.017033339298781,0.03728643810582888,5
10342,5.841650232213053,6.017033339298781,0.1753831070857279,2
10343,5.891056051881239,6.017033339298781,0.125977287417542,1
10344,5.858732324899286,6.017033339298781,0.15830101439949473,8
10345,5.966848967646249,6.017033339298781,0.050184371652531645,3
10346,5.94477461193596,6.017033339298781,0.07225872736282035,9
10347,5.80962784701284,6.017033339298781,0.20740549228594052,6
10348,5.827158100975226,6.017033339298781,0.18987523832355446,10
10349,5.811436062034209,6.017033339298781,0.20559727726457133,7
10350,6.16307958416092,6.197831693328903,0.034752109167982326,10
10351,6.2215562678643686,6.197831693328903,-0.023724574535465948,2
10352,6.267167066388162,6.197831693328903,-0.06933537305925963,1
10353,6.118193028526246,6.197831693328903,0.07963866480265658,6
10354,6.233005448503693,6.197831693328903,-0.0351737551747906,5
10355,6.2365019676614715,6.197831693328903,-0.038670274332568866,3
10356,6.253908969542038,6.197831693328903,-0.056077276213135185,4
10357,6.261782226963498,6.197831693328903,-0.06395053363459535,7
10358,6.297654349699116,6.197831693328903,-0.09982265637021381,9
10359,6.08762421087575,6.171480722621874,0.08385651174612452,4
10360,6.1296588063246,6.171480722621874,0.041821916297274164,6
10361,6.104551338516131,6.171480722621874,0.06692938410574278,10
10362,6.115580834886663,6.171480722621874,0.05589988773521082,8
10363,6.161488904256737,6.171480722621874,0.00999181836513685,7
10364,6.125100390512514,6.171480722621874,0.046380332109360545,5
10365,6.090022260002838,6.171480722621874,0.081458462619036,2
10366,6.119639138678165,6.171480722621874,0.05184158394370897,3
10367,6.121686756437629,6.171480722621874,0.04979396618424481,9
10368,6.375877701095191,7.105510184769974,0.7296324836747834,5
10369,6.397175535159806,7.105510184769974,0.7083346496101681,2
10370,6.376851399715213,7.105510184769974,0.728658785054761,1
10371,6.443192115881165,7.105510184769974,0.6623180688888093,7
10372,6.378053447570414,7.105510184769974,0.7274567371995602,3
10373,6.2408611834120835,7.105510184769974,0.8646490013578907,6
10374,6.472028070112765,7.105510184769974,0.6334821146572089,9
10375,6.417917529132948,7.105510184769974,0.687592655637026,4
10376,6.364496815338291,7.105510184769974,0.7410133694316832,8
10377,5.907834077926822,6.373095987078727,0.4652619091519057,6
10378,5.989722325410559,6.373095987078727,0.383373661668168,2
10379,6.001113550091307,6.373095987078727,0.3719824369874205,4
10380,5.870456617827279,6.373095987078727,0.5026393692514484,7
10381,5.837523256354852,6.373095987078727,0.5355727307238753,3
10382,5.895799963330725,6.373095987078727,0.4772960237480026,1
10383,5.980815748628903,6.373095987078727,0.39228023844982474,5
10384,5.97794034170185,6.373095987078727,0.3951556453768772,10
10385,5.895126348794764,6.373095987078727,0.4779696382839633,8
10386,5.584230270979624,5.419955748489758,-0.1642745224898663,2
10387,5.454535136406934,5.419955748489758,-0.03457938791717563,4
10388,5.650439778615089,5.419955748489758,-0.23048403012533125,1
10389,5.506987193928388,5.419955748489758,-0.08703144543862962,8
10390,5.476833446153739,5.419955748489758,-0.056877697663980875,7
10391,5.403416386278332,5.419955748489758,0.016539362211426045,3
10392,5.354566178585543,5.419955748489758,0.06538956990421507,6
10393,5.430092709840324,5.419955748489758,-0.010136961350566409,5
10394,5.233499624588531,5.419955748489758,0.1864561239012268,9
10395,6.194685521335729,6.332438459915605,0.13775293857987592,7
10396,6.172519060807351,6.332438459915605,0.15991939910825437,5
10397,6.162871498202184,6.332438459915605,0.16956696171342056,3
10398,6.1639367036758514,6.332438459915605,0.1685017562397535,8
10399,6.162726954068585,6.332438459915605,0.16971150584701977,6
10400,6.2029910913368855,6.332438459915605,0.1294473685787194,1
10401,6.148062670761827,6.332438459915605,0.18437578915377806,10
10402,6.1170831432983075,6.332438459915605,0.21535531661729745,9
10403,6.132929125807087,6.332438459915605,0.19950933410851768,4
10404,5.894926523194708,6.079181246047625,0.18425472285291722,10
10405,5.901600902800746,6.079181246047625,0.17758034324687877,3
10406,6.096552139577075,6.079181246047625,-0.017370893529450093,1
10407,5.894851338996267,6.079181246047625,0.18432990705135843,4
10408,5.917015423944639,6.079181246047625,0.16216582210298647,5
10409,5.920210908226577,6.079181246047625,0.15897033782104852,6
10410,5.908960458493919,6.079181246047625,0.1702207875537063,8
10411,5.933763900519988,6.079181246047625,0.14541734552763685,7
10412,5.894464891908674,6.079181246047625,0.18471635413895093,9
10413,5.92301812068989,5.124830149413859,-0.7981879712760307,10
10414,5.895555821770048,5.124830149413859,-0.770725672356189,2
10415,5.9159449497639445,5.124830149413859,-0.7911148003500852,9
10416,5.946616425847565,5.124830149413859,-0.8217862764337056,6
10417,5.916341089700824,5.124830149413859,-0.7915109402869644,8
10418,5.993802537035825,5.124830149413859,-0.8689723876219659,7
10419,5.944250959770213,5.124830149413859,-0.8194208103563536,5
10420,5.879268455779856,5.124830149413859,-0.754438306365997,4
10421,5.948178344996982,5.124830149413859,-0.8233481955831223,3
10422,6.0746519216733255,6.486146996806573,0.41149507513324757,2
10423,6.162871498202184,6.486146996806573,0.32327549860438864,3
10424,6.172519060807351,6.486146996806573,0.31362793599922245,5
10425,6.132929125807087,6.486146996806573,0.35321787099948576,4
10426,6.148062670761827,6.486146996806573,0.33808432604474614,10
10427,6.194685521335729,6.486146996806573,0.291461475470844,7
10428,6.1639367036758514,6.486146996806573,0.3222102931307216,8
10429,6.2029910913368855,6.486146996806573,0.2831559054696875,1
10430,6.162726954068585,6.486146996806573,0.32342004273798786,6
10431,6.135104633331217,6.174931593528442,0.039826960197225425,8
10432,6.381711631586848,6.174931593528442,-0.2067800380584055,6
10433,6.2021060952682605,6.174931593528442,-0.02717450173981817,10
10434,6.078441904709076,6.174931593528442,0.09648968881936604,9
10435,6.18509307988038,6.174931593528442,-0.010161486351937477,3
10436,6.142315768253993,6.174931593528442,0.032615825274449506,7
10437,6.100623565830474,6.174931593528442,0.07430802769796863,4
10438,6.120348433439483,6.174931593528442,0.054583160088959026,5
10439,6.189348803027999,6.174931593528442,-0.014417209499556272,1
10440,6.339616401692474,5.886490725172482,-0.453125676519992,9
10441,6.365366611672016,5.886490725172482,-0.4788758864995337,6
10442,6.355626400815926,5.886490725172482,-0.46913567564344394,5
10443,6.409727023429589,5.886490725172482,-0.5232362982571068,8
10444,6.363398606619685,5.886490725172482,-0.476907881447203,10
10445,6.418067190118716,5.886490725172482,-0.5315764649462338,7
10446,6.461746868271986,5.886490725172482,-0.5752561430995033,1
10447,6.401561200575293,5.886490725172482,-0.515070475402811,4
10448,6.302988340632151,5.886490725172482,-0.4164976154596687,3
10449,5.183885487315866,5.725911632295048,0.5420261449791823,6
10450,5.1024202471381574,5.725911632295048,0.6234913851568908,8
10451,4.9912443291890805,5.725911632295048,0.7346673031059678,5
10452,5.0793053735720175,5.725911632295048,0.6466062587230308,4
10453,5.217117719571428,5.725911632295048,0.5087939127236201,9
10454,5.166365386576529,5.725911632295048,0.5595462457185194,3
10455,5.22200791259512,5.725911632295048,0.5039037196999283,10
10456,5.18997032527588,5.725911632295048,0.5359413070191685,2
10457,4.96898439993685,5.725911632295048,0.7569272323581986,1
10458,6.189388425203199,5.413132050434872,-0.7762563747683267,2
10459,6.1531233299471575,5.413132050434872,-0.7399912795122852,9
10460,6.098594364549721,5.413132050434872,-0.685462314114849,5
10461,6.130581686181824,5.413132050434872,-0.7174496357469513,8
10462,6.1824771804447245,5.413132050434872,-0.7693451300098522,6
10463,6.437794217334201,5.413132050434872,-1.0246621668993283,1
10464,6.214673685744413,5.413132050434872,-0.8015416353095404,3
10465,6.183670727176043,5.413132050434872,-0.7705386767411708,7
10466,6.183759760214458,5.413132050434872,-0.7706277097795855,4
10467,6.846102217007535,7.292256071356476,0.4461538543489416,8
10468,6.9259195568608,7.292256071356476,0.3663365144956767,9
10469,6.961504835069665,7.292256071356476,0.3307512362868117,10
10470,6.917471311302888,7.292256071356476,0.3747847600535881,3
10471,6.858344870529104,7.292256071356476,0.43391120082737267,2
10472,6.914920505664859,7.292256071356476,0.3773355656916175,6
10473,6.873138979606689,7.292256071356476,0.4191170917497873,5
10474,6.949613398190401,7.292256071356476,0.34264267316607544,4
10475,6.8070388684066705,7.292256071356476,0.48521720294980586,7
10476,6.544576447110489,6.698970004336019,0.1543935572255295,5
10477,6.644101002762539,6.698970004336019,0.05486900157348007,10
10478,6.624593826093631,6.698970004336019,0.07437617824238796,9
10479,6.610479526951682,6.698970004336019,0.08849047738433669,8
10480,6.566237715236382,6.698970004336019,0.13273228909963652,4
10481,6.684409552466007,6.698970004336019,0.014560451870011981,2
10482,6.594779809953264,6.698970004336019,0.10419019438275434,6
10483,6.634638472225915,6.698970004336019,0.06433153211010367,7
10484,6.6376696019302495,6.698970004336019,0.06130040240576928,1
10485,6.686218029165463,7.519827993775719,0.8336099646102557,8
10486,6.716244853030315,7.519827993775719,0.8035831407454035,3
10487,6.674070439751551,7.519827993775719,0.8457575540241677,4
10488,6.6799655408937815,7.519827993775719,0.8398624528819374,1
10489,6.670065286727475,7.519827993775719,0.8497627070482441,9
10490,6.744922178210899,7.519827993775719,0.7749058155648196,10
10491,6.719777615522619,7.519827993775719,0.8000503782530997,7
10492,6.745516070013893,7.519827993775719,0.7743119237618261,2
10493,6.641699532633991,7.519827993775719,0.8781284611417277,5
10494,7.094421118019101,7.188037055006895,0.0936159369877938,7
10495,7.059141512893107,7.188037055006895,0.12889554211378762,3
10496,7.120137084089835,7.188037055006895,0.06789997091705935,9
10497,7.070996468569043,7.188037055006895,0.11704058643785142,5
10498,6.963990962473807,7.188037055006895,0.22404609253308738,1
10499,7.0036818892109505,7.188037055006895,0.18435516579594413,4
10500,7.070601891893718,7.188037055006895,0.1174351631131767,6
10501,6.986555997609142,7.188037055006895,0.20148105739775257,2
10502,7.107757283442391,7.188037055006895,0.08027977156450383,10
10503,7.135921231804879,8.071882007306126,0.9359607755012469,10
10504,7.224616496030668,8.071882007306126,0.8472655112754577,6
10505,7.170641143473058,8.071882007306126,0.9012408638330678,2
10506,7.15639560837931,8.071882007306126,0.9154863989268156,3
10507,7.121526465542461,8.071882007306126,0.9503555417636651,9
10508,7.159740796415158,8.071882007306126,0.9121412108909679,1
10509,7.078234634749066,8.071882007306126,0.99364737255706,5
10510,6.892878759575506,8.071882007306126,1.1790032477306198,7
10511,7.116047935841837,8.071882007306126,0.955834071464289,8
10512,5.747088053960018,5.982271233039568,0.23518317907954955,3
10513,5.934622872800615,5.982271233039568,0.047648360238953025,9
10514,5.758992489687142,5.982271233039568,0.22327874335242637,4
10515,5.736207528442961,5.982271233039568,0.2460637045966072,2
10516,5.817430279651175,5.982271233039568,0.164840953388393,7
10517,5.699967529987987,5.982271233039568,0.28230370305158115,5
10518,5.706184090467928,5.982271233039568,0.27608714257164024,8
10519,5.8875677153748205,5.982271233039568,0.0947035176647475,1
10520,5.950457788956971,5.982271233039568,0.03181344408259701,10
10521,6.850632796136221,6.973127853599698,0.12249505746347733,5
10522,6.687479711933372,6.973127853599698,0.2856481416663259,8
10523,6.695125694264011,6.973127853599698,0.2780021593356876,1
10524,6.68933933575531,6.973127853599698,0.2837885178443882,10
10525,6.408300885537469,6.973127853599698,0.5648269680622295,6
10526,6.712837642839121,6.973127853599698,0.26029021076057735,9
10527,6.686140065159521,6.973127853599698,0.286987788440177,7
10528,6.722628100618731,6.973127853599698,0.25049975298096694,4
10529,6.701172591735835,6.973127853599698,0.2719552618638632,3
10530,6.298407318797292,6.077731179652392,-0.22067613914490014,8
10531,6.411148393317995,6.077731179652392,-0.3334172136656033,6
10532,6.309937727939497,6.077731179652392,-0.23220654828710519,7
10533,6.381793473513964,6.077731179652392,-0.30406229386157246,2
10534,6.3784045334916994,6.077731179652392,-0.3006733538393078,5
10535,6.351047350237266,6.077731179652392,-0.27331617058487456,10
10536,6.2603167646656726,6.077731179652392,-0.18258558501328093,4
10537,6.270236211819279,6.077731179652392,-0.19250503216688752,9
10538,6.328899758263241,6.077731179652392,-0.25116857861084974,1
10539,6.452398189397772,6.3979400086720375,-0.05445818072573427,4
10540,6.488077310730059,6.3979400086720375,-0.09013730205802162,8
10541,6.395466231002493,6.3979400086720375,0.00247377766954493,3
10542,6.419073189129398,6.3979400086720375,-0.0211331804573609,2
10543,6.350843012192378,6.3979400086720375,0.04709699647965948,6
10544,6.49324844904437,6.3979400086720375,-0.09530844037233255,7
10545,6.391740686708552,6.3979400086720375,0.0061993219634857155,5
10546,6.453679981336193,6.3979400086720375,-0.055739972664155424,10
10547,6.610407541060313,6.3979400086720375,-0.21246753238827587,1
10548,6.854073126514125,7.294466226161593,0.4403930996474683,7
10549,6.986616998835975,7.294466226161593,0.3078492273256179,9
10550,6.966807196733706,7.294466226161593,0.3276590294278874,6
10551,6.975627166913335,7.294466226161593,0.3188390592482584,10
10552,6.860316519062123,7.294466226161593,0.4341497070994702,2
10553,6.918873338847057,7.294466226161593,0.37559288731453666,5
10554,7.0059532847228745,7.294466226161593,0.28851294143871886,3
10555,6.9990980369828595,7.294466226161593,0.29536818917873386,4
10556,6.909904353938044,7.294466226161593,0.3845618722235491,8
10557,6.834304147427268,7.333648756514701,0.4993446090874327,10
10558,6.846360436726668,7.333648756514701,0.4872883197880329,3
10559,6.799072047580193,7.333648756514701,0.5345767089345079,6
10560,6.740931858606488,7.333648756514701,0.5927168979082129,7
10561,6.8646653515061615,7.333648756514701,0.4689834050085393,1
10562,6.747913926454276,7.333648756514701,0.5857348300604253,5
10563,6.793750644066615,7.333648756514701,0.5398981124480855,9
10564,6.802961351903096,7.333648756514701,0.530687404611605,4
10565,6.760754243655917,7.333648756514701,0.5728945128587837,8
10566,6.64363033328623,7.793755472155577,1.1501251388693472,10
10567,6.610577905461477,7.793755472155577,1.1831775666941002,8
10568,6.572807372849585,7.793755472155577,1.2209480993059918,2
10569,6.636465837408853,7.793755472155577,1.157289634746724,9
10570,6.623559477344131,7.793755472155577,1.1701959948114462,4
10571,6.636475020361623,7.793755472155577,1.1572804517939534,1
10572,6.63893653596236,7.793755472155577,1.1548189361932168,6
10573,6.883991929979644,7.793755472155577,0.9097635421759325,3
10574,6.61600260370326,7.793755472155577,1.177752868452317,7
10575,6.514489615024096,6.087071205906535,-0.42741840911756057,10
10576,6.581037637609574,6.087071205906535,-0.493966431703039,3
10577,6.490724435147922,6.087071205906535,-0.403653229241387,2
10578,6.494375664937614,6.087071205906535,-0.4073044590310788,6
10579,6.500549583999415,6.087071205906535,-0.41347837809288013,4
10580,6.421003991556534,6.087071205906535,-0.3339327856499983,5
10581,6.5284962349610005,6.087071205906535,-0.44142502905446523,9
10582,6.508388109257476,6.087071205906535,-0.42131690335094074,8
10583,6.49838465762243,6.087071205906535,-0.41131345171589473,7
10584,6.636465837408853,6.0,-0.6364658374088528,9
10585,6.61600260370326,6.0,-0.6160026037032598,7
10586,6.63893653596236,6.0,-0.63893653596236,6
10587,6.64363033328623,6.0,-0.6436303332862297,10
10588,6.572807372849585,6.0,-0.572807372849585,2
10589,6.610577905461477,6.0,-0.6105779054614766,8
10590,6.623559477344131,6.0,-0.6235594773441306,4
10591,6.636475020361623,6.0,-0.6364750203616234,1
10592,6.883991929979644,6.0,-0.8839919299796444,3
10593,6.599885864419364,6.544068044350276,-0.05581782006908842,10
10594,6.626699085583556,6.544068044350276,-0.08263104123328002,6
10595,6.700078455060259,6.544068044350276,-0.15601041070998356,8
10596,6.677504917146773,6.544068044350276,-0.13343687279649696,9
10597,6.560138527130846,6.544068044350276,-0.016070482780570217,3
10598,6.807792755848948,6.544068044350276,-0.26372471149867227,1
10599,6.570711319603202,6.544068044350276,-0.026643275252926202,5
10600,6.770393566996971,6.544068044350276,-0.22632552264669492,7
10601,6.693099457079203,6.544068044350276,-0.1490314127289274,2
10602,7.120060588225494,7.845098040014257,0.7250374517887632,3
10603,7.103575697129272,7.845098040014257,0.7415223428849851,5
10604,7.003335821086386,7.845098040014257,0.8417622189278706,4
10605,7.018282057516332,7.845098040014257,0.8268159824979247,2
10606,7.180011968507277,7.845098040014257,0.6650860715069795,10
10607,7.115618281392734,7.845098040014257,0.7294797586215234,7
10608,6.975487363327164,7.845098040014257,0.8696106766870928,8
10609,7.1215541092342365,7.845098040014257,0.7235439307800204,9
10610,7.113237197247883,7.845098040014257,0.7318608427663742,6
10611,6.2445250850607055,7.301029995663981,1.0565049106032758,4
10612,6.243894169624318,7.301029995663981,1.057135826039663,9
10613,6.398404841071237,7.301029995663981,0.9026251545927444,7
10614,6.277546245801469,7.301029995663981,1.0234837498625122,10
10615,6.338908877101747,7.301029995663981,0.9621211185622345,2
10616,6.298896436943651,7.301029995663981,1.0021335587203302,5
10617,6.284899288852144,7.301029995663981,1.016130706811837,3
10618,6.55884847146719,7.301029995663981,0.7421815241967913,6
10619,6.235225466739513,7.301029995663981,1.0658045289244686,8
10620,6.074312285578886,6.975431808509263,0.9011195229303768,4
10621,6.239261431130146,6.975431808509263,0.7361703773791168,9
10622,6.181714164238552,6.975431808509263,0.7937176442707106,7
10623,6.010276858424392,6.975431808509263,0.9651549500848704,5
10624,6.191114333389552,6.975431808509263,0.7843174751197104,3
10625,6.175554471686248,6.975431808509263,0.7998773368230143,1
10626,6.047407669786426,6.975431808509263,0.9280241387228365,8
10627,6.282207293272712,6.975431808509263,0.6932245152365502,6
10628,6.182141294814425,6.975431808509263,0.7932905136948376,2
10629,6.5391830551048455,6.184691430817598,-0.3544916242872471,5
10630,6.772645001235131,6.184691430817598,-0.5879535704175325,1
10631,6.733692977644412,6.184691430817598,-0.5490015468268137,8
10632,6.728862378515999,6.184691430817598,-0.5441709476984009,9
10633,6.566965778686518,6.184691430817598,-0.38227434786891923,3
10634,6.69107010842966,6.184691430817598,-0.5063786776120613,7
10635,6.604004051991185,6.184691430817598,-0.4193126211735869,10
10636,6.714449878336664,6.184691430817598,-0.5297584475190655,6
10637,6.738814314286799,6.184691430817598,-0.5541228834692005,2
10638,5.997366478127266,6.281033367247727,0.283666889120461,8
10639,5.954316661483291,6.281033367247727,0.32671670576443645,7
10640,5.95676243933198,6.281033367247727,0.3242709279157472,6
10641,5.856135712679334,6.281033367247727,0.4248976545683929,4
10642,5.973479280227883,6.281033367247727,0.3075540870198443,3
10643,5.848255969312996,6.281033367247727,0.43277739793473113,1
10644,5.881837610280378,6.281033367247727,0.399195756967349,10
10645,6.237864216503686,6.281033367247727,0.04316915074404104,9
10646,5.699645839353625,6.281033367247727,0.5813875278941021,5
10647,5.877528598738856,5.012837224705172,-0.8646913740336837,5
10648,5.962036788492899,5.012837224705172,-0.9491995637877269,10
10649,5.954234098256719,5.012837224705172,-0.9413968735515468,4
10650,5.975365677237369,5.012837224705172,-0.9625284525321973,3
10651,5.998811503051884,5.012837224705172,-0.9859742783467116,6
10652,5.900406787371558,5.012837224705172,-0.8875695626663864,1
10653,6.037747913110114,5.012837224705172,-1.0249106884049421,8
10654,5.885908550514237,5.012837224705172,-0.8730713258090645,2
10655,6.0464797890433575,5.012837224705172,-1.0336425643381855,7
10656,6.955612252202292,7.735997884091794,0.7803856318895015,3
10657,7.0571517945802,7.735997884091794,0.6788460895115938,1
10658,6.705792930513743,7.735997884091794,1.0302049535780506,5
10659,7.013047648407199,7.735997884091794,0.7229502356845945,2
10660,6.998928172368624,7.735997884091794,0.7370697117231702,9
10661,7.019440488402805,7.735997884091794,0.716557395688989,4
10662,7.008354077308724,7.735997884091794,0.7276438067830702,7
10663,7.00865726799836,7.735997884091794,0.7273406160934339,6
10664,7.011970823769657,7.735997884091794,0.724027060322137,8
10665,6.3835510574321965,5.301029995663981,-1.0825210617682153,4
10666,6.37748388882015,5.301029995663981,-1.0764538931561685,9
10667,6.428346266751076,5.301029995663981,-1.1273162710870945,7
10668,6.364786170124748,5.301029995663981,-1.0637561744607664,2
10669,6.1794423156934535,5.301029995663981,-0.8784123200294722,5
10670,6.399644013969281,5.301029995663981,-1.0986140183053,3
10671,6.414102066483976,5.301029995663981,-1.113072070819995,8
10672,6.3830259197594685,5.301029995663981,-1.0819959240954873,6
10673,6.346310340162821,5.301029995663981,-1.04528034449884,10
10674,6.2021060952682605,6.618633737597086,0.4165276423288251,10
10675,6.381711631586848,6.618633737597086,0.23692210601023778,6
10676,6.21679668845163,6.618633737597086,0.40183704914545526,2
10677,6.135104633331217,6.618633737597086,0.4835291042658687,8
10678,6.120348433439483,6.618633737597086,0.4982853041576023,5
10679,6.142315768253993,6.618633737597086,0.4763179693430928,7
10680,6.100623565830474,6.618633737597086,0.5180101717666119,4
10681,6.18509307988038,6.618633737597086,0.4335406577167058,3
10682,6.189348803027999,6.618633737597086,0.429284934569087,1
10683,6.799039683491754,7.665017825412472,0.865978141920718,6
10684,6.603046534095983,7.665017825412472,1.061971291316489,5
10685,6.841746470694757,7.665017825412472,0.8232713547177157,7
10686,6.781663605317399,7.665017825412472,0.8833542200950735,2
10687,6.683886896438488,7.665017825412472,0.9811309289739842,10
10688,6.895338334035451,7.665017825412472,0.7696794913770217,1
10689,6.843830110205255,7.665017825412472,0.8211877152072171,4
10690,6.770351634323991,7.665017825412472,0.894666191088481,9
10691,6.798148214881969,7.665017825412472,0.8668696105305029,8
10692,6.696001202813301,6.361727836017593,-0.33427336679570807,2
10693,6.700544658904527,6.361727836017593,-0.33881682288693415,7
10694,6.683736136888804,6.361727836017593,-0.3220083008712109,6
10695,6.7970098042819185,6.361727836017593,-0.4352819682643254,1
10696,6.667971421770348,6.361727836017593,-0.306243585752755,9
10697,6.385197942098916,6.361727836017593,-0.02347010608132294,5
10698,6.673963026993687,6.361727836017593,-0.31223519097609387,4
10699,6.637404120941292,6.361727836017593,-0.27567628492369867,10
10700,6.702626463520522,6.361727836017593,-0.3408986275029289,8
10701,6.72167291545432,6.886490725172482,0.16481780971816207,8
10702,6.697761776212465,6.886490725172482,0.18872894896001746,9
10703,6.719350835105714,6.886490725172482,0.16713989006676844,3
10704,6.690199744220449,6.886490725172482,0.19629098095203368,6
10705,6.634148700363511,6.886490725172482,0.2523420248089714,4
10706,6.756597325534918,6.886490725172482,0.12989339963756397,1
10707,6.72726323846944,6.886490725172482,0.15922748670304188,2
10708,6.66329813059926,6.886490725172482,0.2231925945732227,10
10709,6.672544079737424,6.886490725172482,0.21394664543505826,7
10710,6.470983244478829,7.477121254719663,1.006138010240834,6
10711,6.511703376758106,7.477121254719663,0.9654178779615563,3
10712,6.478600418747295,7.477121254719663,0.9985208359723678,5
10713,6.505255244231336,7.477121254719663,0.971866010488327,10
10714,6.553957199365998,7.477121254719663,0.9231640553536646,8
10715,6.549578679341806,7.477121254719663,0.9275425753778563,7
10716,6.412688400414698,7.477121254719663,1.0644328543049646,9
10717,6.516927375958579,7.477121254719663,0.9601938787610838,2
10718,6.612671625252432,7.477121254719663,0.8644496294672308,1
10719,5.8053047395214525,6.079181246047625,0.27387650652617257,8
10720,5.9518109226827125,6.079181246047625,0.1273703233649126,6
10721,6.129105042764742,6.079181246047625,-0.049923796717116886,3
10722,6.005598482420575,6.079181246047625,0.07358276362705052,4
10723,5.872985274965452,6.079181246047625,0.20619597108217302,5
10724,5.923398734573227,6.079181246047625,0.15578251147439826,9
10725,6.084639232145723,6.079181246047625,-0.005457986098098111,1
10726,6.045244191952059,6.079181246047625,0.03393705409556613,10
10727,6.022345129469521,6.079181246047625,0.05683611657810417,7
10728,6.715152490022411,6.744918542441353,0.02976605241894248,10
10729,6.697948650106667,6.744918542441353,0.04696989233468596,1
10730,6.70522368154077,6.744918542441353,0.039694860900583606,8
10731,6.650028373151217,6.744918542441353,0.09489016929013605,9
10732,6.713177933976499,6.744918542441353,0.0317406084648546,3
10733,6.701194854012661,6.744918542441353,0.043723688428692675,4
10734,6.729294323578594,6.744918542441353,0.015624218862759776,6
10735,6.587483437692199,6.744918542441353,0.15743510474915468,7
10736,6.626591232995355,6.744918542441353,0.11832730944599845,5
10737,6.610577905461477,5.2455126678141495,-1.3650652376473271,8
10738,6.623559477344131,5.2455126678141495,-1.3780468095299812,4
10739,6.64363033328623,5.2455126678141495,-1.3981176654720802,10
10740,6.61600260370326,5.2455126678141495,-1.3704899358891103,7
10741,6.636475020361623,5.2455126678141495,-1.390962352547474,1
10742,6.63893653596236,5.2455126678141495,-1.3934238681482105,6
10743,6.572807372849585,5.2455126678141495,-1.3272947050354356,2
10744,6.4987212625301165,5.2455126678141495,-1.253208594715967,5
10745,6.636465837408853,5.2455126678141495,-1.3909531695947033,9
10746,6.67813217928023,6.698970004336019,0.02083782505578835,2
10747,6.623125141859337,6.698970004336019,0.0758448624766821,6
10748,6.7572107930909135,6.698970004336019,-0.0582407887548948,3
10749,6.60494336541082,6.698970004336019,0.09402663892519847,8
10750,6.590216339630702,6.698970004336019,0.10875366470531667,5
10751,6.625885858719702,6.698970004336019,0.07308414561631693,4
10752,6.659081801632557,6.698970004336019,0.039888202703461495,1
10753,6.6283928779499295,6.698970004336019,0.07057712638608926,7
10754,6.642934076576022,6.698970004336019,0.05603592775999644,10
10755,6.877218710608653,7.174234304941022,0.2970155943323691,7
10756,6.808348342826051,7.174234304941022,0.36588596211497126,4
10757,6.850471062838714,7.174234304941022,0.32376324210230756,10
10758,6.873486218244485,7.174234304941022,0.30074808669653663,2
10759,6.907925574649768,7.174234304941022,0.2663087302912537,6
10760,6.883016130444831,7.174234304941022,0.2912181744961906,3
10761,6.824841682403439,7.174234304941022,0.3493926225375832,5
10762,6.871751034963126,7.174234304941022,0.30248326997789565,1
10763,6.895380679079988,7.174234304941022,0.2788536258610339,9
10764,6.323044091760941,6.047140468477217,-0.27590362328372464,6
10765,6.262608521173518,6.047140468477217,-0.2154680526963011,2
10766,6.247039408454335,6.047140468477217,-0.1998989399771185,9
10767,6.170472106056662,6.047140468477217,-0.12333163757944554,8
10768,6.331075853752134,6.047140468477217,-0.28393538527491735,10
10769,6.144760746786397,6.047140468477217,-0.09762027830918019,5
10770,6.281717798015517,6.047140468477217,-0.23457732953830046,4
10771,6.3582474367801325,6.047140468477217,-0.31110696830291573,1
10772,6.27120088663007,6.047140468477217,-0.22406041815285338,3
10773,5.81751134832967,5.628388930050312,-0.18912241827935805,7
10774,5.707062560827741,5.628388930050312,-0.07867363077742962,4
10775,5.822956386147826,5.628388930050312,-0.19456745609751458,2
10776,5.79836271539868,5.628388930050312,-0.16997378534836827,5
10777,5.785686113628852,5.628388930050312,-0.1572971835785406,10
10778,5.767795103262555,5.628388930050312,-0.1394061732122438,6
10779,5.687116765876818,5.628388930050312,-0.05872783582650598,9
10780,5.73704833915668,5.628388930050312,-0.10865940910636862,3
10781,5.7888417866841575,5.628388930050312,-0.1604528566338459,8
10782,6.344089450295072,7.204119982655925,0.8600305323608533,5
10783,6.634552897623808,7.204119982655925,0.5695670850321166,10
10784,6.6144080241989816,7.204119982655925,0.5897119584569435,9
10785,6.540397443841618,7.204119982655925,0.6637225388143069,4
10786,6.595740594704287,7.204119982655925,0.6083793879516382,1
10787,6.699848572888799,7.204119982655925,0.5042714097671261,6
10788,6.608140401520316,7.204119982655925,0.5959795811356088,3
10789,6.659702272741046,7.204119982655925,0.544417709914879,2
10790,6.519668964216782,7.204119982655925,0.6844510184391428,8
10791,6.76669834401439,6.900312496983727,0.13361415296933643,4
10792,6.817783066010677,6.900312496983727,0.08252943097304932,1
10793,6.8535431357175325,6.900312496983727,0.04676936126619413,7
10794,6.789556022471798,6.900312496983727,0.11075647451192872,9
10795,6.90259785023562,6.900312496983727,-0.002285353251893163,6
10796,6.776621389596239,6.900312496983727,0.12369110738748734,2
10797,6.8799284890146994,6.900312496983727,0.020384007969027174,10
10798,6.803919206766352,6.900312496983727,0.09639329021737453,3
10799,6.821105155789199,6.900312496983727,0.07920734119452799,5
10800,5.601560596196342,6.0,0.39843940380365783,6
10801,5.582939435713076,6.0,0.41706056428692406,10
10802,5.496814286731141,6.0,0.5031857132688593,5
10803,5.739466423750414,6.0,0.2605335762495864,4
10804,5.450715324718215,6.0,0.5492846752817853,1
10805,5.591123212967939,6.0,0.4088767870320611,3
10806,5.596010484343309,6.0,0.40398951565669083,9
10807,5.506940261501237,6.0,0.49305973849876317,8
10808,5.49616026946694,6.0,0.50383973053306,7
10809,5.1407221483835395,4.041392685158225,-1.099329463225314,4
10810,5.1266197556599025,4.041392685158225,-1.085227070501677,3
10811,5.176122102787439,4.041392685158225,-1.134729417629214,10
10812,5.125546578845894,4.041392685158225,-1.0841538936876685,5
10813,5.0208051729130165,4.041392685158225,-0.9794124877547912,9
10814,5.0699376643563765,4.041392685158225,-1.0285449791981511,8
10815,5.119210012613409,4.041392685158225,-1.0778173274551834,2
10816,5.078600111744537,4.041392685158225,-1.0372074265863116,7
10817,5.142635125609574,4.041392685158225,-1.1012424404513483,1
10818,6.120348433439483,5.352240420182231,-0.768108013257252,5
10819,6.078441904709076,5.352240420182231,-0.726201484526845,9
10820,6.142315768253993,5.352240420182231,-0.7900753480717615,7
10821,6.189348803027999,5.352240420182231,-0.8371083828457673,1
10822,6.21679668845163,5.352240420182231,-0.864556268269399,2
10823,6.100623565830474,5.352240420182231,-0.7483831456482424,4
10824,6.18509307988038,5.352240420182231,-0.8328526596981485,3
10825,6.2021060952682605,5.352240420182231,-0.8498656750860292,10
10826,6.135104633331217,5.352240420182231,-0.7828642131489856,8
10827,6.398404841071237,6.0,-0.39840484107123686,7
10828,6.55884847146719,6.0,-0.55884847146719,6
10829,6.338908877101747,6.0,-0.3389088771017468,2
10830,6.284899288852144,6.0,-0.2848992888521442,3
10831,6.101016830141107,6.0,-0.1010168301411074,1
10832,6.2445250850607055,6.0,-0.24452508506070547,4
10833,6.243894169624318,6.0,-0.2438941696243182,9
10834,6.235225466739513,6.0,-0.2352254667395126,8
10835,6.277546245801469,6.0,-0.277546245801469,10
10836,6.170472106056662,6.3807537708039,0.21028166474723786,8
10837,6.281717798015517,6.3807537708039,0.09903597278838294,4
10838,6.3582474367801325,6.3807537708039,0.02250633402376767,1
10839,6.323044091760941,6.3807537708039,0.05770967904295876,6
10840,6.331075853752134,6.3807537708039,0.04967791705176605,10
10841,6.247039408454335,6.3807537708039,0.1337143623495649,9
10842,6.144760746786397,6.3807537708039,0.23599302401750322,5
10843,6.262608521173518,6.3807537708039,0.11814524963038231,2
10844,6.356619570471131,6.3807537708039,0.02413420033276914,7
10845,5.852315024051264,6.07700432679335,0.2246893027420862,8
10846,5.891223660143344,6.07700432679335,0.1857806666500066,9
10847,5.861981722751738,6.07700432679335,0.21502260404161255,2
10848,5.9306353054413385,6.07700432679335,0.14636902135201169,7
10849,5.91664205891632,6.07700432679335,0.16036226787703,5
10850,5.901444407762657,6.07700432679335,0.17555991903069312,1
10851,5.88771746367115,6.07700432679335,0.18928686312220044,3
10852,5.883909523001192,6.07700432679335,0.1930948037921585,6
10853,5.85208211532865,6.07700432679335,0.22492221146470026,10
10854,5.888257102314587,6.252124552505644,0.3638674501910568,1
10855,5.911484818485288,6.252124552505644,0.34063973402035597,5
10856,5.876622851847353,6.252124552505644,0.37550170065829125,7
10857,5.992279166130264,6.252124552505644,0.25984538637538,9
10858,5.932695471828799,6.252124552505644,0.31942908067684517,3
10859,5.901844490490131,6.252124552505644,0.3502800620155133,8
10860,5.862820150574442,6.252124552505644,0.3893044019312022,6
10861,5.82811095985461,6.252124552505644,0.42401359265103444,2
10862,5.841127667445278,6.252124552505644,0.41099688506036625,10
10863,6.064444993242707,6.006037954997317,-0.05840703824538984,4
10864,6.009379815539915,6.006037954997317,-0.0033418605425978853,1
10865,6.0556257217163765,6.006037954997317,-0.04958776671905962,8
10866,6.044843379779423,6.006037954997317,-0.03880542478210636,2
10867,6.0926408434534265,6.006037954997317,-0.08660288845610964,6
10868,6.043147023850063,6.006037954997317,-0.037109068852745786,3
10869,6.0657078635604185,6.006037954997317,-0.059669908563101615,5
10870,5.994530880630594,6.006037954997317,0.011507074366722492,7
10871,6.06529321107547,6.006037954997317,-0.05925525607815274,10
10872,6.062566819135572,5.913018683747961,-0.14954813538761158,10
10873,6.075494329274557,5.913018683747961,-0.16247564552659632,8
10874,6.118637180424587,5.913018683747961,-0.20561849667662635,7
10875,6.0494794089515675,5.913018683747961,-0.13646072520360697,4
10876,6.050348843298778,5.913018683747961,-0.1373301595508174,1
10877,6.074589690003387,5.913018683747961,-0.16157100625542675,3
10878,6.021451684109036,5.913018683747961,-0.1084330003610754,2
10879,6.0933643704205975,5.913018683747961,-0.18034568667263695,9
10880,6.044114338439104,5.913018683747961,-0.13109565469114326,5
10881,5.877429534026587,5.742725131304698,-0.13470440272188888,4
10882,5.848507317171274,5.742725131304698,-0.10578218586657595,10
10883,5.898274832108725,5.742725131304698,-0.15554970080402697,3
10884,5.887949702574474,5.742725131304698,-0.14522457126977617,6
10885,5.841935961437974,5.742725131304698,-0.09921083013327614,8
10886,5.855038287557159,5.742725131304698,-0.11231315625246108,9
10887,5.892994942832169,5.742725131304698,-0.15026981152747076,1
10888,5.9525423533812445,5.742725131304698,-0.20981722207654663,7
10889,5.845710425763005,5.742725131304698,-0.10298529445830695,2
10890,5.702901253110451,4.845098040014257,-0.8578032130961937,8
10891,5.77499966958292,4.845098040014257,-0.9299016295686631,9
10892,5.688705900055519,4.845098040014257,-0.8436078600412618,4
10893,5.706006294268805,4.845098040014257,-0.8609082542545483,1
10894,5.802156195684312,4.845098040014257,-0.9570581556700555,7
10895,5.6730465482903005,4.845098040014257,-0.8279485082760436,3
10896,5.697592525871897,4.845098040014257,-0.8524944858576404,10
10897,5.777258476674628,4.845098040014257,-0.9321604366603715,5
10898,5.753489543171436,4.845098040014257,-0.908391503157179,2
10899,6.015095398586876,5.857030798272624,-0.15806460031425207,6
10900,6.02249472708186,5.857030798272624,-0.16546392880923566,3
10901,5.986432924927433,5.857030798272624,-0.1294021266548091,7
10902,5.981563221818776,5.857030798272624,-0.12453242354615224,4
10903,5.996129402950655,5.857030798272624,-0.13909860467803092,10
10904,5.980681252386224,5.857030798272624,-0.12365045411359965,1
10905,5.988205881664378,5.857030798272624,-0.13117508339175377,8
10906,6.00916560943774,5.857030798272624,-0.15213481116511574,5
10907,5.980571885607124,5.857030798272624,-0.12354108733449998,9
10908,5.7867612858877004,6.078094150406411,0.29133286451871054,4
10909,5.890333298088271,6.078094150406411,0.18776085231813955,3
10910,5.86372043827086,6.078094150406411,0.21437371213555068,10
10911,5.856341229030188,6.078094150406411,0.22175292137622282,1
10912,5.844360671582189,6.078094150406411,0.23373347882422202,8
10913,5.79865052450549,6.078094150406411,0.279443625900921,9
10914,5.926812340634865,6.078094150406411,0.15128180977154582,7
10915,5.832610779276637,6.078094150406411,0.24548337112977414,2
10916,5.8403476566652515,6.078094150406411,0.23774649374115953,5
10917,6.587920342047461,6.382233234970556,-0.20568710707690485,4
10918,6.304398304225349,6.382233234970556,0.07783493074520731,6
10919,6.375461074528202,6.382233234970556,0.006772160442354291,1
10920,6.397548687228926,6.382233234970556,-0.01531545225836961,9
10921,6.518375406901204,6.382233234970556,-0.13614217193064793,3
10922,6.4292091518306105,6.382233234970556,-0.04697591686005431,5
10923,6.367779540755947,6.382233234970556,0.014453694214608959,2
10924,6.352754600232807,6.382233234970556,0.029478634737749587,7
10925,6.365276526809305,6.382233234970556,0.016956708161250944,10
10926,6.004709168763803,6.093421685162235,0.0887125163984317,9
10927,5.99916875412351,6.093421685162235,0.09425293103872434,7
10928,5.970759664282576,6.093421685162235,0.12266202087965894,4
10929,5.987851398571238,6.093421685162235,0.10557028659099643,1
10930,5.988293320245829,6.093421685162235,0.10512836491640609,3
10931,5.9765333358391635,6.093421685162235,0.11688834932307124,2
10932,6.032082374955473,6.093421685162235,0.061339310206761866,5
10933,6.078134259419191,6.093421685162235,0.015287425743043315,6
10934,5.973224095996547,6.093421685162235,0.1201975891656879,10
10935,5.983098871331751,5.78625439578978,-0.1968444755419707,7
10936,5.977862369284505,5.78625439578978,-0.19160797349472514,8
10937,5.9717132952131,5.78625439578978,-0.1854588994233195,4
10938,5.9461036065667665,5.78625439578978,-0.15984921077698644,2
10939,5.953639814986023,5.78625439578978,-0.1673854191962425,6
10940,5.989919917146878,5.78625439578978,-0.20366552135709792,1
10941,5.959168984485558,5.78625439578978,-0.17291458869577792,3
10942,5.972577825415747,5.78625439578978,-0.1863234296259666,5
10943,5.972939973980841,5.78625439578978,-0.18668557819106102,9
10944,5.846596218865825,5.963787827345556,0.11719160847973065,8
10945,5.695600227998181,5.963787827345556,0.2681875993473746,4
10946,5.888824979683122,5.963787827345556,0.07496284766243377,6
10947,5.829428295941652,5.963787827345556,0.1343595314039039,1
10948,5.822692842881556,5.963787827345556,0.14109498446399993,3
10949,5.829511440820198,5.963787827345556,0.13427638652535734,2
10950,5.844254679279493,5.963787827345556,0.11953314806606219,5
10951,5.799982543754632,5.963787827345556,0.16380528359092317,10
10952,5.850312653535822,5.963787827345556,0.11347517380973393,9
10953,5.978766989188333,6.093421685162235,0.11465469597390143,10
10954,6.030592311127964,6.093421685162235,0.06282937403427091,9
10955,6.034540784717787,6.093421685162235,0.05888090044444727,6
10956,6.024537229056622,6.093421685162235,0.06888445610561256,1
10957,5.997045042251627,6.093421685162235,0.09637664291060766,3
10958,5.986693741216537,6.093421685162235,0.10672794394569785,5
10959,6.015244744916529,6.093421685162235,0.07817694024570532,7
10960,5.987389284636838,6.093421685162235,0.10603240052539675,2
10961,6.038909298880311,6.093421685162235,0.054512386281923675,8
10962,5.62558738237577,4.88309335857569,-0.7424940238000799,3
10963,5.633309222611656,4.88309335857569,-0.7502158640359662,10
10964,5.567476323982647,4.88309335857569,-0.6843829654069573,1
10965,5.614205433341616,4.88309335857569,-0.7311120747659263,6
10966,5.548577543844424,4.88309335857569,-0.6654841852687339,4
10967,5.604733881757621,4.88309335857569,-0.7216405231819314,7
10968,5.581295152369589,4.88309335857569,-0.6982017937938991,2
10969,5.6347292769687005,4.88309335857569,-0.7516359183930108,8
10970,5.592696434872038,4.88309335857569,-0.7096030762963483,5
10971,5.838411547263172,5.123851640967086,-0.7145599062960866,2
10972,5.902898218731873,5.123851640967086,-0.7790465777647873,4
10973,5.8353844399277515,5.123851640967086,-0.7115327989606657,6
10974,5.865067901665998,5.123851640967086,-0.7412162606989119,9
10975,5.861909710361252,5.123851640967086,-0.7380580693941665,5
10976,5.921038791922611,5.123851640967086,-0.7971871509555255,1
10977,5.904477836504124,5.123851640967086,-0.7806261955370379,10
10978,5.836550090888085,5.123851640967086,-0.7126984499209996,7
10979,6.032786224454032,5.123851640967086,-0.9089345834869462,3
10980,6.003380441906426,6.176091259055681,0.1727108171492553,4
10981,5.998113622741254,6.176091259055681,0.1779776363144272,6
10982,6.014099886763083,6.176091259055681,0.16199137229259808,1
10983,5.968515298810154,6.176091259055681,0.20757596024552694,10
10984,5.9556162844669345,6.176091259055681,0.22047497458874687,2
10985,6.006961636131813,6.176091259055681,0.1691296229238679,8
10986,5.941729007219357,6.176091259055681,0.2343622518363242,3
10987,6.016981535049691,6.176091259055681,0.15910972400599022,9
10988,6.018443155963237,6.176091259055681,0.15764810309244393,7
10989,4.33533328564213,3.3010299956639813,-1.0343032899781486,6
10990,4.519490257190624,3.3010299956639813,-1.2184602615266424,5
10991,4.432108226213555,3.3010299956639813,-1.1310782305495737,8
10992,4.419803154577521,3.3010299956639813,-1.1187731589135401,2
10993,4.209116439278772,3.3010299956639813,-0.9080864436147911,9
10994,4.3008776757235525,3.3010299956639813,-0.9998476800595713,1
10995,4.202494334308514,3.3010299956639813,-0.9014643386445327,7
10996,4.323448085660564,3.3010299956639813,-1.0224180899965827,3
10997,4.435606737728741,3.3010299956639813,-1.13457674206476,10
10998,6.013953007631267,6.392978186542541,0.37902517891127374,6
10999,6.05243139171514,6.392978186542541,0.340546794827401,8
11000,5.948073638920456,6.392978186542541,0.44490454762208476,4
11001,6.080375238834812,6.392978186542541,0.31260294770772923,9
11002,6.040982374081176,6.392978186542541,0.35199581246136447,1
11003,6.077780710955771,6.392978186542541,0.31519747558676947,7
11004,6.088358441117506,6.392978186542541,0.3046197454250352,3
11005,5.985648181541139,6.392978186542541,0.40733000500140193,2
11006,6.041089569163522,6.392978186542541,0.3518886173790188,10
11007,6.218438112563315,6.463445031770428,0.24500691920711315,2
11008,6.128679439707952,6.463445031770428,0.33476559206247636,10
11009,6.181501480349012,6.463445031770428,0.28194355142141614,3
11010,6.179745555365705,6.463445031770428,0.28369947640472315,9
11011,6.183780005074204,6.463445031770428,0.2796650266962244,7
11012,6.178385436506171,6.463445031770428,0.28505959526425695,1
11013,6.288586161605325,6.463445031770428,0.17485887016510304,4
11014,6.2053737015453025,6.463445031770428,0.25807133022512563,6
11015,6.178267850123496,6.463445031770428,0.2851771816469322,5
11016,5.619175008545979,5.0,-0.6191750085459793,5
11017,5.629886659234293,5.0,-0.6298866592342929,4
11018,5.560949452183847,5.0,-0.5609494521838467,7
11019,5.612457392578886,5.0,-0.6124573925788859,8
11020,5.578920172849364,5.0,-0.5789201728493643,10
11021,5.549519266715052,5.0,-0.5495192667150519,3
11022,5.636557803816483,5.0,-0.6365578038164834,1
11023,5.586278245857747,5.0,-0.5862782458577467,6
11024,5.654324502814981,5.0,-0.6543245028149807,2
11025,6.025245892520822,6.544068044350276,0.518822151829454,8
11026,5.968153375817696,6.544068044350276,0.5759146685325796,1
11027,5.984032158912862,6.544068044350276,0.5600358854374132,6
11028,5.975871989764489,6.544068044350276,0.5681960545857869,5
11029,6.060772495326309,6.544068044350276,0.48329554902396676,9
11030,6.011782834168215,6.544068044350276,0.532285210182061,4
11031,5.988531178493251,6.544068044350276,0.5555368658570243,2
11032,6.025963580870636,6.544068044350276,0.5181044634796397,7
11033,5.954133228594626,6.544068044350276,0.5899348157556501,10
11034,6.173296632140651,6.75427186868346,0.5809752365428098,10
11035,6.290795076561667,6.75427186868346,0.46347679212179305,9
11036,6.180659852143148,6.75427186868346,0.573612016540312,8
11037,6.1242656330256215,6.75427186868346,0.6300062356578389,1
11038,6.145133439951696,6.75427186868346,0.6091384287317645,5
11039,6.0901972264649675,6.75427186868346,0.6640746422184929,7
11040,6.155969027881591,6.75427186868346,0.5983028408018694,3
11041,6.297410497903598,6.75427186868346,0.4568613707798628,6
11042,6.157761299118882,6.75427186868346,0.596510569564578,4
11043,6.137002988913241,6.152288344383057,0.015285355469815798,7
11044,6.099427215143632,6.152288344383057,0.05286112923942454,1
11045,6.058688604785331,6.152288344383057,0.0935997395977255,3
11046,6.068505341222834,6.152288344383057,0.08378300316022269,5
11047,5.965509942802093,6.152288344383057,0.18677840158096348,10
11048,6.05530572841179,6.152288344383057,0.09698261597126656,6
11049,6.0445060594343945,6.152288344383057,0.10778228494866227,9
11050,6.064960413126889,6.152288344383057,0.08732793125616745,8
11051,6.137299195638,6.152288344383057,0.01498914874505708,4
11052,5.594440083179013,6.079181246047625,0.48474116286861246,10
11053,5.6048943208672375,6.079181246047625,0.4742869251803876,5
11054,5.667339608057459,6.079181246047625,0.4118416379901664,6
11055,5.543590679246232,6.079181246047625,0.5355905668013934,2
11056,5.640824951874152,6.079181246047625,0.4383562941734729,9
11057,5.619515779632488,6.079181246047625,0.45966546641513695,8
11058,5.6091247417655,6.079181246047625,0.470056504282125,3
11059,5.582054829678691,6.079181246047625,0.49712641636893373,7
11060,5.4335969958212464,6.079181246047625,0.6455842502263787,4
11061,5.957921048637491,6.544068044350276,0.5861469957127845,5
11062,5.900505460583094,6.544068044350276,0.6435625837671815,9
11063,5.902992129359975,6.544068044350276,0.6410759149903003,8
11064,6.013719574272731,6.544068044350276,0.5303484700775449,10
11065,6.017724309680863,6.544068044350276,0.5263437346694131,1
11066,5.923894881922705,6.544068044350276,0.6201731624275704,7
11067,5.945556578569686,6.544068044350276,0.5985114657805894,2
11068,5.965566831864312,6.544068044350276,0.5785012124859641,4
11069,5.931467724243764,6.544068044350276,0.6126003201065116,6
11070,6.040515558086113,5.850033257689769,-0.1904823003963445,7
11071,6.059356589576583,5.850033257689769,-0.2093233318868144,5
11072,6.004638164617591,5.850033257689769,-0.1546049069278217,6
11073,5.896027914210006,5.850033257689769,-0.04599465652023671,10
11074,6.0004438048425675,5.850033257689769,-0.15041054715279856,9
11075,5.985142196919394,5.850033257689769,-0.1351089392296254,2
11076,5.999798018101664,5.850033257689769,-0.14976476041189546,3
11077,6.012139955032535,5.850033257689769,-0.16210669734276628,4
11078,6.004669495793295,5.850033257689769,-0.15463623810352622,8
11079,5.814664494336981,5.187520720836463,-0.6271437735005181,3
11080,5.85597551770703,5.187520720836463,-0.6684547968705674,6
11081,5.848130822207763,5.187520720836463,-0.6606101013712999,10
11082,5.891753785008627,5.187520720836463,-0.7042330641721639,5
11083,5.925966586457663,5.187520720836463,-0.7384458656212001,1
11084,5.857100338666666,5.187520720836463,-0.6695796178302036,8
11085,5.832275874413742,5.187520720836463,-0.6447551535772797,9
11086,5.922254454264121,5.187520720836463,-0.7347337334276585,4
11087,5.862644006485549,5.187520720836463,-0.6751232856490867,2
11088,6.378053447570414,6.432327792261604,0.054274344691189746,3
11089,6.2408611834120835,6.432327792261604,0.19146660884952027,6
11090,6.397175535159806,6.432327792261604,0.0351522571017977,2
11091,6.417917529132948,6.432327792261604,0.014410263128655565,4
11092,6.472028070112765,6.432327792261604,-0.03970027785116148,9
11093,6.375877701095191,6.432327792261604,0.056450091166412975,5
11094,6.204826528609435,6.432327792261604,0.22750126365216872,10
11095,6.364496815338291,6.432327792261604,0.06783097692331275,8
11096,6.443192115881165,6.432327792261604,-0.010864323619561134,7
11097,6.343970952680022,6.776701183988411,0.4327302313083896,8
11098,6.35633848166711,6.776701183988411,0.42036270232130146,5
11099,6.414845029644201,6.776701183988411,0.3618561543442107,7
11100,6.337625577557015,6.776701183988411,0.43907560643139654,2
11101,6.331897119758745,6.776701183988411,0.44480406422966645,3
11102,6.349466232009174,6.776701183988411,0.4272349519792371,1
11103,6.347498349983155,6.776701183988411,0.42920283400525605,10
11104,6.392065661417896,6.776701183988411,0.38463552257051514,9
11105,6.377714210195447,6.776701183988411,0.39898697379296433,4
11106,5.815002788199563,5.02938377768521,-0.7856190105143535,4
11107,5.865062259148556,5.02938377768521,-0.8356784814633462,3
11108,5.861092621963127,5.02938377768521,-0.8317088442779177,10
11109,5.892297403449076,5.02938377768521,-0.8629136257638663,6
11110,5.878574005091037,5.02938377768521,-0.8491902274058276,5
11111,5.888425863366248,5.02938377768521,-0.8590420856810379,1
11112,5.85808883933201,5.02938377768521,-0.8287050616467999,9
11113,5.8318336346339334,5.02938377768521,-0.8024498569487237,2
11114,5.857619992491407,5.02938377768521,-0.8282362148061972,8
11115,5.974519228495914,6.360404054729939,0.3858848262340251,3
11116,5.964290854071218,6.360404054729939,0.39611320065872047,9
11117,5.836192043066349,6.360404054729939,0.5242120116635895,6
11118,5.966254405936289,6.360404054729939,0.39414964879364955,5
11119,5.807521915660559,6.360404054729939,0.5528821390693794,10
11120,5.94754592367402,6.360404054729939,0.41285813105591895,2
11121,5.91489985876862,6.360404054729939,0.44550419596131885,8
11122,5.963432760608361,6.360404054729939,0.3969712941215775,1
11123,5.972092328699016,6.360404054729939,0.38831172603092234,4
11124,5.827337736351254,6.176091259055681,0.3487535227044276,1
11125,5.802671340471546,6.176091259055681,0.37341991858413515,9
11126,5.879186942366268,6.176091259055681,0.296904316689413,6
11127,5.784958696342045,6.176091259055681,0.3911325627136364,10
11128,5.900472687116831,6.176091259055681,0.27561857193885064,8
11129,5.7458539127924295,6.176091259055681,0.43023734626325183,5
11130,5.766820158923859,6.176091259055681,0.40927110013182233,7
11131,5.7260201512962245,6.176091259055681,0.4500711077594568,4
11132,5.749257927179325,6.176091259055681,0.42683333187635597,3
11133,5.732297808699164,5.787318756624548,0.055020947925384256,8
11134,5.73458316849943,5.787318756624548,0.052735588125117694,7
11135,5.71185166089325,5.787318756624548,0.07546709573129817,9
11136,5.751579946433529,5.787318756624548,0.035738810191018544,2
11137,5.744412392116217,5.787318756624548,0.04290636450833052,1
11138,5.747166991816001,5.787318756624548,0.040151764808546986,5
11139,5.678616858470313,5.787318756624548,0.10870189815423448,10
11140,5.729352213786211,5.787318756624548,0.057966542838336466,6
11141,5.7708774389853055,5.787318756624548,0.016441317639242392,3
11142,5.531608625673869,3.89209460269048,-1.6395140229833887,4
11143,5.513180102646848,3.89209460269048,-1.6210854999563677,6
11144,5.545502385599845,3.89209460269048,-1.6534077829093654,5
11145,5.550235344171811,3.89209460269048,-1.658140741481331,8
11146,5.555118226204417,3.89209460269048,-1.6630236235139373,2
11147,5.429925288998443,3.89209460269048,-1.537830686307963,9
11148,5.568299418270662,3.89209460269048,-1.6762048155801823,7
11149,5.383777484746312,3.89209460269048,-1.4916828820558319,3
11150,5.694544386984373,3.89209460269048,-1.8024497842938931,1
11151,4.593210919319908,4.096910013008056,-0.496300906311852,8
11152,4.460820259679429,4.096910013008056,-0.36391024667137284,10
11153,4.4663653770344505,4.096910013008056,-0.36945536402639423,1
11154,4.472449248478555,4.096910013008056,-0.37553923547049894,7
11155,4.659763229732129,4.096910013008056,-0.562853216724073,4
11156,4.337187373190334,4.096910013008056,-0.24027736018227763,9
11157,4.535273993902784,4.096910013008056,-0.43836398089472794,5
11158,4.587383642331422,4.096910013008056,-0.4904736293233656,3
11159,4.443448239013475,4.096910013008056,-0.3465382260054186,2
11160,4.1770473651328235,3.404833716619938,-0.7722136485128854,1
11161,4.2060029405783395,3.404833716619938,-0.8011692239584014,5
11162,4.174014544588424,3.404833716619938,-0.7691808279684857,2
11163,4.037791697437282,3.404833716619938,-0.6329579808173436,9
11164,4.1956524587028525,3.404833716619938,-0.7908187420829145,3
11165,4.289369383624138,3.404833716619938,-0.8845356670042004,8
11166,4.170623837945862,3.404833716619938,-0.765790121325924,10
11167,4.135104228160465,3.404833716619938,-0.7302705115405268,7
11168,3.9808526647257927,3.404833716619938,-0.5760189481058546,4
11169,5.356422524097337,5.816506437046357,0.4600839129490195,2
11170,5.374759090376725,5.816506437046357,0.441747346669632,3
11171,5.480875545531161,5.816506437046357,0.335630891515196,7
11172,5.214980112523085,5.816506437046357,0.601526324523272,8
11173,5.571416394758188,5.816506437046357,0.24509004228816877,9
11174,5.457687846512088,5.816506437046357,0.3588185905342689,5
11175,5.335667052291938,5.816506437046357,0.480839384754419,1
11176,5.349542943306172,5.816506437046357,0.46696349374018453,4
11177,5.457531601577006,5.816506437046357,0.3589748354693505,6
11178,5.3869601108142575,4.968482948553935,-0.4184771622603227,10
11179,5.637059422571924,4.968482948553935,-0.6685764740179891,5
11180,5.518105690149228,4.968482948553935,-0.549622741595293,1
11181,5.42298583813974,4.968482948553935,-0.45450288958580476,8
11182,5.561572698749134,4.968482948553935,-0.5930897501951993,3
11183,5.6328577387526355,4.968482948553935,-0.6643747901987007,6
11184,5.5721509059362715,4.968482948553935,-0.6036679573823367,2
11185,5.588474531430635,4.968482948553935,-0.6199915828767004,4
11186,5.674591068598707,4.968482948553935,-0.7061081200447719,9
11187,4.12420925719277,3.833147111912785,-0.29106214527998464,10
11188,4.180079834880747,3.833147111912785,-0.34693272296796174,6
11189,4.120458639987913,3.833147111912785,-0.2873115280751275,2
11190,4.113562232276147,3.833147111912785,-0.2804151203633616,7
11191,4.196256898370453,3.833147111912785,-0.36310978645766756,3
11192,4.0836990743932855,3.833147111912785,-0.2505519624805004,4
11193,4.147069603557483,3.833147111912785,-0.3139224916446981,5
11194,4.139591328169454,3.833147111912785,-0.3064442162566685,9
11195,4.158929223791724,3.833147111912785,-0.32578211187893924,1
11196,5.663771263842895,6.146128035678238,0.4823567718353434,9
11197,5.592147846186091,6.146128035678238,0.5539801894921474,5
11198,5.580206882909979,6.146128035678238,0.5659211527682588,7
11199,5.577156868537217,6.146128035678238,0.5689711671410214,6
11200,5.28713877985733,6.146128035678238,0.8589892558209078,8
11201,5.510848628672665,6.146128035678238,0.635279407005573,3
11202,5.478549167571033,6.146128035678238,0.6675788681072055,4
11203,5.496693549842554,6.146128035678238,0.649434485835684,2
11204,5.368140627955596,6.146128035678238,0.7779874077226419,10
11205,4.4663653770344505,4.008600171761918,-0.4577652052725325,1
11206,4.443448239013475,4.008600171761918,-0.4348480672515569,2
11207,4.659763229732129,4.008600171761918,-0.6511630579702112,4
11208,4.593210919319908,4.008600171761918,-0.5846107475579903,8
11209,4.535273993902784,4.008600171761918,-0.5266738221408662,5
11210,4.5581266833976875,4.008600171761918,-0.5495265116357695,6
11211,4.460820259679429,4.008600171761918,-0.4522200879175111,10
11212,4.472449248478555,4.008600171761918,-0.4638490767166372,7
11213,4.337187373190334,4.008600171761918,-0.3285872014284159,9
11214,4.991441226928013,4.0,-0.9914412269280133,10
11215,4.963395836016097,4.0,-0.9633958360160966,7
11216,5.0404327408778515,4.0,-1.0404327408778515,4
11217,4.801524696309554,4.0,-0.8015246963095537,3
11218,5.124409476005187,4.0,-1.1244094760051873,9
11219,4.9175813741234995,4.0,-0.9175813741234995,1
11220,4.992320778552121,4.0,-0.9923207785521209,2
11221,5.088970854997758,4.0,-1.0889708549977577,6
11222,5.053973107801334,4.0,-1.0539731078013341,8
11223,4.883444590673192,4.089905111439398,-0.793539479233794,6
11224,4.894687304631989,4.089905111439398,-0.8047821931925911,7
11225,4.82620114553565,4.089905111439398,-0.7362960340962523,9
11226,4.850620599435478,4.089905111439398,-0.7607154879960802,4
11227,4.785705406634705,4.089905111439398,-0.6958002951953066,8
11228,4.977388611233134,4.089905111439398,-0.8874834997937358,3
11229,4.905226366054968,4.089905111439398,-0.8153212546155704,1
11230,4.8085315149662575,4.089905111439398,-0.7186264035268595,10
11231,4.916885304836398,4.089905111439398,-0.8269801933969996,2
11232,5.049418644217305,3.770852011642144,-1.2785666325751608,8
11233,5.16692640419402,3.770852011642144,-1.396074392551876,7
11234,5.113408295582463,3.770852011642144,-1.3425562839403193,6
11235,5.099449580371229,3.770852011642144,-1.3285975687290854,4
11236,5.028789736425015,3.770852011642144,-1.2579377247828711,2
11237,5.03763079620496,3.770852011642144,-1.266778784562816,1
11238,5.179171796548269,3.770852011642144,-1.4083197849061255,5
11239,5.033830918707012,3.770852011642144,-1.262978907064868,10
11240,5.149415877511672,3.770852011642144,-1.3785638658695278,3
11241,4.558778356567748,3.6020599913279625,-0.9567183652397855,5
11242,4.498565027370125,3.6020599913279625,-0.8965050360421625,3
11243,4.534262935992736,3.6020599913279625,-0.9322029446647733,10
11244,4.568904102917788,3.6020599913279625,-0.9668441115898254,7
11245,4.62464197242112,3.6020599913279625,-1.0225819810931576,2
11246,4.480954736803816,3.6020599913279625,-0.8788947454758533,8
11247,4.518474202815868,3.6020599913279625,-0.9164142114879059,9
11248,4.584280390061765,3.6020599913279625,-0.9822203987338023,6
11249,4.511615418043383,3.6020599913279625,-0.9095554267154204,4
11250,3.945631878372532,3.869231719730976,-0.07640015864155636,2
11251,3.8852669372053024,3.869231719730976,-0.01603521747432657,5
11252,4.174932529655678,3.869231719730976,-0.30570080992470183,8
11253,3.9130304842661174,3.869231719730976,-0.04379876453514164,7
11254,3.8558810248588946,3.869231719730976,0.013350694872081181,1
11255,3.9098954602323137,3.869231719730976,-0.04066374050133792,3
11256,4.02839656920423,3.869231719730976,-0.1591648494732545,6
11257,3.9022547733646267,3.869231719730976,-0.03302305363365088,4
11258,3.916290205283639,3.869231719730976,-0.04705848555266323,10
11259,3.76268669216405,3.206825876031849,-0.555860816132201,7
11260,3.88095061456488,3.206825876031849,-0.6741247385330311,8
11261,3.897534262902362,3.206825876031849,-0.6907083868705128,10
11262,3.865743505785441,3.206825876031849,-0.6589176297535917,9
11263,3.7632275804734037,3.206825876031849,-0.5564017044415546,1
11264,3.799933617324173,3.206825876031849,-0.5931077412923238,4
11265,3.8484162836998674,3.206825876031849,-0.6415904076680183,2
11266,3.81916446746909,3.206825876031849,-0.6123385914372408,3
11267,3.879984913883975,3.206825876031849,-0.6731590378521259,5
11268,4.285949096857474,3.589949601325708,-0.6959994955317654,8
11269,4.122528561686975,3.589949601325708,-0.532578960361267,4
11270,4.115747669267227,3.589949601325708,-0.5257980679415191,10
11271,4.094144443981638,3.589949601325708,-0.50419484265593,7
11272,4.194409407399988,3.589949601325708,-0.6044598060742796,3
11273,4.0967846761191815,3.589949601325708,-0.5068350747934733,1
11274,4.147245582426996,3.589949601325708,-0.5572959811012881,9
11275,4.133172774549066,3.589949601325708,-0.5432231732233577,2
11276,4.120039757944407,3.589949601325708,-0.5300901566186988,5
11277,4.34666651188691,2.903089986991944,-1.4435765248949655,2
11278,4.374215999049688,2.903089986991944,-1.4711260120577436,10
11279,4.40734216413145,2.903089986991944,-1.5042521771395054,7
11280,4.465642140274814,2.903089986991944,-1.5625521532828697,8
11281,4.3932438023947284,2.903089986991944,-1.4901538154027842,6
11282,4.421167252495957,2.903089986991944,-1.518077265504013,3
11283,4.307007938747569,2.903089986991944,-1.4039179517556248,1
11284,4.378632930186374,2.903089986991944,-1.4755429431944296,9
11285,4.31582261683759,2.903089986991944,-1.4127326298456455,5
11286,4.8511734661449415,4.167317334748176,-0.6838561313967659,8
11287,4.928295784792336,4.167317334748176,-0.7609784500441608,6
11288,4.8758674445098125,4.167317334748176,-0.7085501097616369,3
11289,4.859537589548904,4.167317334748176,-0.6922202548007288,10
11290,4.913223006206235,4.167317334748176,-0.7459056714580594,2
11291,4.760138586922074,4.167317334748176,-0.5928212521738985,1
11292,4.8756733005361665,4.167317334748176,-0.708355965787991,7
11293,4.8378465028072615,4.167317334748176,-0.6705291680590859,5
11294,4.9769543480910725,4.167317334748176,-0.809637013342897,4
11295,4.494622125363252,4.035829825252828,-0.4587923001104235,10
11296,4.554947029593987,4.035829825252828,-0.5191172043411587,8
11297,4.597835223721883,4.035829825252828,-0.5620053984690543,6
11298,4.515539730222445,4.035829825252828,-0.4797099049696163,4
11299,4.4862851287110415,4.035829825252828,-0.45045530345821305,3
11300,4.670777360766698,4.035829825252828,-0.6349475355138692,9
11301,4.564542561886999,4.035829825252828,-0.5287127366341702,7
11302,4.598310527132649,4.035829825252828,-0.5624807018798208,1
11303,4.508790032927237,4.035829825252828,-0.47296020767440883,5
11304,5.911256535898527,6.024046225131059,0.11278968923253174,1
11305,5.806527321706246,6.024046225131059,0.21751890342481328,6
11306,5.913405016781486,6.024046225131059,0.11064120834957336,8
11307,5.871819399626014,6.024046225131059,0.15222682550504452,10
11308,5.944588226121095,6.024046225131059,0.0794579990099642,4
11309,5.97681186226526,6.024046225131059,0.047234362865799184,7
11310,5.89020134140032,6.024046225131059,0.1338448837307391,3
11311,5.911252597345008,6.024046225131059,0.11279362778605062,5
11312,5.912417619605155,6.024046225131059,0.1116286055259037,2
11313,4.101252168172095,5.247973266361806,1.1467210981897118,7
11314,4.261992019602275,5.247973266361806,0.9859812467595317,4
11315,4.2337597401564615,5.247973266361806,1.0142135262053449,3
11316,4.07533474104174,5.247973266361806,1.1726385253200666,6
11317,4.164148311243888,5.247973266361806,1.083824955117918,2
11318,4.29735529161394,5.247973266361806,0.9506179747478667,5
11319,4.231183391636019,5.247973266361806,1.016789874725787,1
11320,4.263329779559985,5.247973266361806,0.9846434868018212,10
11321,4.254033426215011,5.247973266361806,0.9939398401467958,8
11322,5.966071284125957,6.491361693834273,0.5252904097083162,9
11323,6.12464959000862,6.491361693834273,0.36671210382565267,5
11324,5.859803679424841,6.491361693834273,0.6315580144094319,7
11325,5.810322988401179,6.491361693834273,0.6810387054330942,4
11326,5.946699230067169,6.491361693834273,0.5446624637671045,2
11327,5.98531484442023,6.491361693834273,0.5060468494140427,1
11328,5.847713191548802,6.491361693834273,0.6436485022854708,3
11329,5.921928847717931,6.491361693834273,0.5694328461163423,10
11330,5.860995596538642,6.491361693834273,0.6303660972956306,8
11331,5.74084063364959,4.833147111912785,-0.907693521736805,6
11332,5.904272140909834,4.833147111912785,-1.0711250289970486,2
11333,6.105508890270531,4.833147111912785,-1.2723617783577454,8
11334,5.919362642647667,4.833147111912785,-1.086215530734882,10
11335,5.934881177450941,4.833147111912785,-1.1017340655381558,9
11336,5.958260849608628,4.833147111912785,-1.1251137376958429,7
11337,5.9337603489615045,4.833147111912785,-1.1006132370487194,5
11338,6.0534764896241535,4.833147111912785,-1.2203293777113684,3
11339,6.017530878032689,4.833147111912785,-1.184383766119904,1
11340,6.08629091140952,6.334453751150931,0.2481628397414104,1
11341,6.064635722350352,6.334453751150931,0.2698180288005787,5
11342,6.027361338321656,6.334453751150931,0.3070924128292747,9
11343,6.093467764040082,6.334453751150931,0.2409859871108484,3
11344,5.869013542949997,6.334453751150931,0.4654402082009339,10
11345,6.044479536047111,6.334453751150931,0.28997421510382004,7
11346,6.007081615760963,6.334453751150931,0.3273721353899681,4
11347,6.090167665115069,6.334453751150931,0.24428608603586177,8
11348,6.11352258194983,6.334453751150931,0.22093116920110045,2
11349,6.567818568546101,7.708420900134713,1.140602331588612,8
11350,6.450201339639378,7.708420900134713,1.258219560495335,3
11351,6.539305924862497,7.708420900134713,1.1691149752722154,1
11352,6.491266016926025,7.708420900134713,1.2171548832086883,10
11353,6.555983099532965,7.708420900134713,1.1524378006017475,7
11354,6.552800416551418,7.708420900134713,1.155620483583295,9
11355,6.493423533760688,7.708420900134713,1.2149973663740248,2
11356,6.62523890359266,7.708420900134713,1.083181996542053,4
11357,6.450427012334379,7.708420900134713,1.2579938878003336,5
11358,5.555126067378651,4.698970004336019,-0.8561560630426319,10
11359,5.60301875407583,4.698970004336019,-0.9040487497398111,1
11360,5.586027249470677,4.698970004336019,-0.8870572451346579,3
11361,5.572164664897904,4.698970004336019,-0.873194660561885,8
11362,5.52002701393625,4.698970004336019,-0.8210570096002314,4
11363,5.542597370032667,4.698970004336019,-0.8436273656966486,2
11364,5.596129787304917,4.698970004336019,-0.897159782968898,5
11365,5.530757290213196,4.698970004336019,-0.8317872858771773,6
11366,5.581976100227706,4.698970004336019,-0.8830060958916874,9
11367,5.950137265997513,6.32221929473392,0.3720820287364077,1
11368,5.953108289588629,6.32221929473392,0.3691110051452915,7
11369,5.881757923113491,6.32221929473392,0.44046137162042953,4
11370,5.953263880878548,6.32221929473392,0.3689554138553728,10
11371,5.863576870938018,6.32221929473392,0.4586424237959026,8
11372,5.894286771249946,6.32221929473392,0.4279325234839746,5
11373,5.931299637741747,6.32221929473392,0.3909196569921738,2
11374,5.63905871041824,6.32221929473392,0.6831605843156803,9
11375,5.803486233647176,6.32221929473392,0.5187330610867447,6
11376,4.930462981573312,6.2812606870550125,1.3507977054817006,2
11377,5.095994756444516,6.2812606870550125,1.1852659306104965,6
11378,5.074581304315924,6.2812606870550125,1.2066793827390887,7
11379,5.0975756669129035,6.2812606870550125,1.183685020142109,1
11380,4.968211279244459,6.2812606870550125,1.3130494078105537,5
11381,4.857320150267777,6.2812606870550125,1.423940536787235,9
11382,4.984175696229899,6.2812606870550125,1.2970849908251134,3
11383,5.2252695123677775,6.2812606870550125,1.055991174687235,8
11384,5.053589034126014,6.2812606870550125,1.2276716529289988,4
11385,5.936690745166128,6.230448921378274,0.2937581762121457,6
11386,5.957492384772247,6.230448921378274,0.2729565366060269,1
11387,6.033473853032075,6.230448921378274,0.19697506834619904,5
11388,6.107945246841924,6.230448921378274,0.12250367453635036,10
11389,6.071536065831936,6.230448921378274,0.15891285554633772,9
11390,6.020103289043254,6.230448921378274,0.21034563233502013,4
11391,6.012539161780118,6.230448921378274,0.2179097595981565,2
11392,6.073173626813119,6.230448921378274,0.15727529456515477,8
11393,6.037809034449707,6.230448921378274,0.19263988692856682,7
11394,5.7041446488314245,5.0,-0.7041446488314245,1
11395,5.72011422796586,5.0,-0.7201142279658601,6
11396,5.675460280869641,5.0,-0.6754602808696406,2
11397,5.74626750226201,5.0,-0.7462675022620102,10
11398,5.766214493137242,5.0,-0.7662144931372419,8
11399,5.737402772840609,5.0,-0.7374027728406087,4
11400,5.6501360933997375,5.0,-0.6501360933997375,5
11401,5.67357967782259,5.0,-0.6735796778225902,3
11402,5.667180993889205,5.0,-0.6671809938892048,7
11403,5.53473139271831,4.26150077319828,-1.2732306195200298,2
11404,5.7143693671047835,4.26150077319828,-1.4528685939065031,9
11405,5.732126003194561,4.26150077319828,-1.4706252299962808,1
11406,5.7613607077926785,4.26150077319828,-1.4998599345943981,8
11407,5.688544795894798,4.26150077319828,-1.427044022696518,3
11408,5.677464401919546,4.26150077319828,-1.4159636287212658,6
11409,5.672896931522523,4.26150077319828,-1.4113961583242425,5
11410,5.688420760715619,4.26150077319828,-1.4269199875173388,4
11411,5.691915138276123,4.26150077319828,-1.4304143650778425,7
11412,6.324546624947086,7.077222510411053,0.752675885463967,3
11413,6.470478530706557,7.077222510411053,0.606743979704496,9
11414,6.4227495954435945,7.077222510411053,0.6544729149674584,1
11415,6.136571172111966,7.077222510411053,0.9406513382990873,6
11416,6.486581606995088,7.077222510411053,0.5906409034159648,8
11417,6.499754594493691,7.077222510411053,0.5774679159173619,10
11418,6.517526310021666,7.077222510411053,0.5596962003893866,4
11419,6.436676739409316,7.077222510411053,0.6405457710017366,7
11420,6.339738347796368,7.077222510411053,0.7374841626146846,2
11421,6.4977527200448515,7.05865374157237,0.5609010215275188,1
11422,6.5080949991281525,7.05865374157237,0.5505587424442178,8
11423,6.48087048003813,7.05865374157237,0.5777832615342406,4
11424,6.388628674294685,7.05865374157237,0.6700250672776855,7
11425,6.440591061534954,7.05865374157237,0.6180626800374158,10
11426,6.26881747032991,7.05865374157237,0.7898362712424598,6
11427,6.484800604516596,7.05865374157237,0.5738531370557745,9
11428,6.334456224212978,7.05865374157237,0.724197517359392,5
11429,6.4555794337240915,7.05865374157237,0.6030743078482788,2
11430,5.231715591107959,5.0,-0.23171559110795936,10
11431,5.134282495627564,5.0,-0.13428249562756367,6
11432,5.141683408285927,5.0,-0.1416834082859273,1
11433,5.145309061292444,5.0,-0.14530906129244414,7
11434,5.043507597734351,5.0,-0.04350759773435087,4
11435,5.158865781197601,5.0,-0.1588657811976013,5
11436,5.179562032617908,5.0,-0.17956203261790815,9
11437,5.210955094314894,5.0,-0.2109550943148939,8
11438,5.216030302759657,5.0,-0.2160303027596573,2
11439,4.318848746338839,3.709269960975831,-0.6095787853630079,4
11440,4.431282583666825,3.709269960975831,-0.7220126226909938,1
11441,4.352791569051711,3.709269960975831,-0.6435216080758805,9
11442,4.292393884535757,3.709269960975831,-0.5831239235599264,8
11443,4.415629252233795,3.709269960975831,-0.7063592912579639,3
11444,4.2949438894026875,3.709269960975831,-0.5856739284268566,2
11445,4.302419340322809,3.709269960975831,-0.5931493793469778,7
11446,4.433535820851742,3.709269960975831,-0.7242658598759113,6
11447,4.3375263747633515,3.709269960975831,-0.6282564137875206,10
11448,4.881096744256386,3.431363764158988,-1.449732980097398,5
11449,4.871617723445589,3.431363764158988,-1.4402539592866015,9
11450,4.851546380693754,3.431363764158988,-1.420182616534766,6
11451,4.832052094593867,3.431363764158988,-1.4006883304348792,7
11452,4.737047933968939,3.431363764158988,-1.3056841698099513,2
11453,4.7564960743050335,3.431363764158988,-1.3251323101460457,8
11454,4.870963084115417,3.431363764158988,-1.4395993199564288,4
11455,4.758328441531845,3.431363764158988,-1.3269646773728576,1
11456,4.759621542500964,3.431363764158988,-1.3282577783419764,10
11457,4.726359955734298,5.0,0.27364004426570165,2
11458,4.870336612791336,5.0,0.1296633872086641,10
11459,5.033503486030035,5.0,-0.03350348603003539,3
11460,4.952573209046655,5.0,0.04742679095334523,9
11461,4.870467570934676,5.0,0.12953242906532392,8
11462,4.697623567467577,5.0,0.30237643253242297,1
11463,4.950295041619176,5.0,0.04970495838082378,4
11464,4.806972321926303,5.0,0.19302767807369658,6
11465,4.746013506736143,5.0,0.2539864932638567,5
11466,5.627140926252546,6.079181246047625,0.4520403197950795,1
11467,5.571134813328895,6.079181246047625,0.5080464327187304,8
11468,5.617212972829366,6.079181246047625,0.4619682732182593,9
11469,5.525300919871049,6.079181246047625,0.5538803261765759,6
11470,5.625947749631195,6.079181246047625,0.45323349641642974,2
11471,5.547229235213134,6.079181246047625,0.5319520108344911,5
11472,5.587716622638037,6.079181246047625,0.4914646234095885,10
11473,5.405432821884021,6.079181246047625,0.6737484241636045,4
11474,5.503032646712278,6.079181246047625,0.5761485993353475,7
11475,4.084041765928087,3.770852011642144,-0.3131897542859434,5
11476,3.9270643380497305,3.770852011642144,-0.15621232640758675,7
11477,3.926114402708561,3.770852011642144,-0.15526239106641704,1
11478,3.984181188433588,3.770852011642144,-0.21332917679144403,8
11479,3.8574821419331715,3.770852011642144,-0.08663013029102773,9
11480,4.040120036054015,3.770852011642144,-0.26926802441187103,4
11481,3.8490305740671444,3.770852011642144,-0.07817856242500065,6
11482,3.934318665927238,3.770852011642144,-0.16346665428509422,3
11483,3.970489759132274,3.770852011642144,-0.1996377474901303,2
11484,5.925955293884258,6.383653821462558,0.4576985275782999,10
11485,5.981866422223495,6.383653821462558,0.4017873992390628,8
11486,5.944484420210212,6.383653821462558,0.4391694012523466,6
11487,5.984188302494284,6.383653821462558,0.39946551896827387,9
11488,6.012000412636424,6.383653821462558,0.37165340882613407,1
11489,5.983278499978228,6.383653821462558,0.4003753214843302,5
11490,5.963681923446695,6.383653821462558,0.4199718980158629,7
11491,6.001101018904132,6.383653821462558,0.3825528025584264,4
11492,5.913820367798246,6.383653821462558,0.46983345366431184,2
11493,6.281942263937558,6.281941933440825,-3.3049673309193395e-07,6
11494,6.255557252354726,6.281941933440825,0.026384681086098816,2
11495,6.314088269476807,6.281941933440825,-0.03214633603598216,9
11496,6.285935379551313,6.281941933440825,-0.003993446110488463,1
11497,6.274576257860067,6.281941933440825,0.007365675580757625,8
11498,6.291350449783841,6.281941933440825,-0.009408516343015982,7
11499,6.169018192457025,6.281941933440825,0.11292374098379998,10
11500,6.23780209029589,6.281941933440825,0.04413984314493469,3
11501,6.306142964079286,6.281941933440825,-0.02420103063846124,4
11502,5.171309933607112,4.152288344383057,-1.0190215892240557,3
11503,5.122226771688168,4.152288344383057,-0.9699384273051113,2
11504,5.205958484721967,4.152288344383057,-1.0536701403389106,10
11505,5.102640207996007,4.152288344383057,-0.9503518636129504,4
11506,5.083230003836143,4.152288344383057,-0.9309416594530866,7
11507,5.163621997461098,4.152288344383057,-1.011333653078041,8
11508,5.160760883133917,4.152288344383057,-1.0084725387508602,5
11509,5.236936431546576,4.152288344383057,-1.0846480871635196,6
11510,5.215885393385235,4.152288344383057,-1.063597049002178,9
11511,5.204873159357232,6.176091259055681,0.971218099698449,6
11512,5.2401024566121865,6.176091259055681,0.9359888024434948,5
11513,5.012377684891943,6.176091259055681,1.1637135741637383,10
11514,5.197901895805638,6.176091259055681,0.9781893632500429,9
11515,5.055507598304978,6.176091259055681,1.120583660750703,2
11516,5.069453289653591,6.176091259055681,1.1066379694020902,1
11517,5.066370137451254,6.176091259055681,1.1097211216044274,7
11518,5.185079561041333,6.176091259055681,0.991011698014348,3
11519,5.053403369819854,6.176091259055681,1.1226878892358272,4
11520,5.039091964852746,4.195899652409234,-0.8431923124435121,6
11521,4.983501448788673,4.195899652409234,-0.7876017963794393,4
11522,5.191236715263987,4.195899652409234,-0.9953370628547527,8
11523,5.20008267385944,4.195899652409234,-1.0041830214502063,5
11524,5.061067673292342,4.195899652409234,-0.8651680208831083,7
11525,5.462131231082002,4.195899652409234,-1.2662315786727678,1
11526,5.239480880295636,4.195899652409234,-1.0435812278864018,3
11527,4.93193204735805,4.195899652409234,-0.7360323949488157,9
11528,5.185605075815669,4.195899652409234,-0.9897054234064351,10
11529,3.954993423131388,3.3010299956639813,-0.6539634274674069,4
11530,3.9517048188279267,3.3010299956639813,-0.6506748231639454,7
11531,4.066404030592877,3.3010299956639813,-0.7653740349288958,8
11532,3.9917447611291914,3.3010299956639813,-0.6907147654652102,9
11533,3.9579612342470107,3.3010299956639813,-0.6569312385830295,2
11534,3.983466344941449,3.3010299956639813,-0.6824363492774679,1
11535,4.0756628637259515,3.3010299956639813,-0.7746328680619703,5
11536,3.9418225269234504,3.3010299956639813,-0.6407925312594691,3
11537,4.028999347555696,3.3010299956639813,-0.7279693518917147,10
11538,6.011418647651102,6.079181246047625,0.06776259839652354,4
11539,6.084299704335045,6.079181246047625,-0.005118458287419969,6
11540,6.044343542611316,6.079181246047625,0.034837703436308765,8
11541,6.004822388026483,6.079181246047625,0.07435885802114228,2
11542,5.973542973366233,6.079181246047625,0.10563827268139203,7
11543,6.022943958930403,6.079181246047625,0.05623728711722187,1
11544,6.0390168068880135,6.079181246047625,0.04016443915961165,5
11545,6.083022722313883,6.079181246047625,-0.0038414762662579705,3
11546,5.984417896045414,6.079181246047625,0.0947633500022107,10
11547,5.523422628884119,5.311753861055754,-0.21166876782836486,8
11548,5.466606930195851,5.311753861055754,-0.15485306914009644,6
11549,5.517082638902299,5.311753861055754,-0.20532877784654513,5
11550,5.483624876866083,5.311753861055754,-0.1718710158103285,9
11551,5.493460030420644,5.311753861055754,-0.18170616936488937,10
11552,5.404158348631253,5.311753861055754,-0.09240448757549924,2
11553,5.5018311542064415,5.311753861055754,-0.19007729315068733,1
11554,5.484928288139989,5.311753861055754,-0.17317442708423503,3
11555,5.468487915670005,5.311753861055754,-0.15673405461425105,7
11556,4.916885304836398,5.041392685158225,0.12450738032182773,2
11557,4.8085315149662575,5.041392685158225,0.23286117019196784,10
11558,4.785705406634705,5.041392685158225,0.2556872785235207,8
11559,4.905226366054968,5.041392685158225,0.13616631910325694,1
11560,4.894687304631989,5.041392685158225,0.14670538052623616,7
11561,4.82620114553565,5.041392685158225,0.21519153962257498,9
11562,4.883444590673192,5.041392685158225,0.15794809448503333,6
11563,4.850620599435478,5.041392685158225,0.19077208572274706,4
11564,5.218039644821271,5.041392685158225,-0.17664695966304578,5
11565,4.93193204735805,4.41161970596323,-0.5203123413948196,9
11566,5.039091964852746,4.41161970596323,-0.6274722588895161,6
11567,5.20008267385944,4.41161970596323,-0.7884629678962103,5
11568,5.061067673292342,4.41161970596323,-0.6494479673291123,7
11569,5.406710768881287,4.41161970596323,-0.9950910629180569,2
11570,5.191236715263987,4.41161970596323,-0.7796170093007566,8
11571,5.239480880295636,4.41161970596323,-0.8278611743324058,3
11572,5.185605075815669,4.41161970596323,-0.773985369852439,10
11573,4.983501448788673,4.41161970596323,-0.5718817428254432,4
11574,5.688329974810814,4.249198357391113,-1.4391316174197009,2
11575,5.72590922126034,4.249198357391113,-1.4767108638692275,3
11576,5.630062012897938,4.249198357391113,-1.3808636555068254,7
11577,5.708383656161834,4.249198357391113,-1.4591852987707208,1
11578,5.715105633365873,4.249198357391113,-1.46590727597476,8
11579,5.634175239092611,4.249198357391113,-1.3849768817014985,4
11580,5.651109875926877,4.249198357391113,-1.4019115185357638,9
11581,5.692177868616159,4.249198357391113,-1.4429795112250456,10
11582,5.655184716488944,4.249198357391113,-1.405986359097831,5
11583,5.662962492971186,5.17897694729317,-0.4839855456780162,4
11584,5.775218766041792,5.17897694729317,-0.5962418187486227,9
11585,5.814180759555554,5.17897694729317,-0.6352038122623842,6
11586,5.793683647347289,5.17897694729317,-0.6147067000541195,1
11587,5.713513642118422,5.17897694729317,-0.5345366948252526,7
11588,5.754210182033695,5.17897694729317,-0.5752332347405256,10
11589,5.839345444243189,5.17897694729317,-0.660368496950019,8
11590,5.762340172447214,5.17897694729317,-0.5833632251540442,5
11591,5.768183381125882,5.17897694729317,-0.5892064338327119,2
11592,4.987963653434057,6.119915410257991,1.1319517568239341,6
11593,4.929298989073234,6.119915410257991,1.1906164211847567,8
11594,5.0696219739688795,6.119915410257991,1.0502934362891114,10
11595,4.993561279347986,6.119915410257991,1.1263541309100047,4
11596,4.68751211135523,6.119915410257991,1.432403298902761,5
11597,5.028529823641447,6.119915410257991,1.0913855866165436,2
11598,4.972293834245735,6.119915410257991,1.1476215760122557,7
11599,4.951323985066688,6.119915410257991,1.1685914251913028,3
11600,5.267939461284539,6.119915410257991,0.8519759489734522,9
11601,5.1346066907218235,6.0,0.8653933092781765,3
11602,5.0990979754124535,6.0,0.9009020245875465,1
11603,5.103754736971126,6.0,0.8962452630288738,7
11604,5.0629163942163995,6.0,0.9370836057836005,2
11605,5.006269431523009,6.0,0.993730568476991,6
11606,5.12155251967305,6.0,0.8784474803269502,10
11607,5.1913966030346845,6.0,0.8086033969653155,9
11608,5.0922337703438565,6.0,0.9077662296561435,4
11609,5.065320696053848,6.0,0.9346793039461518,8
11610,4.659176008631445,3.824125833916549,-0.8350501747148962,5
11611,4.622406877342323,3.824125833916549,-0.7982810434257739,10
11612,4.702911310151595,3.824125833916549,-0.8787854762350462,7
11613,4.593282898047463,3.824125833916549,-0.7691570641309142,1
11614,4.681935204711757,3.824125833916549,-0.8578093707952079,9
11615,4.8246501338582695,3.824125833916549,-1.0005242999417203,6
11616,4.651794769608785,3.824125833916549,-0.8276689356922362,4
11617,4.746671887978824,3.824125833916549,-0.9225460540622747,3
11618,4.636157413049758,3.824125833916549,-0.8120315791332087,2
11619,4.656028382707774,3.740362689494244,-0.9156656932135299,6
11620,4.880561941702267,3.740362689494244,-1.1401992522080233,2
11621,4.609546841549008,3.740362689494244,-0.8691841520547641,7
11622,4.739164932920398,3.740362689494244,-0.9988022434261543,10
11623,4.697890945399618,3.740362689494244,-0.9575282559053742,3
11624,4.535046608862794,3.740362689494244,-0.7946839193685502,1
11625,4.4778255233329,3.740362689494244,-0.7374628338386557,5
11626,4.65496630573159,3.740362689494244,-0.9146036162373461,8
11627,4.688316834218023,3.740362689494244,-0.9479541447237789,4
11628,4.23050036828068,3.146128035678238,-1.0843723326024417,7
11629,4.236878857203562,3.146128035678238,-1.090750821525324,10
11630,4.203497070346233,3.146128035678238,-1.0573690346679951,4
11631,4.240580013514041,3.146128035678238,-1.0944519778358028,2
11632,4.245053074556479,3.146128035678238,-1.0989250388782406,3
11633,4.1380248285186605,3.146128035678238,-0.9918967928404223,9
11634,4.391652345483487,3.146128035678238,-1.2455243098052486,5
11635,4.201478247755039,3.146128035678238,-1.0553502120768012,6
11636,4.28738941875969,3.146128035678238,-1.141261383081452,8
11637,5.9074431598104375,5.380211241711606,-0.5272319180988312,6
11638,5.897214868974386,5.380211241711606,-0.5170036272627794,5
11639,5.89826958520975,5.380211241711606,-0.5180583434981436,10
11640,5.885844654906736,5.380211241711606,-0.5056334131951292,7
11641,5.902082332358666,5.380211241711606,-0.5218710906470596,1
11642,5.887121154826201,5.380211241711606,-0.5069099131145949,2
11643,5.91700301360743,5.380211241711606,-0.5367917718958237,9
11644,5.955982988409829,5.380211241711606,-0.5757717466982228,3
11645,5.8821574563553725,5.380211241711606,-0.5019462146437661,4
11646,4.79143446713535,5.271841606536499,0.4804071394011489,6
11647,4.814414946662179,5.271841606536499,0.4574266598743195,5
11648,5.0335891577828615,5.271841606536499,0.23825244875363705,8
11649,5.019068981342951,5.271841606536499,0.2527726251935478,7
11650,4.663122705755423,5.271841606536499,0.6087189007810752,9
11651,4.883193119224255,5.271841606536499,0.3886484873122438,1
11652,4.85121187457445,5.271841606536499,0.4206297319620482,3
11653,4.800964292204799,5.271841606536499,0.4708773143317,2
11654,4.867469658031137,5.271841606536499,0.4043719485053616,4
11655,6.068169725044635,5.365487984890899,-0.7026817401537357,6
11656,5.985430161230901,5.365487984890899,-0.6199421763400013,10
11657,6.078591165688931,5.365487984890899,-0.7131031807980319,3
11658,6.029037996939767,5.365487984890899,-0.6635500120488675,8
11659,6.0811835657447615,5.365487984890899,-0.7156955808538621,7
11660,6.108133628127481,5.365487984890899,-0.7426456432365818,2
11661,6.057043794057671,5.365487984890899,-0.691555809166772,5
11662,6.0627177669635675,5.365487984890899,-0.6972297820726681,1
11663,6.043817988680907,5.365487984890899,-0.6783300037900073,9
11664,6.579378420000469,6.778874472002739,0.19949605200226994,10
11665,6.5792023571670715,6.778874472002739,0.1996721148356677,7
11666,6.5797572023197075,6.778874472002739,0.19911726968303167,9
11667,6.5601937328578686,6.778874472002739,0.21868073914487063,6
11668,6.5897179453675685,6.778874472002739,0.18915652663517069,5
11669,6.4897400164609,6.778874472002739,0.2891344555418396,8
11670,6.590156917643451,6.778874472002739,0.18871755435928783,2
11671,6.553283305797847,6.778874472002739,0.22559116620489217,4
11672,6.623044521954167,6.778874472002739,0.15582995004857203,1
11673,6.061299468531692,5.880813592280791,-0.1804858762509003,6
11674,6.074027345315527,5.880813592280791,-0.19321375303473598,3
11675,6.062084150656351,5.880813592280791,-0.1812705583755596,2
11676,6.17683220527305,5.880813592280791,-0.29601861299225884,4
11677,6.107161699702457,5.880813592280791,-0.226348107421666,5
11678,6.115802922656071,5.880813592280791,-0.2349893303752797,9
11679,6.159745587690067,5.880813592280791,-0.27893199540927593,1
11680,6.092310857535275,5.880813592280791,-0.21149726525448376,7
11681,6.091673996900162,5.880813592280791,-0.21086040461937028,8
11682,6.287467183487924,6.3979400086720375,0.11047282518411361,9
11683,6.266059953774292,6.3979400086720375,0.13188005489774568,7
11684,6.242343346972479,6.3979400086720375,0.15559666169955833,2
11685,6.258105086647863,6.3979400086720375,0.1398349220241748,10
11686,6.295069610978617,6.3979400086720375,0.10287039769342066,4
11687,6.259072240489331,6.3979400086720375,0.13886776818270619,8
11688,6.229905376559759,6.3979400086720375,0.16803463211227854,5
11689,6.299256689008124,6.3979400086720375,0.09868331966391342,3
11690,6.237688690863215,6.3979400086720375,0.1602513178088225,1
11691,6.180670959576388,6.377563035549853,0.19689207597346492,2
11692,6.1232690938048995,6.377563035549853,0.2542939417449537,4
11693,6.065905915680929,6.377563035549853,0.31165711986892397,8
11694,6.0726099447384545,6.377563035549853,0.30495309081139865,10
11695,6.061950976200835,6.377563035549853,0.3156120593490179,7
11696,6.09480556565887,6.377563035549853,0.28275746989098316,9
11697,6.110165145006543,6.377563035549853,0.2673978905433101,3
11698,6.112699118831485,6.377563035549853,0.26486391671836795,5
11699,6.1326282138680135,6.377563035549853,0.24493482168183967,6
11700,6.094732904536255,5.518513939877887,-0.5762189646583682,3
11701,6.087605920160967,5.518513939877887,-0.5690919802830798,10
11702,6.0331887760650575,5.518513939877887,-0.5146748361871705,1
11703,6.046063879254249,5.518513939877887,-0.5275499393763621,5
11704,6.142893465652453,5.518513939877887,-0.6243795257745663,6
11705,6.112784962924494,5.518513939877887,-0.5942710230466073,4
11706,6.031177757384049,5.518513939877887,-0.5126638175061622,2
11707,6.013961806959829,5.518513939877887,-0.4954478670819418,7
11708,6.04028602880645,5.518513939877887,-0.5217720889285626,8
11709,5.991152209418773,4.698970004336019,-1.2921822050827538,1
11710,5.971045817542912,4.698970004336019,-1.272075813206893,6
11711,5.967601215229146,4.698970004336019,-1.268631210893127,2
11712,5.925721805034628,4.698970004336019,-1.226751800698609,9
11713,5.933119332376647,4.698970004336019,-1.234149328040628,10
11714,5.910758778582547,4.698970004336019,-1.2117887742465285,8
11715,6.0685567157218525,4.698970004336019,-1.3695867113858338,3
11716,5.9828006019102,4.698970004336019,-1.2838305975741813,5
11717,6.006631334788374,4.698970004336019,-1.3076613304523557,4
11718,5.988643287278504,5.949390006644912,-0.03925328063359146,5
11719,5.941952579842891,5.949390006644912,0.0074374268020216405,8
11720,5.971282693542748,5.949390006644912,-0.021892686897835745,10
11721,5.922990748936088,5.949390006644912,0.026399257708824564,9
11722,5.986907557532729,5.949390006644912,-0.0375175508878165,6
11723,5.955239832383378,5.949390006644912,-0.005849825738465597,2
11724,6.0112555104606065,5.949390006644912,-0.06186550381569411,7
11725,5.965187901503707,5.949390006644912,-0.015797894858794237,3
11726,5.967690077768734,5.949390006644912,-0.018300071123821482,4
11727,6.147884316456392,6.247924190766308,0.10003987430991579,4
11728,6.16138413401885,6.247924190766308,0.08654005674745768,10
11729,6.1246616682191055,6.247924190766308,0.12326252254720238,3
11730,6.1023388939021,6.247924190766308,0.14558529686420751,2
11731,6.1625896537988885,6.247924190766308,0.08533453696741944,7
11732,6.093936693399869,6.247924190766308,0.15398749736643857,8
11733,6.114273393964504,6.247924190766308,0.13365079680180347,9
11734,6.136965299514435,6.247924190766308,0.1109588912518733,1
11735,6.2163564886834415,6.247924190766308,0.03156770208286641,5
11736,6.167197737514251,7.602059991327962,1.4348622538137104,3
11737,6.018924214511855,7.602059991327962,1.583135776816107,7
11738,5.964680885857927,7.602059991327962,1.6373791054700346,2
11739,6.065689006373855,7.602059991327962,1.5363709849541065,4
11740,5.980917871585049,7.602059991327962,1.6211421197429123,10
11741,5.995599498921228,7.602059991327962,1.6064604924067334,6
11742,5.971506825193113,7.602059991327962,1.630553166134849,5
11743,5.983352710239294,7.602059991327962,1.6187072810886676,1
11744,5.920179654156313,7.602059991327962,1.6818803371716484,9
11745,5.9408395029969485,5.553883026643875,-0.38695647635307395,9
11746,5.976883135781015,5.553883026643875,-0.42300010913714026,3
11747,5.881008707983177,5.553883026643875,-0.32712568133930287,10
11748,5.948033650104767,5.553883026643875,-0.39415062346089247,8
11749,5.965223645815045,5.553883026643875,-0.4113406191711704,6
11750,5.90472767615675,5.553883026643875,-0.35084464951287586,2
11751,5.961658961725548,5.553883026643875,-0.4077759350816734,7
11752,5.950757939087925,5.553883026643875,-0.3968749124440505,5
11753,5.9630499613635655,5.553883026643875,-0.4091669347196909,1
11754,6.3008626342175775,6.278753600952829,-0.022109033264748668,7
11755,6.17742096064786,6.278753600952829,0.10133264030496925,2
11756,6.257275825050719,6.278753600952829,0.02147777590210964,3
11757,6.237475330988505,6.278753600952829,0.04127826996432393,5
11758,6.184153548852398,6.278753600952829,0.09460005210043043,1
11759,6.197465606610005,6.278753600952829,0.08128799434282374,6
11760,6.234099127318881,6.278753600952829,0.04465447363394759,4
11761,6.10601269800915,6.278753600952829,0.17274090294367905,8
11762,6.232098952450909,6.278753600952829,0.046654648501919915,10
11763,6.672544079737424,6.445311461756064,-0.22723261798136019,7
11764,6.72726323846944,6.445311461756064,-0.28195177671337657,2
11765,6.634148700363511,6.445311461756064,-0.18883723860744706,4
11766,6.72167291545432,6.445311461756064,-0.2763614536982564,8
11767,6.697761776212465,6.445311461756064,-0.252450314456401,9
11768,6.756597325534918,6.445311461756064,-0.3112858637788545,1
11769,6.719350835105714,6.445311461756064,-0.27403937334965,3
11770,6.66329813059926,6.445311461756064,-0.21798666884319573,10
11771,6.690199744220449,6.445311461756064,-0.24488828246438477,6
11772,6.081268554684714,5.622214022966295,-0.4590545317184187,7
11773,6.013479151759881,5.622214022966295,-0.3912651287935862,1
11774,5.959193167600715,5.622214022966295,-0.33697914463441947,2
11775,5.96126232728789,5.622214022966295,-0.3390483043215946,9
11776,6.016422529002923,5.622214022966295,-0.3942085060366276,8
11777,6.033199613739052,5.622214022966295,-0.4109855907727571,4
11778,6.007934981277723,5.622214022966295,-0.3857209583114276,6
11779,6.022041103451988,5.622214022966295,-0.39982708048569293,5
11780,6.050300600813036,5.622214022966295,-0.42808657784674065,10
11781,6.1025377873369795,6.201397124320452,0.09885933698347227,5
11782,6.2009696629602695,6.201397124320452,0.00042746136018223524,7
11783,6.133144862560376,6.201397124320452,0.06825226176007604,6
11784,6.11184789673935,6.201397124320452,0.0895492275811014,1
11785,6.083867953087113,6.201397124320452,0.11752917123333884,9
11786,6.123265178900213,6.201397124320452,0.07813194542023894,10
11787,6.186036976251515,6.201397124320452,0.01536014806893693,3
11788,6.049618210505917,6.201397124320452,0.15177891381453446,2
11789,5.997269728424116,6.201397124320452,0.20412739589633588,8
11790,5.351718710133326,6.176091259055681,0.824372548922355,2
11791,5.5793417170376305,6.176091259055681,0.5967495420180509,9
11792,5.2193723133344445,6.176091259055681,0.9567189457212368,10
11793,5.420840696263937,6.176091259055681,0.7552505627917441,3
11794,5.286020023259803,6.176091259055681,0.8900712357958787,1
11795,5.4664872589906315,6.176091259055681,0.7096040000650499,5
11796,5.450056220919797,6.176091259055681,0.7260350381358842,7
11797,5.310106689099019,6.176091259055681,0.8659845699566624,4
11798,5.494369816309924,6.176091259055681,0.681721442745757,6
11799,5.863154556603097,5.927370363039024,0.06421580643592772,6
11800,5.842742846019045,5.927370363039024,0.08462751701997906,7
11801,5.8354094310251154,5.927370363039024,0.09196093201390898,4
11802,5.738062642772651,5.927370363039024,0.1893077202663731,2
11803,5.766090138027176,5.927370363039024,0.1612802250118488,5
11804,5.977908741612446,5.927370363039024,-0.050538378573421916,10
11805,5.809141958663588,5.927370363039024,0.11822840437543647,8
11806,5.837835300490101,5.927370363039024,0.08953506254892307,9
11807,5.793503942562713,5.927370363039024,0.1338664204763118,1
11808,6.025423006100068,6.079181246047625,0.05375823994755713,3
11809,5.892069165486211,6.079181246047625,0.18711208056141437,9
11810,5.922278568703346,6.079181246047625,0.15690267734427898,2
11811,5.903454561938277,6.079181246047625,0.17572668410934789,1
11812,5.923757759349014,6.079181246047625,0.15542348669861106,8
11813,5.906838701486046,6.079181246047625,0.17234254456157938,10
11814,5.9050014997465,6.079181246047625,0.17417974630112543,5
11815,5.995986560627753,6.079181246047625,0.08319468541987174,6
11816,5.853728463121206,6.079181246047625,0.22545278292641946,4
11817,6.123701186324451,6.2405492482826,0.11684806195814978,8
11818,6.214765448041495,6.2405492482826,0.025783800241105048,3
11819,6.180077861990327,6.2405492482826,0.060471386292273444,10
11820,6.18353762135922,6.2405492482826,0.05701162692338002,4
11821,6.1702201862382955,6.2405492482826,0.07032906204430489,7
11822,6.199821878694707,6.2405492482826,0.040727369587893136,5
11823,6.191128552823733,6.2405492482826,0.04942069545886696,9
11824,6.097245540502024,6.2405492482826,0.14330370778057677,2
11825,6.134378740355665,6.2405492482826,0.10617050792693572,1
11826,6.118154661062558,5.891147030448771,-0.22700763061378737,10
11827,6.121016498383251,5.891147030448771,-0.22986946793448038,7
11828,5.974216353911348,5.891147030448771,-0.08306932346257767,2
11829,6.096962724923046,5.891147030448771,-0.20581569447427484,8
11830,6.159308194499785,5.891147030448771,-0.26816116405101464,3
11831,6.096597842049205,5.891147030448771,-0.20545081160043388,1
11832,6.084220674068961,5.891147030448771,-0.19307364362019008,9
11833,6.1300992122599585,5.891147030448771,-0.2389521818111877,5
11834,6.11228303369732,5.891147030448771,-0.22113600324854943,4
11835,5.926456710130257,6.0,0.07354328986974323,1
11836,5.968790034754534,6.0,0.031209965245466265,7
11837,5.886055626988141,6.0,0.11394437301185878,5
11838,5.905861224353403,6.0,0.09413877564659678,9
11839,5.941237561944965,6.0,0.05876243805503467,4
11840,5.939644378375283,6.0,0.060355621624717415,8
11841,5.925921662999536,6.0,0.07407833700046407,3
11842,5.977408107056206,6.0,0.022591892943793823,10
11843,5.862105596646492,6.0,0.1378944033535081,2
11844,6.026111348545057,5.847572659142112,-0.17853868940294504,10
11845,5.99482485412137,5.847572659142112,-0.14725219497925757,8
11846,5.950333450397715,5.847572659142112,-0.10276079125560322,1
11847,5.969523614783832,5.847572659142112,-0.12195095564172043,5
11848,5.970743522751462,5.847572659142112,-0.12317086360935026,9
11849,5.910847519693798,5.847572659142112,-0.06327486055168574,2
11850,5.934099466712536,5.847572659142112,-0.08652680757042397,3
11851,5.989136848603269,5.847572659142112,-0.1415641894611568,7
11852,5.928080841349276,5.847572659142112,-0.08050818220716405,6
11853,5.929393517227596,5.931966114728173,0.002572597500576812,1
11854,5.877178889420155,5.931966114728173,0.05478722530801772,4
11855,5.854179904573244,5.931966114728173,0.0777862101549287,2
11856,5.937162457500179,5.931966114728173,-0.005196342772006091,7
11857,5.975427302151417,5.931966114728173,-0.043461187423243786,5
11858,5.864724402704866,5.931966114728173,0.06724171202330709,8
11859,5.889335619646108,5.931966114728173,0.04263049508206507,9
11860,5.9340863225159675,5.931966114728173,-0.002120207787794648,6
11861,5.8994388294703235,5.931966114728173,0.032527285257849314,10
11862,5.900097553223369,5.146778989307833,-0.7533185639155358,3
11863,5.879080701966685,5.146778989307833,-0.7323017126588516,7
11864,5.83125991716746,5.146778989307833,-0.6844809278596271,8
11865,5.865200610829545,5.146778989307833,-0.7184216215217116,4
11866,5.909849987488212,5.146778989307833,-0.7630709981803792,10
11867,5.6966205866735855,5.146778989307833,-0.5498415973657522,9
11868,5.85525610073066,5.146778989307833,-0.7084771114228268,5
11869,5.835936242578933,5.146778989307833,-0.6891572532710999,1
11870,5.768128326942598,5.146778989307833,-0.621349337634765,2
11871,5.958047992403031,5.079181246047625,-0.8788667463554063,3
11872,5.921194130087085,5.079181246047625,-0.8420128840394598,10
11873,5.928978330553798,5.079181246047625,-0.8497970845061733,5
11874,5.9412001606220235,5.079181246047625,-0.8620189145743984,6
11875,5.892376718249158,5.079181246047625,-0.8131954722015333,2
11876,5.9373631178380535,5.079181246047625,-0.8581818717904284,4
11877,5.912583094141483,5.079181246047625,-0.8334018480938576,7
11878,5.926754657275944,5.079181246047625,-0.8475734112283186,9
11879,5.951542137765497,5.079181246047625,-0.8723608917178716,8
11880,4.372146128957016,5.021189299069938,0.6490431701129227,6
11881,4.440579382067101,5.021189299069938,0.5806099170028372,2
11882,4.3281887052784285,5.021189299069938,0.6930005937915098,1
11883,4.59040623843834,5.021189299069938,0.4307830606315983,5
11884,4.4592296091145815,5.021189299069938,0.5619596899553567,8
11885,4.461598118897194,5.021189299069938,0.5595911801727445,10
11886,4.427787596747048,5.021189299069938,0.5934017023228906,4
11887,4.259176101414713,5.021189299069938,0.7620131976552251,7
11888,4.336587224972731,5.021189299069938,0.6846020740972074,9
11889,5.637825843016475,6.0,0.3621741569835253,10
11890,5.824141314766898,6.0,0.1758586852331021,4
11891,5.592168284152696,6.0,0.40783171584730393,1
11892,5.575045950714109,6.0,0.4249540492858914,8
11893,5.64749542217243,6.0,0.3525045778275704,5
11894,5.667644687248365,6.0,0.332355312751635,3
11895,5.682467631128441,6.0,0.317532368871559,6
11896,5.571145810532326,6.0,0.42885418946767384,2
11897,5.597522328920886,6.0,0.40247767107911425,7
11898,5.9334760717063295,6.008600171761918,0.07512410005558845,2
11899,5.9559108699369725,6.008600171761918,0.05268930182494547,9
11900,5.967869646737345,6.008600171761918,0.04073052502457308,1
11901,6.004359477585026,6.008600171761918,0.004240694176892212,3
11902,5.970166294904468,6.008600171761918,0.038433876857450144,8
11903,5.954974899748072,6.008600171761918,0.05362527201384637,5
11904,5.938857788506522,6.008600171761918,0.06974238325539606,10
11905,5.960869719813279,6.008600171761918,0.04773045194863901,7
11906,5.961104016125212,6.008600171761918,0.04749615563670595,4
11907,6.012196300222216,6.220108088040055,0.2079117878178387,10
11908,6.008839919468144,6.220108088040055,0.21126816857191066,5
11909,6.032585218196131,6.220108088040055,0.1875228698439244,9
11910,6.015472598701097,6.220108088040055,0.20463548933895837,6
11911,6.019201772687845,6.220108088040055,0.20090631535220993,8
11912,6.0203352664473275,6.220108088040055,0.19977282159272747,3
11913,6.077110923555952,6.220108088040055,0.14299716448410305,4
11914,6.015284514999572,6.220108088040055,0.20482357304048282,1
11915,5.995764881215082,6.220108088040055,0.22434320682497333,2
11916,6.178030733728253,6.214843848047698,0.036813114319445006,7
11917,6.142528546599633,6.214843848047698,0.0723153014480653,9
11918,6.068297010499562,6.214843848047698,0.14654683754813558,6
11919,6.085388853162346,6.214843848047698,0.12945499488535184,5
11920,6.102261484107379,6.214843848047698,0.1125823639403194,2
11921,6.071054913276884,6.214843848047698,0.14378893477081434,8
11922,6.10828462529619,6.214843848047698,0.10655922275150775,3
11923,6.128205736815024,6.214843848047698,0.0866381112326744,10
11924,6.138684799019007,6.214843848047698,0.07615904902869097,4
11925,5.947269774982829,6.113943352306837,0.16667357732400756,1
11926,5.927264075156809,6.113943352306837,0.18667927715002808,8
11927,5.938702390697596,6.113943352306837,0.17524096160924074,10
11928,5.9326518282005365,6.113943352306837,0.18129152410630045,9
11929,5.96585859862492,6.113943352306837,0.14808475368191676,3
11930,5.90955825235761,6.113943352306837,0.20438509994922693,6
11931,5.977706221030238,6.113943352306837,0.13623713127659887,2
11932,6.003916333068645,6.113943352306837,0.11002701923819203,7
11933,5.993595602483182,6.113943352306837,0.12034774982365537,4
11934,5.611428876777146,6.257051875069349,0.645622998292203,9
11935,5.729193413968172,6.257051875069349,0.527858461101177,1
11936,5.6597558433456285,6.257051875069349,0.5972960317237206,7
11937,5.743479087103447,6.257051875069349,0.5135727879659022,4
11938,6.014440089165951,6.257051875069349,0.2426117859033985,2
11939,5.6598617055108695,6.257051875069349,0.5971901695584796,3
11940,5.634280450331239,6.257051875069349,0.6227714247381098,8
11941,5.68229477843233,6.257051875069349,0.5747570966370192,10
11942,5.62828909436806,6.257051875069349,0.6287627807012894,5
11943,4.73938872226348,5.2552725051033065,0.5158837828398264,3
11944,4.929575594979759,5.2552725051033065,0.32569691012354784,8
11945,4.724666577523145,5.2552725051033065,0.5306059275801616,6
11946,4.7578410014495205,5.2552725051033065,0.49743150365378597,10
11947,4.771970877702071,5.2552725051033065,0.48330162740123583,4
11948,4.9349949719030946,5.2552725051033065,0.3202775332002119,7
11949,4.803325192393521,5.2552725051033065,0.4519473127097857,1
11950,4.721966329593368,5.2552725051033065,0.5333061755099386,2
11951,4.7704207209717655,5.2552725051033065,0.48485178413154095,5
11952,5.9888578524488265,6.041392685158225,0.05253483270939885,2
11953,5.911107240620643,6.041392685158225,0.1302854445375825,9
11954,6.006235088749616,6.041392685158225,0.03515759640860949,6
11955,5.9942223675997415,6.041392685158225,0.04717031755848389,7
11956,6.079677344224972,6.041392685158225,-0.03828465906674694,4
11957,6.011416725009241,6.041392685158225,0.029975960148984626,3
11958,5.97695218990376,6.041392685158225,0.06444049525446527,10
11959,5.9639633006268715,6.041392685158225,0.07742938453135384,5
11960,5.964650872374646,6.041392685158225,0.07674181278357928,8
11961,6.5187820496490545,6.6020599913279625,0.08327794167890801,7
11962,6.52291786001052,6.6020599913279625,0.0791421313174423,3
11963,6.410194608056643,6.6020599913279625,0.19186538327131952,8
11964,6.492036938358285,6.6020599913279625,0.11002305296967752,9
11965,6.488765798790701,6.6020599913279625,0.11329419253726147,5
11966,6.562973834027551,6.6020599913279625,0.039086157300411095,1
11967,6.529507149947106,6.6020599913279625,0.07255284138085649,2
11968,6.510124860126632,6.6020599913279625,0.09193513120133012,10
11969,6.5014755442282794,6.6020599913279625,0.10058444709968306,6
11970,5.93190162080809,4.986771734266245,-0.9451298865418449,9
11971,5.904134930464986,4.986771734266245,-0.9173631961987407,7
11972,5.996039503061136,4.986771734266245,-1.0092677687948912,8
11973,5.968958085003085,4.986771734266245,-0.98218635073684,4
11974,5.956663866332284,4.986771734266245,-0.9698921320660387,3
11975,6.011272784621444,4.986771734266245,-1.024501050355199,10
11976,5.948633807033846,4.986771734266245,-0.9618620727676008,5
11977,5.968244483731373,4.986771734266245,-0.9814727494651274,6
11978,5.9093388620437715,4.986771734266245,-0.9225671277775263,2
11979,5.982689999765572,6.08278537031645,0.10009537055087758,3
11980,6.005347828689572,6.08278537031645,0.07743754162687821,10
11981,6.092473865091826,6.08278537031645,-0.009688494775375922,1
11982,5.982854790595665,6.08278537031645,0.09993057972078478,4
11983,5.962055839669343,6.08278537031645,0.12072953064710656,2
11984,5.985225915289268,6.08278537031645,0.09755945502718166,8
11985,6.000069539456936,6.08278537031645,0.08271583085951395,6
11986,5.9922110719843245,6.08278537031645,0.09057429833212538,5
11987,5.955937871240789,6.08278537031645,0.1268474990756605,9
11988,5.9273234423839884,5.181843587944773,-0.7454798544392158,2
11989,5.825850253726633,5.181843587944773,-0.6440066657818599,3
11990,5.981201605400384,5.181843587944773,-0.799358017455611,8
11991,5.9993333172300565,5.181843587944773,-0.8174897292852839,1
11992,5.945528151635506,5.181843587944773,-0.7636845636907337,9
11993,5.978773096383437,5.181843587944773,-0.7969295084386641,4
11994,5.927083622754018,5.181843587944773,-0.7452400348092452,7
11995,5.936601908019335,5.181843587944773,-0.7547583200745622,5
11996,5.949710318050561,5.181843587944773,-0.767866730105788,6
11997,6.02925919115505,5.687261346243506,-0.3419978449115435,5
11998,6.078761859767607,5.687261346243506,-0.3915005135241012,2
11999,6.1125288432291605,5.687261346243506,-0.42526749698565425,1
12000,6.087757650036588,5.687261346243506,-0.40049630379308176,6
12001,6.119594034728013,5.687261346243506,-0.43233268848450646,9
12002,6.107577121050845,5.687261346243506,-0.4203157748073387,4
12003,6.112977550360768,5.687261346243506,-0.4257162041172622,8
12004,6.146802656601423,5.687261346243506,-0.4595413103579169,10
12005,6.0762722528474065,5.687261346243506,-0.38901090660390025,7
12006,6.017554076984221,6.2455126678141495,0.2279585908299282,4
12007,5.983264869969703,6.2455126678141495,0.26224779784444685,5
12008,5.977194246695469,6.2455126678141495,0.2683184211186802,8
12009,5.9778199077437,6.2455126678141495,0.2676927600704495,10
12010,6.122540733933504,6.2455126678141495,0.12297193388064542,2
12011,5.9657874695842565,6.2455126678141495,0.27972519822989295,6
12012,5.997629023105225,6.2455126678141495,0.24788364470892432,1
12013,5.95532466301817,6.2455126678141495,0.2901880047959793,9
12014,5.966900223918736,6.2455126678141495,0.2786124438954136,7
12015,6.189529421397107,6.776327733563306,0.5867983121661995,10
12016,6.133267637378283,6.776327733563306,0.6430600961850237,2
12017,6.104721508582451,6.776327733563306,0.671606224980855,1
12018,6.209549246199834,6.776327733563306,0.5667784873634725,8
12019,6.131551480926471,6.776327733563306,0.6447762526368352,3
12020,6.160031549546934,6.776327733563306,0.6162961840163721,5
12021,6.186069671384896,6.776327733563306,0.5902580621784104,6
12022,6.189507931584694,6.776327733563306,0.5868198019786126,9
12023,6.222628969292263,6.776327733563306,0.5536987642710436,4
12024,6.076332345896294,6.056904851336473,-0.019427494559820957,4
12025,6.100775741419802,6.056904851336473,-0.043870890083328895,3
12026,6.016833333148305,6.056904851336473,0.04007151818816812,1
12027,5.997421230233118,6.056904851336473,0.0594836211033547,2
12028,6.003822175666871,6.056904851336473,0.0530826756696019,7
12029,6.176668848318354,6.056904851336473,-0.1197639969818809,9
12030,6.080615865534805,6.056904851336473,-0.02371101419833188,8
12031,6.021311604259239,6.056904851336473,0.03559324707723377,5
12032,6.093090718993805,6.056904851336473,-0.03618586765733234,10
12033,5.777598367617721,6.113943352306837,0.33634498468911556,2
12034,5.924085694158947,6.113943352306837,0.1898576581478899,4
12035,5.867578300241083,6.113943352306837,0.24636505206575432,7
12036,5.7765669737485075,6.113943352306837,0.33737637855832947,9
12037,5.838257868277033,6.113943352306837,0.275685484029804,3
12038,5.855396950005334,6.113943352306837,0.25854640230150316,8
12039,5.899155280381385,6.113943352306837,0.2147880719254518,5
12040,5.87792837106801,6.113943352306837,0.23601498123882703,6
12041,5.872072723661873,6.113943352306837,0.24187062864496411,1
12042,5.934397680802234,6.441176499941076,0.5067788191388418,3
12043,5.867659676059135,6.441176499941076,0.573516823881941,9
12044,5.948783256655272,6.441176499941076,0.4923932432858038,8
12045,5.92230011542747,6.441176499941076,0.5188763845136055,5
12046,5.828189440037342,6.441176499941076,0.6129870599037339,10
12047,5.972112484980622,6.441176499941076,0.4690640149604537,7
12048,5.895423780505128,6.441176499941076,0.5457527194359475,6
12049,5.971405592281532,6.441176499941076,0.46977090765954355,4
12050,5.901811477908079,6.441176499941076,0.5393650220329969,2
12051,5.859464868067005,5.332438459915605,-0.5270264081514,5
12052,5.823228811448925,5.332438459915605,-0.4907903515333203,6
12053,5.831996843424963,5.332438459915605,-0.499558383509358,2
12054,5.7844642193092435,5.332438459915605,-0.45202575939363854,10
12055,5.8473003927110145,5.332438459915605,-0.5148619327954096,3
12056,5.782774905809149,5.332438459915605,-0.4503364458935444,7
12057,5.829362260752835,5.332438459915605,-0.4969238008372301,8
12058,5.8106208466654,5.332438459915605,-0.4781823867497952,9
12059,5.895481301256841,5.332438459915605,-0.5630428413412361,4
12060,5.89659171359621,5.710117365111817,-0.18647434848439293,1
12061,5.879375548092785,5.710117365111817,-0.16925818298096829,7
12062,5.889362233082952,5.710117365111817,-0.1792448679711356,8
12063,5.8988602418118425,5.710117365111817,-0.18874287670002587,2
12064,5.863427752753624,5.710117365111817,-0.15331038764180693,9
12065,5.922982428167267,5.710117365111817,-0.2128650630554505,4
12066,5.870604516004827,5.710117365111817,-0.1604871508930099,10
12067,5.907831869943977,5.710117365111817,-0.19771450483216046,3
12068,5.848754637273547,5.710117365111817,-0.1386372721617306,6
12069,5.907832596608332,6.008600171761918,0.10076757515358636,9
12070,5.978342361133392,6.008600171761918,0.03025781062852584,3
12071,5.958261266018179,6.008600171761918,0.05033890574373867,8
12072,5.896566475359091,6.008600171761918,0.11203369640282723,1
12073,5.916563123095803,6.008600171761918,0.09203704866611506,6
12074,5.97138966913507,6.008600171761918,0.037210502626847664,4
12075,5.94733269889984,6.008600171761918,0.06126747286207834,5
12076,5.911419522893728,6.008600171761918,0.09718064886819011,10
12077,5.910267665175286,6.008600171761918,0.09833250658663228,7
12078,6.030754004035011,5.552668216112194,-0.47808578792281775,6
12079,6.007912392219512,5.552668216112194,-0.4552441761073185,7
12080,5.999168867200431,5.552668216112194,-0.446500651088237,9
12081,6.04501888557952,5.552668216112194,-0.4923506694673261,10
12082,5.998741612305434,5.552668216112194,-0.44607339619324016,3
12083,6.014430047420446,5.552668216112194,-0.46176183130825255,4
12084,6.016130856469931,5.552668216112194,-0.4634626403577373,2
12085,5.967079142498094,5.552668216112194,-0.4144109263859006,8
12086,6.013772758151356,5.552668216112194,-0.4611045420391626,1
12087,5.257653604050029,5.093421685162235,-0.16423191888779431,7
12088,5.5456023889476995,5.093421685162235,-0.4521807037854648,10
12089,5.379238786380373,5.093421685162235,-0.2858171012181385,8
12090,5.2101608454526955,5.093421685162235,-0.11673916029046083,9
12091,5.333136704604963,5.093421685162235,-0.23971501944272866,1
12092,5.388657356740116,5.093421685162235,-0.2952356715778812,5
12093,5.35872379302516,5.093421685162235,-0.26530210786292496,4
12094,5.371982800692553,5.093421685162235,-0.2785611155303185,2
12095,5.4139664017628695,5.093421685162235,-0.32054471660063477,3
12096,5.6464858946092855,4.6020599913279625,-1.044425903281323,5
12097,5.640674606647177,4.6020599913279625,-1.0386146153192142,8
12098,5.696886818291103,4.6020599913279625,-1.094826826963141,2
12099,5.799568054874791,4.6020599913279625,-1.1975080635468283,3
12100,5.768177898345409,4.6020599913279625,-1.1661179070174468,1
12101,5.623428835299105,4.6020599913279625,-1.0213688439711426,9
12102,5.761570521884395,4.6020599913279625,-1.1595105305564326,10
12103,5.685148152811754,4.6020599913279625,-1.0830881614837917,6
12104,5.62877340038435,4.6020599913279625,-1.0267134090563879,7
12105,6.073696206234454,5.895422546039408,-0.1782736601950461,4
12106,6.077689074891237,5.895422546039408,-0.18226652885182837,10
12107,6.032985988065648,5.895422546039408,-0.1375634420262397,9
12108,6.11994339150433,5.895422546039408,-0.22452084546492213,6
12109,6.1084884881814885,5.895422546039408,-0.2130659421420802,3
12110,6.07117838991806,5.895422546039408,-0.17575584387865195,8
12111,6.040693684779178,5.895422546039408,-0.14527113873977004,5
12112,6.1097192644819165,5.895422546039408,-0.2142967184425082,2
12113,6.0516770812785925,5.895422546039408,-0.1562545352391842,7
12114,6.260121018223712,6.100752969451338,-0.15936804877237432,3
12115,6.237888822534921,6.100752969451338,-0.13713585308358311,2
12116,6.336866601011862,6.100752969451338,-0.23611363156052434,4
12117,5.979485699516394,6.100752969451338,0.12126726993494419,7
12118,6.123749298496461,6.100752969451338,-0.02299632904512361,6
12119,6.253970688310149,6.100752969451338,-0.1532177188588113,10
12120,6.248989652521703,6.100752969451338,-0.14823668307036542,8
12121,6.295456660726489,6.100752969451338,-0.1947036912751514,5
12122,6.148136923522571,6.100752969451338,-0.047383954071233525,9
12123,5.861089576156067,6.0,0.13891042384393337,2
12124,5.941588481286129,6.0,0.0584115187138714,3
12125,5.90229363978976,6.0,0.09770636021023993,6
12126,5.9100078523187385,6.0,0.08999214768126151,5
12127,5.925176521819227,6.0,0.07482347818077262,1
12128,5.843335505955709,6.0,0.15666449404429095,10
12129,5.921280553718625,6.0,0.07871944628137495,7
12130,5.96917375083715,6.0,0.030826249162849706,8
12131,5.847563375472193,6.0,0.15243662452780704,9
12132,5.742272893443433,5.788875115775417,0.04660222233198397,8
12133,5.736732880715075,5.788875115775417,0.05214223506034177,10
12134,5.891474516592728,5.788875115775417,-0.10259940081731145,4
12135,5.778710888348403,5.788875115775417,0.010164227427013728,2
12136,5.685679782457703,5.788875115775417,0.10319533331771424,9
12137,5.789988781836068,5.788875115775417,-0.0011136660606512194,3
12138,5.7711573073104185,5.788875115775417,0.017717808464998264,7
12139,5.83444514980668,5.788875115775417,-0.04557003403126281,1
12140,5.812802774651285,5.788875115775417,-0.02392765887586812,5
12141,5.855396950005334,6.176091259055681,0.32069430905034757,8
12142,5.867578300241083,6.176091259055681,0.3085129588145987,7
12143,5.924085694158947,6.176091259055681,0.2520055648967343,4
12144,5.838257868277033,6.176091259055681,0.3378333907786484,3
12145,5.777598367617721,6.176091259055681,0.39849289143795996,2
12146,5.690280915587368,6.176091259055681,0.4858103434683132,10
12147,5.872072723661873,6.176091259055681,0.3040185353938085,1
12148,5.87792837106801,6.176091259055681,0.29816288798767143,6
12149,5.899155280381385,6.176091259055681,0.2769359786742962,5
12150,5.198661179324546,5.193124598354461,-0.005536580970084692,4
12151,5.0832615912658135,5.193124598354461,0.10986300708864771,10
12152,5.268166049711526,5.193124598354461,-0.07504145135706519,1
12153,5.018418202469366,5.193124598354461,0.17470639588509496,8
12154,5.1000471985835345,5.193124598354461,0.09307739977092666,9
12155,5.0377718894034595,5.193124598354461,0.15535270895100162,6
12156,5.047793112472983,5.193124598354461,0.14533148588147782,3
12157,5.111076320544254,5.193124598354461,0.08204827781020718,5
12158,5.04157507771578,5.193124598354461,0.15154952063868077,2
12159,5.8662843248865615,5.051923916046107,-0.8143604088404546,7
12160,5.978849035793806,5.051923916046107,-0.9269251197476995,3
12161,5.869156834037605,5.051923916046107,-0.8172329179914977,6
12162,5.794427310738755,5.051923916046107,-0.7425033946926485,9
12163,5.912518387358165,5.051923916046107,-0.8605944713120577,1
12164,5.864418712726165,5.051923916046107,-0.812494796680058,2
12165,5.818497058798736,5.051923916046107,-0.7665731427526294,5
12166,5.752215673271126,5.051923916046107,-0.7002917572250187,10
12167,5.853415852216999,5.051923916046107,-0.8014919361708923,4
12168,5.71268365368943,5.756636108245848,0.043952454556418274,2
12169,5.79043835231451,5.756636108245848,-0.033802244068661835,8
12170,5.634823822203208,5.756636108245848,0.1218122860426405,10
12171,5.743472753442379,5.756636108245848,0.013163354803468863,1
12172,5.795940935587247,5.756636108245848,-0.03930482734139851,3
12173,5.644040741466171,5.756636108245848,0.11259536677967752,7
12174,5.698831321060062,5.756636108245848,0.057804787185785855,6
12175,5.695176674224191,5.756636108245848,0.06145943402165699,4
12176,5.737852056536551,5.756636108245848,0.018784051709297422,5
12177,5.92229065126811,6.431363764158987,0.509073112890877,6
12178,5.923001350613279,6.431363764158987,0.5083624135457079,2
12179,5.902865509634737,6.431363764158987,0.5284982545242496,5
12180,5.874641863774108,6.431363764158987,0.5567219003848791,10
12181,5.958550501244981,6.431363764158987,0.4728132629140056,3
12182,5.907350058249987,6.431363764158987,0.5240137059089998,9
12183,5.91513223396961,6.431363764158987,0.5162315301893772,8
12184,5.91615753571074,6.431363764158987,0.515206228448247,1
12185,5.84452855549308,6.431363764158987,0.5868352086659065,4
12186,5.813019267505983,6.0,0.1869807324940167,10
12187,5.7859262099901,6.0,0.21407379000990012,6
12188,5.762110271855056,6.0,0.23788972814494436,2
12189,5.827178043572929,6.0,0.17282195642707077,8
12190,5.789533895288612,6.0,0.21046610471138827,3
12191,5.742470886166199,6.0,0.25752911383380095,7
12192,5.820467161976026,6.0,0.1795328380239738,1
12193,5.743472480576395,6.0,0.25652751942360474,5
12194,5.68262433739408,6.0,0.31737566260591965,4
12195,5.8747974100382425,5.599883072073688,-0.2749143379645549,7
12196,5.839261383115389,5.599883072073688,-0.23937831104170115,6
12197,5.85184523833141,5.599883072073688,-0.25196216625772205,3
12198,5.852250627040454,5.599883072073688,-0.2523675549667663,10
12199,5.736317124651061,5.599883072073688,-0.13643405257737307,9
12200,5.843753547043178,5.599883072073688,-0.24387047496949066,8
12201,5.867012734516146,5.599883072073688,-0.26712966244245795,1
12202,5.87287776611773,5.599883072073688,-0.2729946940440424,5
12203,5.837695582094431,5.599883072073688,-0.23781251002074377,2
12204,5.806367572770374,5.716837723299524,-0.08952984947084985,4
12205,5.7809475436416395,5.716837723299524,-0.06410982034211532,9
12206,5.876356325726933,5.716837723299524,-0.15951860242740867,1
12207,5.842718813236591,5.716837723299524,-0.12588108993706637,10
12208,5.783085017247909,5.716837723299524,-0.06624729394838447,6
12209,5.822401001840498,5.716837723299524,-0.10556327854097347,5
12210,5.820860253010568,5.716837723299524,-0.10402252971104353,7
12211,5.810370710400556,5.716837723299524,-0.09353298710103175,3
12212,5.770572783459336,5.716837723299524,-0.05373506015981189,2
12213,5.83568131313147,5.812913356642856,-0.022767956488614516,9
12214,5.955623683397467,5.812913356642856,-0.14271032675461104,1
12215,5.876364752415964,5.812913356642856,-0.06345139577310821,8
12216,5.871873809568838,5.812913356642856,-0.058960452925981954,5
12217,5.88490613908029,5.812913356642856,-0.07199278243743468,7
12218,5.855800539179515,5.812913356642856,-0.04288718253665902,4
12219,5.90397260221547,5.812913356642856,-0.09105924557261424,10
12220,5.827551260315523,5.812913356642856,-0.01463790367266693,2
12221,5.870903926135789,5.812913356642856,-0.05799056949293302,3
12222,6.752421022206105,7.929418925714293,1.1769979035081874,1
12223,6.666311975704593,7.929418925714293,1.2631069500096999,6
12224,6.653644735029828,7.929418925714293,1.2757741906844648,8
12225,6.6448038529411235,7.929418925714293,1.2846150727731693,4
12226,6.633876156803026,7.929418925714293,1.2955427689112673,10
12227,6.65207679337398,7.929418925714293,1.277342132340313,2
12228,6.651575188575116,7.929418925714293,1.277843737139177,7
12229,6.644666848526986,7.929418925714293,1.2847520771873064,9
12230,6.670354804353587,7.929418925714293,1.259064121360706,3
12231,5.950829255560208,5.862727528317975,-0.08810172724223353,4
12232,5.917860836824936,5.862727528317975,-0.055133308506960965,10
12233,5.853483296989461,5.862727528317975,0.009244231328513486,2
12234,5.939243152824975,5.862727528317975,-0.07651562450700045,8
12235,5.857279185151973,5.862727528317975,0.0054483431660017345,5
12236,5.904925700646538,5.862727528317975,-0.04219817232856293,7
12237,5.904430990219455,5.862727528317975,-0.041703461901480665,6
12238,5.9014675342885194,5.862727528317975,-0.03874000597054472,3
12239,5.895700544768329,5.862727528317975,-0.03297301645035411,9
12240,5.202158068545459,5.079181246047625,-0.12297682249783382,4
12241,5.381435482233943,5.079181246047625,-0.3022542361863181,3
12242,5.359798906017605,5.079181246047625,-0.28061765996997945,5
12243,5.4672947382620345,5.079181246047625,-0.3881134922144094,9
12244,5.2135168728494525,5.079181246047625,-0.13433562680182742,1
12245,5.06027964905903,5.079181246047625,0.01890159698859506,8
12246,5.153067631052064,5.079181246047625,-0.07388638500443889,10
12247,5.3220501827172,5.079181246047625,-0.24286893666957532,7
12248,5.286413384491921,5.079181246047625,-0.20723213844429633,2
12249,5.550536699577533,5.278753600952829,-0.27178309862470407,1
12250,5.546860203318343,5.278753600952829,-0.2681066023655143,3
12251,5.633093017553605,5.278753600952829,-0.3543394166007765,7
12252,5.593017301050653,5.278753600952829,-0.31426370009782456,9
12253,5.573697842489804,5.278753600952829,-0.2949442415369754,2
12254,5.688751797894399,5.278753600952829,-0.40999819694157047,10
12255,5.614613056274144,5.278753600952829,-0.335859455321315,6
12256,5.523525136451955,5.278753600952829,-0.244771535499126,8
12257,5.566100019347166,5.278753600952829,-0.2873464183943373,4
12258,5.91061603052515,6.017033339298781,0.10641730877363109,8
12259,5.895414795448012,6.017033339298781,0.12161854385076865,2
12260,5.874910765941633,6.017033339298781,0.14212257335714806,10
12261,5.925294295130393,6.017033339298781,0.09173904416838763,7
12262,5.914459267655769,6.017033339298781,0.10257407164301213,5
12263,5.9151204377090885,6.017033339298781,0.10191290158969224,1
12264,5.914483358824883,6.017033339298781,0.1025499804738974,4
12265,5.7781813208843085,6.017033339298781,0.23885201841447223,6
12266,5.80329519801207,6.017033339298781,0.21373814128671054,9
12267,5.688232571262034,5.176091259055681,-0.512141312206353,6
12268,5.723877226590164,5.176091259055681,-0.5477859675344829,8
12269,5.68810421453605,5.176091259055681,-0.512012955480369,9
12270,5.607508820297087,5.176091259055681,-0.43141756124140596,5
12271,5.610917725270219,5.176091259055681,-0.43482646621453735,3
12272,5.620436221386767,5.176091259055681,-0.444344962331086,7
12273,5.660828419636911,5.176091259055681,-0.48473716058123006,4
12274,5.619978960933311,5.176091259055681,-0.44388770187762994,2
12275,5.646095240150828,5.176091259055681,-0.47000398109514663,1
12276,5.450790894235677,6.079181246047625,0.628390351811948,10
12277,5.663262876376726,6.079181246047625,0.4159183696708988,4
12278,5.614704251943757,6.079181246047625,0.464476994103868,9
12279,5.536839810142973,6.079181246047625,0.5423414359046523,2
12280,5.699290269853629,6.079181246047625,0.37989097619399637,8
12281,5.652437946347134,6.079181246047625,0.4267432997004912,7
12282,5.564654878843321,6.079181246047625,0.5145263672043043,5
12283,5.527011081177122,6.079181246047625,0.5521701648705033,3
12284,5.527827321456942,6.079181246047625,0.5513539245906829,6
12285,6.375741410559196,6.079181246047625,-0.29656016451157097,5
12286,6.493855361380283,6.079181246047625,-0.41467411533265786,7
12287,6.492008692268135,6.079181246047625,-0.4128274462205095,1
12288,6.542856343324808,6.079181246047625,-0.46367509727718303,4
12289,6.5226204837191135,6.079181246047625,-0.4434392376714884,8
12290,6.458897644241327,6.079181246047625,-0.3797163981937022,2
12291,6.260231231544861,6.079181246047625,-0.1810499854972356,6
12292,6.490279331215551,6.079181246047625,-0.411098085167926,10
12293,6.515780475525864,6.079181246047625,-0.43659922947823926,9
12294,5.500812130585411,5.121559844187501,-0.37925228639791,10
12295,5.400822719675285,5.121559844187501,-0.2792628754877846,9
12296,5.411440992364675,5.121559844187501,-0.2898811481771739,6
12297,5.446868852096361,5.121559844187501,-0.3253090079088601,4
12298,5.40149024630951,5.121559844187501,-0.2799304021220088,2
12299,5.38719326386819,5.121559844187501,-0.26563341968068954,7
12300,5.441737167044898,5.121559844187501,-0.320177322857397,1
12301,5.386199516524009,5.121559844187501,-0.2646396723365081,5
12302,5.446503350443585,5.121559844187501,-0.32494350625608437,8
12303,5.575836959195439,4.912275210498812,-0.663561748696627,1
12304,5.515583870966165,4.912275210498812,-0.603308660467353,2
12305,5.558204394683076,4.912275210498812,-0.645929184184264,6
12306,5.490259523813416,4.912275210498812,-0.5779843133146034,5
12307,5.564163094088333,4.912275210498812,-0.651887883589521,3
12308,5.4569145487069814,4.912275210498812,-0.5446393382081691,8
12309,5.504843326332408,4.912275210498812,-0.592568115833596,4
12310,5.516545040019636,4.912275210498812,-0.604269829520824,7
12311,5.493721730280085,4.912275210498812,-0.5814465197812728,9
12312,5.713513642118422,6.218272853571447,0.5047592114530248,7
12313,5.839345444243189,6.218272853571447,0.3789274093282584,8
12314,5.754210182033695,6.218272853571447,0.4640626715377518,10
12315,5.814180759555554,6.218272853571447,0.4040920940158932,6
12316,5.889281849415647,6.218272853571447,0.3289910041558004,3
12317,5.775218766041792,6.218272853571447,0.4430540875296547,9
12318,5.793683647347289,6.218272853571447,0.42458920622415786,1
12319,5.762340172447214,6.218272853571447,0.45593268112423324,5
12320,5.768183381125882,6.218272853571447,0.4500894724455655,2
12321,5.706923572329802,5.700617195682057,-0.00630637664774536,4
12322,5.778200094599092,5.700617195682057,-0.07758289891703551,1
12323,5.735100923101992,5.700617195682057,-0.03448372741993566,5
12324,5.784703864439186,5.700617195682057,-0.08408666875712978,9
12325,5.7647293383287455,5.700617195682057,-0.06411214264668885,3
12326,5.750974707064652,5.700617195682057,-0.05035751138259581,6
12327,5.714051107248024,5.700617195682057,-0.013433911565967627,7
12328,5.747506404897066,5.700617195682057,-0.04688920921500905,2
12329,5.775722767819064,5.700617195682057,-0.07510557213700775,8
12330,6.159308194499785,6.924279286061882,0.7649710915620966,3
12331,6.1300992122599585,6.924279286061882,0.7941800738019236,5
12332,6.11228303369732,6.924279286061882,0.8119962523645619,4
12333,6.121016498383251,6.924279286061882,0.8032627876786309,7
12334,6.096597842049205,6.924279286061882,0.8276814440126774,1
12335,6.147010532665184,6.924279286061882,0.7772687533966982,6
12336,6.096962724923046,6.924279286061882,0.8273165611388364,8
12337,6.118154661062558,6.924279286061882,0.8061246249993239,10
12338,6.084220674068961,6.924279286061882,0.8400586119929212,9
12339,5.912583094141483,6.134495855834674,0.22191276169319085,7
12340,5.921194130087085,6.134495855834674,0.21330172574758866,10
12341,5.9373631178380535,6.134495855834674,0.19713273799662012,4
12342,5.958047992403031,6.134495855834674,0.1764478634316422,3
12343,5.892376718249158,6.134495855834674,0.24211913758551518,2
12344,5.951542137765497,6.134495855834674,0.18295371806917693,8
12345,5.9412001606220235,6.134495855834674,0.1932956952126501,6
12346,5.928978330553798,6.134495855834674,0.2055175252808752,5
12347,5.940117213027052,6.134495855834674,0.19437864280762174,1
12348,6.050700140143812,6.509202522331103,0.4585023821872909,8
12349,6.036274836896616,6.509202522331103,0.47292768543448727,6
12350,6.06573839798154,6.509202522331103,0.44346412434956317,5
12351,5.9931771964349,6.509202522331103,0.5160253258962033,3
12352,6.119995371857368,6.509202522331103,0.38920715047373466,2
12353,6.044215132355479,6.509202522331103,0.46498738997562405,10
12354,6.066274393926954,6.509202522331103,0.44292812840414886,4
12355,6.052389485681134,6.509202522331103,0.45681303664996875,7
12356,6.069354665707329,6.509202522331103,0.439847856623774,1
12357,6.029043018961155,6.590507462008583,0.561464443047428,1
12358,6.130742537598893,6.590507462008583,0.45976492440968997,5
12359,6.11734102831469,6.590507462008583,0.4731664336938932,10
12360,6.151557050690368,6.590507462008583,0.4389504113182152,6
12361,6.14751084569539,6.590507462008583,0.4429966163131933,3
12362,6.111133451677667,6.590507462008583,0.47937401033091565,4
12363,6.1373567493716985,6.590507462008583,0.45315071263688456,8
12364,6.137955074713502,6.590507462008583,0.4525523872950812,7
12365,6.213866552707797,6.590507462008583,0.37664090930078586,9
12366,5.916563123095803,5.758911892397974,-0.15765123069782927,6
12367,5.896566475359091,5.758911892397974,-0.1376545829611171,1
12368,5.907832596608332,5.758911892397974,-0.14892070421035797,9
12369,5.958261266018179,5.758911892397974,-0.19934937362020566,8
12370,5.910267665175286,5.758911892397974,-0.15135577277731205,7
12371,5.97138966913507,5.758911892397974,-0.21247777673709667,4
12372,5.911419522893728,5.758911892397974,-0.15250763049575422,10
12373,5.920373474587125,5.758911892397974,-0.1614615821891512,2
12374,5.94733269889984,5.758911892397974,-0.188420806501866,5
12375,5.792413986618949,6.079181246047625,0.2867672594286761,6
12376,5.93910930056051,6.079181246047625,0.1400719454871151,4
12377,5.8042734173341195,6.079181246047625,0.2749078287135056,8
12378,5.757382803820677,6.079181246047625,0.32179844222694776,10
12379,5.8718699775753755,6.079181246047625,0.20731126847224957,1
12380,5.808071484788437,6.079181246047625,0.2711097612591882,5
12381,5.825996476555524,6.079181246047625,0.2531847694921012,3
12382,5.7275650456285545,6.079181246047625,0.3516162004190706,9
12383,5.7750509343527545,6.079181246047625,0.3041303116948706,2
12384,5.9373631178380535,6.7626785637274365,0.825315445889383,4
12385,5.921194130087085,6.7626785637274365,0.8414844336403515,10
12386,5.951542137765497,6.7626785637274365,0.8111364259619398,8
12387,5.958047992403031,6.7626785637274365,0.8046305713244051,3
12388,5.926754657275944,6.7626785637274365,0.8359239064514927,9
12389,5.9412001606220235,6.7626785637274365,0.821478403105413,6
12390,5.912583094141483,6.7626785637274365,0.8500954695859537,7
12391,5.928978330553798,6.7626785637274365,0.8337002331736381,5
12392,5.892376718249158,6.7626785637274365,0.870301845478278,2
12393,5.816730721299,5.86391737695786,0.04718665565886049,10
12394,5.804460831578088,5.86391737695786,0.05945654537977241,1
12395,5.700165296909363,5.86391737695786,0.16375208004849728,5
12396,5.76818828402219,5.86391737695786,0.09572909293567022,7
12397,5.819773785740755,5.86391737695786,0.04414359121710554,2
12398,5.779674435829694,5.86391737695786,0.08424294112816622,8
12399,5.7502781563623975,5.86391737695786,0.11363922059546283,6
12400,5.787463122434786,5.86391737695786,0.07645425452307464,4
12401,5.792140574610157,5.86391737695786,0.07177680234770367,3
12402,5.9132038313097395,5.342422680822207,-0.5707811504875329,1
12403,5.835079645839019,5.342422680822207,-0.49265696501681244,3
12404,5.806841229876715,5.342422680822207,-0.46441854905450874,4
12405,5.749853813774462,5.342422680822207,-0.4074311329522553,2
12406,5.924245064361529,5.342422680822207,-0.5818223835393228,10
12407,5.818541243482376,5.342422680822207,-0.4761185626601696,9
12408,5.822306169116557,5.342422680822207,-0.4798834882943508,5
12409,5.800650704876104,5.342422680822207,-0.4582280240538976,7
12410,5.829473989451357,5.342422680822207,-0.4870513086291508,6
12411,5.813321393193513,6.033423755486949,0.22010236229343683,9
12412,5.859112784705889,6.033423755486949,0.17431097078106017,10
12413,5.9089400053339185,6.033423755486949,0.12448375015303093,7
12414,5.932350216075004,6.033423755486949,0.10107353941194575,6
12415,5.910832412866236,6.033423755486949,0.12259134262071303,4
12416,6.050642861623154,6.033423755486949,-0.017219106136204587,8
12417,5.696503785897186,6.033423755486949,0.3369199695897631,5
12418,5.753529002790601,6.033423755486949,0.27989475269634845,2
12419,5.900341263619482,6.033423755486949,0.13308249186746757,3
12420,5.648021767725425,5.518513939877887,-0.12950782784753834,8
12421,5.6592596643718815,5.518513939877887,-0.14074572449399447,4
12422,5.649303282032322,5.518513939877887,-0.1307893421544346,7
12423,5.646703149748685,5.518513939877887,-0.12818920987079796,5
12424,5.664253922166095,5.518513939877887,-0.14573998228820795,1
12425,5.645951931140738,5.518513939877887,-0.12743799126285094,6
12426,5.699040375809997,5.518513939877887,-0.18052643593210949,2
12427,5.674707814631839,5.518513939877887,-0.15619387475395197,10
12428,5.571383412144267,5.518513939877887,-0.05286947226638006,9
12429,5.937874620422465,7.041392685158225,1.10351806473576,8
12430,5.993404926016505,7.041392685158225,1.0479877591417202,7
12431,5.98217778400584,7.041392685158225,1.0592149011523855,1
12432,5.968870482985133,7.041392685158225,1.0725222021730927,9
12433,5.940867091998493,7.041392685158225,1.1005255931597322,2
12434,5.908891670655627,7.041392685158225,1.1325010145025987,3
12435,5.956669422967601,7.041392685158225,1.0847232621906242,10
12436,5.95464845065665,7.041392685158225,1.086744234501575,4
12437,5.975056890283034,7.041392685158225,1.066335794875191,6
12438,5.306883210253251,4.678518379040114,-0.6283648312131369,3
12439,5.4053404385756,4.678518379040114,-0.7268220595354853,10
12440,5.373855285813985,4.678518379040114,-0.6953369067738704,2
12441,5.35701842882232,4.678518379040114,-0.6785000497822056,1
12442,5.351872528659319,4.678518379040114,-0.6733541496192048,4
12443,5.34858012685636,4.678518379040114,-0.6700617478162458,8
12444,5.338877466558456,4.678518379040114,-0.6603590875183416,6
12445,5.367818369246501,4.678518379040114,-0.6892999902063863,5
12446,5.339804421769197,4.678518379040114,-0.661286042729083,7
12447,5.617702502251752,6.066773037085025,0.4490705348332735,10
12448,5.443510894197292,6.066773037085025,0.6232621428877332,9
12449,5.573828355142565,6.066773037085025,0.4929446819424603,1
12450,5.507141626941029,6.066773037085025,0.5596314101439965,4
12451,5.5954958608457686,6.066773037085025,0.4712771762392567,7
12452,5.557318400396498,6.066773037085025,0.5094546366885275,5
12453,5.628799577356045,6.066773037085025,0.4379734597289806,3
12454,5.578703704230329,6.066773037085025,0.4880693328546961,6
12455,5.718963672616506,6.066773037085025,0.3478093644685192,2
12456,5.779679410632826,5.899820502427096,0.12014109179427024,7
12457,5.595560770240526,5.899820502427096,0.3042597321865701,4
12458,5.780845919517435,5.899820502427096,0.11897458290966156,3
12459,5.743125369886033,5.899820502427096,0.1566951325410635,9
12460,5.65457757711784,5.899820502427096,0.24524292530925607,2
12461,5.72773525373716,5.899820502427096,0.17208524868993624,1
12462,5.724359191055975,5.899820502427096,0.1754613113711212,5
12463,5.72593863512705,5.899820502427096,0.17388186730004662,6
12464,5.684715019745382,5.899820502427096,0.21510548268171448,10
12465,5.870034634320331,7.429752280002408,1.5597176456820767,5
12466,5.8408359644127765,7.429752280002408,1.588916315589631,2
12467,5.730793992567643,7.429752280002408,1.6989582874347642,6
12468,5.816782919144278,7.429752280002408,1.6129693608581297,3
12469,5.863672217162749,7.429752280002408,1.5660800628396583,4
12470,5.84192512091413,7.429752280002408,1.5878271590882775,7
12471,5.897031980078578,7.429752280002408,1.5327202999238292,1
12472,5.9429275991421555,7.429752280002408,1.486824680860252,10
12473,5.854299324252341,7.429752280002408,1.575452955750067,8
12474,6.061569416011228,6.612783856719736,0.5512144407085087,1
12475,5.955668089307574,6.612783856719736,0.6571157674121624,5
12476,5.9180166414379105,6.612783856719736,0.6947672152818258,6
12477,5.90836385396874,6.612783856719736,0.7044200027509966,9
12478,5.944300095709137,6.612783856719736,0.6684837610105996,10
12479,6.073235156316107,6.612783856719736,0.5395487004036292,4
12480,5.946969597581892,6.612783856719736,0.6658142591378446,2
12481,5.923389237020712,6.612783856719736,0.6893946196990246,3
12482,6.044509842666812,6.612783856719736,0.5682740140529248,7
12483,6.062973932922006,6.503790683057181,0.4408167501351752,4
12484,6.078276163060343,6.503790683057181,0.4255145199968382,5
12485,6.074882195292513,6.503790683057181,0.4289084877646676,9
12486,6.1320428460788765,6.503790683057181,0.3717478369783045,1
12487,5.963880157183866,6.503790683057181,0.5399105258733146,3
12488,6.110444882214285,6.503790683057181,0.39334580084289605,6
12489,6.138615188258852,6.503790683057181,0.3651754947983292,7
12490,6.081423137321374,6.503790683057181,0.42236754573580715,2
12491,6.030990092568043,6.503790683057181,0.4728005904891379,10
12492,6.084639232145723,5.240798771117332,-0.8438404610283916,1
12493,6.022345129469521,5.240798771117332,-0.7815463583521893,7
12494,5.923398734573227,5.240798771117332,-0.6825999634558952,9
12495,6.005598482420575,5.240798771117332,-0.764799711303243,4
12496,5.9518109226827125,5.240798771117332,-0.7110121515653809,6
12497,5.8053047395214525,5.240798771117332,-0.5645059684041209,8
12498,5.872985274965452,5.240798771117332,-0.6321865038481205,5
12499,5.98739045414896,5.240798771117332,-0.7465916830316282,2
12500,6.045244191952059,5.240798771117332,-0.8044454208347274,10
12501,6.292251813005788,5.968482948553935,-0.3237688644518535,8
12502,6.319240240520848,5.968482948553935,-0.3507572919669135,3
12503,6.319587917429208,5.968482948553935,-0.35110496887527276,1
12504,6.011000931024555,5.968482948553935,-0.04251798247062055,7
12505,6.232702840382164,5.968482948553935,-0.2642198918282288,2
12506,6.241982196127019,5.968482948553935,-0.27349924757308397,4
12507,6.262066118007597,5.968482948553935,-0.2935831694536626,10
12508,6.297746029280736,5.968482948553935,-0.3292630807268013,9
12509,6.225812997501235,5.968482948553935,-0.25733004894730005,5
12510,6.001173719742626,6.05307844348342,0.05190472374079391,7
12511,6.182922342747208,6.05307844348342,-0.12984389926378803,2
12512,6.216790640526269,6.05307844348342,-0.163712197042849,8
12513,6.259465080106717,6.05307844348342,-0.20638663662329737,5
12514,6.222281802404101,6.05307844348342,-0.16920335892068117,4
12515,6.200578055816395,6.05307844348342,-0.14749961233297526,9
12516,6.323392934468936,6.05307844348342,-0.2703144909855162,6
12517,6.202142905794089,6.05307844348342,-0.14906446231066894,1
12518,6.249776430329848,6.05307844348342,-0.19669798684642803,3
12519,4.915540710077082,6.008600171761918,1.0930594616848364,3
12520,4.902795121066624,6.008600171761918,1.1058050506952943,9
12521,4.8700750807168065,6.008600171761918,1.1385250910451115,10
12522,4.679792297355955,6.008600171761918,1.328807874405963,1
12523,4.830816140488046,6.008600171761918,1.1777840312738723,2
12524,4.6786350789210225,6.008600171761918,1.3299650928408955,7
12525,4.722669062764322,6.008600171761918,1.2859311089975956,4
12526,4.725026115013824,6.008600171761918,1.283574056748094,5
12527,4.803613016149093,6.008600171761918,1.2049871556128249,8
12528,5.785877087023749,4.954242509439325,-0.831634577584424,8
12529,5.7449170419782085,4.954242509439325,-0.7906745325388833,3
12530,5.7826990819977055,4.954242509439325,-0.8284565725583803,4
12531,5.784893713180436,4.954242509439325,-0.8306512037411107,5
12532,5.725198567034401,4.954242509439325,-0.7709560575950762,7
12533,5.769499748832302,4.954242509439325,-0.8152572393929765,2
12534,5.614716253476845,4.954242509439325,-0.6604737440375201,10
12535,5.806008382959893,4.954242509439325,-0.8517658735205682,1
12536,5.856952059093923,4.954242509439325,-0.902709549654598,9
12537,6.464360003192855,6.770115294787102,0.30575529159424697,2
12538,6.562999254761399,6.770115294787102,0.20711604002570283,4
12539,6.469682931423303,6.770115294787102,0.3004323633637993,10
12540,6.583660897559058,6.770115294787102,0.1864543972280437,3
12541,6.596869176775181,6.770115294787102,0.1732461180119209,6
12542,6.5274459879324995,6.770115294787102,0.24266930685460242,1
12543,6.506592197198155,6.770115294787102,0.2635230975889469,9
12544,6.543124729319904,6.770115294787102,0.2269905654671982,5
12545,6.5722384630364,6.770115294787102,0.19787683175070203,8
12546,6.8707776393734665,6.418301291319746,-0.45247634805372083,4
12547,6.81496395210872,6.418301291319746,-0.3966626607889747,2
12548,6.916361568883904,6.418301291319746,-0.49806027756415805,1
12549,6.092324271399395,6.418301291319746,0.32597701992035066,7
12550,6.993339001335668,6.418301291319746,-0.5750377100159225,5
12551,6.9725477967624645,6.418301291319746,-0.5542465054427188,6
12552,6.816823018868951,6.418301291319746,-0.39852172754920545,8
12553,6.867416873619033,6.418301291319746,-0.44911558229928694,9
12554,6.912562162197243,6.418301291319746,-0.4942608708774969,10
12555,6.487594789237611,7.0220157398177205,0.5344209505801096,9
12556,6.370146295666778,7.0220157398177205,0.6518694441509423,8
12557,6.441570805875954,7.0220157398177205,0.5804449339417665,4
12558,6.392885613469239,7.0220157398177205,0.6291301263484819,3
12559,6.4409035207927126,7.0220157398177205,0.581112219025008,6
12560,6.3226950974850755,7.0220157398177205,0.699320642332645,1
12561,6.398099286528001,7.0220157398177205,0.6239164532897199,5
12562,6.317836298703705,7.0220157398177205,0.7041794411140154,10
12563,6.362597803760535,7.0220157398177205,0.6594179360571859,2
12564,2.771224107025426,1.9242792860618816,-0.8469448209635444,5
12565,2.8831082480011,1.9242792860618816,-0.9588289619392185,6
12566,2.719617508903053,1.9242792860618816,-0.7953382228411714,1
12567,2.637374023434783,1.9242792860618816,-0.7130947373729013,4
12568,2.7374164792531492,1.9242792860618816,-0.8131371931912676,8
12569,2.670931998466726,1.9242792860618816,-0.7466527124048445,2
12570,2.6556574852401504,1.9242792860618816,-0.7313781991782689,7
12571,2.6160710621652035,1.9242792860618816,-0.6917917761033219,9
12572,3.128856597677121,1.9242792860618816,-1.2045773116152394,3
12573,4.900787499421885,4.550228353055094,-0.3505591463667912,4
12574,4.881713918243304,4.550228353055094,-0.3314855651882098,2
12575,4.796641143582506,4.550228353055094,-0.24641279052741183,10
12576,4.885062151406345,4.550228353055094,-0.3348337983512506,3
12577,4.65333243915368,4.550228353055094,-0.10310408609858612,1
12578,4.806488386668121,4.550228353055094,-0.2562600336130272,7
12579,4.8542487931906555,4.550228353055094,-0.3040204401355613,6
12580,4.930040654403525,4.550228353055094,-0.3798123013484309,8
12581,4.661586684170815,4.550228353055094,-0.11135833111572069,5
12582,5.173849714785502,6.354621218722914,1.1807715039374127,4
12583,5.113619609541889,6.354621218722914,1.2410016091810254,10
12584,5.267662968184688,6.354621218722914,1.0869582505382267,2
12585,5.100139337188872,6.354621218722914,1.2544818815340424,3
12586,5.0914617605984365,6.354621218722914,1.2631594581244778,9
12587,5.048281898275655,6.354621218722914,1.3063393204472593,5
12588,5.114543520317613,6.354621218722914,1.240077698405301,7
12589,5.126328963272061,6.354621218722914,1.228292255450853,8
12590,5.163491009928573,6.354621218722914,1.1911302087943412,6
12591,5.383166932240827,5.856227259455358,0.4730603272145313,9
12592,5.539292917660064,5.856227259455358,0.3169343417952941,2
12593,5.210216766552365,5.856227259455358,0.6460104929029935,1
12594,5.443393464981839,5.856227259455358,0.412833794473519,4
12595,5.462424609395614,5.856227259455358,0.3938026500597438,6
12596,5.521535607903789,5.856227259455358,0.33469165155156944,5
12597,5.435437250433786,5.856227259455358,0.42079000902157215,7
12598,5.502799030041978,5.856227259455358,0.3534282294133799,8
12599,5.396048992047624,5.856227259455358,0.46017826740773415,10
12600,5.791882174397397,6.052936217579409,0.2610540431820114,10
12601,5.8607183969880285,6.052936217579409,0.19221782059138004,7
12602,5.704411148276459,6.052936217579409,0.3485250693029496,6
12603,5.718102945937063,6.052936217579409,0.33483327164234566,2
12604,5.714292288846489,6.052936217579409,0.33864392873291926,3
12605,5.512667242046839,6.052936217579409,0.5402689755325696,1
12606,5.637961454215959,6.052936217579409,0.41497476336344974,4
12607,5.627113636822726,6.052936217579409,0.4258225807566829,8
12608,5.7895010784904315,6.052936217579409,0.2634351390889771,5
12609,5.550955979026677,6.431363764158987,0.8804077851323102,9
12610,5.494581433581648,6.431363764158987,0.9367823305773388,1
12611,5.62907295294313,6.431363764158987,0.8022908112158573,4
12612,5.609909145177332,6.431363764158987,0.8214546189816545,5
12613,5.571957245128699,6.431363764158987,0.859406519030288,6
12614,5.660684326548204,6.431363764158987,0.7706794376107826,3
12615,5.6996217069163615,6.431363764158987,0.7317420572426254,7
12616,5.81359560488477,6.431363764158987,0.6177681592742168,10
12617,5.671091046296104,6.431363764158987,0.7602727178628825,2
12618,4.810115315709368,3.982723387668545,-0.8273919280408228,6
12619,4.6273172543435015,3.982723387668545,-0.6445938666749567,8
12620,4.727899176165191,3.982723387668545,-0.7451757884966459,3
12621,4.869610270619489,3.982723387668545,-0.8868868829509444,10
12622,4.779311883770233,3.982723387668545,-0.796588496101688,2
12623,4.73683622733533,3.982723387668545,-0.7541128396667856,4
12624,4.665760317274362,3.982723387668545,-0.6830369296058172,1
12625,4.7967309166991585,3.982723387668545,-0.8140075290306137,9
12626,4.77314353276809,3.982723387668545,-0.7904201450995454,5
12627,4.422083914656248,3.4471580313422194,-0.9749258833140289,5
12628,4.418895224079768,3.4471580313422194,-0.9717371927375487,9
12629,4.318684837347998,3.4471580313422194,-0.8715268060057788,4
12630,4.385470608912509,3.4471580313422194,-0.9383125775702892,1
12631,4.4387340059908365,3.4471580313422194,-0.991575974648617,6
12632,4.597716677005257,3.4471580313422194,-1.150558645663038,2
12633,4.400280470031296,3.4471580313422194,-0.9531224386890766,10
12634,4.501819830831511,3.4471580313422194,-1.054661799489292,7
12635,4.4022408590853095,3.4471580313422194,-0.9550828277430901,8
12636,5.396502289607793,6.563836918664545,1.167334629056752,7
12637,5.170288082643925,6.563836918664545,1.3935488360206199,4
12638,5.264762474513622,6.563836918664545,1.2990744441509223,10
12639,5.305321305207979,6.563836918664545,1.2585156134565656,2
12640,5.275835009499492,6.563836918664545,1.288001909165053,3
12641,5.265473053352653,6.563836918664545,1.2983638653118916,1
12642,5.338746715111681,6.563836918664545,1.2250902035528632,9
12643,4.858832734111721,6.563836918664545,1.7050041845528234,8
12644,5.181998803425758,6.563836918664545,1.3818381152387866,6
12645,4.0639216572114805,2.812913356642856,-1.2510083005686243,6
12646,4.128981446946816,2.812913356642856,-1.3160680903039599,10
12647,4.022416752333945,2.812913356642856,-1.209503395691089,5
12648,4.081986902771937,2.812913356642856,-1.2690735461290807,1
12649,4.139228741754893,2.812913356642856,-1.326315385112037,8
12650,4.125563638415691,2.812913356642856,-1.3126502817728345,4
12651,4.2391201164299925,2.812913356642856,-1.4262067597871364,2
12652,4.151685707397585,2.812913356642856,-1.3387723507547284,7
12653,4.127892050057756,2.812913356642856,-1.3149786934149001,9
12654,3.7547866968678054,3.0791812460476247,-0.6756054508201808,4
12655,3.659960249555219,3.0791812460476247,-0.5807790035075944,6
12656,3.624943023334146,3.0791812460476247,-0.5457617772865215,9
12657,3.7739813350768494,3.0791812460476247,-0.6948000890292247,10
12658,3.8731910130643974,3.0791812460476247,-0.7940097670167727,7
12659,3.6953183342438325,3.0791812460476247,-0.6161370881962078,8
12660,4.055081837958083,3.0791812460476247,-0.9759005919104582,5
12661,3.8484850834990363,3.0791812460476247,-0.7693038374514116,2
12662,3.583470785372822,3.0791812460476247,-0.5042895393251974,1
12663,5.020602151511386,5.556302500767287,0.5357003492559009,10
12664,4.939368213977896,5.556302500767287,0.616934286789391,9
12665,4.978032877620016,5.556302500767287,0.5782696231472713,4
12666,5.034351657323691,5.556302500767287,0.5219508434435962,7
12667,5.115538990504586,5.556302500767287,0.440763510262701,2
12668,4.883962803818778,5.556302500767287,0.6723396969485087,1
12669,4.895357667164502,5.556302500767287,0.6609448336027848,8
12670,4.808841253093654,5.556302500767287,0.7474612476736331,5
12671,5.154770264699499,5.556302500767287,0.401532236067788,6
12672,3.4692460044710347,4.334855689617291,0.8656096851462567,1
12673,3.366723941540012,4.334855689617291,0.9681317480772793,7
12674,3.6271385644346195,4.334855689617291,0.7077171251826719,4
12675,3.4774512839231724,4.334855689617291,0.857404405694119,8
12676,3.341923176087692,4.334855689617291,0.9929325135295994,6
12677,3.30056451344338,4.334855689617291,1.0342911761739115,5
12678,3.432397400966106,4.334855689617291,0.9024582886511854,2
12679,3.5575622966932308,4.334855689617291,0.7772933929240606,3
12680,3.545066995482225,4.334855689617291,0.7897886941350665,10
12681,3.3093624720133303,4.698970004336019,1.3896075323226884,1
12682,3.450108085811132,4.698970004336019,1.2488619185248866,3
12683,3.254327886725789,4.698970004336019,1.4446421176102295,8
12684,3.118691070198009,4.698970004336019,1.58027893413801,7
12685,3.2282716083741314,4.698970004336019,1.4706983959618873,6
12686,3.270035697853783,4.698970004336019,1.428934306482236,2
12687,3.308570499999684,4.698970004336019,1.3903995043363349,5
12688,3.3917663726672194,4.698970004336019,1.3072036316687994,10
12689,3.3327655774167577,4.698970004336019,1.366204426919261,4
12690,3.1731424708235134,3.187520720836463,0.014378250012949678,2
12691,3.437013760912019,3.187520720836463,-0.24949304007555595,3
12692,3.118930115336343,3.187520720836463,0.0685906055001202,5
12693,3.3007584646622203,3.187520720836463,-0.11323774382575724,4
12694,3.207200229291026,3.187520720836463,-0.0196795084545629,6
12695,3.259012117189089,3.187520720836463,-0.0714913963526258,8
12696,3.168731457914246,3.187520720836463,0.018789262922217276,7
12697,3.2560740931629146,3.187520720836463,-0.06855337232645153,1
12698,3.236599046265875,3.187520720836463,-0.04907832542941204,10
12699,5.460315953471612,4.167317334748176,-1.2929986187234368,2
12700,4.986164719467945,4.167317334748176,-0.8188473847197697,8
12701,5.260700417054328,4.167317334748176,-1.0933830823061523,1
12702,5.443911207417857,4.167317334748176,-1.2765938726696815,5
12703,5.325328318834712,4.167317334748176,-1.1580109840865367,9
12704,5.495959992134939,4.167317334748176,-1.3286426573867631,3
12705,5.396914499913384,4.167317334748176,-1.2295971651652087,4
12706,5.25750444732727,4.167317334748176,-1.0901871125790947,6
12707,5.458111097269752,4.167317334748176,-1.2907937625215764,7
12708,3.34741686990808,3.679427896612119,0.33201102670403904,10
12709,3.253843670609413,3.679427896612119,0.42558422600270607,1
12710,3.264585121960235,3.679427896612119,0.4148427746518841,2
12711,3.411634504302642,3.679427896612119,0.2677933923094771,3
12712,3.2715918661749,3.679427896612119,0.40783603043721905,7
12713,3.1246843241933164,3.679427896612119,0.5547435724188028,9
12714,3.235704552436792,3.679427896612119,0.4437233441753272,8
12715,3.231949478083081,3.679427896612119,0.44747841852903836,5
12716,3.389547168353178,3.679427896612119,0.2898807282589413,4
12717,2.791329339214436,0.6989700043360189,-2.092359334878417,7
12718,2.778914814946078,0.6989700043360189,-2.0799448106100593,5
12719,2.7839131557291505,0.6989700043360189,-2.084943151393132,9
12720,2.926146177102899,0.6989700043360189,-2.2271761727668804,1
12721,2.8891090269116724,0.6989700043360189,-2.1901390225756536,6
12722,2.9969428629479657,0.6989700043360189,-2.297972858611947,2
12723,2.856728412738258,0.6989700043360189,-2.1577584084022394,8
12724,2.9009250520570684,0.6989700043360189,-2.2019550477210497,3
12725,3.2310069462545647,0.6989700043360189,-2.532036941918546,4
12726,4.8527808497067175,4.754883228252168,-0.09789762145454972,1
12727,5.007490594980821,4.754883228252168,-0.252607366728653,10
12728,4.847272384955583,4.754883228252168,-0.09238915670341541,4
12729,4.869684323086169,4.754883228252168,-0.11480109483400103,3
12730,4.792461662119729,4.754883228252168,-0.03757843386756132,8
12731,4.862625356068144,4.754883228252168,-0.10774212781597647,6
12732,4.858570035931262,4.754883228252168,-0.103686807679094,5
12733,5.042823166741543,4.754883228252168,-0.2879399384893748,2
12734,4.909241284516907,4.754883228252168,-0.15435805626473886,9
12735,3.534803452882518,2.556302500767288,-0.9785009521152297,4
12736,3.500848581279572,2.556302500767288,-0.9445460805122838,6
12737,3.586162845410191,2.556302500767288,-1.0298603446429029,10
12738,3.4077063998072745,2.556302500767288,-0.8514038990399864,1
12739,3.501974592689357,2.556302500767288,-0.9456720919220687,8
12740,3.7062116347423224,2.556302500767288,-1.1499091339750342,3
12741,3.563485182454204,2.556302500767288,-1.007182681686916,9
12742,3.9471911735380423,2.556302500767288,-1.3908886727707541,7
12743,3.537533296544143,2.556302500767288,-0.9812307957768547,5
12744,5.074323962854951,5.812913356642856,0.7385893937879047,9
12745,5.251047934865372,5.812913356642856,0.5618654217774841,4
12746,5.194730042561576,5.812913356642856,0.6181833140812794,5
12747,5.204009855717549,5.812913356642856,0.6089035009253063,7
12748,5.192550419457145,5.812913356642856,0.6203629371857105,1
12749,5.205694666034491,5.812913356642856,0.6072186906083648,6
12750,5.166469108575998,5.812913356642856,0.6464442480668575,10
12751,5.157739518913225,5.812913356642856,0.655173837729631,8
12752,4.724103126905259,5.812913356642856,1.0888102297375966,3
12753,5.462424609395614,5.186815124447454,-0.27560948494816007,6
12754,5.443393464981839,5.186815124447454,-0.2565783405343849,4
12755,5.539292917660064,5.186815124447454,-0.35247779321260975,2
12756,5.210216766552365,5.186815124447454,-0.02340164210491036,1
12757,5.502799030041978,5.186815124447454,-0.31598390559452394,8
12758,5.435437250433786,5.186815124447454,-0.2486221259863317,7
12759,5.396048992047624,5.186815124447454,-0.2092338676001697,10
12760,5.521535607903789,5.186815124447454,-0.33472048345633443,5
12761,5.383166932240827,5.186815124447454,-0.19635180779337258,9
12762,4.950577791575845,4.821513528404773,-0.1290642631710721,9
12763,5.003808998846917,4.821513528404773,-0.18229547044214467,10
12764,4.886540853638376,4.821513528404773,-0.06502732523360333,6
12765,4.835450453977276,4.821513528404773,-0.013936925572503256,3
12766,4.9075289322391855,4.821513528404773,-0.08601540383441275,1
12767,4.970696077717859,4.821513528404773,-0.14918254931308628,4
12768,4.957498914936342,4.821513528404773,-0.13598538653156922,8
12769,4.898277486553869,4.821513528404773,-0.07676395814909664,7
12770,4.981227431114335,4.821513528404773,-0.1597139027095622,5
12771,5.977806253965005,6.167317334748176,0.1895110807831708,5
12772,5.875778105508391,6.167317334748176,0.2915392292397847,4
12773,6.016268437634777,6.167317334748176,0.15104889711339897,3
12774,6.0374846488896745,6.167317334748176,0.12983268585850105,10
12775,6.005411881112308,6.167317334748176,0.1619054536358675,6
12776,5.942550711940004,6.167317334748176,0.22476662280817195,7
12777,6.020494149509157,6.167317334748176,0.14682318523901827,8
12778,6.038506816066902,6.167317334748176,0.12881051868127358,2
12779,6.042478211600922,6.167317334748176,0.12483912314725387,1
12780,5.3888972246794875,5.903089986991944,0.5141927623124563,8
12781,5.2615418851524005,5.903089986991944,0.6415481018395432,3
12782,5.3002736895854206,5.903089986991944,0.6028162974065232,6
12783,5.509863470525271,5.903089986991944,0.3932265164666724,10
12784,5.4098629016032005,5.903089986991944,0.49322708538874327,9
12785,5.3367765046559255,5.903089986991944,0.5663134823360183,2
12786,5.350061473994683,5.903089986991944,0.553028512997261,5
12787,5.389026870907829,5.903089986991944,0.5140631160841149,1
12788,5.308951347092145,5.903089986991944,0.594138639899799,4
12789,6.00012568132543,5.287129620719111,-0.7129960606063186,5
12790,6.0087632292873865,5.287129620719111,-0.7216336085682755,3
12791,6.043062347858238,5.287129620719111,-0.7559327271391272,1
12792,6.040982985162073,5.287129620719111,-0.7538533644429624,10
12793,6.004236738996827,5.287129620719111,-0.717107118277716,9
12794,6.04996124724007,5.287129620719111,-0.7628316265209589,6
12795,5.9699487891679075,5.287129620719111,-0.6828191684487965,7
12796,5.87135827759124,5.287129620719111,-0.5842286568721287,4
12797,5.998957411253214,5.287129620719111,-0.7118277905341026,8
12798,5.29629331269683,5.773069340485962,0.476776027789132,7
12799,5.322093533869839,5.773069340485962,0.4509758066161229,3
12800,5.265134928367238,5.773069340485962,0.5079344121187237,1
12801,5.402260483852185,5.773069340485962,0.3708088566337766,5
12802,5.617118895571386,5.773069340485962,0.15595044491457521,6
12803,5.415788636966519,5.773069340485962,0.35728070351944297,8
12804,5.328543700252449,5.773069340485962,0.44452564023351293,2
12805,5.335016226892388,5.773069340485962,0.4380531135935737,9
12806,5.29848716961281,5.773069340485962,0.4745821708731519,10
12807,5.80530439692279,5.845098040014257,0.03979364309146671,3
12808,5.783505355344106,5.845098040014257,0.06159268467015089,2
12809,5.789347565725959,5.845098040014257,0.05575047428829816,1
12810,5.702225204072258,5.845098040014257,0.14287283594199884,7
12811,5.766082196106101,5.845098040014257,0.07901584390815586,9
12812,5.742166176350398,5.845098040014257,0.10293186366385854,5
12813,5.77246672672684,5.845098040014257,0.07263131328741679,6
12814,5.843442952204409,5.845098040014257,0.0016550878098477995,10
12815,5.631364630505839,5.845098040014257,0.2137334095084178,4
12816,5.0356899965019695,4.505149978319906,-0.5305400181820632,6
12817,4.8435869175820025,4.505149978319906,-0.3384369392620963,3
12818,5.001893437773777,4.505149978319906,-0.4967434594538709,4
12819,5.004777300897643,4.505149978319906,-0.49962732257773634,10
12820,4.866447276292731,4.505149978319906,-0.3612972979728246,9
12821,4.9324167731524255,4.505149978319906,-0.4272667948325193,5
12822,4.863247080504836,4.505149978319906,-0.35809710218492974,1
12823,4.975809382176785,4.505149978319906,-0.470659403856879,2
12824,4.9192906839766675,4.505149978319906,-0.4141407056567612,7
12825,6.349367026512037,6.889301702506311,0.5399346759942736,6
12826,6.2312076195476065,6.889301702506311,0.6580940829587041,10
12827,6.176824898689235,6.889301702506311,0.7124768038170757,3
12828,6.198485665699403,6.889301702506311,0.6908160368069076,4
12829,6.173680539276376,6.889301702506311,0.715621163229935,1
12830,6.2068104154950055,6.889301702506311,0.6824912870113051,8
12831,6.438075478597036,6.889301702506311,0.45122622390927436,9
12832,6.255019879423631,6.889301702506311,0.6342818230826799,5
12833,6.104492466371604,6.889301702506311,0.7848092361347065,7
12834,5.882369104888828,5.395850376018781,-0.4865187288700472,8
12835,5.787615706874474,5.395850376018781,-0.3917653308556934,1
12836,5.828142898251551,5.395850376018781,-0.43229252223277026,6
12837,5.827488051434656,5.395850376018781,-0.4316376754158755,10
12838,5.806540597165982,5.395850376018781,-0.4106902211472008,7
12839,5.912331423851758,5.395850376018781,-0.5164810478329773,2
12840,5.847043631282281,5.395850376018781,-0.45119325526350007,3
12841,5.82131740471079,5.395850376018781,-0.42546702869200903,5
12842,5.834340029915184,5.395850376018781,-0.4384896538964034,4
12843,5.940102917271603,6.74154551677621,0.8014425995046066,10
12844,5.925680383477071,6.74154551677621,0.8158651332991385,2
12845,5.93507305418159,6.74154551677621,0.8064724625946198,5
12846,5.928750365308074,6.74154551677621,0.8127951514681353,6
12847,5.911272744548393,6.74154551677621,0.8302727722278167,4
12848,5.910126311438377,6.74154551677621,0.8314192053378324,7
12849,5.923680328505337,6.74154551677621,0.817865188270873,1
12850,5.965200309278501,6.74154551677621,0.7763452074977089,3
12851,5.932224638673825,6.74154551677621,0.8093208781023851,8
12852,5.6652880277849755,5.698970004336019,0.03368197655104321,7
12853,5.691726201968299,5.698970004336019,0.007243802367719709,1
12854,5.595490658609023,5.698970004336019,0.10347934572699558,5
12855,5.682026229016314,5.698970004336019,0.016943775319704812,3
12856,5.862105784329919,5.698970004336019,-0.16313577999390017,9
12857,5.705779161773794,5.698970004336019,-0.006809157437775326,8
12858,5.597313078881278,5.698970004336019,0.10165692545474059,4
12859,5.742900644415626,5.698970004336019,-0.043930640079607564,6
12860,5.55037727093171,5.698970004336019,0.14859273340430867,10
12861,2.9212236869055808,3.845098040014257,0.9238743531086762,2
12862,2.8032061051982478,3.845098040014257,1.0418919348160092,7
12863,2.83492845679411,3.845098040014257,1.0101695832201467,6
12864,2.7285276893641086,3.845098040014257,1.1165703506501483,3
12865,3.253902195212829,3.845098040014257,0.5911958448014278,10
12866,2.749637882827755,3.845098040014257,1.0954601571865021,8
12867,2.892700536122934,3.845098040014257,0.9523975038913228,1
12868,2.7974636082982873,3.845098040014257,1.0476344317159696,9
12869,3.252977589723024,3.845098040014257,0.5921204502912327,4
12870,2.666910230579211,2.8090544272229425,0.14214419664373157,8
12871,2.796416287325482,2.8090544272229425,0.012638139897460654,1
12872,2.8315291936788323,2.8090544272229425,-0.02247476645588975,2
12873,2.7733496100826973,2.8090544272229425,0.035704817140245204,7
12874,3.1246915564181523,2.8090544272229425,-0.3156371291952098,4
12875,2.7348147718685465,2.8090544272229425,0.07423965535439603,5
12876,2.840000979397096,2.8090544272229425,-0.030946552174153652,6
12877,2.9661146787666626,2.8090544272229425,-0.15706025154372005,10
12878,2.72590208875799,2.8090544272229425,0.08315233846495262,3
12879,2.765248839205336,2.505149978319906,-0.2600988608854302,7
12880,2.936377617336031,2.505149978319906,-0.43122763901612515,2
12881,2.794156771214414,2.505149978319906,-0.28900679289450837,9
12882,2.8064413190740387,2.505149978319906,-0.3012913407541329,6
12883,2.693649433159124,2.505149978319906,-0.18849945483921804,8
12884,2.69882166134985,2.505149978319906,-0.1936716830299443,3
12885,3.0900380669846217,2.505149978319906,-0.5848880886647159,10
12886,2.848187453536641,2.505149978319906,-0.3430374752167351,1
12887,2.7631744718800206,2.505149978319906,-0.2580244935601148,5
12888,3.200288574469155,3.4471580313422194,0.2468694568730645,10
12889,2.8948913805214147,3.4471580313422194,0.5522666508208047,6
12890,2.980666285814683,3.4471580313422194,0.4664917455275366,1
12891,2.9372563896029282,3.4471580313422194,0.5099016417392912,7
12892,3.009628940378873,3.4471580313422194,0.43752909096334625,2
12893,3.2861087831517506,3.4471580313422194,0.16104924819046884,4
12894,2.911375581924832,3.4471580313422194,0.5357824494173875,5
12895,2.895001008044839,3.4471580313422194,0.5521570232973803,3
12896,2.8727443663302052,3.4471580313422194,0.5744136650120142,9
12897,2.7630537354939246,1.7993405494535817,-0.963713186040343,3
12898,2.756884956392418,1.7993405494535817,-0.9575444069388364,1
12899,2.791551926628641,1.7993405494535817,-0.9922113771750594,7
12900,2.7113710152478903,1.7993405494535817,-0.9120304657943086,5
12901,2.679769123720209,1.7993405494535817,-0.8804285742666274,8
12902,3.022040188498442,1.7993405494535817,-1.2226996390448601,10
12903,3.086829145482918,1.7993405494535817,-1.2874885960293363,4
12904,2.8651013864219634,1.7993405494535817,-1.0657608369683818,2
12905,2.784235367288554,1.7993405494535817,-0.9848948178349723,9
12906,3.541261055402948,3.322219294733919,-0.21904176066902892,10
12907,3.409684414009696,3.322219294733919,-0.08746511927577671,5
12908,3.507924885865781,3.322219294733919,-0.18570559113186214,8
12909,3.5533241999790395,3.322219294733919,-0.2311049052451204,7
12910,3.5106664409488433,3.322219294733919,-0.1884471462149242,1
12911,3.6303937962371986,3.322219294733919,-0.3081745015032795,4
12912,3.9201207255758597,3.322219294733919,-0.5979014308419406,2
12913,3.3689745543305025,3.322219294733919,-0.04675525959658344,3
12914,3.1633952124046987,3.322219294733919,0.1588240823292204,6
12915,2.74852213545832,1.5587085705331658,-1.1898135649251542,5
12916,2.9102597649779334,1.5587085705331658,-1.3515511944447676,2
12917,2.9368278446391183,1.5587085705331658,-1.3781192741059525,1
12918,2.680353864002552,1.5587085705331658,-1.1216452934693861,3
12919,3.1424832672533096,1.5587085705331658,-1.5837746967201438,10
12920,2.7362568967981393,1.5587085705331658,-1.1775483262649735,8
12921,2.870483030289011,1.5587085705331658,-1.3117744597558452,6
12922,2.781671893539119,1.5587085705331658,-1.2229633230059531,7
12923,2.820777724519901,1.5587085705331658,-1.2620691539867352,9
12924,6.131924647620446,5.434568904034199,-0.6973557435862467,3
12925,6.159822341415516,5.434568904034199,-0.7252534373813173,8
12926,6.112146038806301,5.434568904034199,-0.6775771347721022,7
12927,6.0798114218529475,5.434568904034199,-0.6452425178187484,4
12928,6.100526775997872,5.434568904034199,-0.6659578719636725,5
12929,6.148515729717414,5.434568904034199,-0.7139468256832151,10
12930,6.12147306348323,5.434568904034199,-0.686904159449031,2
12931,6.130185304897642,5.434568904034199,-0.6956164008634431,9
12932,6.091325534489672,5.434568904034199,-0.6567566304554733,1
12933,5.306731952791349,5.926856708949693,0.6201247561583436,5
12934,5.276377362286419,5.926856708949693,0.6504793466632739,6
12935,5.0943604035198256,5.926856708949693,0.8324963054298671,4
12936,5.403190759040476,5.926856708949693,0.5236659499092164,9
12937,5.457338514560279,5.926856708949693,0.4695181943894138,8
12938,5.284977038606377,5.926856708949693,0.6418796703433154,3
12939,5.225511652425934,5.926856708949693,0.7013450565237589,7
12940,5.334169808657942,5.926856708949693,0.592686900291751,2
12941,5.285922191612826,5.926856708949693,0.6409345173368663,1
12942,5.955981995850389,5.8750612633917,-0.08092073245868914,1
12943,5.995394616639797,5.8750612633917,-0.12033335324809702,9
12944,5.944769488953385,5.8750612633917,-0.06970822556168521,6
12945,5.9881518504455595,5.8750612633917,-0.11309058705385944,4
12946,5.949967466551039,5.8750612633917,-0.0749062031593386,2
12947,5.972513161490164,5.8750612633917,-0.09745189809846355,5
12948,5.991519804802404,5.8750612633917,-0.11645854141070355,7
12949,6.019754858659207,5.8750612633917,-0.14469359526750658,8
12950,6.01553786729477,5.8750612633917,-0.14047660390307026,10
12951,6.2437501939574815,6.237040791379191,-0.0067094025782905575,7
12952,6.1806241687075065,6.237040791379191,0.05641662267168446,1
12953,6.136886290454222,6.237040791379191,0.10015450092496891,4
12954,6.280940471499991,6.237040791379191,-0.043899680120800255,8
12955,6.2625173077182,6.237040791379191,-0.02547651633900916,10
12956,6.230668895533392,6.237040791379191,0.006371895845799003,3
12957,6.274616080690548,6.237040791379191,-0.03757528931135745,9
12958,6.257891247849849,6.237040791379191,-0.020850456470657974,5
12959,6.367115203691471,6.237040791379191,-0.1300744123122799,6
12960,6.072969682510634,5.990782691803138,-0.08218699070749658,10
12961,6.077773911737955,5.990782691803138,-0.08699121993481729,9
12962,6.053051530325051,5.990782691803138,-0.06226883852191367,7
12963,5.992281738898237,5.990782691803138,-0.001499047095099293,6
12964,6.087642882337412,5.990782691803138,-0.09686019053427408,3
12965,6.0481273172781105,5.990782691803138,-0.057344625474972766,2
12966,6.044647423845875,5.990782691803138,-0.05386473204273745,4
12967,6.072915401227642,5.990782691803138,-0.08213270942450457,8
12968,6.049404540518207,5.990782691803138,-0.05862184871506937,5
12969,6.03786904492186,6.447158031342219,0.4092889864203597,2
12970,6.115233268620614,6.447158031342219,0.33192476272160576,7
12971,6.0884317786131374,6.447158031342219,0.358726252729082,1
12972,6.10542904337077,6.447158031342219,0.34172898797144935,4
12973,6.108243628589797,6.447158031342219,0.33891440275242246,8
12974,6.0902690510438715,6.447158031342219,0.3568889802983479,9
12975,6.17270221579191,6.447158031342219,0.2744558155503096,10
12976,6.1168001521860615,6.447158031342219,0.3303578791561579,6
12977,6.047916201241262,6.447158031342219,0.3992418301009577,3
12978,6.194753655661457,6.2576785748691846,0.06292491920772747,6
12979,6.114366273703503,6.2576785748691846,0.1433123011656816,2
12980,6.127273865050822,6.2576785748691846,0.13040470981836272,10
12981,6.23254814447913,6.2576785748691846,0.025130430390054137,5
12982,6.159078502265042,6.2576785748691846,0.0986000726041425,1
12983,6.195129903245377,6.2576785748691846,0.06254867162380773,3
12984,6.1807443749943305,6.2576785748691846,0.07693419987485406,7
12985,6.220355852188326,6.2576785748691846,0.03732272268085879,8
12986,6.196116285650544,6.2576785748691846,0.06156228921864049,4
12987,6.37226857358701,6.653212513775344,0.280943940188334,4
12988,6.304458530925461,6.653212513775344,0.3487539828498827,8
12989,6.294129014508121,6.653212513775344,0.35908349926722316,2
12990,6.340424405402955,6.653212513775344,0.3127881083723887,10
12991,6.383140061134213,6.653212513775344,0.27007245264113067,9
12992,6.448844694571441,6.653212513775344,0.20436781920390334,6
12993,6.434249814745328,6.653212513775344,0.21896269903001553,1
12994,6.359442152445532,6.653212513775344,0.2937703613298117,7
12995,6.1511954582963675,6.653212513775344,0.5020170554789765,3
12996,6.489270943893616,6.2552725051033065,-0.23399843879030957,6
12997,6.461131285130128,6.2552725051033065,-0.2058587800268219,9
12998,6.190306248155221,6.2552725051033065,0.06496625694808511,3
12999,6.390777062450411,6.2552725051033065,-0.13550455734710454,8
13000,6.461440542685934,6.2552725051033065,-0.20616803758262758,10
13001,6.450718042839068,6.2552725051033065,-0.19544553773576112,2
13002,6.490727611158822,6.2552725051033065,-0.23545510605551545,1
13003,6.480247118590902,6.2552725051033065,-0.2249746134875954,4
13004,6.3141225525819396,6.2552725051033065,-0.058850047478633094,5
13005,6.5689791613729245,6.531478917042255,-0.03750024433066912,8
13006,6.609235428421675,6.531478917042255,-0.07775651137941963,1
13007,6.197595833214315,6.531478917042255,0.3338830838279403,3
13008,6.549856186609794,6.531478917042255,-0.018377269567539045,4
13009,6.532004086016958,6.531478917042255,-0.0005251689747023391,2
13010,6.520845579708706,6.531478917042255,0.010633337333548987,10
13011,6.52211497307631,6.531478917042255,0.009363943965944976,9
13012,6.5173725574503605,6.531478917042255,0.01410635959189488,7
13013,6.542198340042803,6.531478917042255,-0.010719423000547401,5
13014,3.267577321533386,3.3010299956639813,0.03345267413059538,5
13015,3.3033529720265467,3.3010299956639813,-0.0023229763625653987,7
13016,3.6223709320913478,3.3010299956639813,-0.3213409364273665,8
13017,3.492465993623412,3.3010299956639813,-0.1914359979594309,10
13018,3.450157853566065,3.3010299956639813,-0.1491278579020836,4
13019,3.3917912673320445,3.3010299956639813,-0.09076127166806325,2
13020,3.4032228551475905,3.3010299956639813,-0.10219285948360923,6
13021,3.2570720071335266,3.3010299956639813,0.04395798853045463,9
13022,3.563007028084638,3.3010299956639813,-0.26197703242065673,3
13023,5.690211508251673,5.301029995663981,-0.38918151258769207,4
13024,5.6254856423663595,5.301029995663981,-0.32445564670237825,2
13025,5.692824983909249,5.301029995663981,-0.3917949882452678,9
13026,5.655924455083987,5.301029995663981,-0.35489445942000586,7
13027,5.708211263587003,5.301029995663981,-0.407181267923022,8
13028,5.681726289613852,5.301029995663981,-0.38069629394987103,3
13029,5.693001161963494,5.301029995663981,-0.3919711662995127,6
13030,5.788199652009273,5.301029995663981,-0.48716965634529164,10
13031,5.722797188267967,5.301029995663981,-0.4217671926039861,1
13032,6.122433231190933,6.230448921378274,0.10801569018734103,1
13033,6.077785647532069,6.230448921378274,0.15266327384620482,10
13034,6.119228386757756,6.230448921378274,0.11122053462051795,8
13035,6.136474021524705,6.230448921378274,0.09397489985356877,5
13036,6.127650285168768,6.230448921378274,0.10279863620950636,3
13037,6.12353360412503,6.230448921378274,0.10691531725324399,9
13038,6.083307142192509,6.230448921378274,0.1471417791857652,4
13039,6.133797442584061,6.230448921378274,0.09665147879421276,6
13040,6.105374290254351,6.230448921378274,0.12507463112392347,2
13041,6.286206871966879,6.340444114840119,0.05423724287324028,8
13042,6.262349969099468,6.340444114840119,0.07809414574065165,3
13043,6.28676103214478,6.340444114840119,0.053683082695338946,2
13044,6.2367574160907635,6.340444114840119,0.10368669874935588,7
13045,6.286565481043321,6.340444114840119,0.05387863379679825,5
13046,6.278554939232308,6.340444114840119,0.06188917560781171,4
13047,6.275278101962918,6.340444114840119,0.06516601287720114,10
13048,6.266793992736206,6.340444114840119,0.07365012210391342,6
13049,6.293564831354041,6.340444114840119,0.04687928348607873,1
13050,6.160761356430421,6.3979400086720375,0.23717865224161638,5
13051,6.1040082119736585,6.3979400086720375,0.293931796698379,8
13052,6.102124545468373,6.3979400086720375,0.2958154632036649,6
13053,6.01278075267887,6.3979400086720375,0.3851592559931678,3
13054,6.026166303080672,6.3979400086720375,0.3717737055913659,7
13055,6.087383707888757,6.3979400086720375,0.3105563007832801,1
13056,6.076800540019407,6.3979400086720375,0.3211394686526301,9
13057,6.0573703059830795,6.3979400086720375,0.34056970268895803,4
13058,6.076460673122322,6.3979400086720375,0.3214793355497152,10
13059,5.639576599693321,4.346744054604849,-1.292832545088472,1
13060,5.65612837941572,4.346744054604849,-1.3093843248108712,9
13061,5.677019070716697,4.346744054604849,-1.3302750161118482,6
13062,5.741184025763279,4.346744054604849,-1.3944399711584303,7
13063,5.728609857173926,4.346744054604849,-1.3818658025690773,8
13064,5.698626774581161,4.346744054604849,-1.3518827199763122,3
13065,5.854753816965346,4.346744054604849,-1.5080097623604969,5
13066,5.678493264850861,4.346744054604849,-1.331749210246012,4
13067,5.531832218516973,4.346744054604849,-1.1850881639121242,2
13068,5.905755279297633,6.079181246047625,0.173425966749992,1
13069,5.903833077379153,6.079181246047625,0.1753481686684717,6
13070,5.8973931702175495,6.079181246047625,0.1817880758300756,4
13071,5.903048299175809,6.079181246047625,0.17613294687181646,9
13072,5.905181075356717,6.079181246047625,0.174000170690908,3
13073,5.829420659123412,6.079181246047625,0.24976058692421343,2
13074,5.858355540516323,6.079181246047625,0.22082570553130232,10
13075,5.90343647869055,6.079181246047625,0.17574476735707467,5
13076,5.873385806888768,6.079181246047625,0.205795439158857,7
13077,5.53543871739918,6.301029995663981,0.7655912782648011,1
13078,5.727261502018523,6.301029995663981,0.5737684936454581,10
13079,5.6273354448645065,6.301029995663981,0.6736945507994747,4
13080,5.5942018928693695,6.301029995663981,0.7068281027946117,6
13081,5.620742841585016,6.301029995663981,0.6802871540789655,2
13082,5.458571747312737,6.301029995663981,0.8424582483512442,7
13083,5.687894510779994,6.301029995663981,0.613135484883987,5
13084,5.601144707561707,6.301029995663981,0.6998852881022746,3
13085,5.543382294739184,6.301029995663981,0.7576477009247968,8
13086,6.0195357344640525,6.623249290397901,0.6037135559338482,8
13087,5.9634577202554855,6.623249290397901,0.6597915701424153,7
13088,6.076480655079254,6.623249290397901,0.5467686353186467,4
13089,6.126216282707333,6.623249290397901,0.49703300769056735,5
13090,5.897433093214067,6.623249290397901,0.7258161971838337,1
13091,6.061495028850424,6.623249290397901,0.5617542615474767,10
13092,6.0383801950134535,6.623249290397901,0.5848690953844473,3
13093,5.999996678730114,6.623249290397901,0.6232526116677866,2
13094,6.096368147779977,6.623249290397901,0.5268811426179241,6
13095,6.1431450546635995,6.531478917042255,0.38833386237865586,7
13096,6.088628933649502,6.531478917042255,0.4428499833927537,8
13097,6.115176924016906,6.531478917042255,0.41630199302534976,3
13098,6.183731752433729,6.531478917042255,0.34774716460852595,4
13099,6.1806462661624,6.531478917042255,0.3508326508798554,10
13100,6.111920340555953,6.531478917042255,0.41955857648630257,6
13101,6.128193086286772,6.531478917042255,0.4032858307554834,2
13102,6.075204859521862,6.531478917042255,0.4562740575203934,9
13103,6.217689760153159,6.531478917042255,0.31378915688909625,5
13104,5.222947763774963,4.352182518111363,-0.8707652456636001,1
13105,5.3216622102363225,4.352182518111363,-0.9694796921249598,4
13106,5.275744994068827,4.352182518111363,-0.9235624759574641,2
13107,5.291080737755627,4.352182518111363,-0.9388982196442646,8
13108,5.314946635174922,4.352182518111363,-0.9627641170635597,6
13109,5.268936640841233,4.352182518111363,-0.9167541227298699,7
13110,5.238437238336202,4.352182518111363,-0.886254720224839,3
13111,5.269704407771482,4.352182518111363,-0.9175218896601196,9
13112,5.348326511965848,4.352182518111363,-0.9961439938544849,10
13113,5.777648885817855,6.1702617153949575,0.39261282957710275,9
13114,5.769720958813415,6.1702617153949575,0.40054075658154265,10
13115,5.777805274443015,6.1702617153949575,0.39245644095194265,7
13116,5.817600494231695,6.1702617153949575,0.35266122116326226,5
13117,5.862157528276682,6.1702617153949575,0.3081041871182757,3
13118,5.755237755285043,6.1702617153949575,0.4150239601099148,6
13119,5.844009776402181,6.1702617153949575,0.32625193899277694,8
13120,5.752564273380887,6.1702617153949575,0.4176974420140702,1
13121,5.7336237439457935,6.1702617153949575,0.43663797144916394,4
13122,6.065963635375907,6.531478917042255,0.4655152816663479,1
13123,6.072465535748497,6.531478917042255,0.459013381293758,10
13124,5.9890045725238314,6.531478917042255,0.5424743445184239,2
13125,6.060056951477652,6.531478917042255,0.4714219655646037,4
13126,6.10706716114281,6.531478917042255,0.42441175589944535,5
13127,6.036225598801503,6.531478917042255,0.4952533182407528,7
13128,6.074307947489706,6.531478917042255,0.457170969552549,6
13129,6.0687251182602635,6.531478917042255,0.46275379878199185,9
13130,6.092736512394244,6.531478917042255,0.4387424046480115,8
13131,5.989230971880043,6.358886204405869,0.369655232525826,5
13132,5.868701079658655,6.358886204405869,0.49018512474721376,3
13133,5.866381890231308,6.358886204405869,0.4925043141745613,8
13134,5.9267714291859335,6.358886204405869,0.4321147752199357,6
13135,5.833511640792156,6.358886204405869,0.5253745636137133,2
13136,5.861237030309765,6.358886204405869,0.49764917409610376,7
13137,5.870100507145115,6.358886204405869,0.48878569726075405,9
13138,5.874026912786243,6.358886204405869,0.4848592916196264,1
13139,5.788800724917561,6.358886204405869,0.5700854794883083,4
13140,5.442819218178533,4.314288660947498,-1.1285305572310351,6
13141,5.341883793284665,4.314288660947498,-1.0275951323371668,9
13142,5.400436032616904,4.314288660947498,-1.086147371669406,3
13143,5.431380077701162,4.314288660947498,-1.1170914167536639,1
13144,5.532605557346603,4.314288660947498,-1.218316896399105,10
13145,5.420836873432213,4.314288660947498,-1.1065482124847152,7
13146,5.436946403551068,4.314288660947498,-1.12265774260357,2
13147,5.444720157819477,4.314288660947498,-1.1304314968719789,8
13148,5.487681710005675,4.314288660947498,-1.173393049058177,4
13149,5.905315896597528,6.176091259055681,0.2707753624581537,8
13150,5.86577372077978,6.176091259055681,0.3103175382759016,7
13151,5.934062425163471,6.176091259055681,0.24202883389221075,1
13152,5.765355999581464,6.176091259055681,0.4107352594742171,2
13153,6.009288865711599,6.176091259055681,0.1668023933440823,5
13154,5.8303909489305195,6.176091259055681,0.3457003101251619,4
13155,5.9184038510009005,6.176091259055681,0.25768740805478085,10
13156,5.797647689103918,6.176091259055681,0.378443569951763,9
13157,5.885243058747506,6.176091259055681,0.29084820030817493,6
13158,6.159627147461917,6.091315159697223,-0.0683119877646936,2
13159,6.225594351912393,6.091315159697223,-0.13427919221516937,4
13160,6.224775706243563,6.091315159697223,-0.1334605465463401,1
13161,6.213282294945329,6.091315159697223,-0.12196713524810576,7
13162,6.170626147136064,6.091315159697223,-0.07931098743884046,10
13163,6.241808271908466,6.091315159697223,-0.15049311221124295,3
13164,6.100554511079147,6.091315159697223,-0.009239351381923555,6
13165,6.206559803208863,6.091315159697223,-0.1152446435116401,5
13166,6.2002045985040315,6.091315159697223,-0.10888943880680824,9
13167,6.504550393662947,6.286456469746983,-0.21809392391596383,2
13168,6.505656606622691,6.286456469746983,-0.21920013687570794,4
13169,6.512614925214253,6.286456469746983,-0.22615845546726998,6
13170,6.460917737596619,6.286456469746983,-0.17446126784963578,9
13171,6.510060657017738,6.286456469746983,-0.22360418727075526,10
13172,6.571981275406798,6.286456469746983,-0.285524805659815,1
13173,6.52378581073852,6.286456469746983,-0.23732934099153713,3
13174,6.542036083835338,6.286456469746983,-0.2555796140883553,7
13175,6.417695765546118,6.286456469746983,-0.1312392957991353,8
13176,6.212818458179018,6.913813852383717,0.7009953942046989,6
13177,6.2483576260373965,6.913813852383717,0.6654562263463202,7
13178,6.193225632298785,6.913813852383717,0.7205882200849318,5
13179,6.2480247571158145,6.913813852383717,0.6657890952679022,1
13180,6.275022113818352,6.913813852383717,0.6387917385653648,8
13181,6.152628879606476,6.913813852383717,0.7611849727772411,10
13182,6.214506458463386,6.913813852383717,0.6993073939203311,2
13183,6.276743236078401,6.913813852383717,0.6370706163053157,9
13184,6.276282232904492,6.913813852383717,0.6375316194792244,3
13185,5.815744666908904,5.433321711630784,-0.38242295527811976,9
13186,5.789832873530018,5.433321711630784,-0.3565111618992338,10
13187,5.860902700153876,5.433321711630784,-0.4275809885230917,1
13188,5.727865592494201,5.433321711630784,-0.2945438808634169,4
13189,5.79864441383194,5.433321711630784,-0.3653227022011558,6
13190,5.839594858332934,5.433321711630784,-0.40627314670214965,8
13191,5.716121900414319,5.433321711630784,-0.2828001887835354,5
13192,5.788733982396113,5.433321711630784,-0.35541227076532866,3
13193,5.788648577112505,5.433321711630784,-0.35532686548172077,2
13194,5.735969216249323,6.308991029000164,0.5730218127508406,4
13195,5.833655751356474,6.308991029000164,0.47533527764368966,9
13196,5.693324432899685,6.308991029000164,0.6156665961004792,1
13197,5.786807906125445,6.308991029000164,0.5221831228747185,3
13198,5.748698066722287,6.308991029000164,0.5602929622778765,7
13199,5.7727705857858815,6.308991029000164,0.5362204432142823,10
13200,5.7628905520749925,6.308991029000164,0.5461004769251714,8
13201,5.764790958451037,6.308991029000164,0.5442000705491266,2
13202,5.7968285225904665,6.308991029000164,0.5121625064096973,6
13203,5.129446901333965,5.361727836017593,0.23228093468362765,6
13204,5.1379257456328995,5.361727836017593,0.22380209038469356,5
13205,5.047036677676996,5.361727836017593,0.31469115834059735,10
13206,5.076338769481406,5.361727836017593,0.2853890665361867,7
13207,5.303142034954998,5.361727836017593,0.05858580106259481,4
13208,5.14746788600201,5.361727836017593,0.21425995001558285,8
13209,5.222907400495853,5.361727836017593,0.1388204355217404,2
13210,5.164750400959011,5.361727836017593,0.19697743505858245,3
13211,5.101746774285619,5.361727836017593,0.259981061731974,1
13212,4.188860569772811,4.095518042323151,-0.09334252744965976,10
13213,4.121890100460996,4.095518042323151,-0.026372058137844157,1
13214,4.511365302934892,4.095518042323151,-0.4158472606117405,3
13215,4.096800053730988,4.095518042323151,-0.0012820114078362366,4
13216,4.253602627685612,4.095518042323151,-0.1580845853624604,6
13217,4.231104898143574,4.095518042323151,-0.1355868558204225,9
13218,4.170064962975323,4.095518042323151,-0.07454692065217117,8
13219,4.285981151437678,4.095518042323151,-0.19046310911452657,7
13220,4.225339293788179,4.095518042323151,-0.1298212514650272,5
13221,6.000042556092847,6.544068044350276,0.5440254882574287,2
13222,6.126270887272325,6.544068044350276,0.41779715707795084,8
13223,5.958416751219687,6.544068044350276,0.5856512931305886,5
13224,6.0814818014031395,6.544068044350276,0.46258624294713613,10
13225,6.120708701645979,6.544068044350276,0.42335934270429654,6
13226,6.177663774713272,6.544068044350276,0.36640426963700357,1
13227,6.050522621701471,6.544068044350276,0.49354542264880497,4
13228,6.132787870109516,6.544068044350276,0.41128017424075924,7
13229,6.0746714570383595,6.544068044350276,0.46939658731191614,3
13230,5.760068093418641,6.57978359661681,0.8197155031981689,8
13231,5.709227765857417,6.57978359661681,0.8705558307593932,6
13232,5.791959281812051,6.57978359661681,0.7878243148047588,5
13233,5.807453332564476,6.57978359661681,0.772330264052334,10
13234,5.6867086196512995,6.57978359661681,0.8930749769655106,3
13235,5.792061004519329,6.57978359661681,0.7877225920974809,1
13236,5.682299544875535,6.57978359661681,0.8974840517412748,2
13237,5.7719035566531405,6.57978359661681,0.8078800399636696,4
13238,5.661705598494128,6.57978359661681,0.9180779981226825,7
13239,2.51197580521021,2.6972293427597176,0.18525353754950746,3
13240,2.4882410544016667,2.6972293427597176,0.20898828835805094,5
13241,2.361774509492636,2.6972293427597176,0.3354548332670815,2
13242,2.3659891663026027,2.6972293427597176,0.3312401764571149,10
13243,2.461116043816345,2.6972293427597176,0.23611329894337274,7
13244,2.360857737255699,2.6972293427597176,0.3363716055040187,1
13245,2.3995917312565687,2.6972293427597176,0.29763761150314894,4
13246,2.5068926133975338,2.6972293427597176,0.19033672936218382,9
13247,2.4799220098438917,2.6972293427597176,0.21730733291582593,8
13248,5.637152968916148,4.746322765089953,-0.8908302038261944,2
13249,5.645493039956649,4.746322765089953,-0.8991702748666954,6
13250,5.67187406968808,4.746322765089953,-0.9255513045981267,8
13251,5.660676395909778,4.746322765089953,-0.914353630819825,7
13252,5.694392684170516,4.746322765089953,-0.948069919080563,3
13253,5.676855526458873,4.746322765089953,-0.9305327613689194,4
13254,5.759920156385567,4.746322765089953,-1.0135973912956135,10
13255,5.7020944113303695,4.746322765089953,-0.9557716462404162,5
13256,5.726458105691827,4.746322765089953,-0.9801353406018736,1
13257,5.86388069365488,6.291391053078407,0.4275103594235272,4
13258,5.823570630232184,6.291391053078407,0.4678204228462235,5
13259,5.809844744361966,6.291391053078407,0.48154630871644155,8
13260,5.84432439207676,6.291391053078407,0.4470666610016476,1
13261,5.903317351383477,6.291391053078407,0.38807370169493005,10
13262,5.793467941259189,6.291391053078407,0.497923111819218,3
13263,5.775446984267142,6.291391053078407,0.5159440688112653,6
13264,5.850983042108064,6.291391053078407,0.44040801097034343,2
13265,5.888229305914378,6.291391053078407,0.4031617471640292,9
13266,5.722323255234623,6.747411807886423,1.0250885526518,7
13267,5.729823841802814,6.747411807886423,1.0175879660836094,6
13268,5.766388478404238,6.747411807886423,0.9810233294821851,2
13269,5.502747855319518,6.747411807886423,1.2446639525669054,10
13270,5.738716307732573,6.747411807886423,1.0086955001538502,8
13271,5.859335410304024,6.747411807886423,0.8880763975823989,9
13272,5.7642831599752125,6.747411807886423,0.9831286479112107,4
13273,5.746976476344634,6.747411807886423,1.000435331541789,3
13274,5.759340540563606,6.747411807886423,0.9880712673228169,5
13275,6.555126831755411,6.491361693834273,-0.0637651379211377,9
13276,6.311828561662167,6.491361693834273,0.1795331321721063,6
13277,6.186779788920719,6.491361693834273,0.3045819049135545,5
13278,6.307596088258916,6.491361693834273,0.18376560557535715,10
13279,6.269805548745128,6.491361693834273,0.22155614508914478,3
13280,6.301660557005238,6.491361693834273,0.18970113682903467,2
13281,6.185982519947637,6.491361693834273,0.30537917388663605,8
13282,6.298731374394902,6.491361693834273,0.19263031943937126,1
13283,6.301459667067457,6.491361693834273,0.18990202676681633,4
13284,5.998066537562117,6.113943352306837,0.11587681474471978,1
13285,6.077396579290633,6.113943352306837,0.03654677301620435,6
13286,6.041286952586535,6.113943352306837,0.07265639972030158,3
13287,5.9985014673573565,6.113943352306837,0.11544188494948049,2
13288,6.041939109878631,6.113943352306837,0.07200424242820613,8
13289,6.20592134205085,6.113943352306837,-0.09197798974401294,9
13290,6.052945759791015,6.113943352306837,0.06099759251582171,10
13291,6.04943206456642,6.113943352306837,0.06451128774041681,4
13292,6.033616367911244,6.113943352306837,0.08032698439559294,5
13293,5.62907295294313,6.096910013008056,0.46783706006492665,4
13294,5.494581433581648,6.096910013008056,0.6023285794264082,1
13295,5.6996217069163615,6.096910013008056,0.39728830609169474,7
13296,5.660684326548204,6.096910013008056,0.43622568645985194,3
13297,5.81359560488477,6.096910013008056,0.2833144081232861,10
13298,5.609909145177332,6.096910013008056,0.4870008678307238,5
13299,5.671091046296104,6.096910013008056,0.42581896671195185,2
13300,5.550955979026677,6.096910013008056,0.5459540339813795,9
13301,5.571957245128699,6.096910013008056,0.5249527678793573,6
13302,4.55945833844773,3.804820678721162,-0.7546376597265678,2
13303,4.734468963890955,3.804820678721162,-0.9296482851697934,4
13304,4.648132344123498,3.804820678721162,-0.8433116654023363,1
13305,4.667141955393202,3.804820678721162,-0.8623212766720401,8
13306,4.6606067864365714,3.804820678721162,-0.8557861077154096,3
13307,4.446839511077332,3.804820678721162,-0.6420188323561704,7
13308,4.599486030630167,3.804820678721162,-0.7946653519090048,5
13309,4.569205431505872,3.804820678721162,-0.7643847527847103,9
13310,4.749529042545011,3.804820678721162,-0.9447083638238492,6
13311,5.072064483864505,5.079181246047625,0.007116762183120073,10
13312,4.938834815334396,5.079181246047625,0.14034643071322872,6
13313,4.841992676023981,5.079181246047625,0.23718857002364402,1
13314,4.816148653045847,5.079181246047625,0.2630325930017783,3
13315,4.811897433546064,5.079181246047625,0.2672838125015611,2
13316,4.878884762911167,5.079181246047625,0.20029648313645776,8
13317,4.730223551061106,5.079181246047625,0.3489576949865194,7
13318,4.814682273849593,5.079181246047625,0.264498972198032,5
13319,4.857715546755554,5.079181246047625,0.22146569929207072,9
13320,2.8242160627042314,2.220108088040055,-0.6041079746641764,6
13321,2.826075815649089,2.220108088040055,-0.6059677276090341,3
13322,2.819588005087946,2.220108088040055,-0.599479917047891,7
13323,2.8652731993352987,2.220108088040055,-0.6451651112952437,4
13324,2.7583064338168746,2.220108088040055,-0.5381983457768196,1
13325,2.9144128473057913,2.220108088040055,-0.6943047592657363,10
13326,2.886515827296213,2.220108088040055,-0.666407739256158,8
13327,2.850808868877183,2.220108088040055,-0.6307007808371279,9
13328,2.7761315142655305,2.220108088040055,-0.5560234262254755,2
13329,5.302358466526732,4.850646235183066,-0.45171223134366567,5
13330,5.259664838767134,4.850646235183066,-0.4090186035840677,7
13331,4.880658761558208,4.850646235183066,-0.030012526375141846,2
13332,5.240507784113124,4.850646235183066,-0.38986154893005764,4
13333,5.21937300426491,4.850646235183066,-0.3687267690818441,10
13334,5.331115091408019,4.850646235183066,-0.4804688562249533,9
13335,5.257995743005517,4.850646235183066,-0.4073495078224507,1
13336,5.276035147449667,4.850646235183066,-0.4253889122666008,3
13337,5.302397002686987,4.850646235183066,-0.4517507675039205,6
13338,5.739189660035766,6.045322978786658,0.30613331875089145,4
13339,5.728636210730832,6.045322978786658,0.31668676805582585,8
13340,5.805358022335056,6.045322978786658,0.23996495645160199,6
13341,5.5851857839527925,6.045322978786658,0.46013719483386506,9
13342,5.79095282551767,6.045322978786658,0.2543701532689875,1
13343,5.725112081165493,6.045322978786658,0.3202108976211644,7
13344,5.770497064581142,6.045322978786658,0.2748259142055156,5
13345,5.726948386794289,6.045322978786658,0.3183745919923684,2
13346,5.681877765511974,6.045322978786658,0.3634452132746837,3
13347,5.866610267671051,5.791690649020118,-0.07491961865093355,4
13348,5.863457572427997,5.791690649020118,-0.07176692340787927,3
13349,5.795363038918813,5.791690649020118,-0.0036723898986954495,5
13350,5.8839756590193595,5.791690649020118,-0.09228500999924183,6
13351,5.849194768291349,5.791690649020118,-0.05750411927123178,9
13352,5.9220836221416695,5.791690649020118,-0.13039297312155185,10
13353,5.86314000739186,5.791690649020118,-0.07144935837174238,1
13354,5.904842684464535,5.791690649020118,-0.11315203544441754,7
13355,5.892027580624975,5.791690649020118,-0.10033693160485768,2
13356,5.4884938037180575,5.155609283678915,-0.3328845200391424,6
13357,5.435010240473679,5.155609283678915,-0.2794009567947642,7
13358,5.445425321377409,5.155609283678915,-0.2898160376984942,8
13359,5.341096759325818,5.155609283678915,-0.1854874756469025,9
13360,5.400958157256688,5.155609283678915,-0.24534887357777269,2
13361,5.403079190690821,5.155609283678915,-0.2474699070119062,3
13362,5.701235475142864,5.155609283678915,-0.5456261914639491,5
13363,5.449480623518653,5.155609283678915,-0.2938713398397379,1
13364,5.448999595049441,5.155609283678915,-0.2933903113705263,4
13365,5.2807647698205304,5.690196080028514,0.4094313102079834,6
13366,5.378333171654293,5.690196080028514,0.3118629083742208,2
13367,5.300137398938211,5.690196080028514,0.39005868109030306,9
13368,5.435590864881664,5.690196080028514,0.2546052151468494,8
13369,5.285569840047278,5.690196080028514,0.40462623998123615,7
13370,5.392136770625267,5.690196080028514,0.29805930940324643,3
13371,5.329510612827026,5.690196080028514,0.3606854672014874,1
13372,5.313851018018693,5.690196080028514,0.376345062009821,4
13373,5.329423496043925,5.690196080028514,0.36077258398458856,5
13374,5.078999383213776,5.000867721531227,-0.0781316616825487,3
13375,4.855517906778495,5.000867721531227,0.14534981475273234,2
13376,5.0547533783367316,5.000867721531227,-0.05388565680550439,5
13377,5.073135910202638,5.000867721531227,-0.07226818867141116,1
13378,5.015121653648011,5.000867721531227,-0.01425393211678383,10
13379,4.959140957943933,5.000867721531227,0.041726763587294435,4
13380,5.028797579170592,5.000867721531227,-0.027929857639365174,8
13381,4.949091327501585,5.000867721531227,0.05177639402964207,6
13382,5.042223554530029,5.000867721531227,-0.041355832998801745,9
13383,5.899123892953077,6.806179973983888,0.9070560810308113,1
13384,5.983841839797361,6.806179973983888,0.822338134186527,3
13385,5.757432481029639,6.806179973983888,1.0487474929542495,2
13386,5.715523273044596,6.806179973983888,1.0906567009392925,7
13387,5.792337350676944,6.806179973983888,1.0138426233069442,5
13388,5.737790927129592,6.806179973983888,1.0683890468542963,6
13389,5.846611183241106,6.806179973983888,0.9595687907427823,4
13390,5.915569154813479,6.806179973983888,0.8906108191704094,8
13391,5.875576362715251,6.806179973983888,0.9306036112686371,10
13392,5.740935856053652,6.041392685158225,0.30045682910457305,1
13393,5.58561359525039,6.041392685158225,0.45577908990783556,3
13394,5.552320588904534,6.041392685158225,0.4890720962536914,7
13395,5.632458819862739,6.041392685158225,0.40893386529548614,5
13396,5.569340499994879,6.041392685158225,0.47205218516334657,10
13397,5.623615916862302,6.041392685158225,0.4177767682959237,6
13398,5.567642032436283,6.041392685158225,0.47375065272194217,9
13399,5.591752917913926,6.041392685158225,0.44963976724429955,4
13400,5.649750202838803,6.041392685158225,0.39164248231942267,2
13401,5.4446909250210975,5.656960182742849,0.21226925772175154,4
13402,5.362421680014514,5.656960182742849,0.2945385027283347,3
13403,5.439994826044062,5.656960182742849,0.21696535669878703,8
13404,5.333797338730083,5.656960182742849,0.3231628440127663,1
13405,5.31298406803717,5.656960182742849,0.34397611470567924,9
13406,5.4923358713279296,5.656960182742849,0.1646243114149195,2
13407,5.359077768660506,5.656960182742849,0.29788241408234306,10
13408,5.429935909685612,5.656960182742849,0.22702427305723738,6
13409,5.338879935318078,5.656960182742849,0.3180802474247715,5
13410,5.2860219271088775,6.355068206348851,1.0690462792399735,8
13411,5.331115091408019,6.355068206348851,1.0239531149408316,9
13412,5.302397002686987,6.355068206348851,1.0526712036618644,6
13413,5.259664838767134,6.355068206348851,1.0954033675817172,7
13414,5.21937300426491,6.355068206348851,1.1356952020839408,10
13415,5.276035147449667,6.355068206348851,1.079033058899184,3
13416,5.240507784113124,6.355068206348851,1.1145604222357273,4
13417,5.302358466526732,6.355068206348851,1.0527097398221192,5
13418,5.257995743005517,6.355068206348851,1.0970724633433342,1
13419,6.252175147991003,6.324282455297693,0.07210730730669024,10
13420,6.236536897913307,6.324282455297693,0.08774555738438572,8
13421,6.178556256480254,6.324282455297693,0.14572619881743876,4
13422,6.346608951525294,6.324282455297693,-0.022326496227600856,2
13423,6.160433591170189,6.324282455297693,0.16384886412750443,7
13424,6.196104881287171,6.324282455297693,0.12817757401052177,6
13425,6.43999723698514,6.324282455297693,-0.11571478168744687,9
13426,6.234007851524176,6.324282455297693,0.09027460377351737,5
13427,6.204850977030359,6.324282455297693,0.1194314782673338,1
13428,5.380793962479222,5.944482672150168,0.563688709670946,4
13429,5.4466924550642695,5.944482672150168,0.49779021708589877,2
13430,5.339859384256522,5.944482672150168,0.6046232878936459,1
13431,5.389643737879713,5.944482672150168,0.5548389342704549,9
13432,5.454034138858652,5.944482672150168,0.4904485332915165,5
13433,5.3815823306957515,5.944482672150168,0.5629003414544167,7
13434,5.3498238280323935,5.944482672150168,0.5946588441177747,10
13435,5.508699443249218,5.944482672150168,0.43578322890095045,6
13436,5.509482285645998,5.944482672150168,0.4350003865041705,8
13437,6.252520754057114,6.3979400086720375,0.14541925461492333,7
13438,6.328542912392273,6.3979400086720375,0.06939709627976409,6
13439,6.339274439407438,6.3979400086720375,0.058665569264599426,2
13440,6.310899836928914,6.3979400086720375,0.08704017174312373,9
13441,6.294653781015182,6.3979400086720375,0.1032862276568558,3
13442,6.263401283099997,6.3979400086720375,0.13453872557204072,8
13443,6.291526785146596,6.3979400086720375,0.10641322352544158,10
13444,6.207911218385269,6.3979400086720375,0.19002879028676833,1
13445,6.280875332558816,6.3979400086720375,0.11706467611322147,4
13446,6.062986948599114,6.1702617153949575,0.10727476679584314,1
13447,6.202192916209889,6.1702617153949575,-0.03193120081493195,3
13448,6.112618589856723,6.1702617153949575,0.057643125538234585,10
13449,6.153045038003573,6.1702617153949575,0.017216677391384216,8
13450,5.945600384995002,6.1702617153949575,0.22466133039995562,6
13451,6.128862213547841,6.1702617153949575,0.04139950184711605,5
13452,6.091287025644524,6.1702617153949575,0.07897468975043331,4
13453,6.292019199901959,6.1702617153949575,-0.1217574845070013,9
13454,6.275576740877291,6.1702617153949575,-0.10531502548233362,2
13455,5.198889843244865,4.413634997198556,-0.7852548460463096,7
13456,5.219652603592644,4.413634997198556,-0.8060176063940885,8
13457,5.167971681561335,4.413634997198556,-0.7543366843627792,4
13458,5.133759672488172,4.413634997198556,-0.7201246752896164,9
13459,5.229322764556889,4.413634997198556,-0.8156877673583329,3
13460,5.145585338058821,4.413634997198556,-0.7319503408602648,2
13461,5.182747945280607,4.413634997198556,-0.7691129480820509,6
13462,5.189461548213159,4.413634997198556,-0.7758265510146032,1
13463,5.248869330370881,4.413634997198556,-0.8352343331723251,5
13464,5.834902758598232,5.949390006644912,0.11448724804668053,8
13465,5.928014110305759,5.949390006644912,0.021375896339153044,5
13466,5.915389724317853,5.949390006644912,0.03400028232705932,2
13467,5.960574828706597,5.949390006644912,-0.011184822061684585,6
13468,5.951090022286374,5.949390006644912,-0.0017000156414619383,9
13469,5.934608331709546,5.949390006644912,0.014781674935366418,4
13470,5.984823423479438,5.949390006644912,-0.03543341683452539,10
13471,5.95530958623476,5.949390006644912,-0.005919579589847679,1
13472,5.919441595057116,5.949390006644912,0.02994841158779593,3
13473,5.976121668356367,6.056904851336473,0.080783182980106,8
13474,5.9926848246009845,6.056904851336473,0.06422002673548821,4
13475,6.042650837294332,6.056904851336473,0.014254014042140994,2
13476,6.019044101187936,6.056904851336473,0.037860750148536404,9
13477,6.019696364962967,6.056904851336473,0.0372084863735056,3
13478,5.9940591378637835,6.056904851336473,0.06284571347268919,5
13479,5.91840192040021,6.056904851336473,0.1385029309362631,10
13480,6.008122740691588,6.056904851336473,0.04878211064488447,6
13481,6.03868399976153,6.056904851336473,0.018220851574942465,1
13482,5.463303568971765,5.072984744627931,-0.3903188243438338,5
13483,5.447860318043865,5.072984744627931,-0.3748755734159346,2
13484,5.472719262081158,5.072984744627931,-0.3997345174532274,8
13485,5.415090750420144,5.072984744627931,-0.3421060057922132,4
13486,5.532532633564526,5.072984744627931,-0.45954788893659515,7
13487,5.378452537404708,5.072984744627931,-0.3054677927767768,10
13488,5.269940485038741,5.072984744627931,-0.19695574041081,6
13489,5.431607120989603,5.072984744627931,-0.35862237636167205,3
13490,5.3573539689653416,5.072984744627931,-0.28436922433741074,1
13491,5.696665565418825,5.697229342759718,0.000563777340892635,3
13492,5.750841569667094,5.697229342759718,-0.05361222690737666,6
13493,5.846004919050834,5.697229342759718,-0.1487755762911167,8
13494,5.8244736932834345,5.697229342759718,-0.12724435052371685,5
13495,5.7453541088285975,5.697229342759718,-0.04812476606887994,1
13496,5.866346028946523,5.697229342759718,-0.16911668618680498,9
13497,5.823468983201518,5.697229342759718,-0.12623964044180003,7
13498,5.669740784811491,5.697229342759718,0.027488557948226244,4
13499,5.820435974480736,5.697229342759718,-0.12320663172101831,2
13500,5.361726729486636,5.698970004336019,0.3372432748493823,1
13501,5.336806627799427,5.698970004336019,0.3621633765365919,3
13502,5.389514788532988,5.698970004336019,0.30945521580303037,9
13503,5.4604868400196835,5.698970004336019,0.2384831643163352,2
13504,5.4660872182456925,5.698970004336019,0.2328827860903262,4
13505,5.33056273746998,5.698970004336019,0.368407266866039,7
13506,5.573195666172116,5.698970004336019,0.12577433816390293,5
13507,5.517297348209618,5.698970004336019,0.18167265612640104,6
13508,5.514029035999945,5.698970004336019,0.18494096833607365,8
13509,6.321566009023739,6.664547962246547,0.3429819532228082,1
13510,6.110027109712428,6.664547962246547,0.554520852534119,3
13511,6.255233645666885,6.664547962246547,0.4093143165796622,10
13512,6.047321539015289,6.664547962246547,0.6172264232312585,2
13513,6.21162238849882,6.664547962246547,0.45292557374772713,8
13514,6.204060032560061,6.664547962246547,0.46048792968648566,6
13515,6.104538711103773,6.664547962246547,0.5600092511427741,7
13516,6.239969156239545,6.664547962246547,0.42457880600700193,5
13517,6.254570985057363,6.664547962246547,0.40997697718918413,4
13518,6.4097433680884235,6.937016107464814,0.5272727393763903,7
13519,6.2830671409479155,6.937016107464814,0.6539489665168983,2
13520,6.478030964873781,6.937016107464814,0.4589851425910325,1
13521,6.475423827598821,6.937016107464814,0.46159227986599305,9
13522,6.434112305170998,6.937016107464814,0.5029038022938161,8
13523,6.524215925884755,6.937016107464814,0.4128001815800584,10
13524,6.459299983092464,6.937016107464814,0.4777161243723498,5
13525,6.363618178192031,6.937016107464814,0.5733979292727831,3
13526,6.489055744407358,6.937016107464814,0.44796036305745535,4
13527,6.494379148646563,7.531478917042255,1.0370997683956924,5
13528,6.5260394783360205,7.531478917042255,1.0054394387062349,8
13529,6.542865945767917,7.531478917042255,0.9886129712743381,10
13530,6.44228750189689,7.531478917042255,1.0891914151453657,3
13531,6.452999645626286,7.531478917042255,1.0784792714159694,9
13532,6.421040284973957,7.531478917042255,1.1104386320682984,6
13533,6.56272792166704,7.531478917042255,0.9687509953752151,1
13534,6.465160956399423,7.531478917042255,1.0663179606428326,7
13535,6.527235825280388,7.531478917042255,1.0042430917618672,4
13536,6.067064156365268,6.240798771117332,0.17373461475206398,1
13537,5.933084353486821,6.240798771117332,0.30771441763051044,3
13538,6.015001643471237,6.240798771117332,0.2257971276460946,5
13539,6.06292603260304,6.240798771117332,0.1778727385142913,10
13540,6.05780051473966,6.240798771117332,0.18299825637767153,9
13541,6.107015751732814,6.240798771117332,0.1337830193845173,6
13542,5.981954919288946,6.240798771117332,0.2588438518283853,7
13543,5.992433835237609,6.240798771117332,0.24836493587972264,2
13544,6.012597453684362,6.240798771117332,0.22820131743297,8
13545,6.338009435820216,6.012837224705172,-0.3251722111150439,5
13546,6.373413406691623,6.012837224705172,-0.3605761819864508,3
13547,6.485944195988294,6.012837224705172,-0.47310697128312196,7
13548,6.37811207135692,6.012837224705172,-0.36527484665174814,2
13549,6.469698447342799,6.012837224705172,-0.4568612226376274,9
13550,6.480022890086309,6.012837224705172,-0.4671856653811366,1
13551,6.4027675786842755,6.012837224705172,-0.3899303539791035,8
13552,6.4542612652276405,6.012837224705172,-0.44142404052246853,4
13553,6.474689476197485,6.012837224705172,-0.4618522514923127,10
13554,6.247668268852636,6.44870631990508,0.20103805105244366,6
13555,6.329637457573892,6.44870631990508,0.11906886233118819,1
13556,6.285280422379358,6.44870631990508,0.16342589752572145,9
13557,6.257637185950262,6.44870631990508,0.19106913395481762,2
13558,6.193156454833544,6.44870631990508,0.25554986507153554,5
13559,6.342863094737019,6.44870631990508,0.10584322516806122,10
13560,6.177760473617922,6.44870631990508,0.2709458462871579,7
13561,6.269030267184749,6.44870631990508,0.17967605272033094,8
13562,6.264387543749999,6.44870631990508,0.18431877615508085,4
13563,5.77829322186351,6.580468783951002,0.8021755620874913,9
13564,5.700289352377109,6.580468783951002,0.8801794315738922,4
13565,5.7079401126540645,6.580468783951002,0.8725286712969371,5
13566,5.591111474768171,6.580468783951002,0.9893573091828305,3
13567,5.64790157924199,6.580468783951002,0.9325672047090112,6
13568,5.606201470934398,6.580468783951002,0.974267313016604,10
13569,5.771378082925223,6.580468783951002,0.8090907010257791,8
13570,5.66855009436071,6.580468783951002,0.9119186895902915,2
13571,5.767696828658545,6.580468783951002,0.8127719552924564,1
13572,6.272546290029522,5.778151250383644,-0.4943950396458785,7
13573,6.008791145656848,5.778151250383644,-0.23063989527320405,3
13574,6.326052828718198,5.778151250383644,-0.547901578334554,4
13575,6.252736510870788,5.778151250383644,-0.4745852604871441,6
13576,6.317999632566533,5.778151250383644,-0.539848382182889,8
13577,6.301756436523782,5.778151250383644,-0.5236051861401378,5
13578,6.316740550189864,5.778151250383644,-0.5385892998062198,1
13579,6.297636149085805,5.778151250383644,-0.519484898702161,2
13580,6.364343680530114,5.778151250383644,-0.58619243014647,9
13581,6.150256563182182,5.732393759822968,-0.4178628033592142,1
13582,5.921129944997307,5.732393759822968,-0.18873618517433854,3
13583,6.097876230153687,5.732393759822968,-0.36548247033071846,4
13584,6.060467374106455,5.732393759822968,-0.328073614283487,7
13585,6.118706515758064,5.732393759822968,-0.38631275593509606,5
13586,6.124920566685023,5.732393759822968,-0.39252680686205466,2
13587,6.23984086673787,5.732393759822968,-0.5074471069149018,10
13588,6.15178236943703,5.732393759822968,-0.419388609614062,8
13589,6.121557429594479,5.732393759822968,-0.38916366977151107,6
13590,5.186107181962639,4.954242509439325,-0.23186467252331422,4
13591,4.963895719530541,4.954242509439325,-0.00965321009121567,10
13592,5.078932116430863,4.954242509439325,-0.12468960699153797,2
13593,4.997168930901861,4.954242509439325,-0.04292642146253556,7
13594,4.8742121049182625,4.954242509439325,0.08003040452106269,5
13595,5.043769520075265,4.954242509439325,-0.0895270106359396,6
13596,5.322372896135454,4.954242509439325,-0.3681303866961292,1
13597,5.0371116100214595,4.954242509439325,-0.08286910058213426,3
13598,5.0590674744763975,4.954242509439325,-0.10482496503707228,8
13599,6.177760473617922,6.857332496431268,0.6795720228133462,7
13600,6.342863094737019,6.857332496431268,0.5144694016942495,10
13601,6.285280422379358,6.857332496431268,0.5720520740519097,9
13602,6.264387543749999,6.857332496431268,0.5929449526812691,4
13603,6.257637185950262,6.857332496431268,0.5996953104810059,2
13604,6.269030267184749,6.857332496431268,0.5883022292465192,8
13605,6.037895161918659,6.857332496431268,0.8194373345126094,3
13606,6.329637457573892,6.857332496431268,0.5276950388573765,1
13607,6.247668268852636,6.857332496431268,0.6096642275786319,6
13608,5.952183801444981,5.308393649976259,-0.6437901514687221,9
13609,5.846258170382648,5.308393649976259,-0.537864520406389,4
13610,5.817473047237934,5.308393649976259,-0.509079397261675,3
13611,6.040870208911615,5.308393649976259,-0.7324765589353559,10
13612,5.9539921346746585,5.308393649976259,-0.6455984846983993,6
13613,5.930753885424611,5.308393649976259,-0.622360235448352,7
13614,5.9652091835161265,5.308393649976259,-0.6568155335398673,1
13615,5.93261807288031,5.308393649976259,-0.6242244229040512,2
13616,5.953762999750873,5.308393649976259,-0.6453693497746142,8
13617,5.70627641760148,6.277090960334402,0.5708145427329212,4
13618,5.632701432620968,6.277090960334402,0.6443895277134333,6
13619,5.833804266201816,6.277090960334402,0.4432866941325857,2
13620,5.786366852706963,6.277090960334402,0.4907241076274387,9
13621,5.619699144541871,6.277090960334402,0.6573918157925309,5
13622,5.774045538198185,6.277090960334402,0.5030454221362168,8
13623,5.81832995401493,6.277090960334402,0.45876100631947203,7
13624,5.672255518200115,6.277090960334402,0.604835442134287,3
13625,5.719885489249487,6.277090960334402,0.5572054710849148,1
13626,6.029941907178138,5.857332496431268,-0.17260941074686986,6
13627,6.137856684258191,5.857332496431268,-0.2805241878269227,10
13628,6.077974601066976,5.857332496431268,-0.22064210463570788,4
13629,6.08649058758813,5.857332496431268,-0.2291580911568616,8
13630,6.072805925777756,5.857332496431268,-0.2154734293464875,1
13631,5.995363608426329,5.857332496431268,-0.13803111199506102,2
13632,6.054695678633229,5.857332496431268,-0.19736318220196125,9
13633,6.140928482007061,5.857332496431268,-0.2835959855757926,5
13634,6.033533078604652,5.857332496431268,-0.17620058217338386,7
13635,5.583991335524384,5.0,-0.5839913355243844,8
13636,5.576320273656933,5.0,-0.5763202736569326,5
13637,5.61074284167519,5.0,-0.6107428416751901,4
13638,5.554900150971822,5.0,-0.5549001509718217,3
13639,5.549296316772709,5.0,-0.5492963167727094,9
13640,5.5213980357860315,5.0,-0.5213980357860315,1
13641,5.559445270671524,5.0,-0.5594452706715236,2
13642,5.471151619623231,5.0,-0.4711516196232308,6
13643,5.506011870430406,5.0,-0.506011870430406,7
13644,5.4635395285912525,5.301029995663981,-0.16250953292727122,9
13645,5.463960795126929,5.301029995663981,-0.16293079946294764,3
13646,5.522620191567797,5.301029995663981,-0.2215901959038158,4
13647,5.454909922969529,5.301029995663981,-0.15387992730554778,6
13648,5.4527492532867115,5.301029995663981,-0.1517192576227302,7
13649,5.544729772450164,5.301029995663981,-0.24369977678618238,10
13650,5.431693090803493,5.301029995663981,-0.13066309513951158,1
13651,5.499857672045512,5.301029995663981,-0.19882767638153087,2
13652,5.555346583437611,5.301029995663981,-0.25431658777363,5
13653,4.018364995958911,4.123851640967086,0.10548664500817484,10
13654,3.91213986562209,4.123851640967086,0.21171177534499597,9
13655,3.948887198772195,4.123851640967086,0.1749644421948906,2
13656,3.898787389324747,4.123851640967086,0.22506425164233868,8
13657,4.0329841531005854,4.123851640967086,0.09086748786650034,4
13658,3.9358098784149016,4.123851640967086,0.1880417625521842,5
13659,3.9303649241271885,4.123851640967086,0.19348671683989727,7
13660,3.9282960627067927,4.123851640967086,0.19555557826029313,1
13661,3.7912691710453372,4.123851640967086,0.33258246992174856,6
13662,5.300997964254384,4.505149978319906,-0.7958479859344774,10
13663,5.362540267512674,4.505149978319906,-0.857390289192768,6
13664,5.28388551356284,4.505149978319906,-0.7787355352429337,2
13665,5.2862324416428645,4.505149978319906,-0.7810824633229583,3
13666,5.380966905578088,4.505149978319906,-0.8758169272581817,9
13667,5.330013686935421,4.505149978319906,-0.8248637086155144,4
13668,5.290276324932217,4.505149978319906,-0.7851263466123104,1
13669,5.309977945788512,4.505149978319906,-0.8048279674686061,8
13670,5.288729855872322,4.505149978319906,-0.7835798775524161,7
13671,5.569881650975859,6.32221929473392,0.7523376437580618,3
13672,5.532071478965574,6.32221929473392,0.7901478157683464,7
13673,5.625379387630409,6.32221929473392,0.6968399071035112,6
13674,5.489522684583573,6.32221929473392,0.8326966101503475,1
13675,5.8487997046941125,6.32221929473392,0.47341959003980794,10
13676,5.544532191396194,6.32221929473392,0.7776871033377262,2
13677,5.530728780566118,6.32221929473392,0.7914905141678021,8
13678,5.594909170317141,6.32221929473392,0.7273101244167792,4
13679,5.566015495611159,6.32221929473392,0.756203799122761,5
13680,5.268687428131167,4.505149978319906,-0.7635374498112606,1
13681,5.277729568046039,4.505149978319906,-0.7725795897261332,2
13682,5.328490871518903,4.505149978319906,-0.8233408931989965,3
13683,5.226533198990622,4.505149978319906,-0.7213832206707158,7
13684,5.301435395439163,4.505149978319906,-0.7962854171192566,4
13685,5.353731373716009,4.505149978319906,-0.8485813953961028,6
13686,5.38190897332314,4.505149978319906,-0.8767589950032342,10
13687,5.239506717523097,4.505149978319906,-0.7343567392031911,8
13688,5.414865881106355,4.505149978319906,-0.9097159027864485,5
13689,5.084954082921133,4.568201724066995,-0.5167523588541378,7
13690,5.193886342521499,4.568201724066995,-0.6256846184545042,9
13691,5.174243568590206,4.568201724066995,-0.6060418445232107,6
13692,5.134423243368388,4.568201724066995,-0.5662215193013926,3
13693,5.287122501949386,4.568201724066995,-0.7189207778823912,1
13694,5.10236338309441,4.568201724066995,-0.534161659027415,10
13695,5.120410667329227,4.568201724066995,-0.5522089432622321,8
13696,5.171339513059638,4.568201724066995,-0.603137788992643,2
13697,5.247725428320916,4.568201724066995,-0.6795237042539206,4
13698,4.354696958245244,4.900367128656471,0.5456701704112277,7
13699,4.388275710017258,4.900367128656471,0.5120914186392138,8
13700,4.391397032846634,4.900367128656471,0.5089700958098371,2
13701,4.3409483873557315,4.900367128656471,0.5594187413007399,5
13702,4.3156436180031195,4.900367128656471,0.5847235106533519,3
13703,4.285829102109924,4.900367128656471,0.6145380265465477,1
13704,4.321448620963857,4.900367128656471,0.578918507692614,6
13705,4.379928988593139,4.900367128656471,0.520438140063332,4
13706,4.345885789806086,4.900367128656471,0.5544813388503851,9
13707,5.690581169664062,5.477121254719663,-0.21345991494439964,5
13708,5.780631913758035,5.477121254719663,-0.3035106590383725,7
13709,5.7808473828640885,5.477121254719663,-0.3037261281444259,3
13710,5.700731647609769,5.477121254719663,-0.2236103928901061,8
13711,5.699299229098084,5.477121254719663,-0.2221779743784218,6
13712,5.686299049471939,5.477121254719663,-0.20917779475227682,4
13713,5.691246005662939,5.477121254719663,-0.21412475094327643,1
13714,5.6585559775702245,5.477121254719663,-0.18143472285056195,2
13715,5.6813952700251225,5.477121254719663,-0.20427401530545986,9
13716,5.582108910583969,6.041392685158225,0.4592837745742564,2
13717,5.804116585152737,6.041392685158225,0.23727610000548793,7
13718,5.797508939107224,6.041392685158225,0.24388374605100172,8
13719,5.718850743152542,6.041392685158225,0.3225419420056834,3
13720,5.748716770543773,6.041392685158225,0.29267591461445264,9
13721,5.67243504879999,6.041392685158225,0.3689576363582354,4
13722,5.730864371570332,6.041392685158225,0.3105283135878931,6
13723,5.7880300470913975,6.041392685158225,0.2533626380668279,10
13724,5.679383464319719,6.041392685158225,0.3620092208385062,5
13725,5.928368307133355,6.496791315700042,0.568423008566687,7
13726,5.923367990667449,6.496791315700042,0.5734233250325929,10
13727,6.008208504715182,6.496791315700042,0.4885828109848598,4
13728,5.886646725369391,6.496791315700042,0.610144590330651,6
13729,5.918098975850632,6.496791315700042,0.5786923398494102,3
13730,5.927694828017014,6.496791315700042,0.5690964876830282,2
13731,5.927787520684534,6.496791315700042,0.569003795015508,8
13732,5.915142371329627,6.496791315700042,0.5816489443704151,1
13733,5.971783663806857,6.496791315700042,0.5250076518931852,5
13734,5.31032325884525,4.486713775982485,-0.8236094828627643,9
13735,5.47686228978276,4.486713775982485,-0.9901485138002748,6
13736,5.439677530114942,4.486713775982485,-0.9529637541324565,8
13737,5.38162845231936,4.486713775982485,-0.8949146763368745,10
13738,5.309061530731817,4.486713775982485,-0.8223477547493321,7
13739,5.421274708417562,4.486713775982485,-0.934560932435077,5
13740,5.385370721336603,4.486713775982485,-0.8986569453541176,2
13741,5.476939823621425,4.486713775982485,-0.9902260476389397,1
13742,5.443889173800314,4.486713775982485,-0.9571753978178288,4
13743,5.824630555056816,5.0,-0.8246305550568156,2
13744,5.796171821034628,5.0,-0.796171821034628,3
13745,5.854360455882051,5.0,-0.854360455882051,5
13746,5.795038712900487,5.0,-0.795038712900487,8
13747,5.795040037579915,5.0,-0.7950400375799154,4
13748,5.7562765667667914,5.0,-0.7562765667667914,9
13749,5.812145038977268,5.0,-0.8121450389772678,6
13750,5.789937739840249,5.0,-0.7899377398402487,7
13751,5.764510484131883,5.0,-0.7645104841318826,10
13752,5.747166991816001,6.32221929473392,0.5750523029179195,5
13753,5.729352213786211,6.32221929473392,0.592867080947709,6
13754,5.7708774389853055,6.32221929473392,0.5513418557486149,3
13755,5.71185166089325,6.32221929473392,0.6103676338406707,9
13756,5.744412392116217,6.32221929473392,0.5778069026177031,1
13757,5.73458316849943,6.32221929473392,0.5876361262344902,7
13758,5.74364650994609,6.32221929473392,0.5785727847878306,4
13759,5.751579946433529,6.32221929473392,0.5706393483003911,2
13760,5.732297808699164,6.32221929473392,0.5899214860347568,8
13761,4.896880070445338,4.685741738602264,-0.21113833184307396,7
13762,4.887103398199023,4.685741738602264,-0.2013616595967589,8
13763,4.999565414108184,4.685741738602264,-0.31382367550591983,9
13764,4.991567336080428,4.685741738602264,-0.3058255974781643,10
13765,5.178521085611622,4.685741738602264,-0.49277934700935777,2
13766,4.859255456661011,4.685741738602264,-0.17351371805874738,3
13767,4.881531769601222,4.685741738602264,-0.19579003099895775,6
13768,4.871646182296463,4.685741738602264,-0.18590444369419945,4
13769,4.646088676845532,4.685741738602264,0.03965306175673167,5
13770,5.83125991716746,6.504701881045554,0.6734419638780933,8
13771,5.95321804063365,6.504701881045554,0.5514838404119038,6
13772,5.768128326942598,6.504701881045554,0.7365735541029554,2
13773,5.909849987488212,6.504701881045554,0.5948518935573412,10
13774,5.835936242578933,6.504701881045554,0.6687656384666205,1
13775,5.85525610073066,6.504701881045554,0.6494457803148936,5
13776,5.865200610829545,6.504701881045554,0.6395012702160088,4
13777,5.879080701966685,6.504701881045554,0.6256211790788688,7
13778,5.900097553223369,6.504701881045554,0.6046043278221847,3
13779,3.4077063998072745,2.146128035678238,-1.2615783641290363,1
13780,3.500848581279572,2.146128035678238,-1.3547205456013338,6
13781,3.534803452882518,2.146128035678238,-1.3886754172042797,4
13782,3.563485182454204,2.146128035678238,-1.417357146775966,9
13783,3.501974592689357,2.146128035678238,-1.3558465570111187,8
13784,3.586162845410191,2.146128035678238,-1.4400348097319529,10
13785,3.537533296544143,2.146128035678238,-1.3914052608659047,5
13786,3.7062116347423224,2.146128035678238,-1.5600835990640842,3
13787,3.953149397692635,2.146128035678238,-1.807021362014397,2
13788,3.160132746415641,1.4471580313422192,-1.7129747150734216,6
13789,3.3609329282713207,1.4471580313422192,-1.9137748969291015,5
13790,3.488856676263361,1.4471580313422192,-2.0416986449211416,1
13791,3.2873938642993465,1.4471580313422192,-1.8402358329571273,3
13792,3.5188934745930625,1.4471580313422192,-2.0717354432508435,4
13793,3.3882801829237885,1.4471580313422192,-1.9411221515815693,7
13794,3.4865089576337467,1.4471580313422192,-2.0393509262915277,10
13795,3.50463002177589,1.4471580313422192,-2.0574719904336707,9
13796,3.4423418337474656,1.4471580313422192,-1.9951838024052464,8
13797,2.9534059805913078,3.113943352306837,0.16053737171552918,6
13798,3.046004455876236,3.113943352306837,0.06793889643060114,5
13799,3.1504577827613685,3.113943352306837,-0.03651443045453151,3
13800,3.1236951879916264,3.113943352306837,-0.009751835684789434,7
13801,3.1528162408712808,3.113943352306837,-0.03887288856444382,8
13802,3.104989044334188,3.113943352306837,0.008954307972648845,1
13803,3.2059614944991273,3.113943352306837,-0.09201814219229032,10
13804,3.2358808840138313,3.113943352306837,-0.1219375317069944,4
13805,3.1784461207128176,3.113943352306837,-0.06450276840598068,2
13806,3.677596677056631,4.826074802700826,1.148478125644195,9
13807,3.563963058022216,4.826074802700826,1.2621117446786099,5
13808,3.6589795121158137,4.826074802700826,1.1670952905850123,1
13809,3.858165200292085,4.826074802700826,0.9679096024087408,4
13810,3.613070569546138,4.826074802700826,1.2130042331546882,8
13811,3.5734929174571373,4.826074802700826,1.2525818852436887,7
13812,3.655544243415903,4.826074802700826,1.1705305592849231,10
13813,3.2733664034825005,4.826074802700826,1.5527083992183255,6
13814,4.136182987192138,4.826074802700826,0.6898918155086884,2
13815,5.417642320402879,4.247973266361806,-1.1696690540410728,10
13816,5.404864758367902,4.247973266361806,-1.1568914920060953,8
13817,5.331375174563755,4.247973266361806,-1.0834019082019486,1
13818,5.313472135959602,4.247973266361806,-1.0654988695977954,2
13819,5.272972067387149,4.247973266361806,-1.024998801025343,3
13820,5.1636569147453075,4.247973266361806,-0.9156836483835011,9
13821,5.3672082903253004,4.247973266361806,-1.119235023963494,5
13822,5.299129361768088,4.247973266361806,-1.0511560954062817,6
13823,5.274290210704802,4.247973266361806,-1.0263169443429954,7
13824,3.9138989924535643,5.0,1.0861010075464357,7
13825,3.5550799128322623,5.0,1.4449200871677377,8
13826,3.815367708010977,5.0,1.1846322919890229,9
13827,3.804231754639589,5.0,1.1957682453604108,1
13828,3.7869586206013417,5.0,1.2130413793986583,2
13829,3.7725572214804464,5.0,1.2274427785195536,3
13830,3.7367242033611525,5.0,1.2632757966388475,10
13831,3.7677305792372096,5.0,1.2322694207627904,6
13832,3.7689692405014874,5.0,1.2310307594985126,4
13833,4.502934290154282,5.653212513775344,1.1502782236210622,7
13834,4.6854644887688774,5.653212513775344,0.9677480250064665,10
13835,5.395029092999476,5.653212513775344,0.2581834207758682,2
13836,4.619541822041409,5.653212513775344,1.0336706917339349,9
13837,4.5696825506011,5.653212513775344,1.0835299631742439,8
13838,4.572222036339637,5.653212513775344,1.0809904774357069,4
13839,4.509567214594131,5.653212513775344,1.1436452991812134,1
13840,4.563335800150158,5.653212513775344,1.089876713625186,3
13841,4.595380994486021,5.653212513775344,1.0578315192893228,6
13842,5.7888417866841575,5.653212513775344,-0.13562927290881355,8
13843,5.707062560827741,5.653212513775344,-0.053850047052397265,4
13844,5.894146946696336,5.653212513775344,-0.2409344329209917,1
13845,5.822956386147826,5.653212513775344,-0.16974387237248223,2
13846,5.81751134832967,5.653212513775344,-0.1642988345543257,7
13847,5.73704833915668,5.653212513775344,-0.08383582538133627,3
13848,5.687116765876818,5.653212513775344,-0.03390425210147363,9
13849,5.785686113628852,5.653212513775344,-0.13247359985350826,10
13850,5.767795103262555,5.653212513775344,-0.11458258948721145,6
13851,5.744470812922127,6.204119982655925,0.4596491697337983,1
13852,5.82570293850603,6.204119982655925,0.3784170441498951,2
13853,5.760496134988877,6.204119982655925,0.4436238476670482,4
13854,5.719529722509933,6.204119982655925,0.4845902601459917,9
13855,5.8152894631797425,6.204119982655925,0.3888305194761825,5
13856,5.767527190592528,6.204119982655925,0.4365927920633972,10
13857,5.762460559659057,6.204119982655925,0.4416594229968682,8
13858,5.743562254835571,6.204119982655925,0.46055772782035387,7
13859,5.761660823851412,6.204119982655925,0.44245915880451303,6
13860,5.733248891614682,6.079181246047625,0.3459323544329429,6
13861,5.8027032159193475,6.079181246047625,0.27647803012827765,9
13862,5.7659026599957235,6.079181246047625,0.3132785860519016,8
13863,5.7372516660594215,6.079181246047625,0.3419295799882036,7
13864,5.82207584563191,6.079181246047625,0.25710540041571495,3
13865,5.748119246607929,6.079181246047625,0.3310619994396964,10
13866,5.958818019984561,6.079181246047625,0.12036322606306449,1
13867,5.759128322063354,6.079181246047625,0.3200529239842709,5
13868,5.6451092847848665,6.079181246047625,0.4340719612627586,2
13869,6.228727256837336,6.3979400086720375,0.16921275183470108,6
13870,6.26303939382562,6.3979400086720375,0.13490061484641735,1
13871,6.209462593390279,6.3979400086720375,0.1884774152817581,8
13872,6.2118545464341,6.3979400086720375,0.1860854622379371,3
13873,6.26632052207233,6.3979400086720375,0.1316194865997078,9
13874,6.098443939903237,6.3979400086720375,0.29949606876880086,5
13875,6.152715628436842,6.3979400086720375,0.24522438023519566,10
13876,6.228817161502059,6.3979400086720375,0.16912284716997839,2
13877,6.200978449235275,6.3979400086720375,0.19696155943676263,7
13878,5.5661021470587695,5.223755453657241,-0.34234669340152823,2
13879,5.644794908466536,5.223755453657241,-0.4210394548092946,1
13880,5.672572222838178,5.223755453657241,-0.4488167691809366,5
13881,5.641203276749686,5.223755453657241,-0.417447823092445,10
13882,5.656316496041744,5.223755453657241,-0.43256104238450277,7
13883,5.557660907628564,5.223755453657241,-0.33390545397132243,4
13884,5.629200785899479,5.223755453657241,-0.40544533224223755,6
13885,5.731586380378859,5.223755453657241,-0.5078309267216179,9
13886,5.698776183726703,5.223755453657241,-0.47502073006946155,8
13887,6.022260444008544,5.079181246047625,-0.9430791979609188,6
13888,5.967438031422973,5.079181246047625,-0.888256785375348,3
13889,5.923625305423978,5.079181246047625,-0.8444440593763529,4
13890,5.959053153378786,5.079181246047625,-0.8798719073311609,1
13891,6.010040950723388,5.079181246047625,-0.930859704675763,9
13892,5.9461386082605285,5.079181246047625,-0.8669573622129034,8
13893,5.915714773108399,5.079181246047625,-0.8365335270607739,2
13894,5.930368854553862,5.079181246047625,-0.8511876085062369,10
13895,5.949293029983578,5.079181246047625,-0.8701117839359531,7
13896,6.098443939903237,6.778151250383644,0.6797073104804072,5
13897,6.228727256837336,6.778151250383644,0.5494239935463074,6
13898,6.152715628436842,6.778151250383644,0.625435621946802,10
13899,6.200978449235275,6.778151250383644,0.577172801148369,7
13900,6.228817161502059,6.778151250383644,0.5493340888815847,2
13901,6.2118545464341,6.778151250383644,0.5662967039495435,3
13902,6.209462593390279,6.778151250383644,0.5686886569933645,8
13903,6.26632052207233,6.778151250383644,0.5118307283113142,9
13904,6.26303939382562,6.778151250383644,0.5151118565580237,1
13905,5.5299767750672215,5.585460729508501,0.055483954441279515,10
13906,5.5310488180533355,5.585460729508501,0.05441191145516555,3
13907,5.625344562035291,5.585460729508501,-0.039883832526790286,9
13908,5.515931884202517,5.585460729508501,0.06952884530598435,1
13909,5.559274107180474,5.585460729508501,0.026186622328027376,6
13910,5.444559729061165,5.585460729508501,0.1409010004473359,4
13911,5.54320689582637,5.585460729508501,0.04225383368213098,7
13912,5.65388814667929,5.585460729508501,-0.06842741717078926,5
13913,5.548317459182689,5.585460729508501,0.037143270325811883,8
13914,6.083936365912982,5.845098040014257,-0.23883832589872522,3
13915,6.089624160978817,5.845098040014257,-0.24452612096455972,6
13916,6.053166020744763,5.845098040014257,-0.20806798073050636,7
13917,6.037907517404268,5.845098040014257,-0.19280947739001064,10
13918,6.080834120540413,5.845098040014257,-0.2357360805261557,9
13919,6.035950334238064,5.845098040014257,-0.19085229422380667,5
13920,6.107949407809805,5.845098040014257,-0.2628513677955482,1
13921,6.058327642760326,5.845098040014257,-0.21322960274606917,2
13922,6.104245750895822,5.845098040014257,-0.25914771088156474,8
13923,5.764714517622838,5.934498451243568,0.16978393362073074,9
13924,5.689853170838085,5.934498451243568,0.24464528040548306,4
13925,5.830253094321411,5.934498451243568,0.1042453569221573,3
13926,5.793393111103959,5.934498451243568,0.1411053401396094,10
13927,5.887660941304021,5.934498451243568,0.046837509939547495,5
13928,5.745569528399196,5.934498451243568,0.18892892284437224,7
13929,5.751898841010582,5.934498451243568,0.18259961023298654,6
13930,5.858000491450315,5.934498451243568,0.07649795979325358,1
13931,5.783538857167197,5.934498451243568,0.1509595940763715,8
13932,5.967438031422973,5.771587480881255,-0.19585055054171807,3
13933,6.110428152171321,5.771587480881255,-0.33884067129006556,5
13934,5.959053153378786,5.771587480881255,-0.187465672497531,1
13935,6.010040950723388,5.771587480881255,-0.238453469842133,9
13936,5.915714773108399,5.771587480881255,-0.14412729222714393,2
13937,5.930368854553862,5.771587480881255,-0.15878137367260692,10
13938,5.949293029983578,5.771587480881255,-0.17770554910232317,7
13939,5.9461386082605285,5.771587480881255,-0.17455112737927347,8
13940,5.923625305423978,5.771587480881255,-0.15203782454272297,4
13941,5.932020881306598,6.653212513775344,0.721191632468746,10
13942,5.93631233239145,6.653212513775344,0.7169001813838936,3
13943,5.808526757933162,6.653212513775344,0.8446857558421819,9
13944,5.929014244363491,6.653212513775344,0.7241982694118532,1
13945,5.961441381505974,6.653212513775344,0.6917711322693698,6
13946,5.8670917724144305,6.653212513775344,0.7861207413609135,8
13947,5.915067160575936,6.653212513775344,0.7381453531994078,7
13948,5.851946384473403,6.653212513775344,0.8012661293019407,4
13949,5.941853856235751,6.653212513775344,0.7113586575395932,2
13950,5.568116978868029,5.903089986991944,0.3349730081239146,8
13951,5.587034096641612,5.903089986991944,0.31605589035033166,7
13952,5.536323776044456,5.903089986991944,0.36676621094748807,4
13953,5.70415482745401,5.903089986991944,0.19893515953793361,5
13954,5.6427735150087335,5.903089986991944,0.2603164719832103,6
13955,5.618460314974328,5.903089986991944,0.2846296720176156,10
13956,5.620367674759051,5.903089986991944,0.28272231223289257,2
13957,5.563743803456617,5.903089986991944,0.3393461835353264,9
13958,5.56894633224649,5.903089986991944,0.3341436547454535,1
13959,5.733248891614682,4.927370363039024,-0.8058785285756578,6
13960,5.748119246607929,4.927370363039024,-0.8207488835689043,10
13961,5.7372516660594215,4.927370363039024,-0.8098813030203971,7
13962,5.8027032159193475,4.927370363039024,-0.875332852880323,9
13963,5.590890205090268,4.927370363039024,-0.6635198420512438,4
13964,5.82207584563191,4.927370363039024,-0.8947054825928857,3
13965,5.7659026599957235,4.927370363039024,-0.8385322969566991,8
13966,5.6451092847848665,4.927370363039024,-0.7177389217458421,2
13967,5.759128322063354,4.927370363039024,-0.8317579590243298,5
13968,5.487750704922528,4.826074802700826,-0.6616759022217016,2
13969,5.46639528899294,4.826074802700826,-0.6403204862921141,3
13970,5.474467854461225,4.826074802700826,-0.6483930517603991,7
13971,5.496190703838429,4.826074802700826,-0.6701159011376028,8
13972,5.42247773380552,4.826074802700826,-0.5964029311046941,10
13973,5.5045021666737455,4.826074802700826,-0.6784273639729195,4
13974,5.5067485416323105,4.826074802700826,-0.6806737389314845,5
13975,5.561986160816562,4.826074802700826,-0.7359113581157359,6
13976,5.538529547000845,4.826074802700826,-0.7124547443000191,9
13977,5.253622333643403,5.002166061756507,-0.25145627188689534,10
13978,5.4116959384200065,5.002166061756507,-0.40952987666349916,6
13979,5.422105171304068,5.002166061756507,-0.41993910954756064,1
13980,5.318761078388156,5.002166061756507,-0.31659501663164846,2
13981,5.387373508518299,5.002166061756507,-0.3852074467617914,4
13982,5.377608465233454,5.002166061756507,-0.3754424034769466,7
13983,5.419798305676706,5.002166061756507,-0.41763224392019893,3
13984,5.4754057437670065,5.002166061756507,-0.47323968201049915,5
13985,5.414751616735364,5.002166061756507,-0.41258555497885663,9
13986,5.626379218570404,6.662757831681574,1.0363786131111707,6
13987,5.611981137049012,6.662757831681574,1.050776694632562,9
13988,5.659224791187637,6.662757831681574,1.003533040493937,10
13989,5.656502777700708,6.662757831681574,1.0062550539808663,5
13990,5.8587704302197645,6.662757831681574,0.8039874014618098,4
13991,5.758721564689319,6.662757831681574,0.9040362669922555,2
13992,5.635480401901448,6.662757831681574,1.027277429780126,7
13993,5.66512476987252,6.662757831681574,0.9976330618090543,8
13994,5.881686780580483,6.662757831681574,0.7810710511010912,1
13995,5.624175006200439,6.071882007306125,0.4477070011056856,8
13996,5.59646593809459,6.071882007306125,0.47541606921153523,6
13997,5.575276807134599,6.071882007306125,0.4966052001715262,10
13998,5.603627268826286,6.071882007306125,0.468254738479839,5
13999,5.57665559403142,6.071882007306125,0.49522641327470485,7
14000,5.29065900111765,6.071882007306125,0.7812230061884753,3
14001,5.726849987059506,6.071882007306125,0.3450320202466193,2
14002,5.818369975988057,6.071882007306125,0.2535120313180679,1
14003,5.798065047786704,6.071882007306125,0.2738169595194213,4
14004,3.915720745540284,2.6766936096248664,-1.2390271359154177,6
14005,3.92814535774672,2.6766936096248664,-1.2514517481218537,1
14006,4.012224743277401,2.6766936096248664,-1.3355311336525348,10
14007,4.089416241873504,2.6766936096248664,-1.412722632248638,3
14008,4.025966173137536,2.6766936096248664,-1.3492725635126694,5
14009,4.008226672902875,2.6766936096248664,-1.331533063278009,4
14010,4.0852610406601055,2.6766936096248664,-1.4085674310352392,8
14011,4.14672197154681,2.6766936096248664,-1.470028361921944,2
14012,4.387192294877278,2.6766936096248664,-1.7104986852524116,9
14013,5.188259322755235,4.184691430817598,-1.003567891937637,7
14014,5.177655450261786,4.184691430817598,-0.9929640194441873,4
14015,5.251176075054165,4.184691430817598,-1.0664846442365663,10
14016,5.176632983251671,4.184691430817598,-0.9919415524340724,5
14017,5.229731397858442,4.184691430817598,-1.045039967040844,1
14018,5.171430022484106,4.184691430817598,-0.9867385916665077,6
14019,5.152689320013018,4.184691430817598,-0.96799788919542,2
14020,5.1723216038077675,4.184691430817598,-0.9876301729901691,3
14021,4.999027326939657,4.184691430817598,-0.8143358961220581,9
14022,5.6827712060212745,4.933993163831242,-0.7487780421900325,4
14023,5.714229587861335,4.933993163831242,-0.7802364240300932,1
14024,5.79785755143361,4.933993163831242,-0.8638643876023684,8
14025,5.715608514887687,4.933993163831242,-0.7816153510564448,3
14026,5.779585208161209,4.933993163831242,-0.8455920443299672,2
14027,5.624012714131833,4.933993163831242,-0.6900195503005913,7
14028,5.289551288329518,4.933993163831242,-0.35555812449827595,6
14029,5.804612510534682,4.933993163831242,-0.8706193467034398,10
14030,5.693157110828999,4.933993163831242,-0.7591639469977567,5
14031,5.631856493948159,5.3979400086720375,-0.2339164852761213,4
14032,5.656356123269874,5.3979400086720375,-0.25841611459783653,2
14033,5.451676052142819,5.3979400086720375,-0.053736043470781425,6
14034,5.6920104876627855,5.3979400086720375,-0.294070478990748,10
14035,5.578924779365941,5.3979400086720375,-0.18098477069390384,7
14036,5.680405724948184,5.3979400086720375,-0.28246571627614614,8
14037,5.590147204624806,5.3979400086720375,-0.19220719595276847,5
14038,5.625418865849952,5.3979400086720375,-0.22747885717791494,3
14039,5.680025248390967,5.3979400086720375,-0.2820852397189295,1
14040,5.847646348494134,6.57978359661681,0.732137248122676,10
14041,5.887605882039622,6.57978359661681,0.6921777145771877,7
14042,5.901200927045163,6.57978359661681,0.6785826695716475,8
14043,5.823196899722458,6.57978359661681,0.7565866968943524,5
14044,5.916217854289071,6.57978359661681,0.663565742327739,4
14045,5.859298296337232,6.57978359661681,0.7204853002795781,1
14046,5.691010232872466,6.57978359661681,0.8887733637443445,3
14047,5.752426339047072,6.57978359661681,0.8273572575697381,6
14048,5.926192937783475,6.57978359661681,0.6535906588333349,2
14049,5.599308375385479,6.0,0.4006916246145211,10
14050,5.490331624770066,6.0,0.5096683752299338,6
14051,5.488792291199782,6.0,0.5112077088002183,7
14052,5.549223832179061,6.0,0.45077616782093877,4
14053,5.508984310105645,6.0,0.49101568989435496,9
14054,5.533693161393566,6.0,0.4663068386064344,5
14055,5.613868719144134,6.0,0.38613128085586634,2
14056,5.5037019688203,6.0,0.49629803117970006,1
14057,5.477199552284892,6.0,0.5228004477151078,8
14058,4.643769485845353,4.469365398766434,-0.1744040870789192,9
14059,4.463963706081195,4.469365398766434,0.005401692685238935,6
14060,4.370599171662114,4.469365398766434,0.0987662271043197,2
14061,4.419784865308572,4.469365398766434,0.04958053345786162,5
14062,4.533981282678034,4.469365398766434,-0.06461588391159978,10
14063,4.617327708999494,4.469365398766434,-0.14796231023306028,8
14064,4.54255122423656,4.469365398766434,-0.07318582547012653,3
14065,4.510588325612987,4.469365398766434,-0.04122292684655271,7
14066,4.416428130413906,4.469365398766434,0.052937268352527767,1
14067,4.576925326940729,4.252853030979893,-0.32407229596083553,7
14068,4.513108710595216,4.252853030979893,-0.26025567961532303,6
14069,4.742669953701041,4.252853030979893,-0.48981692272114774,3
14070,4.667398125548783,4.252853030979893,-0.41454509456889,8
14071,4.642776335459274,4.252853030979893,-0.38992330447938084,2
14072,4.608230446381224,4.252853030979893,-0.35537741540133094,10
14073,4.489956667592116,4.252853030979893,-0.23710363661222278,5
14074,4.57279005613498,4.252853030979893,-0.3199370251550864,4
14075,4.47058507069999,4.252853030979893,-0.21773203972009636,1
14076,5.959302736303818,6.041392685158225,0.08208994885440735,10
14077,5.9561016690733934,6.041392685158225,0.08529101608483192,9
14078,6.01524572267886,6.041392685158225,0.02614696247936532,2
14079,5.95702049264117,6.041392685158225,0.08437219251705574,3
14080,5.871443934267427,6.041392685158225,0.1699487508907982,6
14081,5.964827932950646,6.041392685158225,0.07656475220757919,5
14082,6.003371731930262,6.041392685158225,0.038020953227963616,7
14083,5.8643632856590555,6.041392685158225,0.17702939949916985,4
14084,5.9571750873287606,6.041392685158225,0.08421759782946481,8
14085,5.365413046113702,5.079181246047625,-0.2862318000660773,3
14086,5.536441249397629,5.079181246047625,-0.4572600033500036,8
14087,5.432968993035782,5.079181246047625,-0.3537877469881572,4
14088,5.47152808686832,5.079181246047625,-0.3923468408206947,1
14089,5.492321440071942,5.079181246047625,-0.4131401940243169,7
14090,5.4143638816317265,5.079181246047625,-0.33518263558410144,9
14091,5.608284318072537,5.079181246047625,-0.5291030720249115,2
14092,5.505123174883338,5.079181246047625,-0.42594192883571314,5
14093,5.338501228799954,5.079181246047625,-0.2593199827523289,6
14094,6.177046237199263,6.491361693834273,0.31431545663501037,10
14095,6.139643973367992,6.491361693834273,0.35171772046628114,6
14096,6.0588131109186865,6.491361693834273,0.4325485829155866,2
14097,6.075602233756319,6.491361693834273,0.41575946007795395,4
14098,6.087464370629714,6.491361693834273,0.40389732320455884,8
14099,6.169052986283892,6.491361693834273,0.32230870755038143,1
14100,6.093205360237229,6.491361693834273,0.3981563335970444,5
14101,6.112705910440161,6.491361693834273,0.37865578339411243,3
14102,5.855102692585761,6.491361693834273,0.6362590012485123,9
14103,6.087464370629714,6.278753600952829,0.19128923032311462,8
14104,6.093205360237229,6.278753600952829,0.18554824071560017,5
14105,6.139643973367992,6.278753600952829,0.13910962758483691,6
14106,6.169052986283892,6.278753600952829,0.10970061466893721,1
14107,5.855102692585761,6.278753600952829,0.4236509083670681,9
14108,6.075602233756319,6.278753600952829,0.20315136719650972,4
14109,6.112705910440161,6.278753600952829,0.1660476905126682,3
14110,6.177046237199263,6.278753600952829,0.10170736375356615,10
14111,5.919046100117191,6.278753600952829,0.35970750083563807,7
14112,4.605917834991397,3.892651033877301,-0.7132668011140959,10
14113,4.5349577836257575,3.892651033877301,-0.6423067497484567,4
14114,4.4410539674905865,3.892651033877301,-0.5484029336132856,5
14115,4.548405020876792,3.892651033877301,-0.6557539869994908,1
14116,4.426340636094845,3.892651033877301,-0.5336896022175441,6
14117,4.524128247673485,3.892651033877301,-0.6314772137961846,8
14118,4.462776281315502,3.892651033877301,-0.5701252474382015,2
14119,4.645237590137442,3.892651033877301,-0.752586556260141,7
14120,4.560103655344844,3.892651033877301,-0.6674526214675431,3
14121,4.538789458955601,5.079181246047625,0.5403917870920241,6
14122,4.550198471781767,5.079181246047625,0.5289827742658577,2
14123,4.519561606526744,5.079181246047625,0.5596196395208812,5
14124,4.737198577190029,5.079181246047625,0.34198266885759576,7
14125,4.577298916838223,5.079181246047625,0.5018823292094021,8
14126,4.550797731111964,5.079181246047625,0.528383514935661,1
14127,4.596098866100112,5.079181246047625,0.483082379947513,10
14128,4.688784740513966,5.079181246047625,0.39039650553365934,9
14129,4.633550891771528,5.079181246047625,0.4456303542760969,3
14130,4.668965527517759,4.787743771646467,0.1187782441287073,5
14131,4.90085392763844,4.787743771646467,-0.11311015599197383,8
14132,4.624121602442113,4.787743771646467,0.1636221692043538,10
14133,4.715694722691217,4.787743771646467,0.07204904895524944,6
14134,4.671786345775618,4.787743771646467,0.11595742587084867,1
14135,4.769780795510443,4.787743771646467,0.01796297613602338,7
14136,4.816861838543075,4.787743771646467,-0.029118066896608674,4
14137,4.799132246244021,4.787743771646467,-0.011388474597554321,9
14138,4.687789404725816,4.787743771646467,0.09995436692065063,3
14139,5.716693254597687,5.575187844927661,-0.14150540967002634,10
14140,5.562418079246172,5.575187844927661,0.012769765681488465,2
14141,5.57430842026482,5.575187844927661,0.0008794246628411884,7
14142,5.5452675421159645,5.575187844927661,0.02992030281169633,5
14143,5.443293013183085,5.575187844927661,0.13189483174457628,9
14144,5.55160589519091,5.575187844927661,0.02358194973675065,8
14145,5.449733974830129,5.575187844927661,0.12545387009753206,3
14146,5.494222156263725,5.575187844927661,0.08096568866393561,6
14147,5.6553437426296185,5.575187844927661,-0.08015589770195763,1
14148,5.370612761584535,4.56157836830096,-0.8090343932835751,6
14149,5.386866173948988,4.56157836830096,-0.8252878056480277,5
14150,5.6243451265337665,4.56157836830096,-1.0627667582328062,8
14151,5.536911601665384,4.56157836830096,-0.9753332333644238,10
14152,5.504858486383179,4.56157836830096,-0.9432801180822183,2
14153,5.577773406625027,4.56157836830096,-1.0161950383240663,1
14154,4.974676425170069,4.56157836830096,-0.4130980568691083,9
14155,5.50813746548446,4.56157836830096,-0.9465590971835001,4
14156,5.422849071741598,4.56157836830096,-0.8612707034406375,7
14157,5.440905255455533,7.133858125203335,1.6929528697478018,5
14158,5.624668875561373,7.133858125203335,1.5091892496419614,8
14159,5.6813059511434885,7.133858125203335,1.4525521740598464,1
14160,5.574582230546027,7.133858125203335,1.5592758946573078,4
14161,5.568371160442515,7.133858125203335,1.5654869647608196,3
14162,5.666947723541939,7.133858125203335,1.466910401661396,10
14163,5.6485351265677215,7.133858125203335,1.4853229986356133,2
14164,5.492886631611065,7.133858125203335,1.6409714935922697,6
14165,5.574620576429405,7.133858125203335,1.5592375487739298,7
14166,4.620604660691553,5.221674997070769,0.601070336379216,9
14167,4.790604076284701,5.221674997070769,0.4310709207860679,2
14168,5.025881370170919,5.221674997070769,0.19579362689985036,1
14169,4.684930869187797,5.221674997070769,0.5367441278829723,8
14170,4.535869032588019,5.221674997070769,0.6858059644827499,5
14171,4.671067253023205,5.221674997070769,0.5506077440475643,6
14172,4.68016398269222,5.221674997070769,0.5415110143785489,3
14173,4.654580653461088,5.221674997070769,0.5670943436096811,10
14174,4.611378966001892,5.221674997070769,0.6102960310688772,7
14175,5.283699219701406,4.239049093140191,-1.0446501265612147,9
14176,5.3638851946271355,4.239049093140191,-1.1248361014869444,6
14177,5.469058072909277,4.239049093140191,-1.230008979769086,10
14178,5.301920779754904,4.239049093140191,-1.062871686614713,8
14179,5.389575959808714,4.239049093140191,-1.1505268666685229,3
14180,5.430445476749069,4.239049093140191,-1.1913963836088781,4
14181,5.4017910783983085,4.239049093140191,-1.1627419852581173,5
14182,5.3249771872238,4.239049093140191,-1.0859280940836085,7
14183,5.338639928893803,4.239049093140191,-1.0995908357536122,2
14184,5.280494710644185,3.964730921053629,-1.3157637895905565,4
14185,5.281210981239116,3.964730921053629,-1.3164800601854876,8
14186,5.197432385116301,3.964730921053629,-1.232701464062672,7
14187,5.227446226281899,3.964730921053629,-1.2627153052282698,2
14188,5.104606792316898,3.964730921053629,-1.139875871263269,9
14189,5.569269984955162,3.964730921053629,-1.6045390639015333,10
14190,5.230022502015192,3.964730921053629,-1.2652915809615632,5
14191,5.183029643821203,3.964730921053629,-1.2182987227675741,3
14192,5.246915798014556,3.964730921053629,-1.2821848769609274,6
14193,3.497287739894472,3.6972293427597176,0.19994160286524565,10
14194,3.4596454095581035,3.6972293427597176,0.23758393320161408,9
14195,3.423913467590592,3.6972293427597176,0.2733158751691258,2
14196,3.679557020116469,3.6972293427597176,0.017672322643248695,7
14197,3.561853901629398,3.6972293427597176,0.13537544113031963,6
14198,3.8122524128760444,3.6972293427597176,-0.11502307011632684,4
14199,3.498542203382958,3.6972293427597176,0.19868713937675953,1
14200,3.5720934103111865,3.6972293427597176,0.12513593244853105,3
14201,3.53898268798528,3.6972293427597176,0.15824665477443745,5
14202,4.191859375351506,5.041392685158225,0.849533309806719,5
14203,4.146007984917989,5.041392685158225,0.8953847002402364,10
14204,4.083770658114285,5.041392685158225,0.9576220270439402,2
14205,4.116447743600748,5.041392685158225,0.9249449415574773,1
14206,4.30577056519536,5.041392685158225,0.7356221199628656,4
14207,4.114503521229591,5.041392685158225,0.9268891639286343,9
14208,4.165972243897972,5.041392685158225,0.8754204412602533,3
14209,4.325563063327167,5.041392685158225,0.715829621831058,7
14210,4.240330470530085,5.041392685158225,0.8010622146281401,6
14211,5.594897747503445,6.0,0.4051022524965546,3
14212,5.66268922510764,6.0,0.3373107748923596,5
14213,5.680481038117707,6.0,0.31951896188229334,7
14214,5.843333246800887,6.0,0.15666675319911327,10
14215,5.553929958103949,6.0,0.4460700418960508,6
14216,5.682023302239836,6.0,0.31797669776016413,8
14217,5.717500799946369,6.0,0.28249920005363105,2
14218,5.5048023919731275,6.0,0.4951976080268725,9
14219,5.565483137998189,6.0,0.4345168620018107,4
14220,6.659702272741046,5.442479769064448,-1.2172225036765978,2
14221,6.344089450295072,5.442479769064448,-0.9016096812306236,5
14222,6.608140401520316,5.442479769064448,-1.165660632455868,3
14223,6.519668964216782,5.442479769064448,-1.077189195152334,8
14224,6.634552897623808,5.442479769064448,-1.1920731285593602,10
14225,6.6144080241989816,5.442479769064448,-1.1719282551345334,9
14226,6.699848572888799,5.442479769064448,-1.2573688038243507,6
14227,6.540397443841618,5.442479769064448,-1.09791767477717,4
14228,6.595740594704287,5.442479769064448,-1.1532608256398387,1
14229,6.608140401520316,7.397940008672037,0.7897996071517204,3
14230,6.6144080241989816,7.397940008672037,0.783531984473055,9
14231,6.595740594704287,7.397940008672037,0.8021994139677497,1
14232,6.659702272741046,7.397940008672037,0.7382377359309906,2
14233,6.699848572888799,7.397940008672037,0.6980914357832377,6
14234,6.634552897623808,7.397940008672037,0.7633871110482282,10
14235,6.519668964216782,7.397940008672037,0.8782710444552544,8
14236,6.646764182560435,7.397940008672037,0.7511758261116013,7
14237,6.540397443841618,7.397940008672037,0.8575425648304185,4
14238,5.568299418270662,6.690196080028514,1.1218966617578516,7
14239,5.694544386984373,6.690196080028514,0.9956516930441408,1
14240,5.555118226204417,6.690196080028514,1.1350778538240966,2
14241,5.513180102646848,6.690196080028514,1.1770159773816662,6
14242,5.531608625673869,6.690196080028514,1.1585874543546453,4
14243,5.842151564864768,6.690196080028514,0.8480445151637461,10
14244,5.550235344171811,6.690196080028514,1.139960735856703,8
14245,5.429925288998443,6.690196080028514,1.260270791030071,9
14246,5.545502385599845,6.690196080028514,1.1446936944286685,5
14247,5.950137265997513,6.079181246047625,0.12904398005011242,1
14248,5.881757923113491,6.079181246047625,0.19742332293413423,4
14249,5.863576870938018,6.079181246047625,0.21560437510960728,8
14250,5.803486233647176,6.079181246047625,0.27569501240044936,6
14251,5.694222392640504,6.079181246047625,0.3849588534071211,3
14252,5.953263880878548,6.079181246047625,0.12591736516907748,10
14253,5.931299637741747,6.079181246047625,0.1478816083058785,2
14254,5.953108289588629,6.079181246047625,0.1260729564589962,7
14255,5.894286771249946,6.079181246047625,0.1848944747976793,5
14256,4.440256365206025,4.064457989226918,-0.37579837597910704,1
14257,4.6310220187250675,4.064457989226918,-0.5665640294981493,2
14258,4.6388767991345325,4.064457989226918,-0.5744188099076144,3
14259,4.592513221808786,4.064457989226918,-0.5280552325818677,4
14260,4.930608144509579,4.064457989226918,-0.8661501552826607,7
14261,4.714599848422677,4.064457989226918,-0.6501418591957586,9
14262,4.444152163776852,4.064457989226918,-0.37969417454993426,6
14263,4.50574423462511,4.064457989226918,-0.4412862453981923,5
14264,4.580272885664963,4.064457989226918,-0.5158148964380445,8
14265,4.432561405411258,3.686636269262293,-0.7459251361489652,1
14266,4.644703597819172,3.686636269262293,-0.9580673285568788,2
14267,4.699062251280273,3.686636269262293,-1.0124259820179797,10
14268,4.552496245171444,3.686636269262293,-0.8658599759091508,5
14269,4.504120509009453,3.686636269262293,-0.8174842397471598,6
14270,4.572584646441183,3.686636269262293,-0.8859483771788903,4
14271,4.61657905767854,3.686636269262293,-0.929942788416247,8
14272,4.624715933473906,3.686636269262293,-0.9380796642116134,9
14273,4.679674945664379,3.686636269262293,-0.9930386764020862,3
14274,5.316155824017605,5.168939213835978,-0.14721661018162635,9
14275,5.870034634320331,5.168939213835978,-0.7010954204843527,5
14276,5.9429275991421555,5.168939213835978,-0.7739883853061773,10
14277,5.730793992567643,5.168939213835978,-0.5618547787316652,6
14278,5.854299324252341,5.168939213835978,-0.6853601104163625,8
14279,5.897031980078578,5.168939213835978,-0.7280927662426002,1
14280,5.816782919144278,5.168939213835978,-0.6478437053082997,3
14281,5.863672217162749,5.168939213835978,-0.6947330033267711,4
14282,5.8408359644127765,5.168939213835978,-0.6718967505767983,2
14283,6.0342725290076284,6.079181246047625,0.04490871703999666,8
14284,6.037063518850958,6.079181246047625,0.04211772719666751,5
14285,5.901390517313992,6.079181246047625,0.17779072873363333,7
14286,6.078867464750204,6.079181246047625,0.00031378129742076766,10
14287,6.050956159053077,6.079181246047625,0.0282250869945484,2
14288,6.081724532260929,6.079181246047625,-0.002543286213303908,9
14289,6.1858273685010765,6.079181246047625,-0.1066461224534514,6
14290,6.123222599275093,6.079181246047625,-0.04404135322746772,3
14291,6.06539075728536,6.079181246047625,0.013790488762265518,4
14292,4.576527580845852,5.32221929473392,0.7456917138880685,10
14293,4.475720044021405,5.32221929473392,0.8464992507125153,8
14294,4.525750284714622,5.32221929473392,0.7964690100192984,5
14295,4.564591250060046,5.32221929473392,0.7576280446738748,7
14296,4.317883042137563,5.32221929473392,1.0043362525963575,9
14297,4.566347765632038,5.32221929473392,0.7558715291018823,4
14298,4.393967475576144,5.32221929473392,0.9282518191577767,6
14299,4.5032978323224535,5.32221929473392,0.8189214624114669,3
14300,4.2510166675243966,5.32221929473392,1.0712026272095239,1
14301,5.241704561508886,4.895201474778894,-0.3465030867299923,4
14302,5.223925723858808,4.895201474778894,-0.32872424907991427,8
14303,5.122879526514649,4.895201474778894,-0.22767805173575528,10
14304,5.107125829537196,4.895201474778894,-0.2119243547583025,5
14305,5.109478022249682,4.895201474778894,-0.21427654747078861,6
14306,5.091807333860901,4.895201474778894,-0.19660585908200723,3
14307,5.070831762070098,4.895201474778894,-0.1756302872912041,7
14308,5.148719399679995,4.895201474778894,-0.25351792490110103,1
14309,5.149186070716502,4.895201474778894,-0.2539845959376086,9
14310,5.774045538198185,6.079181246047625,0.30513570784944033,8
14311,5.719885489249487,6.079181246047625,0.3592957567981383,1
14312,5.619699144541871,6.079181246047625,0.4594821015057544,5
14313,5.81832995401493,6.079181246047625,0.2608512920326955,7
14314,5.786366852706963,6.079181246047625,0.29281439334066217,9
14315,5.833804266201816,6.079181246047625,0.2453769798458092,2
14316,5.70627641760148,6.079181246047625,0.3729048284461447,4
14317,5.672255518200115,6.079181246047625,0.40692572784751047,3
14318,5.632701432620968,6.079181246047625,0.44647981342665677,6
14319,4.882664822625578,5.648360010980932,0.7656951883553536,9
14320,5.020186161862763,5.648360010980932,0.628173849118169,10
14321,5.067138988839201,5.648360010980932,0.5812210221417313,8
14322,4.946997978763514,5.648360010980932,0.7013620322174177,6
14323,5.129978367707599,5.648360010980932,0.518381643273333,3
14324,5.020595667511592,5.648360010980932,0.6277643434693401,5
14325,5.212802376959848,5.648360010980932,0.43555763402108383,7
14326,5.088768321349746,5.648360010980932,0.5595916896311861,4
14327,5.354736971421013,5.648360010980932,0.2936230395599191,2
14328,5.163170493416382,4.473924693416158,-0.689245800000224,4
14329,5.130583449868938,4.473924693416158,-0.6566587564527806,9
14330,5.288165843357377,4.473924693416158,-0.8142411499412194,8
14331,5.328761678394117,4.473924693416158,-0.8548369849779593,7
14332,5.184861199990152,4.473924693416158,-0.7109365065739945,6
14333,5.246734649758457,4.473924693416158,-0.7728099563422992,1
14334,5.351032271943838,4.473924693416158,-0.8771075785276805,10
14335,5.282847018564396,4.473924693416158,-0.808922325148238,5
14336,5.34612548203513,4.473924693416158,-0.8722007886189722,2
14337,5.624654264176635,5.931966114728173,0.307311850551538,5
14338,5.511271019285547,5.931966114728173,0.4206950954426256,4
14339,5.585432624735752,5.931966114728173,0.34653348999242084,2
14340,5.578095984679274,5.931966114728173,0.35387013004889845,7
14341,5.697561674837347,5.931966114728173,0.2344044398908256,3
14342,5.626975879750137,5.931966114728173,0.30499023497803623,1
14343,5.694407805422284,5.931966114728173,0.2375583093058884,10
14344,5.51198519733353,5.931966114728173,0.4199809173946427,6
14345,5.641054469245481,5.931966114728173,0.29091164548269166,8
14346,5.312470710400949,4.93981866282138,-0.37265204757956916,8
14347,4.981925420555648,4.93981866282138,-0.04210675773426775,6
14348,5.371320906000678,4.93981866282138,-0.4315022431792981,7
14349,5.106371869410248,4.93981866282138,-0.16655320658886819,4
14350,5.247607850209784,4.93981866282138,-0.307789187388404,5
14351,5.204882517526877,4.93981866282138,-0.2650638547054971,9
14352,5.1649692242339444,4.93981866282138,-0.22515056141256462,10
14353,5.198896978490188,4.93981866282138,-0.2590783156688081,3
14354,5.271200590337319,4.93981866282138,-0.3313819275159391,1
14355,5.254192828854889,5.732393759822968,0.4782009309680788,1
14356,5.248758786621229,5.732393759822968,0.4836349732017391,8
14357,5.467711154897073,5.732393759822968,0.2646826049258948,2
14358,5.318556054732692,5.732393759822968,0.41383770509027595,5
14359,5.175792488917644,5.732393759822968,0.5566012709053245,3
14360,5.280396745886028,5.732393759822968,0.45199701393694003,7
14361,5.166154042487107,5.732393759822968,0.5662397173358613,4
14362,5.287881599515339,5.732393759822968,0.44451216030762897,9
14363,5.183167623884091,5.732393759822968,0.549226135938877,10
14364,3.92814535774672,3.3010299956639813,-0.6271153620827388,1
14365,4.0852610406601055,3.3010299956639813,-0.7842310449961243,8
14366,4.14672197154681,3.3010299956639813,-0.8456919758828292,2
14367,4.008226672902875,3.3010299956639813,-0.707196677238894,4
14368,4.025966173137536,3.3010299956639813,-0.7249361774735545,5
14369,4.4201690521608645,3.3010299956639813,-1.1191390564968833,7
14370,4.012224743277401,3.3010299956639813,-0.7111947476134199,10
14371,4.089416241873504,3.3010299956639813,-0.788386246209523,3
14372,3.915720745540284,3.3010299956639813,-0.6146907498763028,6
14373,4.87246012908971,4.57978359661681,-0.2926765324728997,10
14374,4.985557670655385,4.57978359661681,-0.40577407403857446,9
14375,4.866940267334652,4.57978359661681,-0.2871566707178417,4
14376,5.099593993929567,4.57978359661681,-0.5198103973127566,5
14377,4.9751590277877575,4.57978359661681,-0.3953754311709474,8
14378,4.977678079833684,4.57978359661681,-0.3978944832168736,6
14379,4.8876016642909095,4.57978359661681,-0.30781806767409936,7
14380,4.937721631985962,4.57978359661681,-0.3579380353691519,1
14381,4.875751688083453,4.57978359661681,-0.2959680914666425,3
14382,6.1691957176060415,6.57978359661681,0.41058787901076865,5
14383,6.338636129267468,6.57978359661681,0.24114746734934212,10
14384,6.356952928054407,6.57978359661681,0.22283066856240286,2
14385,6.264952231061543,6.57978359661681,0.3148313655552668,6
14386,6.454150483710751,6.57978359661681,0.12563311290605927,3
14387,6.4561210954968065,6.57978359661681,0.12366250112000365,1
14388,6.125610240460076,6.57978359661681,0.45417335615673426,4
14389,6.3426105578008745,6.57978359661681,0.23717303881593566,9
14390,6.431436114813668,6.57978359661681,0.1483474818031425,8
14391,6.195525656634029,7.19942604159399,1.0039003849599615,9
14392,6.302284212219911,7.19942604159399,0.8971418293740792,1
14393,6.30768295181711,7.19942604159399,0.8917430897768801,7
14394,6.2455981394978695,7.19942604159399,0.9538279020961209,6
14395,6.205563461856116,7.19942604159399,0.9938625797378746,2
14396,6.280608776467352,7.19942604159399,0.9188172651266386,4
14397,6.280874583351494,7.19942604159399,0.9185514582424963,5
14398,6.235213969077248,7.19942604159399,0.9642120725167427,8
14399,6.257618831646988,7.19942604159399,0.9418072099470027,10
14400,6.357645356528446,6.795880017344075,0.43823466081562934,8
14401,6.517600878699801,6.795880017344075,0.2782791386442742,1
14402,6.531903599734103,6.795880017344075,0.2639764176099719,7
14403,6.6813439336160325,6.795880017344075,0.11453608372804247,9
14404,6.490172560761993,6.795880017344075,0.3057074565820823,4
14405,6.64444460365071,6.795880017344075,0.1514354136933651,5
14406,6.518459795059463,6.795880017344075,0.2774202222846123,6
14407,6.51602656686292,6.795880017344075,0.27985345048115473,3
14408,6.555799460052461,6.795880017344075,0.2400805572916136,10
14409,3.0377470955618495,4.0,0.9622529044381505,6
14410,2.8942392145359146,4.0,1.1057607854640854,8
14411,2.926233889728661,4.0,1.0737661102713392,1
14412,2.7368452650992086,4.0,1.2631547349007914,7
14413,2.957396127050942,4.0,1.042603872949058,3
14414,2.821624328872315,4.0,1.178375671127685,2
14415,2.9026880874132908,4.0,1.0973119125867092,10
14416,2.8859226953498403,4.0,1.1140773046501597,5
14417,2.8455832793607927,4.0,1.1544167206392073,9
14418,5.468001059498516,5.532384880503846,0.06438382100533069,4
14419,5.478539425305012,5.532384880503846,0.0538454551988341,9
14420,5.6094170480360575,5.532384880503846,-0.0770321675322112,7
14421,5.526953466045338,5.532384880503846,0.005431414458508144,2
14422,5.642739266414315,5.532384880503846,-0.11035438591046898,10
14423,5.573643491697151,5.532384880503846,-0.04125861119330487,6
14424,5.529559141134732,5.532384880503846,0.002825739369114011,8
14425,5.655663529477003,5.532384880503846,-0.12327864897315699,1
14426,5.572765147581522,5.532384880503846,-0.04038026707767539,5
14427,6.104291573924781,6.32221929473392,0.21792772080913902,9
14428,6.093050626960452,6.32221929473392,0.22916866777346812,2
14429,6.190336504507757,6.32221929473392,0.13188279022616367,1
14430,6.136711880432101,6.32221929473392,0.18550741430181983,4
14431,6.14187851036518,6.32221929473392,0.1803407843687408,5
14432,6.071575932480012,6.32221929473392,0.2506433622539088,10
14433,6.11502571839669,6.32221929473392,0.20719357633723057,3
14434,6.099729897613462,6.32221929473392,0.22248939712045868,6
14435,6.0545838822612925,6.32221929473392,0.2676354124726279,8
14436,6.273908257496232,6.176091259055681,-0.09781699844055058,8
14437,6.293406245812904,6.176091259055681,-0.11731498675722296,5
14438,6.326393865902079,6.176091259055681,-0.15030260684639796,1
14439,6.342180688395171,6.176091259055681,-0.16608942933948967,9
14440,6.296104813273233,6.176091259055681,-0.120013554217552,10
14441,6.290704574539004,6.176091259055681,-0.11461331548332243,3
14442,6.29168306911491,6.176091259055681,-0.1155918100592288,6
14443,6.245351472398571,6.176091259055681,-0.0692602133428899,2
14444,6.270637124641357,6.176091259055681,-0.09454586558567524,4
14445,5.777308042132729,5.311965660368366,-0.46534238176436293,10
14446,5.772863696912007,5.311965660368366,-0.46089803654364125,1
14447,5.813660408820083,5.311965660368366,-0.5016947484517171,8
14448,5.706000216507701,5.311965660368366,-0.394034556139335,4
14449,5.806731456778657,5.311965660368366,-0.4947657964102907,7
14450,5.767454668072442,5.311965660368366,-0.45548900770407563,9
14451,5.713649553327748,5.311965660368366,-0.4016838929593822,6
14452,5.720200375130609,5.311965660368366,-0.4082347147622434,3
14453,5.757273921952741,5.311965660368366,-0.4453082615843753,2
14454,5.93583348218844,5.338456493604605,-0.5973769885838349,5
14455,5.710118737672295,5.338456493604605,-0.3716622440676902,9
14456,5.8188939681935326,5.338456493604605,-0.4804374745889275,10
14457,5.825880984638549,5.338456493604605,-0.48742449103394403,8
14458,5.740822884837058,5.338456493604605,-0.4023663912324533,2
14459,5.751954154648298,5.338456493604605,-0.4134976610436931,7
14460,5.767373489380816,5.338456493604605,-0.4289169957762109,4
14461,5.786533036674896,5.338456493604605,-0.4480765430702913,3
14462,5.786904003179124,5.338456493604605,-0.4484475095745193,6
14463,6.206918800557114,5.489958479424835,-0.7169603211322793,9
14464,6.258829227086679,5.489958479424835,-0.7688707476618442,8
14465,5.9844125909020995,5.489958479424835,-0.4944541114772649,4
14466,6.030335414846423,5.489958479424835,-0.5403769354215884,2
14467,6.22531823347026,5.489958479424835,-0.7353597540454251,3
14468,6.256548188860214,5.489958479424835,-0.7665897094353795,5
14469,6.174649807697225,5.489958479424835,-0.6846913282723905,7
14470,6.243007963555142,5.489958479424835,-0.7530494841303073,6
14471,6.22070027960102,5.489958479424835,-0.730741800176185,10
14472,5.81397941890912,5.205096047578484,-0.6088833713306352,6
14473,5.8154952326188445,5.205096047578484,-0.6103991850403601,4
14474,5.800690136083082,5.205096047578484,-0.5955940885045976,2
14475,5.810702859278547,5.205096047578484,-0.6056068117000626,8
14476,5.867359267475643,5.205096047578484,-0.6622632198971585,7
14477,5.8275047999332585,5.205096047578484,-0.6224087523547741,10
14478,5.793983054574159,5.205096047578484,-0.5888870069956749,9
14479,5.88150851079409,5.205096047578484,-0.6764124632156054,5
14480,5.775401943972784,5.205096047578484,-0.5703058963942995,3
14481,6.08445414622193,6.531478917042255,0.44702477082032566,3
14482,6.186927566295883,6.531478917042255,0.34455135074637244,1
14483,6.119063345601251,6.531478917042255,0.41241557144100405,6
14484,6.102920526772544,6.531478917042255,0.42855839026971143,7
14485,5.902121521654108,6.531478917042255,0.6293573953881477,2
14486,6.187402296558389,6.531478917042255,0.34407662048386634,10
14487,6.1377957825413185,6.531478917042255,0.39368313450093684,5
14488,6.064964386523739,6.531478917042255,0.4665145305185163,4
14489,6.130116324935426,6.531478917042255,0.4013625921068291,8
14490,5.727667009255629,6.079181246047625,0.35151423679199567,6
14491,5.674444867525322,6.079181246047625,0.40473637852230304,7
14492,5.699023866776076,6.079181246047625,0.3801573792715489,10
14493,5.671259304080651,6.079181246047625,0.40792194196697373,4
14494,5.731054599367913,6.079181246047625,0.34812664667971216,8
14495,5.778903798231322,6.079181246047625,0.3002774478163035,2
14496,5.664446045763072,6.079181246047625,0.4147352002845528,1
14497,5.744233800051684,6.079181246047625,0.3349474459959412,9
14498,5.720158347204792,6.079181246047625,0.35902289884283345,5
14499,5.004069528947811,4.301029995663981,-0.70303953328383,1
14500,4.9630522690487,4.301029995663981,-0.6620222733847188,7
14501,4.908817131580571,4.301029995663981,-0.6077871359165901,9
14502,4.91894460353969,4.301029995663981,-0.6179146078757087,8
14503,5.076414939716085,4.301029995663981,-0.7753849440521039,5
14504,4.920363814327382,4.301029995663981,-0.6193338186634003,6
14505,4.880175234558162,4.301029995663981,-0.5791452388941805,2
14506,4.974697627481867,4.301029995663981,-0.673667631817886,10
14507,4.923450661784611,4.301029995663981,-0.6224206661206297,4
14508,6.054950865996522,5.491361693834273,-0.5635891721622492,5
14509,6.025570250322551,5.491361693834273,-0.5342085564882781,9
14510,5.950913751757652,5.491361693834273,-0.4595520579233785,2
14511,5.982127463796415,5.491361693834273,-0.4907657699621417,3
14512,6.083240592794934,5.491361693834273,-0.5918788989606609,1
14513,6.022041522484311,5.491361693834273,-0.5306798286500376,8
14514,6.050038420046189,5.491361693834273,-0.5586767262119157,6
14515,5.978592299088994,5.491361693834273,-0.4872306052547213,10
14516,5.962639628503639,5.491361693834273,-0.47127793466936563,4
14517,5.833280983950997,6.0,0.16671901604900263,2
14518,5.926033481516028,6.0,0.07396651848397173,7
14519,5.768570183149199,6.0,0.23142981685080066,8
14520,5.899292489234211,6.0,0.10070751076578865,9
14521,5.945560326651137,6.0,0.05443967334886324,5
14522,5.831505260915832,6.0,0.168494739084168,6
14523,5.805498182218228,6.0,0.1945018177817719,10
14524,5.896090783646268,6.0,0.10390921635373207,4
14525,5.958075664897786,6.0,0.04192433510221427,3
14526,6.0463804819147855,6.185542154854375,0.13916167293958992,7
14527,6.036569457331965,6.185542154854375,0.14897269752241016,2
14528,6.015799330279614,6.185542154854375,0.16974282457476164,4
14529,6.055384296743175,6.185542154854375,0.1301578581112004,5
14530,6.060089712380035,6.185542154854375,0.12545244247434084,6
14531,6.038079437097601,6.185542154854375,0.147462717756774,8
14532,6.1062121007243135,6.185542154854375,0.07933005413006189,1
14533,6.0270571654267,6.185542154854375,0.15848498942767542,3
14534,6.054577747028364,6.185542154854375,0.1309644078260117,10
14535,5.636226979838802,5.301029995663981,-0.3351969841748206,1
14536,5.538011454362087,5.301029995663981,-0.23698145869810538,5
14537,5.552999362983258,5.301029995663981,-0.2519693673192771,6
14538,5.536577327587967,5.301029995663981,-0.23554733192398558,2
14539,5.526614308183356,5.301029995663981,-0.22558431251937439,9
14540,5.574327925040882,5.301029995663981,-0.2732979293769011,3
14541,5.564044426513747,5.301029995663981,-0.2630144308497657,10
14542,5.446696345995636,5.301029995663981,-0.14566635033165465,4
14543,5.553767685713912,5.301029995663981,-0.25273769004993074,7
14544,6.651029470177149,6.079181246047625,-0.571848224129524,6
14545,6.649002598701845,6.079181246047625,-0.5698213526542197,3
14546,6.4929645031110494,6.079181246047625,-0.41378325706342434,4
14547,6.595589751620389,6.079181246047625,-0.5164085055727643,7
14548,6.617649160770531,6.079181246047625,-0.5384679147229061,9
14549,6.595404620720232,6.079181246047625,-0.5162233746726068,5
14550,6.655012267160167,6.079181246047625,-0.5758310211125419,2
14551,6.588391551311505,6.079181246047625,-0.5092103052638794,10
14552,6.591733885200265,6.079181246047625,-0.5125526391526396,8
14553,5.584796977280914,4.892372907398436,-0.6924240698824775,2
14554,5.723511193325631,4.892372907398436,-0.831138285927195,6
14555,5.721687545254529,4.892372907398436,-0.8293146378560925,3
14556,5.678112340418753,4.892372907398436,-0.7857394330203169,8
14557,5.649736562398371,4.892372907398436,-0.757363654999935,4
14558,5.710689653504351,4.892372907398436,-0.8183167461059151,7
14559,5.627988154511448,4.892372907398436,-0.735615247113012,9
14560,5.683556734043389,4.892372907398436,-0.7911838266449527,5
14561,5.744261203442338,4.892372907398436,-0.851888296043902,1
14562,5.906813369316523,6.176091259055681,0.26927788973915856,1
14563,5.864199656570528,6.176091259055681,0.31189160248515346,5
14564,5.859228380421303,6.176091259055681,0.3168628786343781,6
14565,5.872045627208942,6.176091259055681,0.3040456318467397,10
14566,5.849277928183996,6.176091259055681,0.3268133308716852,8
14567,5.868890912306234,6.176091259055681,0.30720034674944774,3
14568,5.790313039825455,6.176091259055681,0.38577821923022615,4
14569,5.7798595543567455,6.176091259055681,0.39623170469893587,2
14570,5.844622332962723,6.176091259055681,0.33146892609295797,7
14571,5.192550419457145,6.491361693834273,1.2988112743771278,1
14572,4.873805787566106,6.491361693834273,1.6175559062681675,2
14573,5.204009855717549,6.491361693834273,1.2873518381167237,7
14574,5.166469108575998,6.491361693834273,1.324892585258275,10
14575,5.157739518913225,6.491361693834273,1.3336221749210484,8
14576,5.251047934865372,6.491361693834273,1.2403137589689015,4
14577,5.074323962854951,6.491361693834273,1.417037730979322,9
14578,5.194730042561576,6.491361693834273,1.2966316512726968,5
14579,5.205694666034491,6.491361693834273,1.2856670277997821,6
14580,3.2126313003339417,3.556302500767288,0.3436712004333464,1
14581,3.0756196922271806,3.556302500767288,0.4806828085401076,6
14582,3.1269919169741196,3.556302500767288,0.42931058379316855,3
14583,3.176963269447308,3.556302500767288,0.3793392313199804,7
14584,3.3415272277652317,3.556302500767288,0.21477527300205645,4
14585,3.0927946206308445,3.556302500767288,0.4635078801364436,9
14586,3.105395910487832,3.556302500767288,0.45090659027945623,5
14587,3.2539555103521294,3.556302500767288,0.3023469904151588,10
14588,3.2076192537216586,3.556302500767288,0.3486832470456296,2
14589,5.234122007389679,4.089905111439398,-1.1442168959502812,5
14590,5.047984176531188,4.089905111439398,-0.9580790650917903,6
14591,5.056500770327795,4.089905111439398,-0.966595658888397,10
14592,5.139644049530018,4.089905111439398,-1.04973893809062,7
14593,5.158154243813033,4.089905111439398,-1.0682491323736345,9
14594,5.058806805633643,4.089905111439398,-0.968901694194245,3
14595,5.045414766439111,4.089905111439398,-0.9555096549997133,1
14596,5.161058644970581,4.089905111439398,-1.0711535335311826,4
14597,5.303164294730411,4.089905111439398,-1.2132591832910133,8
14598,3.5526998559553937,4.653212513775344,1.1005126578199502,10
14599,3.461143841919016,4.653212513775344,1.1920686718563278,8
14600,3.441089901913583,4.653212513775344,1.2121226118617607,4
14601,3.6059068126933056,4.653212513775344,1.0473057010820384,3
14602,3.4320436735760107,4.653212513775344,1.2211688401993332,9
14603,3.537006388663834,4.653212513775344,1.11620612511151,1
14604,3.426437785810536,4.653212513775344,1.2267747279648078,6
14605,3.552338731184507,4.653212513775344,1.100873782590837,5
14606,3.573939244853445,4.653212513775344,1.0792732689218991,2
14607,5.565426269200808,5.221022805204841,-0.3444034639959668,10
14608,5.597119371056927,5.221022805204841,-0.3760965658520856,9
14609,5.540195712086077,5.221022805204841,-0.3191729068812359,7
14610,5.933412710341064,5.221022805204841,-0.7123899051362228,8
14611,5.498344770034015,5.221022805204841,-0.2773219648291736,6
14612,5.554960623917074,5.221022805204841,-0.3339378187122328,3
14613,5.504493818362233,5.221022805204841,-0.2834710131573921,1
14614,5.538329176318463,5.221022805204841,-0.3173063711136219,5
14615,5.470915678777515,5.221022805204841,-0.24989287357267376,4
14616,5.488972116315611,5.698970004336019,0.20999788802040786,1
14617,5.796159054350436,5.698970004336019,-0.09718905001441769,8
14618,5.521488807971697,5.698970004336019,0.17748119636432147,5
14619,5.486055039697959,5.698970004336019,0.2129149646380597,6
14620,5.48018668541093,5.698970004336019,0.21878331892508918,3
14621,5.512527007351599,5.698970004336019,0.1864429969844199,7
14622,5.540985859284398,5.698970004336019,0.1579841450516204,9
14623,5.594404617669808,5.698970004336019,0.10456538666621107,2
14624,5.57283897066815,5.698970004336019,0.1261310336678685,10
14625,6.511709813323926,7.342422680822207,0.8307128674982804,5
14626,6.54085490231033,7.342422680822207,0.8015677785118767,1
14627,6.536868698680791,7.342422680822207,0.8055539821414159,3
14628,6.605119664105993,7.342422680822207,0.737303016716214,9
14629,6.479408786501773,7.342422680822207,0.8630138943204333,6
14630,6.461001791129555,7.342422680822207,0.8814208896926514,8
14631,6.442952938853591,7.342422680822207,0.8994697419686153,7
14632,6.45578585945407,7.342422680822207,0.8866368213681364,10
14633,6.51120903851633,7.342422680822207,0.8312136423058769,4
14634,5.929903752354948,6.176091259055681,0.24618750670073375,1
14635,5.821273282543155,6.176091259055681,0.35481797651252656,8
14636,5.860814181736082,6.176091259055681,0.31527707731959964,7
14637,5.86096284829752,6.176091259055681,0.31512841075816134,4
14638,5.7154343123966695,6.176091259055681,0.4606569466590118,2
14639,5.722003846618638,6.176091259055681,0.4540874124370431,10
14640,5.9007957126969925,6.176091259055681,0.2752955463586888,6
14641,5.749613810847039,6.176091259055681,0.426477448208642,5
14642,5.954731861535444,6.176091259055681,0.2213593975202377,9
14643,6.42655625473704,6.414973347970818,-0.011582906766221868,7
14644,6.548022186540328,6.414973347970818,-0.13304883856950944,3
14645,6.523148325192517,6.414973347970818,-0.10817497722169911,9
14646,6.540323765780626,6.414973347970818,-0.12535041780980816,6
14647,6.335194611747038,6.414973347970818,0.07977873622377984,2
14648,6.448670018259478,6.414973347970818,-0.03369667028866008,4
14649,6.373621597065084,6.414973347970818,0.04135175090573462,8
14650,6.487999148282634,6.414973347970818,-0.07302580031181538,10
14651,6.525615946878776,6.414973347970818,-0.11064259890795825,1
14652,6.575256123085182,6.977723605288848,0.402467482203666,5
14653,6.47154225771063,6.977723605288848,0.5061813475782175,7
14654,6.5359565575338445,6.977723605288848,0.4417670477550031,10
14655,6.565672529636882,6.977723605288848,0.4120510756519655,6
14656,6.53526557029411,6.977723605288848,0.442458034994738,4
14657,6.52430631525794,6.977723605288848,0.4534172900309077,9
14658,6.365855824228766,6.977723605288848,0.6118677810600817,2
14659,6.514577353923007,6.977723605288848,0.4631462513658402,1
14660,6.540395360607425,6.977723605288848,0.4373282446814226,3
14661,4.9644110499496215,4.765072201102792,-0.1993388488468293,9
14662,4.773005003353625,4.765072201102792,-0.007932802250833149,7
14663,5.0015741610320426,4.765072201102792,-0.23650195992925038,8
14664,5.0239652416379466,4.765072201102792,-0.2588930405351544,2
14665,5.005505862128406,4.765072201102792,-0.24043366102561414,4
14666,5.016246301514821,4.765072201102792,-0.2511741004120287,6
14667,5.013612215935017,4.765072201102792,-0.24854001483222454,10
14668,5.126213971724896,4.765072201102792,-0.36114177062210384,5
14669,4.972109970288198,4.765072201102792,-0.20703776918540573,3
14670,1.9891359251999559,1.3424226808222062,-0.6467132443777497,9
14671,1.9390404064121856,1.3424226808222062,-0.5966177255899794,7
14672,1.9228849812485316,1.3424226808222062,-0.5804623004263254,10
14673,1.9736436099765375,1.3424226808222062,-0.6312209291543314,3
14674,2.077802280799221,1.3424226808222062,-0.7353795999770147,5
14675,2.029843823268199,1.3424226808222062,-0.6874211424459928,8
14676,1.993100052772313,1.3424226808222062,-0.6506773719501069,4
14677,2.015608463992289,1.3424226808222062,-0.6731857831700827,2
14678,1.9676492624659503,1.3424226808222062,-0.6252265816437441,1
14679,2.6211250223100504,2.7481880270062,0.1270630046961494,6
14680,2.6044668098847987,2.7481880270062,0.14372121712140107,8
14681,2.5800755330753473,2.7481880270062,0.16811249393085248,4
14682,2.4252463637915147,2.7481880270062,0.3229416632146851,7
14683,2.634673352424631,2.7481880270062,0.11351467458156872,2
14684,2.747863702578249,2.7481880270062,0.00032432442795071736,5
14685,2.5982035710041953,2.7481880270062,0.1499844560020045,1
14686,2.7374379275993443,2.7481880270062,0.010750099406855451,3
14687,2.5816776744491508,2.7481880270062,0.16651035255704905,10
14688,4.56881395844487,2.4553017716570764,-2.1135121867877933,3
14689,4.5848801569009145,2.4553017716570764,-2.129578385243838,10
14690,4.5768581671162405,2.4553017716570764,-2.121556395459164,4
14691,4.522090856352262,2.4553017716570764,-2.066789084695186,6
14692,4.489478643187761,2.4553017716570764,-2.0341768715306845,9
14693,4.773778537630095,2.4553017716570764,-2.3184767659730188,7
14694,4.49513094166855,2.4553017716570764,-2.0398291700114735,5
14695,4.510985097661818,2.4553017716570764,-2.0556833260047416,2
14696,4.572286224049821,2.4553017716570764,-2.116984452392745,1
14697,5.1834104757079835,5.7160033436348,0.5325928679268168,1
14698,5.161472347058365,5.7160033436348,0.5545309965764353,8
14699,5.092405021779075,5.7160033436348,0.6235983218557255,6
14700,5.205336143104075,5.7160033436348,0.5106672005307251,9
14701,5.178421813651235,5.7160033436348,0.5375815299835649,3
14702,5.106982112781663,5.7160033436348,0.6090212308531378,4
14703,5.205470738316638,5.7160033436348,0.5105326053181622,7
14704,5.1893699104668265,5.7160033436348,0.5266334331679738,2
14705,5.133956746322732,5.7160033436348,0.5820465973120683,10
14706,5.008038235757708,4.765072201102792,-0.2429660346549154,1
14707,5.005505862128406,4.765072201102792,-0.24043366102561414,4
14708,4.773005003353625,4.765072201102792,-0.007932802250833149,7
14709,5.0239652416379466,4.765072201102792,-0.2588930405351544,2
14710,5.0015741610320426,4.765072201102792,-0.23650195992925038,8
14711,4.9644110499496215,4.765072201102792,-0.1993388488468293,9
14712,4.972109970288198,4.765072201102792,-0.20703776918540573,3
14713,5.016246301514821,4.765072201102792,-0.2511741004120287,6
14714,5.126213971724896,4.765072201102792,-0.36114177062210384,5
14715,5.4515236508096425,5.0,-0.4515236508096425,2
14716,5.407300613910669,5.0,-0.4073006139106692,9
14717,5.3902834088835,5.0,-0.39028340888349966,3
14718,5.342990477771762,5.0,-0.34299047777176206,6
14719,5.463695206626351,5.0,-0.4636952066263511,7
14720,5.511704369902124,5.0,-0.511704369902124,1
14721,5.552165510519834,5.0,-0.552165510519834,5
14722,5.417629816579367,5.0,-0.4176298165793666,10
14723,5.252882006293388,5.0,-0.25288200629338764,4
14724,4.180719245718805,0.1139433523068367,-4.066775893411968,3
14725,4.317037959174176,0.1139433523068367,-4.203094606867339,2
14726,3.955052578914442,0.1139433523068367,-3.8411092266076055,10
14727,4.1823110704997335,0.1139433523068367,-4.0683677181928966,4
14728,4.108060979303884,0.1139433523068367,-3.9941176269970478,1
14729,4.319559154314917,0.1139433523068367,-4.20561580200808,7
14730,4.096041521966027,0.1139433523068367,-3.982098169659191,6
14731,4.130522982727729,0.1139433523068367,-4.0165796304208925,9
14732,4.026122196080821,0.1139433523068367,-3.9121788437739844,8
14733,2.78511807257599,1.6989700043360187,-1.0861480682399711,5
14734,2.6416362093321006,1.6989700043360187,-0.9426662049960819,4
14735,2.729195075605224,1.6989700043360187,-1.0302250712692054,7
14736,2.6769647636259544,1.6989700043360187,-0.9779947592899356,8
14737,2.4137138341415723,1.6989700043360187,-0.7147438298055535,2
14738,2.7242087186721564,1.6989700043360187,-1.0252387143361377,3
14739,2.648441437968029,1.6989700043360187,-0.9494714336320103,1
14740,2.666145813800989,1.6989700043360187,-0.9671758094649703,9
14741,2.5533021155652555,1.6989700043360187,-0.8543321112292368,10
14742,4.684719744734859,2.1357685145678222,-2.5489512301670367,2
14743,4.693625926729894,2.1357685145678222,-2.5578574121620714,1
14744,4.820519874293773,2.1357685145678222,-2.684751359725951,8
14745,4.590631755907703,2.1357685145678222,-2.4548632413398805,5
14746,4.681743528103725,2.1357685145678222,-2.545975013535903,3
14747,4.660925408092745,2.1357685145678222,-2.525156893524923,4
14748,4.5873670172938485,2.1357685145678222,-2.4515985027260263,9
14749,4.607696280942933,2.1357685145678222,-2.4719277663751105,6
14750,4.794381325362675,2.1357685145678222,-2.658612810794853,7
14751,3.5472939929976324,2.560420774091161,-0.9868732189064713,10
14752,3.391291965049207,2.560420774091161,-0.830871190958046,5
14753,3.449723749339605,2.560420774091161,-0.889302975248444,6
14754,3.3722161486652187,2.560420774091161,-0.8117953745740576,9
14755,3.5193841896784868,2.560420774091161,-0.9589634155873257,4
14756,3.561527888004267,2.560420774091161,-1.0011071139131058,3
14757,3.419444352932305,2.560420774091161,-0.859023578841144,2
14758,3.339600585869046,2.560420774091161,-0.779179811777885,7
14759,3.4908678364389805,2.560420774091161,-0.9304470623478194,1
14760,6.054203664845136,6.113943352306837,0.05973968746170133,7
14761,6.0607510230557935,6.113943352306837,0.053192329251043446,9
14762,6.01939229659001,6.113943352306837,0.09455105571682676,3
14763,6.025520724751129,6.113943352306837,0.08842262755570829,8
14764,5.972803695250947,6.113943352306837,0.1411396570558896,2
14765,6.0525544748146025,6.113943352306837,0.06138887749223443,5
14766,6.050066000926005,6.113943352306837,0.06387735138083173,6
14767,6.0203444318348085,6.113943352306837,0.09359892047202845,4
14768,6.015322464604711,6.113943352306837,0.09862088770212551,10
14769,5.939929586521691,6.041392685158225,0.10146309863653435,4
14770,6.0278598603538,6.041392685158225,0.013532824804425303,7
14771,5.996748031113876,6.041392685158225,0.04464465404434925,6
14772,5.976605192569759,6.041392685158225,0.06478749258846594,10
14773,5.917950085121073,6.041392685158225,0.12344260003715224,1
14774,6.0255702893352865,6.041392685158225,0.015822395822938873,5
14775,6.098807912522703,6.041392685158225,-0.05741522736447724,9
14776,5.895389669831773,6.041392685158225,0.14600301532645243,2
14777,5.943359993258599,6.041392685158225,0.09803269189962638,8
14778,4.785902868651742,5.334453751150931,0.5485508824991889,2
14779,5.012829463006773,5.334453751150931,0.32162428814415733,8
14780,4.971312320299662,5.334453751150931,0.36314143085126904,9
14781,5.08781711996111,5.334453751150931,0.24663663118982093,6
14782,4.984473752895797,5.334453751150931,0.34997999825513393,7
14783,4.989827327813067,5.334453751150931,0.3446264233378633,4
14784,5.0563819216173505,5.334453751150931,0.27807182953358023,3
14785,5.069663335192542,5.334453751150931,0.26479041595838826,10
14786,5.027278762985525,5.334453751150931,0.30717498816540534,1
14787,3.1575355412460886,1.7442929831226763,-1.4132425581234123,1
14788,3.154906277391442,1.7442929831226763,-1.4106132942687655,5
14789,3.2266745489174853,1.7442929831226763,-1.482381565794809,4
14790,2.9983753511536118,1.7442929831226763,-1.2540823680309354,9
14791,3.1065017486440705,1.7442929831226763,-1.3622087655213941,10
14792,3.0685003360153726,1.7442929831226763,-1.3242073528926963,7
14793,3.08509009263572,1.7442929831226763,-1.3407971095130438,2
14794,3.0639941087287155,1.7442929831226763,-1.3197011256060391,8
14795,3.1168402421523,1.7442929831226763,-1.3725472590296235,6
14796,2.420669422338724,1.576226137449605,-0.8444432848891192,6
14797,2.3148967801871105,1.576226137449605,-0.7386706427375056,4
14798,2.482666150126869,1.576226137449605,-0.9064400126772643,5
14799,2.375638785119025,1.576226137449605,-0.7994126476694199,7
14800,2.0783054998168633,1.576226137449605,-0.5020793623672584,10
14801,2.357647223072896,1.576226137449605,-0.7814210856232913,2
14802,2.37156931372038,1.576226137449605,-0.795343176270775,3
14803,2.284625454492044,1.576226137449605,-0.7083993170424392,1
14804,2.3817983117211377,1.576226137449605,-0.8055721742715327,8
14805,4.284411095469473,2.143014800254095,-2.1413962952153778,6
14806,4.257612788261017,2.143014800254095,-2.1145979880069223,9
14807,4.33797047486233,2.143014800254095,-2.1949556746082353,4
14808,4.382793467140609,2.143014800254095,-2.2397786668865143,1
14809,4.346698321930673,2.143014800254095,-2.203683521676578,3
14810,4.296449034528643,2.143014800254095,-2.153434234274548,10
14811,4.2428484478102755,2.143014800254095,-2.0998336475561805,5
14812,4.199835619437014,2.143014800254095,-2.056820819182919,2
14813,4.312501722945863,2.143014800254095,-2.1694869226917683,7
14814,4.170106996705944,-0.15864053,-4.3287475267059445,1
14815,4.174287472943849,-0.15864053,-4.332928002943849,4
14816,3.999933823541115,-0.15864053,-4.158574353541114,5
14817,3.954783244635001,-0.15864053,-4.113423774635001,10
14818,4.030246997585196,-0.15864053,-4.188887527585196,9
14819,4.12157305485545,-0.15864053,-4.280213584855449,2
14820,4.103191203502239,-0.15864053,-4.261831733502239,8
14821,3.993900600792486,-0.15864053,-4.1525411307924855,7
14822,4.095345738699596,-0.15864053,-4.253986268699595,6
14823,2.775586717546725,3.0293837776852097,0.2537970601384849,8
14824,2.662504989038851,3.0293837776852097,0.3668787886463587,9
14825,2.6973624078038108,3.0293837776852097,0.33202136988139896,10
14826,2.691184333457745,3.0293837776852097,0.3381994442274645,2
14827,2.7227574255040707,3.0293837776852097,0.306626352181139,5
14828,2.7269657133474263,3.0293837776852097,0.3024180643377834,6
14829,2.6884851743095246,3.0293837776852097,0.3408986033756851,4
14830,2.645946281885194,3.0293837776852097,0.3834374958000155,1
14831,2.775356173519355,3.0293837776852097,0.2540276041658549,7
14832,3.716967365118404,0.0791812460476248,-3.637786119070779,3
14833,3.3051198509072637,0.0791812460476248,-3.225938604859639,5
14834,3.5022951826322894,0.0791812460476248,-3.423113936584665,6
14835,3.588501408171704,0.0791812460476248,-3.5093201621240793,10
14836,3.5519891865835196,0.0791812460476248,-3.472807940535895,9
14837,3.5081590089850603,0.0791812460476248,-3.4289777629374356,7
14838,3.4360978219202747,0.0791812460476248,-3.35691657587265,2
14839,3.7026944723904127,0.0791812460476248,-3.623513226342788,8
14840,3.749083257402866,0.0791812460476248,-3.669902011355241,1
14841,4.590454059109366,2.4771212547196626,-2.113332804389703,8
14842,4.698350594535174,2.4771212547196626,-2.221229339815511,6
14843,4.413660060909822,2.4771212547196626,-1.9365388061901596,5
14844,4.6003637765467404,2.4771212547196626,-2.123242521827078,7
14845,4.616609926605741,2.4771212547196626,-2.1394886718860784,2
14846,4.746560942957328,2.4771212547196626,-2.2694396882376653,3
14847,4.79910858775085,2.4771212547196626,-2.3219873330311875,4
14848,4.5349163079163155,2.4771212547196626,-2.057795053196653,10
14849,4.732612076364912,2.4771212547196626,-2.2554908216452496,9
14850,4.7845876031663686,3.8750612633917,-0.9095263397746685,1
14851,4.667418121982556,3.8750612633917,-0.792356858590856,2
14852,4.763676601288093,3.8750612633917,-0.8886153378963932,3
14853,4.674199614742788,3.8750612633917,-0.7991383513510879,5
14854,4.336541676697961,3.8750612633917,-0.4614804133062611,9
14855,4.828612999032764,3.8750612633917,-0.9535517356410637,10
14856,4.701285352301715,3.8750612633917,-0.8262240889100152,6
14857,4.739840207985677,3.8750612633917,-0.8647789445939766,8
14858,4.827910705544027,3.8750612633917,-0.9528494421523268,4
14859,2.670931998466726,2.146128035678238,-0.524803962788488,2
14860,2.6160710621652035,2.146128035678238,-0.4699430264869653,9
14861,2.719617508903053,2.146128035678238,-0.5734894732248148,1
14862,2.771224107025426,2.146128035678238,-0.6250960713471878,5
14863,2.974726887704982,2.146128035678238,-0.8285988520267438,10
14864,2.7374164792531492,2.146128035678238,-0.5912884435749111,8
14865,2.6556574852401504,2.146128035678238,-0.5095294495619123,7
14866,2.637374023434783,2.146128035678238,-0.4912459877565447,4
14867,2.8831082480011,2.146128035678238,-0.7369802123228619,6
14868,5.295177091745286,5.688419822002711,0.39324273025742507,7
14869,5.4199260620726655,5.688419822002711,0.26849375993004543,9
14870,5.347581825352719,5.688419822002711,0.3408379966499915,10
14871,5.412193318689827,5.688419822002711,0.2762265033128841,1
14872,5.4245158182397315,5.688419822002711,0.2639040037629794,6
14873,5.352889467104617,5.688419822002711,0.33553035489809346,4
14874,5.499340489764234,5.688419822002711,0.18907933223847717,8
14875,5.421234498674473,5.688419822002711,0.2671853233282375,2
14876,5.495256674344016,5.688419822002711,0.19316314765869524,5
14877,4.161194699393415,1.3010299956639813,-2.860164703729434,2
14878,4.456261753203062,1.3010299956639813,-3.155231757539081,8
14879,4.356116506072769,1.3010299956639813,-3.0550865104087874,1
14880,4.41789160981206,1.3010299956639813,-3.116861614148079,5
14881,4.418657661458124,1.3010299956639813,-3.117627665794143,10
14882,4.291877686577943,1.3010299956639813,-2.990847690913962,7
14883,4.2952834949588725,1.3010299956639813,-2.9942534992948913,9
14884,4.155623037714367,1.3010299956639813,-2.8545930420503858,3
14885,4.488132874572785,1.3010299956639813,-3.187102878908804,4
14886,4.962929548873416,3.9542425094393248,-1.0086870394340912,1
14887,4.993533964499489,3.9542425094393248,-1.0392914550601646,7
14888,4.887099532717244,3.9542425094393248,-0.932857023277919,2
14889,4.913312304532259,3.9542425094393248,-0.9590697950929346,3
14890,4.881370215298784,3.9542425094393248,-0.9271277058594589,6
14891,5.019817658391005,3.9542425094393248,-1.0655751489516798,8
14892,4.949681845651271,3.9542425094393248,-0.995439336211946,9
14893,4.802356251503586,3.9542425094393248,-0.8481137420642608,10
14894,4.817731023057871,3.9542425094393248,-0.8634885136185466,5
14895,3.8455083231779508,2.6232492903979003,-1.2222590327800504,6
14896,3.8906389364707774,2.6232492903979003,-1.267389646072877,5
14897,3.67867951503338,2.6232492903979003,-1.0554302246354799,1
14898,3.789960590704959,2.6232492903979003,-1.1667113003070586,10
14899,3.786682935878009,2.6232492903979003,-1.1634336454801089,8
14900,3.9225407495995706,2.6232492903979003,-1.2992914592016702,7
14901,3.878739541855093,2.6232492903979003,-1.2554902514571928,4
14902,3.7491783092260977,2.6232492903979003,-1.1259290188281974,9
14903,3.8026135923571216,2.6232492903979003,-1.1793643019592213,2
14904,4.5696825506011,0.0,-4.5696825506011,8
14905,4.502934290154282,0.0,-4.502934290154282,7
14906,4.572222036339637,0.0,-4.572222036339637,4
14907,4.6854644887688774,0.0,-4.6854644887688774,10
14908,4.509567214594131,0.0,-4.509567214594131,1
14909,4.619541822041409,0.0,-4.619541822041409,9
14910,4.595380994486021,0.0,-4.595380994486021,6
14911,4.42805355438086,0.0,-4.42805355438086,5
14912,4.563335800150158,0.0,-4.563335800150158,3
14913,4.4376052507594235,4.778151250383644,0.3405459996242204,5
14914,4.6038669197257995,4.778151250383644,0.17428433065784432,9
14915,4.477276678863151,4.778151250383644,0.3008745715204926,6
14916,4.565551691484651,4.778151250383644,0.21259955889899285,1
14917,4.562827946909881,4.778151250383644,0.21532330347376316,7
14918,4.611082850207621,4.778151250383644,0.16706840017602254,3
14919,4.467758913522465,4.778151250383644,0.3103923368611792,8
14920,4.486506636083152,4.778151250383644,0.29164461430049204,4
14921,4.548406705727082,4.778151250383644,0.2297445446565618,2
14922,4.284411095469473,2.143014800254095,-2.1413962952153778,6
14923,4.382793467140609,2.143014800254095,-2.2397786668865143,1
14924,4.199835619437014,2.143014800254095,-2.056820819182919,2
14925,4.257612788261017,2.143014800254095,-2.1145979880069223,9
14926,4.2428484478102755,2.143014800254095,-2.0998336475561805,5
14927,4.312501722945863,2.143014800254095,-2.1694869226917683,7
14928,4.33797047486233,2.143014800254095,-2.1949556746082353,4
14929,4.346698321930673,2.143014800254095,-2.203683521676578,3
14930,4.296449034528643,2.143014800254095,-2.153434234274548,10
14931,5.548166165224875,3.903089986991944,-1.6450761782329306,1
14932,5.536294528778174,3.903089986991944,-1.6332045417862298,8
14933,5.472665118831602,3.903089986991944,-1.5695751318396574,2
14934,5.660601820158953,3.903089986991944,-1.7575118331670088,3
14935,5.43205651353147,3.903089986991944,-1.5289665265395258,4
14936,5.509261484200045,3.903089986991944,-1.6061714972081007,10
14937,5.613996560741484,3.903089986991944,-1.7109065737495395,5
14938,5.5227051724657095,3.903089986991944,-1.6196151854737653,6
14939,5.524954213834463,3.903089986991944,-1.621864226842519,7
14940,5.343022602920665,3.633468455579586,-1.7095541473410787,5
14941,5.3759415546846885,3.633468455579586,-1.7424730991051023,9
14942,5.284060475243584,3.633468455579586,-1.650592019663998,4
14943,5.252275180653545,3.633468455579586,-1.6188067250739584,6
14944,5.246514963365203,3.633468455579586,-1.6130465077856169,3
14945,5.378471147574733,3.633468455579586,-1.745002691995147,2
14946,5.34771896777076,3.633468455579586,-1.7142505121911737,7
14947,5.272734356561648,3.633468455579586,-1.6392659009820614,1
14948,5.273292294488489,3.633468455579586,-1.639823838908903,10
