idx,y_pred,y_true,residual,fold
0,4.014565326105357,5.698970004336019,1.6844046782306616,6
1,4.556833156416877,3.049218022670181,-1.5076151337466959,9
2,4.793143540243398,2.903089986991944,-1.890053553251454,5
3,5.415253452352171,2.9542425094393248,-2.461010942912846,5
4,5.9453698869087095,3.90848501887865,-2.0368848680300595,8
5,5.412539332972148,3.322219294733919,-2.090320038238229,5
6,5.838066958943952,5.301029995663981,-0.537036963279971,5
7,5.702735883200794,4.086359830674748,-1.6163760525260455,5
8,5.371921056215805,6.035709837827862,0.6637887816120571,9
9,4.8970665767087,5.954242509439325,1.0571759327306252,7
10,5.653618633639354,3.949390006644913,-1.7042286269944413,4
11,4.541105246467826,5.742725131304698,1.2016198848368722,7
12,4.501643279322821,3.661812685537261,-0.8398305937855604,5
13,5.142599832943706,3.505149978319906,-1.6374498546237999,10
14,4.622477511701345,5.0948203803548,0.4723428686534543,10
15,5.1996448143691545,3.397940008672037,-1.8017048056971174,2
16,5.405173677074307,3.832508912706236,-1.5726647643680711,8
17,5.297727806704027,5.6020599913279625,0.3043321846239353,8
18,4.6459416103925975,5.238046103128795,0.5921044927361976,4
19,4.0066842584122835,3.0791812460476247,-0.9275030123646588,8
20,4.120477467353611,3.823474229170301,-0.2970032381833101,10
21,5.050153399102019,3.838849090737255,-1.2113043083647637,10
22,5.189055039097132,3.505149978319906,-1.6839050607772266,8
23,5.198988021850042,6.041392685158225,0.8424046633081836,1
24,5.475754313897219,3.8813846567705728,-1.594369657126646,5
25,5.288052090052831,5.576341350205793,0.2882892601529612,5
26,6.078614990606512,6.823539433656859,0.7449244430503468,9
27,5.962699879835831,6.3979400086720375,0.4352401288362069,5
28,6.114726813938889,6.707570176097937,0.5928433621590479,7
29,6.239061817711335,6.3979400086720375,0.15887819096070288,1
30,5.907585580279071,6.558708570533166,0.6511229902540947,1
31,6.358544503841554,6.107549129744687,-0.2509953740968669,4
32,5.875102875272149,4.193681029541281,-1.6814218457308678,1
33,5.725040078542234,5.929418925714293,0.2043788471720589,6
34,6.127284337814375,6.531478917042255,0.40419457922788027,10
35,6.2098449756966065,6.414973347970818,0.20512837227421166,8
36,6.1604290993508295,6.372912002970106,0.2124829036192768,7
37,6.025048767228121,6.384890796530554,0.3598420293024329,9
38,5.59435185907156,6.325843928293292,0.7314920692217317,7
39,6.043732203717421,7.0,0.956267796282579,5
40,6.253915052663569,6.8750612633917,0.6211462107281314,10
41,6.379775195700087,6.835056101720117,0.4552809060200298,4
42,5.955432047179529,7.079181246047625,1.1237491988680963,6
43,5.31033153245062,4.072984744627931,-1.2373467878226894,2
44,5.631608970719948,5.113943352306837,-0.517665618413111,2
45,5.011252580196234,5.096910013008056,0.08565743281182225,6
46,5.6412534164338055,5.342422680822207,-0.2988307356115989,8
47,5.7945425160937525,6.2405492482826,0.4460067321888479,5
48,4.450758404800478,5.278753600952829,0.8279951961523508,4
49,6.07787072490459,6.2552725051033065,0.17740178019871689,1
50,5.224064709717252,5.023540521554854,-0.20052418816239825,8
51,5.6524394565441325,6.313867220369153,0.6614277638250208,1
52,5.974555157053862,6.361727836017593,0.3871726789637311,6
53,6.111696582816051,6.6020599913279625,0.49036340851191174,9
54,5.8956227676332675,6.649334858712142,0.7537120910788744,3
55,6.184736301814336,6.041392685158225,-0.14334361665611084,5
56,5.523449736196771,5.901294817165567,0.3778450809687959,2
57,4.80915604000011,6.447158031342219,1.6380019913421098,7
58,5.890031714281743,4.681241237375588,-1.208790476906155,3
59,5.877520904458581,5.81504617606463,-0.062474728393951295,1
60,5.5626491095652355,4.992818520066679,-0.5698305894985563,6
61,4.256670407656017,3.204119982655925,-1.052550425000092,7
62,5.84576586578422,6.8750612633917,1.0292953976074797,6
63,6.39968125092678,6.8909795969896885,0.49129834606290856,3
64,6.119760350826713,6.0,-0.11976035082671288,10
65,4.45890649980665,4.5003737143533735,0.04146721454672342,1
66,5.612121264369932,6.3979400086720375,0.7858187443021052,5
67,6.239151419210725,6.447158031342219,0.20800661213149407,2
68,5.218712186421898,7.267171728403014,2.0484595419811154,6
69,5.934207049478049,5.045714058940868,-0.8884929905371806,1
70,5.761640973775401,6.230448921378274,0.4688079476028735,1
71,5.957566223117663,4.127104798364807,-1.8304614247528557,6
72,5.669596186190425,6.0,0.33040381380957484,5
73,6.41624901327372,5.715167357848458,-0.7010816554252628,1
74,5.824054375047546,6.024046225131059,0.19999185008351272,6
75,3.034028757462288,3.645422269349092,0.6113935118868037,7
76,4.527574056383178,3.146128035678238,-1.3814460207049395,2
77,3.3762735814512466,2.8750612633917,-0.5012123180595465,6
78,4.006526992319187,3.3010299956639813,-0.7054969966552056,1
79,4.466250221102317,3.3138672203691533,-1.1523830007331641,7
80,4.577743843179206,5.905795880367869,1.3280520371886624,6
81,4.490356059523158,2.6989700043360187,-1.7913860551871394,3
82,3.6365107688751186,4.146128035678238,0.5096172668031196,6
83,4.16303426364456,3.2430380486862944,-0.9199962149582657,4
84,3.820667704775385,2.6532125137753435,-1.1674551910000415,6
85,4.059768122562299,2.1089031276673134,-1.9508649948949857,5
86,4.2616722656864425,3.7781512503836434,-0.4835210153027991,3
87,4.2585051660047135,3.3010299956639813,-0.9574751703407323,10
88,4.313295527573285,3.0,-1.3132955275732847,4
89,5.676532935578508,4.431363764158987,-1.245169171419521,7
90,4.676364878668175,4.423245873936808,-0.25311900473136717,7
91,4.357171833787452,4.431363764158987,0.07419193037153526,10
92,4.164962962704276,5.544068044350276,1.3791050816459993,6
93,4.891872478173545,3.0,-1.8918724781735454,8
94,5.617324552327871,3.1583624920952498,-2.4589620602326216,6
95,3.9240510405051747,2.740362689494244,-1.1836883510109306,10
96,4.216590651042153,3.6232492903979,-0.5933413606442528,4
97,6.13884106805782,5.375092713083399,-0.7637483549744211,6
98,6.272812357606807,6.361727836017593,0.08891547841078573,10
99,6.07787072490459,6.409933123331294,0.3320623984267046,1
100,6.827710981831501,6.477121254719663,-0.35058972711183856,2
101,6.306104631188619,7.021189299069938,0.7150846678813192,2
102,5.134469490184418,3.413299764081252,-1.7211697261031658,6
103,5.13250837110282,4.260071387985075,-0.872436983117745,9
104,6.310066482131254,6.0,-0.310066482131254,6
105,6.116050024010278,6.740362689494244,0.6243126654839664,6
106,6.362366269611795,6.099231615080882,-0.263134654530913,5
107,6.279793523852059,6.431363764158987,0.15157024030692767,2
108,6.56427557483767,4.6464037262230695,-1.9178718486146007,7
109,6.3740729630627975,6.142702245737616,-0.23137071732518155,1
110,6.1119833818416565,6.431363764158987,0.31938038231733046,6
111,6.055305687259296,6.19258417809083,0.13727849083153387,3
112,6.219342523273774,6.238046103128795,0.018703579855021246,9
113,6.0122453140983225,6.950851458888547,0.9386061447902243,3
114,6.463207666597423,4.819543935541868,-1.6436637310555549,7
115,6.600195883688262,4.716504163773217,-1.8836917199150456,1
116,6.291082713205181,6.612783856719736,0.3217011435145549,8
117,6.125787530784228,5.7160033436348,-0.40978418714942766,6
118,6.112072388329923,6.3979400086720375,0.2858676203421142,7
119,6.039035814222133,6.077258863692948,0.03822304947081445,8
120,6.255962695100874,6.614897216033135,0.3589345209322614,5
121,5.520987558139043,5.00902574208691,-0.5119618160521329,10
122,5.680071732616956,5.37383114507383,-0.306240587543126,9
123,5.951441012827793,6.477121254719663,0.5256802418918696,2
124,5.939988402459551,4.862250674597925,-1.077737727861626,1
125,5.57896006182855,6.466867620354109,0.8879075585255594,6
126,6.127073024255304,5.188084373714938,-0.9389886505403657,4
127,6.040569247026949,6.079181246047625,0.03861199902067636,8
128,6.212677668443919,6.146128035678238,-0.06654963276568093,2
129,6.027025101864378,5.326335860928752,-0.7006892409356267,4
130,5.726777322584803,6.768638101247615,1.0418607786628122,10
131,6.154127530755788,5.48572142648158,-0.668406104274208,4
132,6.101622627621559,5.507072896756503,-0.5945497308650562,6
133,6.183052815957096,5.08361010516231,-1.0994427107947855,7
134,6.171786661440999,6.156851901070011,-0.014934760370987732,10
135,6.537224073309084,5.676693609624866,-0.8605304636842179,1
136,6.38470614948192,7.252853030979893,0.8681468814979736,5
137,6.471134892250455,6.301029995663981,-0.17010489658647376,6
138,6.303087982901833,6.477121254719663,0.17403327181782924,5
139,6.1751137782974626,6.361727836017593,0.1866140577201305,5
140,5.1663868799693935,6.079181246047625,0.9127943660782316,4
141,5.8355782539698255,4.396199347095736,-1.4393789068740892,2
142,5.959292060527116,6.14705767102836,0.18776561050124396,4
143,6.412909061590478,5.195456833628169,-1.2174522279623083,9
144,6.0443116039167,5.643551368562945,-0.40076023535375516,6
145,5.814808726936417,6.016197353512439,0.20138862657602186,6
146,5.62541910235865,6.079181246047625,0.4537621436889747,9
147,5.935460397277242,6.146128035678238,0.210667638400996,4
148,5.6677072542902955,6.0,0.33229274570970446,3
149,5.5402099446261595,4.113943352306837,-1.4262665923193225,8
150,6.34166340404253,6.577491799837225,0.2358283957946954,9
151,6.328552531144322,5.472756449317212,-0.8557960818271093,9
152,6.7248714683522675,6.334453751150931,-0.3904177172013368,9
153,6.522189932255545,7.276921132065774,0.7547311998102293,8
154,6.324818957268704,4.819543935541868,-1.5052750217268356,8
155,7.285359929493269,7.483587296968894,0.1982273674756252,4
156,5.908584666082709,8.041392685158225,2.132808019075516,4
157,6.203552091641702,7.477121254719663,1.2735691630779602,8
158,6.322422439319873,6.479393896404411,0.15697145708453775,4
159,6.345672950197708,7.477121254719663,1.131448304521955,8
160,6.401535448524095,6.320146286111054,-0.08138916241304095,9
161,6.360401866691445,6.3979400086720375,0.03753814198059224,10
162,6.219291845913054,6.113943352306837,-0.10534849360621745,1
163,6.432940893760894,6.201397124320452,-0.2315437694404423,2
164,6.5061379068921115,6.986771734266245,0.48063382737413374,4
165,6.607266047409515,6.474216264076255,-0.13304978333325934,6
166,6.501485335159245,6.004136436761356,-0.4973488983978891,10
167,6.255790135904721,6.477121254719663,0.22133111881494116,5
168,6.42119310524466,6.434888120867316,0.013695015622656292,1
169,6.807923740349522,8.122543524068755,1.314619783719233,7
170,6.330525606405135,6.281033367247727,-0.049492239157407525,2
171,6.123878271748324,5.953421399681036,-0.17045687206728743,5
172,5.757904835572029,6.518513939877887,0.7606091043058578,7
173,6.092875529958247,6.556423121371285,0.4635475914130378,1
174,6.456906394695048,6.348304863048161,-0.10860153164688757,4
175,1.1423478469174748,1.954242509439325,0.8118946625218502,2
176,2.0153306809555533,2.6020599913279625,0.5867293103724092,7
177,3.565356851231576,1.3010299956639813,-2.2643268555675946,3
178,2.55044277178914,1.9549175537349588,-0.5955252180541812,4
179,5.182795666849083,2.0,-3.182795666849083,4
180,5.036168268482352,2.146128035678238,-2.8900402328041137,8
181,5.351079770347787,3.164352855784437,-2.1867269145633497,4
182,4.004896727941061,1.390935107103379,-2.6139616208376815,6
183,4.041191682143882,2.9552065375419416,-1.0859851446019406,6
184,3.3541817827644564,3.562292864456474,0.20811108169201775,2
185,2.946256296852713,1.9268567089496924,-1.0193995879030207,2
186,4.151742059058158,1.146128035678238,-3.00561402337992,9
187,4.709034079251209,2.8512583487190755,-1.8577757305321336,10
188,3.441583583609999,2.0,-1.441583583609999,2
189,6.5358657410591094,3.539452491549461,-2.9964132495096485,10
190,3.32238896225937,1.380211241711606,-1.9421777205477642,8
191,3.1751234968669384,2.273232834043045,-0.9018906628238934,7
192,3.563037411439271,2.57978359661681,-0.983253814822461,3
193,3.0481125633117356,0.6334684555795865,-2.414644107732149,5
194,5.91299562341231,6.079181246047625,0.16618562263531533,6
195,5.141551671803201,5.023951707423388,-0.11759996437981357,4
196,5.878959782013806,6.2322335211147335,0.35327373910092774,3
197,4.864895192513149,3.247973266361807,-1.6169219261513423,9
198,5.252054351248132,6.302547372487486,1.0504930212393537,2
199,5.866387155727465,4.598571663482141,-1.2678154922453242,2
200,4.905233065570896,4.812913356642856,-0.09231970892804053,10
201,5.124560344753931,3.562292864456474,-1.5622674802974568,10
202,5.488701338028749,6.806179973983888,1.3174786359551396,9
203,4.589212962886496,5.782472624166286,1.1932596612797903,2
204,5.23763960687096,6.054957596012407,0.817317989141447,6
205,5.038823654270913,6.15124723746237,1.1124235831914575,10
206,5.467022244562572,3.9036325160842376,-1.5633897284783345,10
207,4.821342405747423,6.501059262217751,1.6797168564703284,9
208,4.695035080371777,4.892762234615817,0.1977271542440402,3
209,5.450362053907503,7.068185861746161,1.6178238078386586,4
210,4.668518613682308,3.4800069429571505,-1.1885116707251577,2
211,5.016634487964039,4.336459733848529,-0.6801747541155096,5
212,6.160570551730787,5.0,-1.1605705517307872,2
213,5.9532563554191915,6.0,0.046743644580808486,5
214,3.4672581586173004,5.445604203273597,1.978346044656297,4
215,2.6051017018894917,1.7781512503836436,-0.8269504515058481,5
216,3.7394279146700833,2.400537989391946,-1.3388899252781372,10
217,4.536456822414411,3.0,-1.5364568224144106,8
218,4.861146795209194,3.653212513775344,-1.2079342814338503,3
219,4.467099841773135,5.0,0.5329001582268651,9
220,5.4594806034485925,5.14921911265538,-0.31026149079321286,2
221,3.0251067535514617,4.101747073946366,1.0766403203949042,3
222,5.7844002601698765,6.2552725051033065,0.47087224493342994,5
223,5.397085961449674,6.361727836017593,0.9646418745679188,6
224,6.023473980954279,6.421603926869831,0.39812994591555206,5
225,6.408239180213894,6.176091259055681,-0.23214792115821226,9
226,6.258981825770523,6.113943352306837,-0.14503847346368648,2
227,6.389269739416383,6.313867220369153,-0.07540251904722961,5
228,6.09818788851758,6.544068044350276,0.4458801558326959,6
229,5.955648808516661,5.993876914941211,0.03822810642455021,9
230,6.272408037383831,6.544068044350276,0.271660006966445,10
231,6.064434745204583,6.187520720836463,0.12308597563187984,2
232,5.89126554104226,6.526985068559996,0.6357195275177361,6
233,6.430577998661526,6.1003705451175625,-0.33020745354396386,3
234,4.57362058702113,5.806179973983888,1.232559386962758,7
235,5.952333083423691,5.093421685162235,-0.8589113982614567,6
236,5.752438522740219,3.963787827345555,-1.7886506953946637,3
237,5.553489927634572,6.0751453270538525,0.5216553994192807,1
238,6.387193765431639,7.146128035678238,0.7589342702465993,6
239,6.628686316043324,4.792391689498253,-1.8362946265450715,2
240,6.6792724685325275,6.863322860120456,0.18405039158792835,1
241,6.2317722402195015,6.531478917042255,0.29970667682275387,10
242,6.31610549155308,4.472024697700282,-1.8440807938527985,5
243,5.781603054524469,5.315970345456917,-0.4656327090675516,4
244,6.024529245629986,6.266114049531676,0.24158480390168968,2
245,3.943673606258708,3.397940008672037,-0.5457335975866711,8
246,6.310615919869657,6.109915863023793,-0.20070005684586434,9
247,6.482672806987453,6.539076098792776,0.05640329180532344,1
248,7.041096476168207,6.342817314635733,-0.6982791615324739,6
249,3.633946195572678,2.0791812460476247,-1.5547649495250533,6
250,5.152662728500538,5.202352067809752,0.04968933930921349,7
251,6.3880140853068275,6.409764104266346,0.021750018959518336,1
252,6.371993351658454,6.477121254719663,0.10512790306120845,10
253,6.435785735651322,6.137926673293154,-0.2978590623581683,9
254,6.430577998661526,6.45071087814692,0.020132879485393218,3
255,6.426270098078,6.60422605308447,0.1779559550064702,7
256,6.450333970512238,6.187520720836463,-0.2628132496757756,5
257,6.365446773399732,6.278753600952829,-0.08669317244690333,8
258,6.452717791286464,6.518513939877887,0.06579614859142335,5
259,6.459421255150241,4.342422680822207,-2.1169985743280346,2
260,6.310232330266077,5.651762447380111,-0.6584698828859654,5
261,6.0044165644272605,6.301969226865995,0.29755266243873457,1
262,6.965267204531848,6.903089986991944,-0.06217721753990446,9
263,6.331275108347097,5.983175072037813,-0.3481000363092841,8
264,6.344431356051682,6.587710965018911,0.24327960896722978,7
265,6.368612937363989,6.5843312243675305,0.21571828700354168,3
266,5.529669448152901,5.229425847920695,-0.3002436002322053,3
267,5.920910583240619,6.136720567156407,0.2158099839157881,6
268,6.439015166881712,5.0,-1.4390151668817124,8
269,6.2690393864216,6.531478917042255,0.2624395306206555,10
270,6.0498040419283425,4.292256071356476,-1.7575479705718662,1
271,6.526397664565194,6.371067862271736,-0.15532980229345839,1
272,5.824190197407973,6.305351369446623,0.48116117203865016,5
273,6.427152220780041,6.477121254719663,0.04996903393962171,5
274,6.563741062563366,6.894105511777515,0.33036444921414887,2
275,5.292843917571645,6.477121254719663,1.1842773371480178,1
276,5.6168341043505094,6.530839778616521,0.9140056742660114,10
277,6.459450825043112,6.3979400086720375,-0.06151081637107492,3
278,6.486735399405726,5.681241237375588,-0.8054941620301381,7
279,6.384057795628928,6.173186268412274,-0.21087152721665436,9
280,6.241834982464671,6.5910646070265,0.34922962456182916,6
281,6.096195517112263,7.074450718954592,0.9782552018423294,6
282,6.186857237972252,6.486487153065907,0.29962991509365455,4
283,6.774340024054875,6.505149978319906,-0.26919004573496874,9
284,6.3236839463319,5.549003262025788,-0.7746806843061123,7
285,5.976252620191573,6.190331698170292,0.2140790779787185,4
286,6.392584810512304,6.196728722623287,-0.19585608788901698,3
287,6.520047994251434,4.968482948553935,-1.5515650456974992,3
288,6.063390084850847,6.568201724066995,0.5048116392161477,10
289,6.239575728426358,4.913813852383717,-1.325761876042641,1
290,6.462832719709595,6.207580514765431,-0.25525220494416345,4
291,6.509749083532407,6.225309281725863,-0.2844398018065437,4
292,5.697267882888857,6.491361693834273,0.7940938109454159,3
293,5.669217910637807,6.209515014542631,0.5402971039048241,9
294,6.474073872574286,6.230448921378274,-0.24362495119601224,4
295,6.258173742948683,6.361727836017593,0.10355409306890984,10
296,6.344254380405743,5.089905111439398,-1.2543492689663447,4
297,6.176457599833539,6.426511261364575,0.2500536615310356,2
298,6.032580348400266,6.095029796648452,0.0624494482481861,2
299,6.211816892360128,6.223080397831155,0.01126350547102728,5
300,6.079629071176715,6.456366033129043,0.37673696195232775,1
301,5.641509022978347,5.802773725291976,0.16126470231362866,8
302,5.569593565612352,6.3979400086720375,0.8283464430596856,6
303,5.995660148630288,5.603642280263075,-0.39201786836721286,1
304,5.96248685315993,6.20682587603185,0.24433902287191955,8
305,5.988570732807696,6.342422680822207,0.35385194801451103,6
306,5.250082067375681,6.301029995663981,1.0509479282883003,3
307,5.605057534497128,6.505149978319906,0.9000924438227784,6
308,5.7207999942305126,6.176091259055681,0.4552912648251688,4
309,6.093156157864306,7.1003705451175625,1.0072143872532564,3
310,5.774246053973862,5.836197480778925,0.061951426805063825,3
311,5.546569989715904,6.054708787938054,0.5081387982221504,5
312,6.115882485113745,6.477121254719663,0.36123876960591783,4
313,5.9130937832113615,6.133644275865875,0.22055049265451387,8
314,6.056563563436507,6.32221929473392,0.2656557312974135,5
315,6.046699958823762,5.880813592280791,-0.16588636654297062,10
316,5.33364132620016,6.477121254719663,1.1434799285195023,1
317,5.968877624802492,4.6020599913279625,-1.36681763347453,9
318,5.680146012394064,6.02530586526477,0.3451598528707063,5
319,5.287196620350879,5.477121254719663,0.1899246343687837,5
320,5.3794112524606925,6.505149978319906,1.1257387258592138,8
321,6.056563563436507,6.812913356642856,0.7563497932063488,5
322,5.633154825753612,5.17897694729317,-0.45417787846044266,3
323,5.919878567489079,5.365487984890899,-0.5543905825981792,4
324,4.917186559111433,6.15839265038712,1.2412060912756875,2
325,5.519651603657563,4.477121254719663,-1.0425303489379,5
326,6.069724680298329,4.453624073591451,-1.616100606706878,4
327,6.378990907618716,6.086359830674748,-0.2926310769439677,3
328,6.521212053119856,6.086359830674748,-0.4348522224451079,5
329,6.117892297166102,6.319314304090512,0.20142200692441037,6
330,6.210950416407245,6.477121254719663,0.2661708383124175,10
331,6.22933922487391,6.374198257929082,0.14485903305517223,2
332,5.890224934072158,6.3979400086720375,0.5077150745998793,2
333,5.953993767373262,5.187520720836463,-0.7664730465367997,4
334,5.654623759076612,5.528916700277655,-0.12570705879895705,6
335,5.72880427061253,6.568201724066995,0.839397453454465,8
336,5.484112643225224,5.0,-0.48411264322522385,5
337,5.037486465760322,6.079181246047625,1.041694780287303,10
338,5.879514818778867,4.814913181275074,-1.0646016375037934,7
339,5.708733561214336,5.08170727009735,-0.6270262911169864,1
340,5.584732306803374,6.384711742938283,0.7999794361349091,8
341,6.262518414179489,6.342422680822207,0.07990426664271766,4
342,6.380099309004474,5.671172842715083,-0.708926466289391,1
343,5.9238300103869825,6.278753600952829,0.3549235905658463,10
344,5.954887577723646,6.284656282788515,0.3297687050648692,2
345,5.916730933306675,6.3560258571931225,0.43929492388644764,9
346,5.263205477024245,5.671172842715083,0.4079673656908378,4
347,5.970694427151049,6.477121254719663,0.5064268275686139,7
348,5.801867511809019,5.0,-0.8018675118090188,4
349,5.788071276565915,5.852174904420303,0.06410362785438828,5
350,5.369246817623162,5.3979400086720375,0.02869319104887591,2
351,5.701078051837957,6.139879086401237,0.43880103456328,2
352,6.197495043477499,6.273487409697184,0.07599236621968508,2
353,6.264975711826817,6.320623955053538,0.05564824322672113,1
354,5.9348422703300985,6.6020599913279625,0.667217720997864,3
355,6.3035965366068005,6.337459261290656,0.033862724683855205,4
356,6.379645231417805,6.301029995663981,-0.07861523575382368,8
357,6.228839769054424,6.3979400086720375,0.1691002396176131,7
358,6.056188163468024,6.45484486000851,0.3986566965404865,3
359,6.773230999611908,8.146128035678238,1.3728970360663304,6
360,5.659335081237864,4.5820633629117085,-1.0772717183261555,4
361,5.623502444163779,6.272305844402086,0.6488034002383074,1
362,6.77298031021289,5.728256359248493,-1.0447239509643964,5
363,6.128099467184625,5.71717102683231,-0.4109284403523148,3
364,5.581482872649836,6.049218022670182,0.4677351500203457,5
365,5.072653607084533,6.396199347095736,1.3235457400112036,3
366,6.207735204545201,5.550228353055094,-0.6575068514901066,1
367,6.461696761310891,5.575072325713813,-0.8866244355970778,2
368,5.9337827024444545,6.100025730107863,0.16624302766340815,5
369,5.8945978105796915,4.860338006570994,-1.0342598040086974,8
370,6.494080491335087,6.489958479424835,-0.004122011910252077,4
371,5.937283147285521,6.3979400086720375,0.46065686138651607,2
372,5.59476800193207,6.3560258571931225,0.7612578552610527,7
373,5.8577773380571765,4.705863712283919,-1.1519136257732576,6
374,5.751944757896016,4.833147111912785,-0.918797645983231,1
375,6.0253979124479695,6.182671386675478,0.1572734742275088,4
376,6.055501439716218,6.262023704606317,0.20652226489009973,5
377,5.730208984205783,6.408239965311849,0.6780309811060663,4
378,6.350149268280478,6.5910646070265,0.24091533874602256,10
379,6.249544081434921,5.876217840591642,-0.37332624084327914,10
380,5.048569599093395,6.1041455505540085,1.0555759514606136,3
381,6.134272981820619,4.630122642859312,-1.5041503389613071,1
382,6.016998040816979,6.5910646070265,0.5740665662095212,1
383,6.16839235704038,5.978180516937414,-0.19021184010296643,2
384,6.118812156340411,6.32221929473392,0.20340713839350943,9
385,6.13808992462597,6.100025730107863,-0.03806419451810772,10
386,6.284453273636666,5.675778341674085,-0.6086749319625815,7
387,6.211950759114277,6.0,-0.21195075911427708,10
388,5.8963188274171445,6.431363764158987,0.5350449367418424,6
389,6.182692259997098,6.1525940779274695,-0.030098182069628443,7
390,6.595299147149205,6.732393759822968,0.13709461267376355,4
391,5.343938978015366,4.491361693834273,-0.852577284181093,10
392,4.5044917035751695,4.77901897191487,0.27452726833970065,10
393,5.497267372698828,6.556302500767287,1.0590351280684587,5
394,4.827831281685788,4.850033257689769,0.02220197600398066,3
395,6.090088551084483,6.278753600952829,0.1886650498683462,7
396,5.688469480297336,6.4623979978989565,0.7739285176016208,7
397,6.208282831210646,6.399154333958217,0.19087150274757114,10
398,5.928683605616712,6.3979400086720375,0.4692564030553257,2
399,6.413655957060889,5.880813592280791,-0.5328423647800973,8
400,5.865028430637596,5.892094602690481,0.02706617205288442,9
401,6.117316260969957,5.7160033436348,-0.40131291733515706,10
402,5.856815903957338,6.696836730575163,0.8400208266178248,9
403,5.470831791199574,5.530481449815745,0.059649658616170775,9
404,5.281626823887555,6.465828815357437,1.184201991469882,6
405,5.6401000371802565,6.5910646070265,0.9509645698462439,3
406,6.365340398054826,6.919078092376074,0.5537376943212475,10
407,5.992710082393706,6.301029995663981,0.3083199132702754,8
408,6.219987119763946,6.380211241711606,0.16022412194766034,1
409,6.349533238143102,6.204119982655925,-0.14541325548717676,5
410,6.098478612419688,6.301029995663981,0.2025513832442929,4
411,5.950019757554562,6.073105874968971,0.12308611741440867,1
412,5.21763353424482,6.2552725051033065,1.0376389708584863,7
413,6.075595005300101,6.32221929473392,0.24662428943381975,2
414,6.165141631869473,5.866287339084195,-0.2988542927852782,1
415,6.109209044013449,6.318063334962762,0.20885429094931318,1
416,6.109209044013449,6.368100851709351,0.25889180769590237,1
417,5.9837684620278715,6.378397900948138,0.3946294389202665,7
418,5.233610834574552,6.326130956710794,1.092520122136242,10
419,6.041491535765706,4.354108439147401,-1.687383096618305,4
420,5.922008708665934,6.396722278503773,0.4747135698378395,2
421,5.805708278969864,5.619093330626742,-0.18661494834312187,6
422,4.744044080789587,3.6989700043360174,-1.0450740764535698,1
423,5.713822487134777,5.766784515497859,0.052962028363081615,4
424,6.104545803869573,6.474755154291798,0.37020935042222547,5
425,5.456582919291477,5.643452676486188,0.1868697571947111,1
426,6.270301273397838,6.453318340047038,0.18301706664920037,2
427,5.933712561809162,4.764176132390331,-1.169536429418831,2
428,5.749115233929106,6.227115082589125,0.4779998486600192,4
429,6.185882859043876,6.039255443806487,-0.14662741523738898,2
430,5.674432264101043,6.079181246047625,0.4047489819465824,4
431,6.121879715069873,6.387211800313731,0.2653320852438572,8
432,6.160557604195539,5.575072325713813,-0.5854852784817259,1
433,5.931387283260299,6.539076098792776,0.6076888155324776,1
434,5.859502276053068,6.008600171761918,0.14909789570884957,6
435,6.131978757985769,6.113943352306837,-0.01803540567893247,4
436,5.881301886864766,6.222456336679247,0.3411544498144812,6
437,6.380605070249604,5.276461804173244,-1.1041432660763606,9
438,6.319385305013214,6.301029995663981,-0.018355309349233018,1
439,5.595984404100114,5.275103949569196,-0.3208804545309176,2
440,5.82227759271156,6.884795363948981,1.0625177712374203,5
441,5.932447794087551,6.849419413796899,0.916971619709348,9
442,6.484156070060163,6.7979596437371965,0.31380357367703393,5
443,6.08456140428583,7.505149978319906,1.4205885740340767,8
444,6.403099263805197,6.517723594833735,0.11462433102853797,7
445,6.217966375396111,6.6349808000512285,0.4170144246551173,6
446,6.537083657496763,6.6452748593294935,0.10819120183273068,6
447,5.651455560314695,6.270678836144707,0.6192232758300111,4
448,6.652052025524939,6.024895960107485,-0.627156065417454,6
449,6.458518444642582,7.385606273598312,0.92708782895573,7
450,6.597570340545593,6.284453294010853,-0.3131170465347397,1
451,6.581295728151671,6.501059262217751,-0.08023646593392009,2
452,6.2202044962083045,6.501059262217751,0.2808547660094467,9
453,6.46121776110003,6.7160033436348,0.2547855825347707,2
454,6.509468078771481,6.3979400086720375,-0.11152807009944343,7
455,6.3760347091337914,6.2716557723522754,-0.104378936781516,10
456,6.287557104676061,6.269512944217916,-0.018044160458145164,7
457,6.121251026819161,6.32221929473392,0.2009682679147593,6
458,6.334983768597245,5.337459261290656,-0.997524507306589,4
459,6.498759801817502,6.755874855672492,0.25711505385499045,10
460,6.555907420676608,6.596047007545439,0.04013958686883168,7
461,6.415583286402627,6.372912002970106,-0.04267128343252047,4
462,6.36326521967143,4.484299839346786,-1.8789653803246438,1
463,6.313258548250423,6.227886704613674,-0.08537184363674921,9
464,6.011587924978496,6.477121254719663,0.46553332974116657,2
465,5.839427130809273,6.079181246047625,0.23975411523835177,6
466,6.232942912060795,6.3979400086720375,0.16499709661124218,10
467,4.9778261439195965,4.742725131304698,-0.23510101261489869,5
468,6.180487360704212,6.278753600952829,0.09826624024861719,4
469,6.142310216435233,6.380211241711606,0.2379010252763738,9
470,6.29816520644883,5.4446692309385245,-0.8534959755103051,8
471,6.231263272041982,6.43695733066945,0.2056940586274676,1
472,6.420407474798326,6.063145637106638,-0.35726183769168784,9
473,6.307406016227208,6.442479769064448,0.13507375283723988,8
474,6.101087044996106,6.645324001562293,0.5442369565661869,10
475,6.190349737977802,5.373500477967874,-0.8168492600099277,7
476,6.067881357393287,6.477121254719663,0.40923989732637533,8
477,5.571058044799863,5.283301228703549,-0.287756816096314,4
478,5.0144387085692825,6.176091259055681,1.1616525504863988,3
479,5.901578800735438,6.57978359661681,0.6782047958813724,2
480,6.1074668018934455,5.845098040014257,-0.26236876187918856,6
481,5.149531948850245,5.62797998982998,0.4784480409797345,2
482,5.850141109897423,6.146128035678238,0.29598692578081476,2
483,5.800387048024965,6.528736777724652,0.728349729699687,1
484,6.107397010469543,6.32221929473392,0.21482228426437722,10
485,6.411412286392067,6.184691430817598,-0.22672085557446842,3
486,6.07865952724259,6.6020599913279625,0.5234004640853724,2
487,6.053036806977251,5.900312496983727,-0.15272430999352427,8
488,5.646545000849752,6.108226656374929,0.4616816555251768,9
489,6.130758479618994,6.385606273598312,0.25484779397931856,8
490,5.982033669727489,6.585460729508501,0.6034270597810121,3
491,6.031895625877452,6.271841606536499,0.23994598065904693,7
492,6.237430993774117,6.401572845676446,0.164141851902329,10
493,5.0236822107249575,3.724275869600789,-1.2994063411241683,1
494,5.556554071148238,6.176091259055681,0.6195371879074436,1
495,4.27507417882286,6.176091259055681,1.9010170802328217,1
496,6.071479711156808,6.301029995663981,0.22955028450717307,8
497,5.582826973632384,5.04688519083771,-0.5359417827946746,4
498,6.213159070122061,6.068185861746161,-0.1449732083758999,7
499,5.894033336746671,6.181843587944773,0.2878102511981018,7
500,5.97351137804282,6.32221929473392,0.3487079166911,4
501,6.242525587416994,6.855525212731306,0.6129996253143126,7
502,5.442849331219134,6.342422680822207,0.8995733496030729,10
503,6.452717791286464,6.447158031342219,-0.005559759944244291,5
504,6.509468078771481,6.491361693834273,-0.018106384937207842,7
505,5.897497040782325,6.32221929473392,0.4247222539515958,5
506,6.385455215621064,7.0,0.6145447843789356,2
507,6.038563954323396,6.357934847000454,0.31937089267705776,6
508,6.427506549531674,6.309757882316366,-0.11774866721530763,10
509,6.208723784648405,5.751510050270041,-0.45721373437836377,9
510,5.519267112830074,6.290034611362518,0.770767498532444,10
511,6.234172483022649,6.301029995663981,0.06685751264133266,8
512,6.279171277114021,6.073351702386901,-0.2058195747271201,8
513,6.150162971850322,6.057099097526547,-0.09306387432377505,2
514,6.210279399029192,6.186278103445368,-0.024001295583823357,3
515,6.209689329969238,6.301029995663981,0.09134066569474353,8
516,6.351012914666776,6.477555332198981,0.12654241753220496,4
517,5.6406562088278385,5.99563519459755,0.3549789857697112,8
518,5.814278810171309,6.204119982655925,0.3898411724846156,3
519,5.616583306945831,6.089905111439398,0.4733218044935672,6
520,5.909096390116597,5.043755126968679,-0.8653412631479176,10
521,5.690510202095487,6.394451680826216,0.7039414787307292,8
522,4.541430831714679,3.397940008672037,-1.1434908230426424,2
523,5.860915150146731,6.491361693834273,0.6304465436875422,6
524,5.738404677300329,5.078094150406411,-0.6603105268939178,9
525,6.001460644706984,5.12057393120585,-0.880886713501134,5
526,5.392884426198309,5.548757828573704,0.15587340237539493,1
527,5.5859206816869005,5.752048447819439,0.1661277661325382,2
528,5.439697602868101,5.698970004336019,0.25927240146791775,4
529,5.734712615377648,5.008600171761918,-0.7261124436157305,1
530,6.053841856712216,6.0,-0.053841856712216085,1
531,5.955092314955541,4.534026106056135,-1.421066208899406,5
532,5.49034946538189,6.164352855784437,0.6740033904025475,4
533,6.126040353118828,6.552668216112194,0.4266278629933655,6
534,5.455936418420543,6.423245873936808,0.9673094555162649,3
535,5.608598371865729,6.079181246047625,0.47058287418189604,2
536,5.700752198785658,6.9084850188786495,1.2077328200929918,5
537,6.052444554266926,6.913283901760418,0.8608393474934921,8
538,6.457103413619919,6.079181246047625,-0.3779221675722937,3
539,6.063921393903903,6.657055852857104,0.5931344589532008,7
540,5.838861343789884,4.615097451301758,-1.223763892488126,9
541,5.8527710716514605,6.962369335670021,1.1095982640185609,6
542,6.022765825924695,6.57978359661681,0.5570177706921156,5
543,6.176737331582543,5.959041392321094,-0.21769593926144903,1
544,6.020847555924328,6.079181246047625,0.058333690123297366,2
545,5.830572040273058,6.857332496431268,1.0267604561582102,6
546,5.921928717811024,7.012837224705172,1.0909085068941478,8
547,5.923268765376395,5.950364854376123,0.02709608899972782,5
548,5.79880565663887,7.727541257028556,1.928735600389686,2
549,6.418223784935807,7.176091259055681,0.7578674741198741,5
550,6.976417186479983,5.939758797292041,-1.0366583891879424,9
551,6.528511254189474,6.592176757395867,0.0636655032063933,1
552,5.635627762142413,5.136720567156407,-0.498907194986006,3
553,4.692294381923272,6.200303182981585,1.5080088010583133,5
554,4.4514298246698685,5.892094602690481,1.4406647780206123,3
555,5.6790564382356985,6.826074802700826,1.1470183644651275,2
556,6.4684550176823565,6.919078092376074,0.4506230746937172,9
557,5.745161822563355,5.8750612633917,0.12989944082834537,7
558,6.125452338690761,5.176091259055681,-0.9493610796350795,5
559,6.420199421442961,6.644044492814749,0.22384507137178833,8
560,3.912872531539154,2.7781512503836434,-1.1347212811555107,1
561,5.35334295154237,6.079181246047625,0.7258382945052553,1
562,3.766844100455527,3.0791812460476247,-0.6876628544079022,10
563,5.717520875041027,6.283301228703549,0.5657803536625226,10
564,5.171133184506489,6.2878017299302265,1.116668545423737,10
565,6.231240149270215,5.536937022704674,-0.6943031265655417,10
566,5.7705213016460055,6.301029995663981,0.5305086940179757,3
567,6.4211213509338005,6.472902651803664,0.05178130086986332,3
568,5.490149445590944,5.0,-0.4901494455909443,7
569,5.7377166619598805,6.531478917042255,0.7937622550823749,8
570,5.659948214982708,6.033423755486949,0.37347554050424137,1
571,5.287914115897324,3.662757831681574,-1.6251562842157505,4
572,5.892605452840061,6.260548372636979,0.36794291979691796,5
573,6.021787599180771,5.301029995663981,-0.7207576035167893,5
574,6.106513334414249,6.176091259055681,0.06957792464143253,8
575,5.678166324212858,5.4996870826184034,-0.17847924159445494,4
576,5.407923404092073,5.295127085252191,-0.11279631883988195,4
577,5.606799145062066,5.301029995663981,-0.30576914939808475,9
578,5.35918872648262,3.911690158753861,-1.4474985677287595,4
579,6.244181835537076,6.324282455297693,0.08010061976061689,5
580,5.384824146486034,5.72029163965499,0.33546749316895585,8
581,5.865181176588041,6.3670482644844935,0.5018670878964526,5
582,6.043192164254768,7.204119982655925,1.1609278184011567,1
583,6.325240224798466,6.012837224705172,-0.312403000093294,3
584,5.801859704002103,5.176091259055681,-0.6257684449464218,3
585,5.7169917186801396,6.278982116865443,0.5619903981853032,1
586,4.752918804825472,6.17897694729317,1.4260581424676975,9
587,4.88946776094345,4.329194415088451,-0.5602733458549993,7
588,5.376195062727183,6.002166061756507,0.6259709990293247,1
589,5.996220135672157,6.489395921727129,0.49317578605497214,3
590,5.043038890071729,5.0,-0.04303889007172934,1
591,4.989815909214404,5.0,0.010184090785595679,1
592,5.860786732946018,4.698970004336019,-1.161816728609999,10
593,5.630923309235316,5.294466226161593,-0.33645708307372235,7
594,5.664228932018081,5.477121254719663,-0.18710767729841837,5
595,5.995507518329819,6.1264561134318045,0.13094859510198553,7
596,6.160891761830165,5.0,-1.1608917618301646,3
597,5.586916680042899,4.02816441942447,-1.5587522606184292,4
598,6.39056045902441,7.079181246047625,0.6886207870232148,2
599,6.160518599363173,6.018650576891155,-0.14186802247201769,2
600,5.987157375274414,7.049218022670182,1.0620606473957679,10
601,5.792590233627545,6.556302500767287,0.7637122671397414,2
602,5.945481987681422,7.176091259055681,1.2306092713742594,1
603,5.295686109799892,5.615539749308947,0.31985363950905565,6
604,6.234173110110835,7.017450729510536,0.7832776193997004,7
605,5.552700464685141,3.838849090737255,-1.7138513739478856,5
606,5.691312570601801,6.278753600952829,0.5874410303510276,8
607,6.073149473988025,7.079181246047625,1.0060317720596004,4
608,5.365535164150273,5.181843587944773,-0.1836915762055007,9
609,5.205170750987203,5.181843587944773,-0.02332716304243032,6
610,5.095604461553594,4.340444114840119,-0.7551603467134749,3
611,4.487889751620671,3.403120521175818,-1.0847692304448526,2
612,5.866577974193269,4.991226075692495,-0.8753518985007736,10
613,5.74579661613993,6.342422680822207,0.596626064682277,4
614,5.5375745196283175,5.447158031342219,-0.09041648828609805,4
615,6.13744096568746,6.741151598851785,0.6037106331643258,4
616,5.311685841673056,6.350248018334163,1.0385621766611068,7
617,6.360079654766717,6.361727836017593,0.0016481812508759575,4
618,5.760157897654963,4.176091259055681,-1.5840666385992819,4
619,4.906718130714898,5.507855871695831,0.6011377409809331,3
620,6.1625222744035035,6.732393759822968,0.5698714854194646,2
621,6.097710498511219,4.130333768495007,-1.9673767300162117,2
622,6.184736301814336,6.290034611362518,0.10529830954818209,5
623,5.19544224846089,6.204119982655925,1.008677734195035,9
624,6.31077840582347,6.954242509439325,0.6434641036158553,5
625,6.417546839666335,7.079181246047625,0.6616344063812898,8
626,5.464663335478621,6.698970004336019,1.234306668857398,2
627,6.423704993415142,6.4623979978989565,0.03869300448381452,9
628,6.52121303171168,6.698970004336019,0.17775697262433887,2
629,5.561141843826074,6.334453751150931,0.7733119073248567,1
630,6.400749286637862,5.045322978786658,-1.3554263078512045,5
631,6.090744128472401,6.544068044350276,0.453323915877875,1
632,5.904086817063967,6.6020599913279625,0.6979731742639954,9
633,6.460471354627793,7.589949601325708,1.1294782466979152,8
634,6.352166294111725,6.942504106168081,0.5903378120563563,4
635,6.106513334414249,6.43569150818434,0.3291781737700914,8
636,6.097710498511219,7.079181246047625,0.981470747536406,2
637,6.360079654766717,6.838723190031372,0.47864353526465475,4
638,6.195908131298508,6.365487984890899,0.16957985359239114,5
639,6.1655206773561755,4.880813592280791,-1.2847070850753841,9
640,6.239250315620797,4.752355804153501,-1.4868945114672965,9
641,5.540838101623473,6.823545953567112,1.2827078519436386,9
642,5.786724295694178,6.12057393120585,0.33384963551167157,10
643,4.929815706380089,6.0,1.0701842936199109,2
644,6.0912160051789765,6.119317224092021,0.028101218913044512,6
645,6.087870903551489,5.903089986991944,-0.18478091655954554,9
646,6.077076309254126,6.69284691927723,0.6157706100231035,10
647,6.261313225544135,6.672097857935717,0.41078463239158225,10
648,5.0732198559705,6.980911937776844,1.9076920818063439,9
649,5.491285339955972,7.1003705451175625,1.6090852051615903,5
650,4.914076984817002,7.176091259055681,2.2620142742386795,3
651,5.7570863312087655,6.612783856719736,0.8556975255109709,3
652,5.858523151002784,6.886490725172482,1.0279675741696979,7
653,3.433498891152951,3.4727564493172123,0.03925755816426113,8
654,6.800063552708696,6.812913356642856,0.012849803934159354,3
655,6.6131488341162,7.0,0.3868511658838001,8
656,5.739685614989319,5.477121254719663,-0.2625643602696561,8
657,6.005864809280349,6.161368002234975,0.155503192954626,7
658,6.057233396589987,6.3979400086720375,0.3407066120820508,8
659,5.750517764320623,7.041392685158225,1.2908749208376022,9
660,6.1034984429446215,6.861534410859038,0.7580359679144166,2
661,6.195908131298508,4.740362689494244,-1.4555454418042642,5
662,5.783808734070362,4.698970004336019,-1.0848387297343436,7
663,5.499458746527247,6.113943352306837,0.6144846057795901,9
664,5.5708029725622605,5.7160033436348,0.1452003710725398,1
665,6.423383390055869,6.431363764158987,0.007980374103118137,5
666,6.41433300971323,6.414973347970818,0.0006403382575879135,6
667,6.230954041686896,6.146128035678238,-0.08482600600865808,7
668,5.796333804916423,6.531478917042255,0.7351451121258323,4
669,5.931715014320415,5.447158031342219,-0.48455698297819527,4
670,5.967533929440407,6.361727836017593,0.3941939065771862,2
671,5.0047115278700485,4.778151250383644,-0.22656027748640462,7
672,5.080893911888718,4.31722734917642,-0.7636665627122978,5
673,6.015966657686955,6.079181246047625,0.06321458836066984,6
674,5.621798327315318,5.954242509439325,0.33244418212400717,3
675,4.838678777126256,5.484769477716173,0.6460907005899177,7
676,5.39145066868476,6.045322978786658,0.6538723101018977,6
677,4.920202118775662,4.1476763242410986,-0.7725257945345634,2
678,5.4539755904765315,6.3979400086720375,0.943964418195506,3
679,6.287778501059199,6.556302500767287,0.26852399970808793,2
680,6.036083051209038,6.079181246047625,0.04309819483858668,2
681,5.234934603636217,6.079181246047625,0.8442466424114077,9
682,5.575411267658195,6.079181246047625,0.50376997838943,4
683,5.581621674114255,5.775464809345739,0.193843135231484,10
684,5.537689009726294,6.1068026275996505,0.5691136178733567,8
685,6.244736545737966,5.681241237375588,-0.5634953083623788,8
686,6.153510724531556,5.444825199509748,-0.7086855250218083,10
687,5.8878240461254014,6.301897717195208,0.41407367106980697,9
688,6.022140740879221,6.0,-0.022140740879221354,6
689,5.799835361508681,6.018284308426531,0.21844894691785033,8
690,5.982758191163718,5.949877704036875,-0.03288048712684333,8
691,6.619506513528641,6.0,-0.6195065135286413,5
692,6.18893293777257,6.161368002234975,-0.02756493553759487,4
693,6.198182807359279,5.049218022670182,-1.1489647846890971,4
694,6.044440595852367,6.011993114659257,-0.03244748119311058,2
695,5.99679534841353,6.315970345456917,0.3191749970433877,6
696,6.522189932255545,6.418301291319746,-0.10388864093579908,8
697,6.356823892462865,6.301029995663981,-0.05579389679888358,7
698,4.88973102048153,6.079181246047625,1.1894502255660955,9
699,6.2486306461435195,6.544068044350276,0.2954373982067562,10
700,6.429354860754527,6.176091259055681,-0.2532636016988459,3
701,6.435215171097407,6.342422680822207,-0.0927924902752002,3
702,6.254646708255756,6.57978359661681,0.3251368883610537,10
703,5.974157356681771,6.0,0.02584264331822883,8
704,6.2326572969428105,6.313593064521326,0.08093576757851562,4
705,6.275057158642865,6.079181246047625,-0.1958759125952403,2
706,6.052795936178461,5.623249290397901,-0.4295466457805599,1
707,5.977333480583958,6.033423755486949,0.05609027490299123,4
708,5.989652409147072,6.6020599913279625,0.6124075821808903,7
709,5.24212409792799,6.36005731412298,1.1179332161949906,9
710,6.198961007082355,6.26142703676955,0.0624660296871955,1
711,6.162713367727834,6.124634624019139,-0.03807874370869513,5
712,6.265950467398301,6.363611979892144,0.09766151249384336,5
713,6.148707645323503,5.707570176097937,-0.4411374692255663,7
714,6.202145093910978,6.32221929473392,0.12007420082294207,3
715,5.9196425147899525,6.600972895686748,0.6813303808967959,4
716,6.0562276328148466,5.9954289654317074,-0.060798667383139104,6
717,6.100467666305745,6.193124598354461,0.09265693204871628,7
718,6.093648337340338,5.45075702813707,-0.642891309203268,5
719,6.142223792946669,6.283301228703549,0.14107743575688048,10
720,6.003335089856977,4.380211241711606,-1.6231238481453705,1
721,6.287469029293876,6.230448921378274,-0.0570201079156023,4
722,5.958539415908139,6.278753600952829,0.3202141850446898,3
723,5.403599626445677,5.599883072073688,0.19628344562801026,7
724,4.863828985582302,4.153204900084284,-0.7106240854980177,1
725,5.506452500101628,7.498310553789601,1.9918580536879729,10
726,6.125149471773216,6.357934847000454,0.2327853752272384,8
727,5.6027833093279975,4.963787827345556,-0.6389954819824419,1
728,5.971437443093296,6.220108088040055,0.24867064494675883,7
729,5.700399233041904,7.4954055631461936,1.7950063301042896,10
730,5.66401865559746,6.096910013008056,0.4328913574105959,5
731,6.071621637925235,5.149834696715785,-0.9217869412094499,7
732,5.934799594621722,6.0,0.06520040537827843,7
733,5.847332570068637,5.939808685806208,0.0924761157375702,6
734,6.016345641874385,5.888179493918325,-0.12816614795606007,7
735,6.176603741904425,6.060697840353612,-0.11590590155081326,7
736,6.0662394440987875,5.814394112097142,-0.25184533200164516,1
737,6.04847074054457,6.060932673519882,0.012461932975312173,6
738,6.13889895773259,6.167317334748176,0.02841837701558525,7
739,6.6588339732407995,6.298853076409706,-0.35998089683109313,7
740,5.84887435020377,6.079181246047625,0.23030689584385478,8
741,5.848571418696449,5.663700925389648,-0.18487049330680083,3
742,5.267359858596651,6.004321373782642,0.7369615151859916,10
743,5.800097930204375,6.222716471147583,0.4226185409432084,3
744,5.718009869716078,6.079181246047625,0.36117137633154694,4
745,4.512311715977526,5.786751422145561,1.2744397061680353,5
746,5.8751153509225365,6.176091259055681,0.3009759081331449,6
747,5.983820530450336,6.079181246047625,0.09536071559728931,10
748,6.0069831372676905,5.995196291597179,-0.011786845670511248,9
749,5.899968474465287,6.079181246047625,0.17921277158233817,9
750,5.893457254227886,6.0,0.10654274577211442,7
751,5.923327491068604,6.015359755409214,0.0920322643406104,9
752,5.3062986446437055,5.5301996982030825,0.22390105355937706,2
753,5.818181219855082,6.0,0.18181878014491826,7
754,5.643464891876688,6.330413773349191,0.6869488814725031,2
755,5.975505191694021,5.607455023214668,-0.36805016847935246,4
756,5.920035759910563,6.103461622094705,0.18342586218414159,3
757,5.701240448055017,6.024731889655249,0.3234914416002317,3
758,5.900582938082846,4.711807229041191,-1.1887757090416553,8
759,6.079594678844229,5.824054205231849,-0.2555404736123803,4
760,5.552072627178409,6.301029995663981,0.7489573684855726,7
761,6.11221037649582,6.188647295999718,0.0764369195038972,8
762,6.134447189052488,6.977723605288848,0.8432764162363595,6
763,5.968246717375493,6.0,0.03175328262450705,10
764,6.1809274252193696,4.103803720955957,-2.0771237042634123,3
765,6.1146766736604805,6.720572720364261,0.6058960467037808,1
766,5.981898783612409,6.103803720955957,0.12190493734354835,10
767,6.083783007634807,6.0,-0.08378300763480695,4
768,5.9517790916988,6.0,0.04822090830120018,8
769,5.936870536833447,5.342422680822207,-0.5944478560112403,10
770,5.537757531020221,6.079181246047625,0.5414237150274044,6
771,6.088106067166225,6.278753600952829,0.1906475337866036,6
772,6.085100178934196,6.414973347970818,0.3298731690366221,2
773,6.105571977208387,5.77451696572855,-0.3310550114798376,8
774,5.705500978705743,6.377124042346456,0.6716230636407134,2
775,6.163379145939535,5.93801909747621,-0.22536004846332514,10
776,5.648975017790267,6.0,0.3510249822097329,10
777,5.534711232937232,6.332236415491443,0.7975251825542111,4
778,4.857578991937414,6.176091259055681,1.3185122671182672,6
779,5.93302750136672,6.165244326125311,0.2322168247585914,10
780,6.21253046568633,6.969415912353981,0.7568854466676518,2
781,5.974407807984424,6.447158031342219,0.4727502233577958,1
782,6.146992961441963,6.72916478969277,0.5821718282508064,1
783,6.448354372490128,6.3979400086720375,-0.05041436381809028,7
784,6.3459603455916325,6.4269989587565375,0.08103861316490502,8
785,6.4220648384032195,4.778151250383644,-1.6439135880195757,2
786,6.446177506479403,6.380211241711606,-0.06596626476779655,2
787,5.923734051358272,6.3979400086720375,0.4742059573137656,1
788,5.670532308760682,3.556302500767288,-2.1142298079933934,6
789,6.003766683445518,6.633468455579586,0.6297017721340685,8
790,6.086030710750088,6.243038048686294,0.15700733793620625,8
791,6.128455322567823,6.187520720836463,0.05906539826863977,10
792,5.459879139805402,6.176091259055681,0.7162121192502795,2
793,5.8351007282648375,4.770852011642144,-1.0642487166226937,5
794,6.302648322029357,6.3979400086720375,0.09529168664268006,10
795,6.1705787095564455,6.419955748489758,0.24937703893331253,9
796,5.618092714016356,6.819543935541868,1.2014512215255122,6
797,6.098028384037746,5.128399268717806,-0.9696291153199397,9
798,6.190922072596741,4.948070481518941,-1.2428515910778,2
799,6.316635442492767,6.4679039465228,0.15126850403003367,6
800,6.738627269003237,6.284656282788515,-0.45397098621472143,9
801,6.056431002336504,6.556302500767287,0.4998714984307826,8
802,5.497886352387706,4.858537197569639,-0.639349154818067,5
803,5.715102313814261,5.230448921378274,-0.4846533924359866,5
804,5.5891503263441065,4.728028954420519,-0.8611213719235877,10
805,5.7406071943761345,4.0,-1.7406071943761345,10
806,6.142301348564491,6.049218022670182,-0.0930833258943089,1
807,5.673709394281547,4.826074802700826,-0.8476345915807206,2
808,4.894586541783912,5.760422483423212,0.8658359416392996,3
809,4.48801857569978,4.041392685158225,-0.4466258905415543,1
810,5.574790133131508,5.00987563371216,-0.5649144994193476,5
811,5.818166296680064,5.02938377768521,-0.7887825189948545,1
812,5.092615653561932,5.544811911757776,0.4521962581958441,5
813,5.527766627161797,5.041392685158225,-0.48637394200357154,3
814,5.570217572929761,5.61066016308988,0.04044259016011864,7
815,5.100937535629905,5.045322978786658,-0.05561455684324734,10
816,5.032616252000128,4.0178677189635055,-1.0147485330366228,5
817,4.794222761480119,5.96189547366785,1.1676727121877306,1
818,3.8246172213240586,4.022428371185487,0.19781114986142878,2
819,5.603675428959802,4.468347330412158,-1.1353280985476442,1
820,6.047157366683167,5.748188027006201,-0.29896933967696615,1
821,4.864895192513149,4.389095173354185,-0.47580001915896375,9
822,4.850215655251763,4.17897694729317,-0.6712387079585929,8
823,5.802287803287736,5.781036938621132,-0.02125086466660342,7
824,5.058896966579279,4.0,-1.0588969665792787,6
825,5.869388791916272,4.812913356642856,-1.0564754352734163,7
826,5.366207008518851,5.68930885912362,0.32310185060476915,6
827,5.999424420584492,5.851258348719076,-0.14816607186541564,8
828,5.33900183494743,5.189209489582306,-0.14979234536512376,7
829,5.236035365204947,4.049218022670182,-1.1868173425347655,2
830,5.857244358104535,4.7160033436348,-1.1412410144697347,8
831,5.030159544930736,6.763427993562937,1.7332684486322005,10
832,5.846632751984229,3.832508912706236,-2.014123839277993,5
833,5.749915846747192,5.079181246047625,-0.6707346006995669,8
834,4.894586541783912,3.4771212547196626,-1.4174652870642497,3
835,5.057150751961996,5.285557309007774,0.22840655704577806,9
836,5.540483495636538,6.2552725051033065,0.7147890094667684,4
837,6.016793168890268,4.845098040014257,-1.171695128876011,8
838,5.5363371685744935,6.079181246047625,0.5428440774731316,5
839,4.313603390099814,4.4048337166199385,0.0912303265201242,4
840,6.009169009732239,4.79982283099332,-1.2093461787389188,10
841,5.326813147112593,6.698970004336019,1.372156857223426,4
842,4.746072681063744,3.494154594018443,-1.251918087045301,2
843,5.591342182525616,6.079181246047625,0.4878390635220091,3
844,5.87053834761412,4.017033339298781,-1.8535050083153397,1
845,4.7847797524924776,4.544068044350276,-0.24071170814220189,2
846,4.96928950097773,3.342422680822206,-1.626866820155524,1
847,3.4567934430786003,4.1027766148834415,0.6459831718048412,6
848,5.150032426069829,3.9190780923760737,-1.230954333693755,7
849,5.629834401884516,6.0,0.37016559811548433,6
850,5.57484702622226,5.7363965022766426,0.16154947605438252,7
851,5.435925686826798,4.562173863364649,-0.8737518234621495,8
852,5.557770391410347,4.445604203273597,-1.11216618813675,6
853,5.383641640913746,5.477121254719663,0.09347961380591663,8
854,5.715374743484172,5.064457989226918,-0.6509167542572536,9
855,5.518458935431387,7.176091259055681,1.657632323624294,4
856,6.098984287281719,6.041392685158225,-0.05759160212349368,10
857,6.24348217192367,5.541579243946581,-0.7019029279770894,6
858,5.357557474399528,4.994317152669637,-0.36324032172989096,6
859,5.663810377193444,5.079181246047625,-0.5846291311458192,3
860,4.862948044199817,4.54282542695918,-0.32012261724063773,10
861,5.515217458611768,6.477121254719663,0.9619037961078947,2
862,5.4362507812823235,5.571708831808688,0.13545805052636428,6
863,5.961854558006424,6.633468455579586,0.6716138975731623,10
864,6.3588177388208935,6.363047594521094,0.004229855700200069,4
865,4.460535146161463,4.212187604403958,-0.2483475417575045,2
866,4.832338125591036,4.972619339059624,0.14028121346858757,8
867,4.178963364877323,6.079181246047625,1.9002178811703025,5
868,4.480122190192404,5.073791642808014,0.5936694526156101,7
869,5.59149582779519,4.704853744566289,-0.8866420832289013,6
870,5.162104285034506,5.518513939877887,0.3564096548433815,10
871,4.245599786859153,4.953663063747091,0.7080632768879376,10
872,6.1457110869444405,4.792391689498253,-1.353319397446188,7
873,5.158021634750301,4.117271295655764,-1.0407503390945365,1
874,5.486894914521804,6.3979400086720375,0.9110450941502339,1
875,4.375734056834623,4.568201724066995,0.19246766723237219,7
876,5.260973659154118,4.357172257723033,-0.9038014014310845,8
877,5.548219770619398,5.089905111439398,-0.45831465918000003,9
878,5.135512296827111,4.683947130751513,-0.45156516607559816,10
879,5.640437502810536,5.903089986991944,0.26265248418140796,1
880,5.914837296314693,5.390122251506701,-0.5247150448079925,9
881,5.838818788655292,5.477121254719663,-0.3616975339356294,2
882,6.19752855706815,6.4623979978989565,0.26486944083080655,7
883,6.075369082844767,4.76789761601809,-1.3074714668266765,9
884,5.37632133103853,4.743509764728429,-0.6328115663101013,7
885,3.86203091282383,4.643452676486188,0.7814217636623577,7
886,5.1471762615288,5.811709026696192,0.664532765167392,4
887,5.061491922038546,4.887054378050957,-0.17443754398758937,4
888,4.902864634349529,3.857332496431269,-1.0455321379182596,3
889,3.7351717062225207,3.792391689498254,0.05721998327573319,1
890,3.896938060496953,3.763427993562937,-0.1335100669340159,7
891,4.511225784624187,3.544068044350276,-0.9671577402739113,10
892,4.034820339112112,3.9242792860618816,-0.11054105305022999,2
893,5.463120898715154,6.3979400086720375,0.9348191099568837,2
894,4.0824763448215595,4.382017042574868,0.2995406977533088,7
895,5.009486786211778,6.079181246047625,1.0696944598358469,8
896,5.323842928502347,5.658011396657113,0.33416846815476564,9
897,4.857890723602976,3.8790958795000727,-0.9787948441029033,10
898,4.6038880188150895,6.079181246047625,1.4752932272325356,2
899,4.386851289235982,4.495544337546448,0.10869304831046644,5
900,4.976006907159399,6.102135154272175,1.126128247112776,3
901,4.9433119332446225,5.176091259055681,0.23277932581105887,6
902,4.7856991381221565,3.462397997898956,-1.3233011402232004,8
903,5.3734939689912045,6.049218022670182,0.6757240536789775,3
904,4.404840830069323,4.303196057420489,-0.10164477264883409,3
905,4.474916033566503,3.6989700043360174,-0.7759460292304854,2
906,4.9671043671064155,4.817565369559781,-0.14953899754663436,4
907,4.544111726366156,5.505149978319906,0.9610382519537506,5
908,4.706238869207183,4.3979400086720375,-0.3082988605351451,7
909,5.191564026054957,4.721810615212546,-0.4697534108424106,6
910,4.033441852117155,4.505149978319906,0.47170812620275093,4
911,4.393255847832078,3.2380461031287955,-1.1552097447032827,8
912,4.359309899392711,4.5910646070265,0.23175470763378936,7
913,4.28328611672165,4.8221680793680175,0.5388819626463679,9
914,4.929815706380089,3.230448921378274,-1.699366785001815,2
915,4.467749860463688,2.6020599913279625,-1.8656898691357258,3
916,4.667955443398146,3.008600171761917,-1.6593552716362288,2
917,6.142434273611545,5.949390006644912,-0.19304426696663235,5
918,4.696958510778833,6.778151250383644,2.081192739604811,6
919,6.182308437930337,7.0,0.8176915620696628,7
920,6.086163783665508,5.331589240955137,-0.7545745427103707,8
921,4.7604129110495705,5.176091259055681,0.4156783480061108,2
922,6.372544630738453,6.170555058521209,-0.20198957221724445,5
923,5.247576419942528,6.146128035678238,0.8985516157357099,6
924,6.574096071645753,5.982271233039568,-0.5918248386061853,7
925,5.781820889660819,6.209246848753374,0.4274259590925542,3
926,6.257976925292813,5.750045312011768,-0.5079316132810456,4
927,6.55991848176519,5.401055725771844,-1.1588627559933462,8
928,6.379103253947726,6.419129307741976,0.04002605379425006,9
929,6.548415218364972,6.380211241711606,-0.1682039766533654,10
930,5.862701759011012,6.505149978319906,0.6424482193088945,3
931,5.6424982180514105,6.204119982655925,0.5616217646045145,6
932,5.983063537802846,4.939019776448666,-1.04404376135418,4
933,5.994803195569765,4.79309160017658,-1.201711595393185,7
934,5.386483060161297,6.32221929473392,0.935736234572623,7
935,6.403546562067433,6.382017042574868,-0.021529519492564653,8
936,6.266144273363902,6.366982975977851,0.10083870261394878,4
937,5.933683007641274,6.176091259055681,0.2424082514144077,2
938,5.361235899965421,6.535863520712453,1.1746276207470316,3
939,5.34228661132032,5.924279286061882,0.5819926747415618,3
940,6.047715224614494,6.062205808819713,0.01449058420521876,1
941,6.158514913759558,6.0,-0.15851491375955806,6
942,6.214861050114207,6.12057393120585,-0.09428711890835739,2
943,4.872348060692561,4.66661156841903,-0.2057364922735312,5
944,6.211530183344037,7.0178677189635055,0.8063375356194689,4
945,6.009270601745313,6.079181246047625,0.06991064430231209,7
946,5.708995331776353,6.567144045195657,0.858148713419304,5
947,6.194270029909726,5.414973347970818,-0.7792966819389076,7
948,6.3152524040422495,6.021189299069938,-0.29406310497231125,5
949,5.856045403292964,6.517195897949974,0.6611504946570097,4
950,6.026660200470962,5.934498451243568,-0.09216174922739384,2
951,5.72676432442933,6.32221929473392,0.5954549703045906,9
952,5.754134865203019,6.301029995663981,0.5468951304609622,6
953,5.638443613646896,6.531478917042255,0.8930353033953597,7
954,6.050396704915123,6.003115717099806,-0.04728098781531642,9
955,5.73117660812835,6.3979400086720375,0.6667634005436875,10
956,4.157791849369085,3.9242792860618816,-0.23351256330720327,9
957,4.965366370513905,4.597826770377936,-0.3675396001359692,10
958,4.869727609680549,3.42845877351558,-1.4412688361649688,7
959,6.067333676058465,6.4623979978989565,0.3950643218404917,8
960,5.999299338061485,6.898664858722267,0.8993655206607816,10
961,5.587822780575579,5.847276448275631,0.2594536677000514,8
962,5.636067052547123,5.44178936653435,-0.1942776860127724,1
963,6.020847555924328,4.530839778616521,-1.4900077773078069,2
964,5.468885673459768,6.607455023214668,1.1385693497549,4
965,6.021787599180771,4.440909082065217,-1.5808785171155533,5
966,6.218447307040727,5.596597095626461,-0.6218502114142668,6
967,5.425552121102347,4.275080898456858,-1.1504712226454892,7
968,5.709486315779101,5.110589710299249,-0.5988966054798519,6
969,6.2048610444214685,5.041392685158225,-1.163468359263243,7
970,6.038293839105404,7.0,0.9617061608945958,7
971,6.020767134801556,5.998808399880894,-0.021958734920661804,8
972,5.9375744694390455,7.602059991327962,1.664485521888916,9
973,6.468547044650971,5.653212513775344,-0.815334530875627,5
974,5.394610242081043,5.0,-0.39461024208104334,6
975,5.69892782813643,4.661812685537261,-1.037115142599169,10
976,5.940358428900077,6.7160033436348,0.7756449147347233,5
977,5.864262971809866,6.939519252618618,1.0752562808087518,7
978,5.307575986901639,4.249027052547187,-1.0585489343544516,1
979,3.807630883049198,1.6334684555795864,-2.1741624274696116,4
980,3.6612888531965995,2.182300499593339,-1.4789883536032606,8
981,5.6888950832256375,4.008600171761918,-1.6802949114637196,9
982,5.863450926557244,5.400710636773232,-0.46274028978401205,5
983,5.979568824753632,6.078819183098848,0.09925035834521623,2
984,5.956774306829073,4.736149402104994,-1.2206249047240787,4
985,5.69748269753414,6.0,0.3025173024658603,4
986,5.21385968296943,4.821840927200454,-0.3920187557689756,2
987,5.478512129772134,5.648360010980932,0.16984788120879823,4
988,6.011831606106116,6.3979400086720375,0.38610840256592116,5
989,6.002770251459413,7.217483944213907,1.2147136927544935,6
990,5.985453420250931,5.050147658020303,-0.9353057622306276,3
991,4.021303128136602,3.959041392321093,-0.06226173581550931,8
992,4.713986845680637,6.477121254719663,1.7631344090390257,8
993,6.202707095102681,7.544068044350276,1.341360949247595,3
994,4.99797380130765,6.079181246047625,1.0812074447399755,5
995,5.421067051740138,6.146128035678238,0.7250609839380999,10
996,5.03828329509555,5.146128035678238,0.10784474058268856,8
997,5.3856684025028825,5.534026106056135,0.14835770355325284,4
998,5.978042439626577,7.434568904034199,1.456526464407622,3
999,5.502956984527141,5.826074802700826,0.3231178181736851,6
1000,5.706407713244662,6.401400540781544,0.6949928275368817,2
1001,5.443685113492501,6.079181246047625,0.635496132555124,2
1002,5.740779950456237,5.021189299069938,-0.7195906513862989,8
1003,5.3751416257121925,5.604118006192035,0.2289763804798426,8
1004,5.747257538549433,4.124504224834283,-1.6227533137151502,3
1005,5.023251866904642,3.5575072019056577,-1.4657446649989847,5
1006,5.4257494129222374,2.9542425094393248,-2.4715069034829127,6
1007,4.536735638297418,3.942008053022313,-0.5947275852751046,5
1008,5.714829329513866,3.5118833609788744,-2.2029459685349915,8
1009,5.195746334090784,6.621974524899735,1.426228190808951,6
1010,5.696285044214831,5.423360578084977,-0.27292446612985444,3
1011,5.414072769788271,5.6776069527204935,0.2635341829322222,8
1012,5.770491992612689,6.0,0.22950800738731125,9
1013,5.488436795645842,6.146128035678238,0.6576912400323964,1
1014,5.773926093866774,6.161846959528519,0.38792086566174433,9
1015,6.008600102797091,6.079181246047625,0.07058114325053388,8
1016,4.664624655778457,3.103803720955957,-1.5608209348225004,10
1017,6.074430705239935,7.244277120801843,1.1698464155619073,10
1018,5.891521486544217,7.08278537031645,1.1912638837722325,2
1019,6.0048816913979834,6.133538908370218,0.12865721697223442,8
1020,5.601929519517174,6.778151250383644,1.1762217308664695,10
1021,6.074430705239935,7.57978359661681,1.5053528913768748,10
1022,5.965970282015064,5.27415784926368,-0.6918124327513846,3
1023,5.8713027121402925,5.342422680822207,-0.5288800313180859,4
1024,5.372152600210671,5.826074802700826,0.4539222024901548,7
1025,5.816817624642911,4.359835482339888,-1.4569821423030227,10
1026,5.805848491317322,6.763427993562937,0.9575795022456148,1
1027,5.706899783688283,5.832508912706237,0.1256091290179535,4
1028,4.812315002072435,3.871164132802949,-0.9411508692694857,10
1029,5.194307055786916,5.426023015689876,0.23171595990296012,5
1030,5.701595026722165,8.229681842317676,2.528086815595511,7
1031,5.701595026722165,8.229681842317676,2.528086815595511,7
1032,5.86138472732127,8.414973347970818,2.553588620649548,7
1033,4.693893613197737,4.515343893088381,-0.17854972010935644,5
1034,3.1544446680243796,1.6989700043360187,-1.4554746636883609,3
1035,4.75306892970154,4.431363764158987,-0.3217051655425527,7
1036,5.500903466338158,5.406540180433956,-0.09436328590420207,2
1037,5.70275990477401,6.400365273349939,0.6976053685759291,3
1038,5.176338222370392,6.301029995663981,1.1246917732935895,10
1039,4.886093583369377,4.845098040014257,-0.04099554335511968,8
1040,5.2158133733769825,3.845098040014257,-1.3707153333627256,4
1041,4.71534860966872,4.845098040014257,0.12974943034553732,4
1042,5.082222193049995,6.707570176097937,1.6253479830479414,7
1043,4.709654417792976,6.386677283960838,1.677022866167862,1
1044,5.46354392758622,5.664641975556125,0.20109804796990538,10
1045,5.272133477959892,4.342225229360791,-0.9299082485991015,9
1046,4.935895505931783,5.672097857935717,0.736202352003934,2
1047,3.6519426821807657,3.083502619830268,-0.5684400623504975,5
1048,4.387644134130614,3.3014640731433,-1.086180060987314,7
1049,5.787832239357983,5.987634987448437,0.19980274809045362,2
1050,6.102446189350111,6.506505032404872,0.40405884305476114,1
1051,6.095512686175218,6.068185861746161,-0.027326824429056984,10
1052,5.853690880171366,5.509202522331103,-0.3444883578402633,7
1053,5.749384209157444,5.673020907128897,-0.07636330202854769,5
1054,5.9237061518387435,5.892094602690481,-0.031611549148262696,6
1055,6.035042084521536,5.673020907128897,-0.3620211773926396,6
1056,5.824969969886216,6.207095540419218,0.38212557053300156,10
1057,5.621008116752953,4.176091259055681,-1.4449168576972715,4
1058,6.221182259372773,5.146128035678238,-1.0750542236945346,4
1059,5.790679617529556,6.533517862016968,0.7428382444874115,9
1060,5.511573795985689,4.4623979978989565,-1.0491757980867327,9
1061,6.273042383115218,5.0,-1.273042383115218,3
1062,6.260579190305864,6.152288344383057,-0.10829084592280758,8
1063,5.762128595633431,5.238522812218293,-0.523605783415138,6
1064,5.671553237155357,5.639486489268586,-0.03206674788677066,10
1065,5.971437443093296,5.672097857935717,-0.2993395851575791,7
1066,5.904806824106948,6.176091259055681,0.27128443494873355,8
1067,5.4039474736008595,5.774838005983815,0.37089053238295566,6
1068,5.683036706590602,4.681241237375588,-1.001795469215014,2
1069,5.860038491654458,4.017033339298781,-1.8430051523556772,8
1070,5.541250241177533,6.123165370902919,0.5819151297253864,8
1071,5.79838444403409,6.835500327867319,1.0371158838332288,10
1072,5.912698654530926,6.078819183098848,0.16612052856792214,8
1073,4.805213319992078,3.633468455579586,-1.1717448644124921,5
1074,5.402797316432483,6.278753600952829,0.8759562845203455,6
1075,5.642056961481128,3.819872821950546,-1.8221841395305818,1
1076,5.764596162549905,6.32221929473392,0.5576231321840153,10
1077,5.857926085141533,5.737272176535544,-0.12065390860598857,8
1078,5.809187001346718,3.886490725172482,-1.922696276174236,1
1079,4.956869608290624,5.797267540830717,0.8403979325400925,6
1080,5.8414361562909125,5.371067862271736,-0.4703682940191767,6
1081,5.6247829285706,5.647715410691554,0.022932482120954667,8
1082,5.932550033748564,4.872738827472669,-1.0598112062758949,10
1083,5.830850669518899,7.332438459915605,1.501587790396706,4
1084,4.214961237224914,3.096910013008056,-1.1180512242168583,6
1085,6.128874546891832,5.146128035678238,-0.9827465112135938,6
1086,5.700399233041904,7.4271224218663345,1.7267231888244305,10
1087,5.7821477693438545,5.0,-0.7821477693438545,2
1088,5.869386549783566,7.860936620700094,1.991550070916528,6
1089,5.792419129203065,5.174931593528442,-0.6174875356746226,3
1090,6.409414590945016,8.09642333059527,1.6870087396502536,5
1091,5.978366399501978,6.021189299069938,0.042822899567960704,4
1092,5.322312150108404,5.729326809646861,0.40701465953845695,8
1093,5.3966795092212525,5.346352974450639,-0.05032653477061366,5
1094,5.829560169137001,5.149527013754348,-0.6800331553826533,4
1095,5.336218303878045,5.2552725051033065,-0.08094579877473862,10
1096,5.828162704433836,6.176091259055681,0.3479285546218449,3
1097,5.2650863389336955,5.301029995663981,0.03594365673028577,7
1098,3.5853374030442238,2.6989700043360187,-0.886367398708205,7
1099,1.6897901557322408,3.0791812460476247,1.3893910903153839,8
1100,4.158521926845496,2.615529223637133,-1.542992703208363,6
1101,4.208034587633362,2.650501794878367,-1.5575327927549951,5
1102,3.6854696473662485,2.630427875025024,-1.0550417723412244,3
1103,4.372925380905801,3.556302500767288,-0.8166228801385125,1
1104,3.152337762643378,2.9912260756924947,-0.1611116869508833,10
1105,3.789125432505955,2.9474337218870508,-0.8416917106189041,3
1106,3.0342798160904088,3.4885507165004443,0.4542709004100356,6
1107,4.160443003589019,3.510545010206612,-0.6498979933824067,4
1108,3.8968563007237895,2.419955748489758,-1.4769005522340315,4
1109,5.493506869298927,5.278753600952829,-0.2147532683460982,9
1110,5.684191246602475,6.004321373782642,0.32013012718016753,4
1111,5.478512129772134,6.176091259055681,0.6975791292835476,4
1112,5.241556520282117,5.008600171761918,-0.23295634852019909,4
1113,5.943454489833341,5.819543935541868,-0.12391055429147269,1
1114,5.732237908936904,5.600972895686748,-0.1312650132501556,1
1115,5.845042582917513,6.4623979978989565,0.6173554149814438,8
1116,3.4439395131524164,2.886490725172482,-0.5574487879799346,3
1117,6.3304756945353216,6.3979400086720375,0.06746431413671594,7
1118,6.117486209419558,6.3979400086720375,0.2804537992524798,7
1119,6.204155789617193,6.246498580795801,0.04234279117860762,8
1120,6.0682201718284645,5.286613631657004,-0.7816065401714605,4
1121,5.830104096438742,6.079181246047625,0.24907714960888327,5
1122,4.781013935896752,3.886490725172482,-0.89452321072427,9
1123,5.473793779229847,5.698970004336019,0.2251762251061722,10
1124,5.710965533996276,5.704150516839799,-0.0068150171564775874,5
1125,5.494163788072373,5.260071387985075,-0.23409240008729792,2
1126,5.9502393360689805,5.738066714777469,-0.21217262129151138,10
1127,6.004149656409956,6.146128035678238,0.1419783792682825,8
1128,5.193026133730722,4.477121254719663,-0.7159048790110596,7
1129,5.817582520537674,6.278753600952829,0.46117108041515475,10
1130,6.2916782306870855,6.365487984890899,0.07380975420381386,10
1131,6.0127947040887575,6.447158031342219,0.43436332725346194,6
1132,5.923021880891527,6.0,0.07697811910847285,3
1133,5.832000823218668,6.3979400086720375,0.5659391854533693,4
1134,4.58011780107587,5.938919812244772,1.358802011168902,1
1135,5.887957722002266,5.484299839346786,-0.4036578826554802,9
1136,6.027089562895657,7.301029995663981,1.273940432768324,9
1137,5.811409375317414,5.954242509439325,0.14283313412191134,5
1138,5.592348761900331,6.6020599913279625,1.0097112294276318,1
1139,5.9035704541799445,6.972202838379064,1.0686323841991197,8
1140,5.844974925149688,6.301029995663981,0.45605507051429317,7
1141,6.057493473315475,6.248267603534647,0.19077413021917256,8
1142,6.129150013015844,6.380211241711606,0.25106122869576275,1
1143,5.998075368521465,6.301029995663981,0.3029546271425163,9
1144,6.07307121258742,6.32221929473392,0.2491480821465002,3
1145,6.262959551637428,6.380211241711606,0.11725169007417868,3
1146,6.150162971850322,6.380211241711606,0.23004826986128446,2
1147,6.278458680373575,5.603198520676098,-0.6752601596974772,9
1148,6.211408059504644,6.32221929473392,0.11081123522927605,8
1149,5.866813247761117,6.017033339298781,0.1502200915376637,4
1150,6.190091825465105,6.197831693328903,0.007739867863797656,8
1151,6.120935238503571,6.171480722621874,0.050545484118303285,1
1152,6.267329993236912,7.105510184769974,0.8381801915330618,10
1153,5.963506143370255,6.373095987078727,0.4095898437084724,9
1154,5.804156320731708,5.419955748489758,-0.3842005722419497,10
1155,6.286124782612667,6.332438459915605,0.046313677302937784,2
1156,5.924145072611877,6.079181246047625,0.15503617343574838,2
1157,6.134862063072593,5.124830149413859,-1.0100319136587341,1
1158,6.132806695383304,6.486146996806573,0.3533403014232688,9
1159,6.418831780234665,6.174931593528442,-0.24390018670622293,2
1160,6.690640305403745,5.886490725172482,-0.8041495802312628,2
1161,5.1499420793876745,5.725911632295048,0.5759695529073738,7
1162,6.604790907886334,5.413132050434872,-1.1916588574514613,10
1163,6.505440698202296,7.292256071356476,0.7868153731541803,1
1164,6.438186133696287,6.698970004336019,0.26078387063973185,3
1165,6.216318502766787,7.519827993775719,1.3035094910089322,6
1166,6.842818493332105,7.188037055006895,0.34521856167478937,8
1167,6.833466636610234,8.071882007306126,1.2384153706958916,4
1168,5.574286508933024,5.982271233039568,0.4079847241065444,6
1169,6.769551110948836,6.973127853599698,0.20357674265086256,2
1170,6.55067490496947,6.077731179652392,-0.4729437253170783,3
1171,6.451432432193477,6.3979400086720375,-0.05349242352143957,9
1172,6.528511254189474,7.294466226161593,0.7659549719721195,1
1173,6.458488136057683,7.333648756514701,0.8751606204570175,2
1174,6.700026011904997,7.793755472155577,1.0937294602505796,5
1175,6.791454735488244,6.087071205906535,-0.7043835295817091,1
1176,6.700026011904997,6.0,-0.7000260119049972,5
1177,6.605478776932469,6.544068044350276,-0.06141073258219354,4
1178,7.283386827443353,7.845098040014257,0.5617112125709038,1
1179,6.186192303767359,7.301029995663981,1.1148376918966223,1
1180,5.581831828451375,6.975431808509263,1.3935999800578873,10
1181,6.4587324410358615,6.184691430817598,-0.2740410102182631,4
1182,5.630657243953603,6.281033367247727,0.6503761232941239,2
1183,5.874326743398459,5.012837224705172,-0.8614895186932872,9
1184,6.4100084146808705,7.735997884091794,1.3259894694109233,10
1185,6.538310647385065,5.301029995663981,-1.2372806517210835,1
1186,6.12974915964616,6.618633737597086,0.4888845779509259,9
1187,6.591649065304402,7.665017825412472,1.0733687601080701,3
1188,6.7645247067516525,6.361727836017593,-0.40279687073405945,3
1189,6.652349019904209,6.886490725172482,0.23414170526827327,5
1190,6.5305175621905125,7.477121254719663,0.9466036925291501,4
1191,5.874097257941714,6.079181246047625,0.205083988105911,2
1192,6.422260181058807,6.744918542441353,0.32265836138254667,2
1193,6.800063552708696,5.2455126678141495,-1.5545508848945468,3
1194,6.681587818288251,6.698970004336019,0.017382186047767867,9
1195,6.301963285337663,7.174234304941022,0.8722710196033594,8
1196,6.334710150066588,6.047140468477217,-0.28756968158937113,7
1197,6.0698799851988365,5.628388930050312,-0.44149105514852494,1
1198,6.2139648749495775,7.204119982655925,0.9901551077063475,7
1199,6.309626981172013,6.900312496983727,0.5906855158117139,8
1200,5.3138883654311435,6.0,0.6861116345688565,2
1201,5.51437842617717,4.041392685158225,-1.4729857410189444,6
1202,6.419063239183644,5.352240420182231,-1.0668228190014126,6
1203,6.18258955981471,6.0,-0.18258955981471026,5
1204,6.302443853315018,6.3807537708039,0.07830991748888216,3
1205,5.579362243462224,6.07700432679335,0.4976420833311259,4
1206,5.960802472519723,6.252124552505644,0.2913220799859211,4
1207,5.924616614550982,6.006037954997317,0.08142134044633487,9
1208,6.009753257873411,5.913018683747961,-0.09673457412545083,6
1209,5.925476357600289,5.742725131304698,-0.18275122629559082,5
1210,5.860371197378965,4.845098040014257,-1.0152731573647085,6
1211,6.163890254558887,5.857030798272624,-0.3068594562862632,2
1212,5.763087326396335,6.078094150406411,0.3150068240100756,6
1213,5.954634813853928,6.382233234970556,0.4275984211166284,8
1214,5.895031699174499,6.093421685162235,0.1983899859877356,8
1215,5.92764124023296,5.78625439578978,-0.14138684444318006,10
1216,5.717964620025599,5.963787827345556,0.24582320731995644,7
1217,5.478472371175534,6.093421685162235,0.6149493139867008,4
1218,5.76659115997757,4.88309335857569,-0.8834978014018802,9
1219,5.6121410786422565,5.123851640967086,-0.48828943767517075,8
1220,6.23013557488075,6.176091259055681,-0.05404431582506852,5
1221,5.486895430439768,3.3010299956639813,-2.1858654347757867,4
1222,6.068617236913641,6.392978186542541,0.3243609496288995,5
1223,6.382193419403309,6.463445031770428,0.08125161236711875,8
1224,6.120660583366294,5.0,-1.120660583366294,9
1225,5.753754171401053,6.544068044350276,0.7903138729492225,3
1226,6.279655584836294,6.75427186868346,0.47461628384716636,2
1227,6.1622571752262125,6.152288344383057,-0.009968830843155807,2
1228,5.643975700505276,6.079181246047625,0.4352055455423489,1
1229,5.975025543617596,6.544068044350276,0.5690425007326798,3
1230,6.181317310879879,5.850033257689769,-0.33128405319011023,1
1231,6.246219292001182,5.187520720836463,-1.0586985711647197,7
1232,6.399199273501127,6.432327792261604,0.033128518760476844,1
1233,6.336394068941248,6.776701183988411,0.4403071150471636,6
1234,6.0886136243821785,5.02938377768521,-1.0592298466969687,7
1235,5.9384054936211825,6.360404054729939,0.4219985611087562,7
1236,6.046426702030308,6.176091259055681,0.12966455702537338,2
1237,5.908714647962364,5.787318756624548,-0.1213958913378157,4
1238,5.866404524512875,3.89209460269048,-1.9743099218223952,10
1239,4.842179338105102,4.096910013008056,-0.7452693250970457,6
1240,5.03846637269661,3.404833716619938,-1.633632656076672,6
1241,5.393077031892573,5.816506437046357,0.4234294051537839,10
1242,5.4664570849688845,4.968482948553935,-0.4979741364149497,7
1243,4.434488145891276,3.833147111912785,-0.6013410339784908,8
1244,5.466582262054591,6.146128035678238,0.679545773623647,1
1245,4.416046317875819,4.008600171761918,-0.40744614611390073,3
1246,5.138048226341725,4.0,-1.1380482263417253,5
1247,5.241429731370987,4.089905111439398,-1.151524619931589,5
1248,5.448862529795012,3.770852011642144,-1.6780105181528686,9
1249,4.940094105754772,3.6020599913279625,-1.3380341144268098,1
1250,3.995630639251598,3.869231719730976,-0.12639891952062232,9
1251,4.158090562567554,3.206825876031849,-0.9512646865357048,6
1252,4.204404463083969,3.589949601325708,-0.6144548617582606,6
1253,4.44520530510382,2.903089986991944,-1.5421153181118759,4
1254,4.513169116462127,4.167317334748176,-0.34585178171395103,9
1255,4.6791885224466565,4.035829825252828,-0.6433586971938281,2
1256,5.862698490306032,6.024046225131059,0.16134773482502673,9
1257,5.109112458225833,5.247973266361806,0.13886080813597346,9
1258,5.694685298530545,6.491361693834273,0.7966763953037281,6
1259,5.975060931129445,4.833147111912785,-1.1419138192166596,4
1260,5.810018744163316,6.334453751150931,0.5244350069876145,6
1261,6.005609952047247,7.708420900134713,1.7028109480874658,6
1262,5.881570410639708,4.698970004336019,-1.1826004063036892,7
1263,5.878897876700878,6.32221929473392,0.44332141803304204,3
1264,5.201976375437741,6.2812606870550125,1.079284311617272,10
1265,5.92552161719312,6.230448921378274,0.3049273041851537,3
1266,5.910730215498693,5.0,-0.9107302154986927,9
1267,5.951937859053916,4.26150077319828,-1.6904370858556357,10
1268,6.064943607051149,7.077222510411053,1.0122789033599036,5
1269,6.367223941318997,7.05865374157237,0.6914298002533732,3
1270,5.437284158994542,5.0,-0.437284158994542,3
1271,4.791087361582508,3.709269960975831,-1.0818174006066772,5
1272,5.371293774144413,3.431363764158988,-1.9399300099854253,3
1273,4.840563434058896,5.0,0.1594365659411041,7
1274,5.615610272536433,6.079181246047625,0.46357097351119236,3
1275,4.685404413693418,3.770852011642144,-0.9145524020512745,10
1276,5.920035759910563,6.383653821462558,0.4636180615519949,3
1277,6.229675645534703,6.281941933440825,0.052266287906121534,5
1278,6.053717292206013,4.152288344383057,-1.9014289478229562,1
1279,5.110779818377426,6.176091259055681,1.0653114406782551,8
1280,5.754184750578524,4.195899652409234,-1.5582850981692902,2
1281,4.541244628521758,3.3010299956639813,-1.2402146328577768,6
1282,6.0834363076350195,6.079181246047625,-0.004255061587394415,9
1283,5.394090471478485,5.311753861055754,-0.08233661042273077,4
1284,5.137526051442661,5.041392685158225,-0.0961333662844357,3
1285,5.663699864785224,4.41161970596323,-1.252080158821994,1
1286,6.07597311338522,4.249198357391113,-1.8267747559941068,6
1287,5.8954012475962285,5.17897694729317,-0.7164243003030588,3
1288,5.729858583985208,6.119915410257991,0.39005682627278304,1
1289,4.827887769481592,6.0,1.1721122305184082,5
1290,5.424973131095159,3.824125833916549,-1.60084729717861,8
1291,5.499086518372982,3.740362689494244,-1.758723828878738,9
1292,5.048568845169399,3.146128035678238,-1.9024408094911607,1
1293,6.075716131273581,5.380211241711606,-0.6955048895619749,8
1294,5.112486141123221,5.271841606536499,0.1593554654132774,10
1295,6.388933756727854,5.365487984890899,-1.023445771836955,4
1296,6.456928152783143,6.778874472002739,0.32194631921959616,3
1297,6.425036030331298,5.880813592280791,-0.5442224380505065,10
1298,6.29409439273339,6.3979400086720375,0.10384561593864738,6
1299,6.188900040031719,6.377563035549853,0.18866299551813448,1
1300,6.282434244227936,5.518513939877887,-0.7639203043500489,9
1301,6.1651412470934455,4.698970004336019,-1.4661712427574267,7
1302,6.027988130860529,5.949390006644912,-0.07859812421561685,1
1303,6.347049843082154,6.247924190766308,-0.09912565231584569,6
1304,5.871170733613573,7.602059991327962,1.7308892577143888,8
1305,6.078568303938027,5.553883026643875,-0.5246852772941528,4
1306,6.027089562895657,6.278753600952829,0.2516640380571715,9
1307,6.652349019904209,6.445311461756064,-0.20703755814814517,5
1308,5.93048673317484,5.622214022966295,-0.30827271020854496,3
1309,6.343206656369189,6.201397124320452,-0.14180953204873692,4
1310,5.276381221941916,6.176091259055681,0.8997100371137652,8
1311,5.880640789486726,5.927370363039024,0.04672957355229812,3
1312,5.835876823657233,6.079181246047625,0.24330442239039218,7
1313,6.1391674746367,6.2405492482826,0.10138177364590018,6
1314,6.0086062486024225,5.891147030448771,-0.11745921815365179,6
1315,5.7765300038371725,6.0,0.22346999616282748,6
1316,6.087374768329238,5.847572659142112,-0.23980210918712608,4
1317,6.067796644482983,5.931966114728173,-0.13583052975481014,3
1318,5.7421394843403775,5.146778989307833,-0.5953604950325442,6
1319,5.875301396960329,5.079181246047625,-0.7961201509127038,1
1320,5.267859094899985,5.021189299069938,-0.246669795830047,3
1321,5.42181985160758,6.0,0.5781801483924198,9
1322,5.794580402934852,6.008600171761918,0.21401976882706553,6
1323,6.023520901317749,6.220108088040055,0.19658718672230613,7
1324,6.229591025949877,6.214843848047698,-0.014747177902179054,1
1325,5.94653064670059,6.113943352306837,0.16741270560624688,5
1326,5.795578990000662,6.257051875069349,0.46147288506868733,6
1327,4.74563063338529,5.2552725051033065,0.5096418717180162,9
1328,6.1823597399136405,6.041392685158225,-0.14096705475541516,1
1329,6.375016386169578,6.6020599913279625,0.22704360515838484,4
1330,6.309260994767489,4.986771734266245,-1.3224892605012437,1
1331,6.143650506317356,6.08278537031645,-0.06086513600090626,7
1332,5.984498164516691,5.181843587944773,-0.8026545765719186,10
1333,6.270822007785634,5.687261346243506,-0.583560661542128,3
1334,6.115328685743756,6.2455126678141495,0.1301839820703936,3
1335,5.962699857731,6.776327733563306,0.8136278758323066,7
1336,6.128929853729406,6.056904851336473,-0.07202500239293297,6
1337,5.934312177328728,6.113943352306837,0.179631174978109,10
1338,6.006317653057002,6.441176499941076,0.4348588468840733,1
1339,6.055579769851664,5.332438459915605,-0.7231413099360591,1
1340,6.086502496256533,5.710117365111817,-0.3763851311447164,5
1341,5.908526885371777,6.008600171761918,0.10007328639014101,2
1342,6.188472865025658,5.552668216112194,-0.6358046489134646,5
1343,5.248798460938829,5.093421685162235,-0.15537677577659448,6
1344,5.781943206492804,4.6020599913279625,-1.1798832151648417,4
1345,5.880952977802752,5.895422546039408,0.014469568236656016,1
1346,6.7441644468996635,6.100752969451338,-0.6434114774483257,1
1347,5.937589994945139,6.0,0.06241000505486127,4
1348,5.903184869702906,5.788875115775417,-0.11430975392748888,6
1349,5.971147870971974,6.176091259055681,0.2049433880837075,9
1350,5.812195636718041,5.193124598354461,-0.6190710383635798,7
1351,5.80922587028995,5.051923916046107,-0.7573019542438431,8
1352,6.14534348768474,5.756636108245848,-0.388707379438892,9
1353,5.7325614923453525,6.431363764158987,0.6988022718136344,7
1354,5.49215296112999,6.0,0.5078470388700103,9
1355,5.953552273218163,5.599883072073688,-0.3536692011444753,4
1356,5.9418271129050035,5.716837723299524,-0.22498938960547932,8
1357,5.85179310368896,5.812913356642856,-0.03887974704610464,6
1358,6.473728345055305,7.929418925714293,1.4556905806589882,5
1359,6.072923822955018,5.862727528317975,-0.21019629463704348,1
1360,5.413994576035277,5.079181246047625,-0.3348133299876519,6
1361,5.13652552209191,5.278753600952829,0.14222807886091893,5
1362,5.888748223888133,6.017033339298781,0.12828511541064813,3
1363,5.841896828979844,5.176091259055681,-0.6658055699241627,10
1364,5.459983891277879,6.079181246047625,0.6191973547697458,1
1365,6.565646541278625,6.079181246047625,-0.4864652952309996,3
1366,5.596897927119086,5.121559844187501,-0.47533808293158497,3
1367,6.0045377236805235,4.912275210498812,-1.0922625131817112,10
1368,5.714367871206496,6.218272853571447,0.5039049823649515,4
1369,5.679675019424234,5.700617195682057,0.020942176257822354,10
1370,5.966603560554159,6.924279286061882,0.9576757255077233,2
1371,5.737319852458842,6.134495855834674,0.39717600337583203,9
1372,5.9525862617634395,6.509202522331103,0.5566162605676634,9
1373,6.0326154926156255,6.590507462008583,0.5578919693929576,2
1374,5.983651136211642,5.758911892397974,-0.2247392438136684,3
1375,5.978367022051141,6.079181246047625,0.10081422399648421,7
1376,5.875301396960329,6.7626785637274365,0.8873771667671075,1
1377,5.5718770804027,5.86391737695786,0.29204029655516006,9
1378,5.983940504057471,5.342422680822207,-0.6415178232352643,8
1379,5.77098483567701,6.033423755486949,0.2624389198099397,1
1380,5.637094827486314,5.518513939877887,-0.11858088760842733,3
1381,5.839528513445044,7.041392685158225,1.201864171713181,5
1382,5.828905989869629,4.678518379040114,-1.1503876108295144,9
1383,5.5243482634007615,6.066773037085025,0.5424247736842638,8
1384,5.85841194065841,5.899820502427096,0.04140856176868635,8
1385,5.369348569809951,7.429752280002408,2.060403710192457,9
1386,5.712061846766562,6.612783856719736,0.9007220099531743,8
1387,5.796357672965208,6.503790683057181,0.7074330100919726,8
1388,6.279517206595036,5.240798771117332,-1.0387184354777048,3
1389,5.895167300631027,5.968482948553935,0.07331564792290823,6
1390,6.115992023646523,6.05307844348342,-0.06291358016310333,10
1391,6.073751163851338,6.008600171761918,-0.06515099208942043,6
1392,6.4338473672500704,4.954242509439325,-1.4796048578107452,6
1393,5.995348263025895,6.770115294787102,0.7747670317612068,7
1394,6.017916719659789,6.418301291319746,0.40038457165995656,3
1395,6.06921933772286,7.0220157398177205,0.9527964020948607,7
1396,3.145751359031598,1.9242792860618816,-1.2214720729697164,10
1397,4.521530164105724,4.550228353055094,0.028698188949370262,9
1398,4.984805016841094,6.354621218722914,1.3698162018818207,1
1399,5.801859704002103,5.856227259455358,0.054367555453255,3
1400,5.6867327421046765,6.052936217579409,0.3662034754747321,9
1401,4.665053567868789,6.431363764158987,1.7663101962901981,8
1402,4.9212762976268225,3.982723387668545,-0.9385529099582777,7
1403,4.871695845318805,3.4471580313422194,-1.4245378139765856,3
1404,4.932108730547915,6.563836918664545,1.6317281881166297,5
1405,4.533146984960004,2.812913356642856,-1.7202336283171475,3
1406,4.41990348844976,3.0791812460476247,-1.3407222424021357,3
1407,5.280401562958899,5.556302500767287,0.2759009378083874,3
1408,3.7051427969149704,4.334855689617291,0.629712892702321,9
1409,2.7684305294101454,4.698970004336019,1.9305394749258733,9
1410,3.9021296739840436,3.187520720836463,-0.7146089531475806,9
1411,5.594662434790054,4.167317334748176,-1.4273451000418786,10
1412,3.0342798160904088,3.679427896612119,0.6451480805217105,6
1413,4.5065822107171085,0.6989700043360189,-3.8076122063810898,10
1414,5.514543066132275,4.754883228252168,-0.7596598378801076,7
1415,4.238784192992544,2.556302500767288,-1.6824816922252555,2
1416,4.893580512243609,5.812913356642856,0.9193328443992463,2
1417,5.801859704002103,5.186815124447454,-0.6150445795546489,3
1418,4.866646237869955,4.821513528404773,-0.04513270946518233,2
1419,5.917336501416196,6.167317334748176,0.2499808333319793,9
1420,5.20087689808796,5.903089986991944,0.7022130889039842,7
1421,6.188032009870731,5.287129620719111,-0.9009023891516197,2
1422,5.422765828473361,5.773069340485962,0.35030351201260057,4
1423,5.726273317515372,5.845098040014257,0.11882472249888476,8
1424,4.745535052868819,4.505149978319906,-0.24038507454891267,8
1425,5.680453289083032,6.889301702506311,1.2088484134232784,2
1426,5.475375820114454,5.395850376018781,-0.07952544409567341,9
1427,6.075369082844767,6.74154551677621,0.6661764339314429,9
1428,5.992135703865868,5.698970004336019,-0.2931656995298493,2
1429,5.238082025336555,3.845098040014257,-1.3929839853222985,5
1430,5.65954379382784,2.8090544272229425,-2.8504893666048976,9
1431,5.744407971184168,2.505149978319906,-3.2392579928642617,4
1432,4.466338856025255,3.4471580313422194,-1.0191808246830352,8
1433,3.7923019227719625,1.7993405494535817,-1.9929613733183809,6
1434,3.8396010371071103,3.322219294733919,-0.5173817423731912,9
1435,4.300185375874575,1.5587085705331658,-2.741476805341409,4
1436,5.911838207000865,5.434568904034199,-0.4772693029666657,6
1437,5.445585518608351,5.926856708949693,0.48127119034134136,10
1438,5.878413201850088,5.8750612633917,-0.003351938458387771,3
1439,6.265599489308305,6.237040791379191,-0.02855869792911392,2
1440,6.078500441847105,5.990782691803138,-0.08771775004396698,1
1441,6.141112176758513,6.447158031342219,0.30604585458370615,5
1442,6.007530785454856,6.2576785748691846,0.2501477894143287,9
1443,5.72200216724842,6.653212513775344,0.9312103465269237,5
1444,6.334073870157387,6.2552725051033065,-0.07880136505408064,7
1445,6.350299457265176,6.531478917042255,0.18117945977707972,6
1446,5.227534290673377,3.3010299956639813,-1.926504295009396,1
1447,5.790446013342341,5.301029995663981,-0.4894160176783595,5
1448,6.1988811366969205,6.230448921378274,0.03156778468135357,7
1449,6.11977115800342,6.340444114840119,0.22067295683669919,9
1450,6.144970256840415,6.3979400086720375,0.25296975183162207,2
1451,6.0287582363122905,4.346744054604849,-1.6820141817074417,10
1452,6.213234400223738,6.079181246047625,-0.13405315417611252,8
1453,5.712779061459202,6.301029995663981,0.5882509342047797,9
1454,5.437214925499693,6.623249290397901,1.186034364898208,9
1455,6.121600265480419,6.531478917042255,0.40987865156183645,1
1456,5.922838454703164,4.352182518111363,-1.570655936591801,5
1457,5.8833617841142205,6.1702617153949575,0.286899931280737,2
1458,5.9660852820236085,6.531478917042255,0.5653936350186468,3
1459,5.891752449652045,6.358886204405869,0.46713375475382435,10
1460,5.9315271209152245,4.314288660947498,-1.6172384599677265,5
1461,5.90159235593039,6.176091259055681,0.27449890312529135,3
1462,6.326798731059434,6.091315159697223,-0.23548357136221032,8
1463,6.024663171751022,6.286456469746983,0.2617932979959612,5
1464,5.998900051328228,6.913813852383717,0.9149138010554889,4
1465,5.883613054330881,5.433321711630784,-0.45029134270009674,7
1466,5.699606026784955,6.308991029000164,0.609385002215209,5
1467,5.318508862127745,5.361727836017593,0.0432189738898483,9
1468,4.642771698597878,4.095518042323151,-0.5472536562747266,2
1469,5.658625230739013,6.544068044350276,0.8854428136112631,9
1470,5.732924652801726,6.57978359661681,0.846858943815084,9
1471,4.960185113695658,2.6972293427597176,-2.2629557709359407,6
1472,5.498176147838494,4.746322765089953,-0.751853382748541,9
1473,5.254079011249689,6.291391053078407,1.0373120418287183,7
1474,6.074014446078321,6.747411807886423,0.6733973618081022,1
1475,6.38554790872666,6.491361693834273,0.10581378510761308,7
1476,6.216897440358104,6.113943352306837,-0.10295408805126716,7
1477,4.665053567868789,6.096910013008056,1.4318564451392675,8
1478,5.764763624609447,3.804820678721162,-1.9599429458882853,10
1479,5.3232548152896175,5.079181246047625,-0.24407356924199242,4
1480,5.127599928670957,2.220108088040055,-2.907491840630902,5
1481,5.920815721332051,4.850646235183066,-1.070169486148985,8
1482,5.731330187253712,6.045322978786658,0.3139927915329457,10
1483,5.992710082393706,5.791690649020118,-0.20101943337358819,8
1484,5.348401470550844,5.155609283678915,-0.19279218687192845,10
1485,5.194798639810646,5.690196080028514,0.495397440217868,10
1486,5.3839857728656035,5.000867721531227,-0.3831180513343764,7
1487,5.821855384522136,6.806179973983888,0.9843245894617523,9
1488,5.7403833343373725,6.041392685158225,0.3010093508208529,8
1489,5.614711221327511,5.656960182742849,0.04224896141533829,7
1490,5.246306818605042,6.355068206348851,1.108761387743809,2
1491,5.785022704510316,6.324282455297693,0.5392597507873766,3
1492,5.545660049191399,5.944482672150168,0.398822622958769,3
1493,6.17323963328858,6.3979400086720375,0.2247003753834571,5
1494,6.128379539821555,6.1702617153949575,0.041882175573402236,7
1495,5.628777137654786,4.413634997198556,-1.21514214045623,10
1496,6.058550861410747,5.949390006644912,-0.10916085476583426,7
1497,6.168815053499599,6.056904851336473,-0.1119102021631262,7
1498,5.984016142749309,5.072984744627931,-0.911031398121378,9
1499,5.517123148438966,5.697229342759718,0.1801061943207518,10
1500,6.3143006468636855,5.698970004336019,-0.6153306425276668,10
1501,5.976476490689323,6.664547962246547,0.6880714715572243,9
1502,6.25424057316275,6.937016107464814,0.6827755343020634,6
1503,6.263056929581917,7.531478917042255,1.2684219874603384,2
1504,5.843808001339363,6.240798771117332,0.3969907697779682,4
1505,6.146089491869236,6.012837224705172,-0.1332522671640639,6
1506,6.166155285710093,6.44870631990508,0.28255103419498706,3
1507,6.1457110869444405,6.580468783951002,0.4347576970065612,7
1508,6.4482957805880705,5.778151250383644,-0.6701445302044267,10
1509,5.933064338579091,5.732393759822968,-0.2006705787561227,9
1510,5.870840112442881,4.954242509439325,-0.9165976030035559,9
1511,6.248556338213818,6.857332496431268,0.6087761582174505,5
1512,5.967095867421435,5.308393649976259,-0.6587022174451755,5
1513,6.10309891637535,6.277090960334402,0.17399204395905166,10
1514,6.007618926942575,5.857332496431268,-0.15028643051130697,3
1515,5.748749756121158,5.0,-0.7487497561211578,10
1516,5.6077196568237415,5.301029995663981,-0.30668966115976026,8
1517,3.899951492330299,4.123851640967086,0.22390014863678687,3
1518,5.76721634584855,4.505149978319906,-1.2620663675286439,5
1519,5.740752043864552,6.32221929473392,0.5814672508693688,9
1520,5.853877301336936,4.505149978319906,-1.3487273230170294,9
1521,6.063041238160104,4.568201724066995,-1.4948395140931092,5
1522,4.304150201448629,4.900367128656471,0.5962169272078421,10
1523,5.808400153148617,5.477121254719663,-0.3312788984289545,10
1524,5.492308093725689,6.041392685158225,0.5490845914325364,1
1525,5.944826123182613,6.496791315700042,0.5519651925174287,9
1526,5.56131037244399,4.486713775982485,-1.0745965964615047,3
1527,5.592348761900331,5.0,-0.5923487619003307,1
1528,5.803955916010825,6.32221929473392,0.5182633787230957,10
1529,5.721384288152775,4.685741738602264,-1.035642549550511,1
1530,5.713198396574023,6.504701881045554,0.791503484471531,9
1531,4.207884406925645,2.146128035678238,-2.061756371247407,7
1532,4.767593062452685,1.4471580313422192,-3.320435031110466,2
1533,3.667614272020393,3.113943352306837,-0.5536709197135559,9
1534,3.5775361444226794,4.826074802700826,1.2485386582781466,3
1535,5.830466564934589,4.247973266361806,-1.5824932985727829,4
1536,4.118435779374284,5.0,0.8815642206257159,5
1537,5.346334367558641,5.653212513775344,0.30687814621670295,5
1538,6.0005134151116275,5.653212513775344,-0.34730090133628355,5
1539,5.647221843592402,6.204119982655925,0.5568981390635228,3
1540,5.547565308154019,6.079181246047625,0.5316159378936058,4
1541,6.059124773257367,6.3979400086720375,0.3388152354146703,4
1542,5.640437869842336,5.223755453657241,-0.41668241618509505,3
1543,6.123246523985394,5.079181246047625,-1.0440652779377686,5
1544,6.059124773257367,6.778151250383644,0.7190264771262767,4
1545,5.4684888052222895,5.585460729508501,0.1169719242862115,2
1546,6.168562382306748,5.845098040014257,-0.32346434229249077,4
1547,5.890917112933316,5.934498451243568,0.04358133831025235,2
1548,6.168902136879963,5.771587480881255,-0.3973146559987075,6
1549,5.684337749133864,6.653212513775344,0.9688747646414804,5
1550,5.589084047386376,5.903089986991944,0.31400593960556744,3
1551,5.878798194046068,4.927370363039024,-0.9514278310070434,1
1552,5.59588922635708,4.826074802700826,-0.7698144236562543,1
1553,5.632959778630354,5.002166061756507,-0.6307937168738462,8
1554,5.81015702937892,6.662757831681574,0.8526008023026543,3
1555,6.084709356261997,6.071882007306125,-0.012827348955871898,9
1556,5.031752131938851,2.6766936096248664,-2.3550585223139846,7
1557,5.6412534164338055,4.184691430817598,-1.456561985616207,8
1558,5.66645306460083,4.933993163831242,-0.7324599007695882,9
1559,5.452572257761208,5.3979400086720375,-0.054632249089170415,9
1560,5.740467982365298,6.57978359661681,0.8393156142515119,9
1561,5.579141165353881,6.0,0.4208588346461193,3
1562,4.678471329737888,4.469365398766434,-0.2091059309714538,4
1563,5.380652412535175,4.252853030979893,-1.127799381555282,9
1564,5.788192662491658,6.041392685158225,0.25320002266656694,1
1565,5.785300511695237,5.079181246047625,-0.7061192656476116,10
1566,5.765136281000935,6.491361693834273,0.7262254128333385,7
1567,5.895353647527261,6.278753600952829,0.38339995342556765,2
1568,4.990479681094039,3.892651033877301,-1.0978286472167378,9
1569,4.883745848886918,5.079181246047625,0.1954353971607068,4
1570,5.286922869075971,4.787743771646467,-0.4991790974295043,2
1571,5.404390455772634,5.575187844927661,0.17079738915502674,4
1572,5.805805980124676,4.56157836830096,-1.2442276118237157,3
1573,4.65282459923918,7.133858125203335,2.481033525964155,9
1574,5.059973729965072,5.221674997070769,0.16170126710569743,4
1575,5.951556908541144,4.239049093140191,-1.7125078154009525,1
1576,5.398820021579801,3.964730921053629,-1.434089100526172,1
1577,3.238778316812278,3.6972293427597176,0.45845102594743947,8
1578,4.058716029331457,5.041392685158225,0.9826766558267686,8
1579,5.45134114898347,6.0,0.5486588510165298,1
1580,6.2139648749495775,5.442479769064448,-0.7714851058851293,7
1581,6.037402043628632,7.397940008672037,1.3605379650434042,5
1582,5.567599595131208,6.690196080028514,1.122596484897306,3
1583,6.122182308003145,6.079181246047625,-0.043001061955520115,9
1584,5.69314885725632,4.064457989226918,-1.6286908680294019,10
1585,5.121991307049967,3.686636269262293,-1.4353550377876743,7
1586,5.501453160235871,5.168939213835978,-0.3325139463998932,7
1587,6.060499533554279,6.079181246047625,0.018681712493346048,1
1588,4.592008300770994,5.32221929473392,0.7302109939629267,2
1589,5.438395500200704,4.895201474778894,-0.5431940254218102,2
1590,6.10309891637535,6.079181246047625,-0.02391767032772485,10
1591,5.197925760312358,5.648360010980932,0.45043425066857434,1
1592,5.451246266583275,4.473924693416158,-0.9773215731671172,3
1593,5.567087944946025,5.931966114728173,0.3648781697821475,9
1594,5.677834270592448,4.93981866282138,-0.738015607771068,2
1595,5.11205903347167,5.732393759822968,0.6203347263512979,6
1596,5.083446023805912,3.3010299956639813,-1.782416028141931,9
1597,5.476316992949728,4.57978359661681,-0.8965333963329183,2
1598,6.535651894381366,6.57978359661681,0.04413170223544416,7
1599,6.064228510802463,7.19942604159399,1.135197530791527,3
1600,6.095290004420825,6.795880017344075,0.7005900129232501,2
1601,4.002738903384502,4.0,-0.0027389033845022226,4
1602,5.442471869645563,5.532384880503846,0.0899130108582833,3
1603,6.11949045486673,6.32221929473392,0.20272883986719048,7
1604,6.081264068374391,6.176091259055681,0.09482719068129075,7
1605,5.9319819384743715,5.311965660368366,-0.6200162781060055,5
1606,5.677233119795155,5.338456493604605,-0.33877662619055027,1
1607,6.281323186887488,5.489958479424835,-0.7913647074626535,1
1608,5.758176856979931,5.205096047578484,-0.5530808094014468,1
1609,6.193446034894779,6.531478917042255,0.33803288214747607,9
1610,5.568496237692673,6.079181246047625,0.5106850083549519,3
1611,4.9878985279066965,4.301029995663981,-0.6868685322427153,3
1612,6.178453482564507,5.491361693834273,-0.6870917887302337,7
1613,6.037400054261914,6.0,-0.03740005426191395,1
1614,5.999756210231491,6.185542154854375,0.185785944622884,9
1615,5.716218208769932,5.301029995663981,-0.41518821310595033,8
1616,6.414221915284496,6.079181246047625,-0.3350406692368706,1
1617,6.028298396709394,4.892372907398436,-1.1359254893109574,10
1618,5.981428914217563,6.176091259055681,0.19466234483811817,9
1619,4.857696967189248,6.491361693834273,1.6336647266450255,3
1620,3.9338403664771437,3.556302500767288,-0.3775378657098556,8
1621,5.745973762034599,4.089905111439398,-1.6560686505952011,2
1622,4.033527984233013,4.653212513775344,0.6196845295423312,7
1623,6.282819980142181,5.221022805204841,-1.0617971749373396,2
1624,5.858325113131867,5.698970004336019,-0.15935510879584847,4
1625,5.820708153064518,7.342422680822207,1.5217145277576885,2
1626,6.079322702661831,6.176091259055681,0.09676855639385007,3
1627,6.2312641286879416,6.414973347970818,0.18370921928287665,5
1628,6.252534447208884,6.977723605288848,0.7251891580799636,8
1629,5.277106756997723,4.765072201102792,-0.5120345558949309,1
1630,1.730308579716946,1.3424226808222062,-0.3878858988947398,6
1631,3.2226234154097297,2.7481880270062,-0.47443538840352995,9
1632,4.579514689642857,2.4553017716570764,-2.1242129179857807,8
1633,4.451154747443907,5.7160033436348,1.2648485961908937,5
1634,5.4471668002741795,4.765072201102792,-0.6820945991713874,10
1635,5.478524616040225,5.0,-0.4785246160402252,8
1636,5.153411948531815,0.1139433523068367,-5.039468596224978,5
1637,3.7093852813187738,1.6989700043360187,-2.010415276982755,6
1638,5.200766475545237,2.1357685145678222,-3.0649979609774145,10
1639,4.562715305801797,2.560420774091161,-2.002294531710636,8
1640,6.180236755891413,6.113943352306837,-0.06629340358457636,1
1641,6.010628702675832,6.041392685158225,0.030763982482393537,3
1642,4.878688829392275,5.334453751150931,0.45576492175865546,5
1643,4.145657614717624,1.7442929831226763,-2.401364631594948,3
1644,4.5942617921720625,1.576226137449605,-3.018035654722458,9
1645,5.735689985809668,2.143014800254095,-3.5926751855555734,8
1646,4.71490151993391,-0.15864053,-4.87354204993391,3
1647,3.1544446680243796,3.0293837776852097,-0.1250608903391699,3
1648,4.808718780012738,0.0791812460476248,-4.729537533965113,4
1649,6.024568703246855,2.4771212547196626,-3.5474474485271923,1
1650,5.189598826414943,3.8750612633917,-1.3145375630232428,7
1651,3.563037411439271,2.146128035678238,-1.416909375761033,3
1652,5.7100808840782795,5.688419822002711,-0.021661062075568616,3
1653,6.00323630449327,1.3010299956639813,-4.702206308829289,6
1654,5.829082640156017,3.9542425094393248,-1.874840130716692,4
1655,5.210659077800284,2.6232492903979003,-2.587409787402384,3
1656,5.32223334787934,0.0,-5.32223334787934,2
1657,4.803637868800125,4.778151250383644,-0.025486618416481477,10
1658,5.735689985809668,2.143014800254095,-3.5926751855555734,8
1659,6.0860496544927765,3.903089986991944,-2.1829596675008323,9
1660,5.83911317045309,3.633468455579586,-2.205644714873504,8
