idx,y_pred,y_true,residual,fold
0,4.325958581316397,5.698970004336019,1.373011423019622,1
1,4.426802469225524,5.698970004336019,1.272167535110495,10
2,4.617877066983996,5.698970004336019,1.0810929373520226,9
3,4.473914546656957,5.698970004336019,1.225055457679062,8
4,4.401415587101024,5.698970004336019,1.2975544172349949,7
5,4.4380034147095255,5.698970004336019,1.2609665896264932,5
6,4.390239999630387,5.698970004336019,1.308730004705632,4
7,4.364173973605784,5.698970004336019,1.3347960307302351,3
8,4.487824358430198,5.698970004336019,1.2111456459058205,2
9,4.551985900339671,3.049218022670181,-1.5027678776694904,10
10,4.526407837380129,3.049218022670181,-1.4771898147099476,8
11,3.8179509238019795,3.049218022670181,-0.7687329011317985,7
12,4.793143540243398,3.049218022670181,-1.7439255175732171,5
13,4.457059880159131,3.049218022670181,-1.4078418574889495,4
14,4.518753158349742,3.049218022670181,-1.4695351356795605,3
15,4.510866924715741,3.049218022670181,-1.4616489020455603,2
16,4.5821286613128285,3.049218022670181,-1.5329106386426474,6
17,4.338637995097171,3.049218022670181,-1.2894199724269901,1
18,4.526407837380129,2.903089986991944,-1.6233178503881844,8
19,4.518753158349742,2.903089986991944,-1.6156631713577974,3
20,4.338637995097171,2.903089986991944,-1.435548008105227,1
21,4.551985900339671,2.903089986991944,-1.6488959133477272,10
22,3.8179509238019795,2.903089986991944,-0.9148609368100353,7
23,4.457059880159131,2.903089986991944,-1.5539698931671864,4
24,4.556833156416877,2.903089986991944,-1.6537431694249327,9
25,4.510866924715741,2.903089986991944,-1.6077769377237972,2
26,4.5821286613128285,2.903089986991944,-1.6790386743208843,6
27,5.16247879257988,2.9542425094393248,-2.2082362831405553,1
28,5.315065782690665,2.9542425094393248,-2.36082327325134,8
29,5.3106357820844226,2.9542425094393248,-2.356393272645098,3
30,5.2799750417133895,2.9542425094393248,-2.3257325322740647,2
31,5.193820438589071,2.9542425094393248,-2.2395779291497466,9
32,5.227356890229205,2.9542425094393248,-2.2731143807898806,4
33,5.3242746054420955,2.9542425094393248,-2.3700320960027708,10
34,4.898005265551325,2.9542425094393248,-1.9437627561120006,7
35,5.244601214157771,2.9542425094393248,-2.290358704718446,6
36,5.76307172752534,3.90848501887865,-1.8545867086466896,2
37,5.694398534836232,3.90848501887865,-1.7859135159575819,4
38,5.8011379805514025,3.90848501887865,-1.8926529616727525,10
39,5.781915704586008,3.90848501887865,-1.873430685707358,3
40,5.708107357972064,3.90848501887865,-1.7996223390934136,1
41,5.375167998412787,3.90848501887865,-1.4666829795341374,7
42,5.663475805295014,3.90848501887865,-1.7549907864163639,9
43,5.851931870180223,3.90848501887865,-1.9434468513015735,6
44,5.833889990716585,3.90848501887865,-1.9254049718379354,5
45,5.088193142615598,3.322219294733919,-1.7659738478816789,4
46,4.8875016665837645,3.322219294733919,-1.5652823718498454,7
47,4.976291468918626,3.322219294733919,-1.6540721741847073,1
48,5.109946910394228,3.322219294733919,-1.7877276156603092,8
49,5.120496536381145,3.322219294733919,-1.798277241647226,6
50,5.121511793241571,3.322219294733919,-1.799292498507652,2
51,5.113643424520172,3.322219294733919,-1.7914241297862525,10
52,5.0880044998905065,3.322219294733919,-1.7657852051565874,9
53,5.12931500011044,3.322219294733919,-1.8070957053765206,3
54,5.500830277837788,5.301029995663981,-0.19980028217380674,7
55,5.501427902175434,5.301029995663981,-0.20039790651145317,1
56,5.5007039318575774,5.301029995663981,-0.1996739361935962,6
57,5.56277607333612,5.301029995663981,-0.26174607767213853,2
58,5.500585926082816,5.301029995663981,-0.19955593041883457,4
59,5.507045659606252,5.301029995663981,-0.20601566394227078,8
60,5.501119559639794,5.301029995663981,-0.2000895639758129,9
61,5.501192597875584,5.301029995663981,-0.20016260221160298,10
62,5.50069014189661,5.301029995663981,-0.1996601462326284,3
63,5.563318509214169,4.086359830674748,-1.4769586785394209,3
64,5.482947271841304,4.086359830674748,-1.396587441166556,4
65,5.362196579165306,4.086359830674748,-1.2758367484905575,9
66,5.488616009209872,4.086359830674748,-1.402256178535124,2
67,5.508326963800436,4.086359830674748,-1.4219671331256878,8
68,5.6086335920217785,4.086359830674748,-1.52227376134703,6
69,5.378017034853322,4.086359830674748,-1.2916572041785734,1
70,5.481702637551394,4.086359830674748,-1.3953428068766458,10
71,5.125869556318481,4.086359830674748,-1.0395097256437325,7
72,5.128169713437138,6.035709837827862,0.9075401243907244,10
73,5.486929185693452,6.035709837827862,0.5487806521344103,5
74,5.4849631852088,6.035709837827862,0.5507466526190621,4
75,5.400572847091286,6.035709837827862,0.6351369907365756,2
76,5.413754356541786,6.035709837827862,0.6219554812860757,8
77,5.410986342161034,6.035709837827862,0.6247234956668279,6
78,5.355667020806021,6.035709837827862,0.6800428170218407,3
79,5.31566882272118,6.035709837827862,0.7200410151066823,7
80,5.395964395130746,6.035709837827862,0.6397454426971159,1
81,5.3039439670674,5.954242509439325,0.6502985423719254,10
82,5.442137957495451,5.954242509439325,0.5121045519438745,5
83,5.336384378893204,5.954242509439325,0.6178581305461215,4
84,5.2982855647559735,5.954242509439325,0.6559569446833518,2
85,5.234934603636217,5.954242509439325,0.7193079058031078,9
86,5.324262990955736,5.954242509439325,0.629979518483589,8
87,5.338741077752689,5.954242509439325,0.6155014316866358,3
88,5.225457114894977,5.954242509439325,0.7287853945443485,1
89,5.374571096362895,5.954242509439325,0.5796714130764302,6
90,5.586811174756321,3.949390006644913,-1.6374211681114086,2
91,5.700453856630133,3.949390006644913,-1.7510638499852198,5
92,5.575352328649591,3.949390006644913,-1.625962322004678,1
93,5.632203247277157,3.949390006644913,-1.6828132406322438,3
94,5.65877185639755,3.949390006644913,-1.7093818497526372,6
95,5.539567378672346,3.949390006644913,-1.590177372027433,9
96,5.619973585871216,3.949390006644913,-1.6705835792263035,8
97,5.345478708983411,3.949390006644913,-1.3960887023384978,7
98,5.581621674114255,3.949390006644913,-1.6322316674693425,10
99,4.974617781641584,5.742725131304698,0.7681073496631141,3
100,4.925819049991024,5.742725131304698,0.8169060813136735,9
101,4.794222761480119,5.742725131304698,0.9485023698245785,1
102,5.027264887528162,5.742725131304698,0.715460243776536,8
103,4.922599970488829,5.742725131304698,0.8201251608158691,2
104,4.920018677842911,5.742725131304698,0.8227064534617865,4
105,5.013720431820503,5.742725131304698,0.7290046994841948,10
106,5.076541224352319,5.742725131304698,0.6661839069523792,5
107,5.0388531155327385,5.742725131304698,0.7038720157719593,6
108,4.34656668386443,3.661812685537261,-0.6847539983271691,3
109,4.357929444133095,3.661812685537261,-0.6961167585958341,6
110,4.244595873874696,3.661812685537261,-0.5827831883374346,2
111,4.264974835336143,3.661812685537261,-0.6031621497988819,9
112,4.318933785095442,3.661812685537261,-0.6571210995581813,8
113,4.293042842556629,3.661812685537261,-0.6312301570193677,1
114,4.277505112419167,3.661812685537261,-0.615692426881906,4
115,4.334137195934711,3.661812685537261,-0.6723245103974502,10
116,3.86203091282383,3.661812685537261,-0.20021822728656913,7
117,5.172649019226433,3.505149978319906,-1.667499040906527,6
118,5.157641350731963,3.505149978319906,-1.6524913724120576,3
119,5.003474925383555,3.505149978319906,-1.4983249470636495,1
120,5.18839211786323,3.505149978319906,-1.683242139543324,5
121,5.107885721881327,3.505149978319906,-1.602735743561421,4
122,5.123496546428281,3.505149978319906,-1.6183465681083748,2
123,5.092989077464464,3.505149978319906,-1.5878390991445586,8
124,4.674630106931679,3.505149978319906,-1.1694801286117733,7
125,5.084315268058077,3.505149978319906,-1.5791652897381714,9
126,4.894738331192845,5.0948203803548,0.2000820491619546,3
127,4.894910451477777,5.0948203803548,0.1999099288770223,6
128,4.8951769857862155,5.0948203803548,0.19964339456858404,9
129,4.798995604734783,5.0948203803548,0.29582477562001674,7
130,4.895018471768251,5.0948203803548,0.199801908586549,8
131,4.984168832976706,5.0948203803548,0.1106515473780938,4
132,4.894526476943263,5.0948203803548,0.20029390341153697,2
133,4.977001588036598,5.0948203803548,0.11781879231820191,5
134,4.895050283341032,5.0948203803548,0.1997700970137677,1
135,5.063621380438149,3.397940008672037,-1.6656813717661119,10
136,4.9036537322384,3.397940008672037,-1.505713723566363,9
137,4.975504963064258,3.397940008672037,-1.5775649543922206,1
138,5.110947562414563,3.397940008672037,-1.7130075537425262,3
139,5.037548739506449,3.397940008672037,-1.639608730834412,5
140,5.055878964257081,3.397940008672037,-1.6579389555850441,6
141,4.758492863789005,3.397940008672037,-1.360552855116968,7
142,4.976629586226897,3.397940008672037,-1.5786895775548602,4
143,5.10076579698934,3.397940008672037,-1.7028257883173032,8
144,5.360780935451778,3.832508912706236,-1.5282720227455422,10
145,5.438986290397803,3.832508912706236,-1.6064773776915664,5
146,5.327838183472997,3.832508912706236,-1.4953292707667605,9
147,5.400283170891878,3.832508912706236,-1.5677742581856422,6
148,5.339530583957316,3.832508912706236,-1.50702167125108,3
149,5.486895430439768,3.832508912706236,-1.6543865177335317,4
150,5.359111975448292,3.832508912706236,-1.5266030627420561,2
151,5.019196075120313,3.832508912706236,-1.1866871624140765,7
152,5.234323374167732,3.832508912706236,-1.401814461461496,1
153,5.39291752290952,5.6020599913279625,0.20914246841844264,2
154,5.384310774249305,5.6020599913279625,0.2177492170786577,9
155,5.178481903964911,5.6020599913279625,0.4235780873630519,7
156,5.370472167064289,5.6020599913279625,0.23158782426367353,3
157,5.40196513830287,5.6020599913279625,0.20009485302509233,5
158,5.324009165603638,5.6020599913279625,0.2780508257243248,10
159,5.363031362018424,5.6020599913279625,0.23902862930953894,4
160,5.475613596444214,5.6020599913279625,0.12644639488374843,6
161,5.187463404433992,5.6020599913279625,0.4145965868939703,1
162,4.820446142907613,5.238046103128795,0.41759996022118173,3
163,5.03846637269661,5.238046103128795,0.1995797304321849,6
164,4.694472715794964,5.238046103128795,0.5435733873338311,8
165,4.765073445721081,5.238046103128795,0.47297265740771444,10
166,4.625564963715616,5.238046103128795,0.6124811394131786,1
167,4.507108395410846,5.238046103128795,0.7309377077179491,7
168,4.806093541474465,5.238046103128795,0.43195256165433005,2
169,4.885863581777922,5.238046103128795,0.3521825213508727,5
170,4.8098473954172976,5.238046103128795,0.4281987077114975,9
171,3.944250620850421,3.0791812460476247,-0.8650693748027964,2
172,3.7203597418844945,3.0791812460476247,-0.6411784958368698,7
173,3.995630639251598,3.0791812460476247,-0.9164493932039735,9
174,3.9970275922262735,3.0791812460476247,-0.9178463461786488,4
175,4.069350211038612,3.0791812460476247,-0.9901689649909877,6
176,3.808467211874629,3.0791812460476247,-0.7292859658270046,5
177,3.8301350648608308,3.0791812460476247,-0.7509538188132061,1
178,4.013639212595449,3.0791812460476247,-0.9344579665478245,10
179,3.915884193022909,3.0791812460476247,-0.8367029469752842,3
180,3.647346406435138,3.823474229170301,0.1761278227351628,7
181,4.023298831395832,3.823474229170301,-0.19982460222553078,3
182,4.023405287973262,3.823474229170301,-0.19993105880296058,4
183,4.079516703339225,3.823474229170301,-0.256042474168924,8
184,4.023749695220066,3.823474229170301,-0.20027546604976498,5
185,4.0232388595000055,3.823474229170301,-0.19976463032970448,2
186,3.916469774602948,3.823474229170301,-0.09299554543264721,1
187,4.023268830721544,3.823474229170301,-0.19979460155124285,9
188,4.158090562567554,3.823474229170301,-0.33461633339725294,6
189,4.956824635440555,3.838849090737255,-1.1179755447033002,6
190,4.884321840905058,3.838849090737255,-1.0454727501678032,4
191,4.797306621614226,3.838849090737255,-0.9584575308769705,1
192,4.657384409901944,3.838849090737255,-0.8185353191646887,7
193,4.953787712273214,3.838849090737255,-1.1149386215359587,8
194,4.8957872033207135,3.838849090737255,-1.0569381125834583,2
195,4.930925213275927,3.838849090737255,-1.0920761225386717,3
196,4.964593124250449,3.838849090737255,-1.1257440335131936,5
197,4.7996550443350685,3.838849090737255,-0.9608059535978133,9
198,4.852052275857531,3.505149978319906,-1.3469022975376252,10
199,4.783297330800741,3.505149978319906,-1.2781473524808349,2
200,5.136775368611635,3.505149978319906,-1.6316253902917288,3
201,4.85180123086915,3.505149978319906,-1.3466512525492438,6
202,4.946431764753006,3.505149978319906,-1.4412817864331005,5
203,4.686838542187998,3.505149978319906,-1.1816885638680925,7
204,4.858515615310579,3.505149978319906,-1.3533656369906732,4
205,4.794850018344563,3.505149978319906,-1.2897000400246568,1
206,4.835025586517462,3.505149978319906,-1.3298756081975562,9
207,5.4719985655089385,6.041392685158225,0.5693941196492869,2
208,5.449954678240761,6.041392685158225,0.5914380069174641,5
209,5.39376585722992,6.041392685158225,0.6476268279283053,8
210,4.9568636216662,6.041392685158225,1.0845290634920257,7
211,5.347248768339708,6.041392685158225,0.6941439168185175,10
212,5.3006131715547165,6.041392685158225,0.7407795136035089,4
213,5.4392677289444435,6.041392685158225,0.6021249562137818,3
214,5.278311800412633,6.041392685158225,0.7630808847455928,9
215,5.488662606471716,6.041392685158225,0.5527300786865093,6
216,5.253965452270161,3.8813846567705728,-1.3725807954995881,9
217,5.195129561021649,3.8813846567705728,-1.3137449042510765,1
218,5.384781131011833,3.8813846567705728,-1.50339647424126,6
219,5.3316490417343365,3.8813846567705728,-1.4502643849637638,8
220,4.928241241384905,3.8813846567705728,-1.046856584614332,7
221,5.367962051071717,3.8813846567705728,-1.4865773943011442,10
222,5.292481008985746,3.8813846567705728,-1.4110963522151732,2
223,5.379403739682131,3.8813846567705728,-1.4980190829115578,3
224,5.341393383877136,3.8813846567705728,-1.4600087271065636,4
225,5.089374585980774,5.576341350205793,0.48696676422501817,1
226,5.267859094899985,5.576341350205793,0.3084822553058073,3
227,5.200911036789915,5.576341350205793,0.37543031341587785,2
228,5.249635525718583,5.576341350205793,0.32670582448720964,10
229,5.075032451460046,5.576341350205793,0.501308898745747,9
230,5.246189323388376,5.576341350205793,0.33015202681741673,6
231,4.793110158236415,5.576341350205793,0.783231191969378,7
232,5.2207820072715325,5.576341350205793,0.35555934293426006,8
233,5.204313069456599,5.576341350205793,0.3720282807491939,4
234,6.561948519510423,6.823539433656859,0.26159091414643587,7
235,6.600458936976345,6.823539433656859,0.223080496680514,1
236,6.578124453398594,6.823539433656859,0.24541498025826503,6
237,6.580114603793139,6.823539433656859,0.24342482986372005,8
238,6.532514167789713,6.823539433656859,0.2910252658671464,3
239,6.560195739217182,6.823539433656859,0.2633436944396772,4
240,6.623718792033884,6.823539433656859,0.19982064162297508,10
241,6.5694972260663,6.823539433656859,0.25404220759055907,2
242,6.5869959524813595,6.823539433656859,0.23654348117549961,5
243,6.198016037029145,6.3979400086720375,0.19992397164289244,2
244,6.197847680720566,6.3979400086720375,0.20009232795147192,3
245,6.1981919789366815,6.3979400086720375,0.199748029735356,9
246,6.198268820311625,6.3979400086720375,0.1996711883604121,10
247,6.1983595825752404,6.3979400086720375,0.19958042609679705,7
248,6.197800593725692,6.3979400086720375,0.2001394149463458,8
249,6.198262866890425,6.3979400086720375,0.19967714178161255,1
250,6.19790655825212,6.3979400086720375,0.2000334504199177,4
251,6.1979416865680665,6.3979400086720375,0.19999832210397095,6
252,6.3523226336488605,6.707570176097937,0.3552475424490762,10
253,6.385919032900274,6.707570176097937,0.32165114319766275,9
254,6.4019916117719,6.707570176097937,0.30557856432603714,6
255,6.372559130190959,6.707570176097937,0.3350110459069775,4
256,6.353902147240163,6.707570176097937,0.3536680288577738,5
257,6.3653944459214395,6.707570176097937,0.34217573017649716,2
258,6.507665523541508,6.707570176097937,0.19990465255642853,8
259,6.362083201847542,6.707570176097937,0.3454869742503943,3
260,6.371174732270446,6.707570176097937,0.33639544382749076,1
261,6.197649281181484,6.3979400086720375,0.20029072749055388,5
262,6.2853302457902025,6.3979400086720375,0.112609762881835,2
263,6.285190357273999,6.3979400086720375,0.11274965139803861,3
264,6.3152378793824075,6.3979400086720375,0.08270212928962994,6
265,6.197687561723937,6.3979400086720375,0.20025244694810063,7
266,6.2256584457367214,6.3979400086720375,0.17228156293531605,8
267,6.3003997284962185,6.3979400086720375,0.09754028017581895,4
268,6.2999257426754065,6.3979400086720375,0.09801426599663099,9
269,6.223889338259014,6.3979400086720375,0.17405067041302313,10
270,6.307265782675923,6.558708570533166,0.2514427878572425,10
271,6.206412011399112,6.558708570533166,0.35229655913405367,5
272,6.200650308088935,6.558708570533166,0.35805826244423056,2
273,6.358544503841554,6.558708570533166,0.20016406669161224,4
274,6.252982831093049,6.558708570533166,0.30572573944011694,9
275,6.179863959505971,6.558708570533166,0.378844611027195,3
276,6.257119115022921,6.558708570533166,0.3015894555102445,6
277,6.218502814639178,6.558708570533166,0.3402057558939875,8
278,6.211970492001765,6.558708570533166,0.34673807853140115,7
279,6.252982831093049,6.107549129744687,-0.1454337013483622,9
280,6.257119115022921,6.107549129744687,-0.14956998527823462,6
281,6.211970492001765,6.107549129744687,-0.10442136225707799,7
282,5.907585580279071,6.107549129744687,0.19996354946561556,1
283,6.218502814639178,6.107549129744687,-0.11095368489449164,8
284,6.179863959505971,6.107549129744687,-0.07231482976128412,3
285,6.200650308088935,6.107549129744687,-0.09310117834424858,2
286,6.307265782675923,6.107549129744687,-0.19971665293123664,10
287,6.206412011399112,6.107549129744687,-0.09886288165442547,5
288,5.22172749746112,4.193681029541281,-1.0280464679198387,8
289,5.284709517503379,4.193681029541281,-1.091028487962098,3
290,5.341944689452501,4.193681029541281,-1.14826365991122,9
291,5.460354435255466,4.193681029541281,-1.2666734057141849,10
292,5.163157013651817,4.193681029541281,-0.9694759841105354,4
293,5.3973889721741,4.193681029541281,-1.2037079426328186,6
294,5.435880954492511,4.193681029541281,-1.2421999249512297,2
295,5.32888013250434,4.193681029541281,-1.1351991029630586,7
296,5.359689855320409,4.193681029541281,-1.1660088257791275,5
297,5.768048009682571,5.929418925714293,0.16137091603172227,9
298,5.729458421690188,5.929418925714293,0.19996050402410503,3
299,5.7296997244602315,5.929418925714293,0.1997192012540614,2
300,5.729831448339705,5.929418925714293,0.19958747737458804,7
301,5.751533958058611,5.929418925714293,0.17788496765568151,4
302,5.765557484799957,5.929418925714293,0.16386144091433597,10
303,5.729323788429736,5.929418925714293,0.2000951372845572,5
304,5.729341259758519,5.929418925714293,0.20007766595577348,8
305,5.729686688716776,5.929418925714293,0.19973223699751674,1
306,6.331526681591923,6.531478917042255,0.1999522354503327,5
307,6.331062135654993,6.531478917042255,0.20041678138726216,3
308,6.331289505177576,6.531478917042255,0.2001894118646792,9
309,6.331697832898046,6.531478917042255,0.1997810841442096,4
310,6.331350484082585,6.531478917042255,0.2001284329596702,7
311,6.331617266799202,6.531478917042255,0.19986165024305347,6
312,6.331786729136448,6.531478917042255,0.19969218790580712,2
313,6.331321105361208,6.531478917042255,0.20015781168104763,1
314,6.331716542336986,6.531478917042255,0.19976237470526925,8
315,6.215172331848801,6.414973347970818,0.1998010161220174,2
316,6.215138098987902,6.414973347970818,0.19983524898291627,4
317,6.215161161694535,6.414973347970818,0.19981218627628294,6
318,6.215194628846235,6.414973347970818,0.19977871912458323,1
319,6.215027291346512,6.414973347970818,0.19994605662430587,9
320,6.214555299693943,6.414973347970818,0.20041804827687493,3
321,6.215018842403876,6.414973347970818,0.19995450556694205,7
322,6.214867478422625,6.414973347970818,0.2001058695481932,5
323,6.214603411491025,6.414973347970818,0.2003699364797935,10
324,6.173195590213731,6.372912002970106,0.1997164127563753,3
325,6.172543759607538,6.372912002970106,0.20036824336256842,10
326,6.172926205125764,6.372912002970106,0.19998579784434245,8
327,6.17280300611917,6.372912002970106,0.2001089968509362,1
328,6.17286708220889,6.372912002970106,0.20004492076121672,2
329,6.172951297193168,6.372912002970106,0.19996070577693814,9
330,6.172906705239862,6.372912002970106,0.200005297730244,5
331,6.174104616736284,6.372912002970106,0.19880738623382221,4
332,6.172940106652931,6.372912002970106,0.1999718963171757,6
333,6.184863371173962,6.384890796530554,0.20002742535659213,1
334,6.184892709297002,6.384890796530554,0.19999808723355184,2
335,6.185009467783926,6.384890796530554,0.19988132874662767,6
336,6.184925709150034,6.384890796530554,0.19996508738052032,4
337,6.184854982128183,6.384890796530554,0.20003581440237106,8
338,6.1847273960527955,6.384890796530554,0.20016340047775838,3
339,6.184529888075402,6.384890796530554,0.20036090845515186,10
340,6.1848107385923905,6.384890796530554,0.2000800579381634,5
341,6.185147315144926,6.384890796530554,0.19974348138562803,7
342,6.125847626868166,6.325843928293292,0.19999630142512625,3
343,6.125791834970873,6.325843928293292,0.20005209332241858,8
344,5.948308128106427,6.325843928293292,0.37753580018686517,2
345,5.995598489735891,6.325843928293292,0.33024543855740074,1
346,6.03219189062454,6.325843928293292,0.2936520376687515,9
347,5.984523120563381,6.325843928293292,0.341320807729911,5
348,6.011747125217713,6.325843928293292,0.31409680307557863,4
349,6.009704768351475,6.325843928293292,0.31613915994181685,10
350,5.979089551591666,6.325843928293292,0.3467543767016261,6
351,6.7999129701001255,7.0,0.20008702989987448,2
352,6.799985416040516,7.0,0.2000145839594838,4
353,6.8000596723647035,7.0,0.19994032763529646,8
354,6.800049795648592,7.0,0.1999502043514081,6
355,6.799632970035536,7.0,0.20036702996446376,10
356,6.8003485582575935,7.0,0.19965144174240645,7
357,6.800248655317606,7.0,0.19975134468239375,3
358,6.800189870949243,7.0,0.199810129050757,1
359,6.800170898300994,7.0,0.19982910169900592,9
360,6.674780032633513,6.8750612633917,0.20028123075818716,8
361,6.67516940881746,6.8750612633917,0.19989185457423986,7
362,6.674856067198818,6.8750612633917,0.2002051961928819,9
363,6.675302498658925,6.8750612633917,0.19975876473277498,1
364,6.658972259762669,6.8750612633917,0.2160890036290315,4
365,6.674927865930632,6.8750612633917,0.20013339746106773,5
366,6.396115937558402,6.8750612633917,0.4789453258332985,6
367,6.675154921244169,6.8750612633917,0.1999063421475311,3
368,6.780685933167371,6.8750612633917,0.09437533022432909,2
369,6.5276680457580145,6.835056101720117,0.30738805596210206,9
370,6.502922870589171,6.835056101720117,0.3321332311309453,5
371,6.38011815435948,6.835056101720117,0.4549379473606363,6
372,6.524373653834639,6.835056101720117,0.31068244788547794,1
373,6.550427456946136,6.835056101720117,0.28462864477398053,8
374,6.535651894381366,6.835056101720117,0.2994042073387506,7
375,6.380005066828192,6.835056101720117,0.455051034891925,10
376,6.501890572453165,6.835056101720117,0.3331655292669513,3
377,6.634984631015466,6.835056101720117,0.2000714707046507,2
378,6.841967413809978,7.079181246047625,0.23721383223764736,2
379,6.8114734480101475,7.079181246047625,0.2677077980374776,10
380,6.75261715494019,7.079181246047625,0.3265640911074348,8
381,6.764471281396335,7.079181246047625,0.3147099646512901,1
382,6.753336130433431,7.079181246047625,0.32584511561419394,3
383,6.752099212721151,7.079181246047625,0.3270820333264739,5
384,6.819102779950461,7.079181246047625,0.26007846609716445,9
385,6.759997857044067,7.079181246047625,0.319183389003558,7
386,6.808759607411122,7.079181246047625,0.2704216386365035,4
387,4.550545803722306,4.072984744627931,-0.4775610590943753,1
388,4.569600047211986,4.072984744627931,-0.49661530258405495,6
389,4.508874729670949,4.072984744627931,-0.43588998504301824,9
390,4.513094402079272,4.072984744627931,-0.440109657451341,8
391,4.584507417429754,4.072984744627931,-0.5115226728018234,5
392,4.5950131819724955,4.072984744627931,-0.5220284373445647,4
393,4.603799246075356,4.072984744627931,-0.5308145014474253,7
394,4.7678755288853765,4.072984744627931,-0.6948907842574457,3
395,4.645227528276866,4.072984744627931,-0.5722427836489352,10
396,5.313543716570392,5.113943352306837,-0.19960036426355465,4
397,5.313682937333601,5.113943352306837,-0.19973958502676403,9
398,5.31414521816518,5.113943352306837,-0.2002018658583431,10
399,5.313967357070989,5.113943352306837,-0.20002400476415172,5
400,5.3139991556171395,5.113943352306837,-0.2000558033103026,6
401,5.313884090483832,5.113943352306837,-0.19994073817699487,3
402,5.31391816508533,5.113943352306837,-0.1999748127784935,1
403,5.314041749946208,5.113943352306837,-0.20009839763937087,8
404,5.313935369524069,5.113943352306837,-0.19999201721723203,7
405,5.2575577036980325,5.096910013008056,-0.1606476906899763,8
406,4.938272034920918,5.096910013008056,0.1586379780871381,5
407,5.0145193035433895,5.096910013008056,0.08239070946466676,10
408,5.11250855154233,5.096910013008056,-0.015598538534273843,2
409,4.974378850604409,5.096910013008056,0.12253116240364736,3
410,4.896554503465991,5.096910013008056,0.2003555095420655,4
411,4.959419073604151,5.096910013008056,0.13749093940390544,1
412,4.942463786208063,5.096910013008056,0.1544462267999931,7
413,5.0221103319046945,5.096910013008056,0.07479968110336177,9
414,5.142422838572459,5.342422680822207,0.19999984224974732,6
415,5.142452821695482,5.342422680822207,0.1999698591267247,5
416,5.142271610465309,5.342422680822207,0.20015107035689805,1
417,5.142275440549057,5.342422680822207,0.20014724027314923,3
418,5.142426460770876,5.342422680822207,0.19999622005133055,4
419,5.142542238203147,5.342422680822207,0.1998804426190599,9
420,5.142609401489432,5.342422680822207,0.19981327933277448,2
421,5.142276769927275,5.342422680822207,0.20014591089493194,10
422,5.142121392669828,5.342422680822207,0.2003012881523789,7
423,5.993555389994972,6.2405492482826,0.24699385828762832,6
424,6.040069193050031,6.2405492482826,0.2004800552325694,10
425,6.040783873002964,6.2405492482826,0.199765375279636,8
426,6.040737404061691,6.2405492482826,0.19981184422090958,9
427,6.040630375405229,6.2405492482826,0.19991887287737153,7
428,6.040745467550482,6.2405492482826,0.19980378073211824,2
429,6.040698349060636,6.2405492482826,0.19985089922196408,3
430,6.040452042348022,6.2405492482826,0.20009720593457825,1
431,5.99054150565905,6.2405492482826,0.2500077426235503,4
432,4.62703917745155,5.278753600952829,0.6517144235012786,10
433,4.613624327637905,5.278753600952829,0.6651292733149239,8
434,4.49933549179752,5.278753600952829,0.7794181091553085,6
435,4.563291480048583,5.278753600952829,0.7154621209042462,1
436,4.491857417762833,5.278753600952829,0.7868961831899961,7
437,4.567758642511809,5.278753600952829,0.7109949584410202,2
438,4.568208525637074,5.278753600952829,0.7105450753157552,3
439,4.544640257146057,5.278753600952829,0.7341133438067722,5
440,4.5296589511227765,5.278753600952829,0.7490946498300524,9
441,6.209663232788946,6.2552725051033065,0.04560927231436018,10
442,6.2099148528195025,6.2552725051033065,0.04535765228380395,9
443,6.128131414911583,6.2552725051033065,0.12714109019172337,6
444,6.156303801281569,6.2552725051033065,0.09896870382173706,5
445,6.181326710576492,6.2552725051033065,0.07394579452681427,7
446,6.181089164751015,6.2552725051033065,0.0741833403522918,2
447,6.1921545953753085,6.2552725051033065,0.06311790972799791,3
448,6.210064734974207,6.2552725051033065,0.0452077701290996,8
449,6.209742883603573,6.2552725051033065,0.04552962149973361,4
450,5.082754247080556,5.023540521554854,-0.05921372552570148,7
451,5.004523703995324,5.023540521554854,0.019016817559529997,6
452,5.178430877700557,5.023540521554854,-0.15489035614570312,1
453,5.138786261344164,5.023540521554854,-0.11524573978930963,5
454,5.141551671803201,5.023540521554854,-0.11801115024834719,4
455,5.115214226252027,5.023540521554854,-0.09167370469717273,2
456,5.211221236400282,5.023540521554854,-0.1876807148454276,9
457,5.223301924532056,5.023540521554854,-0.19976140297720235,10
458,5.199294098353816,5.023540521554854,-0.17575357679896175,3
459,5.9577505893830045,6.313867220369153,0.35611663098614876,9
460,5.952057389773626,6.313867220369153,0.3618098305955275,2
461,5.963532858385802,6.313867220369153,0.350334361983351,7
462,5.962907837207677,6.313867220369153,0.35095938316147635,5
463,5.967307418320006,6.313867220369153,0.34655980204914716,10
464,5.944587554806671,6.313867220369153,0.36927966556248215,3
465,5.948131125565051,6.313867220369153,0.3657360948041024,8
466,5.899720087685438,6.313867220369153,0.4141471326837154,4
467,5.857345557242825,6.313867220369153,0.45652166312632847,6
468,6.161774233835638,6.361727836017593,0.1999536021819548,5
469,6.090403895576921,6.361727836017593,0.27132394044067176,7
470,6.095540612688916,6.361727836017593,0.26618722332867684,9
471,6.132473405862045,6.361727836017593,0.2292544301555477,2
472,6.115113050645901,6.361727836017593,0.24661478537169224,4
473,6.158419514923401,6.361727836017593,0.20330832109419195,8
474,6.034768559554336,6.361727836017593,0.3269592764632572,3
475,6.1614067673743955,6.361727836017593,0.20032106864319754,10
476,6.106572299953883,6.361727836017593,0.2551555360637101,1
477,6.089798458949505,6.6020599913279625,0.5122615323784574,6
478,6.125783853240478,6.6020599913279625,0.4762761380874849,4
479,6.192107169136255,6.6020599913279625,0.40995282219170726,3
480,6.147643963968906,6.6020599913279625,0.4544160273590565,7
481,6.184736301814336,6.6020599913279625,0.4173236895136263,5
482,6.159066912127668,6.6020599913279625,0.44299307920029474,2
483,6.207086278806109,6.6020599913279625,0.3949737125218533,8
484,6.121677792791589,6.6020599913279625,0.48038219853637365,1
485,6.145234940935858,6.6020599913279625,0.4568250503921041,10
486,6.220347324988991,6.649334858712142,0.42898753372315124,6
487,6.323482601074695,6.649334858712142,0.32585225763744674,8
488,6.251807284107472,6.649334858712142,0.3975275746046698,9
489,6.271506297419744,6.649334858712142,0.3778285612923975,7
490,6.211126098960629,6.649334858712142,0.43820875975151274,5
491,6.251905961832394,6.649334858712142,0.3974288968797479,1
492,6.225169100387153,6.649334858712142,0.42416575832498893,2
493,6.097848474893293,6.649334858712142,0.5514863838188493,4
494,6.320409294246412,6.649334858712142,0.32892556446573007,10
495,6.089798458949505,6.041392685158225,-0.04840577379127975,6
496,6.192107169136255,6.041392685158225,-0.1507144839780299,3
497,6.145234940935858,6.041392685158225,-0.10384225577763306,10
498,6.207086278806109,6.041392685158225,-0.16569359364788383,8
499,6.125783853240478,6.041392685158225,-0.08439116808225222,4
500,6.121677792791589,6.041392685158225,-0.0802851076333635,1
501,6.159066912127668,6.041392685158225,-0.11767422696944241,2
502,6.111696582816051,6.041392685158225,-0.07030389765782541,9
503,6.147643963968906,6.041392685158225,-0.10625127881068064,7
504,5.701226949160058,5.901294817165567,0.20006786800550902,10
505,5.588689522172621,5.901294817165567,0.3126052949929461,1
506,5.638943814035393,5.901294817165567,0.2623510031301741,9
507,5.611107364493225,5.901294817165567,0.2901874526723427,3
508,5.669195703743679,5.901294817165567,0.2320991134218886,8
509,5.575175635793527,5.901294817165567,0.3261191813720403,5
510,5.604815394931487,5.901294817165567,0.2964794222340803,7
511,5.559855955977284,5.901294817165567,0.3414388611882835,4
512,5.489667671311015,5.901294817165567,0.4116271458545526,6
513,5.08695369587428,6.447158031342219,1.3602043354679392,1
514,5.061491922038546,6.447158031342219,1.3856661093036733,4
515,5.086955917110045,6.447158031342219,1.360202114232174,3
516,5.0259786525972885,6.447158031342219,1.421179378744931,2
517,5.08703289001787,6.447158031342219,1.3601251413243496,5
518,5.01169003861517,6.447158031342219,1.435467992727049,6
519,5.086890621476971,6.447158031342219,1.3602674098652487,9
520,5.087083428608978,6.447158031342219,1.360074602733241,8
521,5.0869869186532,6.447158031342219,1.3601711126890192,10
522,5.858353408794646,4.681241237375588,-1.1771121714190587,10
523,5.830107555059939,4.681241237375588,-1.1488663176843517,1
524,5.798075160841793,4.681241237375588,-1.1168339234662055,7
525,5.784753646961404,4.681241237375588,-1.1035124095858162,4
526,5.867725313019009,4.681241237375588,-1.1864840756434214,9
527,5.748558067016862,4.681241237375588,-1.0673168296412747,5
528,5.841921671731074,4.681241237375588,-1.160680434355486,2
529,5.733122184488701,4.681241237375588,-1.051880947113113,6
530,5.8248072970911995,4.681241237375588,-1.1435660597156119,8
531,5.964098021498733,5.81504617606463,-0.14905184543410321,8
532,5.886200390951671,5.81504617606463,-0.07115421488704055,9
533,5.795511834247845,5.81504617606463,0.019534341816784817,7
534,5.972737160964433,5.81504617606463,-0.15769098489980315,3
535,5.830850669518899,5.81504617606463,-0.01580449345426871,4
536,5.776290190761295,5.81504617606463,0.03875598530333502,5
537,5.870937283757112,5.81504617606463,-0.05589110769248151,6
538,5.952859706243701,5.81504617606463,-0.13781353017907083,2
539,5.824128682321351,5.81504617606463,-0.009082506256721246,10
540,5.278695778656532,4.992818520066679,-0.2858772585898528,5
541,5.433016089465934,4.992818520066679,-0.44019756939925436,10
542,5.392474057638769,4.992818520066679,-0.39965553757209005,2
543,5.277232727755086,4.992818520066679,-0.28441420768840686,1
544,5.432408343597644,4.992818520066679,-0.439589823530965,8
545,5.257906961306664,4.992818520066679,-0.26508844123998454,7
546,5.302530527794711,4.992818520066679,-0.30971200772803176,3
547,5.360877736774283,4.992818520066679,-0.36805921670760355,9
548,5.327922898336764,4.992818520066679,-0.3351043782700849,4
549,3.8968075039791366,3.204119982655925,-0.6926875213232115,1
550,3.5679319819033792,3.204119982655925,-0.3638119992474542,3
551,3.6543273397042464,3.204119982655925,-0.4502073570483214,10
552,3.6805369049554524,3.204119982655925,-0.47641692229952737,9
553,3.6593607625741575,3.204119982655925,-0.45524077991823253,2
554,3.738682321015594,3.204119982655925,-0.5345623383596689,4
555,3.6491710662008616,3.204119982655925,-0.4450510835449366,6
556,3.53384685950589,3.204119982655925,-0.32972687684996504,5
557,3.4221277289795355,3.204119982655925,-0.21800774632361053,8
558,6.019424875072847,6.8750612633917,0.8556363883188531,3
559,6.019470888444161,6.8750612633917,0.8555903749475391,8
560,5.979486535814305,6.8750612633917,0.8955747275773955,9
561,5.943454489833341,6.8750612633917,0.9316067735583591,1
562,6.019318079077236,6.8750612633917,0.8557431843144645,2
563,6.006469783088945,6.8750612633917,0.8685914803027552,10
564,6.019394217704508,6.8750612633917,0.8556670456871922,7
565,6.018917555924496,6.8750612633917,0.8561437074672043,4
566,5.920199293376611,6.8750612633917,0.9548619700150889,5
567,6.5072675252380785,6.8909795969896885,0.38371207175161004,7
568,6.690640305403745,6.8909795969896885,0.20033929158594344,2
569,6.479021790358924,6.8909795969896885,0.411957806630765,6
570,6.561264599093899,6.8909795969896885,0.3297149978957892,1
571,6.460344287497093,6.8909795969896885,0.43063530949259565,5
572,6.502836236102339,6.8909795969896885,0.3881433608873497,4
573,6.547325652093645,6.8909795969896885,0.34365394489604384,8
574,6.56097651064557,6.8909795969896885,0.3300030863441181,10
575,6.523436988889213,6.8909795969896885,0.3675426081004751,9
576,6.0880763814211285,6.0,-0.0880763814211285,8
577,6.022753935361763,6.0,-0.022753935361762956,5
578,6.09068819055995,6.0,-0.09068819055995014,3
579,6.035594884869372,6.0,-0.03559488486937212,4
580,6.015837180831395,6.0,-0.015837180831394626,2
581,5.943401713939803,6.0,0.05659828606019701,6
582,6.055916268976924,6.0,-0.055916268976924144,7
583,6.051051057561961,6.0,-0.05105105756196071,9
584,6.025308629355598,6.0,-0.025308629355597745,1
585,4.510083620222524,4.5003737143533735,-0.009709905869150326,2
586,4.700851843949575,4.5003737143533735,-0.2004781295962017,3
587,4.390082320719912,4.5003737143533735,0.11029139363346196,6
588,4.4642431947981365,4.5003737143533735,0.03613051955523705,5
589,4.534441598207605,4.5003737143533735,-0.03406788385423187,10
590,4.448566081133954,4.5003737143533735,0.05180763321941928,7
591,4.430798296768818,4.5003737143533735,0.06957541758455577,8
592,4.406290554424422,4.5003737143533735,0.09408315992895133,9
593,4.562684255101409,4.5003737143533735,-0.06231054074803577,4
594,5.965578755996297,6.3979400086720375,0.4323612526757401,2
595,6.0666314645086254,6.3979400086720375,0.33130854416341204,1
596,6.005586435286815,6.3979400086720375,0.3923535733852228,6
597,5.987977729729303,6.3979400086720375,0.40996227894273485,3
598,6.0882405839431195,6.3979400086720375,0.309699424728918,7
599,6.0745145465773716,6.3979400086720375,0.32342546209466594,4
600,5.935905582348305,6.3979400086720375,0.4620344263237328,10
601,5.9627556939938575,6.3979400086720375,0.43518431467818,9
602,6.197796101368404,6.3979400086720375,0.20014390730363374,8
603,6.616216674906708,6.447158031342219,-0.16905864356448852,1
604,6.25424057316275,6.447158031342219,0.19291745817946904,6
605,6.647006592222684,6.447158031342219,-0.199848560880465,10
606,6.455252361011805,6.447158031342219,-0.008094329669585676,3
607,6.5265617644027385,6.447158031342219,-0.07940373306051907,4
608,6.647022485448492,6.447158031342219,-0.1998644541062724,5
609,6.633184421381271,6.447158031342219,-0.18602639003905175,7
610,6.586092876385066,6.447158031342219,-0.13893484504284626,9
611,6.514199547699495,6.447158031342219,-0.06704151635727573,8
612,5.66645306460083,7.267171728403014,1.6007186638021835,9
613,5.709242740809846,7.267171728403014,1.5579289875931677,10
614,5.52235239747343,7.267171728403014,1.7448193309295839,4
615,5.518795125115333,7.267171728403014,1.7483766032876806,3
616,5.491813640710286,7.267171728403014,1.7753580876927275,7
617,5.511106264815036,7.267171728403014,1.7560654635879773,1
618,5.499386641053587,7.267171728403014,1.7677850873494263,8
619,5.528481117075902,7.267171728403014,1.7386906113271117,5
620,5.635996041325132,7.267171728403014,1.6311756870778815,2
621,5.72423590387832,5.045714058940868,-0.6785218449374515,5
622,5.722707132760278,5.045714058940868,-0.6769930738194097,4
623,5.760241863772537,5.045714058940868,-0.7145278048316683,9
624,5.794494313741629,5.045714058940868,-0.7487802548007609,8
625,5.797555811405429,5.045714058940868,-0.7518417524645606,10
626,5.678262453585813,5.045714058940868,-0.6325483946449442,6
627,5.7306266621100965,5.045714058940868,-0.6849126031692281,7
628,5.766893519929272,5.045714058940868,-0.7211794609884032,2
629,5.736480959919521,5.045714058940868,-0.6907669009786526,3
630,6.030535158547023,6.230448921378274,0.19991376283125106,2
631,6.030539132987431,6.230448921378274,0.19990978839084317,9
632,6.0303849949761865,6.230448921378274,0.2000639264020876,3
633,6.030590047263072,6.230448921378274,0.1998588741152023,6
634,6.030793686232429,6.230448921378274,0.19965523514584493,8
635,6.030281288512366,6.230448921378274,0.20016763286590855,7
636,6.030510567976936,6.230448921378274,0.19993835340133792,5
637,6.030557188582185,6.230448921378274,0.19989173279608874,10
638,6.0305411287422,6.230448921378274,0.19990779263607372,4
639,5.500111313409508,4.127104798364807,-1.3730065150447004,1
640,5.777442675226488,4.127104798364807,-1.6503378768616805,5
641,5.769949029516535,4.127104798364807,-1.6428442311517282,3
642,5.128557118058086,4.127104798364807,-1.0014523196932785,9
643,5.7926041749573685,4.127104798364807,-1.6654993765925612,4
644,5.750260560646697,4.127104798364807,-1.6231557622818897,10
645,5.77398317493372,4.127104798364807,-1.646878376568913,8
646,5.781393274627385,4.127104798364807,-1.654288476262578,2
647,5.745337592545631,4.127104798364807,-1.618232794180824,7
648,5.7999437658160655,6.0,0.20005623418393448,4
649,5.700593526172637,6.0,0.2994064738273634,10
650,5.799998981203306,6.0,0.2000010187966943,8
651,5.8003177431484545,6.0,0.1996822568515455,9
652,5.766469922126697,6.0,0.23353007787330338,7
653,5.800169934108048,6.0,0.19983006589195185,6
654,5.799706227726411,6.0,0.20029377227358935,2
655,5.800324994293127,6.0,0.19967500570687324,3
656,5.800097610280989,6.0,0.19990238971901064,1
657,6.218442052472961,5.715167357848458,-0.503274694624503,7
658,6.216789807138461,5.715167357848458,-0.5016224492900037,10
659,6.128414243059798,5.715167357848458,-0.4132468852113407,4
660,6.189769185653015,5.715167357848458,-0.4746018278045572,5
661,6.218552886130052,5.715167357848458,-0.5033855282815942,2
662,6.207066957053145,5.715167357848458,-0.49189959920468773,8
663,6.230181775919868,5.715167357848458,-0.5150144180714102,6
664,6.217099040874723,5.715167357848458,-0.5019316830262657,9
665,6.196324949216631,5.715167357848458,-0.4811575913681736,3
666,5.8241792074355745,6.024046225131059,0.19986701769548443,3
667,5.823911335623776,6.024046225131059,0.2001348895072832,8
668,5.835038248276219,6.024046225131059,0.18900797685483983,4
669,5.862698490306032,6.024046225131059,0.16134773482502673,9
670,5.833007290624453,6.024046225131059,0.19103893450660614,5
671,5.88903927047223,6.024046225131059,0.13500695465882906,7
672,6.019979934236239,6.024046225131059,0.004066290894820135,1
673,5.840327478575017,6.024046225131059,0.1837187465560417,2
674,5.853560812083745,6.024046225131059,0.1704854130473139,10
675,3.112681753391223,3.645422269349092,0.5327405159578689,2
676,3.0902903349781727,3.645422269349092,0.5551319343709191,5
677,3.1968006982598722,3.645422269349092,0.44862157108921963,10
678,3.137192970411176,3.645422269349092,0.5082292989379158,4
679,3.3762735814512466,3.645422269349092,0.2691486878978453,6
680,3.076451217720469,3.645422269349092,0.568971051628623,3
681,3.1776090956725533,3.645422269349092,0.4678131736765385,8
682,3.0755527225221235,3.645422269349092,0.5698695468269683,9
683,3.0883491511126886,3.645422269349092,0.5570731182364033,1
684,4.426729004495754,3.146128035678238,-1.2806009688175157,10
685,4.4058651625847505,3.146128035678238,-1.2597371269065123,3
686,4.434267077590663,3.146128035678238,-1.2881390419124248,9
687,4.4505485493051395,3.146128035678238,-1.3044205136269014,8
688,4.388891129295509,3.146128035678238,-1.2427630936172704,4
689,4.361430569371676,3.146128035678238,-1.2153025336934382,7
690,4.40824247867706,3.146128035678238,-1.262114442998822,5
691,4.43312163304012,3.146128035678238,-1.2869935973618816,1
692,4.409729512349976,3.146128035678238,-1.263601476671738,6
693,3.1776090956725533,2.8750612633917,-0.30254783228085325,8
694,3.0902903349781727,2.8750612633917,-0.21522907158647264,5
695,3.0883491511126886,2.8750612633917,-0.2132878877209885,1
696,3.034028757462288,2.8750612633917,-0.15896749407058808,7
697,3.112681753391223,2.8750612633917,-0.2376204899995229,2
698,3.1968006982598722,2.8750612633917,-0.32173943486817214,10
699,3.076451217720469,2.8750612633917,-0.20138995432876872,3
700,3.0755527225221235,2.8750612633917,-0.20049145913042343,9
701,3.137192970411176,2.8750612633917,-0.26213170701947597,4
702,3.8403597131476688,3.3010299956639813,-0.5393297174836875,5
703,3.739734100936185,3.3010299956639813,-0.4387041052722038,7
704,3.842867385256768,3.3010299956639813,-0.5418373895927866,2
705,3.7983706776769406,3.3010299956639813,-0.49734068201295933,6
706,3.919067591622965,3.3010299956639813,-0.6180375959589837,9
707,3.937947133569982,3.3010299956639813,-0.6369171379060008,8
708,3.9014625308899493,3.3010299956639813,-0.6004325352259681,3
709,3.956661707177903,3.3010299956639813,-0.6556317115139216,10
710,3.8463290729523956,3.3010299956639813,-0.5452990772884143,4
711,4.365857193821984,3.3138672203691533,-1.051989973452831,3
712,4.306132760622464,3.3138672203691533,-0.9922655402533112,1
713,4.427120098021561,3.3138672203691533,-1.1132528776524078,5
714,4.541430831714679,3.3138672203691533,-1.2275636113455262,2
715,4.294978983017791,3.3138672203691533,-0.9811117626486379,6
716,4.388985546814586,3.3138672203691533,-1.0751183264454331,9
717,4.2955759793726,3.3138672203691533,-0.981708759003447,10
718,4.325865136963704,3.3138672203691533,-1.0119979165945505,4
719,4.370986329029747,3.3138672203691533,-1.0571191086605936,8
720,4.606577416635668,5.905795880367869,1.2992184637322008,2
721,4.530922967604049,5.905795880367869,1.37487291276382,7
722,4.640993440639511,5.905795880367869,1.2648024397283582,3
723,4.599597309027241,5.905795880367869,1.3061985713406274,10
724,4.61629928556546,5.905795880367869,1.2894965948024089,4
725,4.586461437336821,5.905795880367869,1.3193344430310479,1
726,4.623684389485434,5.905795880367869,1.2821114908824347,9
727,4.657473424109468,5.905795880367869,1.2483224562584008,8
728,4.664399749044526,5.905795880367869,1.2413961313233424,5
729,4.342256387562505,2.6989700043360187,-1.643286383226486,2
730,4.363118006733121,2.6989700043360187,-1.664148002397102,8
731,4.4763891344343065,2.6989700043360187,-1.7774191300982878,9
732,4.322695590564518,2.6989700043360187,-1.623725586228499,4
733,4.356871924036818,2.6989700043360187,-1.657901919700799,10
734,4.330292401773986,2.6989700043360187,-1.631322397437967,6
735,4.332696518592364,2.6989700043360187,-1.6337265142563453,5
736,4.260028504371174,2.6989700043360187,-1.5610585000351556,7
737,4.297578471539184,2.6989700043360187,-1.5986084672031655,1
738,3.6503650613778866,4.146128035678238,0.49576297430035154,7
739,3.7351717062225207,4.146128035678238,0.4109563294557175,1
740,3.728072602729371,4.146128035678238,0.41805543294886727,4
741,3.7391174729941077,4.146128035678238,0.4070105626841305,8
742,3.755993484473879,4.146128035678238,0.39013455120435925,3
743,3.6871523066146534,4.146128035678238,0.45897572906358475,2
744,3.7188447010680132,4.146128035678238,0.42728333461022494,9
745,3.727803098436489,4.146128035678238,0.41832493724174924,10
746,3.7119971452146197,4.146128035678238,0.4341308904636185,5
747,3.712750636543233,3.2430380486862944,-0.4697125878569386,2
748,3.6704971570264746,3.2430380486862944,-0.4274591083401802,9
749,4.124630538754855,3.2430380486862944,-0.8815924900685603,6
750,3.8790407888344607,3.2430380486862944,-0.6360027401481663,5
751,3.6496008043770765,3.2430380486862944,-0.40656275569078204,10
752,3.5967340472517777,3.2430380486862944,-0.3536959985654833,7
753,3.7592263599292726,3.2430380486862944,-0.5161883112429781,8
754,3.6120096939946773,3.2430380486862944,-0.3689716453083829,1
755,3.7160591279061843,3.2430380486862944,-0.4730210792198899,3
756,3.803469147979963,2.6532125137753435,-1.1502566342046197,1
757,3.740240082320705,2.6532125137753435,-1.0870275685453614,2
758,3.670257697237605,2.6532125137753435,-1.0170451834622614,8
759,3.69295424674395,2.6532125137753435,-1.0397417329686065,4
760,3.5638836953302433,2.6532125137753435,-0.9106711815548998,5
761,3.681394042555423,2.6532125137753435,-1.0281815287800793,3
762,3.363208194757111,2.6532125137753435,-0.7099956809817676,9
763,3.6153657209142898,2.6532125137753435,-0.9621532071389463,7
764,3.7258694702289663,2.6532125137753435,-1.0726569564536228,10
765,4.095391241948986,2.1089031276673134,-1.986488114281673,1
766,4.1369336080609145,2.1089031276673134,-2.028030480393601,4
767,4.185875468540877,2.1089031276673134,-2.076972340873564,8
768,4.098007560536924,2.1089031276673134,-1.989104432869611,9
769,4.156715312323735,2.1089031276673134,-2.0478121846564217,3
770,4.214961237224914,2.1089031276673134,-2.1060581095576008,6
771,3.9196915694379095,2.1089031276673134,-1.8107884417705962,7
772,4.00784720084654,2.1089031276673134,-1.8989440731792269,10
773,4.160734145309048,2.1089031276673134,-2.0518310176417347,2
774,4.200529348725412,3.7781512503836434,-0.4223780983417682,8
775,4.076334031189958,3.7781512503836434,-0.2981827808063149,5
776,4.184317070229417,3.7781512503836434,-0.4061658198457736,2
777,4.064739226130696,3.7781512503836434,-0.2865879757470524,6
778,4.091935324106629,3.7781512503836434,-0.31378407372298556,4
779,4.079262982362293,3.7781512503836434,-0.3011117319786494,7
780,4.2585051660047135,3.7781512503836434,-0.4803539156210701,10
781,4.04955830968092,3.7781512503836434,-0.2714070592972768,9
782,4.153490028481122,3.7781512503836434,-0.3753387780974786,1
783,4.091935324106629,3.3010299956639813,-0.7909053284426477,4
784,4.200529348725412,3.3010299956639813,-0.8994993530614304,8
785,4.079262982362293,3.3010299956639813,-0.7782329866983115,7
786,4.2616722656864425,3.3010299956639813,-0.9606422700224613,3
787,4.076334031189958,3.3010299956639813,-0.775304035525977,5
788,4.064739226130696,3.3010299956639813,-0.7637092304667146,6
789,4.153490028481122,3.3010299956639813,-0.8524600328171408,1
790,4.04955830968092,3.3010299956639813,-0.748528314016939,9
791,4.184317070229417,3.3010299956639813,-0.8832870745654358,2
792,4.168256882686489,3.0,-1.1682568826864888,1
793,4.265023327205981,3.0,-1.2650233272059808,8
794,4.192071611145867,3.0,-1.1920716111458667,7
795,4.233316241658629,3.0,-1.2333162416586294,3
796,4.238640828128681,3.0,-1.2386408281286814,2
797,4.199691788576181,3.0,-1.1996917885761809,9
798,4.1819294739153685,3.0,-1.1819294739153685,5
799,4.216113371921317,3.0,-1.2161133719213169,10
800,4.18895055914975,3.0,-1.1889505591497498,6
801,4.748820670803538,4.431363764158987,-0.3174569066445514,4
802,4.7653506976549185,4.431363764158987,-0.33398693349593156,9
803,4.6707821309166455,4.431363764158987,-0.2394183667576586,2
804,4.698242938508514,4.431363764158987,-0.2668791743495271,5
805,4.763418992419598,4.431363764158987,-0.33205522826061085,10
806,4.688935300637021,4.431363764158987,-0.257571536478034,3
807,4.724673762375532,4.431363764158987,-0.2933099982165448,1
808,4.723571021962991,4.431363764158987,-0.29220725780400425,6
809,4.71076441328612,4.431363764158987,-0.27940064912713325,8
810,4.617914206905088,4.423245873936808,-0.19466833296827968,6
811,4.612734782850851,4.423245873936808,-0.18948890891404346,2
812,4.585217641961471,4.423245873936808,-0.16197176802466284,1
813,4.622929659032563,4.423245873936808,-0.1996837850957549,3
814,4.594749672360577,4.423245873936808,-0.17150379842376928,5
815,4.623100175571555,4.423245873936808,-0.1998543016347467,8
816,4.6234916441725815,4.423245873936808,-0.2002457702357736,9
817,4.570629019350548,4.423245873936808,-0.1473831454137402,4
818,4.623166530610442,4.423245873936808,-0.19992065667363423,10
819,4.3373907117830806,4.431363764158987,0.09397305237590636,8
820,4.316188467977103,4.431363764158987,0.11517529618188416,6
821,4.285677752178512,4.431363764158987,0.14568601198047482,2
822,4.30862599744415,4.431363764158987,0.12273776671483727,9
823,4.291067446343319,4.431363764158987,0.1402963178156682,1
824,4.323540126625852,4.431363764158987,0.10782363753313451,3
825,4.249214674133818,4.431363764158987,0.18214909002516855,7
826,4.335984509092795,4.431363764158987,0.0953792550661916,5
827,4.346698136901142,4.431363764158987,0.08466562725784499,4
828,4.212578895996117,5.544068044350276,1.3314891483541587,8
829,4.1772659736377875,5.544068044350276,1.3668020707124882,1
830,4.1875051153245515,5.544068044350276,1.3565629290257242,4
831,4.107540088255468,5.544068044350276,1.4365279560948077,9
832,4.166231191499508,5.544068044350276,1.377836852850768,5
833,4.092393174255897,5.544068044350276,1.4516748700943785,7
834,4.168114043127179,5.544068044350276,1.3759540012230964,2
835,4.196111831697051,5.544068044350276,1.3479562126532247,3
836,4.232614908322403,5.544068044350276,1.3114531360278727,10
837,4.386792340294324,3.0,-1.386792340294324,5
838,4.480868737185408,3.0,-1.480868737185408,2
839,4.530968192451239,3.0,-1.5309681924512386,3
840,4.428667533205386,3.0,-1.4286675332053864,10
841,4.538314915174188,3.0,-1.5383149151741877,7
842,4.6100650270292265,3.0,-1.6100650270292265,4
843,4.569800611776818,3.0,-1.5698006117768184,6
844,4.49552363935313,3.0,-1.49552363935313,9
845,4.585455989212613,3.0,-1.5854559892126128,1
846,5.288280692621129,3.1583624920952498,-2.129918200525879,3
847,5.448141506208731,3.1583624920952498,-2.289779014113481,9
848,5.4013295576539795,3.1583624920952498,-2.2429670655587297,7
849,5.431420770125728,3.1583624920952498,-2.273058278030478,5
850,5.3387125998853024,3.1583624920952498,-2.1803501077900527,4
851,5.329150532892277,3.1583624920952498,-2.1707880407970275,2
852,5.346881528040147,3.1583624920952498,-2.1885190359448976,8
853,5.671265343392446,3.1583624920952498,-2.5129028512971963,10
854,5.432349666238279,3.1583624920952498,-2.2739871741430293,1
855,3.9160845494005905,2.740362689494244,-1.1757218599063464,6
856,3.9073397730664654,2.740362689494244,-1.1669770835722213,4
857,3.92355780823149,2.740362689494244,-1.1831951187372458,1
858,3.9141933162056306,2.740362689494244,-1.1738306267113865,2
859,3.899951492330299,2.740362689494244,-1.1595888028360548,3
860,3.8615920636699452,2.740362689494244,-1.1212293741757011,9
861,3.9237487255928505,2.740362689494244,-1.1833860360986064,5
862,3.9584842143828993,2.740362689494244,-1.2181215248886552,8
863,3.8427297001183076,2.740362689494244,-1.1023670106240635,7
864,4.26554399391971,3.6232492903979,-0.6422947035218103,2
865,4.262796644271062,3.6232492903979,-0.6395473538731622,10
866,4.088092633050428,3.6232492903979,-0.4648433426525278,3
867,4.123032291380893,3.6232492903979,-0.4997830009829931,9
868,4.09035107629535,3.6232492903979,-0.4671017858974498,7
869,4.034711247733918,3.6232492903979,-0.41146195733601854,6
870,4.120252099046907,3.6232492903979,-0.4970028086490075,8
871,4.1448826728565304,3.6232492903979,-0.5216333824586306,5
872,4.120779742214056,3.6232492903979,-0.4975304518161563,1
873,5.9804688164584885,5.375092713083399,-0.6053761033750895,4
874,5.848500858386495,5.375092713083399,-0.47340814530309583,5
875,6.006785924038531,5.375092713083399,-0.6316932109551319,9
876,5.9276833777457325,5.375092713083399,-0.5525906646623335,3
877,5.924783423293951,5.375092713083399,-0.5496907102105517,8
878,5.897257501953995,5.375092713083399,-0.5221647888705956,2
879,5.896287147653184,5.375092713083399,-0.521194434569785,1
880,5.874440684628183,5.375092713083399,-0.4993479715447844,10
881,5.909562718265189,5.375092713083399,-0.5344700051817899,7
882,6.289007254706489,6.361727836017593,0.07272058131110448,2
883,6.315966055016967,6.361727836017593,0.04576178100062567,4
884,6.274156780426482,6.361727836017593,0.08757105559111089,3
885,6.268966984330345,6.361727836017593,0.09276085168724801,1
886,6.2373749473626985,6.361727836017593,0.12435288865489458,5
887,6.3165098237319866,6.361727836017593,0.04521801228560651,6
888,6.316123382614974,6.361727836017593,0.04560445340261943,9
889,6.398427155245351,6.361727836017593,-0.0366993192277576,8
890,6.161457890359821,6.361727836017593,0.20026994565777212,7
891,6.210064734974207,6.409933123331294,0.1998683883570873,8
892,6.181089164751015,6.409933123331294,0.2288439585802795,2
893,6.1921545953753085,6.409933123331294,0.21777852795598562,3
894,6.2099148528195025,6.409933123331294,0.20001827051179166,9
895,6.209742883603573,6.409933123331294,0.20019023972772132,4
896,6.156303801281569,6.409933123331294,0.25362932204972477,5
897,6.209663232788946,6.409933123331294,0.2002698905423479,10
898,6.128131414911583,6.409933123331294,0.2818017084197111,6
899,6.181326710576492,6.409933123331294,0.22860641275480198,7
900,6.67692488716639,6.477121254719663,-0.19980363244672716,3
901,6.676903805631745,6.477121254719663,-0.19978255091208208,7
902,6.677327268050512,6.477121254719663,-0.20020601333084898,9
903,6.6769749440564965,6.477121254719663,-0.1998536893368339,10
904,6.2773387017276185,6.477121254719663,0.19978255299204406,8
905,6.677124999490321,6.477121254719663,-0.2000037447706582,6
906,6.676801343931385,6.477121254719663,-0.1996800892117223,1
907,6.676641276473882,6.477121254719663,-0.19952002175421946,4
908,6.677214522049567,6.477121254719663,-0.20009326732990473,5
909,6.554317976433771,7.021189299069938,0.46687132263616693,1
910,6.450563977396748,7.021189299069938,0.57062532167319,5
911,6.481306472167337,7.021189299069938,0.539882826902601,9
912,6.476779807322398,7.021189299069938,0.5444094917475404,3
913,6.53448400666028,7.021189299069938,0.486705292409658,6
914,6.504006434864818,7.021189299069938,0.5171828642051199,4
915,6.5571596697470085,7.021189299069938,0.4640296293229298,8
916,6.523870374704126,7.021189299069938,0.49731892436581226,10
917,6.522012764278973,7.021189299069938,0.4991765347909656,7
918,4.907435564199806,3.413299764081252,-1.4941358001185545,7
919,4.964075920758867,3.413299764081252,-1.5507761566776148,5
920,5.003647377930716,3.413299764081252,-1.590347613849464,10
921,4.990980210595411,3.413299764081252,-1.577680446514159,4
922,4.9346691236471045,3.413299764081252,-1.5213693595658526,2
923,4.978991661642871,3.413299764081252,-1.565691897561619,1
924,5.024069990747691,3.413299764081252,-1.610770226666439,8
925,5.022876117271537,3.413299764081252,-1.6095763531902847,9
926,4.977411408244523,3.413299764081252,-1.5641116441632708,3
927,5.134899485732864,4.260071387985075,-0.8748280977477885,4
928,5.069233508341168,4.260071387985075,-0.8091621203560928,5
929,5.105464491433572,4.260071387985075,-0.8453931034484965,1
930,5.072810098994125,4.260071387985075,-0.8127387110090503,10
931,5.126157229051922,4.260071387985075,-0.8660858410668473,6
932,5.077439606529152,4.260071387985075,-0.8173682185440772,3
933,5.138289625836498,4.260071387985075,-0.8782182378514225,2
934,5.132281498365385,4.260071387985075,-0.8722101103803102,7
935,5.154945633745205,4.260071387985075,-0.8948742457601302,8
936,6.264509154341079,6.0,-0.2645091543410789,7
937,6.310615919869657,6.0,-0.3106159198696572,9
938,6.265873613118022,6.0,-0.26587361311802216,5
939,6.27031145184942,6.0,-0.2703114518494196,3
940,6.247655176675748,6.0,-0.24765517667574777,2
941,6.276215150871477,6.0,-0.27621515087147674,1
942,6.269145289698421,6.0,-0.2691452896984208,8
943,6.246796714788302,6.0,-0.24679671478830212,10
944,6.310116905063611,6.0,-0.31011690506361056,4
945,6.539965170642381,6.740362689494244,0.2003975188518634,8
946,6.540281438302323,6.740362689494244,0.20008125119192144,2
947,6.448206792634205,6.740362689494244,0.29215589686003884,5
948,6.540258603042301,6.740362689494244,0.200104086451943,1
949,6.54036227999682,6.740362689494244,0.2000004094974237,10
950,6.540354170551045,6.740362689494244,0.20000851894319904,9
951,6.540165889060761,6.740362689494244,0.2001968004334831,3
952,6.540344521801405,6.740362689494244,0.2000181676928392,7
953,6.54031497167226,6.740362689494244,0.20004771782198372,4
954,6.299650954761265,6.099231615080882,-0.2004193396803835,10
955,6.298919251643698,6.099231615080882,-0.19968763656281574,1
956,6.298943563546711,6.099231615080882,-0.19971194846582918,4
957,6.299183285393379,6.099231615080882,-0.1999516703124975,6
958,6.299290548512858,6.099231615080882,-0.20005893343197645,7
959,6.298919597041832,6.099231615080882,-0.19968798196094983,9
960,6.299116603456211,6.099231615080882,-0.1998849883753291,2
961,6.29924981661328,6.099231615080882,-0.2000182015323979,8
962,6.29922053306714,6.099231615080882,-0.19998891798625795,3
963,6.37992963860044,6.431363764158987,0.051434125558547095,7
964,6.317129796780938,6.431363764158987,0.11423396737804925,3
965,6.380444770711792,6.431363764158987,0.05091899344719497,1
966,6.334471446123071,6.431363764158987,0.09689231803591625,6
967,6.344925251285044,6.431363764158987,0.08643851287394266,8
968,6.31623921155538,6.431363764158987,0.1151245526036071,10
969,6.388627384903139,6.431363764158987,0.04273637925584772,4
970,6.307820086140083,6.431363764158987,0.12354367801890387,5
971,6.356140649577176,6.431363764158987,0.07522311458181097,9
972,6.568422580472562,4.6464037262230695,-1.922018854249492,10
973,6.424914158127203,4.6464037262230695,-1.7785104319041336,2
974,6.51694405946774,4.6464037262230695,-1.8705403332446702,5
975,6.51891765709814,4.6464037262230695,-1.872513930875071,9
976,6.528761724533334,4.6464037262230695,-1.8823579983102645,3
977,6.616914297833825,4.6464037262230695,-1.9705105716107552,1
978,6.576000588312703,4.6464037262230695,-1.9295968620896335,6
979,6.590037850272472,4.6464037262230695,-1.9436341240494022,8
980,6.542971344504342,4.6464037262230695,-1.8965676182812725,4
981,6.242525587416994,6.142702245737616,-0.0998233416793779,7
982,6.3429322367141525,6.142702245737616,-0.2002299909765366,3
983,6.340379746000824,6.142702245737616,-0.1976775002632083,5
984,6.342662972253065,6.142702245737616,-0.1999607265154495,9
985,6.342608383537692,6.142702245737616,-0.1999061378000757,10
986,6.342677885415966,6.142702245737616,-0.19997563967835053,4
987,6.342983737417248,6.142702245737616,-0.2002814916796325,6
988,6.342517118548288,6.142702245737616,-0.19981487281067167,2
989,6.342955347856958,6.142702245737616,-0.20025310211934233,8
990,6.248524495442746,6.431363764158987,0.1828392687162408,4
991,6.316823729957895,6.431363764158987,0.1145400342010916,1
992,6.325621080172377,6.431363764158987,0.1057426839866098,8
993,6.289208325423961,6.431363764158987,0.1421554387350259,2
994,6.278091467383035,6.431363764158987,0.15327229677595167,5
995,6.252512611381056,6.431363764158987,0.17885115277793062,9
996,6.285976822458092,6.431363764158987,0.14538694170089528,10
997,6.231305887022177,6.431363764158987,0.20005787713680956,3
998,6.27148181064057,6.431363764158987,0.1598819535184166,7
999,6.065590780889616,6.19258417809083,0.12699339720121383,5
1000,6.070251595119339,6.19258417809083,0.12233258297149074,1
1001,6.0841728753982975,6.19258417809083,0.10841130269253263,2
1002,6.03012200752148,6.19258417809083,0.1624621705693503,7
1003,6.057279261085286,6.19258417809083,0.13530491700554403,9
1004,5.992929887412434,6.19258417809083,0.1996542906783958,10
1005,6.004078968951059,6.19258417809083,0.18850520913977142,6
1006,6.068258962852034,6.19258417809083,0.12432521523879636,4
1007,5.992381533687085,6.19258417809083,0.20020264440374547,8
1008,6.2913985586902506,6.238046103128795,-0.053352455561455514,4
1009,6.166643916270893,6.238046103128795,0.07140218685790245,2
1010,6.25654722442835,6.238046103128795,-0.018501121299554946,10
1011,6.146342176697949,6.238046103128795,0.09170392643084568,6
1012,6.210423018661138,6.238046103128795,0.027623084467657044,7
1013,6.114015043464616,6.238046103128795,0.12403105966417893,1
1014,6.179808447998444,6.238046103128795,0.05823765513035095,3
1015,6.083999811451306,6.238046103128795,0.1540462916774894,5
1016,6.208121911582214,6.238046103128795,0.02992419154658066,8
1017,6.2842537662872715,6.950851458888547,0.6665976926012753,5
1018,6.286917787447869,6.950851458888547,0.6639336714406774,2
1019,6.319742601642171,6.950851458888547,0.6311088572463754,4
1020,6.3265146386175175,6.950851458888547,0.6243368202710293,10
1021,6.354242325118673,6.950851458888547,0.5966091337698742,6
1022,6.28250553089515,6.950851458888547,0.6683459279933972,7
1023,6.251295215891909,6.950851458888547,0.6995562429966382,8
1024,6.266405617927963,6.950851458888547,0.684445840960584,1
1025,6.298473014039402,6.950851458888547,0.6523784448491448,9
1026,6.20399156076245,4.819543935541868,-1.3844476252205817,3
1027,6.305609474022392,4.819543935541868,-1.4860655384805233,6
1028,6.2339263459280545,4.819543935541868,-1.4143824103861862,8
1029,6.261217569085264,4.819543935541868,-1.4416736335433953,10
1030,6.2945302289168,4.819543935541868,-1.4749862933749318,9
1031,6.303229363997496,4.819543935541868,-1.4836854284556278,1
1032,6.273022065308772,4.819543935541868,-1.4534781297669035,2
1033,6.14688127988569,4.819543935541868,-1.327337344343822,5
1034,6.200179327799925,4.819543935541868,-1.380635392258057,4
1035,6.357875534653491,4.716504163773217,-1.6413713708802744,5
1036,6.4923497130341605,4.716504163773217,-1.7758455492609437,7
1037,6.438862462824778,4.716504163773217,-1.7223582990515611,6
1038,6.325099635083052,4.716504163773217,-1.608595471309835,3
1039,6.397373642000891,4.716504163773217,-1.6808694782276739,8
1040,6.294430459316673,4.716504163773217,-1.577926295543456,9
1041,6.372814755210891,4.716504163773217,-1.6563105914376743,2
1042,6.472951825826894,4.716504163773217,-1.7564476620536773,10
1043,6.328442936882516,4.716504163773217,-1.6119387731092996,4
1044,6.368147810818146,6.612783856719736,0.24463604590158994,2
1045,6.367980536258036,6.612783856719736,0.24480332046169995,1
1046,6.412991210868877,6.612783856719736,0.19979264585085943,4
1047,6.329144680468092,6.612783856719736,0.28363917625164436,10
1048,6.393967257630605,6.612783856719736,0.21881659908913154,3
1049,6.412788083647928,6.612783856719736,0.1999957730718087,6
1050,6.38554790872666,6.612783856719736,0.22723594799307634,7
1051,6.31077840582347,6.612783856719736,0.3020054508962664,5
1052,6.412909061590478,6.612783856719736,0.19987479512925876,9
1053,6.03602365077978,5.7160033436348,-0.3200203071449801,10
1054,6.124469750633828,5.7160033436348,-0.40846640699902803,9
1055,6.18893293777257,5.7160033436348,-0.4729295941377698,4
1056,6.091772503512897,5.7160033436348,-0.37576915987809656,7
1057,6.0972108051901905,5.7160033436348,-0.3812074615553902,8
1058,6.113319309277978,5.7160033436348,-0.3973159656431777,1
1059,6.108566998810262,5.7160033436348,-0.39256365517546143,5
1060,6.081084686304293,5.7160033436348,-0.36508134266949277,2
1061,6.084662714852359,5.7160033436348,-0.368659371217559,3
1062,6.146212957309488,6.3979400086720375,0.2517270513625496,1
1063,6.089382613693963,6.3979400086720375,0.30855739497807466,2
1064,6.198182807359279,6.3979400086720375,0.19975720131275843,4
1065,6.111908275201574,6.3979400086720375,0.2860317334704634,8
1066,6.1409693238916185,6.3979400086720375,0.25697068478041896,5
1067,6.046516064780695,6.3979400086720375,0.35142394389134246,10
1068,6.109789760640676,6.3979400086720375,0.2881502480313616,6
1069,6.120931079333657,6.3979400086720375,0.27700892933838084,9
1070,6.098813538018918,6.3979400086720375,0.29912647065311937,3
1071,6.072493301759196,6.077258863692948,0.004765561933751883,6
1072,6.017126795340765,6.077258863692948,0.06013206835218288,9
1073,6.050271060167216,6.077258863692948,0.026987803525732268,3
1074,6.016128996842537,6.077258863692948,0.06112986685041122,1
1075,5.97433907907151,6.077258863692948,0.10291978462143803,7
1076,5.963744692759771,6.077258863692948,0.11351417093317728,10
1077,6.048524487295672,6.077258863692948,0.02873437639727605,2
1078,6.032466264569386,6.077258863692948,0.044792599123561594,5
1079,6.058015082903571,6.077258863692948,0.019243780789376608,4
1080,6.349966721327405,6.614897216033135,0.26493049470573027,7
1081,6.377144001355759,6.614897216033135,0.23775321467737598,3
1082,6.311815817480426,6.614897216033135,0.30308139855270966,10
1083,6.4149880634292415,6.614897216033135,0.19990915260389386,9
1084,6.390379497350729,6.614897216033135,0.22451771868240655,2
1085,6.146992961441963,6.614897216033135,0.467904254591172,1
1086,6.375090554816521,6.614897216033135,0.23980666121661454,4
1087,6.4150473541569255,6.614897216033135,0.1998498618762099,6
1088,6.3462215179361126,6.614897216033135,0.26867569809702285,8
1089,5.358740510786285,5.00902574208691,-0.3497147686993749,6
1090,5.405081771752496,5.00902574208691,-0.3960560296655853,2
1091,5.391345172155272,5.00902574208691,-0.3823194300683612,8
1092,5.428632366164084,5.00902574208691,-0.41960662407717386,4
1093,5.427708574450202,5.00902574208691,-0.4186828323632916,9
1094,5.346038989063916,5.00902574208691,-0.33701324697700574,5
1095,5.405132990490941,5.00902574208691,-0.39610724840403044,3
1096,5.391896569289219,5.00902574208691,-0.3828708272023089,7
1097,5.423277810180249,5.00902574208691,-0.41425206809333837,1
1098,5.5739545477757515,5.37383114507383,-0.2001234027019212,5
1099,5.61676512483231,5.37383114507383,-0.24293397975847952,7
1100,5.611213128462641,5.37383114507383,-0.23738198338881045,6
1101,5.574085041944517,5.37383114507383,-0.20025389687068706,2
1102,5.592305920333433,5.37383114507383,-0.2184747752596028,10
1103,5.601428348707043,5.37383114507383,-0.22759720363321279,4
1104,5.603675428959802,5.37383114507383,-0.22984428388597156,1
1105,5.635870376505397,5.37383114507383,-0.26203923143156693,8
1106,5.57404185487285,5.37383114507383,-0.20021070979901978,3
1107,6.100657138590109,6.477121254719663,0.37646411612955344,6
1108,6.201778182609553,6.477121254719663,0.27534307211010933,9
1109,6.076896670269894,6.477121254719663,0.4002245844497683,5
1110,6.144722948536078,6.477121254719663,0.3323983061835847,3
1111,6.033973935120604,6.477121254719663,0.44314731959905895,1
1112,6.122006151686011,6.477121254719663,0.35511510303365146,4
1113,6.073334880337564,6.477121254719663,0.40378637438209886,10
1114,6.07379916227143,6.477121254719663,0.40332209244823236,8
1115,6.085381812146139,6.477121254719663,0.3917394425735239,7
1116,5.858115655626121,4.862250674597925,-0.9958649810281965,10
1117,5.9121758470739945,4.862250674597925,-1.0499251724760699,3
1118,5.9664701845891415,4.862250674597925,-1.1042195099912169,4
1119,5.870239436030496,4.862250674597925,-1.0079887614325713,8
1120,5.9213721008185365,4.862250674597925,-1.059121426220612,6
1121,5.9820143888755775,4.862250674597925,-1.1197637142776529,9
1122,5.864956145153719,4.862250674597925,-1.002705470555794,5
1123,5.907821190213315,4.862250674597925,-1.04557051561539,2
1124,5.886461155550527,4.862250674597925,-1.0242104809526023,7
1125,5.749477144841396,6.466867620354109,0.7173904755127127,1
1126,5.78365037320722,6.466867620354109,0.6832172471468887,9
1127,5.748305828517468,6.466867620354109,0.7185617918366409,8
1128,5.740258153773095,6.466867620354109,0.7266094665810146,3
1129,5.742976910846926,6.466867620354109,0.7238907095071827,5
1130,5.686678420754176,6.466867620354109,0.780189199599933,10
1131,5.706785893697806,6.466867620354109,0.7600817266563027,7
1132,5.759728624639106,6.466867620354109,0.7071389957150034,2
1133,5.761106504612931,6.466867620354109,0.7057611157411783,4
1134,5.667031869426352,5.188084373714938,-0.47894749571141393,7
1135,5.817958759570123,5.188084373714938,-0.6298743858551852,9
1136,5.639994446334684,5.188084373714938,-0.4519100726197456,6
1137,5.740992640691841,5.188084373714938,-0.5529082669769032,2
1138,5.876616607164403,5.188084373714938,-0.6885322334494646,3
1139,5.6641187888826545,5.188084373714938,-0.4760344151677165,10
1140,5.81534709623641,5.188084373714938,-0.627262722521472,1
1141,5.821953641493511,5.188084373714938,-0.6338692677785733,8
1142,5.783544904407396,5.188084373714938,-0.5954605306924581,5
1143,6.050321391998529,6.079181246047625,0.02885985404909608,4
1144,5.879081931375707,6.079181246047625,0.20009931467191855,1
1145,6.030368374228744,6.079181246047625,0.04881287181888094,6
1146,6.040997317722111,6.079181246047625,0.038183928325514316,7
1147,6.0527193601306735,6.079181246047625,0.026461885916951644,9
1148,6.0396367475168935,6.079181246047625,0.03954449853073161,5
1149,6.0364774294390315,6.079181246047625,0.04270381660859357,2
1150,6.047695449882526,6.079181246047625,0.03148579616509917,10
1151,6.039687407391615,6.079181246047625,0.03949383865600975,3
1152,6.09991951362152,6.146128035678238,0.04620852205671788,5
1153,6.1750701022086325,6.146128035678238,-0.028942066530394328,10
1154,6.278233364092179,6.146128035678238,-0.13210532841394063,4
1155,6.263683789879538,6.146128035678238,-0.11755575420129993,1
1156,6.174183064368384,6.146128035678238,-0.028055028690145534,3
1157,6.227248655703013,6.146128035678238,-0.08112062002477494,6
1158,6.052580301898595,6.146128035678238,0.09354773377964332,8
1159,6.218020181016121,6.146128035678238,-0.07189214533788313,9
1160,6.216291187624113,6.146128035678238,-0.07016315194587452,7
1161,5.937193817755996,5.326335860928752,-0.6108579568272443,8
1162,5.7328246897806645,5.326335860928752,-0.40648882885191284,10
1163,5.954280271302844,5.326335860928752,-0.6279444103740923,2
1164,5.91366734201141,5.326335860928752,-0.587331481082658,9
1165,5.884345282659813,5.326335860928752,-0.5580094217310609,1
1166,5.944145684002056,5.326335860928752,-0.617809823073304,3
1167,5.803994267865248,5.326335860928752,-0.47765840693649597,5
1168,5.9496692721110955,5.326335860928752,-0.6233334111823439,6
1169,5.8068838716289815,5.326335860928752,-0.4805480107002298,7
1170,5.931856787942392,6.768638101247615,0.8367813133052229,7
1171,5.804842239479778,6.768638101247615,0.9637958617678368,5
1172,5.93724898359464,6.768638101247615,0.8313891176529751,2
1173,5.9127977143861505,6.768638101247615,0.8558403868614644,4
1174,5.908067952296748,6.768638101247615,0.8605701489508668,1
1175,5.893281025654811,6.768638101247615,0.8753570755928042,6
1176,5.9190473273466315,6.768638101247615,0.8495907739009834,3
1177,5.920786827886163,6.768638101247615,0.847851273361452,8
1178,5.833761037227163,6.768638101247615,0.9348770640204522,9
1179,6.005328682737366,5.48572142648158,-0.5196072562557861,8
1180,5.8982885102210805,5.48572142648158,-0.4125670837395008,10
1181,5.938622942903839,5.48572142648158,-0.4529015164222594,1
1182,5.989253576855733,5.48572142648158,-0.503532150374153,3
1183,6.016523576610057,5.48572142648158,-0.5308021501284772,2
1184,5.938260895883709,5.48572142648158,-0.4525394694021294,5
1185,5.978875801647052,5.48572142648158,-0.49315437516547256,6
1186,5.999951959883601,5.48572142648158,-0.5142305334020216,9
1187,6.079711551169025,5.48572142648158,-0.593990124687445,7
1188,5.998075368521465,5.507072896756503,-0.49100247176496215,9
1189,6.0828785163646915,5.507072896756503,-0.5758056196081887,8
1190,6.028526806755535,5.507072896756503,-0.5214539099990319,3
1191,6.073761840664703,5.507072896756503,-0.5666889439082006,1
1192,6.044335615312088,5.507072896756503,-0.5372627185555849,10
1193,6.100868957818153,5.507072896756503,-0.5937960610616502,4
1194,6.088772887471208,5.507072896756503,-0.5816999907147054,2
1195,6.074386200383225,5.507072896756503,-0.5673133036267224,5
1196,6.101171676319879,5.507072896756503,-0.5940987795633763,7
1197,6.009523468769593,5.08361010516231,-0.9259133636072825,6
1198,6.067080559129595,5.08361010516231,-0.9834704539672847,5
1199,6.103491157925445,5.08361010516231,-1.019881052763135,8
1200,6.1224667123675856,5.08361010516231,-1.0388566072052754,2
1201,6.168705344868437,5.08361010516231,-1.0850952397061269,4
1202,6.039635675709278,5.08361010516231,-0.9560255705469682,9
1203,6.013892978063376,5.08361010516231,-0.9302828729010661,10
1204,6.061701184122899,5.08361010516231,-0.9780910789605892,1
1205,6.062576326522988,5.08361010516231,-0.978966221360678,3
1206,6.067253101275397,6.156851901070011,0.08959879979461416,9
1207,6.259279148777829,6.156851901070011,-0.1024272477078183,1
1208,6.152437374810545,6.156851901070011,0.004414526259465923,5
1209,6.033703603808392,6.156851901070011,0.12314829726161935,6
1210,6.147828802757496,6.156851901070011,0.009023098312515465,2
1211,6.222863979931726,6.156851901070011,-0.06601207886171512,7
1212,6.177936214949587,6.156851901070011,-0.021084313879575767,8
1213,6.068969139835526,6.156851901070011,0.0878827612344848,3
1214,6.081530751828575,6.156851901070011,0.07532114924143585,4
1215,6.486766286949199,5.676693609624866,-0.8100726773243325,4
1216,6.504414893105795,5.676693609624866,-0.8277212834809289,8
1217,6.452669143454752,5.676693609624866,-0.7759755338298859,3
1218,6.424741491037938,5.676693609624866,-0.748047881413072,5
1219,6.505839508120273,5.676693609624866,-0.8291458984954065,2
1220,6.604790907886334,5.676693609624866,-0.9280972982614673,10
1221,6.468443843167783,5.676693609624866,-0.791750233542917,9
1222,6.486677515518785,5.676693609624866,-0.8099839058939189,7
1223,6.480757988584451,5.676693609624866,-0.8040643789595849,6
1224,6.689847297775297,7.252853030979893,0.5630057332045961,8
1225,6.69373000148771,7.252853030979893,0.5591230294921834,7
1226,6.717050655653654,7.252853030979893,0.5358023753262398,10
1227,6.71695426096086,7.252853030979893,0.535898770019033,9
1228,6.66725744681436,7.252853030979893,0.5855955841655334,1
1229,6.650119118223367,7.252853030979893,0.6027339127565261,3
1230,6.72409126030725,7.252853030979893,0.5287617706726433,2
1231,6.6888040920797165,7.252853030979893,0.5640489389001768,4
1232,6.636474185998863,7.252853030979893,0.6163788449810301,6
1233,6.49913347606598,6.301029995663981,-0.19810348040199877,2
1234,6.498703859252438,6.301029995663981,-0.19767386358845673,8
1235,6.516569978510365,6.301029995663981,-0.21553998284638354,1
1236,6.4988019814446245,6.301029995663981,-0.19777198578064326,4
1237,6.498858478112806,6.301029995663981,-0.19782848244882434,7
1238,6.499178656783829,6.301029995663981,-0.19814866111984752,10
1239,6.499140318172126,6.301029995663981,-0.19811032250814442,9
1240,6.438186133696287,6.301029995663981,-0.13715613803230564,3
1241,6.458125232510289,6.301029995663981,-0.15709523684630788,5
1242,6.407547940096887,6.477121254719663,0.06957331462277594,9
1243,6.399308762010368,6.477121254719663,0.07781249270929447,1
1244,6.368373465761557,6.477121254719663,0.10874778895810522,10
1245,6.373669839705116,6.477121254719663,0.10345141501454691,4
1246,6.345638963494394,6.477121254719663,0.1314822912252689,7
1247,6.3414896684079105,6.477121254719663,0.1356315863117521,8
1248,6.323753774041006,6.477121254719663,0.15336748067865624,3
1249,6.331761477267391,6.477121254719663,0.14535977745227147,6
1250,6.377038668984525,6.477121254719663,0.10008258573513729,2
1251,6.161638902715835,6.361727836017593,0.2000889333017577,10
1252,6.171371272476156,6.361727836017593,0.19035656354143704,2
1253,6.312728180459301,6.361727836017593,0.04899965555829233,4
1254,6.184496579700364,6.361727836017593,0.1772312563172287,8
1255,6.241915313899565,6.361727836017593,0.1198125221180284,7
1256,6.2480341858882555,6.361727836017593,0.11369365012933752,9
1257,6.189275589872898,6.361727836017593,0.17245224614469468,6
1258,6.1616214422302935,6.361727836017593,0.20010639378729955,3
1259,6.16947371315716,6.361727836017593,0.19225412286043309,1
1260,5.561889121922981,6.079181246047625,0.5172921241246442,6
1261,5.87906920304452,6.079181246047625,0.20011204300310492,8
1262,5.410481393387339,6.079181246047625,0.6686998526602865,5
1263,5.772727538488859,6.079181246047625,0.30645370755876655,2
1264,5.878738846108223,6.079181246047625,0.20044239993940227,7
1265,5.879142873675717,6.079181246047625,0.2000383723719077,9
1266,5.878858040593956,6.079181246047625,0.20032320545366922,10
1267,5.857544999521491,6.079181246047625,0.2216362465261339,3
1268,5.878995662418146,6.079181246047625,0.20018558362947925,1
1269,5.847878635030985,4.396199347095736,-1.4516792879352485,3
1270,5.838408053871533,4.396199347095736,-1.442208706775797,8
1271,5.843456337445406,4.396199347095736,-1.4472569903496693,1
1272,5.82334406689496,4.396199347095736,-1.427144719799224,10
1273,5.795578990000662,4.396199347095736,-1.3993796429049254,6
1274,5.840541433582632,4.396199347095736,-1.4443420864868957,7
1275,5.844463566837992,4.396199347095736,-1.4482642197422555,5
1276,5.784198469841365,4.396199347095736,-1.3879991227456285,9
1277,5.849539915057021,4.396199347095736,-1.453340567961285,4
1278,5.98624341094126,6.14705767102836,0.16081426008710054,10
1279,6.009073553136917,6.14705767102836,0.1379841178914436,3
1280,6.067487099705095,6.14705767102836,0.0795705713232655,2
1281,6.035205396702042,6.14705767102836,0.11185227432631795,1
1282,5.997497968298891,6.14705767102836,0.14955970272946928,8
1283,5.957619908996015,6.14705767102836,0.18943776203234552,7
1284,6.026962659605494,6.14705767102836,0.12009501142286627,9
1285,6.029892141114142,6.14705767102836,0.11716552991421825,6
1286,6.005249651507002,6.14705767102836,0.14180801952135802,5
1287,6.393967257630605,5.195456833628169,-1.1985104240024356,3
1288,6.38554790872666,5.195456833628169,-1.1900910750984908,7
1289,6.31077840582347,5.195456833628169,-1.1153215721953007,5
1290,6.412991210868877,5.195456833628169,-1.2175343772407077,4
1291,6.329144680468092,5.195456833628169,-1.1336878468399227,10
1292,6.291082713205181,5.195456833628169,-1.0956258795770122,8
1293,6.367980536258036,5.195456833628169,-1.1725237026298672,1
1294,6.368147810818146,5.195456833628169,-1.1726909771899772,2
1295,6.412788083647928,5.195456833628169,-1.2173312500197584,6
1296,6.040318617221923,5.643551368562945,-0.3967672486589784,1
1297,5.973498107793407,5.643551368562945,-0.32994673923046225,3
1298,5.843808001339363,5.643551368562945,-0.20025663277641836,4
1299,6.040473162998799,5.643551368562945,-0.39692179443585385,5
1300,6.040804168426866,5.643551368562945,-0.3972527998639208,10
1301,6.040736163675758,5.643551368562945,-0.3971847951128131,9
1302,6.014073499413366,5.643551368562945,-0.3705221308504214,8
1303,6.0083375831500625,5.643551368562945,-0.36478621458711746,2
1304,6.040475589484107,5.643551368562945,-0.39692422092116164,7
1305,5.816226318160264,6.016197353512439,0.19997103535217509,7
1306,5.81552639285268,6.016197353512439,0.20067096065975853,5
1307,5.804870799170996,6.016197353512439,0.21132655434144265,3
1308,5.8163151765411705,6.016197353512439,0.19988217697126842,1
1309,5.815740647955238,6.016197353512439,0.20045670555720108,8
1310,5.802101820901963,6.016197353512439,0.2140955326104761,9
1311,5.825259283807332,6.016197353512439,0.19093806970510663,4
1312,5.765359255473031,6.016197353512439,0.2508380980394076,10
1313,5.816076931097781,6.016197353512439,0.200120422414658,2
1314,5.682000759371635,6.079181246047625,0.3971804866759898,8
1315,5.6811261610907655,6.079181246047625,0.3980550849568596,7
1316,5.668119880257557,6.079181246047625,0.4110613657900677,3
1317,5.687120887882728,6.079181246047625,0.3920603581648967,1
1318,5.661935114662697,6.079181246047625,0.4172461313849283,4
1319,5.6905262109148,6.079181246047625,0.3886550351328255,5
1320,5.6779847383926425,6.079181246047625,0.4011965076549826,2
1321,5.629827699618619,6.079181246047625,0.4493535464290064,10
1322,5.6343445907642735,6.079181246047625,0.4448366552833516,6
1323,5.992151397491176,6.146128035678238,0.15397663818706242,7
1324,5.958559995900638,6.146128035678238,0.1875680397776005,3
1325,5.946910473940251,6.146128035678238,0.19921756173798677,5
1326,5.995282408054014,6.146128035678238,0.15084562762422404,10
1327,6.002189482366815,6.146128035678238,0.1439385533114228,1
1328,6.045952767618651,6.146128035678238,0.1001752680595871,6
1329,6.0376242534660785,6.146128035678238,0.10850378221215973,9
1330,6.025232074667737,6.146128035678238,0.12089596101050137,2
1331,5.98924559379198,6.146128035678238,0.15688244188625777,8
1332,5.800093253409634,6.0,0.1999067465903659,5
1333,5.799902285136487,6.0,0.2000977148635128,6
1334,5.799951432841336,6.0,0.20004856715866381,4
1335,5.740467982365298,6.0,0.2595320176347018,9
1336,5.799602876551492,6.0,0.20039712344850802,7
1337,5.800047036457147,6.0,0.1999529635428532,1
1338,5.817759466484788,6.0,0.18224053351521174,2
1339,5.800171583913956,6.0,0.19982841608604396,8
1340,5.79988413248033,6.0,0.2001158675196697,10
1341,5.481610436475682,4.113943352306837,-1.3676670841688452,4
1342,5.517453747650139,4.113943352306837,-1.403510395343302,1
1343,5.484630453591084,4.113943352306837,-1.370687101284247,6
1344,5.520953963171913,4.113943352306837,-1.4070106108650764,5
1345,5.476976298197293,4.113943352306837,-1.3630329458904562,9
1346,5.545194568773619,4.113943352306837,-1.4312512164667819,2
1347,5.507118579821946,4.113943352306837,-1.3931752275151092,7
1348,5.4364111005114,4.113943352306837,-1.3224677482045628,3
1349,5.566827391404454,4.113943352306837,-1.4528840390976168,10
1350,6.444031319881866,6.577491799837225,0.13346047995535937,1
1351,6.377117056217926,6.577491799837225,0.20037474361929952,5
1352,6.377149059252871,6.577491799837225,0.20034274058435386,6
1353,6.3774374062340895,6.577491799837225,0.2000543936031356,2
1354,6.341557165739729,6.577491799837225,0.2359346340974957,3
1355,6.3770573565300035,6.577491799837225,0.2004344433072216,10
1356,6.377233128286974,6.577491799837225,0.2002586715502508,7
1357,6.377255625037865,6.577491799837225,0.20023617479936018,4
1358,6.37022717572962,6.577491799837225,0.20726462410760504,8
1359,5.672463740323885,5.472756449317212,-0.19970729100667306,2
1360,5.673180410105051,5.472756449317212,-0.20042396078783842,8
1361,5.795915355747717,5.472756449317212,-0.32315890643050516,7
1362,5.812720634272375,5.472756449317212,-0.33996418495516245,10
1363,5.774348475099177,5.472756449317212,-0.3015920257819644,3
1364,5.791198959419244,5.472756449317212,-0.31844251010203184,6
1365,5.750195386704677,5.472756449317212,-0.2774389373874646,5
1366,5.794561132328285,5.472756449317212,-0.3218046830110728,4
1367,5.800385269623752,5.472756449317212,-0.32762882030653984,1
1368,6.534258289730923,6.334453751150931,-0.19980453857999247,4
1369,6.255982802814991,6.334453751150931,0.07847094833593982,2
1370,6.534298969234782,6.334453751150931,-0.19984521808385125,1
1371,6.534517842210447,6.334453751150931,-0.2000640910595166,10
1372,6.534632246526707,6.334453751150931,-0.20017849537577614,6
1373,6.5342914641780645,6.334453751150931,-0.19983771302713382,7
1374,6.534809405974519,6.334453751150931,-0.2003556548235883,8
1375,6.534100332718385,6.334453751150931,-0.19964658156745418,5
1376,6.534764451338589,6.334453751150931,-0.20031070018765806,3
1377,6.517670554733991,7.276921132065774,0.759250577331783,7
1378,6.532983611113571,7.276921132065774,0.743937520952203,6
1379,6.6186352180885075,7.276921132065774,0.6582859139772665,5
1380,6.618311743638512,7.276921132065774,0.6586093884272621,9
1381,6.518989398840127,7.276921132065774,0.7579317332256474,4
1382,6.522370646049697,7.276921132065774,0.7545504860160772,10
1383,6.218447937489391,7.276921132065774,1.0584731945763828,2
1384,6.534445549014812,7.276921132065774,0.742475583050962,1
1385,6.52522730145128,7.276921132065774,0.751693830614494,3
1386,5.909497672467874,4.819543935541868,-1.089953736926006,10
1387,6.018499679306857,4.819543935541868,-1.198955743764989,3
1388,5.994607257046291,4.819543935541868,-1.1750633215044228,9
1389,6.005677345747432,4.819543935541868,-1.1861334102055636,1
1390,6.0159987722650055,4.819543935541868,-1.1964548367231371,4
1391,5.847250376013114,4.819543935541868,-1.0277064404712455,6
1392,5.880986389196119,4.819543935541868,-1.0614424536542506,7
1393,5.711650508506792,4.819543935541868,-0.8921065729649236,2
1394,6.05558480373435,4.819543935541868,-1.2360408681924815,5
1395,7.2837686387360865,7.483587296968894,0.19981865823280742,5
1396,7.283465614690859,7.483587296968894,0.20012168227803517,8
1397,7.283386827443353,7.483587296968894,0.20020046952554083,1
1398,7.2832694070535755,7.483587296968894,0.2003178899153184,2
1399,7.2878324211190515,7.483587296968894,0.1957548758498424,6
1400,7.2836191853333805,7.483587296968894,0.19996811163551342,7
1401,7.298606485579484,7.483587296968894,0.18498081138941025,3
1402,7.28360149324316,7.483587296968894,0.19998580372573382,10
1403,7.283848651889195,7.483587296968894,0.19973864507969896,9
1404,7.078518907543651,8.041392685158225,0.9628737776145746,6
1405,6.790871621237543,8.041392685158225,1.250521063920682,8
1406,7.069462368526635,8.041392685158225,0.9719303166315907,1
1407,7.049930821755023,8.041392685158225,0.9914618634032024,7
1408,7.0521824035612335,8.041392685158225,0.9892102815969919,2
1409,7.1124588044796475,8.041392685158225,0.9289338806785779,10
1410,7.048701727883064,8.041392685158225,0.992690957275161,5
1411,7.043192774493136,8.041392685158225,0.9981999106650896,3
1412,7.082004964659252,8.041392685158225,0.9593877204989729,9
1413,7.244187912905557,7.477121254719663,0.23293334181410597,3
1414,7.274093105757454,7.477121254719663,0.20302814896220855,5
1415,7.254225609063509,7.477121254719663,0.22289564565615372,7
1416,7.277352882799381,7.477121254719663,0.19976837192028185,9
1417,7.27723859893946,7.477121254719663,0.19988265578020226,10
1418,7.154264162310787,7.477121254719663,0.32285709240887517,4
1419,7.263613834478818,7.477121254719663,0.21350742024084468,1
1420,7.269036051541102,7.477121254719663,0.20808520317856072,6
1421,7.16085033241478,7.477121254719663,0.3162709223048825,2
1422,6.332468939438384,6.479393896404411,0.1469249569660267,3
1423,6.337542501895135,6.479393896404411,0.14185139450927586,1
1424,6.323017179686331,6.479393896404411,0.1563767167180803,9
1425,6.279594182545302,6.479393896404411,0.19979971385910922,10
1426,6.279605923943909,6.479393896404411,0.19978797246050206,7
1427,6.27945861667725,6.479393896404411,0.1999352797271614,8
1428,6.278977827015765,6.479393896404411,0.20041606938864653,6
1429,6.31970086403982,6.479393896404411,0.15969303236459087,2
1430,6.317638662350043,6.479393896404411,0.1617552340543682,5
1431,7.277192475232221,7.477121254719663,0.1999287794874416,7
1432,7.277137360461106,7.477121254719663,0.19998389425855656,6
1433,7.272723793036365,7.477121254719663,0.20439746168329798,3
1434,7.277293416490085,7.477121254719663,0.19982783822957728,2
1435,7.259512657094946,7.477121254719663,0.21760859762471618,9
1436,7.277058180944876,7.477121254719663,0.20006307377478638,10
1437,7.272172869745055,7.477121254719663,0.20494838497460766,5
1438,7.15003422558435,7.477121254719663,0.3270870291353125,4
1439,7.277274752196715,7.477121254719663,0.19984650252294767,1
1440,6.401329115356608,6.320146286111054,-0.08118282924555409,8
1441,6.401526927647983,6.320146286111054,-0.0813806415369287,5
1442,6.4015965472990795,6.320146286111054,-0.08145026118802523,3
1443,6.401429205694803,6.320146286111054,-0.08128291958374856,4
1444,6.4010771274679215,6.320146286111054,-0.08093084135686723,10
1445,6.352495386310387,6.320146286111054,-0.03234910019933235,1
1446,6.401103044888137,6.320146286111054,-0.08095675877708253,6
1447,6.401139362693555,6.320146286111054,-0.08099307658250066,7
1448,6.432940893760894,6.320146286111054,-0.11279460764983984,2
1449,6.337359112202126,6.3979400086720375,0.060580896469911494,4
1450,6.489181360299731,6.3979400086720375,-0.09124135162769331,8
1451,6.3493398143125495,6.3979400086720375,0.048600194359488036,9
1452,6.381241895035182,6.3979400086720375,0.01669811363685536,2
1453,6.371705082249342,6.3979400086720375,0.026234926422695537,3
1454,6.29094339146182,6.3979400086720375,0.10699661721021769,5
1455,6.21745231649904,6.3979400086720375,0.18048769217299743,7
1456,6.402791167121849,6.3979400086720375,-0.0048511584498118765,6
1457,6.292029925456277,6.3979400086720375,0.10591008321576023,1
1458,6.143381857135454,6.113943352306837,-0.029438504828616985,4
1459,6.194485654190896,6.113943352306837,-0.08054230188405942,3
1460,6.203763559084139,6.113943352306837,-0.0898202067773024,6
1461,6.1584878853655,6.113943352306837,-0.04454453305866313,2
1462,6.168121587189281,6.113943352306837,-0.05417823488244444,9
1463,6.146548944926639,6.113943352306837,-0.03260559261980234,7
1464,6.223982583818359,6.113943352306837,-0.1100392315115224,8
1465,6.1705158617467895,6.113943352306837,-0.05657250943995251,5
1466,6.215318735827203,6.113943352306837,-0.10137538352036568,10
1467,6.4015965472990795,6.201397124320452,-0.2001994229786277,3
1468,6.401526927647983,6.201397124320452,-0.20012980332753116,5
1469,6.401535448524095,6.201397124320452,-0.20013832420364341,9
1470,6.4010771274679215,6.201397124320452,-0.1996800031474697,10
1471,6.401103044888137,6.201397124320452,-0.199705920567685,6
1472,6.352495386310387,6.201397124320452,-0.1510982619899348,1
1473,6.401139362693555,6.201397124320452,-0.19974223837310312,7
1474,6.401329115356608,6.201397124320452,-0.19993199103615655,8
1475,6.401429205694803,6.201397124320452,-0.20003208137435102,4
1476,6.605548607681177,6.986771734266245,0.3812231265850681,1
1477,6.584721296346823,6.986771734266245,0.4020504379194225,10
1478,6.5832396626024945,6.986771734266245,0.4035320716637507,8
1479,6.536937249249152,6.986771734266245,0.4498344850170932,2
1480,6.652052025524939,6.986771734266245,0.3347197087413063,6
1481,6.551797088150301,6.986771734266245,0.4349746461159443,5
1482,6.511108088511189,6.986771734266245,0.4756636457550565,7
1483,6.5590473105348925,6.986771734266245,0.42772442373135267,3
1484,6.528775885818927,6.986771734266245,0.4579958484473181,9
1485,6.5792425300994,6.474216264076255,-0.10502626602314447,5
1486,6.478017673955523,6.474216264076255,-0.003801409879267581,7
1487,6.590248920501998,6.474216264076255,-0.11603265642574279,10
1488,6.6076018564875785,6.474216264076255,-0.1333855924113232,8
1489,6.59798003401696,6.474216264076255,-0.12376376994070437,3
1490,6.510739755797449,6.474216264076255,-0.0365234917211934,9
1491,6.605686260855348,6.474216264076255,-0.1314699967790931,1
1492,6.535100771604793,6.474216264076255,-0.06088450752853802,2
1493,6.528217075350732,6.474216264076255,-0.05400081127447631,4
1494,6.410403580935838,6.004136436761356,-0.40626714417448184,9
1495,6.4134397228921225,6.004136436761356,-0.4093032861307666,2
1496,6.501343587566416,6.004136436761356,-0.4972071508050604,8
1497,6.419389388205114,6.004136436761356,-0.4152529514437582,4
1498,6.457292428117547,6.004136436761356,-0.45315599135619067,5
1499,6.356823892462865,6.004136436761356,-0.35268745570150895,7
1500,6.4536383844390395,6.004136436761356,-0.4495019476776836,3
1501,6.495040780068073,6.004136436761356,-0.49090434330671684,6
1502,6.501084246865316,6.004136436761356,-0.4969478101039604,1
1503,6.276865365046266,6.477121254719663,0.20025588967339658,1
1504,6.27689829729316,6.477121254719663,0.20022295742650265,6
1505,6.277142385170808,6.477121254719663,0.1999788695488549,3
1506,6.277014650870672,6.477121254719663,0.20010660384899026,2
1507,6.27710708521307,6.477121254719663,0.20001416950659223,10
1508,6.277172256624633,6.477121254719663,0.19994899809502975,4
1509,6.276853385096295,6.477121254719663,0.2002678696233673,7
1510,6.277130556859205,6.477121254719663,0.19999069786045798,8
1511,6.2770784431081035,6.477121254719663,0.20004281161155912,9
1512,6.431398224201888,6.434888120867316,0.003489896665428205,3
1513,6.37783065301579,6.434888120867316,0.05705746785152588,4
1514,6.29703320711665,6.434888120867316,0.13785491375066616,6
1515,6.406036074533476,6.434888120867316,0.02885204633384042,2
1516,6.443893755216409,6.434888120867316,-0.009005634349092517,8
1517,6.439040647049641,6.434888120867316,-0.004152526182324756,9
1518,6.395241784776394,6.434888120867316,0.039646336090922496,5
1519,6.453867839918565,6.434888120867316,-0.018979719051248622,10
1520,6.330846011645177,6.434888120867316,0.10404210922213952,7
1521,6.833466636610234,8.122543524068755,1.2890768874585206,4
1522,7.059351655253379,8.122543524068755,1.0631918688153759,5
1523,7.117729477130634,8.122543524068755,1.0048140469381206,3
1524,7.16888900975033,8.122543524068755,0.9536545143184245,1
1525,7.289895131983124,8.122543524068755,0.8326483920856305,6
1526,7.137644646225205,8.122543524068755,0.9848988778435501,10
1527,7.13521655091282,8.122543524068755,0.9873269731559349,8
1528,7.088338443163439,8.122543524068755,1.0342050809053163,9
1529,7.136076325687241,8.122543524068755,0.9864671983815141,2
1530,6.396255651177333,6.281033367247727,-0.1152222839296062,6
1531,6.404403146183259,6.281033367247727,-0.12336977893553147,1
1532,6.282530844726452,6.281033367247727,-0.0014974774787246403,7
1533,6.440705529721119,6.281033367247727,-0.15967216247339167,10
1534,6.381147299785407,6.281033367247727,-0.10011393253767942,3
1535,6.264322472868747,6.281033367247727,0.016710894378980434,9
1536,6.322509314456419,6.281033367247727,-0.04147594720869208,4
1537,6.425356098377359,6.281033367247727,-0.14432273112963223,8
1538,6.335962525591752,6.281033367247727,-0.054929158344024565,5
1539,6.029268384817621,5.953421399681036,-0.07584698513658505,6
1540,6.153646991674299,5.953421399681036,-0.20022559199326295,3
1541,6.133869804503078,5.953421399681036,-0.18044840482204183,4
1542,6.15391831258758,5.953421399681036,-0.20049691290654348,7
1543,6.136762731836021,5.953421399681036,-0.18334133215498483,2
1544,6.153396930028113,5.953421399681036,-0.1999755303470767,10
1545,6.153322967421007,5.953421399681036,-0.19990156773997025,8
1546,6.153471371044921,5.953421399681036,-0.20004997136388436,9
1547,6.153255365586298,5.953421399681036,-0.19983396590526148,1
1548,6.092189406071939,6.518513939877887,0.42632453380594804,10
1549,5.946668039948275,6.518513939877887,0.5718458999296123,5
1550,5.957598407890123,6.518513939877887,0.5609155319877637,8
1551,5.927570811283436,6.518513939877887,0.5909431285944509,4
1552,6.012836953768431,6.518513939877887,0.5056769861094557,9
1553,6.09580809845418,6.518513939877887,0.42270584142370726,2
1554,5.9168547723205815,6.518513939877887,0.6016591675573055,3
1555,5.981009704253814,6.518513939877887,0.5375042356240733,1
1556,5.929669392918454,6.518513939877887,0.5888445469594332,6
1557,6.356384158750233,6.556423121371285,0.20003896262105236,3
1558,6.356255806244871,6.556423121371285,0.20016731512641428,10
1559,6.356012877371321,6.556423121371285,0.200410243999964,6
1560,6.356698316284168,6.556423121371285,0.19972480508711676,9
1561,6.356448258595985,6.556423121371285,0.1999748627753002,4
1562,6.3565653884382165,6.556423121371285,0.19985773293306863,7
1563,6.356434478775654,6.556423121371285,0.1999886425956312,5
1564,6.356461618210308,6.556423121371285,0.19996150316097694,8
1565,6.356395688693447,6.556423121371285,0.20002743267783796,2
1566,6.538550428929381,6.348304863048161,-0.1902455658812201,6
1567,6.526820775906214,6.348304863048161,-0.17851591285805313,10
1568,6.468599546173393,6.348304863048161,-0.12029468312523228,1
1569,6.442801766718431,6.348304863048161,-0.09449690367027053,9
1570,6.509165799754821,6.348304863048161,-0.16086093670666024,5
1571,6.419732511469044,6.348304863048161,-0.07142764842088312,7
1572,6.548680296616721,6.348304863048161,-0.2003754335685599,8
1573,6.5386960302961175,6.348304863048161,-0.1903911672479568,3
1574,6.459281831642571,6.348304863048161,-0.11097696859440997,2
1575,1.5425897167515368,1.954242509439325,0.4116527926877882,1
1576,1.141984570343337,1.954242509439325,0.8122579390959881,7
1577,1.5427271130222886,1.954242509439325,0.4115153964170364,8
1578,1.730308579716946,1.954242509439325,0.22393392972237902,6
1579,1.5883553541175326,1.954242509439325,0.3658871553217924,5
1580,1.542638450626744,1.954242509439325,0.4116040588125809,4
1581,1.5445485016699818,1.954242509439325,0.40969400776934317,10
1582,1.6126815734783015,1.954242509439325,0.34156093596102344,3
1583,1.5425066055231964,1.954242509439325,0.4117359039161286,9
1584,2.3167175356625846,2.6020599913279625,0.28534245566537786,8
1585,2.401848688029402,2.6020599913279625,0.2002113032985604,5
1586,2.394680790045671,2.6020599913279625,0.2073792012822917,3
1587,2.402187325218723,2.6020599913279625,0.19987266610923937,6
1588,2.003640890478869,2.6020599913279625,0.5984191008490933,2
1589,2.297853359811607,2.6020599913279625,0.3042066315163554,4
1590,2.297569126661849,2.6020599913279625,0.3044908646661133,9
1591,2.3266316864853267,2.6020599913279625,0.2754283048426358,10
1592,2.3585188713509786,2.6020599913279625,0.2435411199769839,1
1593,3.106690181639246,1.3010299956639813,-1.8056601859752646,2
1594,3.042281565536743,1.3010299956639813,-1.7412515698727615,7
1595,3.320980668267528,1.3010299956639813,-2.0199506726035468,9
1596,3.4046396736428743,1.3010299956639813,-2.103609677978893,10
1597,3.295389322793824,1.3010299956639813,-1.9943593271298425,8
1598,3.2626095996766615,1.3010299956639813,-1.9615796040126803,6
1599,3.2153336287641525,1.3010299956639813,-1.9143036331001713,4
1600,3.238982010137847,1.3010299956639813,-1.9379520144738658,5
1601,3.278238837122394,1.3010299956639813,-1.9772088414584128,1
1602,2.5495592136352316,1.9549175537349588,-0.5946416599002728,1
1603,2.33808685183129,1.9549175537349588,-0.38316929809633127,2
1604,2.6511865451868184,1.9549175537349588,-0.6962689914518596,8
1605,2.3863921559251504,1.9549175537349588,-0.4314746021901916,7
1606,2.4474266354188985,1.9549175537349588,-0.4925090816839397,9
1607,2.6051017018894917,1.9549175537349588,-0.650184148154533,5
1608,2.6059731118510037,1.9549175537349588,-0.6510555581160449,10
1609,2.580562718763084,1.9549175537349588,-0.6256451650281254,6
1610,2.547017063000718,1.9549175537349588,-0.592099509265759,3
1611,5.0099140120191095,2.0,-3.0099140120191095,5
1612,5.053198720496422,2.0,-3.0531987204964217,9
1613,4.946542136201555,2.0,-2.946542136201555,2
1614,4.939797973311696,2.0,-2.9397979733116957,3
1615,4.855510701565525,2.0,-2.8555107015655246,7
1616,4.907207005863089,2.0,-2.907207005863089,8
1617,4.894006797026136,2.0,-2.894006797026136,1
1618,4.946217016869474,2.0,-2.9462170168694737,6
1619,5.013071263736381,2.0,-3.0130712637363812,10
1620,4.845891225178032,2.146128035678238,-2.6997631894997935,2
1621,5.035389006225417,2.146128035678238,-2.889260970547179,5
1622,4.835484897965708,2.146128035678238,-2.68935686228747,6
1623,4.911576294047684,2.146128035678238,-2.765448258369446,1
1624,4.947950660769329,2.146128035678238,-2.8018226250910905,9
1625,4.8398741418722055,2.146128035678238,-2.6937461061939674,3
1626,4.875120477891063,2.146128035678238,-2.7289924422128244,4
1627,4.775891036577036,2.146128035678238,-2.629763000898798,7
1628,4.832267730685139,2.146128035678238,-2.6861396950069008,10
1629,4.093013711634958,3.164352855784437,-0.9286608558505209,5
1630,4.449862639102571,3.164352855784437,-1.2855097833181341,1
1631,4.917950180125027,3.164352855784437,-1.75359732434059,9
1632,4.203823801153056,3.164352855784437,-1.0394709453686186,3
1633,4.367293627409746,3.164352855784437,-1.2029407716253084,8
1634,4.319020041519922,3.164352855784437,-1.1546671857354847,2
1635,4.347675914563277,3.164352855784437,-1.1833230587788401,7
1636,4.359439401942748,3.164352855784437,-1.1950865461583104,6
1637,4.392205776153922,3.164352855784437,-1.227852920369485,10
1638,3.921379508899803,1.390935107103379,-2.530444401796424,10
1639,3.769984902669069,1.390935107103379,-2.37904979556569,8
1640,3.77146539209434,1.390935107103379,-2.380530284990961,3
1641,3.782028859338567,1.390935107103379,-2.3910937522351876,4
1642,3.5964361393880613,1.390935107103379,-2.2055010322846824,7
1643,3.8013037410006336,1.390935107103379,-2.4103686338972548,9
1644,3.875860600831545,1.390935107103379,-2.4849254937281655,5
1645,3.5926643733883266,1.390935107103379,-2.2017292662849473,2
1646,3.912872531539154,1.390935107103379,-2.521937424435775,1
1647,3.8994036011353232,2.9552065375419416,-0.9441970635933816,10
1648,3.9772908717174733,2.9552065375419416,-1.0220843341755317,8
1649,4.057873052234809,2.9552065375419416,-1.1026665146928676,5
1650,3.8677405197564045,2.9552065375419416,-0.9125339822144629,2
1651,4.048651734038015,2.9552065375419416,-1.0934451964960732,1
1652,3.93161923923516,2.9552065375419416,-0.9764127016932185,7
1653,4.037129152358751,2.9552065375419416,-1.081922614816809,4
1654,3.8871950748571225,2.9552065375419416,-0.9319885373151808,3
1655,4.029925140098801,2.9552065375419416,-1.0747186025568598,9
1656,3.6076498028206556,3.562292864456474,-0.04535693836418142,9
1657,3.697865062177266,3.562292864456474,-0.135572197720792,3
1658,3.5867917136336365,3.562292864456474,-0.024498849177162274,10
1659,3.6845929944853717,3.562292864456474,-0.1223001300288975,5
1660,3.7093852813187738,3.562292864456474,-0.14709241686229957,6
1661,3.5737055341105455,3.562292864456474,-0.011412669654071284,8
1662,3.5760509180941176,3.562292864456474,-0.013758053637643375,4
1663,3.5919695232041473,3.562292864456474,-0.029676658747673113,1
1664,3.3780286715690924,3.562292864456474,0.18426419288738183,7
1665,3.1599394148323428,1.9268567089496924,-1.2330827058826503,4
1666,3.2055059909542942,1.9268567089496924,-1.2786492820046018,9
1667,3.1965515014276495,1.9268567089496924,-1.2696947924779571,1
1668,3.2121348079996808,1.9268567089496924,-1.2852780990499884,6
1669,3.1685517757392443,1.9268567089496924,-1.2416950667895519,10
1670,3.2382077306578783,1.9268567089496924,-1.3113510217081858,3
1671,3.184635231375819,1.9268567089496924,-1.2577785224261266,5
1672,3.1241915404660614,1.9268567089496924,-1.197334831516369,8
1673,2.9238553718769538,1.9268567089496924,-0.9969986629272614,7
1674,4.173930422942432,1.146128035678238,-3.0278023872641935,1
1675,4.1812667352889585,1.146128035678238,-3.0351386996107204,10
1676,4.103792429221845,1.146128035678238,-2.957664393543607,3
1677,3.981638761779186,1.146128035678238,-2.8355107261009485,7
1678,3.9796730876256268,1.146128035678238,-2.8335450519473886,2
1679,4.1682554553609075,1.146128035678238,-3.0221274196826693,5
1680,4.11007820223743,1.146128035678238,-2.963950166559192,4
1681,4.240355376993793,1.146128035678238,-3.0942273413155545,6
1682,4.066799887863836,1.146128035678238,-2.920671852185598,8
1683,4.190450506219802,2.8512583487190755,-1.3391921575007268,2
1684,4.5942617921720625,2.8512583487190755,-1.743003443452987,9
1685,4.470660863534914,2.8512583487190755,-1.6194025148158389,1
1686,4.4624634439121245,2.8512583487190755,-1.611205095193049,4
1687,4.264556802145662,2.8512583487190755,-1.4132984534265862,6
1688,4.4932113088923336,2.8512583487190755,-1.641952960173258,8
1689,4.421896102962022,2.8512583487190755,-1.5706377542429468,5
1690,4.1709323498299025,2.8512583487190755,-1.319674001110827,7
1691,4.5112780205309235,2.8512583487190755,-1.660019671811848,3
1692,3.5735378686592707,2.0,-1.5735378686592707,3
1693,3.6519426821807657,2.0,-1.6519426821807657,5
1694,3.5012143479584985,2.0,-1.5012143479584985,6
1695,3.3517687346493643,2.0,-1.3517687346493643,10
1696,3.6807905540540684,2.0,-1.6807905540540684,4
1697,3.6383281498671103,2.0,-1.6383281498671103,1
1698,3.562327823672337,2.0,-1.5623278236723368,9
1699,3.591670069928747,2.0,-1.591670069928747,8
1700,3.559078337400445,2.0,-1.5590783374004449,7
1701,5.455472619610926,3.539452491549461,-1.9160201280614655,4
1702,5.442398854623174,3.539452491549461,-1.902946363073713,1
1703,5.404743649576398,3.539452491549461,-1.865291158026937,8
1704,5.394765734980362,3.539452491549461,-1.8553132434309014,5
1705,5.35620237824621,3.539452491549461,-1.816749886696749,2
1706,5.465249773651326,3.539452491549461,-1.9257972821018652,9
1707,5.413181144019133,3.539452491549461,-1.8737286524696724,7
1708,4.682286251744344,3.539452491549461,-1.142833760194883,3
1709,5.4167305345134835,3.539452491549461,-1.8772780429640226,6
1710,3.374423343543629,1.380211241711606,-1.994212101832023,6
1711,3.2484062212245837,1.380211241711606,-1.8681949795129777,9
1712,3.0840278923413855,1.380211241711606,-1.7038166506297796,2
1713,2.944575731610771,1.380211241711606,-1.564364489899165,7
1714,3.2684964657091826,1.380211241711606,-1.8882852239975767,1
1715,3.1464763207906676,1.380211241711606,-1.7662650790790617,10
1716,3.272901351990337,1.380211241711606,-1.892690110278731,4
1717,3.3897868916317964,1.380211241711606,-2.0095756499201904,3
1718,3.2328423700110704,1.380211241711606,-1.8526311282994645,5
1719,2.5155646766728887,2.273232834043045,-0.24233184262984375,8
1720,3.0175045088023755,2.273232834043045,-0.7442716747593305,1
1721,2.840306186118753,2.273232834043045,-0.5670733520757079,6
1722,2.885156869445317,2.273232834043045,-0.6119240354022719,10
1723,2.7984597007843117,2.273232834043045,-0.5252268667412667,3
1724,2.690485647084166,2.273232834043045,-0.41725281304112105,2
1725,2.8343964661643577,2.273232834043045,-0.5611636321213127,9
1726,2.7897799588990573,2.273232834043045,-0.5165471248560123,5
1727,2.8859953209001743,2.273232834043045,-0.6127624868571293,4
1728,2.917029377985354,2.57978359661681,-0.3372457813685439,4
1729,2.8786978959036778,2.57978359661681,-0.29891429928686764,2
1730,2.808213215597272,2.57978359661681,-0.22842961898046177,8
1731,2.89612923085529,2.57978359661681,-0.31634563423848006,1
1732,2.912252617527347,2.57978359661681,-0.332469020910537,5
1733,3.145751359031598,2.57978359661681,-0.5659677624147879,10
1734,2.7796305929217486,2.57978359661681,-0.19984699630493852,9
1735,2.8859216017448253,2.57978359661681,-0.30613800512801514,6
1736,2.85437783854358,2.57978359661681,-0.27459424192676973,7
1737,3.008965979274241,0.6334684555795865,-2.3754975236946545,6
1738,2.967775285062945,0.6334684555795865,-2.334306829483358,8
1739,2.9344133953670988,0.6334684555795865,-2.300944939787512,4
1740,2.733305018696764,0.6334684555795865,-2.099836563117177,7
1741,2.96987180350925,0.6334684555795865,-2.3364033479296635,10
1742,3.0347379574103748,0.6334684555795865,-2.401269501830788,3
1743,2.92912409417508,0.6334684555795865,-2.2956556385954934,9
1744,3.011892465293563,0.6334684555795865,-2.378424009713976,1
1745,2.7223196954533755,0.6334684555795865,-2.088851239873789,2
1746,5.8789443657172935,6.079181246047625,0.2002368803303316,1
1747,5.879089808542968,6.079181246047625,0.20009143750465697,5
1748,5.879025626460676,6.079181246047625,0.20015561958694938,8
1749,5.879578351709286,6.079181246047625,0.199602894338339,9
1750,5.879447350162173,6.079181246047625,0.1997338958854522,7
1751,6.032407369516753,6.079181246047625,0.04677387653087184,10
1752,5.87884860696012,6.079181246047625,0.2003326390875051,4
1753,5.879224614240011,6.079181246047625,0.19995663180761447,2
1754,5.878959782013806,6.079181246047625,0.20022146403381935,3
1755,5.115214226252027,5.023951707423388,-0.09126251882863912,2
1756,5.211221236400282,5.023951707423388,-0.18726952897689397,9
1757,5.223301924532056,5.023951707423388,-0.19935021710866874,10
1758,5.224064709717252,5.023951707423388,-0.20011300229386464,8
1759,5.178430877700557,5.023951707423388,-0.1544791702771695,1
1760,5.138786261344164,5.023951707423388,-0.11483455392077602,5
1761,5.199294098353816,5.023951707423388,-0.17534239093042814,3
1762,5.082754247080556,5.023951707423388,-0.05880253965716786,7
1763,5.004523703995324,5.023951707423388,0.01942800342806361,6
1764,5.879089808542968,6.2322335211147335,0.35314371257176536,5
1765,5.87884860696012,6.2322335211147335,0.3533849141546135,4
1766,5.8789443657172935,6.2322335211147335,0.35328915539744,1
1767,5.879025626460676,6.2322335211147335,0.3532078946540578,8
1768,6.032407369516753,6.2322335211147335,0.19982615159798023,10
1769,5.91299562341231,6.2322335211147335,0.3192378977024237,6
1770,5.879578351709286,6.2322335211147335,0.3526551694054474,9
1771,5.879224614240011,6.2322335211147335,0.35300890687472286,2
1772,5.879447350162173,6.2322335211147335,0.3527861709525606,7
1773,4.58885579358293,3.247973266361807,-1.3408825272211229,7
1774,4.613723606207404,3.247973266361807,-1.3657503398455968,1
1775,4.709307550994254,3.247973266361807,-1.4613342846324469,10
1776,4.5891173597231525,3.247973266361807,-1.3411440933613457,6
1777,4.7570646526006435,3.247973266361807,-1.5090913862388367,8
1778,4.6360740806341685,3.247973266361807,-1.3881008142723616,5
1779,4.599607701389921,3.247973266361807,-1.3516344350281142,4
1780,4.637427406744802,3.247973266361807,-1.3894541403829952,3
1781,4.589212962886496,3.247973266361807,-1.3412396965246889,2
1782,5.757767538519694,6.302547372487486,0.5447798339677918,3
1783,5.778623225804897,6.302547372487486,0.5239241466825888,5
1784,5.785974737233962,6.302547372487486,0.5165726352535236,9
1785,5.738223883521355,6.302547372487486,0.5643234889661306,8
1786,5.685937946650857,6.302547372487486,0.6166094258366286,7
1787,5.735204806643818,6.302547372487486,0.5673425658436679,10
1788,5.689727196292921,6.302547372487486,0.6128201761945649,1
1789,5.680417066360871,6.302547372487486,0.622130306126615,6
1790,5.686803553887261,6.302547372487486,0.6157438186002251,4
1791,5.494107205016661,4.598571663482141,-0.8955355415345201,6
1792,5.581958685641276,4.598571663482141,-0.9833870221591354,7
1793,5.688660341345653,4.598571663482141,-1.0900886778635117,3
1794,5.546802449949926,4.598571663482141,-0.9482307864677848,4
1795,5.716571639032006,4.598571663482141,-1.117999975549865,10
1796,5.35334295154237,4.598571663482141,-0.7547712880602289,1
1797,5.661834730266675,4.598571663482141,-1.0632630667845344,9
1798,5.722398911716767,4.598571663482141,-1.123827248234626,5
1799,5.795039850305201,4.598571663482141,-1.1964681868230604,8
1800,4.988555109456464,4.812913356642856,-0.1756417528136085,5
1801,4.784151089889495,4.812913356642856,0.028762266753361132,1
1802,4.9820803283916675,4.812913356642856,-0.1691669717488118,8
1803,4.80962856731541,4.812913356642856,0.003284789327445914,4
1804,4.744967744943125,4.812913356642856,0.06794561169973079,7
1805,4.865752740373458,4.812913356642856,-0.052839383730602485,3
1806,4.954239554478821,4.812913356642856,-0.14132619783596567,2
1807,4.890174634795546,4.812913356642856,-0.07726127815269024,9
1808,4.778424386518178,4.812913356642856,0.034488970124678,6
1809,4.452747665199283,3.562292864456474,-0.8904548007428086,7
1810,4.651394073260316,3.562292864456474,-1.0891012088038416,2
1811,4.491090686003343,3.562292864456474,-0.9287978215468686,8
1812,4.617559754693508,3.562292864456474,-1.0552668902370335,3
1813,4.460366877043608,3.562292864456474,-0.8980740125871338,6
1814,4.464564088628791,3.562292864456474,-0.9022712241723165,1
1815,4.529068348852707,3.562292864456474,-0.9667754843962331,9
1816,4.498414841026951,3.562292864456474,-0.9361219765704765,4
1817,4.4987152807049124,3.562292864456474,-0.9364224162484382,5
1818,5.56296814958898,6.806179973983888,1.2432118243949084,7
1819,5.456894076054797,6.806179973983888,1.3492858979290911,6
1820,5.5772577391319205,6.806179973983888,1.228922234851968,8
1821,5.642070873124992,6.806179973983888,1.1641091008588962,5
1822,5.5730331206746175,6.806179973983888,1.2331468533092709,1
1823,5.649683123769762,6.806179973983888,1.1564968502141264,10
1824,5.612398658768363,6.806179973983888,1.1937813152155252,3
1825,5.464663335478621,6.806179973983888,1.3415166385052677,2
1826,5.600093212187657,6.806179973983888,1.2060867617962314,4
1827,4.864895192513149,5.782472624166286,0.9175774316531369,9
1828,4.6360740806341685,5.782472624166286,1.1463985435321176,5
1829,4.7570646526006435,5.782472624166286,1.0254079715656426,8
1830,4.637427406744802,5.782472624166286,1.145045217421484,3
1831,4.599607701389921,5.782472624166286,1.182864922776365,4
1832,4.58885579358293,5.782472624166286,1.1936168305833563,7
1833,4.5891173597231525,5.782472624166286,1.1933552644431336,6
1834,4.613723606207404,5.782472624166286,1.1687490179588824,1
1835,4.709307550994254,5.782472624166286,1.0731650731720324,10
1836,5.2276896815237945,6.054957596012407,0.8272679144886128,1
1837,5.4018856956884616,6.054957596012407,0.6530719003239458,5
1838,5.396893680737848,6.054957596012407,0.6580639152745595,3
1839,5.456978325766756,6.054957596012407,0.5979792702456512,8
1840,5.39394565562426,6.054957596012407,0.6610119403881471,10
1841,5.300394701990426,6.054957596012407,0.7545628940219817,4
1842,5.319558253653073,6.054957596012407,0.7353993423593339,7
1843,5.501066968538524,6.054957596012407,0.5538906274738835,2
1844,5.4123166084670125,6.054957596012407,0.6426409875453949,9
1845,5.311281018457279,6.15124723746237,0.8399662190050909,4
1846,5.12702711178059,6.15124723746237,1.0242201256817802,2
1847,5.30253242485329,6.15124723746237,0.8487148126090807,1
1848,5.272732453764407,6.15124723746237,0.8785147836979634,3
1849,5.329551598729119,6.15124723746237,0.8216956387332512,9
1850,5.2321881936741095,6.15124723746237,0.9190590437882609,7
1851,5.086502129460946,6.15124723746237,1.064745108001424,5
1852,5.369860704889015,6.15124723746237,0.7813865325733556,8
1853,5.166997446207591,6.15124723746237,0.9842497912547792,6
1854,4.9299226314399744,3.9036325160842376,-1.0262901153557369,7
1855,4.971248961404162,3.9036325160842376,-1.0676164453199242,3
1856,5.037363995748312,3.9036325160842376,-1.1337314796640747,8
1857,4.9895190518552,3.9036325160842376,-1.0858865357709622,4
1858,4.984341641863761,3.9036325160842376,-1.0807091257795234,5
1859,5.001779615329986,3.9036325160842376,-1.0981470992457485,1
1860,5.054648068133314,3.9036325160842376,-1.1510155520490768,9
1861,4.932816432299577,3.9036325160842376,-1.0291839162153398,2
1862,4.9015771126348735,3.9036325160842376,-0.9979445965506359,6
1863,5.489905817673263,6.501059262217751,1.0111534445444885,10
1864,5.3539951380097754,6.501059262217751,1.1470641242079758,6
1865,5.285683251630466,6.501059262217751,1.2153760105872848,5
1866,5.246606874650338,6.501059262217751,1.2544523875674134,2
1867,5.22418851739231,6.501059262217751,1.276870744825441,8
1868,5.350161780032266,6.501059262217751,1.150897482185485,4
1869,5.2063611578851265,6.501059262217751,1.2946981043326247,1
1870,5.322691861233169,6.501059262217751,1.1783674009845821,7
1871,5.363312502912845,6.501059262217751,1.137746759304906,3
1872,4.679196090863256,4.892762234615817,0.2135661437525611,9
1873,4.692681515348507,4.892762234615817,0.20008071926730953,5
1874,4.6925800650750595,4.892762234615817,0.2001821695407573,8
1875,4.69245580135145,4.892762234615817,0.20030643326436692,7
1876,4.692696732883675,4.892762234615817,0.20006550173214155,10
1877,4.692812069962201,4.892762234615817,0.19995016465361548,6
1878,4.693277470809035,4.892762234615817,0.19948476380678226,1
1879,4.755796105361848,4.892762234615817,0.13696612925396856,2
1880,4.693242115408916,4.892762234615817,0.19952011920690094,4
1881,5.600071773057584,7.068185861746161,1.4681140886885773,6
1882,5.56572485169057,7.068185861746161,1.5024610100555913,1
1883,5.733860761115132,7.068185861746161,1.3343251006310295,10
1884,5.856571544661286,7.068185861746161,1.2116143170848757,2
1885,5.814295918338658,7.068185861746161,1.2538899434075033,8
1886,5.502691200614012,7.068185861746161,1.5654946611321492,7
1887,5.757481863496951,7.068185861746161,1.3107039982492106,5
1888,5.740379866535193,7.068185861746161,1.3278059952109684,9
1889,5.724284310594243,7.068185861746161,1.3439015511519186,3
1890,4.363655523120939,3.4800069429571505,-0.8836485801637886,1
1891,4.339678740358428,3.4800069429571505,-0.8596717974012775,3
1892,4.482588010722794,3.4800069429571505,-1.0025810677656435,10
1893,4.253647946446199,3.4800069429571505,-0.7736410034890482,6
1894,4.423745531381122,3.4800069429571505,-0.9437385884239711,9
1895,4.322539339981585,3.4800069429571505,-0.8425323970244345,7
1896,4.646355086700262,3.4800069429571505,-1.1663481437431114,5
1897,4.405013161458204,3.4800069429571505,-0.9250062185010539,8
1898,4.349880730961893,3.4800069429571505,-0.8698737880047429,4
1899,4.648994660399243,4.336459733848529,-0.3125349265507138,9
1900,4.585015485448034,4.336459733848529,-0.24855575159950494,3
1901,4.536279274398796,4.336459733848529,-0.19981954055026652,7
1902,4.804937669540655,4.336459733848529,-0.4684779356921256,8
1903,4.744247000805854,4.336459733848529,-0.4077872669573246,10
1904,4.902009530106424,4.336459733848529,-0.565549796257895,2
1905,4.7416819672098,4.336459733848529,-0.40522223336127094,1
1906,4.598408170977078,4.336459733848529,-0.26194843712854876,6
1907,4.652098256040857,4.336459733848529,-0.31563852219232746,4
1908,5.570039482932497,5.0,-0.5700394829324971,3
1909,5.789765568090922,5.0,-0.7897655680909219,6
1910,5.758643717628561,5.0,-0.7586437176285612,8
1911,5.787946657227676,5.0,-0.7879466572276757,7
1912,5.199946047892983,5.0,-0.19994604789298265,1
1913,5.818569171370245,5.0,-0.8185691713702452,10
1914,5.760176635340946,5.0,-0.7601766353409456,9
1915,5.802643819011251,5.0,-0.8026438190112506,5
1916,5.797384413648609,5.0,-0.7973844136486088,4
1917,5.976372492913752,6.0,0.023627507086247945,9
1918,6.019375008787743,6.0,-0.01937500878774312,2
1919,6.03550840908266,6.0,-0.035508409082660286,8
1920,5.994060678389898,6.0,0.0059393216101018,10
1921,6.0467408573765695,6.0,-0.04674085737656952,6
1922,5.982582723869324,6.0,0.017417276130675674,4
1923,5.972595178270185,6.0,0.02740482172981462,3
1924,5.983802440587563,6.0,0.01619755941243728,1
1925,5.993821401043416,6.0,0.006178598956584125,7
1926,3.504598251632596,5.445604203273597,1.9410059516410012,3
1927,3.6101112214448334,5.445604203273597,1.835492981828764,10
1928,3.521838410626627,5.445604203273597,1.9237657926469702,5
1929,3.6726719506817727,5.445604203273597,1.7729322525918247,8
1930,3.4465300883011207,5.445604203273597,1.9990741149724767,9
1931,3.580825493317969,5.445604203273597,1.8647787099556283,2
1932,3.5334223075893907,5.445604203273597,1.9121818956842067,7
1933,3.51745989707848,5.445604203273597,1.9281443061951173,1
1934,3.5805165815670525,5.445604203273597,1.8650876217065449,6
1935,2.55044277178914,1.7781512503836436,-0.7722915214054964,4
1936,2.580562718763084,1.7781512503836436,-0.8024114683794406,6
1937,2.6059731118510037,1.7781512503836436,-0.82782186146736,10
1938,2.6511865451868184,1.7781512503836436,-0.8730352948031748,8
1939,2.4474266354188985,1.7781512503836436,-0.6692753850352549,9
1940,2.33808685183129,1.7781512503836436,-0.5599356014476464,2
1941,2.547017063000718,1.7781512503836436,-0.7688658126170742,3
1942,2.3863921559251504,1.7781512503836436,-0.6082409055415068,7
1943,2.5495592136352316,1.7781512503836436,-0.771407963251588,1
1944,3.675143763830924,2.400537989391946,-1.274605774438978,8
1945,3.642707646582881,2.400537989391946,-1.242169657190935,1
1946,3.550558500060426,2.400537989391946,-1.15002051066848,9
1947,3.5883268813612603,2.400537989391946,-1.1877888919693143,4
1948,3.5912124708965214,2.400537989391946,-1.1906744815045753,6
1949,3.664871828339947,2.400537989391946,-1.264333838948001,5
1950,3.5075312715661804,2.400537989391946,-1.1069932821742343,2
1951,3.645951550560456,2.400537989391946,-1.24541356116851,3
1952,3.5190089163817153,2.400537989391946,-1.1184709269897692,7
1953,4.427969601086857,3.0,-1.4279696010868568,10
1954,4.366579263281891,3.0,-1.3665792632818912,9
1955,4.425091056170823,3.0,-1.4250910561708228,2
1956,4.356008935796077,3.0,-1.3560089357960772,4
1957,4.402695736340318,3.0,-1.402695736340318,7
1958,4.422387034207349,3.0,-1.4223870342073486,3
1959,4.34601846525438,3.0,-1.3460184652543798,6
1960,4.396689551903041,3.0,-1.396689551903041,1
1961,4.32329042673492,3.0,-1.3232904267349204,5
1962,4.867986659623712,3.653212513775344,-1.2147741458483683,7
1963,4.746845046590807,3.653212513775344,-1.0936325328154632,6
1964,4.783913716391011,3.653212513775344,-1.1307012026156666,1
1965,4.864911745544088,3.653212513775344,-1.211699231768744,2
1966,4.781013935896752,3.653212513775344,-1.1278014221214079,9
1967,4.812636756577963,3.653212513775344,-1.1594242428026194,4
1968,4.81730604296097,3.653212513775344,-1.1640935291856263,10
1969,4.891297044197069,3.653212513775344,-1.238084530421725,8
1970,4.754566301230788,3.653212513775344,-1.1013537874554444,5
1971,4.631104487893259,5.0,0.3688955121067412,4
1972,4.631580924373564,5.0,0.36841907562643605,2
1973,4.631193341834166,5.0,0.368806658165834,8
1974,4.409775051938462,5.0,0.5902249480615378,10
1975,4.520412834230556,5.0,0.47958716576944393,6
1976,4.75306892970154,5.0,0.2469310702984604,7
1977,4.604081198263016,5.0,0.39591880173698435,5
1978,4.536465755422045,5.0,0.46353424457795533,3
1979,4.6315145752912255,5.0,0.36848542470877454,1
1980,5.349514632358344,5.14921911265538,-0.2002955197029639,8
1981,5.3493797097693445,5.14921911265538,-0.20016059711396483,7
1982,5.349578763978265,5.14921911265538,-0.20035965132288514,6
1983,5.348838421835823,5.14921911265538,-0.19961930918044324,4
1984,5.349368939388513,5.14921911265538,-0.2001498267331332,1
1985,5.349111206794722,5.14921911265538,-0.19989209413934272,5
1986,5.349208860686345,5.14921911265538,-0.1999897480309656,10
1987,5.348952510559605,5.14921911265538,-0.19973339790422528,3
1988,5.349596628128072,5.14921911265538,-0.20037751547269256,9
1989,3.2738867432065666,4.101747073946366,0.8278603307397994,6
1990,3.2295642079200224,4.101747073946366,0.8721828660263435,9
1991,3.3566911216123723,4.101747073946366,0.7450559523339937,4
1992,3.2008180891104243,4.101747073946366,0.9009289848359416,5
1993,3.4812167392498163,4.101747073946366,0.6205303346965496,1
1994,3.872317081661979,4.101747073946366,0.22942999228438676,7
1995,3.2760819507384946,4.101747073946366,0.8256651232078713,2
1996,3.3978763676648667,4.101747073946366,0.7038707062814993,10
1997,3.071487767186668,4.101747073946366,1.0302593067596981,8
1998,5.9701204063960915,6.2552725051033065,0.2851520987072149,6
1999,5.998701247845012,6.2552725051033065,0.25657125725829477,1
2000,5.8834118251014935,6.2552725051033065,0.37186068000181294,10
2001,6.0274710335428505,6.2552725051033065,0.22780147156045594,8
2002,5.887468970902957,6.2552725051033065,0.36780353420034917,9
2003,6.012467669604782,6.2552725051033065,0.24280483549852416,7
2004,5.937622383011456,6.2552725051033065,0.31765012209185084,3
2005,5.923672983306042,6.2552725051033065,0.3315995217972647,4
2006,6.038199584438327,6.2552725051033065,0.21707292066497974,2
2007,5.40876736226082,6.361727836017593,0.9529604737567734,3
2008,5.406273894127871,6.361727836017593,0.9554539418897221,10
2009,5.406870855925922,6.361727836017593,0.9548569800916713,5
2010,5.322533740814922,6.361727836017593,1.0391940952026708,9
2011,5.399307294101257,6.361727836017593,0.9624205419163356,2
2012,5.431182840990816,6.361727836017593,0.9305449950267768,8
2013,5.411570850149261,6.361727836017593,0.9501569858683316,4
2014,5.45693337988566,6.361727836017593,0.904794456131933,7
2015,5.416804964287182,6.361727836017593,0.9449228717304115,1
2016,6.2216159642218765,6.421603926869831,0.19998796264795438,6
2017,6.2211390814884435,6.421603926869831,0.2004648453813873,10
2018,6.221610941683547,6.421603926869831,0.1999929851862836,7
2019,6.2219131170501685,6.421603926869831,0.19969080981966236,2
2020,6.221279817390298,6.421603926869831,0.20032410947953316,3
2021,6.2213131074729695,6.421603926869831,0.20029081939686133,4
2022,6.221431348078032,6.421603926869831,0.20017257879179873,9
2023,6.221590668331656,6.421603926869831,0.2000132585381751,1
2024,6.221464370400637,6.421603926869831,0.20013955646919346,8
2025,6.376027980155802,6.176091259055681,-0.19993672110012106,10
2026,6.376078548295004,6.176091259055681,-0.1999872892393224,4
2027,6.376266161635962,6.176091259055681,-0.20017490258028037,5
2028,6.376582922250325,6.176091259055681,-0.20049166319464362,3
2029,6.376262263722261,6.176091259055681,-0.20017100466657922,6
2030,6.376313892505818,6.176091259055681,-0.2002226334501369,2
2031,6.3762745911334395,6.176091259055681,-0.20018333207775818,7
2032,6.3763526778773505,6.176091259055681,-0.20026141882166915,1
2033,6.376155914507703,6.176091259055681,-0.2000646554520218,8
2034,6.308995311237379,6.113943352306837,-0.1950519589305424,9
2035,6.271178706827049,6.113943352306837,-0.1572353545202123,3
2036,6.267159601879272,6.113943352306837,-0.15321624957243518,7
2037,6.269960907594932,6.113943352306837,-0.1560175552880949,4
2038,6.257938749480603,6.113943352306837,-0.1439953971737662,5
2039,6.2743434040276655,6.113943352306837,-0.1604000517208286,10
2040,6.196921034388842,6.113943352306837,-0.08297768208200473,1
2041,6.287703005219579,6.113943352306837,-0.1737596529127421,6
2042,6.2748513819947265,6.113943352306837,-0.16090802968788953,8
2043,6.354951815990349,6.313867220369153,-0.041084595621195596,9
2044,6.356186382085003,6.313867220369153,-0.042319161715849596,6
2045,6.436926509910293,6.313867220369153,-0.12305928954113998,3
2046,6.4013777633451605,6.313867220369153,-0.08751054297600724,4
2047,6.443080661770449,6.313867220369153,-0.12921344140129598,7
2048,6.38780027968036,6.313867220369153,-0.07393305931120686,1
2049,6.389187628728841,6.313867220369153,-0.0753204083596879,8
2050,6.3393486839474456,6.313867220369153,-0.025481463578292285,10
2051,6.403902635714357,6.313867220369153,-0.09003541534520387,2
2052,6.313649316988512,6.544068044350276,0.23041872736176394,2
2053,6.344190604780842,6.544068044350276,0.19987743956943405,7
2054,6.264918594595676,6.544068044350276,0.2791494497546001,3
2055,6.188974337441134,6.544068044350276,0.355093706909142,5
2056,6.222223152799125,6.544068044350276,0.3218448915511507,9
2057,6.302193524450728,6.544068044350276,0.24187451989954756,4
2058,6.169704569408134,6.544068044350276,0.3743634749421414,10
2059,6.204861267008902,6.544068044350276,0.3392067773413734,1
2060,6.262312056925183,6.544068044350276,0.28175598742509234,8
2061,6.0253907082864036,5.993876914941211,-0.03151379334519255,8
2062,5.957245591612932,5.993876914941211,0.036631323328278675,3
2063,5.906091210476693,5.993876914941211,0.08778570446451806,6
2064,6.126514242798283,5.993876914941211,-0.13263732785707205,7
2065,6.0308654395347805,5.993876914941211,-0.036988524593569494,10
2066,6.0560882666146965,5.993876914941211,-0.06221135167348546,1
2067,5.990726042712656,5.993876914941211,0.003150872228554924,2
2068,5.990963447314419,5.993876914941211,0.002913467626791899,5
2069,5.949596681148114,5.993876914941211,0.04428023379309742,4
2070,6.344379426321038,6.544068044350276,0.19968861802923765,1
2071,6.3438313104897475,6.544068044350276,0.2002367338605282,6
2072,6.402719093915858,6.544068044350276,0.14134895043441809,4
2073,6.343705654619502,6.544068044350276,0.20036238973077403,9
2074,6.343944334031219,6.544068044350276,0.2001237103190565,5
2075,6.343847936485651,6.544068044350276,0.20022010786462463,2
2076,6.344190065033449,6.544068044350276,0.1998779793168266,3
2077,6.419601463811173,6.544068044350276,0.12446658053910298,7
2078,6.344231154924793,6.544068044350276,0.19983688942548294,8
2079,6.064274725686077,6.187520720836463,0.12324599515038592,8
2080,6.066688664619562,6.187520720836463,0.12083205621690052,9
2081,6.055658056492164,6.187520720836463,0.1318626643442986,4
2082,6.067159368750568,6.187520720836463,0.1203613520858946,7
2083,6.1050521001946985,6.187520720836463,0.08246862064176419,6
2084,6.035347194091223,6.187520720836463,0.15217352674523976,10
2085,5.987497428958505,6.187520720836463,0.2000232918779581,5
2086,6.06430469395325,6.187520720836463,0.12321602688321232,3
2087,6.035759615362143,6.187520720836463,0.15176110547431954,1
2088,6.291166965967305,6.526985068559996,0.23581810259269087,3
2089,6.290981991711476,6.526985068559996,0.23600307684851973,7
2090,6.291308558369863,6.526985068559996,0.23567651019013258,5
2091,6.291783549025055,6.526985068559996,0.2352015195349404,1
2092,6.326798731059434,6.526985068559996,0.20018633750056214,8
2093,6.291340259283579,6.526985068559996,0.2356448092764163,4
2094,6.291236532542329,6.526985068559996,0.23574853601766677,9
2095,6.291702423878293,6.526985068559996,0.23528264468170246,10
2096,6.291430250516121,6.526985068559996,0.2355548180438749,2
2097,6.423383390055869,6.1003705451175625,-0.3230128449383063,5
2098,6.419847669194593,6.1003705451175625,-0.31947712407703044,10
2099,6.387787317440216,6.1003705451175625,-0.2874167723226533,7
2100,6.430374208516085,6.1003705451175625,-0.3300036633985224,1
2101,6.474073872574286,6.1003705451175625,-0.37370332745672385,4
2102,6.366052457243756,6.1003705451175625,-0.2656819121261931,2
2103,6.430857667321526,6.1003705451175625,-0.33048712220396315,6
2104,6.435785735651322,6.1003705451175625,-0.3354151905337597,9
2105,6.414720184536692,6.1003705451175625,-0.3143496394191292,8
2106,5.1847920657326165,5.806179973983888,0.6213879082512719,3
2107,5.142126661455432,5.806179973983888,0.6640533125284565,2
2108,5.092854648900692,5.806179973983888,0.7133253250831961,9
2109,5.169676557736453,5.806179973983888,0.636503416247435,8
2110,5.153932224436285,5.806179973983888,0.6522477495476036,4
2111,5.236074814999103,5.806179973983888,0.5701051589847852,6
2112,4.994285234398902,5.806179973983888,0.8118947395849867,1
2113,5.179754316930409,5.806179973983888,0.6264256570534794,10
2114,5.311550743575086,5.806179973983888,0.494629230408802,5
2115,5.982403709812552,5.093421685162235,-0.8889820246503177,5
2116,5.77563594609557,5.093421685162235,-0.6822142609333355,9
2117,5.864790833627734,5.093421685162235,-0.7713691484654994,2
2118,5.792571560270445,5.093421685162235,-0.6991498751082101,1
2119,5.923412664433753,5.093421685162235,-0.8299909792715185,3
2120,5.608405578078725,5.093421685162235,-0.51498389291649,7
2121,5.869388663568319,5.093421685162235,-0.7759669784060845,10
2122,5.896056823924187,5.093421685162235,-0.8026351387619526,8
2123,5.910684357676957,5.093421685162235,-0.8172626725147225,4
2124,5.638788583713039,3.963787827345555,-1.6750007563674836,8
2125,5.344819238659168,3.963787827345555,-1.381031411313613,7
2126,5.6655793209442935,3.963787827345555,-1.7017914935987384,6
2127,5.692361540326759,3.963787827345555,-1.7285737129812042,5
2128,5.647506533698748,3.963787827345555,-1.683718706353193,10
2129,5.506057306786294,3.963787827345555,-1.5422694794407392,1
2130,5.646387320661546,3.963787827345555,-1.682599493315991,4
2131,5.594425298596214,3.963787827345555,-1.6306374712506586,9
2132,5.612975797571256,3.963787827345555,-1.6491879702257006,2
2133,5.585270380558464,6.0751453270538525,0.4898749464953882,10
2134,5.6939229004531455,6.0751453270538525,0.38122242660070693,8
2135,5.648291406340946,6.0751453270538525,0.4268539207129063,5
2136,5.291240679702238,6.0751453270538525,0.7839046473516147,7
2137,5.719486363248373,6.0751453270538525,0.3556589638054799,3
2138,5.692872165685732,6.0751453270538525,0.3822731613681203,4
2139,5.684627575824621,6.0751453270538525,0.3905177512292317,2
2140,5.762720980886385,6.0751453270538525,0.31242434616746717,6
2141,5.590553108320309,6.0751453270538525,0.4845922187335434,9
2142,6.753323900115773,7.146128035678238,0.3928041355624652,1
2143,6.73796058476834,7.146128035678238,0.4081674509098985,7
2144,6.7126889969883266,7.146128035678238,0.4334390386899116,4
2145,6.741898716879767,7.146128035678238,0.4042293187984711,9
2146,6.696028922099644,7.146128035678238,0.45009911357859433,5
2147,6.405331236429828,7.146128035678238,0.7407967992484101,10
2148,6.946165096463814,7.146128035678238,0.19996293921442376,2
2149,6.755347196855539,7.146128035678238,0.39078083882269876,8
2150,6.739379424555423,7.146128035678238,0.4067486111228149,3
2151,6.198249625173264,4.792391689498253,-1.4058579356750114,9
2152,6.189779317651831,4.792391689498253,-1.3973876281535782,7
2153,5.937053526873372,4.792391689498253,-1.1446618373751196,10
2154,6.236141584504425,4.792391689498253,-1.4437498950061727,8
2155,6.218578314049463,4.792391689498253,-1.4261866245512103,3
2156,5.97231259696378,4.792391689498253,-1.1799209074655277,6
2157,6.1750201211829365,4.792391689498253,-1.382628431684684,4
2158,6.072321958116103,4.792391689498253,-1.2799302686178509,5
2159,6.248245865616251,4.792391689498253,-1.4558541761179988,1
2160,6.737165789646026,6.863322860120456,0.12615707047442992,9
2161,6.701440759285989,6.863322860120456,0.1618821008344673,7
2162,6.7346348794581266,6.863322860120456,0.12868798066232934,4
2163,6.663260684444555,6.863322860120456,0.20006217567590046,2
2164,6.6635771414842715,6.863322860120456,0.1997457186361844,10
2165,6.689835739208975,6.863322860120456,0.17348712091148055,8
2166,6.678072088353121,6.863322860120456,0.1852507717673353,3
2167,6.66302424829551,6.863322860120456,0.20029861182494546,6
2168,6.665785397975297,6.863322860120456,0.1975374621451591,5
2169,6.219384209125463,6.531478917042255,0.31209470791679195,1
2170,6.23651073305166,6.531478917042255,0.2949681839905951,3
2171,6.106316480132701,6.531478917042255,0.42516243690955413,6
2172,6.214737284056939,6.531478917042255,0.3167416329853161,9
2173,6.20869960030617,6.531478917042255,0.32277931673608506,4
2174,6.182959592627566,6.531478917042255,0.34851932441468936,5
2175,6.188503554841586,6.531478917042255,0.3429753622006695,7
2176,6.186790825059696,6.531478917042255,0.344688091982559,2
2177,6.249769615920297,6.531478917042255,0.2817093011219587,8
2178,6.314184989278514,4.472024697700282,-1.8421602915782325,3
2179,6.333296198019635,4.472024697700282,-1.8612715003193534,8
2180,6.281783608212803,4.472024697700282,-1.809758910512521,10
2181,6.277770411923694,4.472024697700282,-1.805745714223412,1
2182,6.2845885760710205,4.472024697700282,-1.8125638783707387,7
2183,6.264559354498843,4.472024697700282,-1.7925346567985612,9
2184,6.2978795493482655,4.472024697700282,-1.8258548516479838,4
2185,6.277197841694769,4.472024697700282,-1.8051731439944874,2
2186,6.210554370375294,4.472024697700282,-1.7385296726750123,6
2187,5.721877990190157,5.315970345456917,-0.40590764473323926,2
2188,5.768231331926447,5.315970345456917,-0.45226098646952995,1
2189,5.749486715544537,5.315970345456917,-0.43351637008761923,5
2190,5.765888495305261,5.315970345456917,-0.4499181498483438,3
2191,5.569593565612352,5.315970345456917,-0.2536232201554345,6
2192,5.889629508881449,5.315970345456917,-0.5736591634245318,10
2193,5.762612917647389,5.315970345456917,-0.44664257219047165,8
2194,5.731352530209208,5.315970345456917,-0.41538218475229094,7
2195,5.743277658593709,5.315970345456917,-0.42730731313679193,9
2196,6.066099809918832,6.266114049531676,0.2000142396128437,5
2197,6.066326672936176,6.266114049531676,0.1997873765954994,4
2198,6.065775783381769,6.266114049531676,0.2003382661499069,10
2199,6.08375996084168,6.266114049531676,0.18235408868999592,9
2200,6.065772291226518,6.266114049531676,0.2003417583051572,6
2201,6.08716304426861,6.266114049531676,0.17895100526306518,7
2202,6.07183170088414,6.266114049531676,0.19428234864753602,1
2203,6.066136194197855,6.266114049531676,0.1999778553338203,3
2204,6.065658530260681,6.266114049531676,0.20045551927099492,8
2205,3.8642862743147193,3.397940008672037,-0.4663462656426822,9
2206,3.8823801529625372,3.397940008672037,-0.4844401442905002,5
2207,3.765027948952966,3.397940008672037,-0.36708794028092884,7
2208,3.9122986170591134,3.397940008672037,-0.5143586083870764,10
2209,3.849842156819804,3.397940008672037,-0.45190214814776697,2
2210,3.9358874692250216,3.397940008672037,-0.5379474605529846,6
2211,3.9042458020311743,3.397940008672037,-0.5063057933591373,4
2212,3.862031475679374,3.397940008672037,-0.46409146700733706,3
2213,3.8736378792797748,3.397940008672037,-0.4756978706077377,1
2214,6.269145289698421,6.109915863023793,-0.15922942667462792,8
2215,6.246796714788302,6.109915863023793,-0.13688085176450926,10
2216,6.264509154341079,6.109915863023793,-0.15459329131728605,7
2217,6.276215150871477,6.109915863023793,-0.16629928784768389,1
2218,6.310066482131254,6.109915863023793,-0.20015061910746113,6
2219,6.27031145184942,6.109915863023793,-0.16039558882562677,3
2220,6.265873613118022,6.109915863023793,-0.1559577500942293,5
2221,6.310116905063611,6.109915863023793,-0.2002010420398177,4
2222,6.247655176675748,6.109915863023793,-0.1377393136519549,2
2223,6.570748453354236,6.539076098792776,-0.03167235456145967,8
2224,6.571361622380327,6.539076098792776,-0.03228552358755099,6
2225,6.562782512351706,6.539076098792776,-0.023706413558929995,10
2226,6.5214998501843064,6.539076098792776,0.017576248608469847,3
2227,6.463528828600482,6.539076098792776,0.07554727019229457,2
2228,6.49872184338652,6.539076098792776,0.04035425540625592,4
2229,6.441920247178733,6.539076098792776,0.09715585161404316,7
2230,6.492976925704118,6.539076098792776,0.04609917308865796,5
2231,6.4865918943527525,6.539076098792776,0.052484204440023774,9
2232,6.951784100689775,6.342817314635733,-0.608966786054042,10
2233,6.748919582809997,6.342817314635733,-0.40610226817426387,7
2234,6.963710025695809,6.342817314635733,-0.6208927110600762,8
2235,6.924404367167924,6.342817314635733,-0.5815870525321909,3
2236,6.93870335815518,6.342817314635733,-0.5958860435194469,1
2237,6.913460157772674,6.342817314635733,-0.570642843136941,2
2238,6.887943670089672,6.342817314635733,-0.545126355453939,5
2239,6.9265703371586795,6.342817314635733,-0.5837530225229468,9
2240,6.772392901400594,6.342817314635733,-0.4295755867648614,4
2241,3.588861331013333,2.0791812460476247,-1.5096800849657082,1
2242,3.574909205860222,2.0791812460476247,-1.4957279598125974,10
2243,3.621141662174452,2.0791812460476247,-1.5419604161268272,3
2244,3.544113796881561,2.0791812460476247,-1.4649325508339364,8
2245,3.5609974149262005,2.0791812460476247,-1.4818161688785758,9
2246,3.321151122648265,2.0791812460476247,-1.2419698766006402,7
2247,3.5763945978630254,2.0791812460476247,-1.4972133518154007,4
2248,3.621620506266509,2.0791812460476247,-1.5424392602188846,5
2249,3.290840692771314,2.0791812460476247,-1.2116594467236892,2
2250,5.275741036378643,5.202352067809752,-0.07338896856889132,1
2251,5.31789971947675,5.202352067809752,-0.11554765166699799,8
2252,5.17605035277946,5.202352067809752,0.026301715030291994,2
2253,5.247022787760131,5.202352067809752,-0.0446707199503793,4
2254,5.3034122574696925,5.202352067809752,-0.10106018965994057,9
2255,5.309137081177447,5.202352067809752,-0.10678501336769486,10
2256,5.109328193716578,5.202352067809752,0.09302387409317348,6
2257,5.228822295951518,5.202352067809752,-0.026470228141765695,5
2258,5.250449553463939,5.202352067809752,-0.048097485654187366,3
2259,6.3687744283467245,6.409764104266346,0.04098967591962133,9
2260,6.471471129379337,6.409764104266346,-0.061707025112990976,7
2261,6.39458044875268,6.409764104266346,0.015183655513665961,2
2262,6.343010364026321,6.409764104266346,0.06675374024002512,6
2263,6.406677748034784,6.409764104266346,0.0030863562315621706,3
2264,6.383564734752532,6.409764104266346,0.02619936951381341,8
2265,6.346367447482949,6.409764104266346,0.06339665678339657,10
2266,6.4483452675154185,6.409764104266346,-0.03858116324907268,4
2267,6.346838157091379,6.409764104266346,0.0629259471749668,5
2268,6.442678481424463,6.477121254719663,0.034442773295199736,7
2269,6.300615785736032,6.477121254719663,0.1765054689836303,6
2270,6.398369608191909,6.477121254719663,0.07875164652775357,9
2271,6.398406265829736,6.477121254719663,0.078714988889927,2
2272,6.378509986509083,6.477121254719663,0.09861126821057997,5
2273,6.407285278116637,6.477121254719663,0.06983597660302543,8
2274,6.393970480548136,6.477121254719663,0.08315077417152672,3
2275,6.35793692898781,6.477121254719663,0.11918432573185278,1
2276,6.388688270358015,6.477121254719663,0.08843298436164737,4
2277,6.419847669194593,6.137926673293154,-0.28192099590143904,10
2278,6.474073872574286,6.137926673293154,-0.33614719928113246,4
2279,6.430857667321526,6.137926673293154,-0.29293099402837175,6
2280,6.366052457243756,6.137926673293154,-0.22812578395060168,2
2281,6.423383390055869,6.137926673293154,-0.2854567167627149,5
2282,6.387787317440216,6.137926673293154,-0.24986064414706188,7
2283,6.430577998661526,6.137926673293154,-0.29265132536837246,3
2284,6.414720184536692,6.137926673293154,-0.2767935112435378,8
2285,6.430374208516085,6.137926673293154,-0.292447535222931,1
2286,6.474073872574286,6.45071087814692,-0.02336299442736678,4
2287,6.430374208516085,6.45071087814692,0.02033666963083469,1
2288,6.387787317440216,6.45071087814692,0.0629235607067038,7
2289,6.419847669194593,6.45071087814692,0.030863208952326637,10
2290,6.435785735651322,6.45071087814692,0.014925142495597399,9
2291,6.430857667321526,6.45071087814692,0.01985321082539393,6
2292,6.366052457243756,6.45071087814692,0.084658420903164,2
2293,6.423383390055869,6.45071087814692,0.02732748809105079,5
2294,6.414720184536692,6.45071087814692,0.035990693610227886,8
2295,6.404320348861262,6.60422605308447,0.19990570422320797,6
2296,6.404367733272418,6.60422605308447,0.19985831981205227,1
2297,6.421338100152914,6.60422605308447,0.1828879529315559,3
2298,6.403903646709023,6.60422605308447,0.20032240637544696,4
2299,6.464674306796381,6.60422605308447,0.13955174628808908,5
2300,6.442968057449016,6.60422605308447,0.16125799563545407,8
2301,6.415503544865096,6.60422605308447,0.18872250821937353,2
2302,6.404532466292827,6.60422605308447,0.19969358679164273,10
2303,6.440654743409179,6.60422605308447,0.16357130967529088,9
2304,6.467477482526881,6.187520720836463,-0.2799567616904186,8
2305,6.456298335246944,6.187520720836463,-0.26877761441048165,9
2306,6.451302950681144,6.187520720836463,-0.263782229844681,7
2307,6.42549176253455,6.187520720836463,-0.23797104169808758,2
2308,6.509749083532407,6.187520720836463,-0.32222836269594435,4
2309,6.458193421312229,6.187520720836463,-0.2706727004757665,1
2310,6.4219254931218845,6.187520720836463,-0.2344047722854219,10
2311,6.459450825043112,6.187520720836463,-0.27193010420664976,3
2312,6.4471466915487,6.187520720836463,-0.2596259707122375,6
2313,6.39543388740516,6.278753600952829,-0.11668028645233086,3
2314,6.368609915483655,6.278753600952829,-0.08985631453082643,1
2315,6.376198234496757,6.278753600952829,-0.09744463354392785,7
2316,6.431596237705307,6.278753600952829,-0.152842636752478,4
2317,6.386623392975796,6.278753600952829,-0.1078697920229672,5
2318,6.313306974002394,6.278753600952829,-0.034553373049565295,2
2319,6.384504298604475,6.278753600952829,-0.10575069765164624,6
2320,6.3872963272478,6.278753600952829,-0.10854272629497075,9
2321,6.3852404628999615,6.278753600952829,-0.10648686194713264,10
2322,6.448519825792152,6.518513939877887,0.06999411408573497,9
2323,6.449815207122356,6.518513939877887,0.06869873275553129,4
2324,6.437619679118696,6.518513939877887,0.08089426075919093,1
2325,6.418914290464551,6.518513939877887,0.09959964941333599,7
2326,6.425734231911647,6.518513939877887,0.09277970796624047,8
2327,6.410438883253336,6.518513939877887,0.10807505662455075,2
2328,6.4679625392329445,6.518513939877887,0.05055140064494257,3
2329,6.378244740856992,6.518513939877887,0.14026919902089485,10
2330,6.390156116622631,6.518513939877887,0.12835782325525624,6
2331,6.19771946861856,4.342422680822207,-1.8552967877963535,5
2332,6.172251070459712,4.342422680822207,-1.8298283896375054,8
2333,6.196465139985673,4.342422680822207,-1.854042459163466,9
2334,6.22640603515637,4.342422680822207,-1.8839833543341635,1
2335,6.193710087820614,4.342422680822207,-1.8512874069984075,3
2336,6.214130598559158,4.342422680822207,-1.871707917736951,4
2337,6.189898969895741,4.342422680822207,-1.8474762890735343,7
2338,6.214079582777074,4.342422680822207,-1.871656901954867,6
2339,6.188039718180549,4.342422680822207,-1.845617037358342,10
2340,6.227242504009437,5.651762447380111,-0.5754800566293259,8
2341,6.145532890320286,5.651762447380111,-0.4937704429401748,2
2342,6.239447188825225,5.651762447380111,-0.5876847414451136,10
2343,6.245522140878647,5.651762447380111,-0.5937596934985354,4
2344,6.125216394718538,5.651762447380111,-0.4734539473384265,1
2345,6.123250929616326,5.651762447380111,-0.4714884822362144,6
2346,6.213592112646684,5.651762447380111,-0.5618296652665729,7
2347,6.186582561525768,5.651762447380111,-0.5348201141456563,9
2348,6.191245980617335,5.651762447380111,-0.5394835332372239,3
2349,6.097667366887947,6.301969226865995,0.20430185997804795,8
2350,6.091554877935968,6.301969226865995,0.2104143489300272,10
2351,6.10235860133822,6.301969226865995,0.1996106255277752,5
2352,6.101589780313441,6.301969226865995,0.2003794465525539,2
2353,6.089148034327274,6.301969226865995,0.2128211925387209,4
2354,6.033510453677799,6.301969226865995,0.268458773188196,9
2355,6.08657042886498,6.301969226865995,0.21539879800101502,3
2356,6.021479949034787,6.301969226865995,0.28048927783120803,6
2357,6.101907349553705,6.301969226865995,0.2000618773122902,7
2358,6.808308222810819,6.903089986991944,0.09478176418112483,4
2359,6.780849820348221,6.903089986991944,0.1222401666437225,7
2360,6.702756838050594,6.903089986991944,0.20033314894134957,1
2361,6.702814496793635,6.903089986991944,0.20027549019830904,5
2362,6.8029800461860175,6.903089986991944,0.10010994080592628,10
2363,6.7668017841651285,6.903089986991944,0.1362882028268153,6
2364,6.7891059584490545,6.903089986991944,0.11398402854288925,8
2365,6.703056049889686,6.903089986991944,0.20003393710225748,2
2366,6.800942948995958,6.903089986991944,0.10214703799598546,3
2367,6.291876558825216,5.983175072037813,-0.3087014867874025,7
2368,6.273505076871164,5.983175072037813,-0.2903300048333506,6
2369,6.252104453840827,5.983175072037813,-0.26892938180301407,9
2370,6.277769434275193,5.983175072037813,-0.29459436223737967,2
2371,6.266323084708128,5.983175072037813,-0.2831480126703152,1
2372,6.200858012812837,5.983175072037813,-0.21768294077502404,4
2373,6.300080421529211,5.983175072037813,-0.3169053494913978,10
2374,6.212764945546701,5.983175072037813,-0.22958987350888815,5
2375,6.18980283243713,5.983175072037813,-0.20662776039931696,3
2376,6.37303273432794,6.587710965018911,0.21467823069097136,4
2377,6.369365681258501,6.587710965018911,0.21834528376041007,2
2378,6.384086496681045,6.587710965018911,0.20362446833786674,10
2379,6.387568985942927,6.587710965018911,0.2001419790759842,5
2380,6.387467110119556,6.587710965018911,0.20024385489935526,6
2381,6.364395811983106,6.587710965018911,0.22331515303580574,1
2382,6.372943043712813,6.587710965018911,0.21476792130609823,8
2383,6.368612937363989,6.587710965018911,0.2190980276549226,3
2384,6.384057795628928,6.587710965018911,0.203653169389983,9
2385,6.384086496681045,6.5843312243675305,0.20024472768648582,10
2386,6.364395811983106,6.5843312243675305,0.21993541238442482,1
2387,6.384057795628928,6.5843312243675305,0.2002734287386021,9
2388,6.37303273432794,6.5843312243675305,0.21129849003959045,4
2389,6.369365681258501,6.5843312243675305,0.21496554310902916,2
2390,6.344431356051682,6.5843312243675305,0.23989986831584886,7
2391,6.387568985942927,6.5843312243675305,0.19676223842460328,5
2392,6.372943043712813,6.5843312243675305,0.21138818065471732,8
2393,6.387467110119556,6.5843312243675305,0.19686411424797434,6
2394,5.655355204781027,5.229425847920695,-0.4259293568603315,4
2395,5.5298185496347,5.229425847920695,-0.3003927017140047,2
2396,5.649944586034712,5.229425847920695,-0.4205187381140165,7
2397,5.494284332416457,5.229425847920695,-0.264858484495762,10
2398,5.438761508957976,5.229425847920695,-0.2093356610372803,5
2399,5.470831791199574,5.229425847920695,-0.24140594327887843,9
2400,5.545784684744753,5.229425847920695,-0.3163588368240573,8
2401,5.480528454420812,5.229425847920695,-0.2511026065001163,6
2402,5.556782859613586,5.229425847920695,-0.32735701169289033,1
2403,5.886140807114669,6.136720567156407,0.2505797600417381,9
2404,5.936753779153779,6.136720567156407,0.19996678800262746,8
2405,5.955187449601386,6.136720567156407,0.18153311755502077,5
2406,5.936510279704667,6.136720567156407,0.20021028745173997,2
2407,5.916105425790847,6.136720567156407,0.2206151413655597,1
2408,5.93745689366227,6.136720567156407,0.1992636734941371,4
2409,5.9511595024883555,6.136720567156407,0.18556106466805122,10
2410,5.93666522781763,6.136720567156407,0.2000553393387765,7
2411,5.883892351940795,6.136720567156407,0.2528282152156116,3
2412,6.423704993415142,5.0,-1.423704993415142,9
2413,6.41384189388687,5.0,-1.41384189388687,1
2414,6.398647225378528,5.0,-1.3986472253785278,2
2415,6.462832719709595,5.0,-1.4628327197095947,4
2416,6.41433300971323,5.0,-1.4143330097132303,6
2417,6.431123002080393,5.0,-1.4311230020803931,3
2418,6.365340398054826,5.0,-1.3653403980548262,10
2419,6.415121368012436,5.0,-1.4151213680124357,7
2420,6.427152220780041,5.0,-1.427152220780041,5
2421,6.331458790489,6.531478917042255,0.2000201265532553,7
2422,6.376008603253601,6.531478917042255,0.15547031378865395,5
2423,6.351321557832424,6.531478917042255,0.1801573592098311,6
2424,6.361408754548004,6.531478917042255,0.17007016249425178,9
2425,6.3721668693528235,6.531478917042255,0.15931204768943186,8
2426,6.329958735818133,6.531478917042255,0.2015201812241223,1
2427,6.373013106075485,6.531478917042255,0.1584658109667707,4
2428,6.331143462288853,6.531478917042255,0.20033545475340198,2
2429,6.3703038866419766,6.531478917042255,0.1611750304002788,3
2430,6.080531649758798,4.292256071356476,-1.7882755784023212,7
2431,6.046699958823762,4.292256071356476,-1.7544438874672856,10
2432,6.056563563436507,4.292256071356476,-1.7643074920800306,5
2433,6.0870955302492815,4.292256071356476,-1.7948394588928052,8
2434,6.053743858067445,4.292256071356476,-1.761487786710969,6
2435,6.021883381673988,4.292256071356476,-1.729627310317512,2
2436,6.0699699083219585,4.292256071356476,-1.7777138369654821,3
2437,6.074439526672118,4.292256071356476,-1.782183455315642,4
2438,6.080558594776906,4.292256071356476,-1.7883025234204295,9
2439,6.495897320728415,6.371067862271736,-0.12482945845667892,6
2440,6.3809495118082475,6.371067862271736,-0.009881649536511716,4
2441,6.552421355407464,6.371067862271736,-0.18135349313572835,7
2442,6.432118565445224,6.371067862271736,-0.06105070317348815,3
2443,6.480108894877714,6.371067862271736,-0.10904103260597786,9
2444,6.356017855620941,6.371067862271736,0.015050006650795034,5
2445,6.459908461916253,6.371067862271736,-0.0888405996445174,2
2446,6.524110544019245,6.371067862271736,-0.15304268174750923,8
2447,6.4874099437657895,6.371067862271736,-0.11634208149405367,10
2448,5.72066829032997,6.305351369446623,0.5846830791166537,10
2449,6.000990948204608,6.305351369446623,0.30436042124201546,4
2450,6.1002985743947935,6.305351369446623,0.20505279505182994,7
2451,6.042063448497107,6.305351369446623,0.2632879209495167,1
2452,5.966250133487092,6.305351369446623,0.33910123595953134,8
2453,5.984978390679377,6.305351369446623,0.3203729787672467,9
2454,5.931566994246726,6.305351369446623,0.3737843751998975,2
2455,5.7466530189410125,6.305351369446623,0.5586983505056109,3
2456,5.857173889752766,6.305351369446623,0.44817747969385735,6
2457,6.439015166881712,6.477121254719663,0.03810608783795022,8
2458,6.415121368012436,6.477121254719663,0.06199988670722689,7
2459,6.423704993415142,6.477121254719663,0.053416261304520596,9
2460,6.365340398054826,6.477121254719663,0.11178085666483639,10
2461,6.41384189388687,6.477121254719663,0.06327936083279262,1
2462,6.41433300971323,6.477121254719663,0.06278824500643232,6
2463,6.462832719709595,6.477121254719663,0.014288535010067882,4
2464,6.431123002080393,6.477121254719663,0.04599825263926949,3
2465,6.398647225378528,6.477121254719663,0.07847402934113479,2
2466,6.687176518033784,6.894105511777515,0.2069289937437313,4
2467,6.666488757555808,6.894105511777515,0.22761675422170757,7
2468,6.650130403613487,6.894105511777515,0.2439751081640278,1
2469,6.69418464083167,6.894105511777515,0.19992087094584488,9
2470,6.66546727678803,6.894105511777515,0.22863823498948488,3
2471,6.601214491277561,6.894105511777515,0.29289102049995375,10
2472,6.674381355505564,6.894105511777515,0.2197241562719512,8
2473,6.6634327597232526,6.894105511777515,0.23067275205426263,5
2474,6.694301726897721,6.894105511777515,0.19980378487979422,6
2475,6.10762226176428,6.477121254719663,0.3694989929553829,5
2476,6.112529360097891,6.477121254719663,0.3645918946217712,9
2477,6.089080634347063,6.477121254719663,0.3880406203725997,8
2478,6.1353575856807225,6.477121254719663,0.34176366903894007,7
2479,6.118238384552817,6.477121254719663,0.3588828701668456,6
2480,5.884050036085264,6.477121254719663,0.5930712186343987,3
2481,6.27677036664293,6.477121254719663,0.2003508880767324,2
2482,6.139813058289183,6.477121254719663,0.33730819643048005,4
2483,6.130714350825166,6.477121254719663,0.346406903894497,10
2484,5.660483761883224,6.530839778616521,0.8703560167332967,8
2485,5.632869197716623,6.530839778616521,0.8979705808998979,6
2486,5.630401343249152,6.530839778616521,0.9004384353673691,3
2487,5.604869582881687,6.530839778616521,0.9259701957348341,5
2488,5.650409125683135,6.530839778616521,0.8804306529333861,7
2489,5.619411013281946,6.530839778616521,0.9114287653345752,4
2490,5.550712081529069,6.530839778616521,0.9801276970874522,9
2491,5.614571725692649,6.530839778616521,0.916268052923872,1
2492,5.648744546656642,6.530839778616521,0.8820952319598785,2
2493,6.509749083532407,6.3979400086720375,-0.1118090748603695,4
2494,6.450333970512238,6.3979400086720375,-0.05239396184020073,5
2495,6.458193421312229,6.3979400086720375,-0.060253412640191684,1
2496,6.467477482526881,6.3979400086720375,-0.06953747385484377,8
2497,6.456298335246944,6.3979400086720375,-0.058358326574906805,9
2498,6.4219254931218845,6.3979400086720375,-0.02398548444984705,10
2499,6.42549176253455,6.3979400086720375,-0.02755175386251274,2
2500,6.451302950681144,6.3979400086720375,-0.053362942009106185,7
2501,6.4471466915487,6.3979400086720375,-0.04920668287666263,6
2502,6.254723988887356,5.681241237375588,-0.5734827515117686,4
2503,6.344864978440246,5.681241237375588,-0.6636237410646588,10
2504,6.38027522831086,5.681241237375588,-0.6990339909352725,5
2505,6.302827012175165,5.681241237375588,-0.621585774799577,6
2506,6.367219689876728,5.681241237375588,-0.6859784525011401,3
2507,6.367111109498662,5.681241237375588,-0.6858698721230745,8
2508,6.3714896371482705,5.681241237375588,-0.6902483997726829,2
2509,6.113516817078159,5.681241237375588,-0.432275579702571,9
2510,6.348762415599787,5.681241237375588,-0.6675211782241997,1
2511,6.384086496681045,6.173186268412274,-0.21090022826877064,10
2512,6.387467110119556,6.173186268412274,-0.21428084170728212,6
2513,6.364395811983106,6.173186268412274,-0.19120954357083164,1
2514,6.387568985942927,6.173186268412274,-0.2143827175306532,5
2515,6.344431356051682,6.173186268412274,-0.1712450876394076,7
2516,6.368612937363989,6.173186268412274,-0.1954266689517148,3
2517,6.37303273432794,6.173186268412274,-0.19984646591566602,4
2518,6.372943043712813,6.173186268412274,-0.19975677530053915,8
2519,6.369365681258501,6.173186268412274,-0.1961794128462273,2
2520,6.229631423198722,6.5910646070265,0.36143318382777867,1
2521,6.2104873785500185,6.5910646070265,0.3805772284764819,8
2522,6.22933922487391,6.5910646070265,0.3617253821525903,2
2523,6.261105837285952,6.5910646070265,0.32995876974054816,3
2524,6.227023703550498,6.5910646070265,0.3640409034760026,5
2525,6.272029257183338,6.5910646070265,0.31903534984316284,4
2526,6.285172383378821,6.5910646070265,0.3058922236476791,9
2527,6.185822088420996,6.5910646070265,0.40524251860550464,10
2528,6.2245364146791555,6.5910646070265,0.3665281923473449,7
2529,6.138985054542364,7.074450718954592,0.9354656644122281,7
2530,6.324413546460669,7.074450718954592,0.7500371724939239,9
2531,6.193680242086393,7.074450718954592,0.8807704768681992,10
2532,6.274966940261291,7.074450718954592,0.7994837786933013,2
2533,6.347281754047292,7.074450718954592,0.7271689649073005,4
2534,6.308880593030986,7.074450718954592,0.7655701259236061,5
2535,6.333133835781072,7.074450718954592,0.7413168831735204,3
2536,6.402810786130886,7.074450718954592,0.6716399328237062,8
2537,6.321927344079262,7.074450718954592,0.7525233748753308,1
2538,6.2863333988694166,6.486487153065907,0.2001537541964904,1
2539,6.286595665542429,6.486487153065907,0.19989148752347763,5
2540,6.28603596638369,6.486487153065907,0.2004511866822165,7
2541,6.24386150374074,6.486487153065907,0.24262564932516728,3
2542,6.280656287860618,6.486487153065907,0.20583086520528937,2
2543,6.2770873683569715,6.486487153065907,0.2093997847089355,9
2544,6.286384758544973,6.486487153065907,0.20010239452093437,10
2545,6.23536742516206,6.486487153065907,0.2511197279038466,6
2546,6.286166028667045,6.486487153065907,0.20032112439886163,8
2547,6.719431573539452,6.505149978319906,-0.21428159521954537,7
2548,6.730744855994153,6.505149978319906,-0.22559487767424713,1
2549,6.765143322944471,6.505149978319906,-0.259993344624565,3
2550,6.697207134389054,6.505149978319906,-0.19205715606914797,8
2551,6.705514996628959,6.505149978319906,-0.20036501830905262,10
2552,6.712858007163533,6.505149978319906,-0.20770802884362638,4
2553,6.730185495774219,6.505149978319906,-0.22503551745431238,5
2554,6.717251371918757,6.505149978319906,-0.21210139359885094,6
2555,6.705153496698362,6.505149978319906,-0.20000351837845542,2
2556,6.198782084291759,5.549003262025788,-0.6497788222659713,3
2557,6.251309839813116,5.549003262025788,-0.7023065777873283,9
2558,6.165358307540776,5.549003262025788,-0.6163550455149887,2
2559,6.198675264547778,5.549003262025788,-0.6496720025219904,10
2560,6.258425708631755,5.549003262025788,-0.7094224466059673,8
2561,6.156066768645384,5.549003262025788,-0.6070635066195962,4
2562,6.18551322484705,5.549003262025788,-0.636509962821262,5
2563,6.2017299353042805,5.549003262025788,-0.6527266732784929,6
2564,6.150669604157975,5.549003262025788,-0.6016663421321873,1
2565,6.001705768727746,6.190331698170292,0.18862592944254608,1
2566,5.768843235625091,6.190331698170292,0.42148846254520045,8
2567,5.990332420600911,6.190331698170292,0.19999927756938085,9
2568,5.99069240684676,6.190331698170292,0.19963929132353186,3
2569,6.1178889500760825,6.190331698170292,0.07244274809420936,6
2570,6.27564616215417,6.190331698170292,-0.08531446398387832,10
2571,5.9904358248588485,6.190331698170292,0.19989587331144332,2
2572,5.929082705661155,6.190331698170292,0.26124899250913725,7
2573,5.990120859089057,6.190331698170292,0.20021083908123494,5
2574,6.381478598062837,6.196728722623287,-0.18474987543955024,9
2575,6.353170433926281,6.196728722623287,-0.15644171130299434,10
2576,6.324145416175683,6.196728722623287,-0.12741669355239615,2
2577,6.361725245384549,6.196728722623287,-0.1649965227612622,8
2578,6.392097752519465,6.196728722623287,-0.19536902989617833,7
2579,6.416317907280808,6.196728722623287,-0.2195891846575213,4
2580,6.34662016272467,6.196728722623287,-0.1498914401013831,1
2581,6.386512107281705,6.196728722623287,-0.18978338465841826,5
2582,6.369515697369677,6.196728722623287,-0.1727869747463906,6
2583,6.2808808002577425,4.968482948553935,-1.3123978517038077,2
2584,6.299404464799007,4.968482948553935,-1.3309215162450725,8
2585,6.285599297140414,4.968482948553935,-1.3171163485864792,9
2586,6.301505424540116,4.968482948553935,-1.3330224759861808,4
2587,6.278953458888157,4.968482948553935,-1.3104705103342225,5
2588,6.20425737662546,4.968482948553935,-1.235774428071525,6
2589,6.130217778505241,4.968482948553935,-1.161734829951306,7
2590,6.258116246691538,4.968482948553935,-1.2896332981376029,1
2591,6.162092865749587,4.968482948553935,-1.1936099171956522,10
2592,6.117740620167442,6.568201724066995,0.45046110389955274,7
2593,6.099049519402883,6.568201724066995,0.46915220466411167,6
2594,6.084396922215389,6.568201724066995,0.4838048018516057,2
2595,6.109209044013449,6.568201724066995,0.4589926800535462,1
2596,6.120739080354747,6.568201724066995,0.44746264371224775,3
2597,6.083510859758511,6.568201724066995,0.48469086430848396,9
2598,6.1169299596767015,6.568201724066995,0.4512717643902935,8
2599,6.1183264644001145,6.568201724066995,0.44987525966688047,4
2600,6.118128316179944,6.568201724066995,0.45007340788705097,5
2601,6.112196755093797,4.913813852383717,-1.1983829027100805,6
2602,6.2050586434015385,4.913813852383717,-1.2912447910178217,5
2603,6.185882859043876,4.913813852383717,-1.2720690066601597,2
2604,6.094632450240995,4.913813852383717,-1.1808185978572787,7
2605,6.181189137435711,4.913813852383717,-1.267375285051994,3
2606,6.135664385839579,4.913813852383717,-1.2218505334558625,4
2607,6.0588411447896995,4.913813852383717,-1.1450272924059828,9
2608,6.078424079969247,4.913813852383717,-1.1646102275855306,8
2609,6.239582784978187,4.913813852383717,-1.3257689325944702,10
2610,6.431123002080393,6.207580514765431,-0.22354248731496185,3
2611,6.365340398054826,6.207580514765431,-0.15775988328939494,10
2612,6.427152220780041,6.207580514765431,-0.21957170601460962,5
2613,6.398647225378528,6.207580514765431,-0.19106671061309655,2
2614,6.41384189388687,6.207580514765431,-0.20626137912143871,1
2615,6.415121368012436,6.207580514765431,-0.20754085324700444,7
2616,6.439015166881712,6.207580514765431,-0.23143465211628111,8
2617,6.423704993415142,6.207580514765431,-0.21612447864971074,9
2618,6.41433300971323,6.207580514765431,-0.20675249494779901,6
2619,6.451302950681144,6.225309281725863,-0.2259936689552804,7
2620,6.467477482526881,6.225309281725863,-0.24216820080101797,8
2621,6.459450825043112,6.225309281725863,-0.23414154331724912,3
2622,6.4219254931218845,6.225309281725863,-0.19661621139602126,10
2623,6.456298335246944,6.225309281725863,-0.230989053521081,9
2624,6.458193421312229,6.225309281725863,-0.2328841395863659,1
2625,6.4471466915487,6.225309281725863,-0.22183740982283684,6
2626,6.450333970512238,6.225309281725863,-0.22502468878637494,5
2627,6.42549176253455,6.225309281725863,-0.20018248080868695,2
2628,6.005270514049501,6.491361693834273,0.486091179784772,4
2629,5.92673962561777,6.491361693834273,0.5646220682165035,9
2630,5.862187523836507,6.491361693834273,0.629174169997766,2
2631,5.8603993185931165,6.491361693834273,0.6309623752411566,5
2632,5.784089664560724,6.491361693834273,0.7072720292735495,6
2633,5.580395479782064,6.491361693834273,0.910966214052209,10
2634,5.967634610408836,6.491361693834273,0.5237270834254373,7
2635,5.887696402717905,6.491361693834273,0.6036652911163678,8
2636,5.936937905225928,6.491361693834273,0.5544237886083447,1
2637,6.048103880720706,6.209515014542631,0.1614111338219244,6
2638,6.0349716795481365,6.209515014542631,0.17454333499449426,8
2639,6.0372971576698315,6.209515014542631,0.17221785687279922,1
2640,6.014037191771377,6.209515014542631,0.19547782277125414,3
2641,6.043963926370937,6.209515014542631,0.16555108817169373,4
2642,6.0206806897840455,6.209515014542631,0.1888343247585853,7
2643,6.024039440094224,6.209515014542631,0.18547557444840646,2
2644,6.025784677790178,6.209515014542631,0.1837303367524532,10
2645,6.046552268302184,6.209515014542631,0.1629627462404466,5
2646,6.430857667321526,6.230448921378274,-0.20040874594325153,6
2647,6.435785735651322,6.230448921378274,-0.20533681427304806,9
2648,6.423383390055869,6.230448921378274,-0.19293446867759467,5
2649,6.387787317440216,6.230448921378274,-0.15733839606194167,7
2650,6.430374208516085,6.230448921378274,-0.19992528713781077,1
2651,6.366052457243756,6.230448921378274,-0.13560353586548146,2
2652,6.430577998661526,6.230448921378274,-0.20012907728325224,3
2653,6.414720184536692,6.230448921378274,-0.18427126315841758,8
2654,6.419847669194593,6.230448921378274,-0.18939874781631882,10
2655,6.258124109314972,6.361727836017593,0.1036037267026213,1
2656,6.16129687254544,6.361727836017593,0.2004309634721535,3
2657,6.252832644693858,6.361727836017593,0.10889519132373504,8
2658,6.230954041686896,6.361727836017593,0.1307737943306968,7
2659,6.210758177491089,6.361727836017593,0.15096965852650435,9
2660,6.275427137926246,6.361727836017593,0.086300698091347,5
2661,6.279964227978724,6.361727836017593,0.0817636080388695,4
2662,6.2396782409178835,6.361727836017593,0.12204959509970958,6
2663,6.17440173156203,6.361727836017593,0.18732610445556297,2
2664,6.304737725272325,5.089905111439398,-1.214832613832927,5
2665,6.2900390781463305,5.089905111439398,-1.2001339667069324,8
2666,6.2935947157874415,5.089905111439398,-1.2036896043480434,3
2667,6.29848473952632,5.089905111439398,-1.2085796280869223,6
2668,6.293451530076685,5.089905111439398,-1.2035464186372868,9
2669,6.323454198540817,5.089905111439398,-1.2335490871014185,1
2670,6.239472584427961,5.089905111439398,-1.1495674729885632,2
2671,6.28229972670204,5.089905111439398,-1.192394615262642,7
2672,6.2486306461435195,5.089905111439398,-1.1587255347041214,10
2673,6.1719393988770594,6.426511261364575,0.2545718624875155,10
2674,6.226317927999966,6.426511261364575,0.20019333336460932,3
2675,6.2460241815871305,6.426511261364575,0.1804870797774445,5
2676,6.226264055275312,6.426511261364575,0.20024720608926305,9
2677,6.232981120824597,6.426511261364575,0.19353014053997786,6
2678,6.2702838346331,6.426511261364575,0.15622742673147538,1
2679,6.226654389741471,6.426511261364575,0.19985687162310395,7
2680,6.2266009425805136,6.426511261364575,0.1999103187840614,8
2681,6.278933341269626,6.426511261364575,0.14757792009494874,4
2682,6.018666225231972,6.095029796648452,0.07636357141648009,10
2683,5.929904737085874,6.095029796648452,0.1651250595625786,6
2684,5.923832461125186,6.095029796648452,0.17119733552326633,9
2685,5.960424182827531,6.095029796648452,0.13460561382092173,8
2686,6.032188269432607,6.095029796648452,0.0628415272158449,5
2687,5.9557030124117585,6.095029796648452,0.13932678423669387,7
2688,6.004949554594217,6.095029796648452,0.0900802420542357,1
2689,5.952814512851067,6.095029796648452,0.1422152837973849,4
2690,5.979231518305396,6.095029796648452,0.115798278343056,3
2691,6.281726487503639,6.223080397831155,-0.05864608967248408,10
2692,6.253299289432989,6.223080397831155,-0.030218891601833775,8
2693,6.423277316235263,6.223080397831155,-0.20019691840410836,2
2694,6.4227084961961785,6.223080397831155,-0.19962809836502338,9
2695,6.3235653257902875,6.223080397831155,-0.10048492795913244,4
2696,6.050303329742334,6.223080397831155,0.17277706808882076,1
2697,6.081298654323669,6.223080397831155,0.14178174350748574,6
2698,6.294686847721443,6.223080397831155,-0.07160644989028775,3
2699,6.2276571813742985,6.223080397831155,-0.004576783543143392,7
2700,6.256658943378764,6.456366033129043,0.1997070897502784,3
2701,6.2567191499747645,6.456366033129043,0.19964688315427814,10
2702,6.2558665650335685,6.456366033129043,0.20049946809547414,6
2703,6.256596936564399,6.456366033129043,0.19976909656464326,4
2704,6.256192727476003,6.456366033129043,0.20017330565303926,8
2705,6.2565585402525,6.456366033129043,0.19980749287654298,9
2706,6.256489585006369,6.456366033129043,0.1998764481226738,7
2707,6.256342903727714,6.456366033129043,0.2000231294013286,2
2708,6.256299743108103,6.456366033129043,0.20006629002093934,5
2709,5.695157288684042,5.802773725291976,0.10761643660793396,1
2710,5.6632817077049165,5.802773725291976,0.13949201758705954,7
2711,5.653301066846402,5.802773725291976,0.1494726584455739,2
2712,5.618967869839461,5.802773725291976,0.1838058554525146,5
2713,5.648667140864128,5.802773725291976,0.15410658442784797,9
2714,5.7406071943761345,5.802773725291976,0.062166530915841456,10
2715,5.698731346783188,5.802773725291976,0.10404237850878761,4
2716,5.602507660282623,5.802773725291976,0.20026606500935262,6
2717,5.654998489864148,5.802773725291976,0.14777523542782767,3
2718,5.743277658593709,6.3979400086720375,0.6546623500783282,9
2719,5.768231331926447,6.3979400086720375,0.6297086767455902,1
2720,5.762612917647389,6.3979400086720375,0.6353270910246485,8
2721,5.749486715544537,6.3979400086720375,0.6484532931275009,5
2722,5.889629508881449,6.3979400086720375,0.5083104997905883,10
2723,5.765888495305261,6.3979400086720375,0.6320515133667763,3
2724,5.731352530209208,6.3979400086720375,0.6665874784628292,7
2725,5.781603054524469,6.3979400086720375,0.6163369541475685,4
2726,5.721877990190157,6.3979400086720375,0.6760620184818809,2
2727,5.957299106428601,5.603642280263075,-0.3536568261655262,7
2728,5.957009209424804,5.603642280263075,-0.3533669291617292,9
2729,5.960433747366989,5.603642280263075,-0.3567914671039141,5
2730,6.030602999874919,5.603642280263075,-0.4269607196118441,10
2731,5.9124675489292455,5.603642280263075,-0.30882526866617077,6
2732,6.008118194429068,5.603642280263075,-0.40447591416599327,4
2733,5.943460555361125,5.603642280263075,-0.3398182750980503,2
2734,5.9414010520657765,5.603642280263075,-0.33775877180270175,8
2735,5.960101166040075,5.603642280263075,-0.35645888577700013,3
2736,5.937065107823889,6.20682587603185,0.269760768207961,6
2737,6.006818496047948,6.20682587603185,0.2000073799839024,10
2738,6.006863862489856,6.20682587603185,0.1999620135419944,1
2739,6.006589739835496,6.20682587603185,0.20023613619635405,9
2740,6.006508979840849,6.20682587603185,0.20031689619100135,3
2741,6.006709880553605,6.20682587603185,0.200115995478245,5
2742,6.006606676888666,6.20682587603185,0.2002191991431843,4
2743,6.00650592456765,6.20682587603185,0.20031995146420023,7
2744,6.00669210727702,6.20682587603185,0.2001337687548297,2
2745,6.142129986988406,6.342422680822207,0.20029269383380033,5
2746,6.142344278638428,6.342422680822207,0.20007840218377826,2
2747,6.142201846679363,6.342422680822207,0.20022083414284353,10
2748,6.127681560798442,6.342422680822207,0.21474112002376433,4
2749,6.142588351707226,6.342422680822207,0.19983432911498067,9
2750,6.142603480108378,6.342422680822207,0.19981920071382842,7
2751,6.142144901195805,6.342422680822207,0.20027777962640148,3
2752,6.142301348564491,6.342422680822207,0.20012133225771578,1
2753,6.142061812610336,6.342422680822207,0.20036086821187027,8
2754,5.563050528955092,6.301029995663981,0.7379794667088895,7
2755,5.41421542125581,6.301029995663981,0.886814574408171,8
2756,5.568804281021186,6.301029995663981,0.7322257146427953,4
2757,5.542006527137216,6.301029995663981,0.7590234685267649,1
2758,5.29673023890181,6.301029995663981,1.0042997567621716,10
2759,5.453490444672688,6.301029995663981,0.8475395509912929,2
2760,5.460820531079469,6.301029995663981,0.840209464584512,9
2761,5.451997303200372,6.301029995663981,0.8490326924636094,5
2762,5.302605298984121,6.301029995663981,0.9984246966798604,6
2763,5.656211981622499,6.505149978319906,0.8489379966974075,4
2764,5.710573249465369,6.505149978319906,0.7945767288545369,7
2765,5.687921555950612,6.505149978319906,0.8172284223692943,9
2766,5.7308651258870755,6.505149978319906,0.7742848524328307,2
2767,5.631013796882704,6.505149978319906,0.8741361814372022,8
2768,5.676146840885115,6.505149978319906,0.8290031374347917,1
2769,5.7404567087523874,6.505149978319906,0.7646932695675188,10
2770,5.686280073361044,6.505149978319906,0.8188699049588619,5
2771,5.808789907030595,6.505149978319906,0.6963600712893117,3
2772,5.805502676982802,6.176091259055681,0.37058858207287937,5
2773,5.817499624450893,6.176091259055681,0.35859163460478793,1
2774,5.8175228051242405,6.176091259055681,0.3585684539314409,3
2775,5.9135639278815155,6.176091259055681,0.2625273311741658,10
2776,5.909098075128275,6.176091259055681,0.266993183927406,7
2777,5.791859364529393,6.176091259055681,0.38423189452628836,2
2778,5.7888279615072324,6.176091259055681,0.3872632975484489,6
2779,5.8627240020096165,6.176091259055681,0.31336725704606483,9
2780,5.872590346406637,6.176091259055681,0.303500912649044,8
2781,6.580892876497428,7.1003705451175625,0.5194776686201346,10
2782,6.324704775771368,7.1003705451175625,0.7756657693461948,8
2783,6.285797388325455,7.1003705451175625,0.8145731567921075,2
2784,6.359011829889856,7.1003705451175625,0.7413587152277064,6
2785,6.3121899199729565,7.1003705451175625,0.788180625144606,5
2786,6.431870282469074,7.1003705451175625,0.6685002626484886,7
2787,6.47383445767192,7.1003705451175625,0.6265360874456425,1
2788,6.273718914792346,7.1003705451175625,0.8266516303252169,9
2789,6.343312321536876,7.1003705451175625,0.7570582235806862,4
2790,5.774898714793771,5.836197480778925,0.06129876598515427,5
2791,5.710018336420786,5.836197480778925,0.12617914435813926,2
2792,5.781977393759524,5.836197480778925,0.0542200870194014,1
2793,5.824516508166819,5.836197480778925,0.011680972612106544,10
2794,5.802278722149082,5.836197480778925,0.03391875862984328,6
2795,5.831658205438763,5.836197480778925,0.0045392753401625185,9
2796,5.796333804916423,5.836197480778925,0.03986367586250239,4
2797,5.812870234859544,5.836197480778925,0.023327245919381845,8
2798,5.802287803287736,5.836197480778925,0.03390967749118978,7
2799,5.494303793082853,6.054708787938054,0.560404994855201,4
2800,5.374565431037938,6.054708787938054,0.6801433569001158,1
2801,5.44228092386811,6.054708787938054,0.6124278640699439,2
2802,5.529341925757391,6.054708787938054,0.5253668621806629,8
2803,5.44972672166043,6.054708787938054,0.604982066277624,9
2804,5.507407884564215,6.054708787938054,0.5473009033738387,3
2805,5.192804112565728,6.054708787938054,0.8619046753723261,7
2806,5.552809115530953,6.054708787938054,0.5018996724071014,6
2807,5.529137884402137,6.054708787938054,0.5255709035359173,10
2808,6.191467005902131,6.477121254719663,0.285654248817532,7
2809,6.16260129774095,6.477121254719663,0.31451995697871293,3
2810,6.142523226916176,6.477121254719663,0.33459802780348635,1
2811,6.180106196999891,6.477121254719663,0.2970150577197712,2
2812,6.177426609665597,6.477121254719663,0.29969464505406584,5
2813,6.181426052747722,6.477121254719663,0.29569520197194077,10
2814,6.200635055821746,6.477121254719663,0.27648619889791703,8
2815,6.139724054904707,6.477121254719663,0.33739719981495586,6
2816,6.228113251785393,6.477121254719663,0.2490080029342696,9
2817,5.901809520150475,6.133644275865875,0.23183475571540058,6
2818,5.831981461425556,6.133644275865875,0.30166281444031906,1
2819,5.933944541533089,6.133644275865875,0.19969973433278643,10
2820,5.916957449048625,6.133644275865875,0.21668682681725038,9
2821,5.845088179292189,6.133644275865875,0.28855609657368664,3
2822,5.907728615645169,6.133644275865875,0.2259156602207062,2
2823,5.922840034477885,6.133644275865875,0.21080424138799003,7
2824,5.928014030303127,6.133644275865875,0.20563024556274812,5
2825,5.934659207558711,6.133644275865875,0.19898506830716478,4
2826,6.0699699083219585,6.32221929473392,0.25224938641196193,3
2827,6.080531649758798,6.32221929473392,0.24168764497512285,7
2828,6.021883381673988,6.32221929473392,0.3003359130599321,2
2829,6.046699958823762,6.32221929473392,0.2755193359101584,10
2830,6.080558594776906,6.32221929473392,0.24166069995701456,9
2831,6.0870955302492815,6.32221929473392,0.2351237644846389,8
2832,6.074439526672118,6.32221929473392,0.24777976806180213,4
2833,6.0498040419283425,6.32221929473392,0.2724152528055779,1
2834,6.053743858067445,6.32221929473392,0.268475436666475,6
2835,6.080531649758798,5.880813592280791,-0.1997180574780062,7
2836,6.0498040419283425,5.880813592280791,-0.16899044964755117,1
2837,6.021883381673988,5.880813592280791,-0.14106978939319692,2
2838,6.053743858067445,5.880813592280791,-0.17293026578665405,6
2839,6.0699699083219585,5.880813592280791,-0.18915631604116712,3
2840,6.074439526672118,5.880813592280791,-0.19362593439132691,4
2841,6.056563563436507,5.880813592280791,-0.17574997115571556,5
2842,6.0870955302492815,5.880813592280791,-0.20628193796849015,8
2843,6.080558594776906,5.880813592280791,-0.1997450024961145,9
2844,5.383034938510566,6.477121254719663,1.094086316209097,10
2845,5.54224132387551,6.477121254719663,0.9348799308441524,5
2846,5.7275641409091245,6.477121254719663,0.7495571138105381,4
2847,5.469458185449779,6.477121254719663,1.007663069269884,8
2848,5.44242453772086,6.477121254719663,1.0346967169988028,3
2849,5.741918692720172,6.477121254719663,0.7352025619994906,6
2850,5.38521784315983,6.477121254719663,1.0919034115598327,2
2851,5.398978413025201,6.477121254719663,1.0781428416944614,7
2852,5.437252300556648,6.477121254719663,1.0398689541630146,9
2853,5.951327832868702,4.6020599913279625,-1.3492678415407395,5
2854,6.000010794048374,4.6020599913279625,-1.3979508027204117,7
2855,5.966719360488902,4.6020599913279625,-1.3646593691609397,8
2856,5.964249037902109,4.6020599913279625,-1.3621890465741462,10
2857,6.023389565811906,4.6020599913279625,-1.4213295744839431,4
2858,5.954887577723646,4.6020599913279625,-1.3528275863956836,2
2859,5.960524315899378,4.6020599913279625,-1.3584643245714156,3
2860,5.944612393545633,4.6020599913279625,-1.3425524022176702,6
2861,6.004861346336092,4.6020599913279625,-1.4028013550081297,1
2862,5.749708448415658,6.02530586526477,0.275597416849112,1
2863,5.825131631452617,6.02530586526477,0.20017423381215327,8
2864,5.79877090383938,6.02530586526477,0.22653496142538998,9
2865,5.78690410234777,6.02530586526477,0.23840176291700033,3
2866,5.694672862869414,6.02530586526477,0.33063300239535653,7
2867,5.758448331705251,6.02530586526477,0.26685753355951913,2
2868,5.792574907393068,6.02530586526477,0.23273095787170206,4
2869,5.7044536576180365,6.02530586526477,0.32085220764673394,10
2870,5.82511748650728,6.02530586526477,0.20018837875749007,6
2871,5.558047195308531,5.477121254719663,-0.0809259405888687,6
2872,5.3191962895616065,5.477121254719663,0.1579249651580561,9
2873,5.277164147173903,5.477121254719663,0.19995710754575935,1
2874,5.27715191241001,5.477121254719663,0.1999693423096529,2
2875,5.385620173407887,5.477121254719663,0.09150108131177603,7
2876,5.545319775158488,5.477121254719663,-0.06819852043882513,4
2877,5.349529649036911,5.477121254719663,0.12759160568275174,8
2878,5.316948559518923,5.477121254719663,0.16017269520073985,10
2879,5.3097256206667245,5.477121254719663,0.1673956340529381,3
2880,5.625962825723195,6.505149978319906,0.8791871525967112,5
2881,5.995449271508219,6.505149978319906,0.509700706811687,10
2882,5.71543626437513,6.505149978319906,0.7897137139447761,1
2883,5.611387392858225,6.505149978319906,0.8937625854616815,3
2884,5.615501562290276,6.505149978319906,0.8896484160296305,4
2885,5.603762409331237,6.505149978319906,0.9013875689886692,2
2886,5.660034493920055,6.505149978319906,0.8451154843998516,9
2887,5.775944076312017,6.505149978319906,0.7292059020078892,6
2888,5.553209010962555,6.505149978319906,0.9519409673573511,7
2889,6.080558594776906,6.812913356642856,0.7323547618659498,9
2890,6.046699958823762,6.812913356642856,0.7662133978190937,10
2891,6.0498040419283425,6.812913356642856,0.7631093147145132,1
2892,6.053743858067445,6.812913356642856,0.7591694985754103,6
2893,6.0699699083219585,6.812913356642856,0.7429434483208972,3
2894,6.0870955302492815,6.812913356642856,0.7258178263935742,8
2895,6.021883381673988,6.812913356642856,0.7910299749688674,2
2896,6.080531649758798,6.812913356642856,0.7323817068840581,7
2897,6.074439526672118,6.812913356642856,0.7384738299707374,4
2898,5.6387374265166645,5.17897694729317,-0.45976047922349483,1
2899,5.633569433418164,5.17897694729317,-0.45459248612499437,5
2900,5.649936264103898,5.17897694729317,-0.47095931681072845,7
2901,5.620682564191201,5.17897694729317,-0.4417056168980311,4
2902,5.646787495604563,5.17897694729317,-0.4678105483113937,10
2903,5.636494590134597,5.17897694729317,-0.4575176428414274,6
2904,5.668607317698545,5.17897694729317,-0.4896303704053757,8
2905,5.582149377357599,5.17897694729317,-0.40317243006442904,2
2906,5.636375567374398,5.17897694729317,-0.45739862008122856,9
2907,5.920759223647037,5.365487984890899,-0.5552712387561378,10
2908,5.857187730213924,5.365487984890899,-0.4916997453230243,3
2909,5.926437126016936,5.365487984890899,-0.560949141126037,9
2910,5.899442154294665,5.365487984890899,-0.5339541694037653,2
2911,5.911177986435993,5.365487984890899,-0.5456900015450934,6
2912,5.905029027821749,5.365487984890899,-0.5395410429308498,5
2913,5.90623541987598,5.365487984890899,-0.5407474349850805,7
2914,5.903764953591789,5.365487984890899,-0.5382769687008899,1
2915,5.91157361160794,5.365487984890899,-0.5460856267170406,8
2916,5.009486786211778,6.15839265038712,1.148905864175342,8
2917,5.055952338365138,6.15839265038712,1.1024403120219821,6
2918,5.147181675774727,6.15839265038712,1.0112109746123936,1
2919,5.033572439402325,6.15839265038712,1.1248202109847956,3
2920,5.069892836425959,6.15839265038712,1.0884998139611612,4
2921,5.056505677711189,6.15839265038712,1.1018869726759313,10
2922,5.080384596949088,6.15839265038712,1.0780080534380323,9
2923,4.914073740955419,6.15839265038712,1.2443189094317013,7
2924,5.129386315199463,6.15839265038712,1.029006335187657,5
2925,5.385041282972455,4.477121254719663,-0.9079200282527928,7
2926,5.308485500033467,4.477121254719663,-0.8313642453138046,3
2927,5.4635876045262695,4.477121254719663,-0.9864663498066069,10
2928,5.476882567756093,4.477121254719663,-0.99976131303643,6
2929,5.442993072773086,4.477121254719663,-0.9658718180534231,4
2930,5.471158825977438,4.477121254719663,-0.9940375712577758,8
2931,5.568982164749326,4.477121254719663,-1.0918609100296637,1
2932,5.487341292046839,4.477121254719663,-1.0102200373271764,9
2933,5.366327810993582,4.477121254719663,-0.8892065562739191,2
2934,5.773297191099827,4.453624073591451,-1.3196731175083762,10
2935,5.760208882299678,4.453624073591451,-1.3065848087082275,7
2936,5.810184555110484,4.453624073591451,-1.3565604815190335,3
2937,5.2343366668529026,4.453624073591451,-0.7807125932614518,6
2938,5.909037011378373,4.453624073591451,-1.4554129377869218,8
2939,5.749193338930334,4.453624073591451,-1.2955692653388828,5
2940,5.80750112049891,4.453624073591451,-1.353877046907459,9
2941,5.789425069046675,4.453624073591451,-1.335800995455224,1
2942,5.747294267508001,4.453624073591451,-1.29367019391655,2
2943,6.47254569568619,6.086359830674748,-0.38618586501144136,10
2944,6.519470661442641,6.086359830674748,-0.4331108307678928,5
2945,6.379103253947726,6.086359830674748,-0.2927434232729773,9
2946,6.373145443799112,6.086359830674748,-0.2867856131243638,2
2947,6.491122090158603,6.086359830674748,-0.4047622594838547,8
2948,6.53234799700749,6.086359830674748,-0.4459881663327412,4
2949,6.461119385542383,6.086359830674748,-0.37475955486763457,1
2950,6.438608589028902,6.086359830674748,-0.35224875835415403,7
2951,6.3619988328515005,6.086359830674748,-0.2756390021767521,6
2952,6.3499884238286795,6.086359830674748,-0.26362859315393106,2
2953,6.33983926320947,6.086359830674748,-0.2534794325347214,9
2954,6.43969054643186,6.086359830674748,-0.35333071575711195,1
2955,6.377702004802184,6.086359830674748,-0.29134217412743535,7
2956,6.326447709422796,6.086359830674748,-0.2400878787480476,3
2957,6.519069712237177,6.086359830674748,-0.4327098815624284,4
2958,6.477975364676038,6.086359830674748,-0.39161553400128923,8
2959,6.313691951823403,6.086359830674748,-0.2273321211486543,6
2960,6.447203498347381,6.086359830674748,-0.36084366767263276,10
2961,6.088571852109961,6.319314304090512,0.230742451980551,2
2962,6.072969784628415,6.319314304090512,0.246344519462097,7
2963,6.067333676058465,6.319314304090512,0.25198062803204735,8
2964,6.167402665643821,6.319314304090512,0.1519116384466912,9
2965,6.077244139714427,6.319314304090512,0.2420701643760852,5
2966,6.129432636647828,6.319314304090512,0.18988166744268398,3
2967,6.1191563719305435,6.319314304090512,0.2001579321599687,1
2968,6.0824252491618,6.319314304090512,0.23688905492871193,10
2969,6.1304028936574,6.319314304090512,0.18891141043311244,4
2970,6.20176597207059,6.477121254719663,0.2753552826490724,7
2971,6.204284717584338,6.477121254719663,0.2728365371353245,8
2972,6.249734793866455,6.477121254719663,0.22738646085320724,3
2973,6.2416565130016295,6.477121254719663,0.2354647417180331,1
2974,6.200200131197769,6.477121254719663,0.2769211235218938,2
2975,6.2770744563392284,6.477121254719663,0.20004679838043415,9
2976,6.243551931410095,6.477121254719663,0.2335693233095677,6
2977,6.215997924393039,6.477121254719663,0.2611233303266234,5
2978,6.265605675969557,6.477121254719663,0.21151557875010596,4
2979,6.285172383378821,6.374198257929082,0.08902587455026101,9
2980,6.272029257183338,6.374198257929082,0.10216900074574475,4
2981,6.229631423198722,6.374198257929082,0.14456683473036058,1
2982,6.2104873785500185,6.374198257929082,0.1637108793790638,8
2983,6.185822088420996,6.374198257929082,0.18837616950808656,10
2984,6.2245364146791555,6.374198257929082,0.14966184324992682,7
2985,6.241834982464671,6.374198257929082,0.13236327546441107,6
2986,6.227023703550498,6.374198257929082,0.1471745543785845,5
2987,6.261105837285952,6.374198257929082,0.11309242064313008,3
2988,5.722437277021115,6.3979400086720375,0.6755027316509228,5
2989,5.821747043535865,6.3979400086720375,0.5761929651361726,10
2990,5.93304638772492,6.3979400086720375,0.4648936209471177,6
2991,6.126985509025374,6.3979400086720375,0.2709544996466633,4
2992,6.146810802702945,6.3979400086720375,0.25112920596909216,8
2993,6.027899516410078,6.3979400086720375,0.37004049226195956,3
2994,6.088727394592618,6.3979400086720375,0.3092126140794198,1
2995,6.0789747344262235,6.3979400086720375,0.318965274245814,7
2996,5.965751434813101,6.3979400086720375,0.4321885738589364,9
2997,5.387727274578258,5.187520720836463,-0.2002065537417952,10
2998,5.387650173991997,5.187520720836463,-0.200129453155534,1
2999,5.465418822009433,5.187520720836463,-0.27789810117297,9
3000,5.515563627384833,5.187520720836463,-0.32804290654837054,3
3001,5.464946030685523,5.187520720836463,-0.2774253098490602,2
3002,5.657062000060624,5.187520720836463,-0.46954127922416156,5
3003,5.510414665168919,5.187520720836463,-0.32289394433245633,8
3004,5.425152254307419,5.187520720836463,-0.23763153347095667,7
3005,5.95669317746937,5.187520720836463,-0.7691724566329077,6
3006,5.742055560769076,5.528916700277655,-0.21313886049142106,9
3007,5.728733789603417,5.528916700277655,-0.19981708932576225,1
3008,5.728679200505734,5.528916700277655,-0.19976250022807918,5
3009,5.72881309318158,5.528916700277655,-0.19989639290392525,4
3010,5.688357896894585,5.528916700277655,-0.15944119661693001,7
3011,5.729259224513519,5.528916700277655,-0.20034252423586363,3
3012,5.728865097174641,5.528916700277655,-0.19994839689698551,2
3013,5.729069072745552,5.528916700277655,-0.20015237246789663,8
3014,5.728740342757634,5.528916700277655,-0.19982364247997886,10
3015,6.215108711105283,6.568201724066995,0.353093012961712,9
3016,6.36830264871519,6.568201724066995,0.19989907535180507,10
3017,5.992996110144144,6.568201724066995,0.5752056139228507,7
3018,6.266020796713344,6.568201724066995,0.30218092735365065,2
3019,6.200136225139314,6.568201724066995,0.36806549892768103,4
3020,6.177944088207601,6.568201724066995,0.39025763585939366,1
3021,6.202206858144954,6.568201724066995,0.36599486592204133,5
3022,6.168867674644319,6.568201724066995,0.39933404942267625,3
3023,6.179495925463176,6.568201724066995,0.3887057986038194,6
3024,5.6203928032001045,5.0,-0.6203928032001045,7
3025,5.487523445271895,5.0,-0.4875234452718953,8
3026,5.530745111298347,5.0,-0.530745111298347,9
3027,5.2619367457171125,5.0,-0.26193674571711245,3
3028,5.200388155468608,5.0,-0.200388155468608,10
3029,5.58122262668274,5.0,-0.5812226266827398,1
3030,5.374243344620934,5.0,-0.37424334462093434,6
3031,5.471712577343465,5.0,-0.4717125773434647,2
3032,5.6589073360585695,5.0,-0.6589073360585695,4
3033,5.544030986963517,6.079181246047625,0.5351502590841077,6
3034,5.464300201442328,6.079181246047625,0.6148810446052968,7
3035,5.467667535753634,6.079181246047625,0.6115137102939912,5
3036,5.375039372010635,6.079181246047625,0.7041418740369902,9
3037,5.373225666540721,6.079181246047625,0.7059555795069041,8
3038,5.248803619659049,6.079181246047625,0.830377626388576,3
3039,5.358591206999228,6.079181246047625,0.720590039048397,1
3040,5.7529761518108895,6.079181246047625,0.3262050942367356,4
3041,5.35532473105362,6.079181246047625,0.7238565149940053,2
3042,5.732491204506392,4.814913181275074,-0.917578023231318,8
3043,5.742115468612819,4.814913181275074,-0.927202287337745,5
3044,5.702017028813607,4.814913181275074,-0.8871038475385333,2
3045,5.779402915488209,4.814913181275074,-0.9644897342131351,9
3046,5.6437897774250985,4.814913181275074,-0.8288765961500246,6
3047,5.5100215674798125,4.814913181275074,-0.6951083862047387,10
3048,5.788794415880961,4.814913181275074,-0.9738812346058872,1
3049,5.8949587882523415,4.814913181275074,-1.0800456069772677,4
3050,5.584921383072101,4.814913181275074,-0.7700082017970269,3
3051,5.281386588851162,5.08170727009735,-0.1996793187538124,5
3052,5.543816886669717,5.08170727009735,-0.46210961657236727,9
3053,5.281642792919263,5.08170727009735,-0.19993552282191374,10
3054,5.281626823887555,5.08170727009735,-0.1999195537902052,6
3055,5.668513379826413,5.08170727009735,-0.5868061097290633,4
3056,5.423018219507336,5.08170727009735,-0.3413109494099862,2
3057,5.641448098611064,5.08170727009735,-0.5597408285137142,7
3058,5.6193247167099285,5.08170727009735,-0.5376174466125789,8
3059,5.3457316464288755,5.08170727009735,-0.264024376331526,3
3060,5.726927900396107,6.384711742938283,0.6577838425421758,1
3061,5.688216819950371,6.384711742938283,0.6964949229879114,2
3062,5.460096356110329,6.384711742938283,0.9246153868279539,10
3063,5.491779049803434,6.384711742938283,0.8929326931348491,3
3064,5.805878589663108,6.384711742938283,0.5788331532751743,7
3065,5.670005219673415,6.384711742938283,0.7147065232648675,5
3066,5.579460052520637,6.384711742938283,0.8052516904176459,6
3067,5.687715548319387,6.384711742938283,0.6969961946188956,9
3068,5.760657270673656,6.384711742938283,0.6240544722646266,4
3069,6.123322007321851,6.342422680822207,0.219100673500356,3
3070,6.127378775759557,6.342422680822207,0.21504390506264937,6
3071,6.236778960252275,6.342422680822207,0.10564372056993143,1
3072,6.1448528372524915,6.342422680822207,0.19756984356971508,8
3073,6.161152333145865,6.342422680822207,0.18127034767634154,7
3074,6.142226054220087,6.342422680822207,0.20019662660211957,5
3075,6.121176441243451,6.342422680822207,0.22124623957875578,10
3076,6.163564213878054,6.342422680822207,0.17885846694415264,2
3077,6.136444973372037,6.342422680822207,0.2059777074501694,9
3078,6.306172937563663,5.671172842715083,-0.6350000948485803,6
3079,6.303444915180839,5.671172842715083,-0.6322720724657565,5
3080,6.304696616842178,5.671172842715083,-0.6335237741270952,10
3081,6.306019282435528,5.671172842715083,-0.6348464397204454,3
3082,6.318154644068535,5.671172842715083,-0.6469818013534523,8
3083,6.314258615807523,5.671172842715083,-0.64308577309244,2
3084,6.30979615927282,5.671172842715083,-0.6386233165577373,9
3085,6.335613158678167,5.671172842715083,-0.6644403159630841,7
3086,6.421909267891801,5.671172842715083,-0.7507364251767177,4
3087,5.854576170473122,6.278753600952829,0.42417743047970724,8
3088,5.790679617529556,6.278753600952829,0.4880739834232726,9
3089,5.785722936050997,6.278753600952829,0.49303066490183145,6
3090,5.89986010887513,6.278753600952829,0.3788934920776992,5
3091,5.893647580697725,6.278753600952829,0.38510602025510376,3
3092,5.906343806325023,6.278753600952829,0.37240979462780555,2
3093,5.910312725610636,6.278753600952829,0.36844087534219305,7
3094,5.945789715720684,6.278753600952829,0.3329638852321448,4
3095,5.952560074516443,6.278753600952829,0.326193526436386,1
3096,5.944612393545633,6.284656282788515,0.34004388924288254,6
3097,5.951327832868702,6.284656282788515,0.33332844991981325,5
3098,6.004861346336092,6.284656282788515,0.27979493645242304,1
3099,5.966719360488902,6.284656282788515,0.3179369222996131,8
3100,5.964249037902109,6.284656282788515,0.3204072448864066,10
3101,5.960524315899378,6.284656282788515,0.32413196688913715,3
3102,5.968877624802492,6.284656282788515,0.3157786579860229,9
3103,6.023389565811906,6.284656282788515,0.26126671697660964,4
3104,6.000010794048374,6.284656282788515,0.28464548874014106,7
3105,6.039354675562331,6.3560258571931225,0.31667118163079166,1
3106,5.9165219475397395,6.3560258571931225,0.43950390965338304,7
3107,5.917068833385581,6.3560258571931225,0.4389570238075411,8
3108,5.951085820740162,6.3560258571931225,0.4049400364529605,2
3109,5.880012411957521,6.3560258571931225,0.4760134452356013,10
3110,5.882441318073438,6.3560258571931225,0.4735845391196847,3
3111,5.934803645509929,6.3560258571931225,0.42122221168319385,5
3112,6.04499833617386,6.3560258571931225,0.31102752101926257,4
3113,5.890971948509277,6.3560258571931225,0.46505390868384566,6
3114,5.4710793872439645,5.671172842715083,0.20009345547111845,10
3115,5.1555453950111945,5.671172842715083,0.5156274477038885,6
3116,5.099892090364293,5.671172842715083,0.5712807523507903,8
3117,5.227021926682136,5.671172842715083,0.4441509160329469,9
3118,5.3690532595962095,5.671172842715083,0.30211958311887344,7
3119,5.348808881782031,5.671172842715083,0.32236396093305153,5
3120,5.422829967570571,5.671172842715083,0.2483428751445116,2
3121,5.440584394002509,5.671172842715083,0.23058844871257378,3
3122,5.376563592934724,5.671172842715083,0.2946092497803585,1
3123,6.168261921061644,6.477121254719663,0.30885933365801854,4
3124,6.157981177162522,6.477121254719663,0.31914007755714024,3
3125,6.116176772870615,6.477121254719663,0.3609444818490477,9
3126,6.09496090032636,6.477121254719663,0.382160354393303,1
3127,5.967343999901918,6.477121254719663,0.5097772548177444,10
3128,6.149976005202757,6.477121254719663,0.3271452495169056,8
3129,6.1840759082458705,6.477121254719663,0.2930453464737921,6
3130,6.146337316464848,6.477121254719663,0.33078393825481456,2
3131,5.993094459821308,6.477121254719663,0.4840267948983543,5
3132,5.308442191036447,5.0,-0.30844219103644743,10
3133,5.651829135474506,5.0,-0.6518291354745056,8
3134,5.5769809574445,5.0,-0.5769809574445004,6
3135,5.553982708097531,5.0,-0.5539827080975313,5
3136,5.648793846493001,5.0,-0.6487938464930014,2
3137,5.5027458319498335,5.0,-0.5027458319498335,3
3138,5.674347464320197,5.0,-0.6743474643201974,1
3139,5.656742018512993,5.0,-0.6567420185129933,9
3140,5.616024144564168,5.0,-0.6160241445641681,7
3141,5.8790670776584895,5.852174904420303,-0.0268921732381866,2
3142,5.774619317657979,5.852174904420303,0.07755558676232344,7
3143,5.751527267963233,5.852174904420303,0.10064763645706964,10
3144,5.862976257735709,5.852174904420303,-0.010801353315406104,1
3145,5.90170768967616,5.852174904420303,-0.049532785255856915,6
3146,5.89534771779216,5.852174904420303,-0.04317281337185719,3
3147,5.896923041776983,5.852174904420303,-0.04474813735668004,8
3148,5.830867077688029,5.852174904420303,0.021307826732273938,9
3149,5.8846389101914305,5.852174904420303,-0.032464005771127624,4
3150,5.598207970754851,5.3979400086720375,-0.2002679620828136,6
3151,5.197653675910447,5.3979400086720375,0.2002863327615909,3
3152,5.198052455852206,5.3979400086720375,0.19988755281983117,1
3153,5.3483227097471175,5.3979400086720375,0.04961729892491995,5
3154,5.351815934153097,5.3979400086720375,0.046124074518940184,9
3155,5.426495864219916,5.3979400086720375,-0.02855585554787865,8
3156,5.379114863684725,5.3979400086720375,0.01882514498731247,4
3157,5.373108182029263,5.3979400086720375,0.0248318266427745,10
3158,5.248139090432877,5.3979400086720375,0.1498009182391602,7
3159,5.939559874967737,6.139879086401237,0.2003192114334995,1
3160,5.940093571831897,6.139879086401237,0.19978551456934035,4
3161,5.9400839272678265,6.139879086401237,0.1997951591334104,10
3162,5.9400367233474265,6.139879086401237,0.19984236305381042,6
3163,5.93958598712053,6.139879086401237,0.2002930992807066,7
3164,5.923115463922318,6.139879086401237,0.21676362247891934,3
3165,5.939825549972688,6.139879086401237,0.20005353642854917,5
3166,5.99001807159897,6.139879086401237,0.14986101480226655,9
3167,5.9396897483324205,6.139879086401237,0.20018933806881645,8
3168,6.263840109785805,6.273487409697184,0.009647299911378582,7
3169,6.289091178061616,6.273487409697184,-0.015603768364432113,4
3170,6.148834024426863,6.273487409697184,0.12465338527032088,1
3171,6.220026371645395,6.273487409697184,0.05346103805178881,8
3172,6.156019575294796,6.273487409697184,0.11746783440238762,5
3173,6.152804565364257,6.273487409697184,0.12068284433292664,10
3174,6.198383782817094,6.273487409697184,0.07510362688009042,9
3175,6.1895144713243795,6.273487409697184,0.0839729383728045,6
3176,6.207085949620834,6.273487409697184,0.06640146007635028,3
3177,6.265119437387551,6.320623955053538,0.05550451766598652,10
3178,6.32720608328537,6.320623955053538,-0.0065821282318321295,8
3179,6.304116546147239,6.320623955053538,0.01650740890629887,6
3180,6.3612296900950716,6.320623955053538,-0.04060573504153364,7
3181,6.285772521467035,6.320623955053538,0.03485143358650333,5
3182,6.336200566656538,6.320623955053538,-0.0155766116030005,3
3183,6.314812913244401,6.320623955053538,0.005811041809137052,9
3184,6.373858867578358,6.320623955053538,-0.05323491252481993,4
3185,6.314791034014074,6.320623955053538,0.00583292103946409,2
3186,5.973329840252009,6.6020599913279625,0.6287301510759535,7
3187,5.910705399079703,6.6020599913279625,0.6913545922482598,6
3188,5.970474412556991,6.6020599913279625,0.6315855787709719,4
3189,5.9011140956316215,6.6020599913279625,0.700945895696341,5
3190,5.885848893604851,6.6020599913279625,0.7162110977231118,10
3191,5.891587772374072,6.6020599913279625,0.7104722189538908,9
3192,5.922008708665934,6.6020599913279625,0.6800512826620286,2
3193,5.947613227078596,6.6020599913279625,0.6544467642493661,8
3194,5.901387885679061,6.6020599913279625,0.7006721056489011,1
3195,6.304298726069259,6.337459261290656,0.033160535221396614,5
3196,6.298151303342976,6.337459261290656,0.039307957947679384,1
3197,6.291012244281134,6.337459261290656,0.046447017009521474,7
3198,6.284635922926119,6.337459261290656,0.052823338364536454,8
3199,6.308562173956621,6.337459261290656,0.028897087334034843,10
3200,6.379065338111621,6.337459261290656,-0.0416060768209654,9
3201,6.290890089398697,6.337459261290656,0.046569171891958305,2
3202,6.287099190873046,6.337459261290656,0.050360070417609926,6
3203,6.2691364528139975,6.337459261290656,0.06832280847665828,3
3204,6.426294645752769,6.301029995663981,-0.12526465008878773,9
3205,6.391035834092979,6.301029995663981,-0.0900058384289979,2
3206,6.403134801847461,6.301029995663981,-0.10210480618347972,5
3207,6.404034974427601,6.301029995663981,-0.1030049787636198,4
3208,6.364554063541862,6.301029995663981,-0.06352406787788034,10
3209,6.387268353969001,6.301029995663981,-0.08623835830502014,3
3210,6.355617364610595,6.301029995663981,-0.054587368946613424,6
3211,6.37736372996758,6.301029995663981,-0.07633373430359836,1
3212,6.393726495848877,6.301029995663981,-0.09269650018489539,7
3213,6.22088174967427,6.3979400086720375,0.17705825899776784,3
3214,6.221859110518425,6.3979400086720375,0.1760808981536126,10
3215,6.312971726363551,6.3979400086720375,0.08496828230848674,9
3216,6.234604111626014,6.3979400086720375,0.16333589704602325,6
3217,6.215836788125274,6.3979400086720375,0.18210322054676364,1
3218,6.232332115223567,6.3979400086720375,0.16560789344847038,4
3219,6.213254601028682,6.3979400086720375,0.1846854076433555,5
3220,6.222608443514099,6.3979400086720375,0.17533156515793813,2
3221,6.239870785804786,6.3979400086720375,0.1580692228672511,8
3222,6.2298412713705025,6.45484486000851,0.22500358863800773,7
3223,6.135626513956055,6.45484486000851,0.31921834605245536,9
3224,6.21142642196897,6.45484486000851,0.24341843803953989,10
3225,6.158160544745708,6.45484486000851,0.2966843152628025,2
3226,6.088357937130246,6.45484486000851,0.36648692287826456,4
3227,6.181348629451439,6.45484486000851,0.27349623055707095,5
3228,6.132833229706421,6.45484486000851,0.32201163030208946,6
3229,6.2549424114238485,6.45484486000851,0.19990244858466166,1
3230,6.205050047528319,6.45484486000851,0.2497948124801912,8
3231,6.769551110948836,8.146128035678238,1.3765769247294024,2
3232,6.77298031021289,8.146128035678238,1.3731477254653486,5
3233,6.790083449613707,8.146128035678238,1.356044586064531,1
3234,6.77277867785889,8.146128035678238,1.3733493578193485,3
3235,6.773080888363829,8.146128035678238,1.3730471473144092,4
3236,6.772914224957617,8.146128035678238,1.373213810720621,9
3237,6.773097624689481,8.146128035678238,1.3730304109887568,10
3238,6.773447867573072,8.146128035678238,1.3726801681051661,7
3239,6.772931550111451,8.146128035678238,1.3731964855667869,8
3240,5.225068234427674,4.5820633629117085,-0.6430048715159655,1
3241,5.3213963966222515,4.5820633629117085,-0.739333033710543,10
3242,5.351433378143038,4.5820633629117085,-0.7693700152313294,8
3243,5.3849184707617574,4.5820633629117085,-0.802855107850049,7
3244,5.324824028830301,4.5820633629117085,-0.7427606659185928,3
3245,5.30150871181912,4.5820633629117085,-0.7194453489074117,9
3246,5.621437433001622,4.5820633629117085,-1.039374070089914,6
3247,5.062419260681738,4.5820633629117085,-0.4803558977700293,2
3248,5.260756512303747,4.5820633629117085,-0.6786931493920383,5
3249,5.788496521190996,6.272305844402086,0.4838093232110907,10
3250,5.724708933584363,6.272305844402086,0.547596910817723,9
3251,5.9334131476476495,6.272305844402086,0.3388926967544368,7
3252,6.072280985116314,6.272305844402086,0.2000248592857723,4
3253,5.911588069488121,6.272305844402086,0.3607177749139652,6
3254,5.824654664144061,6.272305844402086,0.44765118025802497,8
3255,5.702155273169675,6.272305844402086,0.5701505712324115,2
3256,5.773386359394675,6.272305844402086,0.498919485007411,5
3257,5.751096421844862,6.272305844402086,0.5212094225572246,3
3258,6.773080888363829,5.728256359248493,-1.0448245291153357,4
3259,6.769551110948836,5.728256359248493,-1.0412947517003426,2
3260,6.773447867573072,5.728256359248493,-1.0451915083245789,7
3261,6.790083449613707,5.728256359248493,-1.061827090365214,1
3262,6.772914224957617,5.728256359248493,-1.044657865709124,9
3263,6.773097624689481,5.728256359248493,-1.0448412654409882,10
3264,6.77277867785889,5.728256359248493,-1.0445223186103965,3
3265,6.772931550111451,5.728256359248493,-1.0446751908629581,8
3266,6.773230999611908,5.728256359248493,-1.0449746403634146,6
3267,5.968418426764614,5.71717102683231,-0.2512473999323035,4
3268,6.071176793065149,5.71717102683231,-0.35400576623283886,7
3269,6.082589942119031,5.71717102683231,-0.3654189152867211,9
3270,6.0331857377004745,5.71717102683231,-0.31601471086816435,1
3271,6.053193402760792,5.71717102683231,-0.33602237592848194,10
3272,5.995449204410935,5.71717102683231,-0.27827817757862494,8
3273,6.106373486009252,5.71717102683231,-0.38920245917694185,2
3274,6.060148198179391,5.71717102683231,-0.34297717134708083,5
3275,6.042829568279711,5.71717102683231,-0.3256585414474005,6
3276,5.524920581847948,6.049218022670182,0.5242974408222336,10
3277,5.537159149163728,6.049218022670182,0.5120588735064535,3
3278,5.60757741792724,6.049218022670182,0.44164060474294153,7
3279,5.667414395390153,6.049218022670182,0.38180362728002937,9
3280,5.752655153281801,6.049218022670182,0.2965628693883806,6
3281,5.585586719865067,6.049218022670182,0.46363130280511466,4
3282,5.501923613235704,6.049218022670182,0.5472944094344783,8
3283,5.595849284064614,6.049218022670182,0.45336873860556803,2
3284,5.50792977271571,6.049218022670182,0.541288249954472,1
3285,5.139534541472873,6.396199347095736,1.2566648056228633,2
3286,5.157626767447689,6.396199347095736,1.2385725796480473,7
3287,5.020952487153712,6.396199347095736,1.375246859942024,8
3288,5.386463370516713,6.396199347095736,1.009735976579023,6
3289,5.2174196770302625,6.396199347095736,1.1787796700654738,9
3290,5.155697213071798,6.396199347095736,1.240502134023938,5
3291,5.1174705322636544,6.396199347095736,1.278728814832082,4
3292,5.033016840604995,6.396199347095736,1.363182506490741,1
3293,5.045292345677124,6.396199347095736,1.3509070014186122,10
3294,5.862242878172208,5.550228353055094,-0.3120145251171138,8
3295,5.919394540044053,5.550228353055094,-0.3691661869889584,4
3296,5.956486576521395,5.550228353055094,-0.4062582234663008,7
3297,5.935163042507509,5.550228353055094,-0.3849346894524146,2
3298,5.874537647837504,5.550228353055094,-0.32430929478240955,3
3299,5.929563174542083,5.550228353055094,-0.3793348214869887,10
3300,5.914058307136257,5.550228353055094,-0.3638299540811625,9
3301,5.838550681302976,5.550228353055094,-0.2883223282478822,6
3302,5.915462232580809,5.550228353055094,-0.3652338795257144,5
3303,6.03800025579823,5.575072325713813,-0.4629279300844171,1
3304,5.824876156601841,5.575072325713813,-0.2498038308880286,9
3305,5.830751233554638,5.575072325713813,-0.25567890784082525,3
3306,5.775027589577164,5.575072325713813,-0.19995526386335083,6
3307,5.809047584561825,5.575072325713813,-0.2339752588480124,4
3308,5.847245292386177,5.575072325713813,-0.2721729666723638,8
3309,5.774770653839788,5.575072325713813,-0.199698328125975,5
3310,5.77514897373128,5.575072325713813,-0.20007664801746738,10
3311,5.8419743142742,5.575072325713813,-0.26690198856038716,7
3312,5.9231102001540465,6.100025730107863,0.1769155299538161,4
3313,5.9465512527159685,6.100025730107863,0.15347447739189413,1
3314,5.943302163419276,6.100025730107863,0.15672356668858622,3
3315,6.052994153599058,6.100025730107863,0.04703157650880474,9
3316,6.0917445626778335,6.100025730107863,0.008281167430029157,8
3317,5.901371800406306,6.100025730107863,0.19865392970155682,2
3318,5.972373049578294,6.100025730107863,0.12765268052956902,6
3319,6.002052950139176,6.100025730107863,0.09797277996868647,10
3320,6.0644511970137795,6.100025730107863,0.035574533094083094,7
3321,5.767256872528371,4.860338006570994,-0.906918865957377,10
3322,5.6837033250134175,4.860338006570994,-0.8233653184424234,3
3323,5.712047176821186,4.860338006570994,-0.8517091702501922,1
3324,5.647306111179854,4.860338006570994,-0.7869681046088601,2
3325,5.825776017916183,4.860338006570994,-0.9654380113451886,9
3326,5.80261019523288,4.860338006570994,-0.9422721886618861,7
3327,5.6960947374628645,4.860338006570994,-0.8357567308918705,4
3328,5.725698172787549,4.860338006570994,-0.8653601662165551,6
3329,5.673995520788741,4.860338006570994,-0.8136575142177467,5
3330,6.520236680933235,6.489958479424835,-0.030278201508400215,9
3331,6.4693529640116045,6.489958479424835,0.02060551541323008,2
3332,6.475755410426131,6.489958479424835,0.014203068998703827,8
3333,6.472066881559023,6.489958479424835,0.017891597865811626,6
3334,6.467750858460503,6.489958479424835,0.022207620964331376,5
3335,6.488123845045433,6.489958479424835,0.0018346343794020115,1
3336,6.4506754183148285,6.489958479424835,0.03928306111000612,10
3337,6.690185868837564,6.489958479424835,-0.20022738941272955,3
3338,6.468213541563911,6.489958479424835,0.02174493786092402,7
3339,6.156641255881337,6.3979400086720375,0.24129875279070045,9
3340,6.048358265977085,6.3979400086720375,0.34958174269495235,1
3341,6.14532292517997,6.3979400086720375,0.25261708349206735,4
3342,6.0698554525103505,6.3979400086720375,0.32808455616168697,6
3343,5.994194456901755,6.3979400086720375,0.4037455517702826,3
3344,6.055203620735418,6.3979400086720375,0.3427363879366192,5
3345,6.059551276833898,6.3979400086720375,0.33838873183813956,8
3346,6.0852373605016545,6.3979400086720375,0.31270264817038296,10
3347,6.0496198773077,6.3979400086720375,0.34832013136433737,7
3348,5.951860632865002,6.3560258571931225,0.4041652243281204,6
3349,5.763647358053641,6.3560258571931225,0.5923784991394818,5
3350,5.760923202769775,6.3560258571931225,0.5951026544233473,2
3351,5.7785789071673115,6.3560258571931225,0.577446950025811,9
3352,5.426251785153807,6.3560258571931225,0.929774072039316,8
3353,5.757762529523389,6.3560258571931225,0.5982633276697333,4
3354,6.156120041086163,6.3560258571931225,0.19990581610695912,10
3355,5.723953465888266,6.3560258571931225,0.6320723913048569,3
3356,6.079036894128376,6.3560258571931225,0.2769889630647464,1
3357,5.425895592669791,4.705863712283919,-0.7200318803858723,3
3358,5.45562381212206,4.705863712283919,-0.7497600998381415,1
3359,5.653085547843598,4.705863712283919,-0.9472218355596791,4
3360,5.517756347535089,4.705863712283919,-0.8118926352511702,5
3361,5.697180830675535,4.705863712283919,-0.9913171183916161,10
3362,5.4244953359008194,4.705863712283919,-0.7186316236169006,2
3363,5.406763472955803,4.705863712283919,-0.7008997606718843,9
3364,5.190103016283877,4.705863712283919,-0.4842393039999582,8
3365,5.306255774615543,4.705863712283919,-0.6003920623316246,7
3366,5.562456461465933,4.833147111912785,-0.729309349553148,7
3367,5.403326219819231,4.833147111912785,-0.570179107906446,8
3368,5.997655474466205,4.833147111912785,-1.1645083625534198,10
3369,5.654068522507938,4.833147111912785,-0.8209214105951528,2
3370,5.800455836591462,4.833147111912785,-0.9673087246786771,6
3371,5.6640662434413205,4.833147111912785,-0.8309191315285354,5
3372,5.636997329147192,4.833147111912785,-0.8038502172344071,4
3373,5.6360953732032355,4.833147111912785,-0.8029482612904504,9
3374,5.645239637689107,4.833147111912785,-0.8120925257763218,3
3375,6.12750933996146,6.182671386675478,0.05516204671401859,3
3376,6.1674498962535225,6.182671386675478,0.015221490421955863,6
3377,6.066770036250891,6.182671386675478,0.11590135042458716,9
3378,6.106288672071397,6.182671386675478,0.07638271460408141,1
3379,6.026647162461477,6.182671386675478,0.15602422421400153,10
3380,5.982518304873698,6.182671386675478,0.2001530818017807,7
3381,6.154665862819509,6.182671386675478,0.02800552385596955,2
3382,6.100178080489741,6.182671386675478,0.08249330618573758,8
3383,6.076174954925291,6.182671386675478,0.10649643175018753,5
3384,6.061781507782561,6.262023704606317,0.20024219682375666,9
3385,6.072326179949797,6.262023704606317,0.18969752465652068,2
3386,6.061755733374001,6.262023704606317,0.2002679712323161,6
3387,6.06388438253316,6.262023704606317,0.19813932207315776,1
3388,6.0622292239834925,6.262023704606317,0.1997944806228249,3
3389,6.06160356794742,6.262023704606317,0.2004201366588978,7
3390,6.062039130969134,6.262023704606317,0.1999845736371837,4
3391,6.066186093938553,6.262023704606317,0.1958376106677644,10
3392,6.092721007927324,6.262023704606317,0.16930269667899367,8
3393,6.025526710568596,6.408239965311849,0.382713254743253,2
3394,5.947380035431097,6.408239965311849,0.4608599298807521,1
3395,5.828925491797255,6.408239965311849,0.5793144735145939,9
3396,5.941207653178,6.408239965311849,0.4670323121338491,6
3397,5.845222010758446,6.408239965311849,0.5630179545534029,5
3398,5.702017641541897,6.408239965311849,0.7062223237699525,7
3399,5.898840672894154,6.408239965311849,0.5093992924176955,3
3400,5.7775267182534975,6.408239965311849,0.6307132470583516,10
3401,5.8828224394377555,6.408239965311849,0.5254175258740936,8
3402,6.388933756727854,6.5910646070265,0.20213085029864608,4
3403,6.3489130260724185,6.5910646070265,0.24215158095408196,5
3404,6.264389196932924,6.5910646070265,0.3266754100935767,2
3405,6.358121053977002,6.5910646070265,0.23294355304949832,3
3406,6.337943165694302,6.5910646070265,0.2531214413321985,6
3407,6.347006791497246,6.5910646070265,0.24405781552925454,7
3408,6.317318113615332,6.5910646070265,0.27374649341116886,1
3409,6.317434229063822,6.5910646070265,0.27363037796267875,8
3410,6.342045172455575,6.5910646070265,0.24901943457092557,9
3411,6.264630895197152,5.876217840591642,-0.38841305460551023,9
3412,6.201319461033873,5.876217840591642,-0.325101620442231,2
3413,6.280589241656544,5.876217840591642,-0.40437140106490155,3
3414,6.265723425564051,5.876217840591642,-0.38950558497240895,6
3415,6.277404728999651,5.876217840591642,-0.40118688840800854,7
3416,6.272026338426141,5.876217840591642,-0.3958084978344987,1
3417,6.251337854372878,5.876217840591642,-0.3751200137812356,8
3418,6.3154831090852825,5.876217840591642,-0.43926526849364045,4
3419,6.284977363062344,5.876217840591642,-0.40875952247070213,5
3420,4.914879048926789,6.1041455505540085,1.1892665016272197,5
3421,4.930263116007019,6.1041455505540085,1.1738824345469894,9
3422,4.872729049516976,6.1041455505540085,1.2314165010370326,8
3423,4.916648222757376,6.1041455505540085,1.187497327796633,10
3424,4.964355281063265,6.1041455505540085,1.1397902694907431,1
3425,4.897219015730624,6.1041455505540085,1.2069265348233849,6
3426,4.976139900483094,6.1041455505540085,1.1280056500709144,2
3427,4.910997484274342,6.1041455505540085,1.193148066279667,4
3428,4.89678555731731,6.1041455505540085,1.2073599932366985,7
3429,5.920961536496688,4.630122642859312,-1.2908388936373765,10
3430,5.985649128593448,4.630122642859312,-1.3555264857341367,9
3431,6.077537867112271,4.630122642859312,-1.4474152242529597,3
3432,5.9747889973173445,4.630122642859312,-1.3446663544580328,6
3433,6.155545446222442,4.630122642859312,-1.5254228033631305,7
3434,5.933286152104811,4.630122642859312,-1.3031635092454996,2
3435,6.18819894470221,4.630122642859312,-1.558076301842898,4
3436,5.809336271025578,4.630122642859312,-1.1792136281662664,5
3437,6.206005073277129,4.630122642859312,-1.575882430417817,8
3438,6.01843924975036,6.5910646070265,0.5726253572761406,10
3439,5.967754695641463,6.5910646070265,0.6233099113850376,2
3440,6.037488247835257,6.5910646070265,0.5535763591912435,4
3441,6.035027583352263,6.5910646070265,0.5560370236742376,5
3442,5.991412631034695,6.5910646070265,0.5996519759918053,9
3443,6.01387505688244,6.5910646070265,0.5771895501440607,6
3444,6.016874522723517,6.5910646070265,0.574190084302983,8
3445,6.031918932353175,6.5910646070265,0.5591456746733252,7
3446,6.038717038278728,6.5910646070265,0.5523475687477726,3
3447,6.178407789672697,5.978180516937414,-0.20022727273528318,7
3448,6.178357041290014,5.978180516937414,-0.20017652435260036,6
3449,6.185096412622439,5.978180516937414,-0.20691589568502522,1
3450,6.178270243247328,5.978180516937414,-0.20008972630991462,5
3451,6.176967991514756,5.978180516937414,-0.19878747457734214,9
3452,6.178411721775363,5.978180516937414,-0.20023120483794887,10
3453,6.19169632266822,5.978180516937414,-0.21351580573080575,4
3454,6.178529643377071,5.978180516937414,-0.20034912643965708,3
3455,6.1542237252413585,5.978180516937414,-0.1760432083039447,8
3456,6.166492488585593,6.32221929473392,0.15572680614832723,7
3457,6.1823597399136405,6.32221929473392,0.1398595548202799,1
3458,6.160398767534083,6.32221929473392,0.1618205271998372,5
3459,6.181738603805783,6.32221929473392,0.1404806909281371,8
3460,6.206917431309851,6.32221929473392,0.11530186342406967,4
3461,6.174956636798854,6.32221929473392,0.147262657935066,6
3462,6.141456186247934,6.32221929473392,0.1807631084859862,2
3463,6.202889443525154,6.32221929473392,0.11932985120876616,10
3464,6.217271164950431,6.32221929473392,0.10494812978348911,3
3465,6.074410747748367,6.100025730107863,0.025614982359495997,7
3466,6.113786928275419,6.100025730107863,-0.01376119816755672,4
3467,6.0725015152386685,6.100025730107863,0.027524214869194097,1
3468,6.060294977891577,6.100025730107863,0.0397307522162853,3
3469,6.103773999444563,6.100025730107863,-0.0037482693367003606,5
3470,6.0407526503397175,6.100025730107863,0.05927307976814511,9
3471,6.083425413893811,6.100025730107863,0.01660031621405178,6
3472,6.093414026092833,6.100025730107863,0.006611704015029751,2
3473,6.093883687692695,6.100025730107863,0.006142042415167914,8
3474,6.261255427803174,5.675778341674085,-0.5854770861290888,10
3475,6.260104079777781,5.675778341674085,-0.5843257381036961,1
3476,6.303191980335628,5.675778341674085,-0.627413638661543,3
3477,6.241536406976894,5.675778341674085,-0.5657580653028091,9
3478,6.248129931401673,5.675778341674085,-0.5723515897275879,2
3479,6.267188903932592,5.675778341674085,-0.5914105622585071,5
3480,6.299239577095927,5.675778341674085,-0.6234612354218418,4
3481,6.282631140748291,5.675778341674085,-0.6068527990742059,8
3482,6.267490670590436,5.675778341674085,-0.5917123289163513,6
3483,6.201823589137533,6.0,-0.20182358913753262,3
3484,6.200369901880226,6.0,-0.20036990188022585,8
3485,6.204068553813172,6.0,-0.20406855381317168,7
3486,6.200206465578296,6.0,-0.20020646557829558,9
3487,6.200200690291816,6.0,-0.2002006902918163,1
3488,6.200314208506185,6.0,-0.2003142085061853,2
3489,6.200055198431588,6.0,-0.20005519843158837,5
3490,6.213262320404344,6.0,-0.21326232040434423,4
3491,6.193301078769908,6.0,-0.19330107876990787,6
3492,5.922095176794073,6.431363764158987,0.5092685873649136,1
3493,5.913219887088237,6.431363764158987,0.5181438770707496,10
3494,5.836265583234313,6.431363764158987,0.5950981809246736,9
3495,5.880143105072737,6.431363764158987,0.5512206590862503,2
3496,5.905404755594356,6.431363764158987,0.5259590085646311,7
3497,5.901681686004915,6.431363764158987,0.5296820781540719,5
3498,5.909288062890165,6.431363764158987,0.5220757012688217,4
3499,5.918957800768368,6.431363764158987,0.5124059633906191,8
3500,5.9368873273290355,6.431363764158987,0.49447643682995146,3
3501,6.24579761091345,6.1525940779274695,-0.09320353298598061,10
3502,6.352395464850406,6.1525940779274695,-0.19980138692293625,5
3503,6.3525767281693115,6.1525940779274695,-0.19998265024184203,2
3504,6.352601054623644,6.1525940779274695,-0.20000697669617473,9
3505,6.352727101086643,6.1525940779274695,-0.20013302315917336,1
3506,6.384312160261915,6.1525940779274695,-0.2317180823344458,6
3507,6.377139116728903,6.1525940779274695,-0.22454503880143317,3
3508,6.352494230160143,6.1525940779274695,-0.1999001522326731,8
3509,6.352874734357867,6.1525940779274695,-0.20028065643039739,4
3510,6.582422117831692,6.732393759822968,0.149971641991276,5
3511,6.543934353329404,6.732393759822968,0.18845940649356407,2
3512,6.587962186754657,6.732393759822968,0.144431573068311,1
3513,6.532784565321532,6.732393759822968,0.199609194501436,6
3514,6.5473413601207415,6.732393759822968,0.18505239970222664,10
3515,6.718143577528171,6.732393759822968,0.014250182294797575,3
3516,6.610214220494794,6.732393759822968,0.12217953932817416,9
3517,6.611326638897562,6.732393759822968,0.12106712092540661,8
3518,6.532234577610554,6.732393759822968,0.20015918221241424,7
3519,5.081092511808144,4.491361693834273,-0.5897308179738712,8
3520,5.195732656981612,4.491361693834273,-0.7043709631473387,9
3521,5.145103216597798,4.491361693834273,-0.653741522763525,6
3522,5.292707008617505,4.491361693834273,-0.8013453147832319,1
3523,5.393896460457048,4.491361693834273,-0.9025347666227752,3
3524,5.345752552484321,4.491361693834273,-0.8543908586500475,2
3525,5.19243983312219,4.491361693834273,-0.7010781392879171,4
3526,5.269189200367618,4.491361693834273,-0.7778275065333453,5
3527,5.276571024440598,4.491361693834273,-0.7852093306063246,7
3528,4.579186517751344,4.77901897191487,0.19983245416352613,3
3529,4.457140161346364,4.77901897191487,0.3218788105685064,2
3530,4.4659738977066175,4.77901897191487,0.31304507420825267,6
3531,4.578994782991481,4.77901897191487,0.2000241889233889,7
3532,4.418071640185454,4.77901897191487,0.36094733172941584,5
3533,4.351700332875366,4.77901897191487,0.4273186390395045,8
3534,4.188130960320815,4.77901897191487,0.5908880115940551,9
3535,4.369858461118016,4.77901897191487,0.40916051079685456,1
3536,4.57863228638969,4.77901897191487,0.2003866855251797,4
3537,5.829924232808907,6.556302500767287,0.7263782679583795,4
3538,5.85457206127132,6.556302500767287,0.7017304394959671,3
3539,5.856788752335662,6.556302500767287,0.6995137484316247,2
3540,5.939855212181098,6.556302500767287,0.6164472885861887,1
3541,5.8869582108533045,6.556302500767287,0.6693442899139823,7
3542,5.811488202316602,6.556302500767287,0.7448142984506845,9
3543,5.824356171702534,6.556302500767287,0.731946329064753,8
3544,6.073544063520156,6.556302500767287,0.4827584372471305,10
3545,5.872444097019327,6.556302500767287,0.6838584037479603,6
3546,4.6509025376058615,4.850033257689769,0.19913072008390742,6
3547,4.663475126221843,4.850033257689769,0.1865581314679261,10
3548,4.649865838477973,4.850033257689769,0.20016741921179548,8
3549,4.65589777026559,4.850033257689769,0.19413548742417852,7
3550,4.676705217067932,4.850033257689769,0.17332804062183715,9
3551,4.761089424493206,4.850033257689769,0.08894383319656285,2
3552,4.744044080789587,4.850033257689769,0.10598917690018173,1
3553,4.668037766493347,4.850033257689769,0.1819954911964219,5
3554,4.649785053550632,4.850033257689769,0.2002482041391369,4
3555,6.154084163211902,6.278753600952829,0.12466943774092698,10
3556,6.219367809369271,6.278753600952829,0.05938579158355761,2
3557,6.079023011283571,6.278753600952829,0.19973058966925805,4
3558,6.152508378185708,6.278753600952829,0.12624522276712113,8
3559,6.14539323226865,6.278753600952829,0.1333603686841789,9
3560,6.185772212699563,6.278753600952829,0.09298138825326596,6
3561,6.167771295846276,6.278753600952829,0.11098230510655327,5
3562,6.199962623108476,6.278753600952829,0.07879097784435274,1
3563,6.174733017005214,6.278753600952829,0.10402058394761493,3
3564,6.262119550779548,6.4623979978989565,0.20027844711940812,8
3565,6.2624243644891715,6.4623979978989565,0.19997363340978502,2
3566,6.262384942347973,6.4623979978989565,0.2000130555509836,10
3567,6.262687941254504,6.4623979978989565,0.1997100566444523,1
3568,6.2623810782426,6.4623979978989565,0.20001691965635615,4
3569,6.262346344668126,6.4623979978989565,0.20005165323083052,5
3570,6.262834027844789,6.4623979978989565,0.19956397005416715,3
3571,6.262363270429416,6.4623979978989565,0.2000347274695402,9
3572,6.262079801946606,6.4623979978989565,0.20031819595235056,6
3573,6.1988811366969205,6.399154333958217,0.20027319726129633,7
3574,6.1994988473717605,6.399154333958217,0.19965548658645638,6
3575,6.1990902096555285,6.399154333958217,0.20006412430268838,4
3576,6.172568059584563,6.399154333958217,0.22658627437365375,9
3577,6.198835742736703,6.399154333958217,0.20031859122151374,3
3578,6.22980665136987,6.399154333958217,0.16934768258834687,5
3579,6.245046987935437,6.399154333958217,0.15410734602277998,8
3580,6.195568284771556,6.399154333958217,0.20358604918666057,1
3581,6.132878558242078,6.399154333958217,0.2662757757161387,2
3582,6.034816129017397,6.3979400086720375,0.36312387965464055,3
3583,6.090698445269901,6.3979400086720375,0.3072415634021368,10
3584,6.03586304784199,6.3979400086720375,0.3620769608300476,4
3585,5.996531021015925,6.3979400086720375,0.40140898765611244,1
3586,6.041000954533439,6.3979400086720375,0.35693905413859817,6
3587,6.1018843582010325,6.3979400086720375,0.296055650471005,8
3588,6.053747451437847,6.3979400086720375,0.34419255723419084,7
3589,5.989531315201956,6.3979400086720375,0.4084086934700819,9
3590,6.0850381997786025,6.3979400086720375,0.312901808893435,5
3591,6.278634405611889,5.880813592280791,-0.39782081333109787,9
3592,6.304108040783313,5.880813592280791,-0.4232944485025216,6
3593,6.249215457930865,5.880813592280791,-0.3684018656500738,3
3594,6.332688192439868,5.880813592280791,-0.4518746001590763,10
3595,6.2588187690800225,5.880813592280791,-0.3780051767992312,2
3596,6.326759802890109,5.880813592280791,-0.4459462106093177,7
3597,6.337010930747011,5.880813592280791,-0.4561973384662199,1
3598,6.354716244188795,5.880813592280791,-0.47390265190800385,4
3599,6.324632973698287,5.880813592280791,-0.44381938141749533,5
3600,5.891482112067276,5.892094602690481,0.0006124906232045646,4
3601,5.875201371918308,5.892094602690481,0.01689323077217253,1
3602,5.701282985860208,5.892094602690481,0.19081161683027315,5
3603,5.850616718006059,5.892094602690481,0.04147788468442215,7
3604,5.821887398994549,5.892094602690481,0.07020720369593203,2
3605,5.870352570643671,5.892094602690481,0.021742032046809356,6
3606,5.847335751505497,5.892094602690481,0.04475885118498368,3
3607,5.865315873768109,5.892094602690481,0.026778728922371542,8
3608,5.893842528256784,5.892094602690481,-0.0017479255663035431,10
3609,6.119224898097374,5.7160033436348,-0.4032215544625739,5
3610,6.094250310401713,5.7160033436348,-0.3782469667669126,3
3611,6.073289064953411,5.7160033436348,-0.35728572131861025,1
3612,6.015657547513497,5.7160033436348,-0.29965420387869646,2
3613,6.09549477152189,5.7160033436348,-0.37949142788709,7
3614,6.151938627236704,5.7160033436348,-0.4359352836019035,8
3615,6.011417450194454,5.7160033436348,-0.2954141065596536,9
3616,6.072523869621366,5.7160033436348,-0.35652052598656603,4
3617,6.0813864587155955,5.7160033436348,-0.36538311508079513,6
3618,5.861372819593589,6.696836730575163,0.8354639109815745,10
3619,6.172777414608323,6.696836730575163,0.5240593159668405,8
3620,6.071511553007712,6.696836730575163,0.6253251775674515,1
3621,6.112743791190758,6.696836730575163,0.584092939384405,4
3622,5.857104927608796,6.696836730575163,0.8397318029663676,2
3623,5.93303820915143,6.696836730575163,0.7637985214237331,3
3624,5.728689515139231,6.696836730575163,0.9681472154359323,5
3625,5.998950462690226,6.696836730575163,0.6978862678849369,6
3626,6.074846057267044,6.696836730575163,0.6219906733081189,7
3627,5.529669448152901,5.530481449815745,0.0008120016628438975,3
3628,5.649944586034712,5.530481449815745,-0.11946313621896731,7
3629,5.494284332416457,5.530481449815745,0.036197117399287215,10
3630,5.480528454420812,5.530481449815745,0.04995299539493292,6
3631,5.556782859613586,5.530481449815745,-0.026301409797841124,1
3632,5.5298185496347,5.530481449815745,0.0006629001810445345,2
3633,5.655355204781027,5.530481449815745,-0.1248737549652823,4
3634,5.545784684744753,5.530481449815745,-0.015303234929008092,8
3635,5.438761508957976,5.530481449815745,0.09171994085776891,5
3636,5.641448098611064,6.465828815357437,0.824380716746373,7
3637,5.423018219507336,6.465828815357437,1.042810595850101,2
3638,5.281642792919263,6.465828815357437,1.1841860224381735,10
3639,5.281386588851162,6.465828815357437,1.1844422265062748,5
3640,5.543816886669717,6.465828815357437,0.92201192868772,9
3641,5.6193247167099285,6.465828815357437,0.8465040986475083,8
3642,5.668513379826413,6.465828815357437,0.7973154355310239,4
3643,5.708733561214336,6.465828815357437,0.7570952541431009,1
3644,5.3457316464288755,6.465828815357437,1.1200971689285613,3
3645,5.845051206505765,6.5910646070265,0.7460134005207353,4
3646,5.620284154343427,6.5910646070265,0.9707804526830737,5
3647,5.697749277824489,6.5910646070265,0.8933153292020117,10
3648,5.799625953745734,6.5910646070265,0.7914386532807667,1
3649,5.663656973268505,6.5910646070265,0.9274076337579951,2
3650,5.991766086368001,6.5910646070265,0.5992985206584995,6
3651,5.939456788913044,6.5910646070265,0.6516078181134564,8
3652,5.636383383930836,6.5910646070265,0.9546812230956645,9
3653,5.828177968617077,6.5910646070265,0.7628866384094231,7
3654,6.398647225378528,6.919078092376074,0.5204308669975459,2
3655,6.427152220780041,6.919078092376074,0.49192587159603285,5
3656,6.41433300971323,6.919078092376074,0.5047450826628435,6
3657,6.462832719709595,6.919078092376074,0.456245372666479,4
3658,6.439015166881712,6.919078092376074,0.48006292549436136,8
3659,6.415121368012436,6.919078092376074,0.503956724363638,7
3660,6.431123002080393,6.919078092376074,0.4879550902956806,3
3661,6.41384189388687,6.919078092376074,0.5052361984892038,1
3662,6.423704993415142,6.919078092376074,0.49537309896093173,9
3663,5.9918190177851445,6.301029995663981,0.3092109778788368,1
3664,5.970964862152857,6.301029995663981,0.3300651335111242,10
3665,5.973782505485918,6.301029995663981,0.3272474901780633,2
3666,5.9914039740092,6.301029995663981,0.3096260216547808,3
3667,5.991894403272217,6.301029995663981,0.30913559239176447,9
3668,5.998488431586318,6.301029995663981,0.3025415640776634,6
3669,5.991605391138681,6.301029995663981,0.30942460452529996,4
3670,6.0530466370415175,6.301029995663981,0.2479833586224638,7
3671,5.991708030012516,6.301029995663981,0.3093219656514652,5
3672,6.226898299565835,6.380211241711606,0.15331294214577174,8
3673,6.245311815860582,6.380211241711606,0.13489942585102455,5
3674,6.205465058552121,6.380211241711606,0.17474618315948565,4
3675,6.243009981015144,6.380211241711606,0.13720126069646277,3
3676,6.252947726548578,6.380211241711606,0.1272635151630288,9
3677,6.261661368878994,6.380211241711606,0.1185498728326122,2
3678,6.218200441100172,6.380211241711606,0.16201080061143447,10
3679,6.179725937891446,6.380211241711606,0.2004853038201606,6
3680,6.269178939331875,6.380211241711606,0.11103230237973172,7
3681,6.380757770381491,6.204119982655925,-0.17663778772556604,10
3682,6.359368793117315,6.204119982655925,-0.15524881046138983,1
3683,6.3518709412167835,6.204119982655925,-0.14775095856085851,8
3684,6.351020407124198,6.204119982655925,-0.14690042446827256,7
3685,6.328538227726353,6.204119982655925,-0.12441824507042831,6
3686,6.218721745935499,6.204119982655925,-0.014601763279573632,3
3687,6.384321982180908,6.204119982655925,-0.18020199952498306,4
3688,6.399729692088226,6.204119982655925,-0.1956097094323006,9
3689,6.358794671724626,6.204119982655925,-0.15467468906870074,2
3690,6.100767393622603,6.301029995663981,0.20026260204137802,10
3691,6.100967415514055,6.301029995663981,0.20006258014992628,2
3692,6.101311434224654,6.301029995663981,0.19971856143932687,8
3693,6.062463027741018,6.301029995663981,0.2385669679229636,6
3694,6.10093565150483,6.301029995663981,0.20009434415915095,1
3695,6.103469386104067,6.301029995663981,0.19756060955991384,9
3696,6.029891916506496,6.301029995663981,0.27113807915748556,3
3697,6.101126398337326,6.301029995663981,0.19990359732665564,5
3698,6.101149709482054,6.301029995663981,0.19988028618192732,7
3699,5.910698905689181,6.073105874968971,0.1624069692797896,10
3700,5.939283711895599,6.073105874968971,0.13382216307337202,3
3701,5.942539321934662,6.073105874968971,0.13056655303430897,8
3702,5.938550068256609,6.073105874968971,0.13455580671236245,5
3703,5.890541209019677,6.073105874968971,0.1825646659492941,9
3704,5.897985146493596,6.073105874968971,0.17512072847537485,2
3705,5.925646641059862,6.073105874968971,0.14745923390910942,6
3706,5.92404317415862,6.073105874968971,0.1490627008103509,7
3707,5.931715014320415,6.073105874968971,0.14139086064855633,4
3708,5.422509941090414,6.2552725051033065,0.8327625640128922,9
3709,5.4405819574818,6.2552725051033065,0.8146905476215061,1
3710,5.543028282103532,6.2552725051033065,0.7122442229997743,8
3711,5.525510936179226,6.2552725051033065,0.7297615689240802,10
3712,5.529114667686006,6.2552725051033065,0.7261578374173006,4
3713,5.592259362160693,6.2552725051033065,0.6630131429426136,5
3714,5.569386514028119,6.2552725051033065,0.6858859910751871,6
3715,5.552748031552267,6.2552725051033065,0.7025244735510396,3
3716,5.502427413816339,6.2552725051033065,0.7528450912869671,2
3717,6.10128994377955,6.32221929473392,0.22092935095437038,7
3718,6.136377113312805,6.32221929473392,0.18584218142111553,4
3719,6.118155415169648,6.32221929473392,0.20406387956427263,6
3720,6.122382610280189,6.32221929473392,0.19983668445373137,8
3721,6.09550349979295,6.32221929473392,0.22671579494097038,9
3722,6.125188667594333,6.32221929473392,0.1970306271395872,3
3723,6.102611105895157,6.32221929473392,0.21960818883876332,10
3724,6.131943541095534,6.32221929473392,0.1902757536383861,1
3725,6.12203461898999,6.32221929473392,0.20018467574393028,5
3726,6.154937330811671,5.866287339084195,-0.28864999172747563,3
3727,6.1393490180630526,5.866287339084195,-0.27306167897885736,7
3728,6.0935899055402265,5.866287339084195,-0.2273025664560313,10
3729,6.162672739648757,5.866287339084195,-0.29638540056456186,5
3730,6.095983217238798,5.866287339084195,-0.2296958781546028,6
3731,6.154146537975733,5.866287339084195,-0.287859198891538,8
3732,6.137847711094688,5.866287339084195,-0.27156037201049266,2
3733,6.131373268429027,5.866287339084195,-0.2650859293448322,9
3734,6.137131196458887,5.866287339084195,-0.2708438573746914,4
3735,6.1169299596767015,6.318063334962762,0.20113337528606046,8
3736,6.084396922215389,6.318063334962762,0.23366641274737265,2
3737,6.120739080354747,6.318063334962762,0.19732425460801473,3
3738,6.083510859758511,6.318063334962762,0.23455247520425093,9
3739,6.099049519402883,6.318063334962762,0.21901381555987864,6
3740,6.1183264644001145,6.318063334962762,0.19973687056264744,4
3741,6.118128316179944,6.318063334962762,0.19993501878281794,5
3742,6.117740620167442,6.318063334962762,0.2003227147953197,7
3743,6.063390084850847,6.318063334962762,0.25467325011191466,10
3744,6.083510859758511,6.368100851709351,0.2845899919508401,9
3745,6.117740620167442,6.368100851709351,0.2503602315419089,7
3746,6.120739080354747,6.368100851709351,0.2473617713546039,3
3747,6.1169299596767015,6.368100851709351,0.25117089203264964,8
3748,6.099049519402883,6.368100851709351,0.2690513323064678,6
3749,6.1183264644001145,6.368100851709351,0.24977438730923662,4
3750,6.063390084850847,6.368100851709351,0.30471076685850385,10
3751,6.084396922215389,6.368100851709351,0.28370392949396184,2
3752,6.118128316179944,6.368100851709351,0.24997253552940712,5
3753,5.982071124035265,6.378397900948138,0.3963267769128729,6
3754,5.954442379336963,6.378397900948138,0.423955521611175,9
3755,5.943464775700749,6.378397900948138,0.43493312524738936,10
3756,5.94762654132655,6.378397900948138,0.43077135962158764,2
3757,6.017027887239781,6.378397900948138,0.3613700137083571,1
3758,6.001647973162897,6.378397900948138,0.37674992778524086,5
3759,5.993757449266147,6.378397900948138,0.38464045168199057,8
3760,5.990248966229302,6.378397900948138,0.3881489347188358,3
3761,6.002207469831643,6.378397900948138,0.37619043111649475,4
3762,5.564367774710838,6.326130956710794,0.7617631819999557,1
3763,5.496037231655204,6.326130956710794,0.8300937250555904,5
3764,5.62277003112292,6.326130956710794,0.7033609255878739,7
3765,5.331502448218276,6.326130956710794,0.9946285084925179,3
3766,5.505230102002133,6.326130956710794,0.8209008547086611,9
3767,5.38727754234388,6.326130956710794,0.938853414366914,6
3768,5.618123534183971,6.326130956710794,0.7080074225268236,4
3769,5.4727119668089665,6.326130956710794,0.8534189899018276,2
3770,5.499644122807858,6.326130956710794,0.8264868339029361,8
3771,5.9776370615250345,4.354108439147401,-1.6235286223776333,3
3772,5.97045183513823,4.354108439147401,-1.616343395990829,6
3773,5.952328676569044,4.354108439147401,-1.5982202374216428,9
3774,5.971666694584852,4.354108439147401,-1.6175582554374506,8
3775,5.985087718156825,4.354108439147401,-1.6309792790094235,5
3776,6.040110521416755,4.354108439147401,-1.6860020822693542,1
3777,5.983648514657216,4.354108439147401,-1.6295400755098148,2
3778,6.013441357834115,4.354108439147401,-1.6593329186867134,7
3779,5.9582683205282585,4.354108439147401,-1.6041598813808573,10
3780,5.9011140956316215,6.396722278503773,0.4956081828721519,5
3781,5.885848893604851,6.396722278503773,0.5108733848989226,10
3782,5.891587772374072,6.396722278503773,0.5051345061297017,9
3783,5.970474412556991,6.396722278503773,0.42624786594678277,4
3784,5.973329840252009,6.396722278503773,0.4233924382517644,7
3785,5.910705399079703,6.396722278503773,0.4860168794240707,6
3786,5.947613227078596,6.396722278503773,0.449109051425177,8
3787,5.9348422703300985,6.396722278503773,0.4618800081736749,3
3788,5.901387885679061,6.396722278503773,0.49533439282471203,1
3789,5.819299916806286,5.619093330626742,-0.20020658617954368,8
3790,5.8769153523529685,5.619093330626742,-0.25782202172622615,7
3791,5.8690680537101,5.619093330626742,-0.24997472308335755,2
3792,5.819378011827993,5.619093330626742,-0.20028468120125087,3
3793,5.848393253571437,5.619093330626742,-0.22929992294469503,5
3794,5.821374841165275,5.619093330626742,-0.2022815105385325,4
3795,5.845030954446758,5.619093330626742,-0.22593762382001525,10
3796,5.819391612192926,5.619093330626742,-0.2002982815661838,9
3797,6.0781509500747095,5.619093330626742,-0.4590576194479672,1
3798,4.649865838477973,3.6989700043360174,-0.950895834141956,8
3799,4.827831281685788,3.6989700043360174,-1.1288612773497708,3
3800,4.668037766493347,3.6989700043360174,-0.9690677621573296,5
3801,4.649785053550632,3.6989700043360174,-0.9508150492146146,4
3802,4.6509025376058615,3.6989700043360174,-0.9519325332698441,6
3803,4.65589777026559,3.6989700043360174,-0.956927765929573,7
3804,4.676705217067932,3.6989700043360174,-0.9777352127319143,9
3805,4.761089424493206,3.6989700043360174,-1.0621194201571886,2
3806,4.663475126221843,3.6989700043360174,-0.9645051218858254,10
3807,5.733125787846482,5.766784515497859,0.03365872765137734,7
3808,5.742551972173565,5.766784515497859,0.024232543324293587,5
3809,5.706260653183364,5.766784515497859,0.06052386231449525,10
3810,5.740626432717435,5.766784515497859,0.026158082780423975,3
3811,5.707825875202851,5.766784515497859,0.05895864029500775,2
3812,5.749192416858012,5.766784515497859,0.01759209863984701,8
3813,5.718607460390632,5.766784515497859,0.04817705510722714,6
3814,5.672750592889977,5.766784515497859,0.09403392260788213,9
3815,5.755510546276984,5.766784515497859,0.011273969220875202,1
3816,6.176780437508928,6.474755154291798,0.29797471678287035,1
3817,6.191225183181932,6.474755154291798,0.283529971109866,10
3818,6.059124773257367,6.474755154291798,0.41563038103443084,4
3819,6.160427392125309,6.474755154291798,0.3143277621664886,8
3820,6.1977436108078985,6.474755154291798,0.27701154348389956,6
3821,6.198110378690146,6.474755154291798,0.27664477560165235,9
3822,6.146402740421721,6.474755154291798,0.32835241387007663,3
3823,6.183628593054365,6.474755154291798,0.29112656123743275,2
3824,6.14169969330293,6.474755154291798,0.3330554609888683,7
3825,5.477905951395475,5.643452676486188,0.16554672509071278,7
3826,5.478614368985403,5.643452676486188,0.16483830750078443,8
3827,5.443843526739574,5.643452676486188,0.19960914974661392,4
3828,5.5819424581248445,5.643452676486188,0.061510218361343405,3
3829,5.443715528679857,5.643452676486188,0.19973714780633056,10
3830,5.4433830278666555,5.643452676486188,0.20006964861953236,9
3831,5.443667499994765,5.643452676486188,0.1997851764914227,6
3832,5.443749852150047,5.643452676486188,0.19970282433614095,5
3833,5.684190691893129,5.643452676486188,-0.040738015406940775,2
3834,6.253586513586323,6.453318340047038,0.19973182646071486,8
3835,6.298920184636639,6.453318340047038,0.1543981554103988,6
3836,6.253216041862476,6.453318340047038,0.2001022981845617,3
3837,6.253254372339255,6.453318340047038,0.20006396770778334,10
3838,6.253402303264831,6.453318340047038,0.1999160367822066,5
3839,6.270750537170226,6.453318340047038,0.18256780287681185,9
3840,6.225111135003528,6.453318340047038,0.22820720504350955,4
3841,6.253352562544809,6.453318340047038,0.19996577750222855,1
3842,6.253410814478089,6.453318340047038,0.19990752556894886,7
3843,5.912658318490877,4.764176132390331,-1.148482186100546,9
3844,5.934836022312385,4.764176132390331,-1.170659889922054,1
3845,5.906486443552196,4.764176132390331,-1.1423103111618653,3
3846,5.892633274432253,4.764176132390331,-1.1284571420419223,5
3847,5.90998623297738,4.764176132390331,-1.145810100587049,7
3848,5.851006121146723,4.764176132390331,-1.0868299887563921,4
3849,5.939606429974762,4.764176132390331,-1.1754302975844313,6
3850,5.9271278747783,4.764176132390331,-1.1629517423879694,10
3851,5.928473152631416,4.764176132390331,-1.1642970202410856,8
3852,5.812206066475148,6.227115082589125,0.41490901611397746,7
3853,5.797090573170621,6.227115082589125,0.43002450941850423,9
3854,5.788192662491658,6.227115082589125,0.43892242009746685,1
3855,5.886078021107026,6.227115082589125,0.34103706148209945,10
3856,5.706822385655767,6.227115082589125,0.5202926969333586,6
3857,5.766995992088668,6.227115082589125,0.4601190905004575,8
3858,5.775489900567189,6.227115082589125,0.45162518202193613,3
3859,5.841134111126633,6.227115082589125,0.38598097146249266,5
3860,5.8919773869124406,6.227115082589125,0.3351376956766847,2
3861,6.2050586434015385,6.039255443806487,-0.16580319959505108,5
3862,6.094632450240995,6.039255443806487,-0.05537700643450805,7
3863,6.135664385839579,6.039255443806487,-0.0964089420330918,4
3864,6.078424079969247,6.039255443806487,-0.039168636162759896,8
3865,6.112196755093797,6.039255443806487,-0.07294131128730985,6
3866,6.239575728426358,6.039255443806487,-0.2003202846198704,1
3867,6.0588411447896995,6.039255443806487,-0.019585700983212107,9
3868,6.239582784978187,6.039255443806487,-0.20032734117169948,10
3869,6.181189137435711,6.039255443806487,-0.14193369362922326,3
3870,5.792712132585431,6.079181246047625,0.2864691134621937,2
3871,5.7178192020072895,6.079181246047625,0.36136204404033556,7
3872,5.666639333972806,6.079181246047625,0.4125419120748193,6
3873,5.647945132856089,6.079181246047625,0.4312361131915363,9
3874,5.735931573546013,6.079181246047625,0.34324967250161187,1
3875,5.71571253894712,6.079181246047625,0.3634687071005054,8
3876,5.767468427836385,6.079181246047625,0.3117128182112401,5
3877,5.7787693956304205,6.079181246047625,0.30041185041720464,10
3878,5.727339178412972,6.079181246047625,0.351842067634653,3
3879,6.122150564484547,6.387211800313731,0.26506123582918395,6
3880,6.122017746018362,6.387211800313731,0.26519405429536835,4
3881,6.122244202397845,6.387211800313731,0.2649675979158852,9
3882,6.122135878634647,6.387211800313731,0.26507592167908367,5
3883,6.11949045486673,6.387211800313731,0.26772134544700066,7
3884,6.122228248097882,6.387211800313731,0.264983552215849,1
3885,6.121885810579938,6.387211800313731,0.2653259897337925,10
3886,6.121888310968959,6.387211800313731,0.26532348934477135,2
3887,6.091690406208019,6.387211800313731,0.29552139410571154,3
3888,5.774667412155881,5.575072325713813,-0.19959508644206814,3
3889,5.774742351688063,5.575072325713813,-0.19967002597425054,8
3890,5.824299041285247,5.575072325713813,-0.24922671557143428,10
3891,5.883943493701238,5.575072325713813,-0.30887116798742476,2
3892,5.790734115217469,5.575072325713813,-0.2156617895036561,4
3893,5.786441970836095,5.575072325713813,-0.21136964512228218,9
3894,5.81780013656305,5.575072325713813,-0.242727810849237,5
3895,5.8430700963686215,5.575072325713813,-0.2679977706548087,7
3896,5.77494489563905,5.575072325713813,-0.19987256992523683,6
3897,5.9703118293977,6.539076098792776,0.5687642693950758,7
3898,5.944138564454131,6.539076098792776,0.5949375343386452,4
3899,5.9620244676649,6.539076098792776,0.5770516311278762,9
3900,6.00921336645533,6.539076098792776,0.5298627323374463,8
3901,5.960430173095818,6.539076098792776,0.578645925696958,6
3902,5.968904719312502,6.539076098792776,0.5701713794802741,5
3903,5.905481224871038,6.539076098792776,0.6335948739217381,3
3904,5.957139860287633,6.539076098792776,0.5819362385051434,2
3905,5.973776138162625,6.539076098792776,0.565299960630151,10
3906,6.056995161457076,6.008600171761918,-0.048394989695157875,3
3907,6.096299652019964,6.008600171761918,-0.08769948025804641,8
3908,6.072457544224576,6.008600171761918,-0.06385737246265766,2
3909,6.083015504376385,6.008600171761918,-0.07441533261446676,10
3910,6.2088520733817,6.008600171761918,-0.20025190161978212,9
3911,6.050380847647293,6.008600171761918,-0.04178067588537537,4
3912,6.0488307605310085,6.008600171761918,-0.04023058876909058,1
3913,5.95239377946868,6.008600171761918,0.056206392293238316,5
3914,6.084774339922787,6.008600171761918,-0.0761741681608692,7
3915,6.164967607337599,6.113943352306837,-0.0510242550307618,10
3916,6.149119807393437,6.113943352306837,-0.03517645508660028,8
3917,6.142855444247025,6.113943352306837,-0.028912091940187956,7
3918,6.10037695936585,6.113943352306837,0.01356639294098727,1
3919,6.167195942114323,6.113943352306837,-0.05325258980748604,3
3920,6.152919414804365,6.113943352306837,-0.03897606249752794,2
3921,6.291815120257967,6.113943352306837,-0.1778717679511299,9
3922,6.037051923081509,6.113943352306837,0.07689142922532799,5
3923,5.92549465349597,6.113943352306837,0.18844869881086712,6
3924,6.022736899450716,6.222456336679247,0.19971943722853158,2
3925,6.022491569679965,6.222456336679247,0.19996476699928234,9
3926,6.02235120281757,6.222456336679247,0.20010513386167705,10
3927,6.022200508462497,6.222456336679247,0.2002558282167506,1
3928,6.02231134390441,6.222456336679247,0.20014499277483733,7
3929,6.022579935697983,6.222456336679247,0.1998764009812648,4
3930,6.0224594633433925,6.222456336679247,0.1999968733358548,8
3931,6.022052866075755,6.222456336679247,0.20040347060349273,3
3932,6.022705728774595,6.222456336679247,0.1997506079046527,5
3933,6.050569974825011,5.276461804173244,-0.7741081706517674,10
3934,5.875384192821152,5.276461804173244,-0.5989223886479085,6
3935,6.1269834396610845,5.276461804173244,-0.8505216354878407,3
3936,5.932780340561638,5.276461804173244,-0.6563185363883939,5
3937,6.110320169106736,5.276461804173244,-0.8338583649334925,4
3938,6.0434441597324575,5.276461804173244,-0.7669823555592137,7
3939,6.168041072492517,5.276461804173244,-0.8915792683192736,2
3940,6.134298266795644,5.276461804173244,-0.8578364626223998,8
3941,6.066077190010937,5.276461804173244,-0.7896153858376929,1
3942,6.5012938658391946,6.301029995663981,-0.2002638701752133,9
3943,6.368293096382512,6.301029995663981,-0.06726310071853092,8
3944,6.393370782208687,6.301029995663981,-0.0923407865447059,10
3945,6.101422794763904,6.301029995663981,0.19960720090007733,6
3946,6.368455796262747,6.301029995663981,-0.06742580059876602,2
3947,6.3854288274964555,6.301029995663981,-0.08439883183247421,7
3948,6.375835079449897,6.301029995663981,-0.07480508378591555,3
3949,6.364541914070758,6.301029995663981,-0.0635119184067765,4
3950,6.2385967922556205,6.301029995663981,0.06243320340836078,5
3951,5.4749417415374175,5.275103949569196,-0.19983779196822127,10
3952,5.475416813143373,5.275103949569196,-0.20031286357417688,6
3953,5.475557126614888,5.275103949569196,-0.20045317704569143,3
3954,5.4752692143606,5.275103949569196,-0.20016526479140406,5
3955,5.4750306765241765,5.275103949569196,-0.19992672695498026,7
3956,5.475438682292084,5.275103949569196,-0.2003347327228875,8
3957,5.4754379501095025,5.275103949569196,-0.20033400054030626,1
3958,5.474929227263076,5.275103949569196,-0.19982527769388003,4
3959,5.475375820114454,5.275103949569196,-0.20027187054525797,9
3960,6.616437783703609,6.884795363948981,0.2683575802453717,8
3961,6.462401987815809,6.884795363948981,0.4223933761331713,10
3962,6.547303810058298,6.884795363948981,0.33749155389068264,1
3963,6.5611681948422715,6.884795363948981,0.3236271691067092,4
3964,6.503894478070707,6.884795363948981,0.3809008858782734,2
3965,6.443958807383663,6.884795363948981,0.4408365565653174,6
3966,6.61417728771948,6.884795363948981,0.27061807622950074,9
3967,6.559012694938376,6.884795363948981,0.3257826690106045,7
3968,6.5054006036911325,6.884795363948981,0.37939476025784824,3
3969,6.6494385015990884,6.849419413796899,0.19998091219781067,3
3970,6.649439112276022,6.849419413796899,0.19998030152087676,6
3971,6.649209638415505,6.849419413796899,0.20020977538139384,4
3972,6.64928155709748,6.849419413796899,0.20013785669941875,5
3973,6.649496213079462,6.849419413796899,0.1999232007174374,1
3974,6.649203084034922,6.849419413796899,0.200216329761977,7
3975,6.649085119517255,6.849419413796899,0.200334294279644,2
3976,6.649137238916228,6.849419413796899,0.20028217488067135,8
3977,6.6493689782462,6.849419413796899,0.20005043555069868,10
3978,6.514807382067035,6.7979596437371965,0.2831522616701614,9
3979,6.5158239340152955,6.7979596437371965,0.28213570972190105,8
3980,6.546199312504395,6.7979596437371965,0.25176033123280117,10
3981,6.547839034556757,6.7979596437371965,0.2501206091804393,6
3982,6.525148353414213,6.7979596437371965,0.27281129032298335,2
3983,6.50782457587929,6.7979596437371965,0.2901350678579062,3
3984,6.529179627100552,6.7979596437371965,0.2687800166366445,7
3985,6.597570340545593,6.7979596437371965,0.20038930319160375,1
3986,6.50717380841218,6.7979596437371965,0.2907858353250168,4
3987,6.484629363482365,7.505149978319906,1.0205206148375412,1
3988,6.4848798784951684,7.505149978319906,1.0202700998247378,2
3989,6.484795225035469,7.505149978319906,1.0203547532844377,4
3990,6.484820659344272,7.505149978319906,1.0203293189756346,10
3991,6.484954211489399,7.505149978319906,1.0201957668305068,5
3992,6.484634292149157,7.505149978319906,1.0205156861707492,6
3993,6.484545871968998,7.505149978319906,1.0206041063509081,3
3994,6.738627269003237,7.505149978319906,0.7665227093166695,9
3995,6.484820021244923,7.505149978319906,1.020329957074983,7
3996,6.353131637205558,6.517723594833735,0.16459195762817735,3
3997,6.331168123207348,6.517723594833735,0.18655547162638708,1
3998,6.320967394816984,6.517723594833735,0.19675620001675131,9
3999,6.36101765474825,6.517723594833735,0.15670594008548555,5
4000,6.31737075784631,6.517723594833735,0.20035283698742568,6
4001,6.34582610744933,6.517723594833735,0.17189748738440525,10
4002,6.391361686446595,6.517723594833735,0.1263619083871399,2
4003,6.343589086710278,6.517723594833735,0.17413450812345754,8
4004,6.424726235475676,6.517723594833735,0.0929973593580593,4
4005,6.434913451062433,6.6349808000512285,0.20006734898879586,8
4006,6.434584253393169,6.6349808000512285,0.20039654665805973,10
4007,6.434586074281222,6.6349808000512285,0.20039472577000605,9
4008,6.398905856160329,6.6349808000512285,0.2360749438908991,7
4009,6.432713044545594,6.6349808000512285,0.20226775550563492,4
4010,6.4069106932332875,6.6349808000512285,0.22807010681794093,5
4011,6.435503825929025,6.6349808000512285,0.1994769741222031,3
4012,6.415673402318739,6.6349808000512285,0.2193073977324893,1
4013,6.434908870645607,6.6349808000512285,0.20007192940562124,2
4014,6.516234868737181,6.6452748593294935,0.12903999059231275,5
4015,6.577653059291065,6.6452748593294935,0.06762180003842833,1
4016,6.515703144354086,6.6452748593294935,0.1295717149754072,7
4017,6.529865839356102,6.6452748593294935,0.11540901997339148,4
4018,6.515752552560143,6.6452748593294935,0.12952230676935006,3
4019,6.515833623074344,6.6452748593294935,0.12944123625514958,9
4020,6.521412021724121,6.6452748593294935,0.12386283760537253,10
4021,6.46121776110003,6.6452748593294935,0.1840570982294638,2
4022,6.5162173762478846,6.6452748593294935,0.12905748308160891,8
4023,5.600946741558267,6.270678836144707,0.6697320945864398,9
4024,5.796124182128844,6.270678836144707,0.4745546540158623,5
4025,5.699166972605474,6.270678836144707,0.5715118635392322,3
4026,5.7487774773847615,6.270678836144707,0.521901358759945,6
4027,5.297467256499523,6.270678836144707,0.9732115796451835,7
4028,5.686406134144294,6.270678836144707,0.5842727020004128,10
4029,5.58989400498078,6.270678836144707,0.6807848311639262,1
4030,5.661376026663272,6.270678836144707,0.6093028094814343,2
4031,5.733264061102844,6.270678836144707,0.5374147750418627,8
4032,6.584721296346823,6.024895960107485,-0.5598253362393377,10
4033,6.5061379068921115,6.024895960107485,-0.4812419467846265,4
4034,6.528775885818927,6.024895960107485,-0.5038799257114421,9
4035,6.511108088511189,6.024895960107485,-0.48621212840370376,7
4036,6.5590473105348925,6.024895960107485,-0.5341513504274076,3
4037,6.5832396626024945,6.024895960107485,-0.5583437024950095,8
4038,6.551797088150301,6.024895960107485,-0.526901128042816,5
4039,6.605548607681177,6.024895960107485,-0.5806526475736922,1
4040,6.536937249249152,6.024895960107485,-0.512041289141667,2
4041,6.4765916063757825,7.385606273598312,0.9090146672225297,9
4042,6.5461320162028045,7.385606273598312,0.8394742573955076,10
4043,6.579852270983659,7.385606273598312,0.8057540026146528,1
4044,6.5149780999749805,7.385606273598312,0.8706281736233317,3
4045,6.572279455935979,7.385606273598312,0.8133268176623334,6
4046,6.549808790548358,7.385606273598312,0.8357974830499542,8
4047,6.486842220024556,7.385606273598312,0.898764053573756,4
4048,6.521447094742784,7.385606273598312,0.8641591788555285,5
4049,6.475526823597189,7.385606273598312,0.9100794500011231,2
4050,6.50717380841218,6.284453294010853,-0.22272051440132667,4
4051,6.547839034556757,6.284453294010853,-0.26338574054590413,6
4052,6.525148353414213,6.284453294010853,-0.2406950594033601,2
4053,6.529179627100552,6.284453294010853,-0.24472633308969893,7
4054,6.514807382067035,6.284453294010853,-0.23035408805618207,9
4055,6.50782457587929,6.284453294010853,-0.22337128186843724,3
4056,6.484156070060163,6.284453294010853,-0.19970277604930953,5
4057,6.546199312504395,6.284453294010853,-0.2617460184935423,10
4058,6.5158239340152955,6.284453294010853,-0.2313706400044424,8
4059,6.571498025952374,6.501059262217751,-0.07043876373462243,5
4060,6.584556285574008,6.501059262217751,-0.08349702335625686,7
4061,6.573415573905267,6.501059262217751,-0.07235631168751588,3
4062,6.599058573006208,6.501059262217751,-0.09799931078845692,6
4063,6.5785212759476694,6.501059262217751,-0.07746201372991823,8
4064,6.519145858240501,6.501059262217751,-0.018086596022749646,9
4065,6.58315810340874,6.501059262217751,-0.08209884119098909,4
4066,6.605391465070826,6.501059262217751,-0.1043322028530751,1
4067,6.571908282586073,6.501059262217751,-0.07084902036832208,10
4068,6.300814608776045,6.501059262217751,0.2002446534417066,7
4069,6.300921840470869,6.501059262217751,0.20013742174688254,2
4070,6.3519520247501156,6.501059262217751,0.14910723746763566,1
4071,6.300967733135828,6.501059262217751,0.20009152908192362,5
4072,6.300762166570952,6.501059262217751,0.20029709564679887,4
4073,6.331481099906601,6.501059262217751,0.16957816231114986,8
4074,6.300588155388009,6.501059262217751,0.20047110682974179,6
4075,6.307372758290924,6.501059262217751,0.19368650392682696,10
4076,6.301101010061276,6.501059262217751,0.1999582521564749,3
4077,6.515703144354086,6.7160033436348,0.20030019928071408,7
4078,6.515833623074344,6.7160033436348,0.20016972056045645,9
4079,6.5162173762478846,6.7160033436348,0.19978596738691579,8
4080,6.521412021724121,6.7160033436348,0.1945913219106794,10
4081,6.577653059291065,6.7160033436348,0.1383502843437352,1
4082,6.516234868737181,6.7160033436348,0.19976847489761962,5
4083,6.515752552560143,6.7160033436348,0.20025079107465693,3
4084,6.529865839356102,6.7160033436348,0.18613750427869835,4
4085,6.537083657496763,6.7160033436348,0.17891968613803755,6
4086,6.4676730949991885,6.3979400086720375,-0.06973308632715103,10
4087,6.540795835008556,6.3979400086720375,-0.14285582633651828,3
4088,6.521142559522442,6.3979400086720375,-0.12320255085040444,5
4089,6.511629992384234,6.3979400086720375,-0.11368998371219607,9
4090,6.505897398021879,6.3979400086720375,-0.10795738934984112,4
4091,6.507118734239981,6.3979400086720375,-0.1091787255679435,8
4092,6.526395943406544,6.3979400086720375,-0.12845593473450645,1
4093,6.508888565483925,6.3979400086720375,-0.11094855681188776,2
4094,6.489707259433326,6.3979400086720375,-0.09176725076128811,6
4095,6.447999341920994,6.2716557723522754,-0.17634356956871855,4
4096,6.451938812773161,6.2716557723522754,-0.1802830404208855,8
4097,6.451556092738429,6.2716557723522754,-0.1799003203861531,7
4098,6.437976479278521,6.2716557723522754,-0.16632070692624534,2
4099,6.445873737929493,6.2716557723522754,-0.1742179655772178,9
4100,6.458445274178368,6.2716557723522754,-0.18678950182609277,5
4101,6.412752576622318,6.2716557723522754,-0.14109680427004268,6
4102,6.4381795355234726,6.2716557723522754,-0.1665237631711971,3
4103,6.47183571025612,6.2716557723522754,-0.2001799379038447,1
4104,6.298954181728073,6.269512944217916,-0.029441237510156704,6
4105,6.283078113190344,6.269512944217916,-0.013565168972427877,5
4106,6.273277367685438,6.269512944217916,-0.0037644234675218158,3
4107,6.469860476760664,6.269512944217916,-0.2003475325427475,2
4108,6.281702051194141,6.269512944217916,-0.01218910697622455,10
4109,6.328922172421852,6.269512944217916,-0.05940922820393624,1
4110,6.262049935618237,6.269512944217916,0.007463008599678744,8
4111,6.280587335681503,6.269512944217916,-0.011074391463586686,9
4112,6.292435898900119,6.269512944217916,-0.022922954682202956,4
4113,6.223836883827988,6.32221929473392,0.09838241090593236,9
4114,6.180345207539122,6.32221929473392,0.14187408719479855,2
4115,6.263308009436116,6.32221929473392,0.058911285297804206,8
4116,6.220386190400905,6.32221929473392,0.10183310433301518,3
4117,6.252753536431643,6.32221929473392,0.06946575830227708,7
4118,6.26901674152513,6.32221929473392,0.053202553208790526,5
4119,6.156836438085533,6.32221929473392,0.16538285664838703,1
4120,6.275093932780932,6.32221929473392,0.047125361952988776,4
4121,6.28950218115301,6.32221929473392,0.032717113580910784,10
4122,6.2065555911396535,5.337459261290656,-0.8690963298489978,9
4123,6.256197526886909,5.337459261290656,-0.9187382655962537,6
4124,6.229265843008202,5.337459261290656,-0.891806581717546,8
4125,6.245142305171766,5.337459261290656,-0.9076830438811099,2
4126,6.2691552938631645,5.337459261290656,-0.9316960325725088,10
4127,6.253056505925709,5.337459261290656,-0.9155972446350535,5
4128,6.180553017684002,5.337459261290656,-0.8430937563933458,1
4129,6.113682236049297,5.337459261290656,-0.7762229747586415,3
4130,6.203838833835955,5.337459261290656,-0.8663795725452994,7
4131,6.532612414925627,6.755874855672492,0.22326244074686574,9
4132,6.556130651260697,6.755874855672492,0.19974420441179497,1
4133,6.555907420676608,6.755874855672492,0.19996743499588465,7
4134,6.556137365208194,6.755874855672492,0.19973749046429834,4
4135,6.555990686100545,6.755874855672492,0.19988416957194755,3
4136,6.550344583201194,6.755874855672492,0.2055302724712984,6
4137,6.558390533177141,6.755874855672492,0.19748432249535153,5
4138,6.52121303171168,6.755874855672492,0.23466182396081248,2
4139,6.556191608813303,6.755874855672492,0.19968324685918937,8
4140,6.556130651260697,6.596047007545439,0.039916356284741994,1
4141,6.532612414925627,6.596047007545439,0.06343459261981277,9
4142,6.556137365208194,6.596047007545439,0.039909642337245366,4
4143,6.52121303171168,6.596047007545439,0.0748339758337595,2
4144,6.498759801817502,6.596047007545439,0.09728720572793748,10
4145,6.555990686100545,6.596047007545439,0.04005632144489457,3
4146,6.558390533177141,6.596047007545439,0.037656474368298554,5
4147,6.556191608813303,6.596047007545439,0.03985539873213639,8
4148,6.550344583201194,6.596047007545439,0.04570242434424543,6
4149,6.408245904500005,6.372912002970106,-0.03533390152989835,5
4150,6.360760386560427,6.372912002970106,0.0121516164096791,10
4151,6.3784102106275125,6.372912002970106,-0.005498207657406162,3
4152,6.387854544226743,6.372912002970106,-0.01494254125663641,8
4153,6.401453251936784,6.372912002970106,-0.02854124896667809,7
4154,6.385527604102956,6.372912002970106,-0.012615601132849541,6
4155,6.373491893592551,6.372912002970106,-0.0005798906224443456,9
4156,6.452638905403807,6.372912002970106,-0.07972690243370106,1
4157,6.337909343469556,6.372912002970106,0.03500265950055059,2
4158,6.331584221475342,4.484299839346786,-1.8472843821285565,4
4159,6.323291225385527,4.484299839346786,-1.8389913860387415,5
4160,6.28789663872136,4.484299839346786,-1.8035967993745743,3
4161,6.248188467406438,4.484299839346786,-1.763888628059652,2
4162,6.254646708255756,4.484299839346786,-1.7703468689089705,10
4163,6.284107791457547,4.484299839346786,-1.7998079521107613,9
4164,6.297441056336304,4.484299839346786,-1.8131412169895178,8
4165,6.312879954691979,4.484299839346786,-1.8285801153451935,7
4166,6.293878071907789,4.484299839346786,-1.8095782325610035,6
4167,6.379781050154873,6.227886704613674,-0.15189434554119874,8
4168,6.333780030214362,6.227886704613674,-0.10589332560068776,4
4169,6.310759620415553,6.227886704613674,-0.08287291580187883,10
4170,6.352113111086021,6.227886704613674,-0.1242264064723475,7
4171,6.3485806006718,6.227886704613674,-0.12069389605812653,2
4172,6.268997128796628,6.227886704613674,-0.0411104241829543,1
4173,6.328047877328888,6.227886704613674,-0.10016117271521452,6
4174,6.3281415624337205,6.227886704613674,-0.10025485782004662,3
4175,6.337735828847771,6.227886704613674,-0.10984912423409732,5
4176,5.97120422191365,6.477121254719663,0.5059170328060123,9
4177,6.066344546489114,6.477121254719663,0.41077670823054824,8
4178,6.104233316871241,6.477121254719663,0.37288793784842156,6
4179,5.81731413910623,6.477121254719663,0.6598071156134324,7
4180,6.040538142906184,6.477121254719663,0.4365831118134782,4
4181,6.094533070015235,6.477121254719663,0.3825881847044279,5
4182,6.049773316785988,6.477121254719663,0.42734793793367487,10
4183,5.920414132304585,6.477121254719663,0.5567071224150775,1
4184,6.045409214892331,6.477121254719663,0.43171203982733175,3
4185,5.8064764119200305,6.079181246047625,0.2727048341275946,3
4186,5.8572432352056065,6.079181246047625,0.22193801084201858,10
4187,5.764696786487535,6.079181246047625,0.31448445956008975,2
4188,5.843836328779974,6.079181246047625,0.23534491726765072,9
4189,5.831466997013916,6.079181246047625,0.24771424903370942,5
4190,5.860750285110322,6.079181246047625,0.21843096093730274,1
4191,5.825384064483226,6.079181246047625,0.2537971815643987,4
4192,5.867005866066689,6.079181246047625,0.21217537998093583,7
4193,5.862021312071253,6.079181246047625,0.21715993397637234,8
4194,6.2179279964285765,6.3979400086720375,0.18001201224346097,8
4195,6.262146831726008,6.3979400086720375,0.13579317694602988,3
4196,6.262273803703846,6.3979400086720375,0.13566620496819137,9
4197,6.19752855706815,6.3979400086720375,0.2004114516038875,7
4198,6.197881369814637,6.3979400086720375,0.20005863885740016,2
4199,6.2233596896865375,6.3979400086720375,0.17458031898549997,4
4200,6.197850742475516,6.3979400086720375,0.2000892661965219,6
4201,6.19780670409605,6.3979400086720375,0.20013330457598766,1
4202,6.215129856360934,6.3979400086720375,0.1828101523111032,5
4203,4.943071843053475,4.742725131304698,-0.20034671174877694,10
4204,4.85658964167543,4.742725131304698,-0.11386451037073186,7
4205,4.942911790336191,4.742725131304698,-0.2001866590314929,9
4206,4.973280488240275,4.742725131304698,-0.23055535693557694,1
4207,4.943178615486421,4.742725131304698,-0.2004534841817227,8
4208,4.879659993227408,4.742725131304698,-0.1369348619227102,2
4209,4.919126416088421,4.742725131304698,-0.17640128478372308,3
4210,4.941100488540693,4.742725131304698,-0.19837535723599498,4
4211,4.942308362363463,4.742725131304698,-0.19958323105876552,6
4212,6.1898870394135255,6.278753600952829,0.08886656153930339,3
4213,6.226345895106063,6.278753600952829,0.05240770584676557,1
4214,6.165297514517204,6.278753600952829,0.1134560864356251,10
4215,6.158007779546566,6.278753600952829,0.12074582140626244,2
4216,6.186570332325321,6.278753600952829,0.09218326862750814,6
4217,6.164126654670976,6.278753600952829,0.11462694628185321,7
4218,6.142991253206549,6.278753600952829,0.1357623477462795,5
4219,6.2178562671940405,6.278753600952829,0.06089733375878836,9
4220,6.147436324614949,6.278753600952829,0.13131727633787982,8
4221,6.180063480282591,6.380211241711606,0.20014776142901525,3
4222,6.180042460620676,6.380211241711606,0.20016878109093028,1
4223,6.057611963201135,6.380211241711606,0.322599278510471,7
4224,6.192054922693373,6.380211241711606,0.18815631901823338,8
4225,6.039611026201386,6.380211241711606,0.34060021551022057,10
4226,6.181328388600922,6.380211241711606,0.19888285311068454,4
4227,6.180202920827674,6.380211241711606,0.20000832088393228,2
4228,6.2043758243123275,6.380211241711606,0.17583541739927888,6
4229,6.051803313799052,6.380211241711606,0.32840792791255424,5
4230,6.312642135005117,5.4446692309385245,-0.8679729040665922,4
4231,6.233584289644201,5.4446692309385245,-0.7889150587056761,1
4232,6.228862954141739,5.4446692309385245,-0.7841937232032148,6
4233,6.3304756945353216,5.4446692309385245,-0.885806463596797,7
4234,6.238403355472494,5.4446692309385245,-0.7937341245339695,9
4235,6.213350726635523,5.4446692309385245,-0.7686814956969981,10
4236,6.256951818855071,5.4446692309385245,-0.8122825879165463,3
4237,6.215606414488827,5.4446692309385245,-0.770937183550302,5
4238,6.268237929934259,5.4446692309385245,-0.8235686989957349,2
4239,6.23717827973224,6.43695733066945,0.1997790509372095,6
4240,6.236710675793057,6.43695733066945,0.20024665487639304,7
4241,6.236966989671973,6.43695733066945,0.19999034099747703,8
4242,6.236931519384785,6.43695733066945,0.20002581128466446,9
4243,6.236868852123314,6.43695733066945,0.2000884785461352,4
4244,6.2367504802414,6.43695733066945,0.20020685042804942,5
4245,6.236646870984088,6.43695733066945,0.20031045968536176,2
4246,6.2369281473077525,6.43695733066945,0.20002918336169717,10
4247,6.23695794937288,6.43695733066945,0.19999938129656947,3
4248,6.27668117125024,6.063145637106638,-0.2135355341436016,1
4249,6.263503333714944,6.063145637106638,-0.2003576966083056,6
4250,6.264595600107546,6.063145637106638,-0.20144996300090767,7
4251,6.263021142112876,6.063145637106638,-0.19987550500623819,8
4252,6.263587225691044,6.063145637106638,-0.20044158858440575,10
4253,6.26352154907295,6.063145637106638,-0.20037591196631155,2
4254,6.26351192687166,6.063145637106638,-0.20036628976502158,4
4255,6.262959551637428,6.063145637106638,-0.19981391453078956,3
4256,6.26954746677306,6.063145637106638,-0.2064018296664223,5
4257,6.301712748722509,6.442479769064448,0.1407670203419391,7
4258,6.242366916694265,6.442479769064448,0.20011285237018317,1
4259,6.257038522775366,6.442479769064448,0.18544124628908243,6
4260,6.26532744703486,6.442479769064448,0.1771523220295883,10
4261,6.3056468219642,6.442479769064448,0.13683294710024807,2
4262,6.276732194462887,6.442479769064448,0.16574757460156153,4
4263,6.282630674255901,6.442479769064448,0.15984909480854714,5
4264,6.277041638054348,6.442479769064448,0.16543813101010052,3
4265,6.327115910454468,6.442479769064448,0.11536385860997989,9
4266,6.233485208384011,6.645324001562293,0.41183879317828165,8
4267,6.229675645534703,6.645324001562293,0.41564835602758965,5
4268,6.2197177378436725,6.645324001562293,0.4256062637186204,1
4269,6.267372463407525,6.645324001562293,0.37795153815476823,4
4270,6.247345055109797,6.645324001562293,0.3979789464524961,3
4271,6.235948584530112,6.645324001562293,0.40937541703218105,7
4272,6.357141779876842,6.645324001562293,0.28818222168545127,9
4273,6.183486505286292,6.645324001562293,0.4618374962760008,2
4274,6.245880879673454,6.645324001562293,0.39944312188883924,6
4275,5.945946211218327,5.373500477967874,-0.5724457332504524,3
4276,5.930234536434478,5.373500477967874,-0.5567340584666036,4
4277,6.020663910073299,5.373500477967874,-0.6471634321054252,5
4278,5.962805847022976,5.373500477967874,-0.5893053690551016,6
4279,6.052760572478342,5.373500477967874,-0.6792600945104681,8
4280,6.091806001572833,5.373500477967874,-0.7183055236049585,1
4281,5.959241367552,5.373500477967874,-0.5857408895841258,9
4282,6.060806329150717,5.373500477967874,-0.6873058511828427,10
4283,5.971619815171237,5.373500477967874,-0.5981193372033626,2
4284,6.083208994659061,6.477121254719663,0.39391226006060176,9
4285,6.104940358744667,6.477121254719663,0.3721808959749957,2
4286,6.175340706376193,6.477121254719663,0.30178054834346923,3
4287,6.076587441246496,6.477121254719663,0.4005338134731664,10
4288,6.082342819714266,6.477121254719663,0.39477843500539667,4
4289,6.083798275404217,6.477121254719663,0.393322979315446,5
4290,6.1329256630395035,6.477121254719663,0.3441955916801591,1
4291,6.105044736803771,6.477121254719663,0.37207651791589136,6
4292,6.092183121491198,6.477121254719663,0.3849381332284647,7
4293,5.483651610004639,5.283301228703549,-0.20035038130108962,3
4294,5.576449337764494,5.283301228703549,-0.2931481090609447,7
4295,5.659914734346729,5.283301228703549,-0.37661350564317964,6
4296,5.5025310351598655,5.283301228703549,-0.2192298064563163,10
4297,5.483422364434145,5.283301228703549,-0.20012113573059587,8
4298,5.541790669873308,5.283301228703549,-0.25848944116975847,2
4299,5.557060512483836,5.283301228703549,-0.27375928378028647,5
4300,5.657043000735184,5.283301228703549,-0.37374177203163494,9
4301,5.483531892287702,5.283301228703549,-0.20023066358415242,1
4302,5.09390746065066,6.176091259055681,1.0821837984050218,4
4303,4.988871062676945,6.176091259055681,1.1872201963787363,8
4304,5.195516367804933,6.176091259055681,0.9805748912507486,9
4305,5.119425279334752,6.176091259055681,1.056665979720929,5
4306,5.009182241340607,6.176091259055681,1.1669090177150743,10
4307,5.110915587819606,6.176091259055681,1.0651756712360756,7
4308,5.079382094810113,6.176091259055681,1.096709164245568,2
4309,4.989655803634857,6.176091259055681,1.186435455420824,1
4310,5.297765457095442,6.176091259055681,0.8783258019602389,6
4311,6.068620961121815,6.57978359661681,0.511162635494995,1
4312,6.047266189951257,6.57978359661681,0.5325174066655531,5
4313,6.182582869843983,6.57978359661681,0.3972007267728275,10
4314,6.123336187882457,6.57978359661681,0.45644740873435286,6
4315,6.173849125544529,6.57978359661681,0.405934471072281,7
4316,6.048900580516776,6.57978359661681,0.5308830161000344,3
4317,6.019811430733835,6.57978359661681,0.559972165882975,4
4318,6.132722983984056,6.57978359661681,0.4470606126327539,9
4319,6.167788433270224,6.57978359661681,0.41199516334658615,8
4320,6.111114611972423,5.845098040014257,-0.26601657195816575,10
4321,6.045351437316263,5.845098040014257,-0.20025339730200642,2
4322,6.125024498482628,5.845098040014257,-0.2799264584683714,9
4323,6.045299557535461,5.845098040014257,-0.2002015175212044,5
4324,6.080251838085086,5.845098040014257,-0.23515379807082937,3
4325,6.199434708794584,5.845098040014257,-0.3543366687803271,7
4326,6.054064598362692,5.845098040014257,-0.20896655834843525,4
4327,6.0449000701029325,5.845098040014257,-0.1998020300886756,1
4328,6.1489081149412605,5.845098040014257,-0.3038100749270036,8
4329,5.362254273391462,5.62797998982998,0.26572571643851717,9
4330,5.344631799728211,5.62797998982998,0.28334819010176826,1
4331,5.338530148724195,5.62797998982998,0.2894498411057844,4
4332,5.360212550974945,5.62797998982998,0.2677674388550342,5
4333,5.331221804412637,5.62797998982998,0.29675818541734245,6
4334,5.428468693087785,5.62797998982998,0.1995112967421946,8
4335,5.443601942437971,5.62797998982998,0.18437804739200825,3
4336,5.3262272491829075,5.62797998982998,0.30175274064707214,10
4337,5.335906305895558,5.62797998982998,0.29207368393442135,7
4338,5.962868911047202,6.146128035678238,0.18325912463103577,9
4339,5.97303838544364,6.146128035678238,0.17308965023459777,4
4340,5.945954255301212,6.146128035678238,0.2001737803770265,5
4341,5.946438671672079,6.146128035678238,0.19968936400615878,3
4342,5.946306755686095,6.146128035678238,0.19982127999214327,7
4343,5.945898517897554,6.146128035678238,0.20022951778068432,10
4344,5.945944996393431,6.146128035678238,0.2001830392848074,8
4345,5.945807431673323,6.146128035678238,0.20032060400491503,6
4346,5.945829306011047,6.146128035678238,0.20029872966719076,1
4347,5.834884717504855,6.528736777724652,0.6938520602197968,5
4348,5.794525371169095,6.528736777724652,0.7342114065555574,7
4349,6.120093842073713,6.528736777724652,0.40864293565093934,10
4350,5.828863636568269,6.528736777724652,0.6998731411563828,2
4351,5.8219769971759,6.528736777724652,0.7067597805487518,4
4352,5.872283894384942,6.528736777724652,0.6564528833397105,9
4353,5.4334984525402445,6.528736777724652,1.0952383251844076,8
4354,6.011511496903145,6.528736777724652,0.5172252808215072,6
4355,5.834831874877408,6.528736777724652,0.6939049028472439,3
4356,6.193135343665181,6.32221929473392,0.12908395106873982,1
4357,6.182727965871215,6.32221929473392,0.13949132886270554,3
4358,6.2120547230836465,6.32221929473392,0.11016457165027393,2
4359,6.1220647756367566,6.32221929473392,0.20015451909716386,7
4360,6.143290489822964,6.32221929473392,0.17892880491095653,5
4361,6.122043457703754,6.32221929473392,0.20017583703016673,4
4362,6.1467821484347684,6.32221929473392,0.17543714629915197,8
4363,6.122094381413617,6.32221929473392,0.20012491332030358,9
4364,6.215220712215327,6.32221929473392,0.10699858251859329,6
4365,6.32795979659545,6.184691430817598,-0.14326836577785151,2
4366,6.384778154397348,6.184691430817598,-0.20008672357974966,9
4367,6.4154774647403165,6.184691430817598,-0.23078603392271813,7
4368,6.433413768713901,6.184691430817598,-0.24872233789630283,4
4369,6.411960282248348,6.184691430817598,-0.22726885143074949,1
4370,6.384420075307071,6.184691430817598,-0.1997286444894728,8
4371,6.40769929513228,6.184691430817598,-0.223007864314682,5
4372,6.425036030331298,6.184691430817598,-0.24034459951369946,10
4373,6.38480697975066,6.184691430817598,-0.20011554893306194,6
4374,6.2262454373369005,6.6020599913279625,0.375814553991062,6
4375,6.242125033143323,6.6020599913279625,0.35993495818463916,9
4376,6.249399909452201,6.6020599913279625,0.3526600818757615,8
4377,6.166951557664341,6.6020599913279625,0.43510843366362106,4
4378,6.290543475957553,6.6020599913279625,0.3115165153704096,10
4379,6.209988868853655,6.6020599913279625,0.39207112247430764,3
4380,6.197959346564909,6.6020599913279625,0.4041006447630533,5
4381,6.304796363229926,6.6020599913279625,0.29726362809803675,7
4382,6.179882781289151,6.6020599913279625,0.4221772100388117,1
4383,5.946168996732066,5.900312496983727,-0.045856499748339274,9
4384,5.9813146132323105,5.900312496983727,-0.08100211624858389,2
4385,6.007890922682506,5.900312496983727,-0.10757842569877951,5
4386,6.084430244443928,5.900312496983727,-0.18411774746020182,7
4387,5.954833525560115,5.900312496983727,-0.05452102857638863,4
4388,6.0327904550576985,5.900312496983727,-0.1324779580739719,1
4389,6.084232740939518,5.900312496983727,-0.1839202439557912,10
4390,5.941942278406402,5.900312496983727,-0.04162978142267537,6
4391,5.987113319126215,5.900312496983727,-0.08680082214248852,3
4392,5.803409058860935,6.108226656374929,0.30481759751399373,3
4393,5.775918696820258,6.108226656374929,0.3323079595546705,2
4394,5.8156806550777125,6.108226656374929,0.2925460012972163,7
4395,5.791451417476829,6.108226656374929,0.3167752388981002,8
4396,5.794781866872593,6.108226656374929,0.313444789502336,4
4397,5.818504660821597,6.108226656374929,0.28972199555333145,1
4398,5.907986907445105,6.108226656374929,0.20023974892982377,10
4399,5.77039063939753,6.108226656374929,0.3378360169773984,5
4400,5.773590761253167,6.108226656374929,0.33463589512176206,6
4401,6.128440074649652,6.385606273598312,0.25716619894866,10
4402,6.1177507782699685,6.385606273598312,0.26785549532834363,4
4403,6.140768389299609,6.385606273598312,0.24483788429870312,2
4404,6.113547972755429,6.385606273598312,0.2720583008428834,5
4405,6.177497642278979,6.385606273598312,0.208108631319333,6
4406,6.185825162633908,6.385606273598312,0.19978111096440454,3
4407,6.059500641881479,6.385606273598312,0.3261056317168327,9
4408,6.136897598632287,6.385606273598312,0.248708674966025,1
4409,6.111161221586807,6.385606273598312,0.2744450520115054,7
4410,5.961140451029281,6.585460729508501,0.6243202784792201,4
4411,5.938347389190394,6.585460729508501,0.6471133403181071,2
4412,5.877835071390202,6.585460729508501,0.7076256581182987,9
4413,5.985905052980938,6.585460729508501,0.5995556765275634,8
4414,5.96288562607951,6.585460729508501,0.622575103428991,5
4415,5.984498164516691,6.585460729508501,0.6009625649918098,10
4416,6.007925132108065,6.585460729508501,0.5775355974004359,1
4417,5.945573389786128,6.585460729508501,0.6398873397223728,6
4418,5.9796659390284,6.585460729508501,0.6057947904801013,7
4419,6.023804390930894,6.271841606536499,0.24803721560560454,5
4420,6.008916645271458,6.271841606536499,0.26292496126504084,3
4421,6.035384635795284,6.271841606536499,0.23645697074121497,8
4422,6.068748964292302,6.271841606536499,0.20309264224419632,1
4423,5.95449478016122,6.271841606536499,0.317346826375279,9
4424,5.999619033789353,6.271841606536499,0.2722225727471459,6
4425,5.985806621937955,6.271841606536499,0.28603498459854393,2
4426,6.008756058575408,6.271841606536499,0.26308554796109096,10
4427,6.004820390639636,6.271841606536499,0.2670212158968628,4
4428,6.24898549510845,6.401572845676446,0.15258735056799644,6
4429,6.208392537163211,6.401572845676446,0.1931803085132353,8
4430,6.201734277987083,6.401572845676446,0.1998385676893628,3
4431,6.201410661037137,6.401572845676446,0.2001621846393089,5
4432,6.21935190857484,6.401572845676446,0.18222093710160614,2
4433,6.233170869841648,6.401572845676446,0.1684019758347981,9
4434,6.253891327817296,6.401572845676446,0.14768151785914974,1
4435,6.154604079358515,6.401572845676446,0.24696876631793074,4
4436,6.2108489846527855,6.401572845676446,0.19072386102366057,7
4437,5.032616252000128,3.724275869600789,-1.3083403823993391,5
4438,4.937819496312459,3.724275869600789,-1.2135436267116697,2
4439,4.985588699928673,3.724275869600789,-1.261312830327884,3
4440,5.057150751961996,3.724275869600789,-1.3328748823612067,9
4441,5.0646419635848,3.724275869600789,-1.3403660939840112,7
4442,5.058896966579279,3.724275869600789,-1.3346210969784895,6
4443,4.9703838237599465,3.724275869600789,-1.2461079541591573,4
4444,5.080617762061402,3.724275869600789,-1.3563418924606125,8
4445,5.068470949360301,3.724275869600789,-1.344195079759512,10
4446,5.976090238557287,6.176091259055681,0.2000010204983944,4
4447,5.9761360311595775,6.176091259055681,0.19995522789610387,6
4448,5.9761379062532765,6.176091259055681,0.1999533528024049,9
4449,5.9765329966487934,6.176091259055681,0.1995582624068879,2
4450,5.976030586175544,6.176091259055681,0.20006067288013707,8
4451,5.97597119359098,6.176091259055681,0.2001200654647013,7
4452,5.976227175106423,6.176091259055681,0.19986408394925803,3
4453,5.976114465753441,6.176091259055681,0.19997679330224027,10
4454,5.975997659921862,6.176091259055681,0.20009359913381974,5
4455,4.41202243412412,6.176091259055681,1.7640688249315613,4
4456,4.460535146161463,6.176091259055681,1.7155561128942187,2
4457,4.339955739260512,6.176091259055681,1.8361355197951692,8
4458,4.338352214668245,6.176091259055681,1.837739044387436,9
4459,4.371977286639027,6.176091259055681,1.804113972416654,5
4460,4.412465591652151,6.176091259055681,1.76362566740353,6
4461,4.4123425168051345,6.176091259055681,1.763748742250547,10
4462,4.5309783139274735,6.176091259055681,1.6451129451282078,3
4463,4.412539507171668,6.176091259055681,1.7635517518840134,7
4464,6.1007996930987085,6.301029995663981,0.20023030256527274,10
4465,6.100996837678636,6.301029995663981,0.20003315798534516,1
4466,6.110123300791234,6.301029995663981,0.19090669487274692,4
4467,6.101057532463819,6.301029995663981,0.1999724632001625,7
4468,6.245932757633829,6.301029995663981,0.055097238030151985,3
4469,6.10100098027051,6.301029995663981,0.20002901539347118,6
4470,6.101013988416215,6.301029995663981,0.20001600724776658,9
4471,6.100934957852102,6.301029995663981,0.2000950378118791,5
4472,6.100998181736732,6.301029995663981,0.20003181392724922,2
4473,5.418427279636644,5.04688519083771,-0.37154208879893424,5
4474,5.453970129181421,5.04688519083771,-0.4070849383437114,6
4475,5.392428747748245,5.04688519083771,-0.3455435569105356,8
4476,5.447145101776169,5.04688519083771,-0.40025991093845903,3
4477,5.396316543660381,5.04688519083771,-0.34943135282267157,7
4478,5.435063433557032,5.04688519083771,-0.3881782427193219,2
4479,5.44196099798461,5.04688519083771,-0.3950758071469007,9
4480,5.589421449348568,5.04688519083771,-0.5425362585108582,1
4481,5.546232024406583,5.04688519083771,-0.49934683356887355,10
4482,6.268497026969286,6.068185861746161,-0.2003111652231251,9
4483,6.261045296339359,6.068185861746161,-0.19285943459319732,3
4484,6.1627821532557325,6.068185861746161,-0.09459629150957127,6
4485,6.256645997645177,6.068185861746161,-0.18846013589901567,4
4486,6.252190924635684,6.068185861746161,-0.1840050628895229,5
4487,6.268463619845333,6.068185861746161,-0.2002777580991717,8
4488,6.268482566438628,6.068185861746161,-0.20029670469246685,2
4489,6.268372687092326,6.068185861746161,-0.20018682534616516,1
4490,6.26801370477836,6.068185861746161,-0.1998278430321987,10
4491,5.730310524478134,6.181843587944773,0.4515330634666386,10
4492,5.9460492216012435,6.181843587944773,0.23579436634352913,8
4493,5.93142570275313,6.181843587944773,0.2504178851916423,2
4494,5.9821083931282555,6.181843587944773,0.19973519481651714,4
4495,5.963039433736788,6.181843587944773,0.2188041542079846,1
4496,5.817241829812727,6.181843587944773,0.36460175813204554,3
4497,5.9323245581757655,6.181843587944773,0.24951902976900708,5
4498,5.7437112159207135,6.181843587944773,0.4381323720240591,6
4499,5.951240116760746,6.181843587944773,0.23060347118402635,9
4500,6.122383733372969,6.32221929473392,0.1998355613609517,7
4501,6.1222841054577035,6.32221929473392,0.1999351892762169,8
4502,6.122250020012417,6.32221929473392,0.1999692747215036,10
4503,6.122063639335998,6.32221929473392,0.20015565539792224,9
4504,6.122284340379059,6.32221929473392,0.19993495435486164,5
4505,6.122670382469369,6.32221929473392,0.19954891226455107,2
4506,6.122336591613096,6.32221929473392,0.19988270312082435,6
4507,6.1223485681704695,6.32221929473392,0.19987072656345095,3
4508,6.121945250398953,6.32221929473392,0.2002740443349671,1
4509,6.342517118548288,6.855525212731306,0.5130080941830188,2
4510,6.3429322367141525,6.855525212731306,0.5125929760171539,3
4511,6.342662972253065,6.855525212731306,0.512862240478241,9
4512,6.342608383537692,6.855525212731306,0.5129168291936148,10
4513,6.342955347856958,6.855525212731306,0.5125698648743482,8
4514,6.342677885415966,6.855525212731306,0.51284732731534,4
4515,6.3740729630627975,6.855525212731306,0.48145224966850897,1
4516,6.342983737417248,6.855525212731306,0.512541475314058,6
4517,6.340379746000824,6.855525212731306,0.5151454667304822,5
4518,5.663367647972539,6.342422680822207,0.6790550328496678,2
4519,5.6060803201306975,6.342422680822207,0.7363423606915092,1
4520,5.5361163672507985,6.342422680822207,0.8063063135714081,5
4521,5.70592273654284,6.342422680822207,0.6364999442793664,8
4522,5.656890517408253,6.342422680822207,0.6855321634139537,7
4523,5.565343492651862,6.342422680822207,0.7770791881703447,9
4524,5.589649732656484,6.342422680822207,0.752772948165723,4
4525,5.625167783133274,6.342422680822207,0.7172548976889326,3
4526,5.568092971989519,6.342422680822207,0.7743297088326875,6
4527,6.418914290464551,6.447158031342219,0.028243740877668344,7
4528,6.378244740856992,6.447158031342219,0.06891329048522721,10
4529,6.390156116622631,6.447158031342219,0.0570019147195886,6
4530,6.4679625392329445,6.447158031342219,-0.020804507890725077,3
4531,6.425734231911647,6.447158031342219,0.02142379943057282,8
4532,6.437619679118696,6.447158031342219,0.009538352223523283,1
4533,6.410438883253336,6.447158031342219,0.0367191480888831,2
4534,6.448519825792152,6.447158031342219,-0.001361794449932674,9
4535,6.449815207122356,6.447158031342219,-0.002657175780136356,4
4536,6.489707259433326,6.491361693834273,0.0016544344009474798,6
4537,6.526395943406544,6.491361693834273,-0.03503424957227086,1
4538,6.508888565483925,6.491361693834273,-0.017526871649652165,2
4539,6.4676730949991885,6.491361693834273,0.023688598835084562,10
4540,6.540795835008556,6.491361693834273,-0.049434141174282686,3
4541,6.507118734239981,6.491361693834273,-0.01575704040570791,8
4542,6.511629992384234,6.491361693834273,-0.020268298549960484,9
4543,6.505897398021879,6.491361693834273,-0.014535704187605525,4
4544,6.521142559522442,6.491361693834273,-0.029780865688168845,5
4545,6.121951635599681,6.32221929473392,0.20026765913423983,3
4546,6.122189912576766,6.32221929473392,0.2000293821571546,9
4547,6.122342519596834,6.32221929473392,0.19987677513708668,8
4548,6.060681834904305,6.32221929473392,0.26153745982961585,6
4549,6.117211076143834,6.32221929473392,0.20500821859008678,4
4550,6.122455641110125,6.32221929473392,0.199763653623795,2
4551,6.1226181638780925,6.32221929473392,0.19960113085582787,7
4552,6.0791258086205024,6.32221929473392,0.24309348611341797,10
4553,6.0729728135329974,6.32221929473392,0.24924648120092296,1
4554,6.508794110040087,7.0,0.49120588995991277,9
4555,6.465330003627505,7.0,0.5346699963724948,4
4556,6.454981647796054,7.0,0.5450183522039458,7
4557,6.444487009418783,7.0,0.5555129905812173,6
4558,6.452446353717712,7.0,0.5475536462822879,8
4559,6.5835471235905985,7.0,0.41645287640940154,3
4560,6.538446536049206,7.0,0.46155346395079366,5
4561,6.467775409033799,7.0,0.5322245909662007,1
4562,6.415135212007865,7.0,0.5848647879921351,10
4563,6.157770561182054,6.357934847000454,0.20016428581840007,1
4564,6.157542232121857,6.357934847000454,0.20039261487859683,4
4565,6.158339274500976,6.357934847000454,0.19959557249947757,2
4566,6.185908165956709,6.357934847000454,0.17202668104374474,3
4567,6.1629129254931,6.357934847000454,0.19502192150735365,9
4568,6.15823637295605,6.357934847000454,0.19969847404440433,5
4569,6.157948553002437,6.357934847000454,0.19998629399801704,8
4570,6.158105639855696,6.357934847000454,0.1998292071447576,7
4571,6.157721116995985,6.357934847000454,0.20021373000446907,10
4572,6.467642393507916,6.309757882316366,-0.15788451119154967,7
4573,6.487484126518301,6.309757882316366,-0.17772624420193495,5
4574,6.460671664164724,6.309757882316366,-0.1509137818483577,1
4575,6.395981785627867,6.309757882316366,-0.08622390331150065,3
4576,6.390881607036279,6.309757882316366,-0.08112372471991325,9
4577,6.328653768657933,6.309757882316366,-0.018895886341566914,6
4578,6.470074076272277,6.309757882316366,-0.1603161939559108,8
4579,6.3959611486198575,6.309757882316366,-0.08620326630349151,2
4580,6.497480184565,6.309757882316366,-0.18772230224863407,4
4581,6.1324212898681205,5.751510050270041,-0.3809112395980794,1
4582,5.999299338061485,5.751510050270041,-0.24778928779144405,10
4583,6.074086816237797,5.751510050270041,-0.32257676596775564,6
4584,6.099311780696283,5.751510050270041,-0.34780173042624174,5
4585,6.130643807695171,5.751510050270041,-0.3791337574251301,4
4586,6.1656497147804465,5.751510050270041,-0.4141396645104054,3
4587,6.13730853917088,5.751510050270041,-0.38579848890083923,2
4588,6.096993211250587,5.751510050270041,-0.345483160980546,7
4589,6.099457749358651,5.751510050270041,-0.3479476990886097,8
4590,5.917291217322172,6.290034611362518,0.37274339404034595,5
4591,5.815923322740772,6.290034611362518,0.4741112886217467,3
4592,6.090066620940727,6.290034611362518,0.1999679904217917,4
4593,6.077105893198213,6.290034611362518,0.21292871816430559,6
4594,5.766292555737981,6.290034611362518,0.5237420556245374,9
4595,5.794578154498118,6.290034611362518,0.49545645686440043,2
4596,5.714857405417244,6.290034611362518,0.5751772059452742,1
4597,5.745271421147372,6.290034611362518,0.5447631902151464,7
4598,5.803363936444098,6.290034611362518,0.48667067491842,8
4599,6.262784935681478,6.301029995663981,0.03824505998250327,7
4600,6.208894110493788,6.301029995663981,0.092135885170193,9
4601,6.11208497708774,6.301029995663981,0.18894501857624135,10
4602,6.177092667454654,6.301029995663981,0.12393732820932701,1
4603,6.257116565649399,6.301029995663981,0.04391343001458203,4
4604,6.248823016558081,6.301029995663981,0.05220697910590033,3
4605,6.167865525714245,6.301029995663981,0.13316446994973585,5
4606,6.146630944008767,6.301029995663981,0.15439905165521406,6
4607,6.235119696446741,6.301029995663981,0.06591029921724001,2
4608,6.273161569566843,6.073351702386901,-0.19980986717994131,4
4609,6.273123378916068,6.073351702386901,-0.19977167652916705,9
4610,6.273578147220351,6.073351702386901,-0.20022644483344987,2
4611,6.2733495392338385,6.073351702386901,-0.19999783684693728,6
4612,6.273499288226165,6.073351702386901,-0.20014758583926362,3
4613,6.27367234335178,6.073351702386901,-0.200320640964879,7
4614,6.273401859831224,6.073351702386901,-0.20005015744432253,1
4615,6.273081199678727,6.073351702386901,-0.19972949729182599,5
4616,6.273579821238571,6.073351702386901,-0.2002281188516699,10
4617,6.180574235261168,6.057099097526547,-0.12347513773462104,10
4618,6.180487032954507,6.057099097526547,-0.12338793542796012,6
4619,6.1798384455034565,6.057099097526547,-0.12273934797690966,3
4620,6.180126284853253,6.057099097526547,-0.12302718732670659,4
4621,6.1805398830663885,6.057099097526547,-0.12344078553984161,8
4622,6.180052082993375,6.057099097526547,-0.12295298546682787,7
4623,6.256799026646281,6.057099097526547,-0.1996999291197339,1
4624,6.1977509291075235,6.057099097526547,-0.1406518315809766,9
4625,6.180118915672641,6.057099097526547,-0.1230198181460942,5
4626,6.271854025206449,6.186278103445368,-0.08557592176108031,7
4627,6.23529564695885,6.186278103445368,-0.04901754351348142,8
4628,6.225059481934,6.186278103445368,-0.038781378488631724,9
4629,6.149797675090397,6.186278103445368,0.03648042835497112,10
4630,6.239192143708052,6.186278103445368,-0.052914040262683315,4
4631,6.129877764854888,6.186278103445368,0.056400338590480104,6
4632,6.186926921842845,6.186278103445368,-0.0006488183974768802,5
4633,6.226065826538815,6.186278103445368,-0.039787723093446914,2
4634,6.238131056070178,6.186278103445368,-0.05185295262480949,1
4635,6.117942661072775,6.301029995663981,0.18308733459120585,9
4636,6.168544502577575,6.301029995663981,0.13248549308640634,10
4637,6.160694660957297,6.301029995663981,0.14033533470668402,5
4638,6.210527363473573,6.301029995663981,0.09050263219040833,7
4639,6.110128946672849,6.301029995663981,0.19090104899113225,3
4640,6.229909650769388,6.301029995663981,0.0711203448945934,1
4641,6.1471158572123565,6.301029995663981,0.15391413845162472,2
4642,6.100787183472172,6.301029995663981,0.20024281219180917,4
4643,6.100953156142904,6.301029995663981,0.2000768395210777,6
4644,6.27790070158037,6.477555332198981,0.19965463061861133,9
4645,6.3179798240291385,6.477555332198981,0.15957550816984245,8
4646,6.360524017768027,6.477555332198981,0.11703131443095405,1
4647,6.323359467332736,6.477555332198981,0.15419586486624492,5
4648,6.335390153920145,6.477555332198981,0.14216517827883557,7
4649,6.330836447764299,6.477555332198981,0.14671888443468184,10
4650,6.55067490496947,6.477555332198981,-0.07311957277048897,3
4651,6.372058548293341,6.477555332198981,0.10549678390563955,2
4652,6.351111656084394,6.477555332198981,0.12644367611458662,6
4653,5.795321971046993,5.99563519459755,0.20031322355055625,6
4654,5.795253684931558,5.99563519459755,0.20038150966599133,9
4655,5.790730886855716,5.99563519459755,0.20490430774183377,10
4656,5.795947247365393,5.99563519459755,0.19968794723215666,7
4657,5.795808579220306,5.99563519459755,0.1998266153772441,4
4658,5.795958951498206,5.99563519459755,0.1996762430993435,2
4659,5.795488159634612,5.99563519459755,0.20014703496293773,3
4660,5.795582327936516,5.99563519459755,0.20005286666103395,5
4661,5.7953457415296645,5.99563519459755,0.20028945306788515,1
4662,6.0039566787177305,6.204119982655925,0.20016330393819448,6
4663,6.114551284394896,6.204119982655925,0.08956869826102931,10
4664,6.004310248473939,6.204119982655925,0.19980973418198644,7
4665,6.004001738801658,6.204119982655925,0.20011824385426724,2
4666,5.9273961239939865,6.204119982655925,0.2767238586619385,8
4667,6.004184875568025,6.204119982655925,0.1999351070879003,4
4668,6.004448310117292,6.204119982655925,0.19967167253863316,5
4669,6.00392435972861,6.204119982655925,0.20019562292731496,9
4670,6.021687718667316,6.204119982655925,0.18243226398860912,1
4671,5.7823814973655745,6.089905111439398,0.30752361407382356,2
4672,5.889719557936983,6.089905111439398,0.20018555350241485,8
4673,5.980841797338676,6.089905111439398,0.10906331410072223,9
4674,5.856417269605091,6.089905111439398,0.23348784183430737,5
4675,5.878826343082351,6.089905111439398,0.21107876835704698,10
4676,5.890017874471462,6.089905111439398,0.1998872369679363,1
4677,5.836251091583051,6.089905111439398,0.25365401985634684,4
4678,5.889673492080633,6.089905111439398,0.20023161935876477,3
4679,5.889820842427536,6.089905111439398,0.20008426901186205,7
4680,5.978683490424355,5.043755126968679,-0.9349283634556755,2
4681,5.985967680447649,5.043755126968679,-0.9422125534789698,1
4682,5.895139136961898,5.043755126968679,-0.8513840099932191,6
4683,5.975540804797984,5.043755126968679,-0.9317856778293052,5
4684,5.966473853843459,5.043755126968679,-0.9227187268747796,7
4685,5.9958223169584395,5.043755126968679,-0.9520671899897604,3
4686,5.929577578554534,5.043755126968679,-0.885822451585855,9
4687,5.933025818733052,5.043755126968679,-0.8892706917643727,4
4688,5.970318319398833,5.043755126968679,-0.9265631924301543,8
4689,6.194568985217645,6.394451680826216,0.1998826956085713,9
4690,6.194497531733007,6.394451680826216,0.19995414909320885,3
4691,6.193991747395294,6.394451680826216,0.20045993343092228,2
4692,6.1944891675340665,6.394451680826216,0.19996251329214942,5
4693,6.19440957965618,6.394451680826216,0.20004210117003574,4
4694,6.194532342058893,6.394451680826216,0.19991933876732304,10
4695,6.194491968472416,6.394451680826216,0.19995971235379972,1
4696,6.194905790589464,6.394451680826216,0.1995458902367524,7
4697,6.194469444090385,6.394451680826216,0.19998223673583126,6
4698,4.427120098021561,3.397940008672037,-1.029180089349524,5
4699,4.306132760622464,3.397940008672037,-0.9081927519504274,1
4700,4.370986329029747,3.397940008672037,-0.9730463203577098,8
4701,4.466250221102317,3.397940008672037,-1.0683102124302803,7
4702,4.2955759793726,3.397940008672037,-0.8976359707005632,10
4703,4.325865136963704,3.397940008672037,-0.9279251282916667,4
4704,4.365857193821984,3.397940008672037,-0.9679171851499473,3
4705,4.388985546814586,3.397940008672037,-0.9910455381425494,9
4706,4.294978983017791,3.397940008672037,-0.8970389743457541,6
4707,6.291210813112565,6.491361693834273,0.20015088072170784,2
4708,6.291469177658906,6.491361693834273,0.19989251617536752,8
4709,6.291646968684603,6.491361693834273,0.19971472514967026,4
4710,6.291419309836608,6.491361693834273,0.19994238399766484,7
4711,6.291033962455618,6.491361693834273,0.20032773137865512,9
4712,6.290989325686372,6.491361693834273,0.20037236814790127,5
4713,6.291335657932063,6.491361693834273,0.20002603590221035,1
4714,6.291086219471846,6.491361693834273,0.2002754743624271,3
4715,6.291214386701608,6.491361693834273,0.20014730713266538,10
4716,5.547058196830989,5.078094150406411,-0.4689640464245777,4
4717,5.536745358706069,5.078094150406411,-0.4586512082996581,2
4718,5.813597977862551,5.078094150406411,-0.7355038274561396,5
4719,5.577658837706284,5.078094150406411,-0.49956468729987336,3
4720,5.590813770672411,5.078094150406411,-0.512719620266,7
4721,5.480761494984113,5.078094150406411,-0.4026673445777016,10
4722,5.52850362315862,5.078094150406411,-0.45040947275220944,6
4723,5.3881027188616395,5.078094150406411,-0.3100085684552285,1
4724,5.5494720189032405,5.078094150406411,-0.4713778684968295,8
4725,5.513989891644474,5.12057393120585,-0.3934159604386247,1
4726,5.693155799318059,5.12057393120585,-0.5725818681122092,8
4727,5.5569394325834995,5.12057393120585,-0.43636550137764996,10
4728,5.679111021988833,5.12057393120585,-0.5585370907829832,6
4729,5.849579274252927,5.12057393120585,-0.7290053430470778,9
4730,5.67759380315014,5.12057393120585,-0.5570198719442905,4
4731,5.725485414142838,5.12057393120585,-0.6049114829369886,3
4732,5.705214502981242,5.12057393120585,-0.5846405717753926,7
4733,5.664719567776906,5.12057393120585,-0.5441456365710566,2
4734,5.4892794331877255,5.548757828573704,0.059478395385978544,5
4735,5.478007658054519,5.548757828573704,0.07075017051918486,3
4736,5.465122556265483,5.548757828573704,0.08363527230822143,2
4737,5.489131302272381,5.548757828573704,0.059626526301323146,8
4738,5.48950259389299,5.548757828573704,0.05925523468071425,7
4739,5.485548276843742,5.548757828573704,0.06320955172996179,10
4740,5.489041822194064,5.548757828573704,0.05971600637963981,9
4741,5.366207008518851,5.548757828573704,0.18255082005485335,6
4742,5.436500956542616,5.548757828573704,0.1122568720310877,4
4743,5.581229225335819,5.752048447819439,0.1708192224836198,3
4744,5.563020647541692,5.752048447819439,0.18902780027774657,5
4745,5.598356078893859,5.752048447819439,0.15369236892557936,7
4746,5.552402024701817,5.752048447819439,0.19964642311762137,9
4747,5.5519846903767025,5.752048447819439,0.2000637574427362,4
4748,5.551979527281399,5.752048447819439,0.20006892053803949,6
4749,5.561711203000031,5.752048447819439,0.19033724481940784,10
4750,5.582766722316357,5.752048447819439,0.1692817255030814,8
4751,5.551770138863688,5.752048447819439,0.20027830895575072,1
4752,5.45062580957899,5.698970004336019,0.24834419475702862,6
4753,5.498852600998143,5.698970004336019,0.20011740333787564,8
4754,5.43071491186306,5.698970004336019,0.268255092472959,1
4755,5.536352268788137,5.698970004336019,0.16261773554788217,5
4756,5.49918929330293,5.698970004336019,0.19978071103308892,2
4757,5.498672453028222,5.698970004336019,0.2002975513077967,3
4758,5.4850311142090495,5.698970004336019,0.2139388901269692,10
4759,5.5020828620691296,5.698970004336019,0.1968871422668892,7
4760,5.498651055336507,5.698970004336019,0.20031894899951208,9
4761,5.209032399641754,5.008600171761918,-0.20043222787983606,3
4762,5.20847177792828,5.008600171761918,-0.19987160616636235,6
4763,5.208650049549478,5.008600171761918,-0.2000498777875599,9
4764,5.209001397082261,5.008600171761918,-0.2004012253203431,2
4765,5.208535645543327,5.008600171761918,-0.19993547378140875,5
4766,5.208340819763797,5.008600171761918,-0.19974064800187907,7
4767,5.208598166526819,5.008600171761918,-0.19999799476490132,10
4768,5.208633888236509,5.008600171761918,-0.20003371647459112,8
4769,5.208402255778951,5.008600171761918,-0.19980208401703337,4
4770,5.93966113597693,6.0,0.06033886402306976,4
4771,6.200409334521674,6.0,-0.20040933452167398,5
4772,5.7995823117899095,6.0,0.20041768821009054,6
4773,5.969454985693219,6.0,0.030545014306780693,9
4774,5.986570210613162,6.0,0.013429789386838031,10
4775,5.799653440312724,6.0,0.20034655968727577,3
4776,5.986089407103032,6.0,0.013910592896968055,8
4777,5.968659136039702,6.0,0.031340863960298115,7
4778,5.997346962930337,6.0,0.0026530370696633554,2
4779,5.081528095845341,4.534026106056135,-0.5475019897892057,6
4780,5.222654433379046,4.534026106056135,-0.6886283273229106,2
4781,5.214056105078793,4.534026106056135,-0.6800299990226577,1
4782,5.225709540060154,4.534026106056135,-0.6916834340040188,10
4783,5.228847616696169,4.534026106056135,-0.6948215106400335,7
4784,5.2342999927123595,4.534026106056135,-0.7002738866562241,8
4785,5.055627421353703,4.534026106056135,-0.521601315297568,3
4786,5.208722612591498,4.534026106056135,-0.674696506535363,4
4787,5.246483826128431,4.534026106056135,-0.7124577200722957,9
4788,5.964438618362788,6.164352855784437,0.19991423742164915,2
4789,5.963838127647735,6.164352855784437,0.20051472813670213,5
4790,5.964355267873709,6.164352855784437,0.19999758791072786,7
4791,5.96418470817495,6.164352855784437,0.20016814760948698,8
4792,5.963920141417905,6.164352855784437,0.20043271436653232,9
4793,5.9639777226910775,6.164352855784437,0.20037513309335964,3
4794,5.964821143055708,6.164352855784437,0.19953171272872883,10
4795,5.964598911227821,6.164352855784437,0.19975394455661633,1
4796,5.963923422072091,6.164352855784437,0.20042943371234578,6
4797,6.352768757783164,6.552668216112194,0.19989945832902922,7
4798,6.353141037925673,6.552668216112194,0.19952717818652044,10
4799,6.352601731844784,6.552668216112194,0.2000664842674098,2
4800,6.352697620825317,6.552668216112194,0.19997059528687622,1
4801,6.352784153086606,6.552668216112194,0.19988406302558737,8
4802,6.3526887552137365,6.552668216112194,0.19997946089845708,9
4803,6.352685982330553,6.552668216112194,0.1999822337816406,3
4804,6.352931919770814,6.552668216112194,0.19973629634137957,4
4805,6.397256383354576,6.552668216112194,0.1554118327576175,5
4806,5.7632546941304295,6.423245873936808,0.6599911798063784,8
4807,5.74175992509617,6.423245873936808,0.6814859488406375,10
4808,5.742968719939433,6.423245873936808,0.6802771539973751,9
4809,5.6726026308544535,6.423245873936808,0.7506432430823544,4
4810,5.780622627426812,6.423245873936808,0.6426232465099959,7
4811,5.801320543881089,6.423245873936808,0.6219253300557188,2
4812,5.546651185966249,6.423245873936808,0.8765946879705586,6
4813,5.865240275997768,6.423245873936808,0.5580055979390401,1
4814,6.209115534744078,6.423245873936808,0.21413033919272983,5
4815,5.879207346385125,6.079181246047625,0.1999738996625,4
4816,5.879225708876569,6.079181246047625,0.19995553717105619,8
4817,5.879042654205415,6.079181246047625,0.20013859184220983,6
4818,5.879096010872831,6.079181246047625,0.20008523517479393,5
4819,5.87898777650521,6.079181246047625,0.20019346954241524,7
4820,5.878808825626318,6.079181246047625,0.20037242042130732,10
4821,5.879140839364906,6.079181246047625,0.20004040668271905,9
4822,5.879111390389268,6.079181246047625,0.20006985565835667,1
4823,5.879082896183036,6.079181246047625,0.2000983498645894,3
4824,6.7083481470124156,6.9084850188786495,0.20013687186623397,6
4825,6.708701635611449,6.9084850188786495,0.19978338326720024,9
4826,6.702760903913387,6.9084850188786495,0.20572411496526222,3
4827,6.708479032518744,6.9084850188786495,0.20000598635990574,1
4828,6.673095568293901,6.9084850188786495,0.2353894505847487,2
4829,6.7081311713151015,6.9084850188786495,0.20035384756354802,8
4830,6.708457222593375,6.9084850188786495,0.20002779628527456,4
4831,6.684986970352708,6.9084850188786495,0.22349804852594168,7
4832,6.708520547234207,6.9084850188786495,0.1999644716444422,10
4833,6.630676464620426,6.913283901760418,0.28260743713999226,9
4834,6.7136973664572785,6.913283901760418,0.19958653530313963,3
4835,6.7132918667597155,6.913283901760418,0.19999203500070273,10
4836,6.641151503926084,6.913283901760418,0.2721323978343344,2
4837,6.645135477209907,6.913283901760418,0.26814842455051124,4
4838,6.528040714124684,6.913283901760418,0.3852431876357345,7
4839,6.713207001802193,6.913283901760418,0.20007689995822542,5
4840,6.608195375957833,6.913283901760418,0.30508852580258505,6
4841,6.658123187805007,6.913283901760418,0.2551607139554113,1
4842,6.278978701701676,6.079181246047625,-0.19979745565405072,1
4843,6.063921393903903,6.079181246047625,0.015259852143722163,7
4844,6.279011662229341,6.079181246047625,-0.19983041618171615,5
4845,6.278790444114442,6.079181246047625,-0.19960919806681687,8
4846,6.279346883683957,6.079181246047625,-0.20016563763633233,9
4847,6.279135062501874,6.079181246047625,-0.19995381645424892,4
4848,6.279315351853565,6.079181246047625,-0.20013410580594027,2
4849,6.2787942057642905,6.079181246047625,-0.19961295971666537,6
4850,6.381129496785377,6.079181246047625,-0.3019482507377518,10
4851,6.279315351853565,6.657055852857104,0.3777405010035384,2
4852,6.2787942057642905,6.657055852857104,0.3782616470928133,6
4853,6.279011662229341,6.657055852857104,0.3780441906277625,5
4854,6.278790444114442,6.657055852857104,0.3782654087426618,8
4855,6.457103413619919,6.657055852857104,0.19995243923718498,3
4856,6.278978701701676,6.657055852857104,0.37807715115542795,1
4857,6.381129496785377,6.657055852857104,0.2759263560717269,10
4858,6.279346883683957,6.657055852857104,0.37770896917314634,9
4859,6.279135062501874,6.657055852857104,0.37792079035522974,4
4860,4.950267129642401,4.615097451301758,-0.3351696783406428,1
4861,4.931377566498151,4.615097451301758,-0.31628011519639276,6
4862,5.007859636874828,4.615097451301758,-0.3927621855730701,10
4863,4.88278183902238,4.615097451301758,-0.26768438772062186,5
4864,4.859190346718513,4.615097451301758,-0.24409289541675516,7
4865,4.963038665078102,4.615097451301758,-0.3479412137763438,3
4866,4.9410397971564315,4.615097451301758,-0.3259423458546733,2
4867,5.0685145104837845,4.615097451301758,-0.45341705918202635,4
4868,4.9569975093517655,4.615097451301758,-0.34190005805000734,8
4869,6.715133493548709,6.962369335670021,0.2472358421213121,2
4870,6.742414417767744,6.962369335670021,0.21995491790227728,4
4871,6.745814010160737,6.962369335670021,0.21655532550928402,5
4872,6.708660902528102,6.962369335670021,0.25370843314191927,8
4873,6.740300828116012,6.962369335670021,0.22206850755400964,9
4874,6.743579235007229,6.962369335670021,0.21879010066279214,10
4875,6.664347193139433,6.962369335670021,0.2980221425305887,1
4876,6.700245659811455,6.962369335670021,0.26212367585856633,7
4877,6.686424840633949,6.962369335670021,0.27594449503607255,3
4878,6.267889981423739,6.57978359661681,0.3118936151930711,6
4879,6.314386038155154,6.57978359661681,0.2653975584616557,7
4880,6.361812913438158,6.57978359661681,0.21797068317865254,2
4881,6.318237558432151,6.57978359661681,0.26154603818465905,10
4882,6.30388848497932,6.57978359661681,0.2758951116374897,3
4883,6.321855804264174,6.57978359661681,0.2579277923526364,8
4884,6.323807600339027,6.57978359661681,0.2559759962777832,9
4885,6.319527417812751,6.57978359661681,0.2602561788040587,1
4886,6.28144293601789,6.57978359661681,0.29834066059892006,4
4887,6.1256524475125795,5.959041392321094,-0.16661105519148567,8
4888,6.1587260659503205,5.959041392321094,-0.1996846736292266,7
4889,6.07137872589466,5.959041392321094,-0.11233733357356623,6
4890,6.158983518148924,5.959041392321094,-0.19994212582783,5
4891,6.085215526628316,5.959041392321094,-0.12617413430722202,4
4892,6.158683575385023,5.959041392321094,-0.19964218306392922,2
4893,5.904086817063967,5.959041392321094,0.05495457525712677,9
4894,6.122129691804812,5.959041392321094,-0.16308829948371795,10
4895,6.146111909017962,5.959041392321094,-0.1870705166968678,3
4896,5.879182842642014,6.079181246047625,0.19999840340561104,9
4897,5.902095899975629,6.079181246047625,0.17708534607199589,7
4898,5.879131653836739,6.079181246047625,0.20004959221088647,10
4899,5.879160571351089,6.079181246047625,0.20002067469653628,8
4900,5.879037586404327,6.079181246047625,0.20014365964329794,3
4901,5.915430809480919,6.079181246047625,0.16375043656670574,5
4902,5.8788398448539665,6.079181246047625,0.20034140119365862,6
4903,5.878761574017699,6.079181246047625,0.20041967202992605,4
4904,5.879461573378724,6.079181246047625,0.199719672668901,1
4905,6.63447964186668,6.857332496431268,0.22285285456458848,4
4906,6.617670850086691,6.857332496431268,0.23966164634457687,2
4907,6.637608685880398,6.857332496431268,0.2197238105508701,1
4908,6.657181338069725,6.857332496431268,0.2001511583615434,8
4909,6.633236800972562,6.857332496431268,0.2240956954587059,10
4910,6.623984302582767,6.857332496431268,0.23334819384850114,3
4911,6.633816845739988,6.857332496431268,0.22351565069128032,9
4912,6.565259520246568,6.857332496431268,0.2920729761847003,7
4913,6.636013459604584,6.857332496431268,0.2213190368266842,5
4914,6.008585152459879,7.012837224705172,1.0042520722452934,9
4915,6.050066101709418,7.012837224705172,0.9627711229957541,1
4916,6.030177427520593,7.012837224705172,0.9826597971845787,4
4917,6.061197365089377,7.012837224705172,0.9516398596157947,3
4918,6.06802860764023,7.012837224705172,0.9448086170649423,5
4919,6.025327973229173,7.012837224705172,0.9875092514759993,6
4920,5.997895733697267,7.012837224705172,1.0149414910079049,10
4921,6.0259847987553385,7.012837224705172,0.9868524259498335,7
4922,6.128074302911012,7.012837224705172,0.8847629217941604,2
4923,5.84957232683783,5.950364854376123,0.10079252753829326,3
4924,5.7934664765790576,5.950364854376123,0.1568983777970656,6
4925,5.877277916918976,5.950364854376123,0.07308693745714745,8
4926,5.852176439411146,5.950364854376123,0.09818841496497743,1
4927,5.848112443428842,5.950364854376123,0.10225241094728155,10
4928,5.8139759200415035,5.950364854376123,0.13638893433461963,9
4929,5.838734802656703,5.950364854376123,0.11163005171941975,4
4930,5.926740681727563,5.950364854376123,0.023624172648560204,2
4931,5.895977014126052,5.950364854376123,0.054387840250071484,7
4932,6.86094046976897,7.727541257028556,0.8666007872595864,8
4933,6.936273432866638,7.727541257028556,0.7912678241619187,9
4934,6.903802120287195,7.727541257028556,0.8237391367413611,4
4935,6.847295514342281,7.727541257028556,0.8802457426862755,3
4936,6.9051757217349,7.727541257028556,0.8223655352936561,1
4937,6.910759602322153,7.727541257028556,0.8167816547064035,10
4938,6.814168956998856,7.727541257028556,0.9133723000297005,5
4939,6.87173955259189,7.727541257028556,0.8558017044366659,6
4940,6.857311621885055,7.727541257028556,0.8702296351435015,7
4941,6.745690983673866,7.176091259055681,0.4304002753818157,7
4942,6.765448185278274,7.176091259055681,0.4106430737774076,4
4943,6.976417186479983,7.176091259055681,0.19967407257569825,9
4944,6.734679229425367,7.176091259055681,0.4414120296303148,8
4945,6.639893403247281,7.176091259055681,0.5361978558084006,1
4946,6.735785110010651,7.176091259055681,0.4403061490450302,6
4947,6.73593863261092,7.176091259055681,0.4401526264447613,10
4948,6.637983404945491,7.176091259055681,0.5381078541101907,2
4949,6.76727307057317,7.176091259055681,0.4088181884825115,3
4950,6.765448185278274,5.939758797292041,-0.825689387986233,4
4951,6.735785110010651,5.939758797292041,-0.7960263127186105,6
4952,6.734679229425367,5.939758797292041,-0.7949204321333259,8
4953,6.745690983673866,5.939758797292041,-0.805932186381825,7
4954,6.637983404945491,5.939758797292041,-0.69822460765345,2
4955,6.639893403247281,5.939758797292041,-0.70013460595524,1
4956,6.418223784935807,5.939758797292041,-0.47846498764376655,5
4957,6.73593863261092,5.939758797292041,-0.7961798353188794,10
4958,6.76727307057317,5.939758797292041,-0.8275142732811291,3
4959,6.875576281887658,6.592176757395867,-0.2833995244917906,4
4960,6.792185535638722,6.592176757395867,-0.20000877824285457,2
4961,6.836101805621215,6.592176757395867,-0.2439250482253481,6
4962,6.98010410551965,6.592176757395867,-0.3879273481237826,9
4963,6.7917895148064735,6.592176757395867,-0.19961275741060636,5
4964,6.897327342235574,6.592176757395867,-0.3051505848397067,8
4965,6.88105334218539,6.592176757395867,-0.2888765847895227,10
4966,6.857226182055235,6.592176757395867,-0.26504942465936754,7
4967,6.898200239948802,6.592176757395867,-0.3060234825529351,3
4968,5.336747063786358,5.136720567156407,-0.20002649662995164,8
4969,5.33688931477623,5.136720567156407,-0.2001687476198235,9
4970,5.336797752005472,5.136720567156407,-0.20007718484906523,7
4971,5.33699947707144,5.136720567156407,-0.20027890991503305,5
4972,5.336278856456666,5.136720567156407,-0.19955828930025898,6
4973,5.336540896866664,5.136720567156407,-0.1998203297102572,4
4974,5.33671833381672,5.136720567156407,-0.19999776666031366,1
4975,5.3370989387648535,5.136720567156407,-0.20037837160844685,10
4976,5.336872374488779,5.136720567156407,-0.20015180733237248,2
4977,5.422340899130207,6.200303182981585,0.7779622838513784,10
4978,5.375823764535514,6.200303182981585,0.8244794184460718,6
4979,5.483117544233524,6.200303182981585,0.7171856387480613,1
4980,5.399143303165454,6.200303182981585,0.8011598798161312,2
4981,5.419500210513968,6.200303182981585,0.7808029724676171,7
4982,5.2633235059076995,6.200303182981585,0.9369796770738859,3
4983,6.000789067641439,6.200303182981585,0.19951411534014607,4
4984,5.395080285481912,6.200303182981585,0.8052228974996734,8
4985,5.886236008336771,6.200303182981585,0.3140671746448147,9
4986,4.952073761926185,5.892094602690481,0.940020840764296,2
4987,4.965840084571563,5.892094602690481,0.9262545181189177,10
4988,4.575855124328864,5.892094602690481,1.3162394783616165,5
4989,5.69189421751756,5.892094602690481,0.20020038517292083,4
4990,4.9866577221341215,5.892094602690481,0.9054368805563593,7
4991,5.542587357214878,5.892094602690481,0.3495072454756025,9
4992,4.933448001426688,5.892094602690481,0.9586466012637924,6
4993,5.022627019557785,5.892094602690481,0.8694675831326961,1
4994,4.9613718643900535,5.892094602690481,0.9307227383004273,8
4995,6.626221338863519,6.826074802700826,0.1998534638373073,3
4996,6.626121419052861,6.826074802700826,0.19995338364796478,6
4997,6.626266210724442,6.826074802700826,0.19980859197638434,7
4998,6.625957921545194,6.826074802700826,0.20011688115563242,5
4999,6.626065594315546,6.826074802700826,0.20000920838528025,10
5000,6.625995543919563,6.826074802700826,0.20007925878126276,1
5001,6.626006329435089,6.826074802700826,0.20006847326573673,8
5002,6.626015793086113,6.826074802700826,0.200059009614713,4
5003,6.6261397710116325,6.826074802700826,0.19993503168919347,9
5004,6.719033454180686,6.919078092376074,0.20004463819538731,2
5005,6.718863986577557,6.919078092376074,0.2002141057985165,1
5006,6.7191173306933445,6.919078092376074,0.19996076168272925,7
5007,6.719127814219894,6.919078092376074,0.19995027815618016,4
5008,6.71913595185114,6.919078092376074,0.19994214052493398,10
5009,6.718934521534019,6.919078092376074,0.20014357084205514,3
5010,6.719268155245197,6.919078092376074,0.19980993713087702,6
5011,6.7187052593219905,6.919078092376074,0.20037283305408327,8
5012,6.719083316451925,6.919078092376074,0.19999477592414916,5
5013,5.904341176809757,5.8750612633917,-0.02927991341805658,2
5014,5.971313006490041,5.8750612633917,-0.09625174309834073,4
5015,5.91528205473429,5.8750612633917,-0.04022079134259027,3
5016,5.98676572961975,5.8750612633917,-0.11170446622804953,10
5017,5.989596512859471,5.8750612633917,-0.11453524946777094,9
5018,5.951008200685841,5.8750612633917,-0.07594693729414104,8
5019,5.759662927118545,5.8750612633917,0.11539833627315499,1
5020,5.922717663184986,5.8750612633917,-0.04765639979328551,5
5021,5.955702586839747,5.8750612633917,-0.08064132344804698,6
5022,6.100992628839174,5.176091259055681,-0.9249013697834929,8
5023,6.101307493655232,5.176091259055681,-0.9252162345995503,10
5024,5.7705213016460055,5.176091259055681,-0.5944300425903242,3
5025,6.007892676308625,5.176091259055681,-0.8318014172529438,7
5026,6.10104963735159,5.176091259055681,-0.9249583782959085,4
5027,6.100807460877284,5.176091259055681,-0.9247162018216031,9
5028,6.1010450087790895,5.176091259055681,-0.9249537497234082,1
5029,6.101145840664775,5.176091259055681,-0.9250545816090936,2
5030,6.100859685113416,5.176091259055681,-0.9247684260577342,6
5031,6.449529027622561,6.644044492814749,0.19451546519218788,1
5032,6.526060330795136,6.644044492814749,0.1179841620196127,9
5033,6.481463688763065,6.644044492814749,0.16258080405168407,7
5034,6.490038494008723,6.644044492814749,0.15400599880602606,5
5035,6.4576988192179625,6.644044492814749,0.18634567359678655,3
5036,6.487710782047132,6.644044492814749,0.15633371076761726,2
5037,6.444066510764006,6.644044492814749,0.19997798205074346,4
5038,6.4691351454571135,6.644044492814749,0.17490934735763553,10
5039,6.443971684454819,6.644044492814749,0.2000728083599297,6
5040,4.004896727941061,2.7781512503836434,-1.2267454775574174,6
5041,3.769984902669069,2.7781512503836434,-0.9918336522854254,8
5042,3.875860600831545,2.7781512503836434,-1.0977093504479014,5
5043,3.8013037410006336,2.7781512503836434,-1.0231524906169902,9
5044,3.921379508899803,2.7781512503836434,-1.1432282585161597,10
5045,3.5964361393880613,2.7781512503836434,-0.8182848890044179,7
5046,3.77146539209434,2.7781512503836434,-0.9933141417106968,3
5047,3.782028859338567,2.7781512503836434,-1.0038776089549235,4
5048,3.5926643733883266,2.7781512503836434,-0.8145131230046831,2
5049,5.688660341345653,6.079181246047625,0.3905209047019724,3
5050,5.722398911716767,6.079181246047625,0.35678233433085804,5
5051,5.866387155727465,6.079181246047625,0.21279409032015995,2
5052,5.661834730266675,6.079181246047625,0.4173465157809497,9
5053,5.716571639032006,6.079181246047625,0.36260960701561906,10
5054,5.581958685641276,6.079181246047625,0.4972225604063487,7
5055,5.546802449949926,6.079181246047625,0.5323787960976993,4
5056,5.494107205016661,6.079181246047625,0.585074041030964,6
5057,5.795039850305201,6.079181246047625,0.2841413957424237,8
5058,3.526985123681307,3.0791812460476247,-0.4478038776336821,9
5059,3.682751873824664,3.0791812460476247,-0.6035706277770392,1
5060,3.7501988900345444,3.0791812460476247,-0.6710176439869198,6
5061,3.4982811703646677,3.0791812460476247,-0.419099924317043,2
5062,3.5981210830164234,3.0791812460476247,-0.5189398369687988,3
5063,3.645808853168838,3.0791812460476247,-0.5666276071212133,8
5064,3.681220670959623,3.0791812460476247,-0.6020394249119985,5
5065,3.598642052360119,3.0791812460476247,-0.5194608063124941,4
5066,3.507439173820025,3.0791812460476247,-0.4282579277724001,7
5067,6.083618599046639,6.283301228703549,0.19968262965690986,5
5068,6.083366250646261,6.283301228703549,0.19993497805728833,6
5069,6.082931876483056,6.283301228703549,0.200369352220493,7
5070,6.0831860335642345,6.283301228703549,0.20011519513931475,4
5071,6.083553076393806,6.283301228703549,0.19974815230974308,2
5072,6.083312278443457,6.283301228703549,0.19998895026009222,1
5073,6.0831720031804695,6.283301228703549,0.20012922552307977,8
5074,6.08370416783332,6.283301228703549,0.19959706087022955,3
5075,6.083223730957112,6.283301228703549,0.20007749774643724,9
5076,5.590194659361069,6.2878017299302265,0.6976070705691573,8
5077,5.660201641029758,6.2878017299302265,0.6276000889004685,7
5078,5.561097999389679,6.2878017299302265,0.7267037305405477,1
5079,5.568348559392157,6.2878017299302265,0.7194531705380696,4
5080,5.720866413012157,6.2878017299302265,0.5669353169180695,5
5081,5.623254815696497,6.2878017299302265,0.6645469142337292,2
5082,5.533765623808261,6.2878017299302265,0.7540361061219656,6
5083,5.60827062122245,6.2878017299302265,0.6795311087077769,9
5084,5.824926641319517,6.2878017299302265,0.46287508861070936,3
5085,5.737420559182101,5.536937022704674,-0.20048353647742712,6
5086,5.736439885507392,5.536937022704674,-0.199502862802718,5
5087,5.73675815815835,5.536937022704674,-0.19982113545367675,1
5088,5.7370012075804375,5.536937022704674,-0.20006418487576383,8
5089,5.737325680074577,5.536937022704674,-0.20038865736990363,2
5090,5.736806500318532,5.536937022704674,-0.19986947761385832,7
5091,5.736756202724698,5.536937022704674,-0.1998191800200244,3
5092,5.737182147581122,5.536937022704674,-0.20024512487644852,9
5093,5.7371946519564885,5.536937022704674,-0.20025762925181478,4
5094,6.101307493655232,6.301029995663981,0.19972250200874964,10
5095,6.100859685113416,6.301029995663981,0.20017031055056567,6
5096,6.007892676308625,6.301029995663981,0.29313731935535614,7
5097,6.100992628839174,6.301029995663981,0.200037366824807,8
5098,6.101145840664775,6.301029995663981,0.1998841549992063,2
5099,6.1010450087790895,6.301029995663981,0.19998498688489175,1
5100,6.10104963735159,6.301029995663981,0.19998035831239136,4
5101,6.100807460877284,6.301029995663981,0.20022253478669683,9
5102,6.125452338690761,6.301029995663981,0.17557765697322036,5
5103,6.439129842399735,6.472902651803664,0.03377280940392868,5
5104,6.495278867573657,6.472902651803664,-0.02237621576999338,6
5105,6.328881715236518,6.472902651803664,0.14402093656714587,7
5106,6.457948323807398,6.472902651803664,0.014954327996266059,9
5107,6.39056045902441,6.472902651803664,0.08234219277925359,2
5108,6.352166294111725,6.472902651803664,0.12073635769193913,4
5109,6.404111333038024,6.472902651803664,0.06879131876563971,8
5110,6.459185554681276,6.472902651803664,0.013717097122388111,10
5111,6.406916750471222,6.472902651803664,0.06598590133244198,1
5112,5.20018871289346,5.0,-0.20018871289345963,9
5113,5.199834231164069,5.0,-0.1998342311640693,2
5114,5.200354668833328,5.0,-0.2003546688333282,1
5115,5.199999276484196,5.0,-0.19999927648419558,5
5116,5.200194691725586,5.0,-0.2001946917255859,6
5117,5.2001973757531115,5.0,-0.20019737575311147,3
5118,5.251595220971362,5.0,-0.2515952209713621,4
5119,5.1999224154484995,5.0,-0.19992241544849954,8
5120,5.199897503347493,5.0,-0.19989750334749257,10
5121,6.331492865118736,6.531478917042255,0.1999860519235197,7
5122,6.331562243954773,6.531478917042255,0.19991667308748262,1
5123,6.331345510619077,6.531478917042255,0.20013340642317878,3
5124,6.331496433873012,6.531478917042255,0.1999824831692436,4
5125,6.331792054042765,6.531478917042255,0.19968686299949034,10
5126,6.33115458378497,6.531478917042255,0.20032433325728505,2
5127,6.331472433856837,6.531478917042255,0.20000648318541803,6
5128,6.331695116366747,6.531478917042255,0.19978380067550816,9
5129,6.331801779835164,6.531478917042255,0.19967713720709135,5
5130,5.8316940877743155,6.033423755486949,0.2017296677126339,5
5131,5.818472291844344,6.033423755486949,0.2149514636426053,2
5132,5.833131915561608,6.033423755486949,0.20029183992534172,10
5133,5.819651951031319,6.033423755486949,0.2137718044556305,4
5134,5.800865835578752,6.033423755486949,0.23255791990819752,9
5135,5.685929145036736,6.033423755486949,0.34749461045021324,3
5136,5.822431012911289,6.033423755486949,0.21099274257566059,6
5137,5.79829694361824,6.033423755486949,0.23512681186870932,8
5138,5.794950033902015,6.033423755486949,0.23847372158493485,7
5139,5.109526634774348,3.662757831681574,-1.4467688030927746,1
5140,5.127997716780722,3.662757831681574,-1.4652398850991477,5
5141,5.236035365204947,3.662757831681574,-1.5732775335233735,2
5142,5.187746084318905,3.662757831681574,-1.5249882526373315,8
5143,5.165846428334155,3.662757831681574,-1.503088596652581,9
5144,5.290507108839958,3.662757831681574,-1.6277492771583844,7
5145,5.139537825110776,3.662757831681574,-1.476779993429202,6
5146,5.170934716150036,3.662757831681574,-1.5081768844684622,3
5147,5.118021745525309,3.662757831681574,-1.4552639138437349,10
5148,5.899346461811973,6.260548372636979,0.36120191082500597,4
5149,5.8310169644777154,6.260548372636979,0.4295314081592636,8
5150,5.848099541168846,6.260548372636979,0.41244883146813294,7
5151,5.926185237500359,6.260548372636979,0.33436313513661986,9
5152,5.895013483663666,6.260548372636979,0.365534888973313,2
5153,5.869271931361749,6.260548372636979,0.3912764412752301,1
5154,5.912957332675753,6.260548372636979,0.34759103996122587,10
5155,5.783538245752402,6.260548372636979,0.47701012688457745,3
5156,5.934588682455522,6.260548372636979,0.325959690181457,6
5157,6.01840643263115,5.301029995663981,-0.7173764369671689,2
5158,5.96145970007041,5.301029995663981,-0.6604297044064289,3
5159,5.998704684154767,5.301029995663981,-0.6976746884907854,1
5160,6.012466251126416,5.301029995663981,-0.7114362554624352,10
5161,5.9751054724323724,5.301029995663981,-0.6740754767683912,8
5162,6.0359266126543005,5.301029995663981,-0.7348966169903193,4
5163,5.9994711475447815,5.301029995663981,-0.6984411518808002,7
5164,6.040380583006422,5.301029995663981,-0.7393505873424404,9
5165,6.0185847713869585,5.301029995663981,-0.7175547757229772,6
5166,6.154231210285463,6.176091259055681,0.0218600487702183,3
5167,6.177417168761509,6.176091259055681,-0.001325909705827577,5
5168,6.160518599363173,6.176091259055681,0.015572659692508317,2
5169,6.141506167233002,6.176091259055681,0.034585091822679104,4
5170,6.127354352577473,6.176091259055681,0.04873690647820794,7
5171,6.139890498388031,6.176091259055681,0.036200760667650655,1
5172,6.163741256446828,6.176091259055681,0.012350002608853217,10
5173,6.218423864160216,6.176091259055681,-0.042332605104534515,9
5174,6.218447307040727,6.176091259055681,-0.042356047985046,6
5175,5.699957289440859,5.4996870826184034,-0.20027020682245578,5
5176,5.674747773303708,5.4996870826184034,-0.17506069068530472,1
5177,5.696635585384792,5.4996870826184034,-0.19694850276638842,7
5178,5.699620941387751,5.4996870826184034,-0.19993385876934777,2
5179,5.6805302575675825,5.4996870826184034,-0.180843174949179,9
5180,5.699790245429097,5.4996870826184034,-0.2001031628106933,10
5181,5.709486315779101,5.4996870826184034,-0.20979923316069726,6
5182,5.633343014692869,5.4996870826184034,-0.1336559320744657,3
5183,5.65601696556517,5.4996870826184034,-0.15632988294676675,8
5184,5.140431471109149,5.295127085252191,0.15469561414304156,9
5185,5.438623789966481,5.295127085252191,-0.14349670471429032,6
5186,5.495408405672302,5.295127085252191,-0.20028132042011126,7
5187,5.486082962063886,5.295127085252191,-0.190955876811695,1
5188,5.447305995606836,5.295127085252191,-0.15217891035464515,10
5189,5.318784239991707,5.295127085252191,-0.02365715473951635,5
5190,5.395137218628848,5.295127085252191,-0.10001013337665743,8
5191,5.464709719281252,5.295127085252191,-0.16958263402906137,2
5192,5.357317926137795,5.295127085252191,-0.062190840885604004,3
5193,5.500903466338158,5.301029995663981,-0.19987347067417716,2
5194,5.427500446182467,5.301029995663981,-0.12647045051848593,10
5195,5.501179686629496,5.301029995663981,-0.20014969096551471,4
5196,5.501080339832386,5.301029995663981,-0.20005034416840495,7
5197,5.255394955190471,5.301029995663981,0.045635040473510635,3
5198,5.501338664043288,5.301029995663981,-0.20030866837930716,8
5199,5.500824819531412,5.301029995663981,-0.19979482386743097,6
5200,5.501206577384635,5.301029995663981,-0.20017658172065378,5
5201,5.501203356628142,5.301029995663981,-0.20017336096416116,1
5202,4.662817112080354,3.911690158753861,-0.7511269533264935,8
5203,4.7068294665647,3.911690158753861,-0.7951393078108389,10
5204,4.663917382420655,3.911690158753861,-0.752227223666794,6
5205,4.638693581703173,3.911690158753861,-0.7270034229493119,3
5206,4.646558129968546,3.911690158753861,-0.7348679712146851,5
5207,4.710164344554346,3.911690158753861,-0.7984741858004849,1
5208,4.645721980090719,3.911690158753861,-0.734031821336858,2
5209,4.7398828691384765,3.911690158753861,-0.8281927103846156,9
5210,4.669347422760494,3.911690158753861,-0.7576572640066335,7
5211,6.273042383115218,6.324282455297693,0.05124007218247506,3
5212,6.302162472354408,6.324282455297693,0.022119982943284988,10
5213,6.31236642998318,6.324282455297693,0.011916025314513412,6
5214,6.203752896433415,6.324282455297693,0.12052955886427785,4
5215,6.189987716906035,6.324282455297693,0.13429473839165773,8
5216,6.293623534114651,6.324282455297693,0.0306589211830417,1
5217,6.2757930286522985,6.324282455297693,0.04848942664539457,9
5218,6.141198994559866,6.324282455297693,0.18308346073782733,7
5219,6.22213665180948,6.324282455297693,0.102145803488213,2
5220,5.5206583535732845,5.72029163965499,0.19963328608170539,10
5221,5.4905497040218,5.72029163965499,0.22974193563319023,6
5222,5.520628053315797,5.72029163965499,0.19966358633919246,4
5223,5.5201174360479115,5.72029163965499,0.20017420360707838,3
5224,5.520709697400278,5.72029163965499,0.19958194225471182,5
5225,5.520089850501345,5.72029163965499,0.2002017891536445,7
5226,5.520005850227059,5.72029163965499,0.20028578942793107,9
5227,5.520259773153171,5.72029163965499,0.2000318665018188,1
5228,5.520057163286547,5.72029163965499,0.2002344763684425,2
5229,6.03984183396875,6.3670482644844935,0.3272064305157434,2
5230,5.975925762605715,6.3670482644844935,0.39112250187877873,9
5231,5.8602918236729415,6.3670482644844935,0.5067564408115519,7
5232,5.960238305271852,6.3670482644844935,0.40680995921264174,10
5233,6.014014593422612,6.3670482644844935,0.35303367106188155,8
5234,5.95756830676342,6.3670482644844935,0.40947995772107326,1
5235,6.09637466374271,6.3670482644844935,0.2706736007417838,6
5236,5.9449267639613685,6.3670482644844935,0.4221215005231249,3
5237,6.016548323622761,6.3670482644844935,0.35049994086173264,4
5238,6.1978295695981895,7.204119982655925,1.0062904130577355,6
5239,6.172562009490518,7.204119982655925,1.0315579731654072,9
5240,6.198125296877543,7.204119982655925,1.005994685778382,4
5241,6.117486209419558,7.204119982655925,1.0866337732363673,7
5242,6.188646923962657,7.204119982655925,1.015473058693268,5
5243,6.197860689823846,7.204119982655925,1.0062592928320786,8
5244,6.197812518999668,7.204119982655925,1.006307463656257,10
5245,6.115402415524682,7.204119982655925,1.0887175671312432,3
5246,6.19773124682391,7.204119982655925,1.0063887358320152,2
5247,6.213189132477097,6.012837224705172,-0.2003519077719247,5
5248,6.213001760052679,6.012837224705172,-0.20016453534750678,6
5249,6.212733874162076,6.012837224705172,-0.1998966494569041,8
5250,6.213058432178999,6.012837224705172,-0.20022120747382655,7
5251,6.212803683687717,6.012837224705172,-0.19996645898254517,9
5252,6.213073736670243,6.012837224705172,-0.20023651196507064,2
5253,6.21260867336878,6.012837224705172,-0.19977144866360774,1
5254,6.212835028838104,6.012837224705172,-0.19999780413293156,4
5255,6.212666597244706,6.012837224705172,-0.1998293725395337,10
5256,5.38672811140471,5.176091259055681,-0.21063685234902874,10
5257,5.376276096578091,5.176091259055681,-0.2001848375224098,9
5258,5.552441732284645,5.176091259055681,-0.376350473228964,7
5259,5.468512267052057,5.176091259055681,-0.29242100799637605,4
5260,5.543529707249701,5.176091259055681,-0.3674384481940196,5
5261,5.490706513954462,5.176091259055681,-0.31461525489878106,2
5262,5.386883451915058,5.176091259055681,-0.210792192859377,6
5263,5.406930499808732,5.176091259055681,-0.23083924075305085,8
5264,5.376195062727183,5.176091259055681,-0.20010380367150127,1
5265,5.853282154156018,6.278982116865443,0.4256999627094249,7
5266,5.8531581808613815,6.278982116865443,0.4258239360040612,5
5267,5.853152162704221,6.278982116865443,0.4258299541612214,10
5268,5.631091427219417,6.278982116865443,0.6478906896460259,6
5269,5.852898402574916,6.278982116865443,0.4260837142905265,2
5270,5.991328094686558,6.278982116865443,0.28765402217888436,3
5271,5.590026031090312,6.278982116865443,0.6889560857751311,8
5272,5.6936835317883245,6.278982116865443,0.5852985850771182,4
5273,5.6867327421046765,6.278982116865443,0.5922493747607662,9
5274,5.217668733766703,6.17897694729317,0.9613082135264666,7
5275,4.99099537934499,6.17897694729317,1.1879815679481798,6
5276,4.922504344002609,6.17897694729317,1.256472603290561,8
5277,5.045626698951343,6.17897694729317,1.1333502483418263,10
5278,5.129397542727096,6.17897694729317,1.0495794045660736,4
5279,5.346548125566506,6.17897694729317,0.8324288217266638,3
5280,5.024262213577711,6.17897694729317,1.1547147337154584,2
5281,5.061632112461504,6.17897694729317,1.1173448348316661,5
5282,4.931192622398386,6.17897694729317,1.2477843248947833,1
5283,4.661325241506639,4.329194415088451,-0.33213082641818836,4
5284,4.616399914037306,4.329194415088451,-0.28720549894885483,8
5285,4.865253579842477,4.329194415088451,-0.5360591647540263,2
5286,4.5339808032297295,4.329194415088451,-0.20478638814127859,10
5287,4.818276225210383,4.329194415088451,-0.48908181012193186,3
5288,4.570403752253223,4.329194415088451,-0.2412093371647721,6
5289,4.6948800994248305,4.329194415088451,-0.3656856843363796,9
5290,4.7067400756756195,4.329194415088451,-0.37754566058716854,5
5291,4.624927587591091,4.329194415088451,-0.29573317250264,1
5292,5.490706513954462,6.002166061756507,0.511459547802045,2
5293,5.376276096578091,6.002166061756507,0.6258899651784162,9
5294,5.468512267052057,6.002166061756507,0.53365379470445,4
5295,5.543529707249701,6.002166061756507,0.4586363545068064,5
5296,5.386883451915058,6.002166061756507,0.615282609841449,6
5297,5.552441732284645,6.002166061756507,0.449724329471862,7
5298,5.801859704002103,6.002166061756507,0.2003063577544042,3
5299,5.406930499808732,6.002166061756507,0.5952355619477752,8
5300,5.38672811140471,6.002166061756507,0.6154379503517973,10
5301,6.289427370129663,6.489395921727129,0.19996855159746652,2
5302,6.289724121682957,6.489395921727129,0.19967180004417262,9
5303,6.2894208284387485,6.489395921727129,0.1999750932883808,10
5304,6.289573123898636,6.489395921727129,0.19982279782849321,4
5305,6.289084004710563,6.489395921727129,0.20031191701656592,1
5306,6.289760876357929,6.489395921727129,0.19963504536920063,8
5307,6.289592204261752,6.489395921727129,0.19980371746537706,6
5308,6.2893014826956914,6.489395921727129,0.20009443903143787,7
5309,6.289410438755995,6.489395921727129,0.19998548297113405,5
5310,5.180487972678863,5.0,-0.18048797267886307,4
5311,5.200074912597195,5.0,-0.200074912597195,7
5312,5.2002632308087255,5.0,-0.20026323080872555,2
5313,5.199842759276247,5.0,-0.19984275927624662,3
5314,5.200282712029019,5.0,-0.20028271202901937,8
5315,5.2003456054364126,5.0,-0.20034560543641255,9
5316,5.185178126418565,5.0,-0.18517812641856501,5
5317,5.075568433219657,5.0,-0.07556843321965712,6
5318,5.08103471317941,5.0,-0.08103471317940958,10
5319,4.945145135400817,5.0,0.054854864599183095,3
5320,4.922727233952962,5.0,0.07727276604703803,2
5321,4.942345173482007,5.0,0.05765482651799303,5
5322,5.01562817351444,5.0,-0.01562817351443968,9
5323,4.934726544365694,5.0,0.06527345563430575,8
5324,5.1998754760338946,5.0,-0.19987547603389455,4
5325,4.968611709242731,5.0,0.03138829075726868,6
5326,4.994483646956552,5.0,0.005516353043447886,10
5327,4.946215494852024,5.0,0.05378450514797617,7
5328,5.710276961262823,4.698970004336019,-1.0113069569268038,3
5329,5.791956509881241,4.698970004336019,-1.0929865055452224,7
5330,5.808648568579356,4.698970004336019,-1.109678564243337,8
5331,5.830438291563965,4.698970004336019,-1.1314682872279462,5
5332,5.740752043864552,4.698970004336019,-1.0417820395285329,9
5333,5.824902649939993,4.698970004336019,-1.1259326456039744,6
5334,5.776054331187207,4.698970004336019,-1.077084326851188,1
5335,5.789554692647953,4.698970004336019,-1.0905846883119343,4
5336,5.8149963341168,4.698970004336019,-1.116026329780781,2
5337,5.5858936917586215,5.294466226161593,-0.29142746559702815,1
5338,5.614814411826443,5.294466226161593,-0.3203481856648498,2
5339,5.550252933604741,5.294466226161593,-0.25578670744314724,3
5340,5.611650108498012,5.294466226161593,-0.31718388233641903,8
5341,5.5209775638983665,5.294466226161593,-0.22651133773677312,9
5342,5.633301292515397,5.294466226161593,-0.3388350663538038,10
5343,5.571787582987652,5.294466226161593,-0.2773213568260591,4
5344,5.604278002163749,5.294466226161593,-0.3098117760021557,6
5345,5.632291764370944,5.294466226161593,-0.33782553820935046,5
5346,5.643371682184172,5.477121254719663,-0.1662504274645098,4
5347,5.538300758630305,5.477121254719663,-0.0611795039106422,3
5348,5.60764997640957,5.477121254719663,-0.1305287216899078,9
5349,5.6105113259091475,5.477121254719663,-0.13339007118948487,2
5350,5.60605218876037,5.477121254719663,-0.12893093404070743,7
5351,5.677233119795155,5.477121254719663,-0.20011186507549272,1
5352,5.677370323153656,5.477121254719663,-0.20024906843399304,6
5353,5.659307202703988,5.477121254719663,-0.1821859479843253,10
5354,5.676981495137916,5.477121254719663,-0.19986024041825345,8
5355,6.064440099137428,6.1264561134318045,0.0620160142943762,5
5356,6.073325005121982,6.1264561134318045,0.05313110830982293,6
5357,5.999756210231491,6.1264561134318045,0.1266999032003131,9
5358,6.03349299472515,6.1264561134318045,0.09296311870665441,3
5359,6.023905543877025,6.1264561134318045,0.10255056955477926,8
5360,5.98559396167908,6.1264561134318045,0.14086215175272443,2
5361,5.985632644205819,6.1264561134318045,0.14082346922598532,4
5362,6.0746832038017775,6.1264561134318045,0.05177290963002701,10
5363,6.142722465214415,6.1264561134318045,-0.016266351782610045,1
5364,5.987157375274414,5.0,-0.987157375274414,10
5365,6.074014446078321,5.0,-1.074014446078321,1
5366,6.055990091008258,5.0,-1.0559900910082582,7
5367,6.1655206773561755,5.0,-1.1655206773561755,9
5368,6.145850958431098,5.0,-1.1458509584310983,6
5369,6.147495276540415,5.0,-1.1474952765404147,8
5370,6.101978824730594,5.0,-1.101978824730594,4
5371,6.097710498511219,5.0,-1.0977104985112192,2
5372,6.195908131298508,5.0,-1.1959081312985083,5
5373,4.416813900287146,4.02816441942447,-0.3886494808626759,5
5374,4.708495430878521,4.02816441942447,-0.6803310114540517,6
5375,4.780391682803167,4.02816441942447,-0.752227263378697,1
5376,4.716003318348328,4.02816441942447,-0.6878388989238582,8
5377,4.733566735602461,4.02816441942447,-0.7054023161779917,7
5378,4.415818085848671,4.02816441942447,-0.3876536664242014,3
5379,4.7347333445919855,4.02816441942447,-0.7065689251675158,10
5380,4.716367449614341,4.02816441942447,-0.6882030301898716,2
5381,5.469945626096854,4.02816441942447,-1.4417812066723847,9
5382,6.404111333038024,7.079181246047625,0.675069913009601,8
5383,6.406916750471222,7.079181246047625,0.6722644955764032,1
5384,6.352166294111725,7.079181246047625,0.7270149519359004,4
5385,6.495278867573657,7.079181246047625,0.5839023784739679,6
5386,6.457948323807398,7.079181246047625,0.6212329222402273,9
5387,6.4211213509338005,7.079181246047625,0.6580598951138246,3
5388,6.328881715236518,7.079181246047625,0.7502995308111071,7
5389,6.459185554681276,7.079181246047625,0.6199956913663494,10
5390,6.439129842399735,7.079181246047625,0.6400514036478899,5
5391,6.218423864160216,6.018650576891155,-0.19977328726906052,9
5392,6.139890498388031,6.018650576891155,-0.12123992149687535,1
5393,6.218447307040727,6.018650576891155,-0.199796730149572,6
5394,6.127354352577473,6.018650576891155,-0.10870377568631806,7
5395,6.163741256446828,6.018650576891155,-0.14509067955567279,10
5396,6.154231210285463,6.018650576891155,-0.1355806333943077,3
5397,6.141506167233002,6.018650576891155,-0.1228555903418469,4
5398,6.106513334414249,6.018650576891155,-0.08786275752309347,8
5399,6.177417168761509,6.018650576891155,-0.15876659187035358,5
5400,6.160891761830165,7.049218022670182,0.8883262608400173,3
5401,6.101978824730594,7.049218022670182,0.947239197939588,4
5402,6.147495276540415,7.049218022670182,0.9017227461297672,8
5403,6.055990091008258,7.049218022670182,0.9932279316619237,7
5404,6.074014446078321,7.049218022670182,0.975203576591861,1
5405,6.1655206773561755,7.049218022670182,0.8836973453140065,9
5406,6.145850958431098,7.049218022670182,0.9033670642390836,6
5407,6.097710498511219,7.049218022670182,0.9515075241589628,2
5408,6.195908131298508,7.049218022670182,0.8533098913716737,5
5409,5.84311028050461,6.556302500767287,0.7131922202626768,9
5410,5.786724295694178,6.556302500767287,0.7695782050731088,10
5411,5.792909924216463,6.556302500767287,0.7633925765508236,4
5412,5.817362492413909,6.556302500767287,0.7389400083533779,6
5413,5.795743617412276,6.556302500767287,0.760558883355011,1
5414,5.846632751984229,6.556302500767287,0.7096697487830577,5
5415,5.8530555980456445,6.556302500767287,0.7032469027216424,3
5416,5.837693152366051,6.556302500767287,0.7186093484012357,7
5417,5.857244358104535,6.556302500767287,0.6990581426627518,8
5418,6.092741026811552,7.176091259055681,1.083350232244129,4
5419,6.14528356793353,7.176091259055681,1.0308076911221518,5
5420,6.193654538805576,7.176091259055681,0.9824367202501056,3
5421,6.097754928914544,7.176091259055681,1.0783363301411377,7
5422,6.192355746566464,7.176091259055681,0.9837355124892175,9
5423,6.093056409255229,7.176091259055681,1.0830348498004527,2
5424,6.1010668745942676,7.176091259055681,1.0750243844614138,8
5425,6.101982056446921,7.176091259055681,1.07410920260876,6
5426,6.081133360805946,7.176091259055681,1.094957898249735,10
5427,5.457059281273816,5.615539749308947,0.1584804680351315,3
5428,5.381884648951385,5.615539749308947,0.23365510035756198,2
5429,5.415424975266578,5.615539749308947,0.200114774042369,1
5430,5.415337916011151,5.615539749308947,0.20020183329779595,5
5431,5.4154862655010225,5.615539749308947,0.20005348380792487,4
5432,5.415251129592609,5.615539749308947,0.20028861971633827,8
5433,5.415193419194982,5.615539749308947,0.2003463301139652,9
5434,5.370381575538656,5.615539749308947,0.24515817377029148,7
5435,5.415827715296174,5.615539749308947,0.19971203401277382,10
5436,6.472264437325557,7.017450729510536,0.5451862921849786,3
5437,6.261313225544135,7.017450729510536,0.7561375039664009,10
5438,6.471811401348545,7.017450729510536,0.5456393281619905,1
5439,6.471904706937545,7.017450729510536,0.5455460225729905,9
5440,6.472369731848738,7.017450729510536,0.5450809976617981,8
5441,6.47217170660495,7.017450729510536,0.5452790229055857,5
5442,6.471827924676117,7.017450729510536,0.5456228048344185,2
5443,6.471751635739045,7.017450729510536,0.545699093771491,4
5444,6.2994078455812135,7.017450729510536,0.7180428839293223,6
5445,5.748955756045235,3.838849090737255,-1.9101066653079797,6
5446,5.491182491757756,3.838849090737255,-1.6523334010205004,9
5447,5.474968551935497,3.838849090737255,-1.6361194611982417,2
5448,5.624053352240907,3.838849090737255,-1.7852042615036514,8
5449,5.489620211241173,3.838849090737255,-1.6507711205039182,10
5450,5.517230494408194,3.838849090737255,-1.6783814036709388,1
5451,5.540072365963546,3.838849090737255,-1.7012232752262908,7
5452,5.534200992682331,3.838849090737255,-1.695351901945076,4
5453,5.420307488138805,3.838849090737255,-1.58145839740155,3
5454,5.802283360953697,6.278753600952829,0.47647023999913163,6
5455,5.996330406746808,6.278753600952829,0.2824231942060207,1
5456,5.886301140331545,6.278753600952829,0.3924524606212838,3
5457,5.895353647527261,6.278753600952829,0.38339995342556765,2
5458,5.765136281000935,6.278753600952829,0.5136173199518943,7
5459,5.919267911818415,6.278753600952829,0.3594856891344138,5
5460,5.750517764320623,6.278753600952829,0.5282358366322057,9
5461,5.823457292954437,6.278753600952829,0.4552963079983918,4
5462,6.042690671118835,6.278753600952829,0.23606292983399424,10
5463,6.237908153658421,7.079181246047625,0.841273092389204,5
5464,6.147270641434508,7.079181246047625,0.9319106046131171,9
5465,6.170099168425163,7.079181246047625,0.909082077622462,7
5466,6.1034984429446215,7.079181246047625,0.9756828031030036,2
5467,6.188070174416104,7.079181246047625,0.8911110716315207,10
5468,6.196182682275116,7.079181246047625,0.8829985637725093,3
5469,6.215839705595042,7.079181246047625,0.8633415404525833,8
5470,6.281323186887488,7.079181246047625,0.797858059160137,1
5471,6.176934317796441,7.079181246047625,0.9022469282511842,6
5472,5.312312707736075,5.181843587944773,-0.13046911979130194,10
5473,5.381792294955684,5.181843587944773,-0.19994870701091116,3
5474,5.345752149853061,5.181843587944773,-0.16390856190828806,8
5475,5.3822171797014065,5.181843587944773,-0.20037359175663383,2
5476,5.347215229888433,5.181843587944773,-0.16537164194366039,7
5477,5.34003808833063,5.181843587944773,-0.15819450038585714,4
5478,5.363164297549041,5.181843587944773,-0.18132070960426816,6
5479,5.381946124917032,5.181843587944773,-0.20010253697225977,5
5480,5.34604793222839,5.181843587944773,-0.1642043442836174,1
5481,5.206669656935526,5.181843587944773,-0.02482606899075357,4
5482,5.2342165335865545,5.181843587944773,-0.052372945641781854,9
5483,5.382034018550969,5.181843587944773,-0.20019043060619612,3
5484,5.374797883222195,5.181843587944773,-0.19295429527742236,2
5485,5.16917728748423,5.181843587944773,0.012666300460542956,1
5486,5.030159544930736,5.181843587944773,0.15168404301403626,10
5487,5.197161513756809,5.181843587944773,-0.015317925812036393,8
5488,5.205666121953813,5.181843587944773,-0.023822534009040552,5
5489,5.194051517344798,5.181843587944773,-0.012207929400025463,7
5490,4.540711819743603,4.340444114840119,-0.20026770490348333,5
5491,4.540653918864491,4.340444114840119,-0.2002098040243716,6
5492,4.54035286225652,4.340444114840119,-0.19990874741640052,4
5493,4.540628227315692,4.340444114840119,-0.200184112475573,1
5494,4.540325571255473,4.340444114840119,-0.19988145641535393,8
5495,4.540064475314036,4.340444114840119,-0.19962036047391685,9
5496,4.5401940282609115,4.340444114840119,-0.19974991342079207,10
5497,4.540771142803186,4.340444114840119,-0.20032702796306623,7
5498,4.790187248295759,4.340444114840119,-0.4497431334556392,2
5499,3.8186418960116733,3.403120521175818,-0.4155213748358553,1
5500,3.7611845149798033,3.403120521175818,-0.35806399380398535,9
5501,3.802361135633338,3.403120521175818,-0.39924061445752024,7
5502,4.1020058685962795,3.403120521175818,-0.6988853474204615,3
5503,3.7157428070671674,3.403120521175818,-0.31262228589134944,6
5504,3.887389881047022,3.403120521175818,-0.48426935987120423,10
5505,3.8119624680361044,3.403120521175818,-0.4088419468602864,8
5506,3.7643661561044035,3.403120521175818,-0.3612456349285855,4
5507,3.8185862273231095,3.403120521175818,-0.4154657061472915,5
5508,5.191173014491044,4.991226075692495,-0.19994693879854886,7
5509,5.191407645154139,4.991226075692495,-0.20018156946164378,8
5510,5.191104914568886,4.991226075692495,-0.19987883887639057,9
5511,5.191013230693829,4.991226075692495,-0.19978715500133415,5
5512,5.1913241843332925,4.991226075692495,-0.20009810864079736,3
5513,5.191176547582964,4.991226075692495,-0.19995047189046922,4
5514,5.190790139541793,4.991226075692495,-0.19956406384929792,2
5515,5.191298939443554,4.991226075692495,-0.2000728637510587,6
5516,5.191062560507193,4.991226075692495,-0.19983648481469807,1
5517,6.1424792514348425,6.342422680822207,0.1999434293873641,6
5518,6.142236093083686,6.342422680822207,0.2001865877385205,3
5519,6.142783396954137,6.342422680822207,0.19963928386806984,5
5520,6.1426843970672085,6.342422680822207,0.19973828375499814,2
5521,6.142398187473708,6.342422680822207,0.20002449334849892,10
5522,6.142426155358027,6.342422680822207,0.19999652546417934,7
5523,6.142105055869783,6.342422680822207,0.20031762495242322,1
5524,6.14227933070194,6.342422680822207,0.20014335012026674,9
5525,6.142627497830932,6.342422680822207,0.19979518299127452,8
5526,5.647434927628581,5.447158031342219,-0.20027689628636125,6
5527,5.647174649867721,5.447158031342219,-0.20001661852550168,9
5528,5.647501463876033,5.447158031342219,-0.20034343253381337,5
5529,5.64736318849242,5.447158031342219,-0.20020515715020082,1
5530,5.647184926744284,5.447158031342219,-0.20002689540206475,7
5531,5.610348474931824,5.447158031342219,-0.16319044358960433,3
5532,5.647069049682521,5.447158031342219,-0.1999110183403019,2
5533,5.647165741994771,5.447158031342219,-0.2000077106525513,8
5534,5.64727068794203,5.447158031342219,-0.2001126565998108,10
5535,6.541111792720284,6.741151598851785,0.2000398061315014,7
5536,6.54157578593889,6.741151598851785,0.1995758129128955,1
5537,6.541074830991802,6.741151598851785,0.20007676785998374,8
5538,6.541327358798669,6.741151598851785,0.1998242400531165,10
5539,6.541405135373346,6.741151598851785,0.19974646347843983,2
5540,6.38138749441604,6.741151598851785,0.3597641044357456,5
5541,6.541092944367498,6.741151598851785,0.2000586544842875,6
5542,6.541401703388232,6.741151598851785,0.1997498954635537,9
5543,6.4854651611119145,6.741151598851785,0.2556864377398709,3
5544,5.661786939812937,6.350248018334163,0.6884610785212262,2
5545,5.689163811260678,6.350248018334163,0.6610842070734853,5
5546,5.744470502557228,6.350248018334163,0.6057775157769356,6
5547,5.597841667713753,6.350248018334163,0.7524063506204106,9
5548,5.612307699708438,6.350248018334163,0.737940318625725,1
5549,5.695146546896158,6.350248018334163,0.6551014714380052,8
5550,5.685489021038793,6.350248018334163,0.6647589972953698,10
5551,5.637630554634609,6.350248018334163,0.7126174636995541,3
5552,5.566369478052317,6.350248018334163,0.7838785402818464,4
5553,6.505609383830778,6.361727836017593,-0.14388154781318452,5
5554,6.561516636971952,6.361727836017593,-0.1997888009543587,9
5555,6.56178053044364,6.361727836017593,-0.20005269442604678,3
5556,6.5414063658888395,6.361727836017593,-0.17967852987124644,10
5557,6.5620641443099395,6.361727836017593,-0.2003363082923464,8
5558,6.561484964192395,6.361727836017593,-0.1997571281748023,6
5559,6.562029725832065,6.361727836017593,-0.2003018898144715,7
5560,6.561805674990682,6.361727836017593,-0.20007783897308862,1
5561,6.547463508996722,6.361727836017593,-0.18573567297912863,2
5562,5.869554906348526,4.176091259055681,-1.6934636472928446,6
5563,5.784146906992223,4.176091259055681,-1.608055647936542,3
5564,5.863861836498521,4.176091259055681,-1.6877705774428398,1
5565,5.867030209167111,4.176091259055681,-1.6909389501114296,10
5566,5.878079733046957,4.176091259055681,-1.7019884739912756,9
5567,5.943875957767074,4.176091259055681,-1.7677846987113925,7
5568,5.745558714991847,4.176091259055681,-1.5694674559361657,5
5569,5.910260544205193,4.176091259055681,-1.7341692851495116,8
5570,5.832701085941455,4.176091259055681,-1.6566098268857736,2
5571,5.1568767531295086,5.507855871695831,0.3509791185663227,6
5572,5.244752790067369,5.507855871695831,0.2631030816284623,1
5573,5.260061660992514,5.507855871695831,0.24779421070331686,5
5574,5.1027086463628795,5.507855871695831,0.4051472253329518,2
5575,5.1412033362503315,5.507855871695831,0.3666525354454997,7
5576,5.15086666603886,5.507855871695831,0.356989205656971,10
5577,5.101413006063126,5.507855871695831,0.40644286563270526,4
5578,5.185709124913616,5.507855871695831,0.32214674678221566,9
5579,5.166238046386569,5.507855871695831,0.3416178253092621,8
5580,6.442854132819047,6.732393759822968,0.2895396270039212,3
5581,6.461174025779366,6.732393759822968,0.2712197340436022,8
5582,6.410997282011995,6.732393759822968,0.321396477810973,4
5583,6.475933918982914,6.732393759822968,0.256459840840054,1
5584,6.50408057422394,6.732393759822968,0.22831318559902858,6
5585,6.426809096732493,6.732393759822968,0.3055846630904755,5
5586,6.530234611948684,6.732393759822968,0.20215914787428435,7
5587,6.4372261279145775,6.732393759822968,0.2951676319083907,10
5588,6.477120858481935,6.732393759822968,0.25527290134103353,9
5589,6.055990091008258,4.130333768495007,-1.9256563225132508,7
5590,5.987157375274414,4.130333768495007,-1.8568236067794066,10
5591,6.160891761830165,4.130333768495007,-2.030557993335157,3
5592,6.074014446078321,4.130333768495007,-1.9436806775833135,1
5593,6.145850958431098,4.130333768495007,-2.015517189936091,6
5594,6.195908131298508,4.130333768495007,-2.065574362803501,5
5595,6.101978824730594,4.130333768495007,-1.9716450562355865,4
5596,6.147495276540415,4.130333768495007,-2.0171615080454073,8
5597,6.1655206773561755,4.130333768495007,-2.035186908861168,9
5598,6.192107169136255,6.290034611362518,0.09792744222626304,3
5599,6.145234940935858,6.290034611362518,0.14479967042665987,10
5600,6.159066912127668,6.290034611362518,0.13096769923485052,2
5601,6.207086278806109,6.290034611362518,0.0829483325564091,8
5602,6.111696582816051,6.290034611362518,0.17833802854646752,9
5603,6.125783853240478,6.290034611362518,0.1642507581220407,4
5604,6.147643963968906,6.290034611362518,0.1423906473936123,7
5605,6.089798458949505,6.290034611362518,0.20023615241301318,6
5606,6.121677792791589,6.290034611362518,0.16835681857092943,1
5607,6.004292661111843,6.204119982655925,0.199827321544082,2
5608,6.004443193709404,6.204119982655925,0.19967678894652074,8
5609,6.003764227582651,6.204119982655925,0.2003557550732742,5
5610,6.0041623980799805,6.204119982655925,0.19995758457594448,4
5611,6.004230268105119,6.204119982655925,0.19988971455080584,6
5612,6.004586340201646,6.204119982655925,0.19953364245427885,10
5613,6.003959178577807,6.204119982655925,0.2001608040781182,7
5614,6.004129754633388,6.204119982655925,0.1999902280225374,1
5615,6.0040479060543905,6.204119982655925,0.20007207660153448,3
5616,6.368147810818146,6.954242509439325,0.5860946986211788,2
5617,6.329144680468092,6.954242509439325,0.6250978289712332,10
5618,6.412788083647928,6.954242509439325,0.5414544257913976,6
5619,6.291082713205181,6.954242509439325,0.6631597962341438,8
5620,6.412909061590478,6.954242509439325,0.5413334478488476,9
5621,6.38554790872666,6.954242509439325,0.5686946007126652,7
5622,6.367980536258036,6.954242509439325,0.5862619731812888,1
5623,6.393967257630605,6.954242509439325,0.5602752518087204,3
5624,6.412991210868877,6.954242509439325,0.5412512985704483,4
5625,6.389885368107747,7.079181246047625,0.6892958779398777,5
5626,6.584352897781458,7.079181246047625,0.49482834826616706,7
5627,6.464570307861616,7.079181246047625,0.6146109381860088,10
5628,6.498919740632058,7.079181246047625,0.5802615054155673,1
5629,6.458731377461325,7.079181246047625,0.6204498685863005,3
5630,6.487624758956367,7.079181246047625,0.5915564870912577,6
5631,6.419259603412428,7.079181246047625,0.6599216426351973,4
5632,6.477651810789027,7.079181246047625,0.6015294352585983,2
5633,6.491150817612175,7.079181246047625,0.5880304284354505,9
5634,5.488701338028749,6.698970004336019,1.21026866630727,9
5635,5.612398658768363,6.698970004336019,1.0865713455676556,3
5636,5.456894076054797,6.698970004336019,1.2420759282812215,6
5637,5.649683123769762,6.698970004336019,1.0492868805662567,10
5638,5.5730331206746175,6.698970004336019,1.1259368836614012,1
5639,5.56296814958898,6.698970004336019,1.1360018547470387,7
5640,5.642070873124992,6.698970004336019,1.0568991312110265,5
5641,5.5772577391319205,6.698970004336019,1.1217122652040983,8
5642,5.600093212187657,6.698970004336019,1.0988767921483618,4
5643,6.415121368012436,6.4623979978989565,0.047276629886520816,7
5644,6.365340398054826,6.4623979978989565,0.09705759984413032,10
5645,6.427152220780041,6.4623979978989565,0.03524577711891563,5
5646,6.398647225378528,6.4623979978989565,0.06375077252042871,2
5647,6.439015166881712,6.4623979978989565,0.023382831017244143,8
5648,6.431123002080393,6.4623979978989565,0.03127499581856341,3
5649,6.41433300971323,6.4623979978989565,0.04806498818572624,6
5650,6.41384189388687,6.4623979978989565,0.04855610401208654,1
5651,6.462832719709595,6.4623979978989565,-0.0004347218106381945,4
5652,6.556191608813303,6.698970004336019,0.14277839552271576,8
5653,6.556137365208194,6.698970004336019,0.14283263912782473,4
5654,6.532612414925627,6.698970004336019,0.16635758941039214,9
5655,6.550344583201194,6.698970004336019,0.1486254211348248,6
5656,6.555907420676608,6.698970004336019,0.14306258365941105,7
5657,6.555990686100545,6.698970004336019,0.14297931823547394,3
5658,6.556130651260697,6.698970004336019,0.14283935307532136,1
5659,6.558390533177141,6.698970004336019,0.14057947115887792,5
5660,6.498759801817502,6.698970004336019,0.20021020251851684,10
5661,5.865624122604529,6.334453751150931,0.468829628546402,5
5662,5.6534424439388005,6.334453751150931,0.6810113072121302,8
5663,5.69191465544317,6.334453751150931,0.642539095707761,6
5664,5.719544915892219,6.334453751150931,0.6149088352587118,3
5665,5.690399661818519,6.334453751150931,0.6440540893324114,2
5666,5.79449325017683,6.334453751150931,0.5399605009741011,9
5667,5.602737098755994,6.334453751150931,0.7317166523949368,10
5668,5.711137441262537,6.334453751150931,0.623316309888394,7
5669,5.700744507416719,6.334453751150931,0.633709243734212,4
5670,5.833597748718892,5.045322978786658,-0.7882747699322348,9
5671,5.84729864105152,5.045322978786658,-0.8019756622648622,1
5672,5.748402228429498,5.045322978786658,-0.7030792496428404,4
5673,5.807298253238382,5.045322978786658,-0.7619752744517241,7
5674,5.82243241891614,5.045322978786658,-0.7771094401294825,2
5675,5.625699704568814,5.045322978786658,-0.5803767257821564,6
5676,5.596994448995183,5.045322978786658,-0.5516714702085252,3
5677,5.801930386585138,5.045322978786658,-0.7566074077984801,8
5678,5.793879173632579,5.045322978786658,-0.7485561948459214,10
5679,6.344072325762918,6.544068044350276,0.19999571858735798,3
5680,6.34420802904392,6.544068044350276,0.19986001530635544,2
5681,6.3441893980137944,6.544068044350276,0.19987864633648122,5
5682,6.2813284244399945,6.544068044350276,0.26273961991028116,6
5683,6.3440370955447865,6.544068044350276,0.20003094880548922,8
5684,6.343802786892546,6.544068044350276,0.20026525745772972,9
5685,6.344183241461551,6.544068044350276,0.19988480288872434,10
5686,6.343869631323214,6.544068044350276,0.20019841302706176,4
5687,6.344169183008669,6.544068044350276,0.19989886134160706,7
5688,6.1587260659503205,6.6020599913279625,0.44333392537764205,7
5689,6.07137872589466,6.6020599913279625,0.5306812654333024,6
5690,6.085215526628316,6.6020599913279625,0.5168444646996466,4
5691,6.176737331582543,6.6020599913279625,0.4253226597454196,1
5692,6.158683575385023,6.6020599913279625,0.4433764159429394,2
5693,6.158983518148924,6.6020599913279625,0.44307647317903864,5
5694,6.1256524475125795,6.6020599913279625,0.47640754381538297,8
5695,6.146111909017962,6.6020599913279625,0.45594808231000084,3
5696,6.122129691804812,6.6020599913279625,0.4799302995231507,10
5697,6.998900717703432,7.589949601325708,0.5910488836222765,7
5698,7.013340295496544,7.589949601325708,0.5766093058291641,6
5699,7.017178634206566,7.589949601325708,0.5727709671191423,4
5700,6.92420049516026,7.589949601325708,0.6657491061654479,2
5701,7.013495063334027,7.589949601325708,0.5764545379916814,1
5702,7.007470208703232,7.589949601325708,0.582479392622476,3
5703,7.0038445641227804,7.589949601325708,0.5861050372029277,5
5704,6.835659186306723,7.589949601325708,0.7542904150189855,9
5705,7.017299332919741,7.589949601325708,0.5726502684059671,10
5706,6.439129842399735,6.942504106168081,0.5033742637683458,5
5707,6.495278867573657,6.942504106168081,0.44722523859442376,6
5708,6.4211213509338005,6.942504106168081,0.5213827552342805,3
5709,6.404111333038024,6.942504106168081,0.5383927731300568,8
5710,6.328881715236518,6.942504106168081,0.613622390931563,7
5711,6.406916750471222,6.942504106168081,0.5355873556968591,1
5712,6.459185554681276,6.942504106168081,0.48331855148680525,10
5713,6.39056045902441,6.942504106168081,0.5519436471436707,2
5714,6.457948323807398,6.942504106168081,0.4845557823606832,9
5715,6.218423864160216,6.43569150818434,0.21726764402412435,9
5716,6.127354352577473,6.43569150818434,0.3083371556068668,7
5717,6.218447307040727,6.43569150818434,0.21724420114361287,6
5718,6.160518599363173,6.43569150818434,0.2751729088211672,2
5719,6.141506167233002,6.43569150818434,0.29418534095133797,4
5720,6.163741256446828,6.43569150818434,0.2719502517375121,10
5721,6.177417168761509,6.43569150818434,0.2582743394228313,5
5722,6.139890498388031,6.43569150818434,0.2958010097963095,1
5723,6.154231210285463,6.43569150818434,0.28146029789887717,3
5724,6.1655206773561755,7.079181246047625,0.9136605686914496,9
5725,5.987157375274414,7.079181246047625,1.092023870773211,10
5726,6.195908131298508,7.079181246047625,0.8832731147491168,5
5727,6.101978824730594,7.079181246047625,0.9772024213170312,4
5728,6.160891761830165,7.079181246047625,0.9182894842174605,3
5729,6.145850958431098,7.079181246047625,0.9333302876165268,6
5730,6.055990091008258,7.079181246047625,1.0231911550393669,7
5731,6.074014446078321,7.079181246047625,1.0051667999693041,1
5732,6.147495276540415,7.079181246047625,0.9316859695072104,8
5733,6.561484964192395,6.838723190031372,0.2772382258389765,6
5734,6.505609383830778,6.838723190031372,0.3331138062005943,5
5735,6.562029725832065,6.838723190031372,0.2766934641993073,7
5736,6.56178053044364,6.838723190031372,0.276942659587732,3
5737,6.547463508996722,6.838723190031372,0.29125968103465016,2
5738,6.5414063658888395,6.838723190031372,0.29731682414253235,10
5739,6.561805674990682,6.838723190031372,0.2769175150406902,1
5740,6.561516636971952,6.838723190031372,0.2772065530594201,9
5741,6.5620641443099395,6.838723190031372,0.2766590457214324,8
5742,6.145850958431098,6.365487984890899,0.2196370264598011,6
5743,6.160891761830165,6.365487984890899,0.20459622306073477,3
5744,5.987157375274414,6.365487984890899,0.37833060961648535,10
5745,6.074014446078321,6.365487984890899,0.2914735388125784,1
5746,6.1655206773561755,6.365487984890899,0.19996730753472391,9
5747,6.055990091008258,6.365487984890899,0.30949789388264115,7
5748,6.097710498511219,6.365487984890899,0.26777748637968024,2
5749,6.101978824730594,6.365487984890899,0.26350916016030546,4
5750,6.147495276540415,6.365487984890899,0.21799270835048468,8
5751,6.055990091008258,4.880813592280791,-1.1751764987274669,7
5752,6.147495276540415,4.880813592280791,-1.2666816842596234,8
5753,6.097710498511219,4.880813592280791,-1.2168969062304278,2
5754,6.101978824730594,4.880813592280791,-1.2211652324498026,4
5755,6.195908131298508,4.880813592280791,-1.315094539017717,5
5756,5.987157375274414,4.880813592280791,-1.1063437829936227,10
5757,6.074014446078321,4.880813592280791,-1.1932008537975296,1
5758,6.145850958431098,4.880813592280791,-1.265037366150307,6
5759,6.160891761830165,4.880813592280791,-1.2800781695493733,3
5760,6.216897440358104,4.752355804153501,-1.4645416362046033,7
5761,6.208085535739692,4.752355804153501,-1.4557297315861915,8
5762,6.229253397831741,4.752355804153501,-1.47689759367824,6
5763,6.218320915590798,4.752355804153501,-1.4659651114372974,4
5764,6.265950467398301,4.752355804153501,-1.5135946632447999,5
5765,6.17845005724585,4.752355804153501,-1.4260942530923488,2
5766,6.238814121021375,4.752355804153501,-1.486458316867874,3
5767,6.198961007082355,4.752355804153501,-1.446605202928854,1
5768,6.163379145939535,4.752355804153501,-1.4110233417860343,10
5769,5.669828009330428,6.823545953567112,1.1537179442366838,5
5770,5.701975776694832,6.823545953567112,1.1215701768722797,3
5771,5.644817693066759,6.823545953567112,1.1787282605003524,4
5772,5.6713251154749065,6.823545953567112,1.1522208380922052,10
5773,5.652803149322104,6.823545953567112,1.170742804245008,7
5774,5.671522514017083,6.823545953567112,1.152023439550029,1
5775,5.673709394281547,6.823545953567112,1.149836559285565,2
5776,5.5561293426206015,6.823545953567112,1.2674166109465101,6
5777,5.6509719593946555,6.823545953567112,1.1725739941724562,8
5778,5.8530555980456445,6.12057393120585,0.2675183331602051,3
5779,5.792909924216463,6.12057393120585,0.32766400698938636,4
5780,5.857244358104535,6.12057393120585,0.26332957310131455,8
5781,5.837693152366051,6.12057393120585,0.28288077883979845,7
5782,5.795743617412276,6.12057393120585,0.32483031379357374,1
5783,5.84311028050461,6.12057393120585,0.2774636507012396,9
5784,5.846632751984229,6.12057393120585,0.2739411792216204,5
5785,5.792590233627545,6.12057393120585,0.32798369757830415,2
5786,5.817362492413909,6.12057393120585,0.3032114387919407,6
5787,5.010286358137718,6.0,0.9897136418622816,1
5788,4.944166742640898,6.0,1.0558332573591018,8
5789,4.9689635537035635,6.0,1.0310364462964365,3
5790,4.940906192621945,6.0,1.059093807378055,10
5791,4.958960967845268,6.0,1.0410390321547318,6
5792,5.038760666538984,6.0,0.9612393334610161,5
5793,4.855917667044383,6.0,1.144082332955617,7
5794,4.9469553590207855,6.0,1.0530446409792145,4
5795,4.980518046644736,6.0,1.019481953355264,9
5796,6.078243771779257,6.119317224092021,0.04107345231276405,5
5797,6.044725670314591,6.119317224092021,0.07459155377742999,1
5798,6.118045115896481,6.119317224092021,0.0012721081955398006,3
5799,6.038293839105404,6.119317224092021,0.08102338498661688,7
5800,6.000461722487007,6.119317224092021,0.11885550160501435,10
5801,6.153863934798707,6.119317224092021,-0.034546710706686135,9
5802,6.020767134801556,6.119317224092021,0.09855008929046516,8
5803,6.079208979819298,6.119317224092021,0.04010824427272297,2
5804,6.087801135317358,6.119317224092021,0.031516088774663054,4
5805,6.008906398991597,5.903089986991944,-0.10581641199965297,6
5806,5.976542424837232,5.903089986991944,-0.07345243784528854,8
5807,6.012531109544623,5.903089986991944,-0.10944112255267946,4
5808,6.015649497934586,5.903089986991944,-0.11255951094264205,5
5809,5.980791547793523,5.903089986991944,-0.07770156080157964,10
5810,6.103329321622253,5.903089986991944,-0.20023933463030907,3
5811,5.998344212979029,5.903089986991944,-0.09525422598708566,7
5812,6.011686636702201,5.903089986991944,-0.10859664971025751,2
5813,5.913109369435438,5.903089986991944,-0.010019382443494429,1
5814,6.288055295939937,6.69284691927723,0.40479162333729235,6
5815,6.289363066520556,6.69284691927723,0.40348385275667376,4
5816,6.286446698341953,6.69284691927723,0.40640022093527683,8
5817,6.269717307011777,6.69284691927723,0.42312961226545287,7
5818,6.255951436168642,6.69284691927723,0.4368954831085876,1
5819,6.299296197242718,6.69284691927723,0.3935507220345116,2
5820,6.324578445184951,6.69284691927723,0.3682684740922788,3
5821,6.168434126645478,6.69284691927723,0.5244127926317521,9
5822,6.28105041436921,6.69284691927723,0.4117965049080201,5
5823,6.471904706937545,6.672097857935717,0.2001931509981718,9
5824,6.2994078455812135,6.672097857935717,0.3726900123545036,6
5825,6.471751635739045,6.672097857935717,0.2003462221966723,4
5826,6.471811401348545,6.672097857935717,0.2002864565871718,1
5827,6.472264437325557,6.672097857935717,0.19983342061015996,3
5828,6.471827924676117,6.672097857935717,0.20026993325959985,2
5829,6.234173110110835,6.672097857935717,0.4379247478248818,7
5830,6.47217170660495,6.672097857935717,0.19992615133076708,5
5831,6.472369731848738,6.672097857935717,0.19972812608697943,8
5832,5.36502764429732,6.980911937776844,1.6158842934795237,5
5833,5.44352316846146,6.980911937776844,1.5373887693153838,10
5834,5.454144694204781,6.980911937776844,1.5267672435720625,4
5835,5.487954598858928,6.980911937776844,1.4929573389179156,3
5836,5.465790578876518,6.980911937776844,1.5151213589003252,7
5837,5.422264711509114,6.980911937776844,1.5586472262677296,8
5838,5.512667368171043,6.980911937776844,1.4682445696058002,2
5839,5.552776811926259,6.980911937776844,1.4281351258505843,1
5840,5.498907249089572,6.980911937776844,1.4820046886872715,6
5841,5.577636388713187,7.1003705451175625,1.5227341564043755,1
5842,5.547057979555714,7.1003705451175625,1.553312565561849,8
5843,5.516362820328999,7.1003705451175625,1.584007724788563,2
5844,5.576695974558945,7.1003705451175625,1.5236745705586179,7
5845,5.3694383744373315,7.1003705451175625,1.730932170680231,3
5846,5.176338222370392,7.1003705451175625,1.9240323227471707,10
5847,5.610485288931305,7.1003705451175625,1.4898852561862572,9
5848,5.608450042541553,7.1003705451175625,1.4919205025760096,4
5849,5.46200346858136,7.1003705451175625,1.6383670765362028,6
5850,5.918320721494309,7.176091259055681,1.2577705375613721,7
5851,5.973361708369079,7.176091259055681,1.2027295506866027,4
5852,5.947474796289365,7.176091259055681,1.2286164627663165,1
5853,6.764198173131673,7.176091259055681,0.4118930859240084,10
5854,5.954934016338218,7.176091259055681,1.2211572427174637,6
5855,5.9877858003542554,7.176091259055681,1.188305458701426,9
5856,5.901044484590864,7.176091259055681,1.2750467744648173,2
5857,5.925292018118252,7.176091259055681,1.2507992409374298,5
5858,5.935359452589436,7.176091259055681,1.2407318064662451,8
5859,5.810453073371676,6.612783856719736,0.8023307833480606,9
5860,5.787245689320209,6.612783856719736,0.825538167399527,2
5861,5.839827868717573,6.612783856719736,0.7729559880021633,1
5862,5.839680622156075,6.612783856719736,0.7731032345636617,4
5863,5.787543863130675,6.612783856719736,0.8252399935890615,8
5864,5.762128595633431,6.612783856719736,0.8506552610863052,6
5865,5.717404293521411,6.612783856719736,0.8953795631983255,7
5866,5.671553237155357,6.612783856719736,0.9412306195643794,10
5867,5.839729961656629,6.612783856719736,0.7730538950631072,5
5868,5.976492553699413,6.886490725172482,0.9099981714730694,1
5869,6.033306047592762,6.886490725172482,0.85318467757972,9
5870,5.8491611121906,6.886490725172482,1.0373296129818819,10
5871,5.9598463338730525,6.886490725172482,0.9266443912994298,5
5872,6.096360153695003,6.886490725172482,0.7901305714774791,3
5873,6.052408565297308,6.886490725172482,0.834082159875174,4
5874,6.128874546891832,6.886490725172482,0.7576161782806503,6
5875,6.065703604843296,6.886490725172482,0.8207871203291859,2
5876,6.050175301935687,6.886490725172482,0.8363154232367949,8
5877,3.6854696473662485,3.4727564493172123,-0.2127131980490362,3
5878,3.6726748429418334,3.4727564493172123,-0.19991839362462116,6
5879,3.672499361054985,3.4727564493172123,-0.19974291173777292,9
5880,4.091487011142707,3.4727564493172123,-0.6187305618254948,7
5881,3.8791175827432323,3.4727564493172123,-0.40636113342602,1
5882,3.7538996906352704,3.4727564493172123,-0.2811432413180581,4
5883,3.6723687234679883,3.4727564493172123,-0.19961227415077598,2
5884,3.672706124367816,3.4727564493172123,-0.19994967505060357,10
5885,3.672796842746618,3.4727564493172123,-0.20004039342940594,5
5886,6.670311260803234,6.812913356642856,0.1426020958396217,7
5887,6.700882617320282,6.812913356642856,0.11203073932257368,6
5888,6.650227270607365,6.812913356642856,0.16268608603549062,4
5889,6.700026011904997,6.812913356642856,0.11288734473785844,5
5890,6.6131488341162,6.812913356642856,0.19976452252665577,8
5891,6.7351518867640445,6.812913356642856,0.07776146987881116,9
5892,6.707227081837349,6.812913356642856,0.10568627480550674,1
5893,6.673653682158675,6.812913356642856,0.13925967448418053,10
5894,6.673720953882322,6.812913356642856,0.1391924027605338,2
5895,6.700026011904997,7.0,0.29997398809500275,5
5896,6.800063552708696,7.0,0.19993644729130366,3
5897,6.707227081837349,7.0,0.29277291816265105,1
5898,6.700882617320282,7.0,0.299117382679718,6
5899,6.650227270607365,7.0,0.34977272939263493,4
5900,6.673720953882322,7.0,0.3262790461176781,2
5901,6.673653682158675,7.0,0.32634631784132484,10
5902,6.7351518867640445,7.0,0.2648481132359555,9
5903,6.670311260803234,7.0,0.329688739196766,7
5904,5.608897837332752,5.477121254719663,-0.13177658261308967,2
5905,5.677079969332439,5.477121254719663,-0.1999587146127766,4
5906,5.667266461531911,5.477121254719663,-0.19014520681224845,9
5907,5.646625967130433,5.477121254719663,-0.16950471241077025,5
5908,5.572375217726228,5.477121254719663,-0.09525396300656563,10
5909,5.677187604942307,5.477121254719663,-0.2000663502226443,7
5910,5.6773166840820615,5.477121254719663,-0.20019542936239887,1
5911,5.677134276473285,5.477121254719663,-0.20001302175362223,6
5912,5.637342395844702,5.477121254719663,-0.1602211411250396,3
5913,6.007445339838549,6.161368002234975,0.15392266239642627,6
5914,5.961246718359091,6.161368002234975,0.2001212838758839,4
5915,5.961407531927794,6.161368002234975,0.19996047030718156,8
5916,6.0176255617572485,6.161368002234975,0.14374244047772677,3
5917,5.961326467341651,6.161368002234975,0.200041534893324,9
5918,5.965264504578195,6.161368002234975,0.1961034976567806,2
5919,6.002495262264296,6.161368002234975,0.15887273997067908,5
5920,5.959832920210242,6.161368002234975,0.20153508202473347,1
5921,5.961207726535106,6.161368002234975,0.2001602756998695,10
5922,6.101014859319897,6.3979400086720375,0.2969251493521403,9
5923,6.123246523985394,6.3979400086720375,0.2746934846866438,5
5924,6.1047605078780975,6.3979400086720375,0.29317950079393995,2
5925,6.074364886556357,6.3979400086720375,0.3235751221156802,10
5926,6.168902136879963,6.3979400086720375,0.2290378717920749,6
5927,5.996190990927029,6.3979400086720375,0.4017490177450087,4
5928,6.066761071992191,6.3979400086720375,0.3311789366798461,7
5929,6.067436226425319,6.3979400086720375,0.3305037822467183,1
5930,6.082374681006323,6.3979400086720375,0.31556532766571443,3
5931,5.895353647527261,7.041392685158225,1.1460390376309642,2
5932,5.765136281000935,7.041392685158225,1.2762564041572908,7
5933,5.919267911818415,7.041392685158225,1.1221247733398103,5
5934,6.042690671118835,7.041392685158225,0.9987020140393907,10
5935,5.996330406746808,7.041392685158225,1.0450622784114172,1
5936,5.691312570601801,7.041392685158225,1.350080114556424,8
5937,5.802283360953697,7.041392685158225,1.2391093242045281,6
5938,5.886301140331545,7.041392685158225,1.1550915448266803,3
5939,5.823457292954437,7.041392685158225,1.2179353922037883,4
5940,6.147270641434508,6.861534410859038,0.7142637694245302,9
5941,6.176934317796441,6.861534410859038,0.6846000930625973,6
5942,6.281323186887488,6.861534410859038,0.58021122397155,1
5943,6.170099168425163,6.861534410859038,0.691435242433875,7
5944,6.237908153658421,6.861534410859038,0.623626257200617,5
5945,6.215839705595042,6.861534410859038,0.6456947052639963,8
5946,6.073149473988025,6.861534410859038,0.7883849368710134,4
5947,6.188070174416104,6.861534410859038,0.6734642364429337,10
5948,6.196182682275116,6.861534410859038,0.6653517285839223,3
5949,6.101978824730594,4.740362689494244,-1.3616161352363498,4
5950,6.055990091008258,4.740362689494244,-1.3156274015140141,7
5951,6.147495276540415,4.740362689494244,-1.4071325870461706,8
5952,6.145850958431098,4.740362689494244,-1.4054882689368542,6
5953,6.097710498511219,4.740362689494244,-1.357347809016975,2
5954,6.1655206773561755,4.740362689494244,-1.4251579878619314,9
5955,5.987157375274414,4.740362689494244,-1.24679468578017,10
5956,6.160891761830165,4.740362689494244,-1.4205290723359205,3
5957,6.074014446078321,4.740362689494244,-1.3336517565840769,1
5958,4.9189734806354215,4.698970004336019,-0.22000347629940276,2
5959,4.978962831520463,4.698970004336019,-0.2799928271844445,1
5960,5.002198888893333,4.698970004336019,-0.30322888455731434,4
5961,4.899243018549907,4.698970004336019,-0.200273014213888,9
5962,4.97848604982439,4.698970004336019,-0.2795160454883714,6
5963,5.01784548248778,4.698970004336019,-0.3188754781517611,10
5964,4.963353418389961,4.698970004336019,-0.26438341405394183,3
5965,4.9823509016061225,4.698970004336019,-0.28338089727010374,5
5966,4.966524899226582,4.698970004336019,-0.26755489489056306,8
5967,5.91411848594969,6.113943352306837,0.19982486635714736,7
5968,5.913940926141603,6.113943352306837,0.20000242616523423,4
5969,5.913862043488335,6.113943352306837,0.20008130881850228,3
5970,5.9135933417369655,6.113943352306837,0.20035001056987145,8
5971,5.913844602990174,6.113943352306837,0.2000987493166626,6
5972,5.9140573813485116,6.113943352306837,0.1998859709583254,2
5973,5.913759620545895,6.113943352306837,0.20018373176094162,1
5974,5.913934779377124,6.113943352306837,0.20000857292971297,10
5975,5.913851259465657,6.113943352306837,0.2000920928411798,5
5976,5.51560034759819,5.7160033436348,0.20040299603661005,2
5977,5.515902794146192,5.7160033436348,0.20010054948860834,8
5978,5.515821815142936,5.7160033436348,0.2001815284918642,3
5979,5.516267145472677,5.7160033436348,0.19973619816212373,7
5980,5.515696019874919,5.7160033436348,0.20030732375988158,9
5981,5.515973085246742,5.7160033436348,0.20003025838805844,10
5982,5.515957693850297,5.7160033436348,0.2000456497845029,5
5983,5.515635047962853,5.7160033436348,0.20036829567194747,4
5984,5.515737897845422,5.7160033436348,0.20026544578937866,6
5985,6.387787317440216,6.431363764158987,0.043576446718771145,7
5986,6.419847669194593,6.431363764158987,0.011516094964393986,10
5987,6.430374208516085,6.431363764158987,0.0009895556429020402,1
5988,6.474073872574286,6.431363764158987,-0.04271010841529943,4
5989,6.435785735651322,6.431363764158987,-0.004421971492335253,9
5990,6.366052457243756,6.431363764158987,0.06531130691523135,2
5991,6.414720184536692,6.431363764158987,0.016643579622295235,8
5992,6.430857667321526,6.431363764158987,0.0005060968374612784,6
5993,6.430577998661526,6.431363764158987,0.0007857654974605666,3
5994,6.439015166881712,6.414973347970818,-0.024041818910894186,8
5995,6.365340398054826,6.414973347970818,0.049632949915991986,10
5996,6.41384189388687,6.414973347970818,0.0011314540839482135,1
5997,6.427152220780041,6.414973347970818,-0.012178872809222696,5
5998,6.431123002080393,6.414973347970818,-0.016149654109574918,3
5999,6.415121368012436,6.414973347970818,-0.0001480200416175137,7
6000,6.423704993415142,6.414973347970818,-0.00873164544432381,9
6001,6.398647225378528,6.414973347970818,0.016326122592290382,2
6002,6.462832719709595,6.414973347970818,-0.047859371738776524,4
6003,6.275427137926246,6.146128035678238,-0.1292991022480079,5
6004,6.2396782409178835,6.146128035678238,-0.0935502052396453,6
6005,6.279964227978724,6.146128035678238,-0.13383619230048538,4
6006,6.210758177491089,6.146128035678238,-0.06463014181285054,9
6007,6.258124109314972,6.146128035678238,-0.11199607363673358,1
6008,6.17440173156203,6.146128035678238,-0.028273695883791916,2
6009,6.252832644693858,6.146128035678238,-0.10670460901561984,8
6010,6.258173742948683,6.146128035678238,-0.11204570727044505,10
6011,6.16129687254544,6.146128035678238,-0.015168836867201385,3
6012,5.824516508166819,6.531478917042255,0.7069624088754365,10
6013,5.710018336420786,6.531478917042255,0.8214605806214692,2
6014,5.802287803287736,6.531478917042255,0.7291911137545197,7
6015,5.781977393759524,6.531478917042255,0.7495015232827313,1
6016,5.774246053973862,6.531478917042255,0.7572328630683938,3
6017,5.802278722149082,6.531478917042255,0.7292001948931732,6
6018,5.831658205438763,6.531478917042255,0.6998207116034925,9
6019,5.774898714793771,6.531478917042255,0.7565802022484842,5
6020,5.812870234859544,6.531478917042255,0.7186086821827118,8
6021,5.92404317415862,5.447158031342219,-0.4768851428164007,7
6022,5.939283711895599,5.447158031342219,-0.4921256805533796,3
6023,5.890541209019677,5.447158031342219,-0.4433831776774575,9
6024,5.897985146493596,5.447158031342219,-0.45082711515137674,2
6025,5.938550068256609,5.447158031342219,-0.49139203691438915,5
6026,5.950019757554562,5.447158031342219,-0.5028617262123429,1
6027,5.942539321934662,5.447158031342219,-0.4953812905924426,8
6028,5.910698905689181,5.447158031342219,-0.463540874346962,10
6029,5.925646641059862,5.447158031342219,-0.4784886097176422,6
6030,6.161659199833227,6.361727836017593,0.20006863618436643,5
6031,6.1620938157562355,6.361727836017593,0.19963402026135757,10
6032,6.1621226597785075,6.361727836017593,0.19960517623908558,8
6033,6.161721333225482,6.361727836017593,0.20000650279211118,4
6034,6.161594072573197,6.361727836017593,0.20013376344439582,1
6035,6.161538082686686,6.361727836017593,0.20018975333090694,6
6036,6.161300317652039,6.361727836017593,0.2004275183655544,3
6037,6.161793858422774,6.361727836017593,0.199933977594819,9
6038,6.161876794875916,6.361727836017593,0.1998510411416774,7
6039,4.978575937466791,4.778151250383644,-0.20042468708314676,2
6040,4.97847280378055,4.778151250383644,-0.20032155339690583,1
6041,4.978192412315481,4.778151250383644,-0.2000411619318374,10
6042,4.978003031610664,4.778151250383644,-0.19985178122701974,9
6043,4.9779818597057535,4.778151250383644,-0.1998306093221096,4
6044,4.978038381130579,4.778151250383644,-0.19988713074693543,3
6045,5.07969447839985,4.778151250383644,-0.3015432280162065,5
6046,4.977944689887731,4.778151250383644,-0.199793439504087,8
6047,4.9778155794321615,4.778151250383644,-0.1996643290485176,6
6048,4.8092654202153975,4.31722734917642,-0.49203807103897734,10
6049,4.983662230105168,4.31722734917642,-0.6664348809287475,2
6050,4.754171491505789,4.31722734917642,-0.4369441423293692,4
6051,4.726549205396252,4.31722734917642,-0.4093218562198322,7
6052,4.757073678191011,4.31722734917642,-0.43984632901459086,9
6053,4.789454895286569,4.31722734917642,-0.4722275461101493,1
6054,4.628255343919474,4.31722734917642,-0.3110279947430534,3
6055,4.696117537468012,4.31722734917642,-0.37889018829159227,6
6056,4.8069203122396695,4.31722734917642,-0.4896929630632494,8
6057,6.02472971930358,6.079181246047625,0.054451526744045076,4
6058,6.022854864023245,6.079181246047625,0.05632638202438045,8
6059,5.990166846182497,6.079181246047625,0.08901439986512827,1
6060,5.9880552287326445,6.079181246047625,0.0911260173149806,2
6061,5.973686290735904,6.079181246047625,0.10549495531172148,9
6062,6.051066935568292,6.079181246047625,0.028114310479333326,10
6063,5.879037449175553,6.079181246047625,0.20014379687207207,3
6064,6.058140443745597,6.079181246047625,0.02104080230202854,5
6065,5.9840415616924,6.079181246047625,0.09513968435522546,7
6066,5.753913741055587,5.954242509439325,0.2003287683837378,9
6067,5.770076973305547,5.954242509439325,0.1841655361337784,10
6068,5.754106974770945,5.954242509439325,0.2001355346683802,1
6069,5.7544027305207885,5.954242509439325,0.19983977891853666,4
6070,5.754487734644702,5.954242509439325,0.19975477479462356,7
6071,5.784928866013588,5.954242509439325,0.1693136434257374,8
6072,5.754050173955956,5.954242509439325,0.20019233548336945,2
6073,5.782195507467388,5.954242509439325,0.17204700197193734,5
6074,5.754495952661067,5.954242509439325,0.19974655677825837,6
6075,4.823145860498374,5.484769477716173,0.6616236172177992,3
6076,4.862500317450301,5.484769477716173,0.6222691602658719,10
6077,4.857285746311048,5.484769477716173,0.6274837314051256,4
6078,4.835061628535113,5.484769477716173,0.64970784918106,6
6079,4.963219951464013,5.484769477716173,0.5215495262521603,9
6080,4.9592829123976045,5.484769477716173,0.5254865653185687,5
6081,4.897621483894577,5.484769477716173,0.5871479938215964,2
6082,4.868919349036582,5.484769477716173,0.6158501286795914,1
6083,4.952608924881516,5.484769477716173,0.5321605528346574,8
6084,5.8457016795389825,6.045322978786658,0.19962129924767513,5
6085,5.935385173156416,6.045322978786658,0.10993780563024202,4
6086,5.84527545428209,6.045322978786658,0.20004752450456742,3
6087,5.845514232106365,6.045322978786658,0.1998087466802927,2
6088,5.844970167274313,6.045322978786658,0.20035281151234496,9
6089,5.863655597662408,6.045322978786658,0.18166738112424952,8
6090,5.845483731726743,6.045322978786658,0.19983924705991463,1
6091,5.845581512289729,6.045322978786658,0.1997414664969286,10
6092,5.8451836403227855,6.045322978786658,0.2001393384638721,7
6093,4.374795555176295,4.1476763242410986,-0.22711923093519637,6
6094,4.398551067072365,4.1476763242410986,-0.2508747428312663,4
6095,4.348044954571343,4.1476763242410986,-0.2003686303302441,9
6096,4.382372140769476,4.1476763242410986,-0.23469581652837768,10
6097,4.389123812371683,4.1476763242410986,-0.2414474881305848,5
6098,4.413163653749859,4.1476763242410986,-0.2654873295087601,3
6099,4.374561871669205,4.1476763242410986,-0.22688554742810663,7
6100,4.347927233065166,4.1476763242410986,-0.20025090882406715,8
6101,4.3475367964845315,4.1476763242410986,-0.19986047224343295,1
6102,5.907016139016627,6.3979400086720375,0.49092386965541035,10
6103,5.786038950222021,6.3979400086720375,0.6119010584500169,4
6104,5.958645609981359,6.3979400086720375,0.4392943986906781,2
6105,5.820984828825532,6.3979400086720375,0.5769551798465056,7
6106,5.799390719317653,6.3979400086720375,0.5985492893543842,1
6107,5.783516284359775,6.3979400086720375,0.6144237243122621,8
6108,5.75529944990625,6.3979400086720375,0.6426405587657875,6
6109,5.795768131644607,6.3979400086720375,0.6021718770274305,9
6110,5.963755650393308,6.3979400086720375,0.4341843582787295,5
6111,6.331575056807971,6.556302500767287,0.2247274439593161,8
6112,6.331163840574617,6.556302500767287,0.2251386601926697,10
6113,6.3311204493819915,6.556302500767287,0.22518205138529535,1
6114,6.331524747727419,6.556302500767287,0.22477775303986824,5
6115,6.331906762812678,6.556302500767287,0.22439573795460888,7
6116,6.331377196256102,6.556302500767287,0.22492530451118498,6
6117,6.331515983174422,6.556302500767287,0.2247865175928645,3
6118,6.3316162577712,6.556302500767287,0.22468624299608653,4
6119,6.193446034894779,6.556302500767287,0.3628564658725075,9
6120,6.152421015793211,6.079181246047625,-0.07323976974558555,1
6121,6.133578556811608,6.079181246047625,-0.05439731076398324,4
6122,6.0872263451870845,6.079181246047625,-0.008045099139459388,6
6123,6.100467666305745,6.079181246047625,-0.021286420258119776,7
6124,6.0770764623783995,6.079181246047625,0.0021047836692256183,3
6125,6.080036407777265,6.079181246047625,-0.0008551617296399527,9
6126,6.009527110041031,6.079181246047625,0.06965413600659431,10
6127,6.083904294907124,6.079181246047625,-0.004723048859498924,8
6128,6.115687939790145,6.079181246047625,-0.03650669374251958,5
6129,4.8970665767087,6.079181246047625,1.182114669338925,7
6130,5.2982855647559735,6.079181246047625,0.7808956812916517,2
6131,5.3039439670674,6.079181246047625,0.7752372789802253,10
6132,5.336384378893204,6.079181246047625,0.7427968671544214,4
6133,5.324262990955736,6.079181246047625,0.7549182550918889,8
6134,5.225457114894977,6.079181246047625,0.8537241311526484,1
6135,5.374571096362895,6.079181246047625,0.7046101496847301,6
6136,5.338741077752689,6.079181246047625,0.7404401682949358,3
6137,5.442137957495451,6.079181246047625,0.6370432885521744,5
6138,5.862123135082487,6.079181246047625,0.21705811096513816,6
6139,5.780906956385699,6.079181246047625,0.2982742896619257,8
6140,5.583010640974827,6.079181246047625,0.4961706050727983,7
6141,5.879245149824378,6.079181246047625,0.19993609622324726,10
6142,5.879639730980463,6.079181246047625,0.19954151506716222,1
6143,5.735320210159838,6.079181246047625,0.3438610358877874,3
6144,5.679209935144643,6.079181246047625,0.3999713109029823,9
6145,5.808075063122516,6.079181246047625,0.27110618292510935,2
6146,5.822928509040921,6.079181246047625,0.2562527370067045,5
6147,5.345478708983411,5.775464809345739,0.42998610036232865,7
6148,5.575352328649591,5.775464809345739,0.2001124806961485,1
6149,5.539567378672346,5.775464809345739,0.23589743067339342,9
6150,5.653618633639354,5.775464809345739,0.12184617570638512,4
6151,5.586811174756321,5.775464809345739,0.18865363458941786,2
6152,5.632203247277157,5.775464809345739,0.14326156206858265,3
6153,5.65877185639755,5.775464809345739,0.11669295294818927,6
6154,5.619973585871216,5.775464809345739,0.15549122347452293,8
6155,5.700453856630133,5.775464809345739,0.07501095271560665,5
6156,5.541305136180711,6.1068026275996505,0.5654974914189399,1
6157,5.573974305091697,6.1068026275996505,0.532828322507954,3
6158,5.646495865860871,6.1068026275996505,0.4603067617387797,2
6159,5.310589157732008,6.1068026275996505,0.7962134698676424,7
6160,5.551129965532603,6.1068026275996505,0.5556726620670478,10
6161,5.496267611776321,6.1068026275996505,0.6105350158233298,9
6162,5.607389587200604,6.1068026275996505,0.49941304039904644,6
6163,5.629637759238132,6.1068026275996505,0.47716486836151883,5
6164,5.5739755464356895,6.1068026275996505,0.532827081163961,4
6165,5.881218238233884,5.681241237375588,-0.19997700085829617,5
6166,5.881457685499879,5.681241237375588,-0.20021644812429162,6
6167,5.881055468216778,5.681241237375588,-0.19981423084119054,10
6168,5.881082286624473,5.681241237375588,-0.19984104924888513,2
6169,5.898629866974069,5.681241237375588,-0.2173886295984815,1
6170,5.880988579610284,5.681241237375588,-0.19974734223469603,9
6171,5.881370655833118,5.681241237375588,-0.2001294184575304,4
6172,5.881538116062773,5.681241237375588,-0.20029687868718504,3
6173,5.881404130211161,5.681241237375588,-0.2001628928355732,7
6174,5.851476199695077,5.444825199509748,-0.4066510001853292,3
6175,5.95786130652375,5.444825199509748,-0.5130361070140017,2
6176,5.941194249577806,5.444825199509748,-0.49636905006805776,5
6177,5.890075225624599,5.444825199509748,-0.4452500261148513,9
6178,5.928790896138257,5.444825199509748,-0.4839656966285091,7
6179,5.684900950714019,5.444825199509748,-0.24007575120427127,4
6180,5.969576141103909,5.444825199509748,-0.5247509415941609,1
6181,5.90861813044551,5.444825199509748,-0.463792930935762,8
6182,6.008761428980083,5.444825199509748,-0.5639362294703352,6
6183,6.101985986554626,6.301897717195208,0.19991173064058199,4
6184,6.101644666189107,6.301897717195208,0.20025305100610158,7
6185,6.102190332139253,6.301897717195208,0.1997073850559552,8
6186,6.101952772733819,6.301897717195208,0.19994494446138944,10
6187,6.101917600594631,6.301897717195208,0.19998011660057724,1
6188,6.102289071367284,6.301897717195208,0.19960864582792404,3
6189,6.102059517675733,6.301897717195208,0.19983819951947535,6
6190,6.102214657782184,6.301897717195208,0.1996830594130241,2
6191,6.101720005501902,6.301897717195208,0.20017771169330612,5
6192,5.963685846455186,6.0,0.036314153544814154,10
6193,5.937466282970297,6.0,0.06253371702970334,7
6194,5.951472729412408,6.0,0.04852727058759232,2
6195,5.90495472310259,6.0,0.09504527689740971,5
6196,5.800245380975043,6.0,0.19975461902495706,4
6197,5.800097930204375,6.0,0.19990206979562508,3
6198,5.89965649772114,6.0,0.10034350227885991,9
6199,5.871079729430839,6.0,0.12892027056916078,8
6200,6.022681394135317,6.0,-0.02268139413531678,1
6201,5.8183598413691575,6.018284308426531,0.19992446705737343,6
6202,5.858662027049929,6.018284308426531,0.15962228137660173,1
6203,5.818181219855082,6.018284308426531,0.2001030885714492,7
6204,5.818003507693472,6.018284308426531,0.20028080073305876,2
6205,5.818629285209345,6.018284308426531,0.1996550232171863,5
6206,5.8179565432530325,6.018284308426531,0.20032776517349848,9
6207,5.818029645716451,6.018284308426531,0.20025466271007986,4
6208,5.8374072042166825,6.018284308426531,0.18087710420984848,3
6209,5.818761281793907,6.018284308426531,0.19952302663262422,10
6210,5.940877088300089,5.949877704036875,0.009000615736785456,3
6211,6.026811563765503,5.949877704036875,-0.0769338597286282,2
6212,5.934954168398066,5.949877704036875,0.014923535638808438,7
6213,6.063833349284617,5.949877704036875,-0.11395564524774215,10
6214,6.072300961841707,5.949877704036875,-0.1224232578048321,6
6215,5.804305782178254,5.949877704036875,0.1455719218586209,4
6216,5.919438718089157,5.949877704036875,0.030438985947718322,9
6217,6.096536056004627,5.949877704036875,-0.14665835196775223,1
6218,5.9678225671394864,5.949877704036875,-0.017944863102611563,5
6219,6.513674491167336,6.0,-0.5136744911673361,4
6220,6.644635117043713,6.0,-0.6446351170437126,7
6221,6.414113312025568,6.0,-0.41411331202556756,3
6222,6.530904386222159,6.0,-0.5309043862221587,8
6223,6.2894245549284475,6.0,-0.28942455492844754,2
6224,6.445105976332348,6.0,-0.44510597633234816,9
6225,6.367991062255451,6.0,-0.3679910622554514,6
6226,6.697599698982369,6.0,-0.6975996989823692,10
6227,6.678502025737016,6.0,-0.678502025737016,1
6228,6.091772503512897,6.161368002234975,0.06959549872207837,7
6229,6.03602365077978,6.161368002234975,0.12534435145519485,10
6230,6.125787530784228,6.161368002234975,0.035580471450747275,6
6231,6.124469750633828,6.161368002234975,0.0368982516011469,9
6232,6.0972108051901905,6.161368002234975,0.06415719704478473,8
6233,6.084662714852359,6.161368002234975,0.07670528738261595,3
6234,6.113319309277978,6.161368002234975,0.04804869295699721,1
6235,6.081084686304293,6.161368002234975,0.08028331593068216,2
6236,6.108566998810262,6.161368002234975,0.0528010034247135,5
6237,6.120931079333657,5.049218022670182,-1.0717130566634747,9
6238,6.046516064780695,5.049218022670182,-0.9972980421105131,10
6239,6.146212957309488,5.049218022670182,-1.096994934639306,1
6240,6.112072388329923,5.049218022670182,-1.0628543656597413,7
6241,6.098813538018918,5.049218022670182,-1.0495955153487362,3
6242,6.1409693238916185,5.049218022670182,-1.0917513012214366,5
6243,6.109789760640676,5.049218022670182,-1.060571737970494,6
6244,6.111908275201574,5.049218022670182,-1.0626902525313922,8
6245,6.089382613693963,5.049218022670182,-1.040164591023781,2
6246,6.094433300632012,6.011993114659257,-0.08244018597275549,1
6247,6.004928758642685,6.011993114659257,0.007064356016571516,3
6248,6.016935131556103,6.011993114659257,-0.0049420168968463685,9
6249,6.055199196782886,6.011993114659257,-0.04320608212362931,5
6250,6.066464803657627,6.011993114659257,-0.05447168899837074,7
6251,6.080991182989579,6.011993114659257,-0.0689980683303224,8
6252,5.897956668748543,6.011993114659257,0.11403644591071327,6
6253,6.053783668292567,6.011993114659257,-0.04179055363331052,4
6254,6.0479662660459805,6.011993114659257,-0.035973151386723856,10
6255,6.091317273497007,6.315970345456917,0.22465307195991002,4
6256,6.065901389350894,6.315970345456917,0.2500689561060234,3
6257,6.066317929062235,6.315970345456917,0.2496524163946825,1
6258,6.112728664308109,6.315970345456917,0.2032416811488087,8
6259,6.061447931979762,6.315970345456917,0.2545224134771553,10
6260,6.076556726972455,6.315970345456917,0.23941361848446263,2
6261,6.115732576717285,6.315970345456917,0.2002377687396324,7
6262,6.11590231063535,6.315970345456917,0.20006803482156776,9
6263,6.077969416495484,6.315970345456917,0.23800092896143354,5
6264,6.522370646049697,6.418301291319746,-0.10406935472995116,10
6265,6.532983611113571,6.418301291319746,-0.11468231979382537,6
6266,6.518989398840127,6.418301291319746,-0.10068810752038093,4
6267,6.6186352180885075,6.418301291319746,-0.20033392676876183,5
6268,6.517670554733991,6.418301291319746,-0.09936926341424535,7
6269,6.52522730145128,6.418301291319746,-0.10692601013153435,3
6270,6.618311743638512,6.418301291319746,-0.20001045231876624,9
6271,6.534445549014812,6.418301291319746,-0.11614425769506642,1
6272,6.218447937489391,6.418301291319746,0.1998533538303544,2
6273,6.457292428117547,6.301029995663981,-0.1562624324535653,5
6274,6.501485335159245,6.301029995663981,-0.20045533949526373,10
6275,6.419389388205114,6.301029995663981,-0.11835939254113281,4
6276,6.4536383844390395,6.301029995663981,-0.15260838877505822,3
6277,6.495040780068073,6.301029995663981,-0.19401078440409147,6
6278,6.4134397228921225,6.301029995663981,-0.11240972722814124,2
6279,6.410403580935838,6.301029995663981,-0.10937358527185648,9
6280,6.501084246865316,6.301029995663981,-0.20005425120133502,1
6281,6.501343587566416,6.301029995663981,-0.20031359190243503,8
6282,5.051733337874311,6.079181246047625,1.0274479081733139,1
6283,5.112103272799016,6.079181246047625,0.9670779732486094,8
6284,5.014736685053169,6.079181246047625,1.0644445609944562,4
6285,5.0064503488530185,6.079181246047625,1.0727308971946066,5
6286,5.011736405805008,6.079181246047625,1.0674448402426169,6
6287,4.996689841417025,6.079181246047625,1.0824914046306002,3
6288,5.082103011609086,6.079181246047625,0.9970782344385389,7
6289,5.000956679244464,6.079181246047625,1.0782245668031614,10
6290,5.051125020711659,6.079181246047625,1.0280562253359662,2
6291,6.2900390781463305,6.544068044350276,0.2540289662039452,8
6292,6.28229972670204,6.544068044350276,0.2617683176482357,7
6293,6.293451530076685,6.544068044350276,0.2506165142735908,9
6294,6.239472584427961,6.544068044350276,0.3045954599223144,2
6295,6.2935947157874415,6.544068044350276,0.2504733285628342,3
6296,6.323454198540817,6.544068044350276,0.22061384580945909,1
6297,6.304737725272325,6.544068044350276,0.23933031907795055,5
6298,6.344254380405743,6.544068044350276,0.19981366394453293,4
6299,6.29848473952632,6.544068044350276,0.2455833048239553,6
6300,6.427817227932328,6.176091259055681,-0.2517259688766469,1
6301,6.4014422178748855,6.176091259055681,-0.2253509588192042,6
6302,6.375784142138429,6.176091259055681,-0.19969288308274802,4
6303,6.376255636558157,6.176091259055681,-0.2001643775024755,8
6304,6.386974471377558,6.176091259055681,-0.21088321232187646,2
6305,6.3859480468492835,6.176091259055681,-0.20985678779360217,7
6306,6.398301511365515,6.176091259055681,-0.22221025230983393,9
6307,6.391953423189962,6.176091259055681,-0.21586216413428083,5
6308,6.376321613303592,6.176091259055681,-0.20023035424791047,10
6309,6.445164409658632,6.342422680822207,-0.10274172883642496,4
6310,6.394202571442537,6.342422680822207,-0.05177989062033017,2
6311,6.448337817704193,6.342422680822207,-0.10591513688198617,7
6312,6.430202673372065,6.342422680822207,-0.08777999254985858,6
6313,6.453050783407408,6.342422680822207,-0.11062810258520095,5
6314,6.395358929930307,6.342422680822207,-0.05293624910810024,10
6315,6.422830452036111,6.342422680822207,-0.08040777121390441,9
6316,6.447902448474817,6.342422680822207,-0.10547976765261069,1
6317,6.427986668560663,6.342422680822207,-0.08556398773845597,8
6318,6.293878071907789,6.57978359661681,0.28590552470902075,6
6319,6.284107791457547,6.57978359661681,0.29567580515926295,9
6320,6.331584221475342,6.57978359661681,0.24819937514146773,4
6321,6.297441056336304,6.57978359661681,0.2823425402805064,8
6322,6.312879954691979,6.57978359661681,0.26690364192483074,7
6323,6.36326521967143,6.57978359661681,0.21651837694538045,1
6324,6.28789663872136,6.57978359661681,0.29188695789544994,3
6325,6.323291225385527,6.57978359661681,0.25649237123128277,5
6326,6.248188467406438,6.57978359661681,0.33159512921037226,2
6327,5.800168170672532,6.0,0.19983182932746768,6
6328,5.907586239898772,6.0,0.09241376010122782,1
6329,6.032457890183459,6.0,-0.03245789018345935,3
6330,5.909969870846057,6.0,0.09003012915394315,7
6331,5.896345106459289,6.0,0.10365489354071133,9
6332,5.910097519041674,6.0,0.08990248095832598,4
6333,5.800247900318739,6.0,0.19975209968126073,2
6334,5.929800133995096,6.0,0.07019986600490391,5
6335,5.849137902447943,6.0,0.15086209755205715,10
6336,6.197005537382916,6.313593064521326,0.11658752713841025,10
6337,6.208167093678114,6.313593064521326,0.10542597084321237,9
6338,6.217456873820474,6.313593064521326,0.096136190700852,7
6339,6.219782176416183,6.313593064521326,0.09381088810514271,2
6340,6.211299303810961,6.313593064521326,0.10229376071036533,8
6341,6.222302631873896,6.313593064521326,0.09129043264742975,6
6342,6.184688024500425,6.313593064521326,0.12890504002090086,3
6343,6.271631042761969,6.313593064521326,0.041962021759356816,1
6344,6.226876037975809,6.313593064521326,0.08671702654551705,5
6345,6.280379180949353,6.079181246047625,-0.2011979349017281,1
6346,6.226282182915431,6.079181246047625,-0.14710093686780557,6
6347,6.279313824850242,6.079181246047625,-0.20013257880261648,8
6348,6.172963130921109,6.079181246047625,-0.09378188487348371,10
6349,6.279459809543836,6.079181246047625,-0.20027856349621054,4
6350,6.284968711591771,6.079181246047625,-0.2057874655441463,3
6351,6.279484530316067,6.079181246047625,-0.20030328426844157,7
6352,6.279558108610035,6.079181246047625,-0.20037686256241027,9
6353,6.279491065985011,6.079181246047625,-0.20030981993738628,5
6354,5.823623274239809,5.623249290397901,-0.2003739838419083,3
6355,5.828591800705124,5.623249290397901,-0.20534251030722306,5
6356,5.823371972564749,5.623249290397901,-0.2001226821668478,9
6357,5.823565583313421,5.623249290397901,-0.20031629291552022,7
6358,5.823599536109229,5.623249290397901,-0.20035024571132798,4
6359,5.863793416278283,5.623249290397901,-0.24054412588038243,2
6360,5.82306710175164,5.623249290397901,-0.19981781135373922,8
6361,5.85448038526687,5.623249290397901,-0.23123109486896887,6
6362,5.8891841665503195,5.623249290397901,-0.26593487615241873,10
6363,5.937803436521036,6.033423755486949,0.0956203189659135,9
6364,5.977546174021342,6.033423755486949,0.05587758146560784,10
6365,6.048720144024003,6.033423755486949,-0.015296388537053396,2
6366,5.979170884723133,6.033423755486949,0.054252870763816574,3
6367,6.042367762204648,6.033423755486949,-0.008944006717698905,5
6368,6.021048823606873,6.033423755486949,0.012374931880076545,7
6369,5.989046328065896,6.033423755486949,0.044377427421053106,8
6370,5.969856157717345,6.033423755486949,0.06356759776960441,1
6371,5.929099717694973,6.033423755486949,0.10432403779197674,6
6372,5.9532894691178,6.6020599913279625,0.6487705222101621,3
6373,6.114807619399754,6.6020599913279625,0.4872523719282089,5
6374,6.094264858224996,6.6020599913279625,0.5077951331029666,10
6375,6.046196087996119,6.6020599913279625,0.5558639033318435,2
6376,6.07474807962937,6.6020599913279625,0.5273119116985923,4
6377,6.042893040190861,6.6020599913279625,0.5591669511371018,1
6378,6.091711634632932,6.6020599913279625,0.5103483566950304,6
6379,6.043757351830945,6.6020599913279625,0.5583026394970174,8
6380,6.022644946118589,6.6020599913279625,0.5794150452093731,9
6381,5.3724634255953925,6.36005731412298,0.9875938885275879,1
6382,5.409158864576776,6.36005731412298,0.9508984495462043,6
6383,5.396999210950738,6.36005731412298,0.9630581031722425,2
6384,5.443202738400378,6.36005731412298,0.9168545757226028,10
6385,5.374069620012644,6.36005731412298,0.985987694110336,7
6386,5.3060275416870075,6.36005731412298,1.0540297724359728,3
6387,5.393085648287085,6.36005731412298,0.9669716658358958,5
6388,5.3524466168703455,6.36005731412298,1.0076106972526349,4
6389,5.391862038569161,6.36005731412298,0.9681952755538195,8
6390,6.239250315620797,6.26142703676955,0.02217672114875313,9
6391,6.238814121021375,6.26142703676955,0.022612915748175588,3
6392,6.216897440358104,6.26142703676955,0.04452959641144627,7
6393,6.218320915590798,6.26142703676955,0.04310612117875223,4
6394,6.208085535739692,6.26142703676955,0.05334150102985813,8
6395,6.265950467398301,6.26142703676955,-0.004523430628750269,5
6396,6.163379145939535,6.26142703676955,0.0980478908300153,10
6397,6.17845005724585,6.26142703676955,0.08297697952370076,2
6398,6.229253397831741,6.26142703676955,0.03217363893780956,6
6399,6.184367582504489,6.124634624019139,-0.059732958485350096,3
6400,6.295315905931313,6.124634624019139,-0.1706812819121737,1
6401,6.242762067825979,6.124634624019139,-0.11812744380684048,6
6402,6.196895152355172,6.124634624019139,-0.07226052833603269,2
6403,6.246281178302,6.124634624019139,-0.12164655428286064,8
6404,6.217379002625049,6.124634624019139,-0.0927443786059099,9
6405,6.299707689853731,6.124634624019139,-0.17507306583459226,7
6406,6.185426364084816,6.124634624019139,-0.060791740065677224,10
6407,6.191709753626252,6.124634624019139,-0.06707512960711348,4
6408,6.216897440358104,6.363611979892144,0.1467145395340399,7
6409,6.238814121021375,6.363611979892144,0.12479785887076922,3
6410,6.163379145939535,6.363611979892144,0.20023283395260894,10
6411,6.208085535739692,6.363611979892144,0.15552644415245176,8
6412,6.198961007082355,6.363611979892144,0.16465097280978913,1
6413,6.17845005724585,6.363611979892144,0.18516192264629439,2
6414,6.239250315620797,6.363611979892144,0.12436166427134676,9
6415,6.229253397831741,6.363611979892144,0.1343585820604032,6
6416,6.218320915590798,6.363611979892144,0.14529106430134586,4
6417,6.1734850792772376,5.707570176097937,-0.46591490317930084,8
6418,6.185172929502626,5.707570176097937,-0.47760275340468894,5
6419,6.17364462364281,5.707570176097937,-0.46607444754487304,3
6420,6.127588417628754,5.707570176097937,-0.42001824153081735,4
6421,6.12842885561551,5.707570176097937,-0.4208586795175737,1
6422,6.130205528048084,5.707570176097937,-0.4226353519501469,2
6423,6.142232150333316,5.707570176097937,-0.43466197423537967,10
6424,6.124708975167691,5.707570176097937,-0.41713879906975393,9
6425,6.077894156702511,5.707570176097937,-0.3703239806045744,6
6426,6.198056697332631,6.32221929473392,0.12416259740128943,1
6427,6.2312910850600565,6.32221929473392,0.09092820967386395,5
6428,6.148372808378462,6.32221929473392,0.1738464863554583,2
6429,6.208341745801182,6.32221929473392,0.11387754893273883,4
6430,6.20463482493047,6.32221929473392,0.11758446980345028,9
6431,6.142223792946669,6.32221929473392,0.17999550178725165,10
6432,6.204198908362906,6.32221929473392,0.11802038637101475,7
6433,6.198542344362789,6.32221929473392,0.12367695037113169,6
6434,6.180415644133258,6.32221929473392,0.14180365060066258,8
6435,6.143728786555488,6.600972895686748,0.4572441091312607,9
6436,6.233157464646926,6.600972895686748,0.3678154310398227,6
6437,6.192399480829156,6.600972895686748,0.40857341485759235,5
6438,6.283848361103627,6.600972895686748,0.3171245345831215,10
6439,6.303317733572123,6.600972895686748,0.2976551621146255,1
6440,6.156900515580023,6.600972895686748,0.444072380106725,8
6441,6.176298556496275,6.600972895686748,0.4246743391904735,7
6442,6.136490838068642,6.600972895686748,0.4644820576181061,3
6443,6.198241956183895,6.600972895686748,0.4027309395028533,2
6444,6.074020777808621,5.9954289654317074,-0.0785918123769136,5
6445,6.059874277734768,5.9954289654317074,-0.06444531230306083,8
6446,5.795313260877361,5.9954289654317074,0.20011570455434669,9
6447,6.078713621264757,5.9954289654317074,-0.08328465583304911,1
6448,6.051880472945846,5.9954289654317074,-0.0564515075141383,2
6449,6.045852679308464,5.9954289654317074,-0.05042371387675626,3
6450,6.074259231781733,5.9954289654317074,-0.07883026635002555,4
6451,5.958541542453294,5.9954289654317074,0.0368874229784133,7
6452,6.002510936587539,5.9954289654317074,-0.007081971155831646,10
6453,6.080036407777265,6.193124598354461,0.1130881905771961,9
6454,6.083904294907124,6.193124598354461,0.10922030344733713,8
6455,6.0770764623783995,6.193124598354461,0.11604813597606167,3
6456,6.009527110041031,6.193124598354461,0.18359748831343037,10
6457,6.0872263451870845,6.193124598354461,0.10589825316737667,6
6458,6.152421015793211,6.193124598354461,0.040703582561250506,1
6459,6.115687939790145,6.193124598354461,0.07743665856431647,5
6460,6.036083051209038,6.193124598354461,0.15704154714542273,2
6461,6.133578556811608,6.193124598354461,0.05954604154285281,4
6462,6.0078287428665185,5.45075702813707,-0.5570717147294486,2
6463,6.051626694919479,5.45075702813707,-0.6008696667824092,4
6464,6.002115272863113,5.45075702813707,-0.5513582447260434,7
6465,5.962337555933091,5.45075702813707,-0.5115805277960215,3
6466,6.050872761168005,5.45075702813707,-0.6001157330309352,6
6467,6.032511840679145,5.45075702813707,-0.5817548125420755,1
6468,5.993955840490675,5.45075702813707,-0.5431988123536051,9
6469,6.01296455667776,5.45075702813707,-0.5622075285406902,8
6470,6.030986223885144,5.45075702813707,-0.5802291957480739,10
6471,6.198056697332631,6.283301228703549,0.08524453137091825,1
6472,6.148372808378462,6.283301228703549,0.13492842032508712,2
6473,6.204198908362906,6.283301228703549,0.07910232034064357,7
6474,6.2312910850600565,6.283301228703549,0.05201014364349277,5
6475,6.20463482493047,6.283301228703549,0.0786664037730791,9
6476,6.198542344362789,6.283301228703549,0.08475888434076051,6
6477,6.202145093910978,6.283301228703549,0.08115613479257089,3
6478,6.208341745801182,6.283301228703549,0.07495948290236765,4
6479,6.180415644133258,6.283301228703549,0.1028855845702914,8
6480,5.927564578186231,4.380211241711606,-1.5473533364746244,10
6481,5.88254015985925,4.380211241711606,-1.5023289181476436,9
6482,5.965254654444184,4.380211241711606,-1.5850434127325777,8
6483,5.897988327233527,4.380211241711606,-1.5177770855219208,2
6484,5.852495054605761,4.380211241711606,-1.4722838128941547,6
6485,5.94966042960011,4.380211241711606,-1.5694491878885035,7
6486,5.8944634125147175,4.380211241711606,-1.5142521708031111,3
6487,5.90497669928845,4.380211241711606,-1.5247654575768435,4
6488,5.938844254476334,4.380211241711606,-1.5586330127647274,5
6489,6.3070195468912855,6.230448921378274,-0.07657062551301141,5
6490,6.160065128545155,6.230448921378274,0.0703837928331188,1
6491,6.251660550872863,6.230448921378274,-0.02121162949458899,8
6492,6.28460762359131,6.230448921378274,-0.054158702213036314,7
6493,6.264216562467986,6.230448921378274,-0.033767641089712086,2
6494,6.277015736950448,6.230448921378274,-0.04656681557217368,3
6495,6.315397500293054,6.230448921378274,-0.08494857891477992,6
6496,6.271382423236975,6.230448921378274,-0.04093350185870115,9
6497,6.234248983196784,6.230448921378274,-0.0038000618185103363,10
6498,6.0788255141404415,6.278753600952829,0.19992808681238738,7
6499,6.078547305494146,6.278753600952829,0.20020629545868296,9
6500,6.078479861886425,6.278753600952829,0.20027373906640378,10
6501,6.013609196463681,6.278753600952829,0.2651444044891482,2
6502,6.078740861233962,6.278753600952829,0.20001273971886668,4
6503,6.079133890208591,6.278753600952829,0.1996197107442379,5
6504,6.0787056963392345,6.278753600952829,0.20004790461359434,1
6505,6.078751717181413,6.278753600952829,0.20000188377141548,8
6506,6.079006769943128,6.278753600952829,0.19974683100970125,6
6507,5.437460940649974,5.599883072073688,0.16242213142371398,10
6508,5.436575357222003,5.599883072073688,0.16330771485168505,1
6509,5.402638435434986,5.599883072073688,0.1972446366387013,8
6510,5.413788697978962,5.599883072073688,0.18609437409472562,3
6511,5.399965505616269,5.599883072073688,0.19991756645741887,2
6512,5.399871506757461,5.599883072073688,0.20001156531622666,9
6513,5.370805680156618,5.599883072073688,0.22907739191706966,6
6514,5.417205958859624,5.599883072073688,0.18267711321406388,4
6515,5.4002538147914,5.599883072073688,0.19962925728228775,5
6516,4.717000062580002,4.153204900084284,-0.563795162495718,8
6517,4.722227286234512,4.153204900084284,-0.5690223861502277,4
6518,4.776520327016068,4.153204900084284,-0.623315426931784,5
6519,4.614855867536145,4.153204900084284,-0.4616509674518605,7
6520,4.72718078167917,4.153204900084284,-0.5739758815948859,6
6521,4.6038880188150895,4.153204900084284,-0.45068311873080535,2
6522,4.74326355059123,4.153204900084284,-0.5900586505069461,9
6523,4.701680268601919,4.153204900084284,-0.5484753685176349,10
6524,4.729846677680582,4.153204900084284,-0.576641777596298,3
6525,5.550947389912199,7.498310553789601,1.9473631638774016,4
6526,5.56412461442948,7.498310553789601,1.9341859393601206,8
6527,5.587770035424005,7.498310553789601,1.910540518365596,1
6528,5.571298342295707,7.498310553789601,1.927012211493894,9
6529,5.464005808662362,7.498310553789601,2.0343047451272387,6
6530,5.566712526101247,7.498310553789601,1.931598027688354,3
6531,5.562196759303122,7.498310553789601,1.936113794486479,2
6532,5.530436136001236,7.498310553789601,1.967874417788365,7
6533,5.576942115916796,7.498310553789601,1.9213684378728049,5
6534,6.158050488575728,6.357934847000454,0.1998843584247263,1
6535,6.158379024196721,6.357934847000454,0.19955582280373285,3
6536,5.9700323770724095,6.357934847000454,0.38790246992804445,7
6537,5.956207624962922,6.357934847000454,0.40172722203753164,6
6538,6.157689718051383,6.357934847000454,0.20024512894907076,9
6539,6.134222618293965,6.357934847000454,0.2237122287064892,5
6540,6.054144346476437,6.357934847000454,0.3037905005240171,2
6541,6.010929272626806,6.357934847000454,0.34700557437364754,10
6542,6.15784721125699,6.357934847000454,0.200087635743464,4
6543,5.341386085732308,4.963787827345556,-0.37759825838675276,5
6544,5.40186781395445,4.963787827345556,-0.43807998660889425,10
6545,5.417065762524442,4.963787827345556,-0.45327793517888626,8
6546,5.189903853467056,4.963787827345556,-0.22611602612150072,9
6547,5.456785441759825,4.963787827345556,-0.4929976144142696,4
6548,5.438008205091368,4.963787827345556,-0.47422037774581227,3
6549,5.461519765307018,4.963787827345556,-0.4977319379614622,7
6550,5.457288563937177,4.963787827345556,-0.4935007365916215,6
6551,5.456801755203769,4.963787827345556,-0.49301392785821374,2
6552,5.998460581294026,6.220108088040055,0.22164750674602907,5
6553,5.972256259427151,6.220108088040055,0.24785182861290433,9
6554,5.940870595483227,6.220108088040055,0.2792374925568284,3
6555,5.918362219210182,6.220108088040055,0.3017458688298733,8
6556,6.020051305818728,6.220108088040055,0.20005678222132683,1
6557,5.955547127161682,6.220108088040055,0.2645609608783728,6
6558,5.9421107902587575,6.220108088040055,0.27799729778129745,10
6559,5.953503476167174,6.220108088040055,0.2666046118728813,2
6560,6.02002493511244,6.220108088040055,0.2000831529276148,4
6561,5.963785884257194,7.4954055631461936,1.5316196788889993,6
6562,5.938446285598302,7.4954055631461936,1.5569592775478913,4
6563,5.894823141749157,7.4954055631461936,1.6005824213970365,9
6564,5.943075975158633,7.4954055631461936,1.5523295879875603,2
6565,5.9405775903575755,7.4954055631461936,1.554827972788618,8
6566,5.795738555597697,7.4954055631461936,1.6996670075484968,7
6567,5.808364571384594,7.4954055631461936,1.6870409917615996,5
6568,5.913327094885755,7.4954055631461936,1.5820784682604385,1
6569,5.9565190767806735,7.4954055631461936,1.53888648636552,3
6570,5.804257515576591,6.096910013008056,0.29265249743146526,3
6571,5.801304465544379,6.096910013008056,0.2956055474636772,1
6572,5.731253823884023,6.096910013008056,0.3656561891240333,10
6573,5.684191246602475,6.096910013008056,0.4127187664055816,4
6574,5.804127721838169,6.096910013008056,0.2927822911698872,8
6575,5.722447309925135,6.096910013008056,0.37446270308292107,6
6576,5.804350850477386,6.096910013008056,0.2925591625306705,7
6577,5.661420814054049,6.096910013008056,0.4354891989540075,9
6578,5.803904039745011,6.096910013008056,0.2930059732630452,2
6579,5.95463987544791,5.149834696715785,-0.8048051787321251,6
6580,5.997976964251717,5.149834696715785,-0.8481422675359322,8
6581,5.965272980339923,5.149834696715785,-0.8154382836241378,9
6582,5.954864153687811,5.149834696715785,-0.8050294569720258,1
6583,5.935545507333061,5.149834696715785,-0.7857108106172763,5
6584,5.894489432766964,5.149834696715785,-0.7446547360511788,10
6585,6.0682201718284645,5.149834696715785,-0.9183854751126797,4
6586,5.983797591814094,5.149834696715785,-0.8339628950983089,2
6587,5.98621619397631,5.149834696715785,-0.8363814972605255,3
6588,5.8001579236673,6.0,0.19984207633269957,2
6589,5.828329742690276,6.0,0.1716702573097244,3
6590,5.921846675891491,6.0,0.07815332410850928,4
6591,5.897695015278059,6.0,0.1023049847219406,8
6592,5.893009392999748,6.0,0.10699060700025242,1
6593,5.853944976996078,6.0,0.14605502300392192,5
6594,5.854388633326227,6.0,0.14561136667377284,10
6595,5.8506778112996916,6.0,0.14932218870030844,6
6596,5.914565830418861,6.0,0.0854341695811387,9
6597,5.987765720259692,5.939808685806208,-0.04795703445348476,1
6598,5.974799100002569,5.939808685806208,-0.034990414196361286,8
6599,5.906344611656675,5.939808685806208,0.03346407414953223,10
6600,5.8838965825047405,5.939808685806208,0.05591210330146712,9
6601,5.909231426070206,5.939808685806208,0.030577259736001672,5
6602,5.967953949748857,5.939808685806208,-0.02814526394264938,7
6603,5.933179600242774,5.939808685806208,0.00662908556343389,2
6604,5.859619111572658,5.939808685806208,0.08018957423354944,4
6605,5.893446166804382,5.939808685806208,0.04636251900182575,3
6606,6.088159804121083,5.888179493918325,-0.19998031020275775,6
6607,6.084025182921282,5.888179493918325,-0.19584568900295718,5
6608,5.995913687457268,5.888179493918325,-0.10773419353894287,2
6609,6.0484455364563665,5.888179493918325,-0.16026604253804155,10
6610,6.087893357829456,5.888179493918325,-0.1997138639111311,9
6611,6.088582165327787,5.888179493918325,-0.20040267140946177,4
6612,6.037143631892162,5.888179493918325,-0.14896413797383712,3
6613,6.069294538203714,5.888179493918325,-0.18111504428538883,8
6614,6.088073139443834,5.888179493918325,-0.19989364552550892,1
6615,6.164039553455268,6.060697840353612,-0.1033417131016563,5
6616,6.207901877398031,6.060697840353612,-0.14720403704441942,9
6617,6.068556985237547,6.060697840353612,-0.00785914488393491,10
6618,6.146060619635326,6.060697840353612,-0.08536277928171376,8
6619,6.137888440638099,6.060697840353612,-0.07719060028448688,2
6620,6.133859180563353,6.060697840353612,-0.07316134020974108,3
6621,6.167387257228514,6.060697840353612,-0.10668941687490197,4
6622,6.107672838111392,6.060697840353612,-0.046974997757780024,6
6623,6.185407800085727,6.060697840353612,-0.1247099597321153,1
6624,5.988142069431754,5.814394112097142,-0.17374795733461212,8
6625,5.924145072611877,5.814394112097142,-0.10975096051473443,2
6626,5.879420719430766,5.814394112097142,-0.06502660733362386,4
6627,5.878976925545417,5.814394112097142,-0.06458281344827466,6
6628,5.8789089553293294,5.814394112097142,-0.06451484323218715,3
6629,5.952561495469639,5.814394112097142,-0.13816738337249657,5
6630,5.87916260899594,5.814394112097142,-0.0647684968987976,9
6631,5.968254881396219,5.814394112097142,-0.15386076929907677,10
6632,6.002935716509171,5.814394112097142,-0.18854160441202872,7
6633,6.10612465200719,6.060932673519882,-0.04519197848730805,8
6634,6.094579889665913,6.060932673519882,-0.033647216146031056,2
6635,6.105722400594417,6.060932673519882,-0.044789727074535435,10
6636,6.121938058513477,6.060932673519882,-0.06100538499359498,5
6637,6.094573814597422,6.060932673519882,-0.033641141077540127,3
6638,6.12258742000779,6.060932673519882,-0.06165474648790781,1
6639,6.009302010887653,6.060932673519882,0.051630662632228486,4
6640,6.089808337705071,6.060932673519882,-0.028875664185188832,9
6641,6.109450300223749,6.060932673519882,-0.048517626703866945,7
6642,6.084097433622067,6.167317334748176,0.08321990112610855,10
6643,6.051579295759838,6.167317334748176,0.11573803898833734,2
6644,6.025766337089696,6.167317334748176,0.1415509976584799,6
6645,5.967064874174618,6.167317334748176,0.20025246057355783,9
6646,6.094697608909101,6.167317334748176,0.07261972583907461,8
6647,6.196145185883381,6.167317334748176,-0.028827851135205584,1
6648,5.983776422491928,6.167317334748176,0.18354091225624725,3
6649,6.065211841717215,6.167317334748176,0.10210549303096084,5
6650,5.980748011343653,6.167317334748176,0.18656932340452226,4
6651,6.608473938139625,6.298853076409706,-0.3096208617299183,9
6652,6.589337886592867,6.298853076409706,-0.29048481018316075,3
6653,6.585752803662545,6.298853076409706,-0.2868997272528384,5
6654,6.630487820332209,6.298853076409706,-0.3316347439225025,6
6655,6.605478776932469,6.298853076409706,-0.30662570052276283,4
6656,6.642053971297143,6.298853076409706,-0.34320089488743655,2
6657,6.660603457427401,6.298853076409706,-0.3617503810176945,1
6658,6.62446151730109,6.298853076409706,-0.32560844089138374,8
6659,6.563256547981802,6.298853076409706,-0.26440347157209576,10
6660,5.9430048682299415,6.079181246047625,0.13617637781768366,2
6661,5.886536730454335,6.079181246047625,0.19264451559329032,6
6662,5.916497354831087,6.079181246047625,0.16268389121653826,9
6663,5.850341794166956,6.079181246047625,0.22883945188066868,4
6664,5.905052422012849,6.079181246047625,0.17412882403477603,1
6665,5.942982410052428,6.079181246047625,0.1361988359951969,3
6666,5.942927916187552,6.079181246047625,0.13625332986007344,7
6667,5.925476357600289,6.079181246047625,0.15370488844733643,5
6668,5.879067929876456,6.079181246047625,0.20011331617116923,10
6669,5.794178712723172,5.663700925389648,-0.13047778733352366,2
6670,5.763858582669954,5.663700925389648,-0.10015765728030601,5
6671,5.754752452091331,5.663700925389648,-0.09105152670168337,7
6672,5.80223552008165,5.663700925389648,-0.13853459469200224,1
6673,5.770797242926477,5.663700925389648,-0.10709631753682913,6
6674,5.808130658706046,5.663700925389648,-0.1444297333163984,8
6675,5.774712592048591,5.663700925389648,-0.11101166665894269,4
6676,5.766314269684873,5.663700925389648,-0.10261334429522506,9
6677,5.716053785821548,5.663700925389648,-0.052352860431899906,10
6678,5.4664570849688845,6.004321373782642,0.5378642888137577,7
6679,5.4769577243136975,6.004321373782642,0.5273636494689447,9
6680,5.415775626341851,6.004321373782642,0.5885457474407909,2
6681,5.38254704615082,6.004321373782642,0.6217743276318224,3
6682,5.337042278224223,6.004321373782642,0.6672790955584196,1
6683,5.312217128701391,6.004321373782642,0.6921042450812509,8
6684,5.368920448703973,6.004321373782642,0.6354009250786694,4
6685,5.4378169151853495,6.004321373782642,0.5665044585972927,5
6686,5.56219915752694,6.004321373782642,0.4421222162557026,6
6687,5.90495472310259,6.222716471147583,0.317761748044993,5
6688,5.871079729430839,6.222716471147583,0.3516367417167441,8
6689,5.963685846455186,6.222716471147583,0.25903062469239746,10
6690,6.022681394135317,6.222716471147583,0.20003507701226653,1
6691,5.951472729412408,6.222716471147583,0.2712437417351756,2
6692,5.937466282970297,6.222716471147583,0.28525018817728665,7
6693,5.89965649772114,6.222716471147583,0.3230599734264432,9
6694,5.800245380975043,6.222716471147583,0.42247109017254036,4
6695,6.022140740879221,6.222716471147583,0.20057573026836195,6
6696,5.757878245113988,6.079181246047625,0.3213030009336375,5
6697,5.730068993810792,6.079181246047625,0.34911225223683306,3
6698,5.792742127135204,6.079181246047625,0.2864391189124209,7
6699,5.676656235517963,6.079181246047625,0.4025250105296623,8
6700,5.709461192530464,6.079181246047625,0.3697200535171614,1
6701,5.8192215218479095,6.079181246047625,0.2599597241997156,6
6702,5.788101016243143,6.079181246047625,0.2910802298044821,9
6703,5.610030698824273,6.079181246047625,0.4691505472233519,10
6704,5.737027351293932,6.079181246047625,0.34215389475369307,2
6705,4.690251096484428,5.786751422145561,1.0965003256611325,3
6706,4.681629491397659,5.786751422145561,1.1051219307479023,10
6707,4.613047295908932,5.786751422145561,1.173704126236629,1
6708,4.833370884028114,5.786751422145561,0.9533805381174467,4
6709,4.773500313753247,5.786751422145561,1.0132511083923141,6
6710,4.70507069017004,5.786751422145561,1.0816807319755206,8
6711,4.837725922431733,5.786751422145561,0.9490254997138283,9
6712,4.720466839959202,5.786751422145561,1.0662845821863591,2
6713,4.714768953499339,5.786751422145561,1.0719824686462216,7
6714,5.986706386755855,6.176091259055681,0.1893848722998266,7
6715,5.976018248514067,6.176091259055681,0.20007301054161442,9
6716,5.976582494482558,6.176091259055681,0.19950876457312372,10
6717,5.976209444353059,6.176091259055681,0.19988181470262223,5
6718,5.97641500818663,6.176091259055681,0.19967625086905105,2
6719,5.976100389258268,6.176091259055681,0.19999086979741332,4
6720,6.172315307948358,6.176091259055681,0.0037759511073236496,1
6721,5.918534588240576,6.176091259055681,0.2575566708151049,8
6722,5.944269882283469,6.176091259055681,0.2318213767722126,3
6723,5.879209333736513,6.079181246047625,0.19997191231111167,6
6724,5.927320212251123,6.079181246047625,0.15186103379650184,3
6725,5.983841197951047,6.079181246047625,0.09534004809657848,4
6726,5.95515619397463,6.079181246047625,0.1240250520729953,5
6727,6.13229222778685,6.079181246047625,-0.05311098173922524,1
6728,5.8832566858187265,6.079181246047625,0.1959245602288986,8
6729,5.981398708465676,6.079181246047625,0.09778253758194921,7
6730,5.984096314496114,6.079181246047625,0.09508493155151143,9
6731,5.940569796969649,6.079181246047625,0.13861144907797573,2
6732,6.035429209908852,5.995196291597179,-0.04023291831167253,5
6733,6.195364474164236,5.995196291597179,-0.20016818256705715,1
6734,6.025391504077044,5.995196291597179,-0.030195212479864786,10
6735,6.053816843555617,5.995196291597179,-0.05862055195843752,7
6736,6.009268318251954,5.995196291597179,-0.014072026654774916,3
6737,6.020030190811895,5.995196291597179,-0.024833899214716126,2
6738,5.980425984823292,5.995196291597179,0.014770306773887576,8
6739,5.953268156713154,5.995196291597179,0.04192813488402525,6
6740,6.021565972313145,5.995196291597179,-0.026369680715966126,4
6741,5.878712528665809,6.079181246047625,0.20046871738181604,6
6742,5.958751980539787,6.079181246047625,0.1204292655078385,7
6743,5.957272657256886,6.079181246047625,0.12190858879073918,2
6744,6.124789249864569,6.079181246047625,-0.04560800381694374,1
6745,5.937604136857549,6.079181246047625,0.14157710919007638,5
6746,5.939669566702157,6.079181246047625,0.1395116793454685,3
6747,5.932823068434442,6.079181246047625,0.14635817761318304,4
6748,5.95154683508192,6.079181246047625,0.1276344109657055,10
6749,5.912953960480545,6.079181246047625,0.16622728556708033,8
6750,5.909216548418052,6.0,0.0907834515819479,8
6751,5.800015380292219,6.0,0.1999846197077808,5
6752,5.910730215498693,6.0,0.08926978450130729,9
6753,5.799642143135292,6.0,0.20035785686470842,4
6754,5.799854832799606,6.0,0.200145167200394,6
6755,5.799838168539075,6.0,0.2001618314609246,1
6756,5.822572325428419,6.0,0.1774276745715806,10
6757,5.799624072638758,6.0,0.2003759273612422,2
6758,5.799978677532237,6.0,0.20002132246776316,3
6759,5.886346213254487,6.015359755409214,0.12901354215472782,6
6760,5.942052671701647,6.015359755409214,0.07330708370756778,10
6761,5.889701031080963,6.015359755409214,0.1256587243282512,2
6762,5.956738407592507,6.015359755409214,0.05862134781670747,8
6763,5.875377087835717,6.015359755409214,0.13998266757349764,1
6764,5.92319830961739,6.015359755409214,0.09216144579182473,3
6765,5.978455712799008,6.015359755409214,0.036904042610206744,7
6766,5.8861607829262255,6.015359755409214,0.12919897248298895,5
6767,5.876232393842754,6.015359755409214,0.13912736156646055,4
6768,5.380667833290463,5.5301996982030825,0.14953186491261938,6
6769,5.402768825759116,5.5301996982030825,0.12743087244396634,10
6770,5.475372564340293,5.5301996982030825,0.0548271338627897,9
6771,5.448355285551848,5.5301996982030825,0.08184441265123432,1
6772,5.4520363171768365,5.5301996982030825,0.07816338102624609,7
6773,5.565609761928183,5.5301996982030825,-0.03541006372510047,8
6774,5.668508739614908,5.5301996982030825,-0.13830904141182554,3
6775,5.487836658538461,5.5301996982030825,0.04236303966462174,5
6776,5.466621470095629,5.5301996982030825,0.0635782281074535,4
6777,5.858662027049929,6.0,0.14133797295007078,1
6778,5.799835361508681,6.0,0.20016463849131938,8
6779,5.818003507693472,6.0,0.1819964923065278,2
6780,5.8374072042166825,6.0,0.16259279578331753,3
6781,5.8179565432530325,6.0,0.18204345674696754,9
6782,5.818629285209345,6.0,0.18137071479065536,5
6783,5.818761281793907,6.0,0.18123871820609327,10
6784,5.8183598413691575,6.0,0.18164015863084249,6
6785,5.818029645716451,6.0,0.1819703542835489,4
6786,5.762086377327904,6.330413773349191,0.5683273960212869,4
6787,5.633339773967761,6.330413773349191,0.6970739993814297,6
6788,5.7442025143057736,6.330413773349191,0.5862112590434174,9
6789,5.663204420536335,6.330413773349191,0.667209352812856,10
6790,5.9370283268884245,6.330413773349191,0.39338544646076645,3
6791,5.741588226779608,6.330413773349191,0.5888255465695833,1
6792,5.7494381026269865,6.330413773349191,0.5809756707222045,7
6793,5.77810378862449,6.330413773349191,0.552309984724701,5
6794,5.819975876062924,6.330413773349191,0.5104378972862671,8
6795,5.956030732057943,5.607455023214668,-0.34857570884327505,9
6796,5.855726365891245,5.607455023214668,-0.2482713426765768,8
6797,5.8590711634173145,5.607455023214668,-0.2516161402026462,10
6798,5.838368269183865,5.607455023214668,-0.23091324596919716,2
6799,5.854695124468974,5.607455023214668,-0.24724010125430596,7
6800,5.802671439415005,5.607455023214668,-0.1952164162003367,3
6801,5.856996765163815,5.607455023214668,-0.24954174194914636,6
6802,5.862209423368107,5.607455023214668,-0.25475440015343853,1
6803,5.863392399251068,5.607455023214668,-0.25593737603639966,5
6804,6.006797784600431,6.103461622094705,0.09666383749427432,9
6805,5.928371716895314,6.103461622094705,0.17508990519939083,8
6806,5.903887883585886,6.103461622094705,0.19957373850881854,10
6807,5.9487219795779405,6.103461622094705,0.15473964251676442,1
6808,5.930503385243696,6.103461622094705,0.17295823685100853,6
6809,5.903424461567946,6.103461622094705,0.20003716052675902,2
6810,5.944682617889056,6.103461622094705,0.15877900420564917,5
6811,6.0386005198106965,6.103461622094705,0.06486110228400843,4
6812,5.929866643789406,6.103461622094705,0.17359497830529858,7
6813,5.825187293486076,6.024731889655249,0.19954459616917308,8
6814,5.826409934194307,6.024731889655249,0.19832195546094233,5
6815,5.8165890761640915,6.024731889655249,0.2081428134911576,2
6816,5.825128238561184,6.024731889655249,0.19960365109406553,1
6817,5.924898533237162,6.024731889655249,0.09983335641808733,4
6818,5.824741721991975,6.024731889655249,0.19999016766327404,7
6819,5.824760664100385,6.024731889655249,0.19997122555486424,6
6820,5.842275220922011,6.024731889655249,0.18245666873323785,10
6821,5.914980972042891,6.024731889655249,0.10975091761235767,9
6822,5.898675036081769,4.711807229041191,-1.1868678070405778,1
6823,5.901930219636838,4.711807229041191,-1.190122990595647,3
6824,5.8305717241879975,4.711807229041191,-1.1187644951468068,9
6825,5.9412688598253345,4.711807229041191,-1.2294616307841437,2
6826,5.788687046342938,4.711807229041191,-1.076879817301747,10
6827,5.944744865062441,4.711807229041191,-1.2329376360212505,6
6828,5.7545499983527355,4.711807229041191,-1.0427427693115447,7
6829,5.816602716985269,4.711807229041191,-1.1047954879440782,4
6830,5.86121680128234,4.711807229041191,-1.149409572241149,5
6831,6.029908757082253,5.824054205231849,-0.20585455185040402,1
6832,6.075430456437033,5.824054205231849,-0.25137625120518425,6
6833,6.039249748528372,5.824054205231849,-0.2151955432965229,3
6834,6.042534347141842,5.824054205231849,-0.21848014190999354,2
6835,6.029177939780279,5.824054205231849,-0.20512373454843047,5
6836,6.024220513969998,5.824054205231849,-0.2001663087381491,8
6837,6.024252567419223,5.824054205231849,-0.20019836218737463,7
6838,5.936957618646458,5.824054205231849,-0.11290341341460941,10
6839,6.024146648789321,5.824054205231849,-0.20009244355747224,9
6840,5.892205726348128,6.301029995663981,0.40882426931585325,2
6841,5.81487330846572,6.301029995663981,0.4861566871982612,1
6842,5.800925099279289,6.301029995663981,0.5001048963846921,6
6843,5.75979668379435,6.301029995663981,0.5412333118696315,8
6844,5.602851865360846,6.301029995663981,0.6981781303031349,4
6845,5.757325053011498,6.301029995663981,0.5437049426524831,3
6846,5.632085060637275,6.301029995663981,0.6689449350267065,10
6847,5.707569448990668,6.301029995663981,0.5934605466733132,5
6848,5.679214937181139,6.301029995663981,0.6218150584828424,9
6849,6.147384751482762,6.188647295999718,0.04126254451695566,1
6850,6.066133096019502,6.188647295999718,0.12251419998021529,2
6851,6.126648954401697,6.188647295999718,0.06199834159802098,6
6852,6.1564110283005125,6.188647295999718,0.03223626769920518,3
6853,6.1651412470934455,6.188647295999718,0.02350604890627217,7
6854,6.121651151176744,6.188647295999718,0.06699614482297367,10
6855,6.128979590019226,6.188647295999718,0.05966770598049198,9
6856,6.170018531120423,6.188647295999718,0.018628764879294657,5
6857,6.181853662748172,6.188647295999718,0.006793633251545472,4
6858,6.180444142950754,6.977723605288848,0.7972794623380937,5
6859,6.175000674065741,6.977723605288848,0.8027229312231068,3
6860,6.178706359725539,6.977723605288848,0.7990172455633084,7
6861,6.116255411423314,6.977723605288848,0.8614681938655337,8
6862,6.193777813776096,6.977723605288848,0.7839457915127515,4
6863,6.140234052666556,6.977723605288848,0.8374895526222916,1
6864,6.069085980169918,6.977723605288848,0.9086376251189296,2
6865,6.141164848337461,6.977723605288848,0.836558756951387,9
6866,6.153532239729693,6.977723605288848,0.8241913655591544,10
6867,5.981037189932367,6.0,0.018962810067632674,7
6868,5.942333080566046,6.0,0.05766691943395408,2
6869,5.974952298754521,6.0,0.02504770124547928,5
6870,5.97763247376586,6.0,0.022367526234139845,8
6871,5.962735126073578,6.0,0.037264873926422304,6
6872,5.902468076718801,6.0,0.09753192328119908,9
6873,6.008818594958045,6.0,-0.008818594958045267,3
6874,6.003495547771277,6.0,-0.003495547771277252,4
6875,6.006317653057002,6.0,-0.0063176530570023814,1
6876,6.1154191886902245,4.103803720955957,-2.0116154677342672,2
6877,6.152522942705889,4.103803720955957,-2.0487192217499315,6
6878,6.110705818066437,4.103803720955957,-2.00690209711048,9
6879,6.191518440485191,4.103803720955957,-2.0877147195292336,4
6880,6.175875232386208,4.103803720955957,-2.0720715114302504,1
6881,6.157382537220159,4.103803720955957,-2.053578816264202,8
6882,6.15074279000145,4.103803720955957,-2.046939069045493,7
6883,6.145158868723081,4.103803720955957,-2.041355147767124,10
6884,6.153276148141218,4.103803720955957,-2.049472427185261,5
6885,6.135318469142935,6.720572720364261,0.5852542512213263,4
6886,6.100251310410522,6.720572720364261,0.6203214099537391,9
6887,6.161666538443374,6.720572720364261,0.5589061819208876,3
6888,6.126845077249697,6.720572720364261,0.5937276431145646,6
6889,6.143162430830942,6.720572720364261,0.5774102895333195,7
6890,6.095417461446875,6.720572720364261,0.6251552589173865,2
6891,6.110319235234776,6.720572720364261,0.6102534851294852,10
6892,6.123075791859817,6.720572720364261,0.5974969285044445,8
6893,6.144871259100239,6.720572720364261,0.5757014612640221,5
6894,6.022252566453021,6.103803720955957,0.08155115450293593,7
6895,5.975641591939565,6.103803720955957,0.1281621290163919,2
6896,6.048558336403016,6.103803720955957,0.05524538455294081,4
6897,6.033373946531158,6.103803720955957,0.07042977442479881,3
6898,6.024233645741952,6.103803720955957,0.07957007521400516,5
6899,6.005331578123884,6.103803720955957,0.0984721428320734,6
6900,5.962944090462693,6.103803720955957,0.14085963049326455,9
6901,6.055579769851664,6.103803720955957,0.04822395110429323,1
6902,6.014422764144196,6.103803720955957,0.08938095681176161,8
6903,6.058554732955138,6.0,-0.058554732955138356,3
6904,6.1932700612797325,6.0,-0.19327006127973245,9
6905,6.056542919357065,6.0,-0.05654291935706457,5
6906,6.040411073770579,6.0,-0.04041107377057873,6
6907,5.800140699674223,6.0,0.1998593003257767,7
6908,6.033828634515929,6.0,-0.03382863451592932,10
6909,6.04227147151915,6.0,-0.04227147151915034,2
6910,6.04665711337676,6.0,-0.04665711337676015,8
6911,6.039666884459724,6.0,-0.03966688445972366,1
6912,5.919123384938722,6.0,0.0808766150612783,1
6913,5.905569503665428,6.0,0.09443049633457168,10
6914,5.993638907550503,6.0,0.006361092449497008,7
6915,6.0035086078338145,6.0,-0.003508607833814459,4
6916,5.879155698678169,6.0,0.12084430132183144,9
6917,5.935714644472455,6.0,0.06428535552754511,2
6918,5.965592108628516,6.0,0.034407891371484034,3
6919,5.9139837848996955,6.0,0.08601621510030455,6
6920,5.898253384318041,6.0,0.10174661568195909,5
6921,5.928390160914962,5.342422680822207,-0.585967480092755,8
6922,5.871490384348281,5.342422680822207,-0.5290677035260742,3
6923,5.8723965695819365,5.342422680822207,-0.5299738887597298,2
6924,5.848439524841781,5.342422680822207,-0.506016844019574,4
6925,5.898680778214522,5.342422680822207,-0.5562580973923152,7
6926,5.88882101711547,5.342422680822207,-0.5463983362932634,5
6927,5.820081165993862,5.342422680822207,-0.47765848517165566,9
6928,5.8103281689457615,5.342422680822207,-0.4679054881235549,6
6929,5.926349486545744,5.342422680822207,-0.5839268057235376,1
6930,5.644247082726258,6.079181246047625,0.43493416332136725,7
6931,5.7219538884884615,6.079181246047625,0.35722735755916357,8
6932,5.601774261751058,6.079181246047625,0.47740698429656714,10
6933,5.613930337327702,6.079181246047625,0.4652509087199235,9
6934,5.646977655553529,6.079181246047625,0.43220359049409574,4
6935,5.8794721012183215,6.079181246047625,0.19970914482930358,3
6936,5.572442273770013,6.079181246047625,0.5067389722776117,2
6937,5.631793714386411,6.079181246047625,0.4473875316612137,1
6938,5.6601437110389545,6.079181246047625,0.4190375350086706,5
6939,6.040565107187197,6.278753600952829,0.238188493765632,2
6940,6.094108179236899,6.278753600952829,0.18464542171592946,8
6941,6.067392421602631,6.278753600952829,0.21136117935019794,7
6942,6.078863986899591,6.278753600952829,0.19988961405323824,9
6943,6.0788359674803445,6.278753600952829,0.19991763347248437,3
6944,6.072929722104137,6.278753600952829,0.20582387884869213,5
6945,6.0545415363016915,6.278753600952829,0.2242120646511374,10
6946,6.079022450781569,6.278753600952829,0.1997311501712602,4
6947,6.078500441847105,6.278753600952829,0.20025315910572417,1
6948,6.0840971257944,6.414973347970818,0.33087622217641854,10
6949,6.120512084584933,6.414973347970818,0.29446126338588563,9
6950,6.1490647109646215,6.414973347970818,0.2659086370061967,1
6951,6.133916422568673,6.414973347970818,0.28105692540214555,5
6952,6.136462599215667,6.414973347970818,0.278510748755151,4
6953,6.123090751144752,6.414973347970818,0.2918825968260661,7
6954,6.121389779436847,6.414973347970818,0.29358356853397094,3
6955,6.133175683975018,6.414973347970818,0.28179766399579975,8
6956,6.115136271705539,6.414973347970818,0.29983707626527956,6
6957,6.041731782884936,5.77451696572855,-0.2672148171563862,7
6958,6.010410454169542,5.77451696572855,-0.23589348844099245,10
6959,6.0869548124937225,5.77451696572855,-0.3124378467651727,5
6960,5.974924685430103,5.77451696572855,-0.2004077197015528,2
6961,6.031441323796164,5.77451696572855,-0.2569243580676144,4
6962,6.009397910238015,5.77451696572855,-0.23488094450946484,3
6963,5.974690586674409,5.77451696572855,-0.20017362094585955,9
6964,6.031385820196367,5.77451696572855,-0.25686885446781726,1
6965,6.020685057031741,5.77451696572855,-0.24616809130319162,6
6966,5.938357790951165,6.377124042346456,0.43876625139529146,4
6967,5.81265315908762,6.377124042346456,0.5644708832588368,3
6968,5.770891617004287,6.377124042346456,0.6062324253421689,9
6969,5.892019011407395,6.377124042346456,0.485105030939061,6
6970,5.685587291700697,6.377124042346456,0.691536750645759,10
6971,5.927417989264296,6.377124042346456,0.44970605308215994,7
6972,5.626255294501643,6.377124042346456,0.7508687478448133,5
6973,5.899232995792466,6.377124042346456,0.4778910465539905,1
6974,6.034578856833003,6.377124042346456,0.3425451855134529,8
6975,6.17845005724585,5.93801909747621,-0.24043095976963968,2
6976,6.265950467398301,5.93801909747621,-0.3279313699220907,5
6977,6.229253397831741,5.93801909747621,-0.2912343003555309,6
6978,6.198961007082355,5.93801909747621,-0.26094190960614494,1
6979,6.238814121021375,5.93801909747621,-0.30079502354516485,3
6980,6.208085535739692,5.93801909747621,-0.2700664382634823,8
6981,6.218320915590798,5.93801909747621,-0.2803018181145882,4
6982,6.239250315620797,5.93801909747621,-0.3012312181445873,9
6983,6.216897440358104,5.93801909747621,-0.27887834288189417,7
6984,5.705072248712053,6.0,0.2949277512879469,4
6985,5.655804387836446,6.0,0.34419561216355365,9
6986,5.755079380439339,6.0,0.24492061956066102,1
6987,5.720801677582287,6.0,0.27919832241771303,8
6988,5.693157191108962,6.0,0.3068428088910382,6
6989,5.719221906579615,6.0,0.28077809342038496,7
6990,5.711055851882772,6.0,0.2889441481172277,3
6991,5.679654358741856,6.0,0.320345641258144,2
6992,5.736152046801698,6.0,0.2638479531983018,5
6993,5.537620558052739,6.332236415491443,0.7946158574387043,8
6994,5.692500907647183,6.332236415491443,0.6397355078442599,2
6995,5.546526503808784,6.332236415491443,0.7857099116826589,9
6996,5.581968269345023,6.332236415491443,0.7502681461464196,1
6997,5.589690357624726,6.332236415491443,0.7425460578667167,7
6998,5.484362994836081,6.332236415491443,0.847873420655362,6
6999,5.542342862453151,6.332236415491443,0.7898935530382918,3
7000,5.670932278292298,6.332236415491443,0.6613041371991448,10
7001,5.62322993653313,6.332236415491443,0.7090064789583126,5
7002,5.348377776047913,6.176091259055681,0.8277134830077681,2
7003,5.47390038833432,6.176091259055681,0.7021908707213615,8
7004,4.9596693595821035,6.176091259055681,1.2164218994735778,4
7005,5.365154423494691,6.176091259055681,0.81093683556099,3
7006,5.580975061522454,6.176091259055681,0.5951161975332271,1
7007,4.994702081982617,6.176091259055681,1.181389177073064,5
7008,5.425112694946435,6.176091259055681,0.7509785641092463,7
7009,5.7309815715318475,6.176091259055681,0.44510968752383384,10
7010,5.397857570165026,6.176091259055681,0.7782336888906549,9
7011,5.965242240880388,6.165244326125311,0.20000208524492358,5
7012,5.935962580261266,6.165244326125311,0.22928174586404548,3
7013,5.965176636630602,6.165244326125311,0.2000676894947091,7
7014,5.96485531073049,6.165244326125311,0.2003890153948209,9
7015,5.965075560832475,6.165244326125311,0.2001687652928359,4
7016,5.964901330470926,6.165244326125311,0.20034299565438474,8
7017,5.9650081458999615,6.165244326125311,0.2002361802253496,2
7018,5.965237486598065,6.165244326125311,0.20000683952724607,6
7019,5.997918495394933,6.165244326125311,0.16732583073037777,1
7020,6.7696994931917605,6.969415912353981,0.19971641916222094,9
7021,6.769427373558548,6.969415912353981,0.19998853879543343,6
7022,6.769610076673052,6.969415912353981,0.19980583568092936,3
7023,6.76948807258787,6.969415912353981,0.1999278397661115,4
7024,6.769336464750521,6.969415912353981,0.20007944760346064,8
7025,6.769551938712455,6.969415912353981,0.1998639736415262,7
7026,6.769373195059624,6.969415912353981,0.20004271729435708,1
7027,6.769377154276056,6.969415912353981,0.20003875807792504,10
7028,6.769137368275407,6.969415912353981,0.20027854407857415,5
7029,6.2471124559549365,6.447158031342219,0.20004557538728296,10
7030,6.247394346571133,6.447158031342219,0.19976368477108686,6
7031,6.2623557347729015,6.447158031342219,0.1848022965693179,2
7032,6.247134467120774,6.447158031342219,0.2000235642214454,8
7033,6.247182533768797,6.447158031342219,0.1999754975734227,4
7034,6.247443989140219,6.447158031342219,0.19971404220200029,7
7035,6.3234843261335145,6.447158031342219,0.12367370520870491,9
7036,6.24756850837937,6.447158031342219,0.19958952296284949,3
7037,6.247198350065894,6.447158031342219,0.1999596812763258,5
7038,6.4149880634292415,6.72916478969277,0.3141767262635282,9
7039,6.377144001355759,6.72916478969277,0.35202078833701034,3
7040,6.349966721327405,6.72916478969277,0.3791980683653646,7
7041,6.390379497350729,6.72916478969277,0.3387852923420409,2
7042,6.255962695100874,6.72916478969277,0.47320209459189577,5
7043,6.311815817480426,6.72916478969277,0.417348972212344,10
7044,6.375090554816521,6.72916478969277,0.3540742348762489,4
7045,6.4150473541569255,6.72916478969277,0.31411743553584426,6
7046,6.3462215179361126,6.72916478969277,0.3829432717566572,8
7047,6.427418728635946,6.3979400086720375,-0.029478719963908162,9
7048,6.465587215525806,6.3979400086720375,-0.0676472068537688,2
7049,6.420551561795154,6.3979400086720375,-0.02261155312311658,1
7050,6.466763657018638,6.3979400086720375,-0.06882364834660049,6
7051,6.401987479171035,6.3979400086720375,-0.004047470498997896,8
7052,6.465910936267411,6.3979400086720375,-0.06797092759537371,10
7053,6.423354162386263,6.3979400086720375,-0.02541415371422584,4
7054,6.456862816731228,6.3979400086720375,-0.058922808059190146,3
7055,6.455636016828273,6.3979400086720375,-0.057696008156235656,5
7056,6.364772891543399,6.4269989587565375,0.06222606721313806,10
7057,6.290262856023881,6.4269989587565375,0.13673610273265613,1
7058,6.479252105596952,6.4269989587565375,-0.05225314684041482,2
7059,6.373109944026892,6.4269989587565375,0.0538890147296458,4
7060,6.369195730409379,6.4269989587565375,0.057803228347158786,6
7061,6.390884997707371,6.4269989587565375,0.036113961049166754,5
7062,6.369819151503194,6.4269989587565375,0.05717980725334382,7
7063,6.367023115559409,6.4269989587565375,0.059975843197128675,9
7064,6.418396125054775,6.4269989587565375,0.008602833701762513,3
7065,6.355883762058039,4.778151250383644,-1.5777325116743954,9
7066,6.353042665930873,4.778151250383644,-1.5748914155472296,6
7067,6.367465453284796,4.778151250383644,-1.5893142029011518,7
7068,6.364753690718008,4.778151250383644,-1.5866024403343637,4
7069,6.348746403733803,4.778151250383644,-1.5705951533501592,8
7070,6.3698778438500785,4.778151250383644,-1.5917265934664346,3
7071,6.386030849396175,4.778151250383644,-1.6078795990125307,5
7072,6.307296196224771,4.778151250383644,-1.5291449458411268,1
7073,6.305846086737793,4.778151250383644,-1.527694836354149,10
7074,6.400178897222033,6.380211241711606,-0.019967655510426674,8
7075,6.4861236513518215,6.380211241711606,-0.10591240964021509,6
7076,6.495967226886737,6.380211241711606,-0.11575598517513086,3
7077,6.3352139860762815,6.380211241711606,0.04499725563532486,1
7078,6.443323207699362,6.380211241711606,-0.0631119659877557,9
7079,6.4541809539029575,6.380211241711606,-0.07396971219135118,7
7080,6.442349135646027,6.380211241711606,-0.062137893934420596,4
7081,6.425406356091709,6.380211241711606,-0.045195114380102375,10
7082,6.467487706735138,6.380211241711606,-0.08727646502353181,5
7083,6.151412982315677,6.3979400086720375,0.24652702635636015,2
7084,6.019704180226759,6.3979400086720375,0.3782358284452787,5
7085,5.967998051950502,6.3979400086720375,0.42994195672153523,10
7086,6.126110646200032,6.3979400086720375,0.2718293624720056,4
7087,6.105185926922336,6.3979400086720375,0.29275408174970163,9
7088,6.005596611639219,6.3979400086720375,0.3923433970328185,7
7089,6.189702555894807,6.3979400086720375,0.20823745277723038,6
7090,6.150824710960305,6.3979400086720375,0.24711529771173257,3
7091,6.119365583349035,6.3979400086720375,0.2785744253230025,8
7092,5.262320272202431,3.556302500767288,-1.706017771435143,4
7093,5.263391225082132,3.556302500767288,-1.7070887243148438,9
7094,5.137972732729187,3.556302500767288,-1.581670231961899,3
7095,5.032563859144888,3.556302500767288,-1.4762613583776,1
7096,5.268100110524271,3.556302500767288,-1.711797609756983,10
7097,5.13658617605005,3.556302500767288,-1.5802836752827623,7
7098,5.27679844340266,3.556302500767288,-1.7204959426353716,2
7099,5.243511757099624,3.556302500767288,-1.6872092563323355,5
7100,5.328484481511593,3.556302500767288,-1.7721819807443047,8
7101,6.365357068394159,6.633468455579586,0.26811138718542704,7
7102,6.334695810839584,6.633468455579586,0.2987726447400023,10
7103,6.320260497019654,6.633468455579586,0.3132079585599321,4
7104,6.340721121659379,6.633468455579586,0.29274733392020735,9
7105,6.433296658861896,6.633468455579586,0.20017179671769014,1
7106,6.300336423218861,6.633468455579586,0.33313203236072564,6
7107,6.346144239230642,6.633468455579586,0.287324216348944,2
7108,6.334859780298639,6.633468455579586,0.29860867528094737,5
7109,6.268832064259476,6.633468455579586,0.3646363913201105,3
7110,6.0626209056451,6.243038048686294,0.18041714304119427,10
7111,6.042941780834964,6.243038048686294,0.20009626785133072,1
7112,6.092654072138122,6.243038048686294,0.1503839765481727,7
7113,6.042795213240547,6.243038048686294,0.2002428354457475,6
7114,6.043236081325542,6.243038048686294,0.1998019673607523,5
7115,6.04314018079535,6.243038048686294,0.199897867890944,2
7116,6.042930502545608,6.243038048686294,0.2001075461406865,4
7117,6.043254593139668,6.243038048686294,0.19978345554662624,3
7118,6.088405120162766,6.243038048686294,0.1546329285235286,9
7119,6.153830513060481,6.187520720836463,0.03369020777598131,5
7120,6.1367176123497496,6.187520720836463,0.0508031084867131,6
7121,6.170327996628859,6.187520720836463,0.01719272420760376,9
7122,6.104221145802905,6.187520720836463,0.0832995750335579,1
7123,6.146409215295039,6.187520720836463,0.04111150554142373,2
7124,6.143699628189956,6.187520720836463,0.0438210926465068,3
7125,6.1213838290680584,6.187520720836463,0.0661368917684042,4
7126,6.198238650862949,6.187520720836463,-0.010717930026486577,7
7127,6.154636118654007,6.187520720836463,0.032884602182456035,8
7128,5.760919669535638,6.176091259055681,0.4151715895200434,7
7129,5.6095043956760176,6.176091259055681,0.5665868633796638,4
7130,5.664733264114489,6.176091259055681,0.5113579949411919,5
7131,5.975767304622273,6.176091259055681,0.20032395443340878,9
7132,5.679545967631936,6.176091259055681,0.49654529142374493,8
7133,5.559274333178091,6.176091259055681,0.6168169258775906,1
7134,5.569230834391941,6.176091259055681,0.6068604246637399,6
7135,5.725178918763268,6.176091259055681,0.45091234029241356,10
7136,5.682856118945676,6.176091259055681,0.4932351401100057,3
7137,5.685370394929046,4.770852011642144,-0.9145183832869019,10
7138,5.7370480016891365,4.770852011642144,-0.9661959900469927,6
7139,5.778601452067782,4.770852011642144,-1.0077494404256386,7
7140,5.7712977537288195,4.770852011642144,-1.0004457420866757,8
7141,5.735252095263351,4.770852011642144,-0.9644000836212072,9
7142,5.7087946115804735,4.770852011642144,-0.9379425999383297,4
7143,5.733267878233215,4.770852011642144,-0.9624158665910709,3
7144,5.669558603428279,4.770852011642144,-0.8987065917861354,2
7145,5.603748742279798,4.770852011642144,-0.8328967306376542,1
7146,6.2496277104384665,6.3979400086720375,0.14831229823357095,9
7147,6.198003552792924,6.3979400086720375,0.19993645587911324,2
7148,6.197466107670523,6.3979400086720375,0.20047390100151485,1
7149,6.1979121934609385,6.3979400086720375,0.20002781521109902,4
7150,6.21714926794812,6.3979400086720375,0.18079074072391776,5
7151,6.239044718383264,6.3979400086720375,0.1588952902887737,7
7152,6.197657960687734,6.3979400086720375,0.20028204798430327,8
7153,6.1979259471541654,6.3979400086720375,0.20001406151787204,3
7154,6.217288666399844,6.3979400086720375,0.18065134227219382,6
7155,6.219874165157925,6.419955748489758,0.20008158333183346,7
7156,6.219927228876941,6.419955748489758,0.2000285196128173,8
7157,6.219815995164238,6.419955748489758,0.20013975332552025,3
7158,6.220083169953814,6.419955748489758,0.19987257853594365,10
7159,6.21965970286224,6.419955748489758,0.20029604562751846,2
7160,6.2199994714588,6.419955748489758,0.19995627703095842,1
7161,6.227986392037119,6.419955748489758,0.19196935645263924,6
7162,6.2199262265330075,6.419955748489758,0.2000295219567505,4
7163,6.220293964835652,6.419955748489758,0.19966178365410592,5
7164,6.46345833662148,6.819543935541868,0.35608559892038816,4
7165,6.447897493132585,6.819543935541868,0.3716464424092836,10
7166,6.5453019482334405,6.819543935541868,0.27424198730842786,2
7167,6.605329898574254,6.819543935541868,0.21421403696761399,9
7168,6.334512305425698,6.819543935541868,0.4850316301161701,1
7169,6.4305287593808105,6.819543935541868,0.38901517616105785,8
7170,6.386987264227306,6.819543935541868,0.4325566713145621,5
7171,6.395627126416511,6.819543935541868,0.4239168091253571,7
7172,6.391412522652417,6.819543935541868,0.4281314128894511,3
7173,5.3434821004086945,5.128399268717806,-0.21508283169088838,1
7174,5.328734247386681,5.128399268717806,-0.20033497866887462,6
7175,5.582679918740729,5.128399268717806,-0.4542806500229233,7
7176,5.59494512356327,5.128399268717806,-0.46654585484546374,8
7177,5.330987005715298,5.128399268717806,-0.20258773699749177,5
7178,5.624474313503017,5.128399268717806,-0.4960750447852105,10
7179,5.328148577321211,5.128399268717806,-0.19974930860340478,4
7180,5.597189107443082,5.128399268717806,-0.468789838725276,2
7181,5.598869323672911,5.128399268717806,-0.4704700549551051,3
7182,5.73618769048161,4.948070481518941,-0.7881172089626691,1
7183,5.965533682583915,4.948070481518941,-1.0174632010649747,10
7184,6.123802941558087,4.948070481518941,-1.1757324600391463,9
7185,6.005442742127716,4.948070481518941,-1.0573722606087754,4
7186,5.943901591342744,4.948070481518941,-0.9958311098238033,7
7187,5.930572421405075,4.948070481518941,-0.9825019398861343,5
7188,5.806194492796422,4.948070481518941,-0.8581240112774813,6
7189,5.968107473085413,4.948070481518941,-1.0200369915664727,8
7190,5.990422859090657,4.948070481518941,-1.0423523775717163,3
7191,6.267989123561463,6.4679039465228,0.199914822961337,1
7192,6.2682883998190215,6.4679039465228,0.1996155467037788,10
7193,6.056431002336504,6.4679039465228,0.4114729441862961,8
7194,6.267816077194093,6.4679039465228,0.2000878693287076,3
7195,6.290333877146068,6.4679039465228,0.17757006937673214,5
7196,6.2679287427499215,6.4679039465228,0.1999752037728788,2
7197,6.267864912630679,6.4679039465228,0.2000390338921214,4
7198,6.267745876785203,6.4679039465228,0.2001580697375971,7
7199,6.267823393370669,6.4679039465228,0.20008055315213102,9
7200,6.08456140428583,6.284656282788515,0.2000948785026857,8
7201,6.484954211489399,6.284656282788515,-0.20029792870088414,5
7202,6.484820021244923,6.284656282788515,-0.2001637384564079,7
7203,6.484629363482365,6.284656282788515,-0.19997308069384978,1
7204,6.484545871968998,6.284656282788515,-0.19988958918048283,3
7205,6.484820659344272,6.284656282788515,-0.20016437655575636,10
7206,6.4848798784951684,6.284656282788515,-0.20022359570665316,2
7207,6.484634292149157,6.284656282788515,-0.1999780093606418,6
7208,6.484795225035469,6.284656282788515,-0.20013894224695328,4
7209,6.2679287427499215,6.556302500767287,0.2883737580173653,2
7210,6.267989123561463,6.556302500767287,0.2883133772058235,1
7211,6.2682883998190215,6.556302500767287,0.2880141009482653,10
7212,6.267823393370669,6.556302500767287,0.28847910739661753,9
7213,6.290333877146068,6.556302500767287,0.26596862362121865,5
7214,6.267816077194093,6.556302500767287,0.2884864235731941,3
7215,6.316635442492767,6.556302500767287,0.23966705827452017,6
7216,6.267864912630679,6.556302500767287,0.2884375881366079,4
7217,6.267745876785203,6.556302500767287,0.2885566239820836,7
7218,5.3558047832445554,4.858537197569639,-0.49726758567491647,4
7219,5.348401470550844,4.858537197569639,-0.4898642729812046,10
7220,5.356035133542106,4.858537197569639,-0.4974979359724667,2
7221,5.355421370891624,4.858537197569639,-0.49688417332198487,9
7222,5.355708950878006,4.858537197569639,-0.4971717533083666,7
7223,5.3559047129067165,4.858537197569639,-0.49736751533707757,6
7224,5.2884540517295715,4.858537197569639,-0.4299168541599325,8
7225,5.341206891344709,4.858537197569639,-0.48266969377506985,3
7226,5.355918650282579,4.858537197569639,-0.4973814527129399,1
7227,5.4480719186066,5.230448921378274,-0.21762299722832612,3
7228,5.534863204236209,5.230448921378274,-0.3044142828579348,9
7229,5.60895195045171,5.230448921378274,-0.37850302907343547,6
7230,5.506675896715482,5.230448921378274,-0.27622697533720775,10
7231,5.555713612236385,5.230448921378274,-0.32526469085811094,1
7232,5.555028722493421,5.230448921378274,-0.3245798011151466,7
7233,5.430822380168787,5.230448921378274,-0.20037345879051305,8
7234,5.564314430235684,5.230448921378274,-0.33386550885740984,2
7235,5.538522595991923,5.230448921378274,-0.30807367461364876,4
7236,5.394309801186948,4.728028954420519,-0.666280846766429,3
7237,5.394691758922832,4.728028954420519,-0.6666628045023133,8
7238,5.407621435957016,4.728028954420519,-0.6795924815364973,4
7239,5.354394585763042,4.728028954420519,-0.626365631342523,7
7240,5.373786348280589,4.728028954420519,-0.6457573938600705,9
7241,5.15099129888254,4.728028954420519,-0.42296234446202163,6
7242,5.313569416927332,4.728028954420519,-0.5855404625068132,5
7243,5.34098378034032,4.728028954420519,-0.6129548259198012,2
7244,5.382838626756874,4.728028954420519,-0.6548096723363557,1
7245,5.6632817077049165,4.0,-1.6632817077049165,7
7246,5.648667140864128,4.0,-1.648667140864128,9
7247,5.654998489864148,4.0,-1.6549984898641483,3
7248,5.618967869839461,4.0,-1.6189678698394614,5
7249,5.602507660282623,4.0,-1.6025076602826234,6
7250,5.641509022978347,4.0,-1.6415090229783473,8
7251,5.698731346783188,4.0,-1.6987313467831884,4
7252,5.653301066846402,4.0,-1.653301066846402,2
7253,5.695157288684042,4.0,-1.695157288684042,1
7254,6.142129986988406,6.049218022670182,-0.09291196431822435,5
7255,6.142144901195805,6.049218022670182,-0.0929268785256232,3
7256,6.127681560798442,6.049218022670182,-0.07846353812826035,4
7257,5.988570732807696,6.049218022670182,0.06064728986248635,6
7258,6.142603480108378,6.049218022670182,-0.09338545743819626,7
7259,6.142344278638428,6.049218022670182,-0.09312625596824642,2
7260,6.142588351707226,6.049218022670182,-0.09337032903704401,9
7261,6.142061812610336,6.049218022670182,-0.09284378994015441,8
7262,6.142201846679363,6.049218022670182,-0.09298382400918115,10
7263,5.6509719593946555,4.826074802700826,-0.8248971566938295,8
7264,5.6713251154749065,4.826074802700826,-0.8452503127740805,10
7265,5.701975776694832,4.826074802700826,-0.875900973994006,3
7266,5.540838101623473,4.826074802700826,-0.7147632989226471,9
7267,5.5561293426206015,4.826074802700826,-0.7300545399197755,6
7268,5.671522514017083,4.826074802700826,-0.8454477113162566,1
7269,5.644817693066759,4.826074802700826,-0.8187428903659333,4
7270,5.652803149322104,4.826074802700826,-0.8267283466212776,7
7271,5.669828009330428,4.826074802700826,-0.8437532066296018,5
7272,4.892380293899573,5.760422483423212,0.8680421895236385,2
7273,4.9393507993582215,5.760422483423212,0.8210716840649903,8
7274,4.952649659677279,5.760422483423212,0.8077728237459327,7
7275,4.842823284641952,5.760422483423212,0.91759919878126,5
7276,4.943405000678085,5.760422483423212,0.8170174827451264,1
7277,4.89342007164127,5.760422483423212,0.8670024117819422,6
7278,4.976147930897938,5.760422483423212,0.7842745525252734,10
7279,4.887549259800855,5.760422483423212,0.8728732236223564,4
7280,4.920892346082777,5.760422483423212,0.8395301373404349,9
7281,4.2593812605595724,4.041392685158225,-0.21798857540134708,7
7282,4.310755692404154,4.041392685158225,-0.26936300724592854,2
7283,4.395051416166991,4.041392685158225,-0.35365873100876577,10
7284,4.324478112051852,4.041392685158225,-0.2830854268936269,3
7285,4.312397390514398,4.041392685158225,-0.27100470535617305,6
7286,4.360498333039844,4.041392685158225,-0.319105647881619,9
7287,4.366591641126735,4.041392685158225,-0.32519895596851,8
7288,4.3138504188125815,4.041392685158225,-0.2724577336543561,4
7289,4.36134871473725,4.041392685158225,-0.3199560295790249,5
7290,5.611420218228802,5.00987563371216,-0.6015445845166418,1
7291,5.4039474736008595,5.00987563371216,-0.3940718398886993,6
7292,5.555108651548405,5.00987563371216,-0.545233017836245,7
7293,5.571916315655489,5.00987563371216,-0.562040681943329,10
7294,5.574561645175434,5.00987563371216,-0.5646860114632739,4
7295,5.390509277523676,5.00987563371216,-0.38063364381151565,9
7296,5.574774041191392,5.00987563371216,-0.564898407479232,2
7297,5.5751307321433385,5.00987563371216,-0.5652550984311784,3
7298,5.5058144230609045,5.00987563371216,-0.49593878934874436,8
7299,5.751637447021815,5.02938377768521,-0.7222536693366051,10
7300,5.665188262208448,5.02938377768521,-0.6358044845232387,6
7301,5.784220539489853,5.02938377768521,-0.7548367618046434,4
7302,5.746096372703809,5.02938377768521,-0.7167125950185991,8
7303,5.835374584593704,5.02938377768521,-0.8059908069084942,5
7304,5.790675876463462,5.02938377768521,-0.7612920987782523,2
7305,5.65796259212673,5.02938377768521,-0.6285788144415205,9
7306,5.75449580781252,5.02938377768521,-0.7251120301273106,7
7307,5.803024552679271,5.02938377768521,-0.7736407749940613,3
7308,5.344911514703912,5.544811911757776,0.19990039705386398,6
7309,5.344706763821235,5.544811911757776,0.200105147936541,9
7310,5.344811077241291,5.544811911757776,0.20000083451648543,7
7311,5.344845147745759,5.544811911757776,0.19996676401201707,2
7312,5.344805971495269,5.544811911757776,0.20000594026250695,8
7313,5.344685269736844,5.544811911757776,0.20012664202093244,3
7314,5.344910643455073,5.544811911757776,0.19990126830270327,4
7315,5.3450064460062885,5.544811911757776,0.1998054657514876,1
7316,5.344493777330577,5.544811911757776,0.20031813442719937,10
7317,5.299901861816686,5.041392685158225,-0.2585091766584604,1
7318,5.378014889300781,5.041392685158225,-0.3366222041425555,10
7319,5.27332035637623,5.041392685158225,-0.2319276712180045,8
7320,5.375046694637251,5.041392685158225,-0.3336540094790257,2
7321,5.241586480097683,5.041392685158225,-0.20019379493945788,6
7322,5.247714048609715,5.041392685158225,-0.20632136345148933,4
7323,5.294185978131235,5.041392685158225,-0.2527932929730099,5
7324,5.32286120524328,5.041392685158225,-0.2814685200850544,9
7325,5.357822966893003,5.041392685158225,-0.3164302817347773,7
7326,5.589459965725123,5.61066016308988,0.021200197364756868,4
7327,5.514980437516503,5.61066016308988,0.095679725573377,3
7328,5.480382691254536,5.61066016308988,0.13027747183534366,6
7329,5.55075379950791,5.61066016308988,0.05990636358196966,9
7330,5.53316475599932,5.61066016308988,0.07749540709055935,8
7331,5.499350973711973,5.61066016308988,0.11130918937790657,5
7332,5.510189989584873,5.61066016308988,0.10047017350500642,1
7333,5.570028870059002,5.61066016308988,0.0406312930308772,10
7334,5.526446805439268,5.61066016308988,0.08421335765061144,2
7335,5.06870530859578,5.045322978786658,-0.023382329809122027,2
7336,5.001669755341878,5.045322978786658,0.043653223444779954,6
7337,5.067882571072494,5.045322978786658,-0.022559592285836594,3
7338,5.0855860816103196,5.045322978786658,-0.04026310282366197,1
7339,5.071309862590343,5.045322978786658,-0.025986883803685856,8
7340,5.024541854875875,5.045322978786658,0.020781123910782462,9
7341,5.030154015445973,5.045322978786658,0.015168963340684627,4
7342,5.069821184554716,5.045322978786658,-0.024498205768058057,7
7343,5.0262351317760565,5.045322978786658,0.019087847010601067,5
7344,5.068470949360301,4.0178677189635055,-1.0506032303967956,10
7345,4.937819496312459,4.0178677189635055,-0.9199517773489534,2
7346,4.985588699928673,4.0178677189635055,-0.9677209809651677,3
7347,5.0646419635848,4.0178677189635055,-1.0467742446212949,7
7348,5.057150751961996,4.0178677189635055,-1.0392830329984903,9
7349,5.058896966579279,4.0178677189635055,-1.0410292476157732,6
7350,5.0236822107249575,4.0178677189635055,-1.005814491761452,1
7351,5.080617762061402,4.0178677189635055,-1.0627500430978962,8
7352,4.9703838237599465,4.0178677189635055,-0.952516104796441,4
7353,5.076541224352319,5.96189547366785,0.8853542493155313,5
7354,5.0388531155327385,5.96189547366785,0.9230423581351115,6
7355,4.922599970488829,5.96189547366785,1.0392955031790212,2
7356,4.920018677842911,5.96189547366785,1.0418767958249386,4
7357,4.541105246467826,5.96189547366785,1.4207902272000243,7
7358,5.013720431820503,5.96189547366785,0.9481750418473469,10
7359,4.974617781641584,5.96189547366785,0.9872776920262663,3
7360,5.027264887528162,5.96189547366785,0.9346305861396882,8
7361,4.925819049991024,5.96189547366785,1.0360764236768256,9
7362,3.9337650236117727,4.022428371185487,0.08866334757371463,8
7363,3.8895244578836476,4.022428371185487,0.1329039133018397,6
7364,3.862250602746272,4.022428371185487,0.16017776843921538,5
7365,3.8221860051022745,4.022428371185487,0.20024236608321289,7
7366,3.858551382134463,4.022428371185487,0.16387698905102432,4
7367,3.840810901079628,4.022428371185487,0.18161747010585927,3
7368,3.8825439599756826,4.022428371185487,0.13988441120980477,9
7369,3.8455340655721404,4.022428371185487,0.17689430561334696,1
7370,3.9046610990441835,4.022428371185487,0.11776727214130389,10
7371,5.601428348707043,4.468347330412158,-1.1330810182948854,4
7372,5.680071732616956,4.468347330412158,-1.2117244022047986,9
7373,5.61676512483231,4.468347330412158,-1.1484177944201521,7
7374,5.57404185487285,4.468347330412158,-1.1056945244606924,3
7375,5.574085041944517,4.468347330412158,-1.1057377115323597,2
7376,5.5739545477757515,4.468347330412158,-1.1056072173635938,5
7377,5.611213128462641,4.468347330412158,-1.142865798050483,6
7378,5.592305920333433,4.468347330412158,-1.1239585899212754,10
7379,5.635870376505397,4.468347330412158,-1.1675230460932395,8
7380,5.948230336926251,5.748188027006201,-0.20004230992005034,2
7381,6.0267016009297265,5.748188027006201,-0.2785135739235258,10
7382,6.03371570533823,5.748188027006201,-0.28552767833202974,6
7383,5.95073781012532,5.748188027006201,-0.2025497831191192,9
7384,5.951844697690438,5.748188027006201,-0.20365667068423754,3
7385,6.0311984277810105,5.748188027006201,-0.28301040077480977,8
7386,5.94833131473925,5.748188027006201,-0.20014328773304957,7
7387,5.94816870714761,5.748188027006201,-0.19998068014140902,4
7388,5.948159865967484,5.748188027006201,-0.19997183896128323,5
7389,4.709307550994254,4.389095173354185,-0.32021237764006827,10
7390,4.637427406744802,4.389095173354185,-0.2483322333906166,3
7391,4.6360740806341685,4.389095173354185,-0.24697890727998306,5
7392,4.58885579358293,4.389095173354185,-0.1997606202287443,7
7393,4.599607701389921,4.389095173354185,-0.2105125280357356,4
7394,4.7570646526006435,4.389095173354185,-0.36796947924645806,8
7395,4.589212962886496,4.389095173354185,-0.2001177895323103,2
7396,4.613723606207404,4.389095173354185,-0.2246284328532182,1
7397,4.5891173597231525,4.389095173354185,-0.20002218636896707,6
7398,4.77529599818358,4.17897694729317,-0.5963190508904104,10
7399,4.693807576156552,4.17897694729317,-0.5148306288633826,7
7400,4.919594062608695,4.17897694729317,-0.7406171153155254,9
7401,4.71512345531867,4.17897694729317,-0.5361465080255003,4
7402,4.681320195803884,4.17897694729317,-0.502343248510714,6
7403,4.7198079683145675,4.17897694729317,-0.5408310210213978,5
7404,4.776944847772962,4.17897694729317,-0.5979679004797926,3
7405,4.755215491562385,4.17897694729317,-0.5762385442692155,1
7406,4.746072681063744,4.17897694729317,-0.5670957337705742,2
7407,5.774898714793771,5.781036938621132,0.006138223827361067,5
7408,5.802278722149082,5.781036938621132,-0.02124178352794992,6
7409,5.796333804916423,5.781036938621132,-0.015296866295290812,4
7410,5.824516508166819,5.781036938621132,-0.04347956954568666,10
7411,5.831658205438763,5.781036938621132,-0.050621266817630683,9
7412,5.812870234859544,5.781036938621132,-0.03183329623841136,8
7413,5.710018336420786,5.781036938621132,0.07101860220034606,2
7414,5.781977393759524,5.781036938621132,-0.0009404551383918047,1
7415,5.774246053973862,5.781036938621132,0.006790884647270623,3
7416,5.068470949360301,4.0,-1.068470949360301,10
7417,5.0646419635848,4.0,-1.0646419635848003,7
7418,5.080617762061402,4.0,-1.0806177620614017,8
7419,5.032616252000128,4.0,-1.0326162520001283,5
7420,4.985588699928673,4.0,-0.9855886999286732,3
7421,5.0236822107249575,4.0,-1.0236822107249575,1
7422,4.9703838237599465,4.0,-0.9703838237599465,4
7423,5.057150751961996,4.0,-1.0571507519619958,9
7424,4.937819496312459,4.0,-0.9378194963124589,2
7425,5.834028148641277,4.812913356642856,-1.0211147919984214,9
7426,5.789398969050671,4.812913356642856,-0.9764856124078154,1
7427,5.834723122292839,4.812913356642856,-1.0218097656499836,5
7428,5.794509219815428,4.812913356642856,-0.9815958631725721,10
7429,5.80986375915896,4.812913356642856,-0.996950402516104,2
7430,5.835851216663342,4.812913356642856,-1.0229378600204866,8
7431,5.803815059823801,4.812913356642856,-0.9909017031809455,4
7432,5.78666473324453,4.812913356642856,-0.9737513766016743,6
7433,5.8432053758309666,4.812913356642856,-1.0302920191881109,3
7434,5.436500956542616,5.68930885912362,0.2528079025810035,4
7435,5.4892794331877255,5.68930885912362,0.20002942593589434,5
7436,5.478007658054519,5.68930885912362,0.21130120106910066,3
7437,5.489131302272381,5.68930885912362,0.20017755685123895,8
7438,5.489041822194064,5.68930885912362,0.2002670369295556,9
7439,5.465122556265483,5.68930885912362,0.22418630285813723,2
7440,5.485548276843742,5.68930885912362,0.2037605822798776,10
7441,5.392884426198309,5.68930885912362,0.29642443292531073,1
7442,5.48950259389299,5.68930885912362,0.19980626523063005,7
7443,6.039792115261923,5.851258348719076,-0.1885337665428466,10
7444,5.999591648182649,5.851258348719076,-0.1483332994635722,9
7445,5.836138168676908,5.851258348719076,0.015120180042168307,3
7446,6.031759731134018,5.851258348719076,-0.18050138241494196,5
7447,5.949326436665079,5.851258348719076,-0.09806808794600297,7
7448,6.0301424683787115,5.851258348719076,-0.17888411965963513,6
7449,6.023666495137691,5.851258348719076,-0.1724081464186149,2
7450,5.897337161632562,5.851258348719076,-0.04607881291348548,1
7451,6.028378119620312,5.851258348719076,-0.17711977090123554,4
7452,5.265851622976784,5.189209489582306,-0.07664213339447823,4
7453,5.260892146833545,5.189209489582306,-0.07168265725123835,1
7454,5.25886603682804,5.189209489582306,-0.06965654724573422,8
7455,5.320165407131267,5.189209489582306,-0.13095591754896052,2
7456,5.2699621497378155,5.189209489582306,-0.0807526601555093,6
7457,5.217060427106262,5.189209489582306,-0.027850937523956176,3
7458,5.049947795902602,5.189209489582306,0.1392616936797042,9
7459,5.300177704498679,5.189209489582306,-0.11096821491637243,10
7460,5.189140783853732,5.189209489582306,6.870572857398116e-05,5
7461,5.109526634774348,4.049218022670182,-1.0603086121041665,1
7462,5.290507108839958,4.049218022670182,-1.2412890861697763,7
7463,5.287914115897324,4.049218022670182,-1.2386960932271425,4
7464,5.165846428334155,4.049218022670182,-1.116628405663973,9
7465,5.170934716150036,4.049218022670182,-1.1217166934798541,3
7466,5.118021745525309,4.049218022670182,-1.0688037228551268,10
7467,5.127997716780722,4.049218022670182,-1.0787796941105396,5
7468,5.139537825110776,4.049218022670182,-1.090319802440594,6
7469,5.187746084318905,4.049218022670182,-1.1385280616487234,8
7470,5.837693152366051,4.7160033436348,-1.1216898087312508,7
7471,5.786724295694178,4.7160033436348,-1.0707209520593777,10
7472,5.792590233627545,4.7160033436348,-1.076586889992745,2
7473,5.8530555980456445,4.7160033436348,-1.1370522544108441,3
7474,5.84311028050461,4.7160033436348,-1.1271069368698097,9
7475,5.846632751984229,4.7160033436348,-1.1306294083494288,5
7476,5.795743617412276,4.7160033436348,-1.0797402737774755,1
7477,5.792909924216463,4.7160033436348,-1.0769065805816629,4
7478,5.817362492413909,4.7160033436348,-1.1013591487791086,6
7479,5.205666121953813,6.763427993562937,1.5577618716091237,5
7480,5.194051517344798,6.763427993562937,1.5693764762181388,7
7481,5.16917728748423,6.763427993562937,1.5942507060787072,1
7482,5.2342165335865545,6.763427993562937,1.5292114599763824,9
7483,5.382034018550969,6.763427993562937,1.3813939750119681,3
7484,5.197161513756809,6.763427993562937,1.5662664798061279,8
7485,5.206669656935526,6.763427993562937,1.5567583366274107,4
7486,5.205170750987203,6.763427993562937,1.558257242575734,6
7487,5.374797883222195,6.763427993562937,1.388630110340742,2
7488,5.792909924216463,3.832508912706236,-1.960401011510227,4
7489,5.84311028050461,3.832508912706236,-2.010601367798374,9
7490,5.837693152366051,3.832508912706236,-2.005184239659815,7
7491,5.795743617412276,3.832508912706236,-1.9632347047060397,1
7492,5.786724295694178,3.832508912706236,-1.9542153829879418,10
7493,5.857244358104535,3.832508912706236,-2.024735445398299,8
7494,5.817362492413909,3.832508912706236,-1.9848535797076727,6
7495,5.792590233627545,3.832508912706236,-1.9600813209213093,2
7496,5.8530555980456445,3.832508912706236,-2.0205466853394083,3
7497,5.532416913923753,5.079181246047625,-0.453235667876128,7
7498,5.517186177412837,5.079181246047625,-0.4380049313652119,1
7499,5.4563182162929476,5.079181246047625,-0.37713697024532244,9
7500,5.358904168018857,5.079181246047625,-0.2797229219712323,10
7501,5.423522512195206,5.079181246047625,-0.3443412661475813,3
7502,5.41771372448682,5.079181246047625,-0.33853247843919476,6
7503,5.575923807837826,5.079181246047625,-0.49674256179020126,4
7504,5.444676849265723,5.079181246047625,-0.3654956032180978,2
7505,5.344203347380188,5.079181246047625,-0.2650221013325629,5
7506,4.9393507993582215,3.4771212547196626,-1.462229544638559,8
7507,4.89342007164127,3.4771212547196626,-1.416298816921607,6
7508,4.887549259800855,3.4771212547196626,-1.4104280050811928,4
7509,4.943405000678085,3.4771212547196626,-1.4662837459584228,1
7510,4.892380293899573,3.4771212547196626,-1.4152590391799107,2
7511,4.976147930897938,3.4771212547196626,-1.4990266761782758,10
7512,4.842823284641952,3.4771212547196626,-1.3657020299222893,5
7513,4.952649659677279,3.4771212547196626,-1.4755284049576165,7
7514,4.920892346082777,3.4771212547196626,-1.4437710913631143,9
7515,5.0646419635848,5.285557309007774,0.22091534542297353,7
7516,4.937819496312459,5.285557309007774,0.347737812695315,2
7517,5.080617762061402,5.285557309007774,0.20493954694637218,8
7518,4.9703838237599465,5.285557309007774,0.3151734852478274,4
7519,5.058896966579279,5.285557309007774,0.2266603424284952,6
7520,5.0236822107249575,5.285557309007774,0.2618750982828164,1
7521,5.068470949360301,5.285557309007774,0.2170863596474728,10
7522,5.032616252000128,5.285557309007774,0.2529410570076456,5
7523,4.985588699928673,5.285557309007774,0.2999686090791007,3
7524,5.586972778253971,6.2552725051033065,0.6682997268493356,3
7525,5.57159646754171,6.2552725051033065,0.6836760375615967,10
7526,5.5981671474523305,6.2552725051033065,0.657105357650976,9
7527,5.617938096962895,6.2552725051033065,0.6373344081404113,8
7528,5.5315872372446195,6.2552725051033065,0.7236852678586869,2
7529,5.58724335869291,6.2552725051033065,0.6680291464103965,5
7530,5.576322292003604,6.2552725051033065,0.6789502130997027,6
7531,5.557572783154575,6.2552725051033065,0.6976997219487311,1
7532,5.608563730875638,6.2552725051033065,0.646708774227668,7
7533,5.807084981629888,4.845098040014257,-0.9619869416156313,9
7534,5.803608713567603,4.845098040014257,-0.958510673553346,10
7535,5.73510894039989,4.845098040014257,-0.8900109003856329,1
7536,5.7676091649279595,4.845098040014257,-0.9225111249137026,7
7537,5.7672125572204225,4.845098040014257,-0.9221145172061656,6
7538,5.447222790465717,4.845098040014257,-0.60212475045146,2
7539,5.7495302836782205,4.845098040014257,-0.9044322436639636,3
7540,5.71724705762036,4.845098040014257,-0.8721490176061026,4
7541,5.836230873233525,4.845098040014257,-0.9911328332192682,5
7542,5.536644860574853,6.079181246047625,0.542536385472772,10
7543,5.519707897474187,6.079181246047625,0.5594733485734382,2
7544,5.536414973896849,6.079181246047625,0.542766272150776,9
7545,5.512610226550545,6.079181246047625,0.5665710194970801,6
7546,5.553825958592793,6.079181246047625,0.5253552874548317,1
7547,5.536124563508242,6.079181246047625,0.5430566825393832,3
7548,5.536214563434934,6.079181246047625,0.5429666826126915,4
7549,5.541250241177533,6.079181246047625,0.5379310048700923,8
7550,5.57484702622226,6.079181246047625,0.5043342198253651,7
7551,4.430091925902399,4.4048337166199385,-0.025258209282460697,1
7552,4.348855171527751,4.4048337166199385,0.055978545092187915,3
7553,4.363475282807064,4.4048337166199385,0.041358433812874296,10
7554,4.34943337312917,4.4048337166199385,0.05540034349076883,6
7555,4.295478557889563,4.4048337166199385,0.10935515873037538,7
7556,4.2955686084034905,4.4048337166199385,0.10926510821644797,2
7557,4.371947076481819,4.4048337166199385,0.032886640138119816,8
7558,4.386851289235982,4.4048337166199385,0.017982427383956612,5
7559,4.370283579380752,4.4048337166199385,0.03455013723918654,9
7560,5.971132298215748,4.79982283099332,-1.1713094672224278,8
7561,5.988139190847012,4.79982283099332,-1.188316359853692,7
7562,5.983063537802846,4.79982283099332,-1.183240706809526,4
7563,5.781820889660819,4.79982283099332,-0.9819980586674992,3
7564,5.806984150170737,4.79982283099332,-1.007161319177417,6
7565,5.857548170993198,4.79982283099332,-1.0577253399998776,9
7566,5.944572256044951,4.79982283099332,-1.1447494250516312,5
7567,5.81330602609799,4.79982283099332,-1.01348319510467,2
7568,5.894070041005739,4.79982283099332,-1.0942472100124192,1
7569,5.331185821208812,6.698970004336019,1.367784183127207,5
7570,5.373614533739149,6.698970004336019,1.32535547059687,3
7571,5.453070677804424,6.698970004336019,1.2458993265315952,9
7572,5.376510499786464,6.698970004336019,1.3224595045495544,8
7573,5.359288223231155,6.698970004336019,1.339681781104864,1
7574,5.3594208895775886,6.698970004336019,1.3395491147584302,7
7575,5.394610242081043,6.698970004336019,1.3043597622549754,6
7576,5.372398660176745,6.698970004336019,1.326571344159274,10
7577,5.331074689708582,6.698970004336019,1.3678953146274369,2
7578,4.71512345531867,3.494154594018443,-1.2209688613002272,4
7579,4.77529599818358,3.494154594018443,-1.2811414041651372,10
7580,4.693807576156552,3.494154594018443,-1.1996529821381094,7
7581,4.681320195803884,3.494154594018443,-1.1871656017854408,6
7582,4.776944847772962,3.494154594018443,-1.2827902537545195,3
7583,4.919594062608695,3.494154594018443,-1.4254394685902523,9
7584,4.850215655251763,3.494154594018443,-1.3560610612333197,8
7585,4.755215491562385,3.494154594018443,-1.2610608975439423,1
7586,4.7198079683145675,3.494154594018443,-1.2256533742961246,5
7587,5.674445494173355,6.079181246047625,0.40473575187427,10
7588,5.705959570815269,6.079181246047625,0.3732216752323563,9
7589,5.671558363883769,6.079181246047625,0.40762288216385567,2
7590,5.675258648177562,6.079181246047625,0.40392259787006335,7
7591,5.693366124497108,6.079181246047625,0.3858151215505172,6
7592,5.674936109100003,6.079181246047625,0.40424513694762254,5
7593,5.66249886040802,6.079181246047625,0.41668238563960536,4
7594,5.582829930296667,6.079181246047625,0.4963513157509585,1
7595,5.63691654332238,6.079181246047625,0.4422647027252449,8
7596,5.598395103193125,4.017033339298781,-1.5813617638943445,7
7597,5.737256423034147,4.017033339298781,-1.720223083735366,5
7598,5.844390268562909,4.017033339298781,-1.8273569292641287,3
7599,5.57006820056954,4.017033339298781,-1.553034861270759,6
7600,5.660459944391124,4.017033339298781,-1.6434266050923432,2
7601,5.672532932160148,4.017033339298781,-1.655499592861367,10
7602,5.78771217350246,4.017033339298781,-1.7706788342036797,4
7603,5.74355381461166,4.017033339298781,-1.7265204753128796,9
7604,5.812673618897417,4.017033339298781,-1.7956402795986364,8
7605,4.7438660308872755,4.544068044350276,-0.19979798653699987,7
7606,4.744227235334329,4.544068044350276,-0.20015919098405366,3
7607,4.744013343314768,4.544068044350276,-0.19994529896449276,4
7608,4.442246381639143,4.544068044350276,0.10182166271113235,9
7609,4.812315002072435,4.544068044350276,-0.2682469577221589,10
7610,4.74430923717777,4.544068044350276,-0.20024119282749453,6
7611,4.592967695868046,4.544068044350276,-0.04889965151776998,5
7612,4.743848989770127,4.544068044350276,-0.19978094541985136,8
7613,4.835291866552001,4.544068044350276,-0.29122382220172494,1
7614,4.921375529411607,3.342422680822206,-1.578952848589401,9
7615,4.695013713373151,3.342422680822206,-1.352591032550945,3
7616,4.741572127666903,3.342422680822206,-1.3991494468446972,6
7617,4.957770982559495,3.342422680822206,-1.615348301737289,4
7618,4.8393360687560385,3.342422680822206,-1.4969133879338323,2
7619,4.8425059959775245,3.342422680822206,-1.5000833151553183,5
7620,5.01725480458919,3.342422680822206,-1.674832123766984,7
7621,4.645011267578515,3.342422680822206,-1.302588586756309,10
7622,4.886093583369377,3.342422680822206,-1.5436709025471704,8
7623,3.3930032506743895,4.1027766148834415,0.709773364209052,2
7624,3.531899601611716,4.1027766148834415,0.5708770132717254,7
7625,3.5983140934791225,4.1027766148834415,0.504462521404319,5
7626,3.5165020559549576,4.1027766148834415,0.5862745589284839,3
7627,3.568768196907532,4.1027766148834415,0.5340084179759095,9
7628,3.359530538018485,4.1027766148834415,0.7432460768649567,10
7629,3.633574860425731,4.1027766148834415,0.4692017544577105,4
7630,3.567597493652124,4.1027766148834415,0.5351791212313173,8
7631,3.6041656194938785,4.1027766148834415,0.498610995389563,1
7632,5.073081428015176,3.9190780923760737,-1.1540033356391026,1
7633,4.786503231919355,3.9190780923760737,-0.8674251395432808,10
7634,5.074864544230709,3.9190780923760737,-1.1557864518546355,4
7635,4.975962859026164,3.9190780923760737,-1.0568847666500902,2
7636,4.8911441979298775,3.9190780923760737,-0.9720661055538038,6
7637,5.030869928496018,3.9190780923760737,-1.1117918361199441,9
7638,5.0329469948985555,3.9190780923760737,-1.1138689025224817,8
7639,4.8655578279130856,3.9190780923760737,-0.9464797355370118,3
7640,4.9963080470868295,3.9190780923760737,-1.0772299547107558,5
7641,5.660092294074916,6.0,0.3399077059250839,8
7642,5.703956416069095,6.0,0.2960435839309046,4
7643,5.683036706590602,6.0,0.31696329340939844,2
7644,5.672381081399318,6.0,0.32761891860068193,3
7645,5.683081655548144,6.0,0.31691834445185574,5
7646,5.69043352202113,6.0,0.30956647797887005,7
7647,5.649413874911466,6.0,0.35058612508853404,10
7648,5.718142960765609,6.0,0.2818570392343913,1
7649,5.664676380103549,6.0,0.3353236198964513,9
7650,5.553825958592793,5.7363965022766426,0.18257054368384917,1
7651,5.541250241177533,5.7363965022766426,0.1951462610991097,8
7652,5.536644860574853,5.7363965022766426,0.1997516417017895,10
7653,5.519707897474187,5.7363965022766426,0.21668860480245566,2
7654,5.536414973896849,5.7363965022766426,0.19998152837979344,9
7655,5.512610226550545,5.7363965022766426,0.22378627572609755,6
7656,5.536124563508242,5.7363965022766426,0.20027193876840066,3
7657,5.5363371685744935,5.7363965022766426,0.200059333702149,5
7658,5.536214563434934,5.7363965022766426,0.20018193884170898,4
7659,5.337014256578167,4.562173863364649,-0.7748403932135179,4
7660,5.242085303734654,4.562173863364649,-0.6799114403700051,7
7661,5.423413711733031,4.562173863364649,-0.8612398483683821,6
7662,5.380559847362298,4.562173863364649,-0.8183859839976497,3
7663,5.373662112089336,4.562173863364649,-0.8114882487246877,9
7664,5.227665932524498,4.562173863364649,-0.6654920691598489,5
7665,5.246933965512458,4.562173863364649,-0.6847601021478091,10
7666,5.314880639157446,4.562173863364649,-0.752706775792797,1
7667,5.353222891876795,4.562173863364649,-0.7910490285121465,2
7668,5.304667140887446,4.445604203273597,-0.8590629376138486,10
7669,5.50596652780002,4.445604203273597,-1.0603623245264222,2
7670,5.308168106810869,4.445604203273597,-0.8625639035372714,7
7671,5.551818247554534,4.445604203273597,-1.1062140442809367,8
7672,5.311080016694162,4.445604203273597,-0.8654758134205647,5
7673,5.534013965870659,4.445604203273597,-1.0884097625970615,3
7674,5.4294629034406565,4.445604203273597,-0.9838587001670591,1
7675,5.482668163550794,4.445604203273597,-1.0370639602771963,9
7676,5.469103800027404,4.445604203273597,-1.0234995967538065,4
7677,5.277133041735689,5.477121254719663,0.19998821298397385,5
7678,5.277127190919409,5.477121254719663,0.1999940638002533,9
7679,5.344749982915382,5.477121254719663,0.13237127180428043,2
7680,5.3175382445859425,5.477121254719663,0.15958301013372012,1
7681,5.367060856964603,5.477121254719663,0.11006039775505982,7
7682,5.270605452311808,5.477121254719663,0.2065158024078544,4
7683,5.286989546225859,5.477121254719663,0.19013170849380323,6
7684,5.344325312654661,5.477121254719663,0.13279594206500178,3
7685,5.330397699497616,5.477121254719663,0.14672355522204672,10
7686,5.50162329639357,5.064457989226918,-0.4371653071666515,8
7687,5.479477255568814,5.064457989226918,-0.4150192663418961,1
7688,5.470411701645715,5.064457989226918,-0.4059537124187971,6
7689,5.51157686136637,5.064457989226918,-0.4471188721394519,7
7690,5.490771139529611,5.064457989226918,-0.42631315030269246,4
7691,5.461672107899531,5.064457989226918,-0.397214118672613,3
7692,5.4690863057302606,5.064457989226918,-0.4046283165033424,5
7693,5.3162119347769,5.064457989226918,-0.2517539455499822,2
7694,5.503630386334974,5.064457989226918,-0.4391723971080559,10
7695,5.5869752331682525,7.176091259055681,1.5891160258874288,7
7696,5.4990495894625475,7.176091259055681,1.6770416695931338,3
7697,5.435204000521591,7.176091259055681,1.74088725853409,1
7698,5.498655185818182,7.176091259055681,1.6774360732374998,6
7699,5.473793779229847,7.176091259055681,1.7022974798258348,10
7700,5.471594174746523,7.176091259055681,1.7044970843091587,5
7701,5.558532739579876,7.176091259055681,1.6175585194758053,8
7702,5.533698129231828,7.176091259055681,1.6423931298238532,9
7703,5.498720802152671,7.176091259055681,1.6773704569030103,2
7704,6.120346479044622,6.041392685158225,-0.0789537938863969,9
7705,6.143606563864771,6.041392685158225,-0.10221387870654564,6
7706,6.088540892350275,6.041392685158225,-0.04714820719204926,4
7707,6.074346279147828,6.041392685158225,-0.0329535939896024,8
7708,6.093014096976644,6.041392685158225,-0.051621411818418395,3
7709,6.080543780961899,6.041392685158225,-0.03915109580367382,2
7710,6.0713714591774215,6.041392685158225,-0.02997877401919613,1
7711,6.094148781456337,6.041392685158225,-0.05275609629811129,5
7712,5.967962998403139,6.041392685158225,0.07342968675508654,7
7713,6.199760083446882,5.541579243946581,-0.658180839500301,3
7714,6.186192303767359,5.541579243946581,-0.6446130598207782,1
7715,6.18258955981471,5.541579243946581,-0.6410103158681295,5
7716,6.199989142255452,5.541579243946581,-0.6584098983088715,8
7717,6.156300169055393,5.541579243946581,-0.6147209251088119,4
7718,6.199652554419702,5.541579243946581,-0.6580733104731209,9
7719,6.1997612999029075,5.541579243946581,-0.6581820559563267,2
7720,6.199995732392919,5.541579243946581,-0.6584164884463384,10
7721,6.200158917787,5.541579243946581,-0.6585796738404195,7
7722,5.024889357948188,4.994317152669637,-0.030572205278551756,8
7723,5.041056971936517,4.994317152669637,-0.046739819266880644,7
7724,4.94185942163514,4.994317152669637,0.05245773103449647,5
7725,5.194662728939238,4.994317152669637,-0.20034557626960137,4
7726,4.975293331570793,4.994317152669637,0.01902382109884382,3
7727,4.990748293253201,4.994317152669637,0.003568859416435366,10
7728,4.820471719514275,4.994317152669637,0.17384543315536138,2
7729,4.985362891212032,4.994317152669637,0.008954261457605028,9
7730,4.974570963195741,4.994317152669637,0.019746189473895726,1
7731,5.779522735548717,5.079181246047625,-0.700341489501092,7
7732,5.753411571744488,5.079181246047625,-0.6742303256968629,4
7733,5.709435124007477,5.079181246047625,-0.6302538779598521,10
7734,5.744342658823465,5.079181246047625,-0.6651614127758396,8
7735,5.651248379797498,5.079181246047625,-0.5720671337498731,2
7736,5.7043003161778,5.079181246047625,-0.6251190701301752,5
7737,5.7066387144680135,5.079181246047625,-0.6274574684203884,6
7738,5.7731437665112955,5.079181246047625,-0.6939625204636704,9
7739,5.643975700505276,5.079181246047625,-0.5647944544576511,1
7740,5.001895368564194,4.54282542695918,-0.4590699416050139,6
7741,4.829102795590543,4.54282542695918,-0.2862773686313629,8
7742,4.883095169705425,4.54282542695918,-0.3402697427462451,7
7743,4.817535460019881,4.54282542695918,-0.2747100330607015,3
7744,4.974194530349554,4.54282542695918,-0.4313691033903746,9
7745,4.765595307552816,4.54282542695918,-0.22276988059363667,1
7746,4.835652769121241,4.54282542695918,-0.2928273421620613,2
7747,4.811524225038223,4.54282542695918,-0.2686987980790434,4
7748,4.867643275635166,4.54282542695918,-0.32481784867598673,5
7749,5.60863097136458,6.477121254719663,0.8684902833550829,4
7750,5.655899108793465,6.477121254719663,0.8212221459261979,10
7751,5.565978545855363,6.477121254719663,0.9111427088642996,1
7752,5.629868640064606,6.477121254719663,0.8472526146550567,8
7753,5.645334065476287,6.477121254719663,0.8317871892433759,7
7754,5.642917906828131,6.477121254719663,0.8342033478915312,9
7755,5.621115892954703,6.477121254719663,0.8560053617649599,5
7756,5.617862888072887,6.477121254719663,0.8592583666467757,3
7757,5.610717610691939,6.477121254719663,0.8664036440277236,6
7758,5.457548264037461,5.571708831808688,0.11416056777122652,7
7759,5.42211559444709,5.571708831808688,0.14959323736159824,5
7760,5.410757456434147,5.571708831808688,0.16095137537454107,4
7761,5.4222790429436,5.571708831808688,0.1494297888650875,1
7762,5.409646734271249,5.571708831808688,0.16206209753743916,9
7763,5.482840315581482,5.571708831808688,0.0888685162272056,8
7764,5.494894390213625,5.571708831808688,0.07681444159506245,10
7765,5.378650738414901,5.571708831808688,0.19305809339378666,2
7766,5.456922195431241,5.571708831808688,0.11478663637744724,3
7767,6.186416521089489,6.633468455579586,0.44705193449009695,9
7768,6.179692210521418,6.633468455579586,0.45377624505816794,2
7769,6.040934694157865,6.633468455579586,0.5925337614217208,7
7770,6.17044455579177,6.633468455579586,0.46302389978781644,5
7771,6.1806754721251975,6.633468455579586,0.4527929834543887,4
7772,6.4338473672500704,6.633468455579586,0.19962108832951575,6
7773,6.192275207552383,6.633468455579586,0.4411932480272034,8
7774,6.230418036863511,6.633468455579586,0.4030504187160755,3
7775,6.185174815042574,6.633468455579586,0.4482936405370124,1
7776,6.357553274519826,6.363047594521094,0.005494320001267816,1
7777,6.347398121673273,6.363047594521094,0.015649472847820256,5
7778,6.272172896365472,6.363047594521094,0.09087469815562166,10
7779,6.503465676799555,6.363047594521094,-0.14041808227846175,3
7780,6.392713855977698,6.363047594521094,-0.02966626145660456,8
7781,6.322165838890753,6.363047594521094,0.040881755630340244,2
7782,6.324501913030559,6.363047594521094,0.03854568149053428,7
7783,6.387694682861951,6.363047594521094,-0.02464708834085716,9
7784,6.425792592747397,6.363047594521094,-0.06274499822630375,6
7785,4.412465591652151,4.212187604403958,-0.20027798724819323,6
7786,4.412539507171668,4.212187604403958,-0.20035190276770987,7
7787,4.371977286639027,4.212187604403958,-0.15978968223506929,5
7788,4.339955739260512,4.212187604403958,-0.12776813485655403,8
7789,4.27507417882286,4.212187604403958,-0.06288657441890155,1
7790,4.4123425168051345,4.212187604403958,-0.20015491240117633,10
7791,4.338352214668245,4.212187604403958,-0.12616461026428727,9
7792,4.5309783139274735,4.212187604403958,-0.3187907095235154,3
7793,4.41202243412412,4.212187604403958,-0.19983482972016198,4
7794,4.902810349235598,4.972619339059624,0.0698089898240255,6
7795,4.916700359304946,4.972619339059624,0.05591897975467752,4
7796,5.1492717239903385,4.972619339059624,-0.17665238493071467,3
7797,5.030977348334984,4.972619339059624,-0.05835800927536017,7
7798,5.084949517959428,4.972619339059624,-0.11233017889980434,10
7799,4.973670759554321,4.972619339059624,-0.0010514204946971972,9
7800,4.960413689431999,4.972619339059624,0.01220564962762527,1
7801,5.014048636154169,4.972619339059624,-0.04142929709454535,5
7802,5.0935438383584115,4.972619339059624,-0.12092449929878768,2
7803,4.479520826849516,6.079181246047625,1.5996604191981092,2
7804,4.352918112017312,6.079181246047625,1.7262631340303134,6
7805,4.346992606447224,6.079181246047625,1.732188639600401,4
7806,4.518417542156075,6.079181246047625,1.56076370389155,3
7807,4.333124063613905,6.079181246047625,1.74605718243372,8
7808,4.285832227980142,6.079181246047625,1.7933490180674827,9
7809,4.39825379344918,6.079181246047625,1.6809274525984454,1
7810,4.346562633661939,6.079181246047625,1.7326186123856857,7
7811,4.387617784519058,6.079181246047625,1.6915634615285668,10
7812,4.464858730689757,5.073791642808014,0.6089329121182567,8
7813,4.503938673267496,5.073791642808014,0.5698529695405181,9
7814,4.405510579130074,5.073791642808014,0.6682810636779397,4
7815,4.483130537892557,5.073791642808014,0.5906611049154566,3
7816,4.343730010229371,5.073791642808014,0.7300616325786429,6
7817,4.245599786859153,5.073791642808014,0.8281918559488606,10
7818,4.336565311421326,5.073791642808014,0.7372263313866876,5
7819,4.413426443398132,5.073791642808014,0.660365199409882,1
7820,4.630616414003722,5.073791642808014,0.44317522880429205,2
7821,5.573116574568714,4.704853744566289,-0.8682628300024255,10
7822,5.573406593871587,4.704853744566289,-0.8685528493052983,1
7823,5.422765828473361,4.704853744566289,-0.7179120839070725,4
7824,5.5732669537749135,4.704853744566289,-0.868413209208625,8
7825,5.5625601510822555,4.704853744566289,-0.857706406515967,3
7826,5.573377330142917,4.704853744566289,-0.8685235855766287,5
7827,5.530039080262937,4.704853744566289,-0.8251853356966485,7
7828,5.5729789487903805,4.704853744566289,-0.8681252042240919,2
7829,5.573247315786747,4.704853744566289,-0.8683935712204587,9
7830,5.34671298897817,5.518513939877887,0.17180095089971736,6
7831,5.318330157855108,5.518513939877887,0.20018378202277898,3
7832,5.318797393947079,5.518513939877887,0.19971654593080768,2
7833,5.522265846703468,5.518513939877887,-0.0037519068255811305,8
7834,5.380856049769662,5.518513939877887,0.13765789010822527,7
7835,5.4144504526079285,5.518513939877887,0.10406348726995862,4
7836,5.318508862127745,5.518513939877887,0.2000050777501423,9
7837,5.179432645688925,5.518513939877887,0.33908129418896227,5
7838,5.318396899710906,5.518513939877887,0.2001170401669814,1
7839,4.413426443398132,4.953663063747091,0.540236620348959,1
7840,4.336565311421326,4.953663063747091,0.6170977523257646,5
7841,4.405510579130074,4.953663063747091,0.5481524846170167,4
7842,4.480122190192404,4.953663063747091,0.4735408735546871,7
7843,4.464858730689757,4.953663063747091,0.48880433305733373,8
7844,4.343730010229371,4.953663063747091,0.6099330535177199,6
7845,4.503938673267496,4.953663063747091,0.4497243904795951,9
7846,4.630616414003722,4.953663063747091,0.32304664974336905,2
7847,4.483130537892557,4.953663063747091,0.47053252585453365,3
7848,6.1388170443096985,4.792391689498253,-1.346425354811446,9
7849,6.112990128501592,4.792391689498253,-1.3205984390033398,1
7850,6.295082417489086,4.792391689498253,-1.5026907279908333,10
7851,6.101731880297651,4.792391689498253,-1.3093401907993982,6
7852,6.01401907269995,4.792391689498253,-1.2216273832016977,2
7853,6.074634689890125,4.792391689498253,-1.2822430003918726,5
7854,6.036320251303205,4.792391689498253,-1.2439285618049523,4
7855,6.041145685934182,4.792391689498253,-1.248753996435929,8
7856,5.931188717330662,4.792391689498253,-1.1387970278324095,3
7857,5.150839329655808,4.117271295655764,-1.0335680340000435,6
7858,5.211782724734622,4.117271295655764,-1.0945114290788576,8
7859,5.1849064852600275,4.117271295655764,-1.067635189604263,7
7860,5.149418473989945,4.117271295655764,-1.0321471783341805,3
7861,5.1429899929137,4.117271295655764,-1.0257186972579353,9
7862,5.16303523992299,4.117271295655764,-1.0457639442672253,5
7863,5.1663099691375685,4.117271295655764,-1.049038673481804,10
7864,5.099671559090222,4.117271295655764,-0.9824002634344575,4
7865,5.107257292736345,4.117271295655764,-0.9899859970805807,2
7866,5.553772769842738,6.3979400086720375,0.8441672388292991,4
7867,5.583438289739226,6.3979400086720375,0.8145017189328119,8
7868,5.59978398932972,6.3979400086720375,0.7981560193423176,10
7869,5.598198993945378,6.3979400086720375,0.7997410147266599,5
7870,5.602873210785017,6.3979400086720375,0.7950667978870207,7
7871,5.538815068478578,6.3979400086720375,0.8591249401934595,9
7872,5.576191247613691,6.3979400086720375,0.8217487610583465,6
7873,5.576648494926752,6.3979400086720375,0.8212915137452859,2
7874,5.501974300723916,6.3979400086720375,0.8959657079481218,3
7875,4.417361672694518,4.568201724066995,0.15084005137247658,9
7876,4.3679025379023555,4.568201724066995,0.2002991861646395,6
7877,4.367863491338776,4.568201724066995,0.20033823272821927,5
7878,4.368414852998185,4.568201724066995,0.19978687106880955,8
7879,4.368143233043338,4.568201724066995,0.2000584910236567,1
7880,4.533146984960004,4.568201724066995,0.035054739106991306,3
7881,4.3350455685036415,4.568201724066995,0.23315615556335345,4
7882,4.465199878480541,4.568201724066995,0.10300184558645409,2
7883,4.36802338952667,4.568201724066995,0.2001783345403254,10
7884,5.178093237877421,4.357172257723033,-0.820920980154388,2
7885,5.196057155221932,4.357172257723033,-0.8388848974988985,6
7886,5.156541385732223,4.357172257723033,-0.7993691280091895,4
7887,5.213407625632263,4.357172257723033,-0.8562353679092292,3
7888,5.222140230853392,4.357172257723033,-0.8649679731303586,1
7889,5.221800378873669,4.357172257723033,-0.8646281211506359,5
7890,5.236430137615617,4.357172257723033,-0.8792578798925836,7
7891,5.174836813203995,4.357172257723033,-0.8176645554809614,9
7892,5.208039076799086,4.357172257723033,-0.8508668190760522,10
7893,5.4684888052222895,5.089905111439398,-0.3785836937828915,2
7894,5.446205322201988,5.089905111439398,-0.35630021076258966,5
7895,5.471420540959359,5.089905111439398,-0.3815154295199612,1
7896,5.523322631276653,5.089905111439398,-0.4334175198372545,6
7897,5.441478951104751,5.089905111439398,-0.3515738396653534,3
7898,5.501340897017733,5.089905111439398,-0.4114357855783348,8
7899,5.483165237618896,5.089905111439398,-0.3932601261794977,7
7900,5.385444046333111,5.089905111439398,-0.2955389348937132,4
7901,5.524981850028875,5.089905111439398,-0.43507673858947715,10
7902,4.883745848886918,4.683947130751513,-0.19979871813540573,4
7903,4.883894223463027,4.683947130751513,-0.19994709271151478,6
7904,4.954665000031349,4.683947130751513,-0.270717869279836,5
7905,4.948284008512162,4.683947130751513,-0.2643368777606492,8
7906,4.995905827778077,4.683947130751513,-0.3119586970265642,7
7907,4.987418497408812,4.683947130751513,-0.30347136665729924,9
7908,4.912725101860515,4.683947130751513,-0.2287779711090021,1
7909,4.883597791953867,4.683947130751513,-0.1996506612023543,3
7910,5.063704570875705,4.683947130751513,-0.37975744012419277,2
7911,5.679395761702209,5.903089986991944,0.22369422528973448,2
7912,5.688338431336717,5.903089986991944,0.2147515556552264,5
7913,5.6834116629830485,5.903089986991944,0.2196783240088953,9
7914,5.688481666610978,5.903089986991944,0.21460832038096544,10
7915,5.671149260499337,5.903089986991944,0.23194072649260633,7
7916,5.6747313420715955,5.903089986991944,0.2283586449203483,4
7917,5.669436697313756,5.903089986991944,0.23365328967818755,6
7918,5.702801422986351,5.903089986991944,0.20028856400559292,8
7919,5.568496237692673,5.903089986991944,0.33459374929927055,3
7920,5.59041019485283,5.390122251506701,-0.20028794334612954,5
7921,5.590192515760366,5.390122251506701,-0.20007026425366536,2
7922,5.5901898440706805,5.390122251506701,-0.20006759256397988,1
7923,5.590099912933778,5.390122251506701,-0.19997766142707718,10
7924,5.590173369665472,5.390122251506701,-0.20005111815877097,7
7925,5.590468431802783,5.390122251506701,-0.20034618029608264,8
7926,5.613102673716058,5.390122251506701,-0.222980422209357,3
7927,5.5901519602863905,5.390122251506701,-0.20002970877968984,4
7928,5.590424165693745,5.390122251506701,-0.2003019141870439,6
7929,5.760953215742408,5.477121254719663,-0.2838319610227451,10
7930,5.799017510007805,5.477121254719663,-0.32189625528814236,3
7931,5.677285174191106,5.477121254719663,-0.20016391947144374,6
7932,5.686553966809587,5.477121254719663,-0.20943271208992442,4
7933,5.707226805384772,5.477121254719663,-0.23010555066510907,7
7934,5.677315149420611,5.477121254719663,-0.2001938947009485,1
7935,5.745625384157817,5.477121254719663,-0.2685041294381545,8
7936,5.7940124602456535,5.477121254719663,-0.3168912055259909,9
7937,5.677303837160365,5.477121254719663,-0.20018258244070264,5
7938,6.262146831726008,6.4623979978989565,0.2002511661729489,3
7939,6.19780670409605,6.4623979978989565,0.2645912938029067,1
7940,6.197881369814637,6.4623979978989565,0.2645166280843192,2
7941,6.262273803703846,6.4623979978989565,0.2001241941951104,9
7942,6.215129856360934,6.4623979978989565,0.24726814153802223,5
7943,6.232942912060795,6.4623979978989565,0.2294550858381612,10
7944,6.2233596896865375,6.4623979978989565,0.239038308212419,4
7945,6.2179279964285765,6.4623979978989565,0.24447000147038,8
7946,6.197850742475516,6.4623979978989565,0.26454725542344093,6
7947,6.074542138740421,4.76789761601809,-1.3066445227223307,6
7948,6.075058092516725,4.76789761601809,-1.3071604764986349,3
7949,5.653285074893071,4.76789761601809,-0.8853874588749804,7
7950,6.072748056818936,4.76789761601809,-1.3048504408008457,5
7951,6.0786025082254875,4.76789761601809,-1.3107048922073972,10
7952,6.0730937025502625,4.76789761601809,-1.3051960865321721,4
7953,6.064511887992317,4.76789761601809,-1.296614271974227,1
7954,6.067938219609363,4.76789761601809,-1.300040603591273,8
7955,6.091060374266272,4.76789761601809,-1.3231627582481815,2
7956,4.976161067493258,4.743509764728429,-0.23265130276482981,4
7957,4.976473424741781,4.743509764728429,-0.23296366001335223,8
7958,4.97561453455434,4.743509764728429,-0.2321047698259111,2
7959,4.9433119332446225,4.743509764728429,-0.19980216851619392,6
7960,4.976006907159399,4.743509764728429,-0.23249714243097053,3
7961,4.97600550942675,4.743509764728429,-0.2324957446983218,1
7962,4.976065981097829,4.743509764728429,-0.23255621636940038,10
7963,4.976444678731132,4.743509764728429,-0.23293491400270305,9
7964,4.977016984546092,4.743509764728429,-0.2335072198176631,5
7965,4.34656668386443,4.643452676486188,0.29688599262175774,3
7966,4.501643279322821,4.643452676486188,0.1418093971633665,5
7967,4.244595873874696,4.643452676486188,0.39885680261149226,2
7968,4.293042842556629,4.643452676486188,0.35040983392955916,1
7969,4.334137195934711,4.643452676486188,0.3093154805514766,10
7970,4.318933785095442,4.643452676486188,0.3245188913907455,8
7971,4.277505112419167,4.643452676486188,0.3659475640670209,4
7972,4.357929444133095,4.643452676486188,0.28552323235309274,6
7973,4.264974835336143,4.643452676486188,0.3784778411500449,9
7974,5.611800003146634,5.811709026696192,0.19990902354955864,8
7975,5.611529514852666,5.811709026696192,0.20017951184352611,7
7976,5.611888794079775,5.811709026696192,0.19982023261641757,5
7977,5.611566876562915,5.811709026696192,0.20014215013327696,6
7978,5.611592787698379,5.811709026696192,0.20011623899781306,3
7979,5.611722273360105,5.811709026696192,0.19998675333608773,2
7980,5.611957074430874,5.811709026696192,0.19975195226531817,9
7981,5.611738164383221,5.811709026696192,0.19997086231297168,1
7982,5.611490310161982,5.811709026696192,0.2002187165342102,10
7983,5.01169003861517,4.887054378050957,-0.1246356605642136,6
7984,5.086955917110045,4.887054378050957,-0.19990153905908858,3
7985,5.0259786525972885,4.887054378050957,-0.13892427454633172,2
7986,5.086890621476971,4.887054378050957,-0.19983624342601392,9
7987,5.08695369587428,4.887054378050957,-0.19989931782332349,1
7988,5.087083428608978,4.887054378050957,-0.20002905055802156,8
7989,5.0869869186532,4.887054378050957,-0.1999325406022434,10
7990,4.80915604000011,4.887054378050957,0.07789833805084712,7
7991,5.08703289001787,4.887054378050957,-0.19997851196691308,5
7992,4.611856439801468,3.857332496431269,-0.7545239433701987,4
7993,4.651570050245439,3.857332496431269,-0.7942375538141704,5
7994,4.642608210759039,3.857332496431269,-0.7852757143277698,8
7995,4.708381763775494,3.857332496431269,-0.8510492673442247,1
7996,4.6125103989079586,3.857332496431269,-0.7551779024766896,6
7997,4.570442993531829,3.857332496431269,-0.7131104971005602,2
7998,4.634334550422327,3.857332496431269,-0.7770020539910583,10
7999,4.679384324461419,3.857332496431269,-0.8220518280301503,9
8000,4.567760995381581,3.857332496431269,-0.7104284989503125,7
8001,3.755993484473879,3.792391689498254,0.03639820502437496,3
8002,3.7119971452146197,3.792391689498254,0.08039454428363424,5
8003,3.6871523066146534,3.792391689498254,0.10523938288360046,2
8004,3.6503650613778866,3.792391689498254,0.14202662812036726,7
8005,3.6365107688751186,3.792391689498254,0.1558809206231353,6
8006,3.727803098436489,3.792391689498254,0.06458859106176496,10
8007,3.728072602729371,3.792391689498254,0.06431908676888298,4
8008,3.7391174729941077,3.792391689498254,0.05327421650414621,8
8009,3.7188447010680132,3.792391689498254,0.07354698843024066,9
8010,3.9635200633913925,3.763427993562937,-0.20009206982845562,10
8011,3.963404480092306,3.763427993562937,-0.19997648652936917,9
8012,3.9338294049538796,3.763427993562937,-0.17040141139094267,4
8013,3.86911455921423,3.763427993562937,-0.10568656565129331,6
8014,3.963608241824362,3.763427993562937,-0.20018024826142522,5
8015,3.957114325206911,3.763427993562937,-0.19368633164397409,3
8016,3.9313492901270153,3.763427993562937,-0.1679212965640784,1
8017,3.963603651012841,3.763427993562937,-0.20017565744990407,8
8018,3.963241356529825,3.763427993562937,-0.1998133629668879,2
8019,4.28189330622667,3.544068044350276,-0.7378252618763939,1
8020,4.098639769131719,3.544068044350276,-0.5545717247814426,6
8021,3.8608871778554144,3.544068044350276,-0.31681913350513824,7
8022,3.996531552909598,3.544068044350276,-0.45246350855932205,2
8023,4.042339046809923,3.544068044350276,-0.49827100245964706,5
8024,4.027511460985678,3.544068044350276,-0.4834434166354016,3
8025,4.049149302352377,3.544068044350276,-0.5050812580021007,9
8026,3.883304565050226,3.544068044350276,-0.3392365206999499,8
8027,4.024486731691329,3.544068044350276,-0.4804186873410532,4
8028,4.124182313625409,3.9242792860618816,-0.19990302756352785,10
8029,3.9700841976645043,3.9242792860618816,-0.04580491160262268,7
8030,4.133016220747805,3.9242792860618816,-0.2087369346859238,1
8031,4.124511994855691,3.9242792860618816,-0.2002327087938096,3
8032,4.12425319692302,3.9242792860618816,-0.19997391086113803,5
8033,4.053314298874591,3.9242792860618816,-0.12903501281270957,6
8034,4.124497363165986,3.9242792860618816,-0.20021807710410444,4
8035,4.1246116648950775,3.9242792860618816,-0.20033237883319588,8
8036,4.122551561888367,3.9242792860618816,-0.198272275826485,9
8037,5.806286081633201,6.3979400086720375,0.5916539270388368,7
8038,5.898656987685438,6.3979400086720375,0.49928302098659927,4
8039,5.928518695168982,6.3979400086720375,0.46942131350305516,6
8040,5.958338924121791,6.3979400086720375,0.4396010845502465,1
8041,6.064297349103125,6.3979400086720375,0.3336426595689126,8
8042,5.9792318233179556,6.3979400086720375,0.41870818535408194,5
8043,5.906255102431686,6.3979400086720375,0.49168490624035144,3
8044,5.903991435134818,6.3979400086720375,0.4939485735372191,10
8045,6.023407092834677,6.3979400086720375,0.3745329158373609,9
8046,4.181677005736158,4.382017042574868,0.2003400368387105,10
8047,4.181916436782032,4.382017042574868,0.20010060579283628,5
8048,4.181625377794038,4.382017042574868,0.20039166478083015,2
8049,4.181968358997047,4.382017042574868,0.20004868357782168,9
8050,4.182107745219812,4.382017042574868,0.19990929735505603,6
8051,4.184361574580894,4.382017042574868,0.19765546799397438,8
8052,4.18169222839304,4.382017042574868,0.2003248141818288,3
8053,4.18199766026031,4.382017042574868,0.20001938231455796,4
8054,4.1937194568431995,4.382017042574868,0.18829758573166888,1
8055,4.914073740955419,6.079181246047625,1.1651075050922062,7
8056,5.129386315199463,6.079181246047625,0.9497949308481619,5
8057,5.056505677711189,6.079181246047625,1.0226755683364361,10
8058,5.147181675774727,6.079181246047625,0.9319995702728985,1
8059,5.069892836425959,6.079181246047625,1.009288409621666,4
8060,5.033572439402325,6.079181246047625,1.0456088066453004,3
8061,5.055952338365138,6.079181246047625,1.023228907682487,6
8062,4.917186559111433,6.079181246047625,1.1619946869361923,2
8063,5.080384596949088,6.079181246047625,0.9987966490985372,9
8064,5.457899795908237,5.658011396657113,0.20011160074887524,8
8065,5.458014325102464,5.658011396657113,0.1999970715546482,4
8066,5.45772573642352,5.658011396657113,0.2002856602335923,1
8067,5.458273533136875,5.658011396657113,0.19973786352023737,7
8068,5.457939549593272,5.658011396657113,0.20007184706384074,5
8069,5.417570441863103,5.658011396657113,0.24044095479400962,10
8070,5.457913274717046,5.658011396657113,0.2000981219400666,3
8071,5.457734116921984,5.658011396657113,0.2002772797351282,2
8072,5.4576570524031505,5.658011396657113,0.20035434425396215,6
8073,4.635189666751588,3.8790958795000727,-0.756093787251515,1
8074,4.567809116215233,3.8790958795000727,-0.6887132367151598,7
8075,4.663451254893826,3.8790958795000727,-0.7843553753937536,9
8076,4.625698896443657,3.8790958795000727,-0.7466030169435842,3
8077,4.562779062818614,3.8790958795000727,-0.6836831833185415,2
8078,4.604566649886538,3.8790958795000727,-0.7254707703864649,6
8079,4.621341375186079,3.8790958795000727,-0.7422454956860061,8
8080,4.597672440505764,3.8790958795000727,-0.7185765610056909,5
8081,4.615745549142606,3.8790958795000727,-0.7366496696425329,4
8082,4.614855867536145,6.079181246047625,1.4643253785114805,7
8083,4.729846677680582,6.079181246047625,1.349334568367043,3
8084,4.776520327016068,6.079181246047625,1.302660919031557,5
8085,4.74326355059123,6.079181246047625,1.335917695456395,9
8086,4.717000062580002,6.079181246047625,1.362181183467623,8
8087,4.72718078167917,6.079181246047625,1.3520004643684551,6
8088,4.701680268601919,6.079181246047625,1.377500977445706,10
8089,4.722227286234512,6.079181246047625,1.3569539598131133,4
8090,4.863828985582302,6.079181246047625,1.2153522604653233,1
8091,4.295478557889563,4.495544337546448,0.2000657796568852,7
8092,4.2955686084034905,4.495544337546448,0.1999757291429578,2
8093,4.348855171527751,4.495544337546448,0.14668916601869775,3
8094,4.370283579380752,4.495544337546448,0.12526075816569637,9
8095,4.363475282807064,4.495544337546448,0.13206905473938413,10
8096,4.34943337312917,4.495544337546448,0.14611096441727867,6
8097,4.371947076481819,4.495544337546448,0.12359726106462965,8
8098,4.430091925902399,4.495544337546448,0.06545241164404914,1
8099,4.313603390099814,4.495544337546448,0.18194094744663403,4
8100,4.976444678731132,6.102135154272175,1.1256904755410435,9
8101,4.977016984546092,6.102135154272175,1.1251181697260835,5
8102,4.97600550942675,6.102135154272175,1.1261296448454248,1
8103,4.976473424741781,6.102135154272175,1.1256617295303943,8
8104,4.976065981097829,6.102135154272175,1.1260691731743462,10
8105,4.976161067493258,6.102135154272175,1.1259740867789167,4
8106,5.37632133103853,6.102135154272175,0.7258138232336453,7
8107,4.9433119332446225,6.102135154272175,1.1588232210275526,6
8108,4.97561453455434,6.102135154272175,1.1265206197178355,2
8109,4.97561453455434,5.176091259055681,0.20047672450134169,2
8110,4.976006907159399,5.176091259055681,0.20008435189628226,3
8111,4.976473424741781,5.176091259055681,0.19961783431390057,8
8112,5.37632133103853,5.176091259055681,-0.20023007198284848,7
8113,4.97600550942675,5.176091259055681,0.200085749628931,1
8114,4.977016984546092,5.176091259055681,0.1990742745095897,5
8115,4.976444678731132,5.176091259055681,0.19964658032454974,9
8116,4.976161067493258,5.176091259055681,0.19993019156242298,4
8117,4.976065981097829,5.176091259055681,0.2000252779578524,10
8118,4.504047310491664,3.462397997898956,-1.0416493125927082,1
8119,4.091710784717909,3.462397997898956,-0.6293127868189532,6
8120,4.386991075166917,3.462397997898956,-0.9245930772679611,2
8121,4.464156952372858,3.462397997898956,-1.0017589544739018,3
8122,4.587499486413641,3.462397997898956,-1.125101488514685,4
8123,4.482049486535186,3.462397997898956,-1.0196514886362302,10
8124,4.368970174488354,3.462397997898956,-0.9065721765893975,7
8125,4.448132445174691,3.462397997898956,-0.985734447275735,5
8126,4.4655166900168535,3.462397997898956,-1.0031186921178974,9
8127,5.638893664366657,6.049218022670182,0.41032435830352476,10
8128,5.66284925018899,6.049218022670182,0.38636877248119195,4
8129,5.547684669437747,6.049218022670182,0.5015333532324346,6
8130,5.386483060161297,6.049218022670182,0.6627349625088845,7
8131,5.725615888209802,6.049218022670182,0.3236021344603799,5
8132,5.560604194044433,6.049218022670182,0.4886138286257493,9
8133,5.687275234169917,6.049218022670182,0.36194278850026507,1
8134,5.622604797800897,6.049218022670182,0.42661322486928466,8
8135,5.493982628083122,6.049218022670182,0.5552353945870596,2
8136,4.396071331725994,4.303196057420489,-0.09287527430550568,6
8137,4.345413636732572,4.303196057420489,-0.042217579312083586,8
8138,4.314751758157685,4.303196057420489,-0.011555700737196695,5
8139,4.503681206254687,4.303196057420489,-0.20048514883419877,1
8140,4.362634262163992,4.303196057420489,-0.05943820474350314,2
8141,4.408382050179339,4.303196057420489,-0.10518599275885077,10
8142,4.3715171823564685,4.303196057420489,-0.06832112493597986,4
8143,4.152215509322737,4.303196057420489,0.15098054809775174,9
8144,4.314843403315062,4.303196057420489,-0.011647345894573391,7
8145,4.263261446400251,3.6989700043360174,-0.5642914420642335,9
8146,4.2174084584572995,3.6989700043360174,-0.5184384541212821,8
8147,4.308319900184165,3.6989700043360174,-0.609349895848148,1
8148,4.0528931130740755,3.6989700043360174,-0.3539231087380581,10
8149,4.228667464877294,3.6989700043360174,-0.5296974605412763,7
8150,4.2750988442505236,3.6989700043360174,-0.5761288399145061,4
8151,4.161670845832791,3.6989700043360174,-0.46270084149677393,6
8152,4.230159742132853,3.6989700043360174,-0.531189737796836,5
8153,4.124250384519822,3.6989700043360174,-0.42528038018380476,3
8154,5.012475610235269,4.817565369559781,-0.19491024067548768,5
8155,5.017806926107401,4.817565369559781,-0.20024155654761966,1
8156,4.88983327772484,4.817565369559781,-0.07226790816505879,8
8157,4.851142288059678,4.817565369559781,-0.033576918499896635,7
8158,4.91829650328504,4.817565369559781,-0.10073113372525899,6
8159,4.936406605768014,4.817565369559781,-0.11884123620823317,2
8160,4.940523921286983,4.817565369559781,-0.12295855172720227,9
8161,4.936087507417392,4.817565369559781,-0.11852213785761112,10
8162,4.925479514753043,4.817565369559781,-0.10791414519326192,3
8163,4.718244803061731,5.505149978319906,0.786905175258175,6
8164,4.741204580200625,5.505149978319906,0.7639453981192812,8
8165,4.578845289519144,5.505149978319906,0.9263046888007622,10
8166,4.639999227936591,5.505149978319906,0.8651507503833153,4
8167,4.643338693060594,5.505149978319906,0.8618112852593125,2
8168,4.7294268903147385,5.505149978319906,0.7757230880051678,3
8169,4.74565337695258,5.505149978319906,0.7594966013673261,1
8170,4.680268578577859,5.505149978319906,0.824881399742047,9
8171,4.496261628931249,5.505149978319906,1.0088883493886573,7
8172,4.5981093034286475,4.3979400086720375,-0.20016929475661005,1
8173,4.597875369429548,4.3979400086720375,-0.19993536075751095,6
8174,4.598145127533412,4.3979400086720375,-0.2002051188613745,10
8175,4.597875300876142,4.3979400086720375,-0.19993529220410444,5
8176,4.598157626297992,4.3979400086720375,-0.20021761762595425,3
8177,4.598188862691702,4.3979400086720375,-0.20024885401966408,9
8178,4.598196606391334,4.3979400086720375,-0.20025659771929671,4
8179,4.597785824341476,4.3979400086720375,-0.1998458156694385,2
8180,4.597984087778017,4.3979400086720375,-0.20004407910597966,8
8181,4.922078564349659,4.721810615212546,-0.2002679491371131,9
8182,4.921617704926716,4.721810615212546,-0.19980708971416927,2
8183,4.922224018550108,4.721810615212546,-0.20041340333756175,10
8184,4.921645996129848,4.721810615212546,-0.19983538091730146,3
8185,4.921924076958687,4.721810615212546,-0.20011346174614086,8
8186,4.921837181286411,4.721810615212546,-0.2000265660738645,4
8187,4.921729505661181,4.721810615212546,-0.1999188904486351,7
8188,4.921611975085103,4.721810615212546,-0.19980135987255654,1
8189,4.921846921734782,4.721810615212546,-0.20003630652223592,5
8190,4.25298405706396,4.505149978319906,0.25216592125594595,3
8191,4.287148111978045,4.505149978319906,0.21800186634186147,1
8192,4.434488145891276,4.505149978319906,0.07066183242863033,8
8193,4.305464484572623,4.505149978319906,0.19968549374728362,9
8194,4.267942660592988,4.505149978319906,0.23720731772691828,5
8195,4.304824369364006,4.505149978319906,0.20032560895590024,6
8196,4.19474765572321,4.505149978319906,0.31040232259669587,7
8197,4.210020361783512,4.505149978319906,0.2951296165363946,2
8198,4.218859094579109,4.505149978319906,0.28629088374079714,10
8199,4.3209527730439845,3.2380461031287955,-1.082906669915189,9
8200,4.2063790010110615,3.2380461031287955,-0.9683328978822661,2
8201,4.4154261743029135,3.2380461031287955,-1.177380071174118,6
8202,4.184964778723686,3.2380461031287955,-0.9469186755948908,10
8203,4.230980378847713,3.2380461031287955,-0.9929342757189175,3
8204,4.058614280527494,3.2380461031287955,-0.8205681773986986,4
8205,4.23973200804588,3.2380461031287955,-1.001685904917084,1
8206,4.285155734692524,3.2380461031287955,-1.0471096315637287,5
8207,4.181892963436723,3.2380461031287955,-0.9438468603079273,7
8208,4.436980998532837,4.5910646070265,0.15408360849366343,9
8209,4.469306283017282,4.5910646070265,0.12175832400921838,1
8210,4.390734370407618,4.5910646070265,0.20033023661888283,2
8211,4.594047312943696,4.5910646070265,-0.002982705917195183,3
8212,4.390603309475448,4.5910646070265,0.20046129755105202,6
8213,4.5043868088347745,4.5910646070265,0.08667779819172594,8
8214,4.791087361582508,4.5910646070265,-0.2000227545560076,5
8215,4.40644198577802,4.5910646070265,0.18462262124848028,4
8216,4.414901261651222,4.5910646070265,0.17616334537527845,10
8217,4.622155843465269,4.8221680793680175,0.20001223590274808,10
8218,4.622130263966774,4.8221680793680175,0.20003781540124344,8
8219,4.622247877695958,4.8221680793680175,0.19992020167205915,6
8220,4.622054687363486,4.8221680793680175,0.20011339200453193,5
8221,4.622549612275817,4.8221680793680175,0.19961846709220055,2
8222,4.622061592558159,4.8221680793680175,0.2001064868098581,1
8223,4.622414402448998,4.8221680793680175,0.1997536769190198,4
8224,4.622498911182637,4.8221680793680175,0.19966916818538039,7
8225,4.621861264612281,4.8221680793680175,0.20030681475573608,3
8226,4.980518046644736,3.230448921378274,-1.750069125266462,9
8227,4.940906192621945,3.230448921378274,-1.710457271243671,10
8228,5.010286358137718,3.230448921378274,-1.7798374367594443,1
8229,4.958960967845268,3.230448921378274,-1.728512046466994,6
8230,4.9469553590207855,3.230448921378274,-1.7165064376425114,4
8231,4.855917667044383,3.230448921378274,-1.625468745666109,7
8232,4.944166742640898,3.230448921378274,-1.713717821262624,8
8233,4.9689635537035635,3.230448921378274,-1.7385146323252894,3
8234,5.038760666538984,3.230448921378274,-1.8083117451607098,5
8235,4.414330525024145,2.6020599913279625,-1.8122705336961822,6
8236,4.438285258727681,2.6020599913279625,-1.8362252673997181,8
8237,4.410920674866281,2.6020599913279625,-1.8088606835383185,9
8238,4.389720396608682,2.6020599913279625,-1.78766040528072,4
8239,4.339968729051437,2.6020599913279625,-1.7379087377234743,7
8240,4.47954356307868,2.6020599913279625,-1.8774835717507177,5
8241,4.367962583876549,2.6020599913279625,-1.7659025925485867,2
8242,4.524027729867139,2.6020599913279625,-1.921967738539177,1
8243,4.414859640064604,2.6020599913279625,-1.8127996487366413,10
8244,4.290053029980655,3.008600171761917,-1.2814528582187377,4
8245,4.298106781919538,3.008600171761917,-1.2895066101576207,3
8246,4.353078196361718,3.008600171761917,-1.344478024599801,9
8247,4.34824600360456,3.008600171761917,-1.3396458318426427,5
8248,4.421311305908794,3.008600171761917,-1.4127111341468765,10
8249,4.250472237276167,3.008600171761917,-1.24187206551425,6
8250,4.3068231594308095,3.008600171761917,-1.2982229876688924,8
8251,4.368398246750817,3.008600171761917,-1.3597980749889,1
8252,4.292793383872344,3.008600171761917,-1.2841932121104271,7
8253,5.9761146097648,5.949390006644912,-0.026724603119888002,8
8254,6.056874127326192,5.949390006644912,-0.10748412068127955,7
8255,6.1048969784169556,5.949390006644912,-0.1555069717720432,10
8256,6.084575680445711,5.949390006644912,-0.13518567380079904,6
8257,6.149347050043111,5.949390006644912,-0.1999570433981983,2
8258,6.085934931008153,5.949390006644912,-0.13654492436324084,4
8259,6.079322702661831,5.949390006644912,-0.12993269601691892,3
8260,6.131189123848145,5.949390006644912,-0.18179911720323272,1
8261,6.133489755520152,5.949390006644912,-0.18409974887523983,9
8262,5.1932795230302835,6.778151250383644,1.5848717273533603,2
8263,5.289777902270003,6.778151250383644,1.4883733481136412,10
8264,5.26230084612834,6.778151250383644,1.5158504042553043,3
8265,5.452536611308501,6.778151250383644,1.3256146390751429,4
8266,5.278319019212525,6.778151250383644,1.4998322311711192,9
8267,5.406950728483283,6.778151250383644,1.3712005219003611,8
8268,5.238147006698153,6.778151250383644,1.540004243685491,1
8269,5.265302149290055,6.778151250383644,1.5128491010935887,7
8270,5.2098010273283375,6.778151250383644,1.5683502230553064,5
8271,6.362462397602322,7.0,0.6375376023976784,1
8272,6.403546562067433,7.0,0.596453437932567,8
8273,6.205564898452643,7.0,0.7944351015473572,3
8274,6.210578029900494,7.0,0.7894219700995064,6
8275,6.450067051221872,7.0,0.5499329487781282,4
8276,6.477501773113545,7.0,0.5224982268864551,5
8277,6.279650162494015,7.0,0.7203498375059851,2
8278,6.352570227020707,7.0,0.6474297729792928,10
8279,6.254763832915758,7.0,0.7452361670842418,9
8280,5.690423771200303,5.331589240955137,-0.3588345302451659,9
8281,5.42574198918533,5.331589240955137,-0.0941527482301927,7
8282,5.754273227542063,5.331589240955137,-0.4226839865869261,1
8283,5.746989863948347,5.331589240955137,-0.4154006229932099,10
8284,5.648165915576847,5.331589240955137,-0.31657667462171,6
8285,5.771542075534869,5.331589240955137,-0.43995283457973233,4
8286,5.679435562591132,5.331589240955137,-0.3478463216359948,2
8287,5.729910356511736,5.331589240955137,-0.3983211155565991,5
8288,5.822857276483991,5.331589240955137,-0.49126803552885434,3
8289,4.931485030379626,5.176091259055681,0.24460622867605508,10
8290,4.975712765596655,5.176091259055681,0.20037849345902625,8
8291,4.953025844804792,5.176091259055681,0.22306541425088966,4
8292,4.800779246459831,5.176091259055681,0.3753120125958507,3
8293,4.7908683802782495,5.176091259055681,0.3852228787774319,9
8294,4.828198357536474,5.176091259055681,0.3478929015192076,6
8295,4.881016821934754,5.176091259055681,0.2950744371209275,1
8296,4.937966475376827,5.176091259055681,0.23812478367885426,5
8297,4.8673707671727655,5.176091259055681,0.30872049188291584,7
8298,6.350859913928384,6.170555058521209,-0.18030485540717578,10
8299,6.370441383773434,6.170555058521209,-0.19988632525222538,8
8300,6.303386498625054,6.170555058521209,-0.1328314401038453,6
8301,6.305014560231339,6.170555058521209,-0.13445950171013088,2
8302,6.3702615185481966,6.170555058521209,-0.199706460026988,4
8303,6.354292787947346,6.170555058521209,-0.1837377294261371,1
8304,6.302604456488189,6.170555058521209,-0.13204939796698056,9
8305,6.3705120350499325,6.170555058521209,-0.1999569765287239,7
8306,6.259611565859826,6.170555058521209,-0.08905650733861759,3
8307,5.710888617433555,6.146128035678238,0.4352394182446835,8
8308,5.540783247641615,6.146128035678238,0.6053447880366232,2
8309,5.556556818775692,6.146128035678238,0.589571216902546,3
8310,5.629669282966852,6.146128035678238,0.5164587527113857,5
8311,5.625358437112934,6.146128035678238,0.5207695985653045,4
8312,5.577959557478141,6.146128035678238,0.5681684782000973,7
8313,5.624029700186744,6.146128035678238,0.5220983354914939,1
8314,5.6001598728350634,6.146128035678238,0.5459681628431747,9
8315,5.683844790992303,6.146128035678238,0.46228324468593485,10
8316,6.278603358422009,5.982271233039568,-0.2963321253824409,2
8317,6.406312798365927,5.982271233039568,-0.42404156532635895,4
8318,6.353589510417208,5.982271233039568,-0.37131827737764045,8
8319,6.312406939783588,5.982271233039568,-0.33013570674402004,10
8320,6.270709580811409,5.982271233039568,-0.28843834777184085,1
8321,6.264808177677097,5.982271233039568,-0.28253694463752943,3
8322,6.2436478432149105,5.982271233039568,-0.2613766101753425,9
8323,6.18231608909553,5.982271233039568,-0.20004485605596223,6
8324,6.301002460059408,5.982271233039568,-0.3187312270198399,5
8325,5.894070041005739,6.209246848753374,0.31517680774763424,1
8326,5.81330602609799,6.209246848753374,0.39594082265538333,2
8327,5.983063537802846,6.209246848753374,0.22618331095052735,4
8328,5.857548170993198,6.209246848753374,0.3516986777601758,9
8329,5.806984150170737,6.209246848753374,0.4022626985826365,6
8330,5.988139190847012,6.209246848753374,0.22110765790636133,7
8331,5.971132298215748,6.209246848753374,0.23811455053762565,8
8332,5.944572256044951,6.209246848753374,0.2646745927084222,5
8333,6.009169009732239,6.209246848753374,0.20007783902113463,10
8334,6.08849829565158,5.750045312011768,-0.33845298363981247,8
8335,6.071870518712911,5.750045312011768,-0.3218252067011438,5
8336,6.0227933890714995,5.750045312011768,-0.2727480770597319,2
8337,6.087179683138208,5.750045312011768,-0.3371343711264405,10
8338,5.980718631455685,5.750045312011768,-0.230673319443917,9
8339,6.032508949713125,5.750045312011768,-0.2824636377013574,7
8340,5.949914460492189,5.750045312011768,-0.19986914848042137,3
8341,6.028764651517224,5.750045312011768,-0.27871933950545635,1
8342,5.958435265106891,5.750045312011768,-0.2083899530951232,6
8343,6.485922808129318,5.401055725771844,-1.0848670823574738,7
8344,6.469343389747067,5.401055725771844,-1.068287663975223,5
8345,6.3876151696090595,5.401055725771844,-0.9865594438372156,2
8346,6.36389017689787,5.401055725771844,-0.9628344511260263,9
8347,6.509212327646608,5.401055725771844,-1.1081566018747644,4
8348,6.428053189340647,5.401055725771844,-1.0269974635688035,10
8349,6.437237558496358,5.401055725771844,-1.0361818327245143,1
8350,6.344536008467096,5.401055725771844,-0.9434802826952522,6
8351,6.340751877757551,5.401055725771844,-0.9396961519857072,3
8352,6.373145443799112,6.419129307741976,0.04598386394286358,2
8353,6.378990907618716,6.419129307741976,0.04013840012325964,3
8354,6.461119385542383,6.419129307741976,-0.0419900778004072,1
8355,6.53234799700749,6.419129307741976,-0.11321868926551382,4
8356,6.491122090158603,6.419129307741976,-0.07199278241662732,8
8357,6.519470661442641,6.419129307741976,-0.10034135370066544,5
8358,6.47254569568619,6.419129307741976,-0.053416387944213994,10
8359,6.438608589028902,6.419129307741976,-0.019479281286926664,7
8360,6.3619988328515005,6.419129307741976,0.05713047489047529,6
8361,6.538677772847438,6.380211241711606,-0.15846653113583198,4
8362,6.523046817559175,6.380211241711606,-0.14283557584756856,8
8363,6.469969851851903,6.380211241711606,-0.08975861014029629,2
8364,6.432880219415409,6.380211241711606,-0.052668977703802966,3
8365,6.415733239657724,6.380211241711606,-0.03552199794611788,1
8366,6.4462802600419415,6.380211241711606,-0.06606901833033518,6
8367,6.567132912897295,6.380211241711606,-0.18692167118568825,7
8368,6.446426051540531,6.380211241711606,-0.06621480982892436,9
8369,6.56457696221569,6.380211241711606,-0.18436572050408362,5
8370,6.1974991283322165,6.505149978319906,0.30765084998768977,2
8371,6.247211184899916,6.505149978319906,0.2579387934199904,7
8372,6.213588821030612,6.505149978319906,0.2915611572892942,1
8373,6.208158926443398,6.505149978319906,0.29699105187650865,10
8374,6.247947927389876,6.505149978319906,0.25720205093003035,6
8375,6.173035641485598,6.505149978319906,0.3321143368343087,9
8376,6.122486505730109,6.505149978319906,0.3826634725897975,8
8377,6.30519412896393,6.505149978319906,0.19995584935597588,5
8378,6.266771233051932,6.505149978319906,0.23837874526797442,4
8379,5.88680346872619,6.204119982655925,0.31731651392973514,1
8380,5.896210720684282,6.204119982655925,0.30790926197164303,5
8381,5.8170896760668604,6.204119982655925,0.38703030658906457,3
8382,5.931865082821945,6.204119982655925,0.27225489983398,4
8383,5.863928947860235,6.204119982655925,0.3401910347956898,2
8384,5.972056408309501,6.204119982655925,0.23206357434642388,7
8385,5.796889917401916,6.204119982655925,0.4072300652540086,9
8386,5.905591438540101,6.204119982655925,0.29852854411582364,8
8387,5.976345716243003,6.204119982655925,0.2277742664129221,10
8388,5.781820889660819,4.939019776448666,-0.8428011132121531,3
8389,5.971132298215748,4.939019776448666,-1.0321125217670817,8
8390,5.988139190847012,4.939019776448666,-1.049119414398346,7
8391,5.894070041005739,4.939019776448666,-0.9550502645570731,1
8392,6.009169009732239,4.939019776448666,-1.0701492332835727,10
8393,5.857548170993198,4.939019776448666,-0.9185283945445315,9
8394,5.944572256044951,4.939019776448666,-1.0055524795962851,5
8395,5.806984150170737,4.939019776448666,-0.8679643737220708,6
8396,5.81330602609799,4.939019776448666,-0.874286249649324,2
8397,5.840493413535447,4.79309160017658,-1.0474018133588672,1
8398,5.992107185279075,4.79309160017658,-1.1990155851024946,8
8399,5.718780377821458,4.79309160017658,-0.9256887776448783,9
8400,5.746080989677057,4.79309160017658,-0.9529893895004768,3
8401,5.512643140078083,4.79309160017658,-0.7195515399015031,5
8402,5.698623937443432,4.79309160017658,-0.9055323372668518,10
8403,5.94172050351576,4.79309160017658,-1.1486289033391799,4
8404,5.713886240976096,4.79309160017658,-0.9207946407995165,2
8405,5.654888789122612,4.79309160017658,-0.8617971889460323,6
8406,5.725615888209802,6.32221929473392,0.5966034065241184,5
8407,5.66284925018899,6.32221929473392,0.6593700445449304,4
8408,5.493982628083122,6.32221929473392,0.8282366666507981,2
8409,5.687275234169917,6.32221929473392,0.6349440605640035,1
8410,5.547684669437747,6.32221929473392,0.7745346252961731,6
8411,5.638893664366657,6.32221929473392,0.6833256303672632,10
8412,5.3734939689912045,6.32221929473392,0.948725325742716,3
8413,5.560604194044433,6.32221929473392,0.7616151006894878,9
8414,5.622604797800897,6.32221929473392,0.6996144969330231,8
8415,6.210578029900494,6.382017042574868,0.17143901267437478,6
8416,6.450067051221872,6.382017042574868,-0.0680500086470035,4
8417,6.352570227020707,6.382017042574868,0.029446815554161176,10
8418,6.182308437930337,6.382017042574868,0.1997086046445311,7
8419,6.205564898452643,6.382017042574868,0.17645214412222554,3
8420,6.254763832915758,6.382017042574868,0.12725320965911013,9
8421,6.279650162494015,6.382017042574868,0.10236688008085348,2
8422,6.477501773113545,6.382017042574868,-0.09548473053867657,5
8423,6.362462397602322,6.382017042574868,0.019554644972546775,1
8424,6.228068804257058,6.366982975977851,0.1389141717207929,1
8425,6.190618698630084,6.366982975977851,0.1763642773477665,9
8426,6.24025710287269,6.366982975977851,0.12672587310516104,7
8427,6.2290630342745255,6.366982975977851,0.13791994170332522,5
8428,6.166637207376072,6.366982975977851,0.2003457686017791,2
8429,6.2246982777617905,6.366982975977851,0.14228469821606016,8
8430,6.166772568014954,6.366982975977851,0.20021040796289657,3
8431,6.166898424958837,6.366982975977851,0.2000845510190139,6
8432,6.227497392083562,6.366982975977851,0.139485583894289,10
8433,5.916279540510248,6.176091259055681,0.25981171854543295,9
8434,5.9279835943946475,6.176091259055681,0.24810766466103384,6
8435,5.989061211597139,6.176091259055681,0.18703004745854201,4
8436,5.991679349517079,6.176091259055681,0.18441190953860254,1
8437,5.945375105266328,6.176091259055681,0.23071615378935295,3
8438,5.97701168744237,6.176091259055681,0.19907957161331158,5
8439,5.9757556458087135,6.176091259055681,0.2003356132469678,10
8440,5.986348451164565,6.176091259055681,0.18974280789111653,8
8441,6.0249620538372435,6.176091259055681,0.15112920521843787,7
8442,5.744929200715726,6.535863520712453,0.7909343199967269,9
8443,5.5545757400240054,6.535863520712453,0.9812877806884472,10
8444,5.602726175667967,6.535863520712453,0.9331373450444858,6
8445,5.940508726893492,6.535863520712453,0.5953547938189603,4
8446,5.736595176481512,6.535863520712453,0.7992683442309403,2
8447,5.92792368429071,6.535863520712453,0.6079398364217425,7
8448,5.844503030623021,6.535863520712453,0.6913604900894317,1
8449,5.793342413386199,6.535863520712453,0.7425211073262536,5
8450,5.829500157915907,6.535863520712453,0.7063633627965453,8
8451,5.724026747656915,5.924279286061882,0.2002525384049667,4
8452,5.5500661276776695,5.924279286061882,0.37421315838421254,1
8453,5.720405395587899,5.924279286061882,0.2038738904739832,5
8454,5.724296102713529,5.924279286061882,0.19998318334835297,6
8455,5.676881189738187,5.924279286061882,0.24739809632369525,2
8456,5.61246529137942,5.924279286061882,0.3118139946824616,9
8457,5.656652777867486,5.924279286061882,0.2676265081943958,7
8458,5.723286588957024,5.924279286061882,0.20099269710485768,10
8459,5.724041784210265,5.924279286061882,0.2002375018516167,8
8460,6.188544264394602,6.062205808819713,-0.12633845557488854,8
8461,6.174989567490771,6.062205808819713,-0.11278375867105783,7
8462,5.9872993635064145,6.062205808819713,0.0749064453132986,2
8463,5.994904565634577,6.062205808819713,0.06730124318513564,6
8464,6.109040331299806,6.062205808819713,-0.046834522480092566,10
8465,5.9634902226058335,6.062205808819713,0.09871558621387955,3
8466,6.063951354806655,6.062205808819713,-0.0017455459869415435,5
8467,6.078114390853672,6.062205808819713,-0.015908582033959284,9
8468,6.047791284373623,6.062205808819713,0.014414524446090482,4
8469,6.186517579014013,6.0,-0.186517579014013,1
8470,6.200223247317439,6.0,-0.2002232473174388,2
8471,6.149083432328888,6.0,-0.14908343232888832,4
8472,6.127659215981013,6.0,-0.12765921598101304,10
8473,6.113160750880252,6.0,-0.1131607508802519,3
8474,6.083075458782476,6.0,-0.08307545878247602,9
8475,6.199944627751204,6.0,-0.19994462775120425,8
8476,6.190079353069743,6.0,-0.1900793530697431,5
8477,6.111149448564674,6.0,-0.11114944856467357,7
8478,6.133259809620652,6.12057393120585,-0.01268587841480251,9
8479,6.320749647727644,6.12057393120585,-0.20017571652179456,4
8480,6.320451518207298,6.12057393120585,-0.1998775870014482,8
8481,6.285063173765511,6.12057393120585,-0.1644892425596618,1
8482,6.320509835080987,6.12057393120585,-0.19993590387513738,7
8483,6.222145039175276,6.12057393120585,-0.10157110796942614,3
8484,6.188378667820676,6.12057393120585,-0.06780473661482667,6
8485,6.3051940528823485,6.12057393120585,-0.18462012167649888,5
8486,6.320922910002386,6.12057393120585,-0.20034897879653624,10
8487,4.72838898258325,4.66661156841903,-0.061777414164220446,9
8488,4.777529739554027,4.66661156841903,-0.11091817113499758,6
8489,4.866981318276812,4.66661156841903,-0.20036974985778233,7
8490,4.866396705732743,4.66661156841903,-0.1997851373137136,4
8491,4.866539063788303,4.66661156841903,-0.19992749536927334,10
8492,4.834195054697661,4.66661156841903,-0.16758348627863118,8
8493,4.866955778783684,4.66661156841903,-0.200344210364654,1
8494,4.866613977547691,4.66661156841903,-0.20000240912866118,3
8495,4.866646237869955,4.66661156841903,-0.2000346694509254,2
8496,6.369084960887458,7.0178677189635055,0.6487827580760479,1
8497,6.276762209095556,7.0178677189635055,0.7411055098679498,6
8498,6.360941907575943,7.0178677189635055,0.6569258113875627,10
8499,6.360945435784857,7.0178677189635055,0.6569222831786483,2
8500,6.367479176640791,7.0178677189635055,0.6503885423227143,8
8501,6.2668756360319815,7.0178677189635055,0.750992082931524,9
8502,6.383281305989286,7.0178677189635055,0.6345864129742198,5
8503,6.262857796528925,7.0178677189635055,0.7550099224345805,3
8504,6.338016637563148,7.0178677189635055,0.6798510814003578,7
8505,6.026174892531912,6.079181246047625,0.05300635351571348,10
8506,5.957817207974142,6.079181246047625,0.12136403807348284,2
8507,6.0061860467047845,6.079181246047625,0.0729951993428406,8
8508,5.983114968147261,6.079181246047625,0.09606627790036448,1
8509,5.9264570875586795,6.079181246047625,0.1527241584889456,6
8510,5.995692800055346,6.079181246047625,0.08348844599227867,5
8511,5.934385781694346,6.079181246047625,0.14479546435327872,9
8512,5.87888668486463,6.079181246047625,0.2002945611829947,4
8513,5.903631322125608,6.079181246047625,0.1755499239220173,3
8514,6.005570923821001,6.567144045195657,0.5615731213746562,10
8515,6.28620699038374,6.567144045195657,0.28093705481191655,8
8516,5.976104358603216,6.567144045195657,0.591039686592441,3
8517,6.3029581502625485,6.567144045195657,0.2641858949331084,7
8518,6.154782097687286,6.567144045195657,0.4123619475083711,1
8519,5.933823267174197,6.567144045195657,0.63332077802146,9
8520,6.0403505880019726,6.567144045195657,0.5267934571936843,6
8521,5.9655649676383335,6.567144045195657,0.6015790775573233,2
8522,6.220645165338276,6.567144045195657,0.34649887985738115,4
8523,6.025899332001162,5.414973347970818,-0.6109259840303434,10
8524,5.995686816089321,5.414973347970818,-0.5807134681185024,9
8525,6.104616235738401,5.414973347970818,-0.6896428877675831,5
8526,6.062357386909333,5.414973347970818,-0.6473840389385144,8
8527,6.0078135149160605,5.414973347970818,-0.5928401669452423,4
8528,5.997680750710753,5.414973347970818,-0.5827074027399348,3
8529,6.030097041036891,5.414973347970818,-0.6151236930660726,2
8530,6.035893181084589,5.414973347970818,-0.6209198331137706,1
8531,5.940167656986331,5.414973347970818,-0.5251943090155127,6
8532,6.221335926562627,6.021189299069938,-0.20014662749268908,4
8533,6.221114883598801,6.021189299069938,-0.199925584528863,1
8534,6.2211915783156035,6.021189299069938,-0.20000227924566527,10
8535,6.218796921575285,6.021189299069938,-0.19760762250534647,2
8536,6.140817307352207,6.021189299069938,-0.11962800828226872,3
8537,6.221331148593999,6.021189299069938,-0.20014184952406033,8
8538,6.082115283744845,6.021189299069938,-0.06092598467490706,6
8539,6.294186618997865,6.021189299069938,-0.272997319927927,7
8540,6.152388397892606,6.021189299069938,-0.1311990988226679,9
8541,5.867970169253829,6.517195897949974,0.6492257286961447,3
8542,5.8891026614876925,6.517195897949974,0.6280932364622815,10
8543,5.815643812339563,6.517195897949974,0.7015520856104107,9
8544,5.822586656008803,6.517195897949974,0.6946092419411709,6
8545,6.030230255075244,6.517195897949974,0.48696564287473,7
8546,5.908862271510398,6.517195897949974,0.6083336264395758,2
8547,5.900432201200531,6.517195897949974,0.6167636967494428,1
8548,5.902569795912403,6.517195897949974,0.6146261020375707,8
8549,5.941470263145193,6.517195897949974,0.5757256348047806,5
8550,6.005312380994721,5.934498451243568,-0.07081392975115275,3
8551,6.134180780505968,5.934498451243568,-0.1996823292623997,8
8552,6.134468031846849,5.934498451243568,-0.1999695806032804,5
8553,5.944826123182613,5.934498451243568,-0.010327671939045047,9
8554,6.115122714097343,5.934498451243568,-0.18062426285377509,4
8555,6.107378290590629,5.934498451243568,-0.1728798393470603,10
8556,6.102633811909841,5.934498451243568,-0.16813536066627233,1
8557,6.134267409391078,5.934498451243568,-0.1997689581475095,7
8558,5.987879028506335,5.934498451243568,-0.05338057726276624,6
8559,5.788107563247734,6.32221929473392,0.5341117314861865,6
8560,5.872166411699485,6.32221929473392,0.45005288303443525,10
8561,5.814670402289913,6.32221929473392,0.5075488924440075,3
8562,5.889883606411624,6.32221929473392,0.4323356883222962,5
8563,5.882339483186367,6.32221929473392,0.43987981154755307,1
8564,5.928477959522187,6.32221929473392,0.3937413352117334,7
8565,5.902342917887902,6.32221929473392,0.41987637684601875,8
8566,5.817018733753097,6.32221929473392,0.505200560980823,2
8567,5.858047597413048,6.32221929473392,0.4641716973208725,4
8568,5.98471867048446,6.301029995663981,0.3163113251795213,9
8569,6.101266258173388,6.301029995663981,0.19976373749059295,5
8570,6.036550389948744,6.301029995663981,0.26447960571523765,1
8571,5.947168101186921,6.301029995663981,0.3538618944770606,3
8572,6.101440350769418,6.301029995663981,0.1995896448945631,2
8573,6.056437073480027,6.301029995663981,0.244592922183954,8
8574,6.036016442086152,6.301029995663981,0.2650135535778295,4
8575,6.101179415854432,6.301029995663981,0.19985057980954934,7
8576,6.1013072781991,6.301029995663981,0.19972271746488168,10
8577,5.706522969084254,6.531478917042255,0.8249559479580011,6
8578,5.631617610470285,6.531478917042255,0.89986130657197,8
8579,5.623927757908139,6.531478917042255,0.9075511591341163,5
8580,5.797648215872296,6.531478917042255,0.7338307011699596,9
8581,5.705104187696248,6.531478917042255,0.8263747293460071,4
8582,5.727573250392021,6.531478917042255,0.803905666650234,1
8583,5.722921010433329,6.531478917042255,0.8085579066089261,2
8584,5.69892782813643,6.531478917042255,0.8325510889058254,10
8585,5.738529000933298,6.531478917042255,0.7929499161089577,3
8586,5.969112140575855,6.003115717099806,0.03400357652395147,6
8587,6.014965742732702,6.003115717099806,-0.011850025632895722,7
8588,6.0162046889444865,6.003115717099806,-0.013088971844680053,4
8589,6.042965814055081,6.003115717099806,-0.03985009695527442,2
8590,6.086349982198004,6.003115717099806,-0.08323426509819765,3
8591,6.00731487472584,6.003115717099806,-0.004199157626033845,1
8592,6.041053807975533,6.003115717099806,-0.03793809087572697,5
8593,6.033586285913283,6.003115717099806,-0.03047056881347654,8
8594,6.022012109800108,6.003115717099806,-0.018896392700301412,10
8595,5.787370368855286,6.3979400086720375,0.6105696398167515,6
8596,5.7961422084024194,6.3979400086720375,0.601797800269618,2
8597,5.816039498239594,6.3979400086720375,0.5819005104324431,3
8598,5.760824054311729,6.3979400086720375,0.6371159543603087,5
8599,5.8267146170797695,6.3979400086720375,0.571225391592268,1
8600,5.779468977917519,6.3979400086720375,0.6184710307545185,4
8601,5.820782473708284,6.3979400086720375,0.5771575349637539,7
8602,5.863871779867098,6.3979400086720375,0.5340682288049399,9
8603,5.757789660616117,6.3979400086720375,0.6401503480559203,8
8604,4.12428620169514,3.9242792860618816,-0.20000691563325868,1
8605,4.124083560626652,3.9242792860618816,-0.1998042745647708,4
8606,4.099467254680966,3.9242792860618816,-0.17518796861908426,5
8607,4.124188506369972,3.9242792860618816,-0.19990922030809033,3
8608,4.124310099312512,3.9242792860618816,-0.20003081325063077,2
8609,4.0203714457723,3.9242792860618816,-0.09609215971041829,7
8610,4.124530286834029,3.9242792860618816,-0.20025100077214697,8
8611,4.1239961188897,3.9242792860618816,-0.19971683282781827,6
8612,4.124285470001018,3.9242792860618816,-0.2000061839391365,10
8613,4.961650872165515,4.597826770377936,-0.3638241017875785,9
8614,4.819172154975183,4.597826770377936,-0.22134538459724684,5
8615,4.932442010653911,4.597826770377936,-0.33461524027597456,8
8616,4.804030383033272,4.597826770377936,-0.2062036126553357,7
8617,4.924081537431198,4.597826770377936,-0.3262547670532623,3
8618,4.8742211879107264,4.597826770377936,-0.27639441753279037,4
8619,4.797907056397092,4.597826770377936,-0.20008028601915573,6
8620,4.8684935753668155,4.597826770377936,-0.2706668049888794,2
8621,4.908555171300534,4.597826770377936,-0.31072840092259835,1
8622,4.893724326501892,3.42845877351558,-1.465265552986312,2
8623,4.818540489951817,3.42845877351558,-1.3900817164362373,6
8624,4.752552547309674,3.42845877351558,-1.3240937737940937,5
8625,4.829677537202027,3.42845877351558,-1.401218763686447,10
8626,4.879674998407727,3.42845877351558,-1.4512162248921467,8
8627,4.794713718086727,3.42845877351558,-1.3662549445711467,4
8628,4.755462470212011,3.42845877351558,-1.3270036966964311,9
8629,4.8192981367561,3.42845877351558,-1.3908393632405196,3
8630,4.83401563562669,3.42845877351558,-1.4055568621111099,1
8631,6.1191563719305435,6.4623979978989565,0.343241625968413,1
8632,6.167402665643821,6.4623979978989565,0.2949953322551355,9
8633,6.077244139714427,6.4623979978989565,0.3851538581845295,5
8634,6.117892297166102,6.4623979978989565,0.3445057007328547,6
8635,6.129432636647828,6.4623979978989565,0.3329653612511283,3
8636,6.1304028936574,6.4623979978989565,0.33199510424155676,4
8637,6.0824252491618,6.4623979978989565,0.37997274873715625,10
8638,6.088571852109961,6.4623979978989565,0.3738261457889953,2
8639,6.072969784628415,6.4623979978989565,0.38942821327054133,7
8640,6.099311780696283,6.898664858722267,0.7993530780259839,5
8641,6.1324212898681205,6.898664858722267,0.7662435688541462,1
8642,6.099457749358651,6.898664858722267,0.7992071093636159,8
8643,6.074086816237797,6.898664858722267,0.82457804248447,6
8644,6.096993211250587,6.898664858722267,0.8016716474716796,7
8645,6.130643807695171,6.898664858722267,0.7680210510270955,4
8646,6.13730853917088,6.898664858722267,0.7613563195513864,2
8647,6.1656497147804465,6.898664858722267,0.7330151439418202,3
8648,6.208723784648405,6.898664858722267,0.6899410740738618,9
8649,5.646963834927319,5.847276448275631,0.20031261334831196,4
8650,5.647284243272632,5.847276448275631,0.19999220500299852,2
8651,5.64740055450505,5.847276448275631,0.19987589377058068,5
8652,5.581477548375873,5.847276448275631,0.2657988998997576,1
8653,5.64710529403799,5.847276448275631,0.20017115423764054,10
8654,5.647635269547374,5.847276448275631,0.19964117872825682,6
8655,5.647281357646595,5.847276448275631,0.1999950906290362,3
8656,5.647094601017864,5.847276448275631,0.20018184725776678,7
8657,5.665726266070857,5.847276448275631,0.1815501822047736,9
8658,5.642116984540439,5.44178936653435,-0.20032761800608867,4
8659,5.642200738833766,5.44178936653435,-0.2004113722994152,5
8660,5.642035107207622,5.44178936653435,-0.20024574067327183,3
8661,5.642086313534236,5.44178936653435,-0.20029694699988543,2
8662,5.64213362604396,5.44178936653435,-0.20034425950960966,8
8663,5.609479535419917,5.44178936653435,-0.16769016888556632,10
8664,5.64210900207529,5.44178936653435,-0.20031963554093934,7
8665,5.642198838413696,5.44178936653435,-0.20040947187934588,6
8666,5.641708285619261,5.44178936653435,-0.19991891908491066,9
8667,5.879182842642014,4.530839778616521,-1.3483430640254932,9
8668,5.879131653836739,4.530839778616521,-1.3482918752202178,10
8669,5.878761574017699,4.530839778616521,-1.3479217954011782,4
8670,5.902095899975629,4.530839778616521,-1.3712561213591083,7
8671,5.879160571351089,4.530839778616521,-1.348320792734568,8
8672,5.8788398448539665,4.530839778616521,-1.3480000662374456,6
8673,5.915430809480919,4.530839778616521,-1.3845910308643985,5
8674,5.879037586404327,4.530839778616521,-1.3481978077878063,3
8675,5.879461573378724,4.530839778616521,-1.3486217947622032,1
8676,5.555492671402846,6.607455023214668,1.051962351811822,3
8677,5.942001291179375,6.607455023214668,0.6654537320352931,1
8678,5.588244310810045,6.607455023214668,1.0192107124046235,6
8679,5.6698442917882215,6.607455023214668,0.9376107314264468,5
8680,5.501763036344026,6.607455023214668,1.1056919868706423,10
8681,5.808091651307805,6.607455023214668,0.7993633719068631,7
8682,5.600710119167759,6.607455023214668,1.0067449040469096,9
8683,5.642442057969452,6.607455023214668,0.965012965245216,8
8684,5.743009471196485,6.607455023214668,0.8644455520181831,2
8685,5.9994711475447815,4.440909082065217,-1.5585620654795642,7
8686,5.998704684154767,4.440909082065217,-1.5577956020895494,1
8687,6.0185847713869585,4.440909082065217,-1.5776756893217412,6
8688,6.040380583006422,4.440909082065217,-1.5994715009412044,9
8689,6.01840643263115,4.440909082065217,-1.5774973505659329,2
8690,5.96145970007041,4.440909082065217,-1.5205506180051929,3
8691,5.9751054724323724,4.440909082065217,-1.5341963903671552,8
8692,6.0359266126543005,4.440909082065217,-1.5950175305890832,4
8693,6.012466251126416,4.440909082065217,-1.5715571690611991,10
8694,6.139890498388031,5.596597095626461,-0.5432934027615701,1
8695,6.160518599363173,5.596597095626461,-0.5639215037367125,2
8696,6.106513334414249,5.596597095626461,-0.5099162387877882,8
8697,6.141506167233002,5.596597095626461,-0.5449090716065417,4
8698,6.163741256446828,5.596597095626461,-0.5671441608203676,10
8699,6.127354352577473,5.596597095626461,-0.5307572569510128,7
8700,6.177417168761509,5.596597095626461,-0.5808200731350484,5
8701,6.218423864160216,5.596597095626461,-0.6218267685337553,9
8702,6.154231210285463,5.596597095626461,-0.5576341146590025,3
8703,5.31679735516408,4.275080898456858,-1.0417164567072215,3
8704,5.4374000052982545,4.275080898456858,-1.1623191068413963,1
8705,5.367184542682592,4.275080898456858,-1.092103644225734,10
8706,5.387987327465309,4.275080898456858,-1.1129064290084507,6
8707,5.2645605954887245,4.275080898456858,-0.9894796970318662,5
8708,5.1565060782988414,4.275080898456858,-0.8814251798419832,9
8709,5.411969270227412,4.275080898456858,-1.1368883717705538,2
8710,5.349834545827451,4.275080898456858,-1.074753647370593,4
8711,5.307157253022092,4.275080898456858,-1.032076354565234,8
8712,5.699620941387751,5.110589710299249,-0.5890312310885024,2
8713,5.674747773303708,5.110589710299249,-0.5641580630044594,1
8714,5.6805302575675825,5.110589710299249,-0.5699405472683337,9
8715,5.633343014692869,5.110589710299249,-0.5227533043936203,3
8716,5.678166324212858,5.110589710299249,-0.5675766139136096,4
8717,5.696635585384792,5.110589710299249,-0.5860458750855431,7
8718,5.699957289440859,5.110589710299249,-0.5893675791416104,5
8719,5.699790245429097,5.110589710299249,-0.5892005351298479,10
8720,5.65601696556517,5.110589710299249,-0.5454272552659214,8
8721,5.969067888688398,5.041392685158225,-0.927675203530173,5
8722,6.171151144618613,5.041392685158225,-1.1297584594603878,1
8723,6.100037130973065,5.041392685158225,-1.0586444458148394,10
8724,6.131259028630065,5.041392685158225,-1.08986634347184,2
8725,6.142137787663684,5.041392685158225,-1.1007451025054582,6
8726,5.989697195570027,5.041392685158225,-0.948304510411802,4
8727,6.107564666712068,5.041392685158225,-1.0661719815538424,8
8728,6.081781637548165,5.041392685158225,-1.0403889523899394,3
8729,6.165982656910942,5.041392685158225,-1.1245899717527168,9
8730,6.079208979819298,7.0,0.9207910201807019,2
8731,6.087801135317358,7.0,0.912198864682642,4
8732,6.078243771779257,7.0,0.921756228220743,5
8733,6.020767134801556,7.0,0.9792328651984441,8
8734,6.118045115896481,7.0,0.8819548841035187,3
8735,6.000461722487007,7.0,0.9995382775129933,10
8736,6.153863934798707,7.0,0.8461360652012928,9
8737,6.0912160051789765,7.0,0.9087839948210235,6
8738,6.044725670314591,7.0,0.9552743296854089,1
8739,6.153863934798707,5.998808399880894,-0.1550555349178131,9
8740,6.079208979819298,5.998808399880894,-0.080400579938404,2
8741,6.000461722487007,5.998808399880894,-0.0016533226061126172,10
8742,6.0912160051789765,5.998808399880894,-0.09240760529808245,6
8743,6.087801135317358,5.998808399880894,-0.08899273543646391,4
8744,6.118045115896481,5.998808399880894,-0.11923671601558716,3
8745,6.078243771779257,5.998808399880894,-0.07943537189836292,5
8746,6.044725670314591,5.998808399880894,-0.04591727043369698,1
8747,6.038293839105404,5.998808399880894,-0.03948543922451009,7
8748,5.917321327025245,7.602059991327962,1.6847386643027162,4
8749,5.9120379072637315,7.602059991327962,1.6900220840642302,3
8750,5.844767632363603,7.602059991327962,1.7572923589643583,10
8751,5.869940629363378,7.602059991327962,1.7321193619645836,5
8752,5.899564205618734,7.602059991327962,1.7024957857092273,6
8753,5.939423369971129,7.602059991327962,1.6626366213568327,1
8754,5.878480751335408,7.602059991327962,1.7235792399925538,7
8755,5.858003005487856,7.602059991327962,1.744056985840106,8
8756,5.882994521275307,7.602059991327962,1.7190654700526542,2
8757,6.465290526363649,5.653212513775344,-0.8120780125883051,9
8758,6.335607462655804,5.653212513775344,-0.6823949488804599,1
8759,6.340160914906051,5.653212513775344,-0.6869484011307074,3
8760,6.302668327746774,5.653212513775344,-0.6494558139714304,7
8761,6.337722307356009,5.653212513775344,-0.6845097935806654,8
8762,6.333498181829068,5.653212513775344,-0.6802856680537239,6
8763,6.045003414704311,5.653212513775344,-0.3917909009289673,2
8764,6.329010217517827,5.653212513775344,-0.6757977037424832,10
8765,6.307751295857724,5.653212513775344,-0.6545387820823798,4
8766,5.331074689708582,5.0,-0.3310746897085819,2
8767,5.3594208895775886,5.0,-0.35942088957758855,7
8768,5.372398660176745,5.0,-0.37239866017674483,10
8769,5.326813147112593,5.0,-0.3268131471125928,4
8770,5.453070677804424,5.0,-0.45307067780442356,9
8771,5.373614533739149,5.0,-0.37361453373914877,3
8772,5.359288223231155,5.0,-0.3592882232311547,1
8773,5.376510499786464,5.0,-0.37651049978646434,8
8774,5.331185821208812,5.0,-0.3311858212088117,5
8775,5.631617610470285,4.661812685537261,-0.9698049249330243,8
8776,5.797648215872296,4.661812685537261,-1.1358355303350347,9
8777,5.738529000933298,4.661812685537261,-1.0767163153960366,3
8778,5.623927757908139,4.661812685537261,-0.962115072370878,5
8779,5.722921010433329,4.661812685537261,-1.0611083248960682,2
8780,5.705104187696248,4.661812685537261,-1.0432915021589872,4
8781,5.706522969084254,4.661812685537261,-1.0447102835469932,6
8782,5.727573250392021,4.661812685537261,-1.0657605648547603,1
8783,5.638443613646896,4.661812685537261,-0.9766309281096346,7
8784,5.980339369548614,6.7160033436348,0.7356639740861866,6
8785,6.0094329569687055,6.7160033436348,0.7065703866660948,3
8786,5.930409021145564,6.7160033436348,0.7855943224892368,7
8787,6.057868862250885,6.7160033436348,0.6581344813839154,9
8788,5.955645809118421,6.7160033436348,0.7603575345163796,1
8789,5.917636368522103,6.7160033436348,0.7983669751126969,10
8790,5.981376117745713,6.7160033436348,0.7346272258890876,2
8791,5.900785548375204,6.7160033436348,0.8152177952595965,8
8792,5.985426396735925,6.7160033436348,0.730576946898875,4
8793,6.075418831063185,6.939519252618618,0.8641004215554329,5
8794,5.984575933542131,6.939519252618618,0.9549433190764871,10
8795,6.164543628259394,6.939519252618618,0.7749756243592243,3
8796,6.038542542883146,6.939519252618618,0.9009767097354722,2
8797,6.105180858774592,6.939519252618618,0.8343383938440265,8
8798,6.143624379116317,6.939519252618618,0.7958948735023013,4
8799,6.12985100327748,6.939519252618618,0.8096682493411382,1
8800,6.156704660452416,6.939519252618618,0.7828145921662024,9
8801,5.933846991775486,6.939519252618618,1.0056722608431325,6
8802,5.059425066221619,4.249027052547187,-0.8103980136744324,4
8803,5.231250660413797,4.249027052547187,-0.9822236078666098,2
8804,5.16566795986772,4.249027052547187,-0.9166409073205335,7
8805,5.121067590806015,4.249027052547187,-0.8720405382588279,6
8806,5.139209061647759,4.249027052547187,-0.8901820091005721,8
8807,5.1380379708526815,4.249027052547187,-0.8890109183054946,10
8808,4.944075696359165,4.249027052547187,-0.6950486438119778,5
8809,4.868343100551355,4.249027052547187,-0.6193160480041682,9
8810,5.184116479796415,4.249027052547187,-0.9350894272492285,3
8811,3.547856121073445,1.6334684555795864,-1.9143876654938585,2
8812,3.5960747134507294,1.6334684555795864,-1.962606257871143,6
8813,3.4388528018408704,1.6334684555795864,-1.805384346261284,10
8814,3.7073371974328975,1.6334684555795864,-2.0738687418533113,9
8815,3.6210975283039595,1.6334684555795864,-1.987629072724373,7
8816,3.6612888531965995,1.6334684555795864,-2.0278203976170133,8
8817,3.699544464072797,1.6334684555795864,-2.0660760084932104,5
8818,3.670913884737338,1.6334684555795864,-2.037445429157752,3
8819,3.7169479271685923,1.6334684555795864,-2.0834794715890057,1
8820,3.699544464072797,2.182300499593339,-1.5172439644794582,5
8821,3.5960747134507294,2.182300499593339,-1.4137742138573905,6
8822,3.7169479271685923,2.182300499593339,-1.5346474275752535,1
8823,3.807630883049198,2.182300499593339,-1.625330383455859,4
8824,3.670913884737338,2.182300499593339,-1.4886133851439993,3
8825,3.4388528018408704,2.182300499593339,-1.2565523022475316,10
8826,3.547856121073445,2.182300499593339,-1.3655556214801061,2
8827,3.7073371974328975,2.182300499593339,-1.5250366978395586,9
8828,3.6210975283039595,2.182300499593339,-1.4387970287106207,7
8829,5.282486949427832,4.008600171761918,-1.273886777665914,10
8830,5.572405539830159,4.008600171761918,-1.563805368068241,8
8831,5.553711715469678,4.008600171761918,-1.54511154370776,5
8832,5.648034077713091,4.008600171761918,-1.639433905951173,7
8833,5.514369483250213,4.008600171761918,-1.5057693114882946,6
8834,5.709127259722237,4.008600171761918,-1.7005270879603192,4
8835,5.589439668403991,4.008600171761918,-1.5808394966420733,2
8836,5.469099830063114,4.008600171761918,-1.4604996583011962,3
8837,5.621599344441956,4.008600171761918,-1.6129991726800377,1
8838,5.856863418120387,5.400710636773232,-0.4561527813471553,3
8839,5.855726115567438,5.400710636773232,-0.45501547879420645,6
8840,5.769519888421936,5.400710636773232,-0.36880925164870426,8
8841,5.79838444403409,5.400710636773232,-0.3976738072608583,10
8842,5.938561429535593,5.400710636773232,-0.5378507927623613,4
8843,5.903928550203603,5.400710636773232,-0.5032179134303716,1
8844,5.918903273604666,5.400710636773232,-0.5181926368314347,9
8845,5.889865567557622,5.400710636773232,-0.4891549307843901,2
8846,5.832052632887853,5.400710636773232,-0.43134199611462165,7
8847,6.019189328259979,6.078819183098848,0.05962985483886918,9
8848,5.977026724756656,6.078819183098848,0.1017924583421923,3
8849,5.927172280334938,6.078819183098848,0.15164690276391024,7
8850,5.997106621617454,6.078819183098848,0.08171256148139427,5
8851,5.8786771126122,6.078819183098848,0.20014207048664812,10
8852,6.013722072973217,6.078819183098848,0.06509711012563102,4
8853,5.970219661379625,6.078819183098848,0.10859952171922327,6
8854,5.912698654530926,6.078819183098848,0.16612052856792214,8
8855,5.979694432574603,6.078819183098848,0.09912475052424519,1
8856,5.902096089598874,4.736149402104994,-1.1659466874938804,6
8857,5.886272388636669,4.736149402104994,-1.1501229865316747,5
8858,5.917925025502736,4.736149402104994,-1.1817756233977423,2
8859,5.92769987244771,4.736149402104994,-1.1915504703427162,1
8860,5.9132040397731105,4.736149402104994,-1.1770546376681166,9
8861,5.91485455326485,4.736149402104994,-1.178705151159856,7
8862,5.890416307513052,4.736149402104994,-1.1542669054080577,10
8863,5.844678049356615,4.736149402104994,-1.108528647251621,8
8864,5.928037158471126,4.736149402104994,-1.1918877563661319,3
8865,5.685992341728995,6.0,0.31400765827100496,1
8866,5.750655894632912,6.0,0.24934410536708818,6
8867,5.55064068603048,6.0,0.44935931396952,7
8868,5.7821477693438545,6.0,0.21785223065614545,2
8869,5.696336734228583,6.0,0.30366326577141667,8
8870,5.53595135757383,6.0,0.46404864242617005,10
8871,5.7366635490755025,6.0,0.26333645092449753,9
8872,5.553231373274523,6.0,0.44676862672547735,5
8873,5.76851755198258,6.0,0.23148244801742024,3
8874,5.089244652190862,4.821840927200454,-0.267403724990408,4
8875,5.021708819637943,4.821840927200454,-0.1998678924374886,10
8876,5.103002927455268,4.821840927200454,-0.2811620002548141,1
8877,5.070685590241715,4.821840927200454,-0.24884466304126107,7
8878,5.054854102717364,4.821840927200454,-0.23301317551691003,9
8879,5.144290700411425,4.821840927200454,-0.32244977321097057,3
8880,5.001926505890691,4.821840927200454,-0.1800855786902371,5
8881,5.143464939403366,4.821840927200454,-0.3216240122029115,6
8882,5.147761059455498,4.821840927200454,-0.32592013225504424,8
8883,5.660501410796897,5.648360010980932,-0.01214139981596496,2
8884,5.468611221485059,5.648360010980932,0.17974878949587314,5
8885,5.6519338324842545,5.648360010980932,-0.0035738215033225273,3
8886,5.630677769810085,5.648360010980932,0.017682241170846602,1
8887,5.6071575158076765,5.648360010980932,0.04120249517325547,7
8888,5.623330876099498,5.648360010980932,0.02502913488143399,8
8889,5.575518274449591,5.648360010980932,0.07284173653134118,10
8890,5.554377370060185,5.648360010980932,0.09398264092074715,6
8891,5.540050784883191,5.648360010980932,0.10830922609774074,9
8892,6.100022038801174,6.3979400086720375,0.2979179698708636,9
8893,6.099637397258494,6.3979400086720375,0.2983026114135434,3
8894,6.094144791932543,6.3979400086720375,0.30379521673949483,4
8895,6.079374361686674,6.3979400086720375,0.3185656469853635,2
8896,5.994579261471393,6.3979400086720375,0.40336074720064463,10
8897,6.030291517642768,6.3979400086720375,0.36764849102926966,8
8898,6.001058826991611,6.3979400086720375,0.39688118168042674,1
8899,6.051579883201335,6.3979400086720375,0.34636012547070205,6
8900,6.089655733015373,6.3979400086720375,0.30828427565666416,7
8901,6.217257141611773,7.217483944213907,1.0002268026021337,9
8902,6.093464434567555,7.217483944213907,1.1240195096463514,7
8903,6.122554675520486,7.217483944213907,1.0949292686934209,2
8904,6.105815997645735,7.217483944213907,1.111667946568172,3
8905,6.0907018019700825,7.217483944213907,1.1267821422438242,4
8906,6.0852076597694715,7.217483944213907,1.1322762844444352,10
8907,6.095069573810696,7.217483944213907,1.1224143704032103,8
8908,6.122060952302324,7.217483944213907,1.0954229919115823,1
8909,6.077069820118622,7.217483944213907,1.140414124095285,5
8910,5.895921663056047,5.050147658020303,-0.8457740050357438,2
8911,5.932077559351529,5.050147658020303,-0.8819299013312261,7
8912,5.871170733613573,5.050147658020303,-0.8210230755932697,8
8913,5.934164710370638,5.050147658020303,-0.8840170523503348,6
8914,5.962031746413691,5.050147658020303,-0.9118840883933883,4
8915,5.986793364443249,5.050147658020303,-0.9366457064229463,9
8916,5.914580739049321,5.050147658020303,-0.8644330810290182,5
8917,5.9308553011583145,5.050147658020303,-0.8807076431380114,1
8918,5.939106920588506,5.050147658020303,-0.8889592625682026,10
8919,4.160126684612976,3.959041392321093,-0.2010852922918831,2
8920,4.155089698599037,3.959041392321093,-0.19604830627794367,6
8921,4.15923830008785,3.959041392321093,-0.20019690776675692,5
8922,4.41990348844976,3.959041392321093,-0.46086209612866735,3
8923,4.140705955996372,3.959041392321093,-0.1816645636752794,1
8924,4.159345123554518,3.959041392321093,-0.20030373123342482,7
8925,4.158799652168663,3.959041392321093,-0.19975825984757023,10
8926,4.066909633058456,3.959041392321093,-0.10786824073736323,9
8927,4.159325353667531,3.959041392321093,-0.20028396134643778,4
8928,4.917301779745242,6.477121254719663,1.5598194749744207,9
8929,4.961669508230199,6.477121254719663,1.5154517464894637,1
8930,5.019151925522183,6.477121254719663,1.4579693291974793,2
8931,4.967475772113181,6.477121254719663,1.5096454826064818,7
8932,4.847390200577274,6.477121254719663,1.6297310541423888,6
8933,5.014100419426056,6.477121254719663,1.463020835293607,10
8934,5.161770990517994,6.477121254719663,1.315350264201669,3
8935,4.865802884562355,6.477121254719663,1.6113183701573073,4
8936,4.978499009212662,6.477121254719663,1.4986222455070006,5
8937,6.331860060480344,7.544068044350276,1.2122079838699316,5
8938,6.349443154114178,7.544068044350276,1.1946248902360974,8
8939,6.352746782366008,7.544068044350276,1.1913212619842675,10
8940,6.358353771973217,7.544068044350276,1.1857142723770586,2
8941,6.466505211480901,7.544068044350276,1.0775628328693747,7
8942,6.4835892382955596,7.544068044350276,1.0604788060547161,1
8943,6.351261758270259,7.544068044350276,1.1928062860800166,4
8944,6.354960324543365,7.544068044350276,1.1891077198069109,9
8945,6.350299457265176,7.544068044350276,1.1937685870851,6
8946,5.409198575018165,6.079181246047625,0.6699826710294605,7
8947,5.485390591368474,6.079181246047625,0.5937906546791512,8
8948,5.266799494768815,6.079181246047625,0.8123817512788101,6
8949,5.245027418404038,6.079181246047625,0.8341538276435871,9
8950,5.366418331081206,6.079181246047625,0.7127629149664187,1
8951,5.156804561876574,6.079181246047625,0.9223766841710512,10
8952,5.375968552780438,6.079181246047625,0.7032126932671874,4
8953,5.34867491996721,6.079181246047625,0.7305063260804152,3
8954,5.267023836125347,6.079181246047625,0.8121574099222784,2
8955,5.561732782105281,6.146128035678238,0.5843952535729571,6
8956,5.600704967306736,6.146128035678238,0.5454230683715018,9
8957,5.550679516726388,6.146128035678238,0.5954485189518506,2
8958,5.7001997292024065,6.146128035678238,0.4459283064758317,7
8959,5.710088349572849,6.146128035678238,0.43603968610538946,4
8960,5.782041855266872,6.146128035678238,0.3640861804113662,8
8961,5.371179916784411,6.146128035678238,0.7749481188938274,5
8962,5.671716647574497,6.146128035678238,0.47441138810374106,3
8963,5.694055812242657,6.146128035678238,0.4520722234355814,1
8964,4.965513289859716,5.146128035678238,0.18061474581852188,5
8965,5.097910784975652,5.146128035678238,0.04821725070258598,1
8966,5.023531390497164,5.146128035678238,0.12259664518107449,2
8967,4.978094102043341,5.146128035678238,0.16803393363489683,7
8968,5.065962302938161,5.146128035678238,0.08016573274007754,3
8969,5.258523876782004,5.146128035678238,-0.11239584110376555,9
8970,5.079410879136141,5.146128035678238,0.0667171565420972,4
8971,5.065748691051171,5.146128035678238,0.08037934462706708,10
8972,5.346624058787095,5.146128035678238,-0.2004960231088564,6
8973,5.404797417104103,5.534026106056135,0.12922868895203266,1
8974,5.3841191516088465,5.534026106056135,0.14990695444728885,2
8975,5.553597383018136,5.534026106056135,-0.019571276962000894,9
8976,5.411057850114421,5.534026106056135,0.12296825594171423,3
8977,5.334270420935573,5.534026106056135,0.19975568512056263,7
8978,5.527079956437087,5.534026106056135,0.006946149619047937,6
8979,5.356262606505691,5.534026106056135,0.17776349955044424,8
8980,5.334383447550772,5.534026106056135,0.199642658505363,5
8981,5.374337819762541,5.534026106056135,0.15968828629359422,10
8982,6.4482957805880705,7.434568904034199,0.9862731234461286,10
8983,6.113968301841495,7.434568904034199,1.3206006021927044,4
8984,6.071393700492429,7.434568904034199,1.3631752035417701,8
8985,6.210492823760843,7.434568904034199,1.2240760802733561,1
8986,6.171668397966664,7.434568904034199,1.2629005060675347,6
8987,6.1598990334547805,7.434568904034199,1.2746698705794186,5
8988,6.224530126550668,7.434568904034199,1.2100387774835308,9
8989,6.212724861630038,7.434568904034199,1.221844042404161,7
8990,6.095229780610373,7.434568904034199,1.3393391234238265,2
8991,5.484785013117486,5.826074802700826,0.3412897895833398,5
8992,5.520819697757968,5.826074802700826,0.3052551049428578,9
8993,5.49484540622017,5.826074802700826,0.33122939648065586,7
8994,5.513635893231825,5.826074802700826,0.31243890946900077,2
8995,5.475017927414116,5.826074802700826,0.3510568752867096,10
8996,5.54284096464186,5.826074802700826,0.2832338380589663,1
8997,5.541256506474907,5.826074802700826,0.2848182962259189,3
8998,5.491144203253315,5.826074802700826,0.33493059944751113,8
8999,5.4912343213985455,5.826074802700826,0.3348404813022805,4
9000,5.707376898797245,6.401400540781544,0.6940236419842991,8
9001,5.740124771551071,6.401400540781544,0.6612757692304729,4
9002,5.744641166141412,6.401400540781544,0.6567593746401315,1
9003,5.724529865615791,6.401400540781544,0.6768706751657527,10
9004,5.742052092269323,6.401400540781544,0.6593484485122207,9
9005,5.775370249007984,6.401400540781544,0.6260302917735601,3
9006,5.731925406829463,6.401400540781544,0.6694751339520808,5
9007,5.742484882875145,6.401400540781544,0.658915657906399,7
9008,5.729268247810522,6.401400540781544,0.6721322929710221,6
9009,5.470213727728929,6.079181246047625,0.6089675183186962,3
9010,5.442003308496615,6.079181246047625,0.6371779375510105,7
9011,5.435800115110661,6.079181246047625,0.6433811309369641,5
9012,5.415236772657011,6.079181246047625,0.6639444733906137,4
9013,5.405980942385342,6.079181246047625,0.6732003036622833,10
9014,5.442390628472651,6.079181246047625,0.6367906175749738,8
9015,5.478488624477776,6.079181246047625,0.6006926215698494,1
9016,5.430177834476492,6.079181246047625,0.6490034115711332,6
9017,5.421043555288625,6.079181246047625,0.6581376907590002,9
9018,5.844232743938309,5.021189299069938,-0.8230434448683708,9
9019,5.730075699029509,5.021189299069938,-0.7088863999595709,7
9020,5.782917265619473,5.021189299069938,-0.7617279665495351,1
9021,5.796096098915784,5.021189299069938,-0.7749067998458461,6
9022,5.683769827902109,5.021189299069938,-0.6625805288321711,5
9023,5.800640805918414,5.021189299069938,-0.779451506848476,2
9024,5.755200172919097,5.021189299069938,-0.7340108738491589,3
9025,5.64850701579465,5.021189299069938,-0.6273177167247121,4
9026,5.766110484945064,5.021189299069938,-0.7449211858751257,10
9027,5.404034128116814,5.604118006192035,0.20008387807522077,1
9028,5.4038127053624,5.604118006192035,0.20030530082963516,7
9029,5.404042970761922,5.604118006192035,0.20007503543011307,5
9030,5.540405447932742,5.604118006192035,0.06371255825929278,2
9031,5.404390455772634,5.604118006192035,0.19972755041940093,4
9032,5.509775685774873,5.604118006192035,0.09434232041716228,10
9033,5.374926165905106,5.604118006192035,0.22919184028692907,6
9034,5.403878133480855,5.604118006192035,0.2002398727111796,3
9035,5.422575834499792,5.604118006192035,0.18154217169224296,9
9036,5.726048375825814,4.124504224834283,-1.601544150991531,6
9037,5.73705047844886,4.124504224834283,-1.6125462536145774,2
9038,5.725152897979116,4.124504224834283,-1.6006486731448337,8
9039,5.6985133357390865,4.124504224834283,-1.5740091109048038,4
9040,5.709881134334125,4.124504224834283,-1.5853769094998427,10
9041,5.757607387249797,4.124504224834283,-1.6331031624155141,9
9042,5.705474742236733,4.124504224834283,-1.5809705174024504,5
9043,5.694596648595253,4.124504224834283,-1.5700924237609701,7
9044,5.7609087433414015,4.124504224834283,-1.6364045185071188,1
9045,4.813582546753247,3.5575072019056577,-1.2560753448475896,9
9046,4.817711006035517,3.5575072019056577,-1.2602038041298593,7
9047,4.747978771633885,3.5575072019056577,-1.1904715697282269,3
9048,4.706161773063368,3.5575072019056577,-1.14865457115771,2
9049,4.840803944112171,3.5575072019056577,-1.2832967422065131,6
9050,4.906266060708286,3.5575072019056577,-1.3487588588026282,1
9051,4.815521646961395,3.5575072019056577,-1.2580144450557373,10
9052,4.832420263459305,3.5575072019056577,-1.2749130615536473,4
9053,4.833927484059599,3.5575072019056577,-1.276420282153941,8
9054,4.479603176758638,2.9542425094393248,-1.5253606673193132,1
9055,4.630907060117191,2.9542425094393248,-1.6766645506778661,3
9056,4.638074316628716,2.9542425094393248,-1.683831807189391,8
9057,4.604058126184925,2.9542425094393248,-1.6498156167456002,2
9058,4.876280435795955,2.9542425094393248,-1.9220379263566305,5
9059,4.544120747205496,2.9542425094393248,-1.5898782377661713,7
9060,4.5990721251980595,2.9542425094393248,-1.6448296157587348,9
9061,4.470613153872903,2.9542425094393248,-1.5163706444335783,10
9062,5.261443412123325,2.9542425094393248,-2.307200902684,4
9063,4.141547846191871,3.942008053022313,-0.19953979316955817,2
9064,4.209087080175587,3.942008053022313,-0.26707902715327414,8
9065,4.1817654820712225,3.942008053022313,-0.2397574290489093,9
9066,4.205405251540092,3.942008053022313,-0.26339719851777854,3
9067,4.452481012264885,3.942008053022313,-0.5104729592425716,4
9068,4.141740131016765,3.942008053022313,-0.1997320779944518,7
9069,4.195459055467374,3.942008053022313,-0.25345100244506114,1
9070,4.516035219480161,3.942008053022313,-0.5740271664578476,6
9071,4.141650372276132,3.942008053022313,-0.1996423192538188,10
9072,4.765864259252851,3.5118833609788744,-1.2539808982739764,5
9073,4.788750579164451,3.5118833609788744,-1.2768672181855765,6
9074,4.812557002514777,3.5118833609788744,-1.3006736415359024,4
9075,4.783146059509689,3.5118833609788744,-1.2712626985308146,1
9076,4.813443094012748,3.5118833609788744,-1.3015597330338737,9
9077,4.8239996309022795,3.5118833609788744,-1.312116269923405,10
9078,4.765407590093187,3.5118833609788744,-1.253524229114313,7
9079,4.671547855638664,3.5118833609788744,-1.1596644946597898,2
9080,4.755935256857601,3.5118833609788744,-1.2440518958787266,3
9081,5.357073418579098,6.621974524899735,1.2649011063206368,7
9082,5.4121767862051,6.621974524899735,1.2097977386946352,10
9083,5.442775774399497,6.621974524899735,1.1791987505002384,3
9084,5.404585598573496,6.621974524899735,1.2173889263262394,5
9085,5.443560224105299,6.621974524899735,1.1784143007944357,9
9086,5.431347994889614,6.621974524899735,1.190626530010121,2
9087,5.412304235888856,6.621974524899735,1.2096702890108793,1
9088,5.481909253584997,6.621974524899735,1.1400652713147377,8
9089,5.383308592588006,6.621974524899735,1.2386659323117293,4
9090,5.62320327349871,5.423360578084977,-0.19984269541373312,7
9091,5.623335558043467,5.423360578084977,-0.19997497995849045,6
9092,5.623237467076372,5.423360578084977,-0.19987688899139489,8
9093,5.623568765433704,5.423360578084977,-0.2002081873487267,10
9094,5.623456790505297,5.423360578084977,-0.20009621242031983,1
9095,5.6662444325330386,5.423360578084977,-0.2428838544480616,5
9096,5.660898862281719,5.423360578084977,-0.2375382841967424,9
9097,5.623679117963491,5.423360578084977,-0.20031853987851367,4
9098,5.632583571780674,5.423360578084977,-0.20922299369569686,2
9099,5.506813711344318,5.6776069527204935,0.1707932413761757,4
9100,5.518484304372556,5.6776069527204935,0.1591226483479371,1
9101,5.47760683832918,5.6776069527204935,0.2000001143913135,2
9102,5.477302341740512,5.6776069527204935,0.2003046109799813,7
9103,5.477343298154963,5.6776069527204935,0.2002636545655303,10
9104,5.477647173982225,5.6776069527204935,0.1999597787382683,5
9105,5.4773829892771255,5.6776069527204935,0.200223963443368,6
9106,5.477318409769659,5.6776069527204935,0.20028854295083498,9
9107,5.487670554183324,5.6776069527204935,0.18993639853716981,3
9108,5.800400480924089,6.0,0.19959951907591122,2
9109,5.799956116473542,6.0,0.2000438835264582,8
9110,5.79972854835081,6.0,0.2002714516491899,4
9111,5.800043635657861,6.0,0.19995636434213893,6
9112,5.800202124475526,6.0,0.1997978755244736,3
9113,5.800054263193421,6.0,0.1999457368065789,5
9114,5.8000938630383585,6.0,0.1999061369616415,10
9115,5.799845284558067,6.0,0.20015471544193275,1
9116,5.800019244696409,6.0,0.19998075530359127,7
9117,5.945924899966165,6.146128035678238,0.20020313571207282,2
9118,5.946178734992565,6.146128035678238,0.19994930068567296,6
9119,5.946078667376197,6.146128035678238,0.20004936830204123,10
9120,5.946375998956305,6.146128035678238,0.1997520367219332,9
9121,5.946315046066727,6.146128035678238,0.1998129896115115,4
9122,5.946198903897723,6.146128035678238,0.1999291317805154,7
9123,5.946408509867105,6.146128035678238,0.19971952581113328,8
9124,5.946323705342865,6.146128035678238,0.1998043303353736,5
9125,5.946195071973241,6.146128035678238,0.19993296370499714,3
9126,5.961871821923871,6.161846959528519,0.1999751376046479,5
9127,5.961918775680184,6.161846959528519,0.19992818384833466,1
9128,5.9620231641167,6.161846959528519,0.1998237954118185,3
9129,5.961430601367605,6.161846959528519,0.20041635816091397,10
9130,5.961727879233055,6.161846959528519,0.20011908029546355,6
9131,5.961393364284624,6.161846959528519,0.2004535952438946,4
9132,5.96194817785629,6.161846959528519,0.1998987816722284,7
9133,5.961496447566162,6.161846959528519,0.20035051196235631,2
9134,5.962118541060833,6.161846959528519,0.19972841846768574,8
9135,5.939638453651864,6.079181246047625,0.13954279239576106,5
9136,6.007840328093215,6.079181246047625,0.07134091795441044,3
9137,5.997104139065111,6.079181246047625,0.08207710698251436,2
9138,5.87921983190314,6.079181246047625,0.19996141414448498,9
9139,5.950043003000278,6.079181246047625,0.1291382430473469,1
9140,5.966682881804298,6.079181246047625,0.11249836424332749,4
9141,5.9123563614106125,6.079181246047625,0.16682488463701262,6
9142,5.958502484336972,6.079181246047625,0.1206787617106535,7
9143,5.993667890191871,6.079181246047625,0.08551335585575437,10
9144,4.3676510922970415,3.103803720955957,-1.2638473713410847,3
9145,4.217675724616034,3.103803720955957,-1.1138720036600769,2
9146,4.315795678969898,3.103803720955957,-1.2119919580139409,4
9147,4.8543845220048985,3.103803720955957,-1.7505808010489416,9
9148,4.406639509752158,3.103803720955957,-1.3028357887962012,8
9149,4.329249487458599,3.103803720955957,-1.225445766502642,6
9150,4.299749136569274,3.103803720955957,-1.1959454156133176,7
9151,4.351819849921401,3.103803720955957,-1.248016128965444,5
9152,4.33111712156544,3.103803720955957,-1.2273134006094835,1
9153,7.044194160430347,7.244277120801843,0.2000829603714953,7
9154,7.0443259330308585,7.244277120801843,0.19995118777098408,5
9155,7.044451146296273,7.244277120801843,0.19982597450556927,4
9156,7.044607627635245,7.244277120801843,0.19966949316659743,1
9157,7.044216560255479,7.244277120801843,0.20006056054636367,2
9158,7.044809308214756,7.244277120801843,0.1994678125870868,9
9159,7.044481984062865,7.244277120801843,0.19979513673897742,6
9160,7.044307944003154,7.244277120801843,0.19996917679868886,3
9161,7.044474458795506,7.244277120801843,0.1998026620063369,8
9162,6.320885362518513,7.08278537031645,0.7619000077979372,4
9163,6.335655303046742,7.08278537031645,0.7471300672697074,9
9164,6.190222142569551,7.08278537031645,0.8925632277468987,7
9165,6.344712138666049,7.08278537031645,0.7380732316504011,3
9166,6.163581010951429,7.08278537031645,0.919204359365021,6
9167,6.329885922657462,7.08278537031645,0.7528994476589874,8
9168,6.250135331205555,7.08278537031645,0.8326500391108951,10
9169,6.33398088641316,7.08278537031645,0.7488044839032897,1
9170,6.270774002990694,7.08278537031645,0.8120113673257556,5
9171,5.990101060837582,6.133538908370218,0.14343784753263567,1
9172,6.075995560652808,6.133538908370218,0.05754334771740943,3
9173,5.93331550949231,6.133538908370218,0.20022339887790785,2
9174,6.025055333495455,6.133538908370218,0.10848357487476257,4
9175,5.9336119439098995,6.133538908370218,0.19992696446031832,6
9176,5.98501788600936,6.133538908370218,0.14852102236085774,5
9177,6.043651068705281,6.133538908370218,0.08988783966493674,9
9178,5.933427592215284,6.133538908370218,0.20011131615493394,10
9179,5.933824322437168,6.133538908370218,0.1997145859330498,7
9180,5.695929368258701,6.778151250383644,1.0822218821249425,9
9181,5.695414594313959,6.778151250383644,1.0827366560696845,4
9182,5.771226102248385,6.778151250383644,1.0069251481352586,8
9183,5.473648163050095,6.778151250383644,1.3045030873335488,6
9184,5.489395553989467,6.778151250383644,1.288755696394177,7
9185,5.754907075582209,6.778151250383644,1.0232441748014347,3
9186,5.703139015170891,6.778151250383644,1.0750122352127525,1
9187,5.603327689000882,6.778151250383644,1.1748235613827616,2
9188,5.6463290364011955,6.778151250383644,1.1318222139824483,5
9189,7.044451146296273,7.57978359661681,0.5353324503205368,4
9190,7.044307944003154,7.57978359661681,0.5354756526136564,3
9191,7.044809308214756,7.57978359661681,0.5349742884020543,9
9192,7.044194160430347,7.57978359661681,0.5355894361864628,7
9193,7.044216560255479,7.57978359661681,0.5355670363613312,2
9194,7.044607627635245,7.57978359661681,0.5351759689815649,1
9195,7.044474458795506,7.57978359661681,0.5353091378213044,8
9196,7.044481984062865,7.57978359661681,0.5353016125539449,6
9197,7.0443259330308585,7.57978359661681,0.5354576635859516,5
9198,5.8376734594804125,5.27415784926368,-0.5635156102167329,9
9199,5.844022962980143,5.27415784926368,-0.569865113716463,5
9200,5.894079300279339,5.27415784926368,-0.6199214510156592,4
9201,5.9061110771159635,5.27415784926368,-0.6319532278522839,8
9202,5.739474571450856,5.27415784926368,-0.46531672218717635,10
9203,5.663101364363043,5.27415784926368,-0.3889435150993634,6
9204,5.773298729883382,5.27415784926368,-0.4991408806197022,2
9205,5.686206084589955,5.27415784926368,-0.4120482353262753,7
9206,5.901621322653695,5.27415784926368,-0.6274634733900157,1
9207,5.542332750431131,5.342422680822207,-0.199910069608924,10
9208,5.542106517954688,5.342422680822207,-0.19968383713248095,3
9209,5.542359386550451,5.342422680822207,-0.19993670572824396,5
9210,5.542558423595,5.342422680822207,-0.200135742772793,2
9211,5.542423487232882,5.342422680822207,-0.2000008064106753,8
9212,5.542436696275863,5.342422680822207,-0.2000140154536565,7
9213,5.542520229931886,5.342422680822207,-0.20009754910967903,9
9214,5.542391275594641,5.342422680822207,-0.19996859477243412,6
9215,5.542504805788462,5.342422680822207,-0.20008212496625521,1
9216,5.626063399371529,5.826074802700826,0.200011403329297,2
9217,6.026385526195536,5.826074802700826,-0.20031072349471035,10
9218,5.626093178357255,5.826074802700826,0.1999816243435708,6
9219,5.6264135409873095,5.826074802700826,0.1996612617135165,3
9220,5.625952010702124,5.826074802700826,0.20012279199870164,5
9221,5.6260694844657175,5.826074802700826,0.20000531823510848,4
9222,5.626250470086576,5.826074802700826,0.19982433261425037,9
9223,5.626226189163841,5.826074802700826,0.19984861353698502,8
9224,5.626012900464763,5.826074802700826,0.20006190223606257,1
9225,5.136474593174797,4.359835482339888,-0.7766391108349087,4
9226,5.3267898233100865,4.359835482339888,-0.9669543409701982,9
9227,5.4198061926168135,4.359835482339888,-1.0599707102769251,8
9228,5.366620116651266,4.359835482339888,-1.0067846343113773,2
9229,5.330933799653255,4.359835482339888,-0.9710983173133663,5
9230,5.3752183362468005,4.359835482339888,-1.015382853906912,3
9231,5.369312537026279,4.359835482339888,-1.009477054686391,1
9232,5.145629682141685,4.359835482339888,-0.7857941998017965,7
9233,5.354052355726824,4.359835482339888,-0.9942168733869359,6
9234,6.563519661626774,6.763427993562937,0.19990833193616275,10
9235,6.563682441425771,6.763427993562937,0.19974555213716627,5
9236,6.563499485483495,6.763427993562937,0.1999285080794415,7
9237,6.563450590866347,6.763427993562937,0.19997740269658948,9
9238,6.56334362855252,6.763427993562937,0.20008436501041693,4
9239,6.563423937809734,6.763427993562937,0.2000040557532028,8
9240,6.563379225620067,6.763427993562937,0.20004876794286996,2
9241,6.56346345795967,6.763427993562937,0.1999645356032671,6
9242,6.563216072201054,6.763427993562937,0.20021192136188315,3
9243,5.692754365442789,5.832508912706237,0.13975454726344783,3
9244,5.730390796296829,5.832508912706237,0.10211811640940738,5
9245,5.684963821627915,5.832508912706237,0.1475450910783218,8
9246,5.750694058574353,5.832508912706237,0.08181485413188394,1
9247,5.78251802787397,5.832508912706237,0.049990884832266325,2
9248,5.70751586039291,5.832508912706237,0.12499305231332691,10
9249,5.730933788047531,5.832508912706237,0.101575124658706,7
9250,5.63251813177717,5.832508912706237,0.19999078092906686,9
9251,5.654840062852849,5.832508912706237,0.17766884985338738,6
9252,4.835291866552001,3.871164132802949,-0.9641277337490517,1
9253,4.7847797524924776,3.871164132802949,-0.9136156196895286,2
9254,4.74430923717777,3.871164132802949,-0.8731451043748213,6
9255,4.744013343314768,3.871164132802949,-0.8728492105118195,4
9256,4.743848989770127,3.871164132802949,-0.8726848569671781,8
9257,4.7438660308872755,3.871164132802949,-0.8727018980843266,7
9258,4.744227235334329,3.871164132802949,-0.8730631025313804,3
9259,4.442246381639143,3.871164132802949,-0.5710822488361944,9
9260,4.592967695868046,3.871164132802949,-0.7218035630650967,5
9261,5.387303971198581,5.426023015689876,0.038719044491294596,2
9262,5.45020143319141,5.426023015689876,-0.024178417501533822,1
9263,5.344079636070355,5.426023015689876,0.08194337961952058,10
9264,5.273098596665195,5.426023015689876,0.15292441902468124,3
9265,5.330378338358422,5.426023015689876,0.0956446773314541,6
9266,5.319749351339976,5.426023015689876,0.10627366434990027,7
9267,5.324667267332271,5.426023015689876,0.10135574835760508,8
9268,5.3182256814674105,5.426023015689876,0.1077973342224654,4
9269,5.22575583064952,5.426023015689876,0.20026718504035568,9
9270,7.806395564993062,8.229681842317676,0.423286277324614,10
9271,7.750464680595599,8.229681842317676,0.47921716172207773,5
9272,7.851981570988177,8.229681842317676,0.37770027132949924,1
9273,7.7291671915242794,8.229681842317676,0.5005146507933969,2
9274,7.742071959025142,8.229681842317676,0.4876098832925342,3
9275,7.792368848553212,8.229681842317676,0.437312993764464,4
9276,7.813638843054152,8.229681842317676,0.4160429992635244,9
9277,7.774550882592752,8.229681842317676,0.455130959724924,6
9278,7.763330101705496,8.229681842317676,0.46635174061218,8
9279,7.792368848553212,8.229681842317676,0.437312993764464,4
9280,7.806395564993062,8.229681842317676,0.423286277324614,10
9281,7.851981570988177,8.229681842317676,0.37770027132949924,1
9282,7.774550882592752,8.229681842317676,0.455130959724924,6
9283,7.742071959025142,8.229681842317676,0.4876098832925342,3
9284,7.813638843054152,8.229681842317676,0.4160429992635244,9
9285,7.7291671915242794,8.229681842317676,0.5005146507933969,2
9286,7.750464680595599,8.229681842317676,0.47921716172207773,5
9287,7.763330101705496,8.229681842317676,0.46635174061218,8
9288,6.7939246373496935,8.414973347970818,1.6210487106211247,3
9289,6.823416746667409,8.414973347970818,1.5915566013034095,6
9290,6.812897589407715,8.414973347970818,1.6020757585631031,4
9291,6.833857547097072,8.414973347970818,1.5811158008737465,9
9292,6.805157056978249,8.414973347970818,1.609816290992569,8
9293,6.808182415452059,8.414973347970818,1.6067909325187593,10
9294,7.11891240436954,8.414973347970818,1.2960609436012778,1
9295,6.818497478966702,8.414973347970818,1.5964758690041165,2
9296,6.81573448296256,8.414973347970818,1.5992388650082585,5
9297,4.71490151993391,4.515343893088381,-0.1995576268455297,3
9298,4.71534860966872,4.515343893088381,-0.20000471658033891,4
9299,4.715048520512144,4.515343893088381,-0.19970462742376327,9
9300,4.6451168565538214,4.515343893088381,-0.12977296346544076,10
9301,4.715251832958941,4.515343893088381,-0.19990793987056055,8
9302,4.71563891770475,4.515343893088381,-0.20029502461636906,2
9303,4.715199391741129,4.515343893088381,-0.19985549865274788,7
9304,4.715296025450305,4.515343893088381,-0.19995213236192466,6
9305,4.715442857110474,4.515343893088381,-0.20009896402209293,1
9306,3.0881969783618795,1.6989700043360187,-1.3892269740258607,8
9307,2.8307313190267847,1.6989700043360187,-1.131761314690766,10
9308,2.9135315219047766,1.6989700043360187,-1.2145615175687579,2
9309,3.12456357762332,1.6989700043360187,-1.4255935732873013,1
9310,3.0622870755582468,1.6989700043360187,-1.363317071222228,9
9311,3.017328037080255,1.6989700043360187,-1.3183580327442361,7
9312,3.229337685190837,1.6989700043360187,-1.5303676808548183,4
9313,3.0040781653689197,1.6989700043360187,-1.305108161032901,6
9314,3.1736248607871476,1.6989700043360187,-1.4746548564511288,5
9315,4.631193341834166,4.431363764158987,-0.19982957767517906,8
9316,4.6315145752912255,4.431363764158987,-0.20015081113223854,1
9317,4.604081198263016,4.431363764158987,-0.17271743410402873,5
9318,4.631104487893259,4.431363764158987,-0.19974072373427187,4
9319,4.409775051938462,4.431363764158987,0.02158871222052472,10
9320,4.467099841773135,4.431363764158987,-0.03573607761414799,9
9321,4.631580924373564,4.431363764158987,-0.20021716021457703,2
9322,4.520412834230556,4.431363764158987,-0.08904907007156915,6
9323,4.536465755422045,4.431363764158987,-0.10510199126305775,3
9324,5.427500446182467,5.406540180433956,-0.020960265748510842,10
9325,5.501179686629496,5.406540180433956,-0.09463950619553962,4
9326,5.606799145062066,5.406540180433956,-0.20025896462810966,9
9327,5.501203356628142,5.406540180433956,-0.09466317619418607,1
9328,5.255394955190471,5.406540180433956,0.15114522524348573,3
9329,5.501206577384635,5.406540180433956,-0.09466639695067869,5
9330,5.500824819531412,5.406540180433956,-0.09428463909745588,6
9331,5.501080339832386,5.406540180433956,-0.09454015939842986,7
9332,5.501338664043288,5.406540180433956,-0.09479848360933207,8
9333,5.875179590790708,6.400365273349939,0.5251856825592309,8
9334,5.9802575170785115,6.400365273349939,0.4201077562714275,9
9335,5.896914348718473,6.400365273349939,0.5034509246314656,1
9336,5.892209426209077,6.400365273349939,0.5081558471408618,7
9337,5.885006884189828,6.400365273349939,0.5153583891601112,4
9338,5.872254850553027,6.400365273349939,0.528110422796912,2
9339,5.72184041132907,6.400365273349939,0.6785248620208693,10
9340,5.876108239044015,6.400365273349939,0.5242570343059239,5
9341,5.880385386138639,6.400365273349939,0.5199798872113002,6
9342,5.46200346858136,6.301029995663981,0.8390265270826216,6
9343,5.576695974558945,6.301029995663981,0.7243340211050366,7
9344,5.610485288931305,6.301029995663981,0.690544706732676,9
9345,5.608450042541553,6.301029995663981,0.6925799531224284,4
9346,5.3694383744373315,6.301029995663981,0.9315916212266497,3
9347,5.547057979555714,6.301029995663981,0.7539720161082677,8
9348,5.491285339955972,6.301029995663981,0.809744655708009,5
9349,5.577636388713187,6.301029995663981,0.7233936069507942,1
9350,5.516362820328999,6.301029995663981,0.7846671753349819,2
9351,4.921375529411607,4.845098040014257,-0.07627748939735035,9
9352,4.96928950097773,4.845098040014257,-0.12419146096347333,1
9353,4.957770982559495,4.845098040014257,-0.11267294254523819,4
9354,4.645011267578515,4.845098040014257,0.2000867724357418,10
9355,4.741572127666903,4.845098040014257,0.10352591234735353,6
9356,4.8425059959775245,4.845098040014257,0.0025920440367324105,5
9357,5.01725480458919,4.845098040014257,-0.17215676457493334,7
9358,4.8393360687560385,4.845098040014257,0.0057619712582184235,2
9359,4.695013713373151,4.845098040014257,0.15008432664110583,3
9360,5.140377025104284,3.845098040014257,-1.295278985090027,9
9361,4.751568090780805,3.845098040014257,-0.906470050766548,10
9362,4.946664441039781,3.845098040014257,-1.101566401025524,6
9363,5.050867583772769,3.845098040014257,-1.205769543758512,2
9364,4.98765703260444,3.845098040014257,-1.1425589925901827,5
9365,5.1295445319385,3.845098040014257,-1.2844464919242427,7
9366,5.101521003281131,3.845098040014257,-1.256422963266874,1
9367,5.034012775175315,3.845098040014257,-1.1889147351610578,8
9368,4.924628336209493,3.845098040014257,-1.0795302961952364,3
9369,4.715442857110474,4.845098040014257,0.1296551829037833,1
9370,4.715048520512144,4.845098040014257,0.13004951950211296,9
9371,4.715251832958941,4.845098040014257,0.1298462070553157,8
9372,4.715199391741129,4.845098040014257,0.12989864827312836,7
9373,4.6451168565538214,4.845098040014257,0.19998118346043547,10
9374,4.71490151993391,4.845098040014257,0.13019652008034655,3
9375,4.693893613197737,4.845098040014257,0.1512044268165198,5
9376,4.71563891770475,4.845098040014257,0.12945912230950718,2
9377,4.715296025450305,4.845098040014257,0.12980201456395157,6
9378,5.197735641752667,6.707570176097937,1.50983453434527,8
9379,5.334677876937553,6.707570176097937,1.3728922991603838,4
9380,5.068009321775496,6.707570176097937,1.6395608543224407,5
9381,5.1999897433249345,6.707570176097937,1.5075804327730022,1
9382,4.808971131055744,6.707570176097937,1.898599045042193,10
9383,5.131476720802972,6.707570176097937,1.5760934552949646,6
9384,5.194277005362912,6.707570176097937,1.5132931707350243,9
9385,5.198169816525047,6.707570176097937,1.50940035957289,2
9386,5.098454925854487,6.707570176097937,1.60911525024345,3
9387,5.073756527249052,6.386677283960838,1.3129207567117858,2
9388,4.829802236691196,6.386677283960838,1.5568750472696413,10
9389,5.091432320695759,6.386677283960838,1.2952449632650787,8
9390,5.037734914669867,6.386677283960838,1.3489423692909703,9
9391,5.156584719518682,6.386677283960838,1.230092564442156,7
9392,5.175221103407249,6.386677283960838,1.211456180553589,6
9393,5.124739164959498,6.386677283960838,1.2619381190013392,4
9394,4.910118115175583,6.386677283960838,1.476559168785255,3
9395,5.06652117212778,6.386677283960838,1.3201561118330574,5
9396,5.578183341838129,5.664641975556125,0.08645863371799667,4
9397,5.641825236605872,5.664641975556125,0.0228167389502536,1
9398,5.549334894298257,5.664641975556125,0.11530708125786848,6
9399,5.589625448962639,5.664641975556125,0.0750165265934859,9
9400,5.693084852342916,5.664641975556125,-0.028442876786790805,2
9401,5.603429167591867,5.664641975556125,0.06121280796425843,8
9402,5.60761674352041,5.664641975556125,0.05702523203571541,5
9403,5.521803588464747,5.664641975556125,0.14283838709137786,3
9404,5.620702814314484,5.664641975556125,0.04393916124164132,7
9405,4.9150308574659505,4.342225229360791,-0.5728056281051597,7
9406,4.697473394430949,4.342225229360791,-0.355248165070158,10
9407,4.8543859998219006,4.342225229360791,-0.5121607704611097,3
9408,4.8699693943202975,4.342225229360791,-0.5277441649595067,2
9409,5.081768392037419,4.342225229360791,-0.739543162676628,1
9410,4.7649614427538705,4.342225229360791,-0.42273621339307965,5
9411,4.633454141862195,4.342225229360791,-0.2912289125014045,6
9412,5.054170452228674,4.342225229360791,-0.7119452228678833,4
9413,5.402288691186709,4.342225229360791,-1.0600634618259184,8
9414,4.9441147923090725,5.672097857935717,0.7279830656266446,5
9415,4.961830645739865,5.672097857935717,0.710267212195852,8
9416,4.83920875224866,5.672097857935717,0.8328891056870571,6
9417,5.058675941744536,5.672097857935717,0.6134219161911814,4
9418,5.021967831299988,5.672097857935717,0.650130026635729,1
9419,4.651411218155944,5.672097857935717,1.0206866397797727,10
9420,5.098132735445588,5.672097857935717,0.5739651224901294,7
9421,4.968304121890748,5.672097857935717,0.7037937360449691,9
9422,4.814468508643406,5.672097857935717,0.8576293492923108,3
9423,3.591670069928747,3.083502619830268,-0.5081674500984787,8
9424,3.559078337400445,3.083502619830268,-0.4755757175701767,7
9425,3.562327823672337,3.083502619830268,-0.4788252038420686,9
9426,3.6807905540540684,3.083502619830268,-0.5972879342238002,4
9427,3.441583583609999,3.083502619830268,-0.35808096377973087,2
9428,3.5735378686592707,3.083502619830268,-0.4900352488290025,3
9429,3.3517687346493643,3.083502619830268,-0.2682661148190961,10
9430,3.6383281498671103,3.083502619830268,-0.5548255300368421,1
9431,3.5012143479584985,3.083502619830268,-0.4177117281282303,6
9432,4.046159483849172,3.3014640731433,-0.7446954107058716,4
9433,3.9051655039761206,3.3014640731433,-0.6037014308328206,2
9434,3.9278059469994098,3.3014640731433,-0.6263418738561097,9
9435,3.736971158110543,3.3014640731433,-0.4355070849672429,3
9436,3.7443783639617645,3.3014640731433,-0.44291429081846445,6
9437,3.880578376953525,3.3014640731433,-0.5791143038102251,5
9438,3.7275401519797056,3.3014640731433,-0.4260760788364055,10
9439,3.705731524588928,3.3014640731433,-0.4042674514456279,8
9440,4.108709316357649,3.3014640731433,-0.8072452432143487,1
9441,5.923561123914996,5.987634987448437,0.0640738635334408,9
9442,5.869255488424913,5.987634987448437,0.11837949902352385,5
9443,5.916018925861337,5.987634987448437,0.07161606158709954,4
9444,5.862053767461914,5.987634987448437,0.12558121998652272,8
9445,5.915774374685088,5.987634987448437,0.07186061276334854,6
9446,5.911462698154758,5.987634987448437,0.07617228929367847,7
9447,5.875834362324282,5.987634987448437,0.11180062512415478,10
9448,5.868856039624458,5.987634987448437,0.11877894782397913,1
9449,5.808434088896483,5.987634987448437,0.17920089855195354,3
9450,6.3062567081156455,6.506505032404872,0.2002483242892268,4
9451,6.306842413191304,6.506505032404872,0.19966261921356843,2
9452,6.306792813769181,6.506505032404872,0.19971221863569166,7
9453,6.306687098890666,6.506505032404872,0.19981793351420674,3
9454,6.306513218866265,6.506505032404872,0.19999181353860696,10
9455,6.306257866580794,6.506505032404872,0.2002471658240781,5
9456,6.306022465677392,6.506505032404872,0.2004825667274801,8
9457,6.306690283027313,6.506505032404872,0.19981474937755905,6
9458,6.3066879056846465,6.506505032404872,0.19981712672022578,9
9459,6.1441955190716895,6.068185861746161,-0.07600965732552822,3
9460,6.15168764724721,6.068185861746161,-0.08350178550104914,1
9461,6.206067390801552,6.068185861746161,-0.13788152905539075,5
9462,6.226825546597606,6.068185861746161,-0.15863968485144486,6
9463,6.203576278918052,6.068185861746161,-0.13539041717189093,7
9464,6.1691358903223215,6.068185861746161,-0.1009500285761602,8
9465,6.180979610012907,6.068185861746161,-0.11279374826674538,9
9466,6.099390895788436,6.068185861746161,-0.031205034042274704,2
9467,6.180236513733368,6.068185861746161,-0.11205065198720643,4
9468,5.709035271766873,5.509202522331103,-0.19983274943577012,3
9469,5.726550013074511,5.509202522331103,-0.21734749074340787,9
9470,5.708924887351189,5.509202522331103,-0.19972236502008567,2
9471,5.7112852878922045,5.509202522331103,-0.2020827655611015,4
9472,5.708917705867667,5.509202522331103,-0.19971518353656403,1
9473,5.727172284089733,5.509202522331103,-0.2179697617586296,8
9474,5.708912703845557,5.509202522331103,-0.19971018151445374,10
9475,5.708771652855173,5.509202522331103,-0.1995691305240701,5
9476,5.752832063578115,5.509202522331103,-0.24362954124701197,6
9477,5.873019401618389,5.673020907128897,-0.1999984944894928,4
9478,5.742240063415677,5.673020907128897,-0.06921915628678033,2
9479,5.762045174732139,5.673020907128897,-0.089024267603242,1
9480,5.738687255536017,5.673020907128897,-0.06566634840712027,10
9481,5.8358940583092345,5.673020907128897,-0.16287315118033785,8
9482,5.785731876346887,5.673020907128897,-0.11271096921799018,9
9483,5.515383357981495,5.673020907128897,0.15763754914740158,6
9484,5.814545896525639,5.673020907128897,-0.14152498939674274,7
9485,5.781354416364911,5.673020907128897,-0.10833350923601426,3
9486,5.823304359394404,5.892094602690481,0.06879024329607653,10
9487,5.858131267574846,5.892094602690481,0.03396333511563476,8
9488,5.854633725545638,5.892094602690481,0.037460877144842364,1
9489,5.9562486095904275,5.892094602690481,-0.06415400689994666,7
9490,5.83957941682651,5.892094602690481,0.05251518586397097,2
9491,5.866069343715474,5.892094602690481,0.026025258975006516,3
9492,5.871273458497157,5.892094602690481,0.020821144193323704,4
9493,5.863588144733621,5.892094602690481,0.02850645795686013,9
9494,5.866686629580212,5.892094602690481,0.02540797311026921,5
9495,5.872765485109323,5.673020907128897,-0.1997445779804261,2
9496,5.873540564938484,5.673020907128897,-0.20051965780958714,3
9497,5.873165129941751,5.673020907128897,-0.20014422281285427,10
9498,5.872960396836704,5.673020907128897,-0.19993948970780728,4
9499,5.872671988528831,5.673020907128897,-0.19965108139993415,8
9500,5.872781831636701,5.673020907128897,-0.19976092450780403,1
9501,5.8729612103605096,5.673020907128897,-0.19994030323161294,9
9502,5.872855920207155,5.673020907128897,-0.19983501307825868,5
9503,5.87288493514964,5.673020907128897,-0.19986402802074377,7
9504,6.0071042937987,6.207095540419218,0.1999912466205176,3
9505,6.00676253766254,6.207095540419218,0.2003330027566772,5
9506,6.0074628784964625,6.207095540419218,0.19963266192275508,2
9507,6.007276214147945,6.207095540419218,0.19981932627127286,9
9508,6.0067292184929,6.207095540419218,0.20036632192631743,4
9509,5.994473233173725,6.207095540419218,0.2126223072454927,8
9510,6.007280165157728,6.207095540419218,0.19981537526148951,1
9511,6.006972857088644,6.207095540419218,0.20012268333057381,6
9512,6.006800296220396,6.207095540419218,0.20029524419882172,7
9513,5.402797316432483,4.176091259055681,-1.226706057376802,6
9514,5.503066827440703,4.176091259055681,-1.3269755683850217,2
9515,5.419280458450903,4.176091259055681,-1.2431891993952213,7
9516,5.642056961481128,4.176091259055681,-1.4659657024254464,1
9517,5.406082799986745,4.176091259055681,-1.2299915409310636,10
9518,5.498081047533161,4.176091259055681,-1.32198978847748,9
9519,5.5219209084199,4.176091259055681,-1.3458296493642186,5
9520,5.472012451214809,4.176091259055681,-1.2959211921591276,8
9521,5.391569809984419,4.176091259055681,-1.2154785509287374,3
9522,6.169326085894808,5.146128035678238,-1.0231980502165694,5
9523,6.15599677190787,5.146128035678238,-1.009868736229632,2
9524,6.1577636780044065,5.146128035678238,-1.0116356423261683,8
9525,6.139112873695288,5.146128035678238,-0.9929848380170494,6
9526,6.08609949920694,5.146128035678238,-0.9399714635287015,10
9527,6.152008975188562,5.146128035678238,-1.005880939510324,9
9528,6.19566884852145,5.146128035678238,-1.0495408128432118,1
9529,6.14310433109994,5.146128035678238,-0.9969762954217014,3
9530,6.139679226884009,5.146128035678238,-0.9935511912057704,7
9531,5.910312725610636,6.533517862016968,0.623205136406332,7
9532,5.952560074516443,6.533517862016968,0.580957787500525,1
9533,5.906343806325023,6.533517862016968,0.6271740556919445,2
9534,5.785722936050997,6.533517862016968,0.7477949259659704,6
9535,5.89986010887513,6.533517862016968,0.6336577531418381,5
9536,5.893647580697725,6.533517862016968,0.6398702813192427,3
9537,5.854576170473122,6.533517862016968,0.6789416915438462,8
9538,5.9238300103869825,6.533517862016968,0.6096878516299853,10
9539,5.945789715720684,6.533517862016968,0.5877281462962838,4
9540,5.337822679712688,4.4623979978989565,-0.8754246818137315,4
9541,4.662445783696613,4.4623979978989565,-0.2000477857976568,3
9542,4.683145556851572,4.4623979978989565,-0.2207475589526151,10
9543,4.7227707265320555,4.4623979978989565,-0.260372728633099,7
9544,4.72119327827121,4.4623979978989565,-0.2587952803722535,2
9545,4.812011083566524,4.4623979978989565,-0.3496130856675679,1
9546,4.662206603624596,4.4623979978989565,-0.1998086057256394,5
9547,4.669874805337548,4.4623979978989565,-0.20747680743859132,6
9548,4.6873841454430005,4.4623979978989565,-0.224986147544044,8
9549,6.293623534114651,5.0,-1.2936235341146514,1
9550,6.203752896433415,5.0,-1.2037528964334152,4
9551,6.2757930286522985,5.0,-1.2757930286522985,9
9552,6.22213665180948,5.0,-1.22213665180948,2
9553,6.302162472354408,5.0,-1.302162472354408,10
9554,6.31236642998318,5.0,-1.3123664299831796,6
9555,6.244181835537076,5.0,-1.2441818355370762,5
9556,6.141198994559866,5.0,-1.1411989945598657,7
9557,6.189987716906035,5.0,-1.1899877169060353,8
9558,6.218217662692186,6.152288344383057,-0.06592931830912896,9
9559,6.14123711821976,6.152288344383057,0.011051226163297123,10
9560,6.206315171912825,6.152288344383057,-0.05402682752976862,2
9561,6.204748444590985,6.152288344383057,-0.05246010020792813,5
9562,6.194860044963992,6.152288344383057,-0.04257170058093518,3
9563,6.2001224218292466,6.152288344383057,-0.04783407744618984,4
9564,6.031952967255694,6.152288344383057,0.12033537712736297,7
9565,6.21875805268974,6.152288344383057,-0.0664697083066832,1
9566,6.073611671604528,6.152288344383057,0.07867667277852863,6
9567,5.7570863312087655,5.238522812218293,-0.5185635189904723,3
9568,5.839827868717573,5.238522812218293,-0.6013050564992799,1
9569,5.787543863130675,5.238522812218293,-0.5490210509123816,8
9570,5.717404293521411,5.238522812218293,-0.4788814813031177,7
9571,5.787245689320209,5.238522812218293,-0.5487228771019161,2
9572,5.810453073371676,5.238522812218293,-0.5719302611533825,9
9573,5.671553237155357,5.238522812218293,-0.4330304249370638,10
9574,5.839729961656629,5.238522812218293,-0.601207149438336,5
9575,5.839680622156075,5.238522812218293,-0.6011578099377815,4
9576,5.787543863130675,5.639486489268586,-0.1480573738620885,8
9577,5.787245689320209,5.639486489268586,-0.14775920005162302,2
9578,5.839680622156075,5.639486489268586,-0.20019413288748833,4
9579,5.762128595633431,5.639486489268586,-0.12264210636484485,6
9580,5.839827868717573,5.639486489268586,-0.20034137944898678,1
9581,5.7570863312087655,5.639486489268586,-0.11759984194017914,3
9582,5.839729961656629,5.639486489268586,-0.20024347238804285,5
9583,5.810453073371676,5.639486489268586,-0.1709665841030894,9
9584,5.717404293521411,5.639486489268586,-0.07791780425282457,7
9585,5.918362219210182,5.672097857935717,-0.2462643612744646,8
9586,6.02002493511244,5.672097857935717,-0.3479270771767231,4
9587,5.972256259427151,5.672097857935717,-0.3001584014914336,9
9588,5.953503476167174,5.672097857935717,-0.2814056182314566,2
9589,6.020051305818728,5.672097857935717,-0.3479534478830111,1
9590,5.940870595483227,5.672097857935717,-0.2687727375475095,3
9591,5.955547127161682,5.672097857935717,-0.28344926922596514,6
9592,5.9421107902587575,5.672097857935717,-0.27001293232304047,10
9593,5.998460581294026,5.672097857935717,-0.32636272335830885,5
9594,6.027695575563351,6.176091259055681,0.14839568349233012,4
9595,5.9760066664395355,6.176091259055681,0.20008459261614586,7
9596,6.007606708330309,6.176091259055681,0.16848455072537227,1
9597,5.975820138312357,6.176091259055681,0.20027112074332454,2
9598,5.976021400018372,6.176091259055681,0.20006985903730978,3
9599,5.934325542953776,6.176091259055681,0.24176571610190578,10
9600,6.014066023153033,6.176091259055681,0.1620252359026484,9
9601,5.976063061500157,6.176091259055681,0.20002819755552448,5
9602,5.976326336864594,6.176091259055681,0.1997649221910871,6
9603,5.555108651548405,5.774838005983815,0.21972935443540997,7
9604,5.390509277523676,5.774838005983815,0.3843287284601393,9
9605,5.5058144230609045,5.774838005983815,0.2690235829229106,8
9606,5.574561645175434,5.774838005983815,0.20027636080838107,4
9607,5.611420218228802,5.774838005983815,0.16341778775501314,1
9608,5.571916315655489,5.774838005983815,0.20292169032832597,10
9609,5.5751307321433385,5.774838005983815,0.1997072738404766,3
9610,5.574774041191392,5.774838005983815,0.20006396479242294,2
9611,5.574790133131508,5.774838005983815,0.2000478728523074,5
9612,5.649413874911466,4.681241237375588,-0.9681726375358783,10
9613,5.718142960765609,4.681241237375588,-1.036901723390021,1
9614,5.69043352202113,4.681241237375588,-1.0091922846455423,7
9615,5.660092294074916,4.681241237375588,-0.9788510566993285,8
9616,5.629834401884516,4.681241237375588,-0.948593164508928,6
9617,5.664676380103549,4.681241237375588,-0.9834351427279611,9
9618,5.672381081399318,4.681241237375588,-0.9911398440237305,3
9619,5.703956416069095,4.681241237375588,-1.0227151786935078,4
9620,5.683081655548144,4.681241237375588,-1.0018404181725566,5
9621,5.79630651871988,4.017033339298781,-1.7792731794210992,10
9622,5.889680963274897,4.017033339298781,-1.8726476239761167,5
9623,5.871932767357076,4.017033339298781,-1.854899428058295,3
9624,5.8637097731188454,4.017033339298781,-1.8466764338200647,9
9625,5.848190997753052,4.017033339298781,-1.8311576584542717,7
9626,5.873586413154801,4.017033339298781,-1.8565530738560199,4
9627,5.8315398272657095,4.017033339298781,-1.8145064879669288,6
9628,5.877140543987731,4.017033339298781,-1.8601072046889504,1
9629,5.859946534060711,4.017033339298781,-1.8429131947619304,2
9630,5.5363371685744935,6.123165370902919,0.5868282023284257,5
9631,5.536414973896849,6.123165370902919,0.5867503970060701,9
9632,5.553825958592793,6.123165370902919,0.5693394123101259,1
9633,5.512610226550545,6.123165370902919,0.6105551443523742,6
9634,5.536124563508242,6.123165370902919,0.5870408073946773,3
9635,5.536214563434934,6.123165370902919,0.5869508074679857,4
9636,5.519707897474187,6.123165370902919,0.6034574734287323,2
9637,5.536644860574853,6.123165370902919,0.5865205103280662,10
9638,5.57484702622226,6.123165370902919,0.5483183446806592,7
9639,5.832052632887853,6.835500327867319,1.0034476949794655,7
9640,5.903928550203603,6.835500327867319,0.9315717776637156,1
9641,5.918903273604666,6.835500327867319,0.9165970542626525,9
9642,5.889865567557622,6.835500327867319,0.9456347603096971,2
9643,5.856863418120387,6.835500327867319,0.9786369097469318,3
9644,5.863450926557244,6.835500327867319,0.9720494013100751,5
9645,5.855726115567438,6.835500327867319,0.9797742122998807,6
9646,5.769519888421936,6.835500327867319,1.065980439445383,8
9647,5.938561429535593,6.835500327867319,0.8969388983317259,4
9648,5.977026724756656,6.078819183098848,0.1017924583421923,3
9649,5.997106621617454,6.078819183098848,0.08171256148139427,5
9650,5.927172280334938,6.078819183098848,0.15164690276391024,7
9651,6.019189328259979,6.078819183098848,0.05962985483886918,9
9652,5.8786771126122,6.078819183098848,0.20014207048664812,10
9653,5.979568824753632,6.078819183098848,0.09925035834521623,2
9654,5.970219661379625,6.078819183098848,0.10859952171922327,6
9655,6.013722072973217,6.078819183098848,0.06509711012563102,4
9656,5.979694432574603,6.078819183098848,0.09912475052424519,1
9657,4.513373394307254,3.633468455579586,-0.8799049387276678,9
9658,4.747710981845984,3.633468455579586,-1.1142425262663975,10
9659,4.478920082476073,3.633468455579586,-0.8454516268964865,6
9660,4.805318262973705,3.633468455579586,-1.1718498073941186,1
9661,4.809017933331545,3.633468455579586,-1.175549477751959,2
9662,4.6044033866289595,3.633468455579586,-0.9709349310493733,8
9663,4.700070127439801,3.633468455579586,-1.066601671860215,3
9664,4.790661360675981,3.633468455579586,-1.1571929050963945,7
9665,4.684358672972743,3.633468455579586,-1.0508902173931567,4
9666,5.391569809984419,6.278753600952829,0.8871837909684102,3
9667,5.621008116752953,6.278753600952829,0.657745484199876,4
9668,5.498081047533161,6.278753600952829,0.7806725534196675,9
9669,5.419280458450903,6.278753600952829,0.8594731425019262,7
9670,5.472012451214809,6.278753600952829,0.8067411497380199,8
9671,5.503066827440703,6.278753600952829,0.7756867735121258,2
9672,5.5219209084199,6.278753600952829,0.756832692532929,5
9673,5.642056961481128,6.278753600952829,0.6366966394717011,1
9674,5.406082799986745,6.278753600952829,0.872670800966084,10
9675,5.621008116752953,3.819872821950546,-1.8011352948024069,4
9676,5.391569809984419,3.819872821950546,-1.5716969880338727,3
9677,5.406082799986745,3.819872821950546,-1.586209978036199,10
9678,5.503066827440703,3.819872821950546,-1.683194005490157,2
9679,5.402797316432483,3.819872821950546,-1.5829244944819374,6
9680,5.419280458450903,3.819872821950546,-1.5994076365003567,7
9681,5.5219209084199,3.819872821950546,-1.702048086469354,5
9682,5.498081047533161,3.819872821950546,-1.6782082255826154,9
9683,5.472012451214809,3.819872821950546,-1.652139629264263,8
9684,5.978880409664056,6.32221929473392,0.34333888506986465,1
9685,5.915407116556119,6.32221929473392,0.4068121781778018,7
9686,5.99096690523228,6.32221929473392,0.3312523895016408,4
9687,5.973761199362934,6.32221929473392,0.3484580953709866,6
9688,5.937591820885521,6.32221929473392,0.3846274738483997,9
9689,5.935057046815171,6.32221929473392,0.38716224791874954,3
9690,5.926091963119799,6.32221929473392,0.39612733161412184,5
9691,6.005641817528056,6.32221929473392,0.3165774772058647,2
9692,5.94054192315875,6.32221929473392,0.38167737157517045,8
9693,5.937589994945139,5.737272176535544,-0.2003178184095944,4
9694,5.930658284751191,5.737272176535544,-0.1933861082156465,1
9695,5.893160045768122,5.737272176535544,-0.15588786923257736,2
9696,5.851176599314497,5.737272176535544,-0.11390442277895296,9
9697,5.912595835133211,5.737272176535544,-0.17532365859766674,7
9698,5.885351541206539,5.737272176535544,-0.1480793646709948,3
9699,5.872713482563441,5.737272176535544,-0.1354413060278965,6
9700,5.887735153890989,5.737272176535544,-0.15046297735544467,10
9701,5.889180748614015,5.737272176535544,-0.15190857207847053,5
9702,5.786644002487159,3.886490725172482,-1.900153277314677,3
9703,5.776373959791498,3.886490725172482,-1.8898832346190164,5
9704,5.770490784794774,3.886490725172482,-1.884000059622292,10
9705,5.773011884069867,3.886490725172482,-1.8865211588973856,2
9706,5.812195636718041,3.886490725172482,-1.9257049115455591,7
9707,5.75809482636785,3.886490725172482,-1.8716041011953686,6
9708,5.749875587538161,3.886490725172482,-1.8633848623656788,8
9709,5.714939211026456,3.886490725172482,-1.8284484858539742,9
9710,5.7959249133824375,3.886490725172482,-1.9094341882099557,4
9711,5.189434104653987,5.797267540830717,0.6078334361767297,1
9712,4.988526310429837,5.797267540830717,0.8087412304008801,9
9713,4.805663334846067,5.797267540830717,0.9916042059846495,8
9714,5.329874072649563,5.797267540830717,0.4673934681811538,2
9715,5.594662434790054,5.797267540830717,0.20260510604066262,10
9716,5.39102858985126,5.797267540830717,0.40623895097945706,3
9717,5.353333251495273,5.797267540830717,0.4439342893354441,7
9718,5.183047695639131,5.797267540830717,0.6142198451915855,4
9719,5.293082323920302,5.797267540830717,0.5041852169104146,5
9720,5.7403833343373725,5.371067862271736,-0.36931547206563664,8
9721,5.841111124070943,5.371067862271736,-0.47004326179920675,10
9722,5.841575961408286,5.371067862271736,-0.47050809913655023,7
9723,5.789596177799098,5.371067862271736,-0.4185283155273618,9
9724,5.837393859719766,5.371067862271736,-0.46632599744803027,3
9725,5.832690270106416,5.371067862271736,-0.46162240783468,2
9726,5.84154921834749,5.371067862271736,-0.47048135607575414,1
9727,5.841538298669341,5.371067862271736,-0.4704704363976049,4
9728,5.8416492763634045,5.371067862271736,-0.47058141409166865,5
9729,5.732278538243985,5.647715410691554,-0.084563127552431,1
9730,5.650817750359475,5.647715410691554,-0.003102339667920617,3
9731,5.672232078788134,5.647715410691554,-0.02451666809658004,2
9732,5.620486267698069,5.647715410691554,0.027229142993485667,10
9733,5.629783390594476,5.647715410691554,0.017932020097078727,9
9734,5.689575091300432,5.647715410691554,-0.04185968060887735,5
9735,5.682704560091241,5.647715410691554,-0.03498914939968678,7
9736,5.70138889865148,5.647715410691554,-0.05367348795992566,4
9737,5.641514353496225,5.647715410691554,0.006201057195329263,6
9738,5.951556908541144,4.872738827472669,-1.0788180810684747,1
9739,5.624559670621654,4.872738827472669,-0.7518208431489848,6
9740,5.73828699235096,4.872738827472669,-0.865548164878291,5
9741,5.693292214333358,4.872738827472669,-0.8205533868606887,3
9742,5.701676810094225,4.872738827472669,-0.8289379826215555,4
9743,5.549513187296432,4.872738827472669,-0.6767743598237628,9
9744,5.718704043062181,4.872738827472669,-0.8459652155895121,2
9745,5.464604710706686,4.872738827472669,-0.5918658832340169,8
9746,5.577815899547898,4.872738827472669,-0.7050770720752286,7
9747,5.824128682321351,7.332438459915605,1.5083097775942536,10
9748,5.870937283757112,7.332438459915605,1.4615011761584933,6
9749,5.886200390951671,7.332438459915605,1.4462380689639343,9
9750,5.795511834247845,7.332438459915605,1.5369266256677596,7
9751,5.972737160964433,7.332438459915605,1.3597012989511716,3
9752,5.776290190761295,7.332438459915605,1.5561482691543098,5
9753,5.952859706243701,7.332438459915605,1.379578753671904,2
9754,5.964098021498733,7.332438459915605,1.3683404384168716,8
9755,5.877520904458581,7.332438459915605,1.4549175554570235,1
9756,4.095391241948986,3.096910013008056,-0.9984812289409306,1
9757,4.1369336080609145,3.096910013008056,-1.0400235950528587,4
9758,4.185875468540877,3.096910013008056,-1.0889654555328216,8
9759,4.160734145309048,3.096910013008056,-1.0638241323009923,2
9760,3.9196915694379095,3.096910013008056,-0.8227815564298537,7
9761,4.059768122562299,3.096910013008056,-0.9628581095542432,5
9762,4.098007560536924,3.096910013008056,-1.0010975475288686,9
9763,4.156715312323735,3.096910013008056,-1.0598052993156792,3
9764,4.00784720084654,3.096910013008056,-0.9109371878384844,10
9765,5.976492553699413,5.146128035678238,-0.8303645180211747,1
9766,6.033306047592762,5.146128035678238,-0.8871780119145241,9
9767,5.858523151002784,5.146128035678238,-0.7123951153245462,7
9768,6.052408565297308,5.146128035678238,-0.9062805296190701,4
9769,5.9598463338730525,5.146128035678238,-0.8137182981948143,5
9770,6.065703604843296,5.146128035678238,-0.9195755691650582,2
9771,6.050175301935687,5.146128035678238,-0.9040472662574492,8
9772,5.8491611121906,5.146128035678238,-0.7030330765123622,10
9773,6.096360153695003,5.146128035678238,-0.950232118016765,3
9774,5.795738555597697,7.4271224218663345,1.6313838662686377,7
9775,5.9405775903575755,7.4271224218663345,1.486544831508759,8
9776,5.943075975158633,7.4271224218663345,1.4840464467077013,2
9777,5.963785884257194,7.4271224218663345,1.4633365376091403,6
9778,5.913327094885755,7.4271224218663345,1.5137953269805795,1
9779,5.938446285598302,7.4271224218663345,1.4886761362680323,4
9780,5.894823141749157,7.4271224218663345,1.5322992801171775,9
9781,5.808364571384594,7.4271224218663345,1.6187578504817406,5
9782,5.9565190767806735,7.4271224218663345,1.470603345085661,3
9783,5.76851755198258,5.0,-0.7685175519825798,3
9784,5.53595135757383,5.0,-0.53595135757383,10
9785,5.69748269753414,5.0,-0.6974826975341397,4
9786,5.55064068603048,5.0,-0.55064068603048,7
9787,5.685992341728995,5.0,-0.685992341728995,1
9788,5.553231373274523,5.0,-0.5532313732745227,5
9789,5.750655894632912,5.0,-0.7506558946329118,6
9790,5.7366635490755025,5.0,-0.7366635490755025,9
9791,5.696336734228583,5.0,-0.6963367342285833,8
9792,5.9004997721964685,7.860936620700094,1.9604368485036252,7
9793,6.0604307963666,7.860936620700094,1.8005058243334933,5
9794,6.15447715361421,7.860936620700094,1.7064594670858835,9
9795,6.204655967678478,7.860936620700094,1.656280653021616,3
9796,6.137436415361793,7.860936620700094,1.7235002053383006,1
9797,6.085809041073702,7.860936620700094,1.7751275796263917,2
9798,6.169165859230174,7.860936620700094,1.69177076146992,4
9799,5.991965217790513,7.860936620700094,1.8689714029095805,10
9800,6.163272325528484,7.860936620700094,1.6976642951716094,8
9801,5.749348205462221,5.174931593528442,-0.5744166119337786,2
9802,5.675708036264755,5.174931593528442,-0.5007764427363126,4
9803,5.766932147925654,5.174931593528442,-0.5920005543972113,6
9804,5.390265045402816,5.174931593528442,-0.2153334518743737,10
9805,5.459800079656916,5.174931593528442,-0.2848684861284738,5
9806,5.618814884868618,5.174931593528442,-0.44388329134017557,1
9807,5.717343259557669,5.174931593528442,-0.5424116660292269,8
9808,5.41583377184266,5.174931593528442,-0.24090217831421779,7
9809,5.65147483903813,5.174931593528442,-0.47654324550968763,9
9810,6.63145422035532,8.09642333059527,1.4649691102399496,8
9811,6.647735390311854,8.09642333059527,1.448687940283416,6
9812,6.679393330447054,8.09642333059527,1.4170300001482161,2
9813,6.591945896100785,8.09642333059527,1.5044774344944853,9
9814,6.4100084146808705,8.09642333059527,1.6864149159143995,10
9815,6.656426571959095,8.09642333059527,1.439996758636175,1
9816,6.6048335930882685,8.09642333059527,1.4915897375070015,4
9817,6.52625759846236,8.09642333059527,1.57016573213291,7
9818,6.635252328258098,8.09642333059527,1.4611710023371716,3
9819,5.92835411040278,6.021189299069938,0.09283518866715834,9
9820,5.987506858726362,6.021189299069938,0.03368244034357648,6
9821,5.8404189187801405,6.021189299069938,0.18077038028979775,5
9822,6.0080738492369505,6.021189299069938,0.013115449832987736,3
9823,5.821021681918595,6.021189299069938,0.2001676171513429,10
9824,5.939035322213681,6.021189299069938,0.08215397685625714,8
9825,5.8366507175440905,6.021189299069938,0.1845385815258478,7
9826,5.947416096247048,6.021189299069938,0.07377320282289013,2
9827,5.900484284735963,6.021189299069938,0.12070501433397496,1
9828,5.321630053887784,5.729326809646861,0.40769675575907716,3
9829,5.318503333017663,5.729326809646861,0.41082347662919805,6
9830,5.215858242242123,5.729326809646861,0.5134685674047379,5
9831,5.264799160790001,5.729326809646861,0.46452764885686015,1
9832,5.224999616878157,5.729326809646861,0.5043271927687041,10
9833,5.338937838386248,5.729326809646861,0.390388971260613,2
9834,5.2066416167340765,5.729326809646861,0.5226851929127845,9
9835,5.263313014309325,5.729326809646861,0.4660137953375356,7
9836,5.287752348057573,5.729326809646861,0.4415744615892878,4
9837,5.546468904740977,5.346352974450639,-0.20011593029033836,2
9838,5.4996845207144585,5.346352974450639,-0.15333154626381962,1
9839,5.381281364139506,5.346352974450639,-0.0349283896888668,7
9840,5.49910797768395,5.346352974450639,-0.15275500323331137,4
9841,5.546411373617812,5.346352974450639,-0.20005839916717338,6
9842,5.56131037244399,5.346352974450639,-0.21495739799335123,3
9843,5.5494348699256015,5.346352974450639,-0.2030818954749627,8
9844,5.446181866081349,5.346352974450639,-0.09982889163071018,9
9845,5.33553253825276,5.346352974450639,0.010820436197878536,10
9846,5.87250785384328,5.149527013754348,-0.7229808400889324,3
9847,5.774985769077311,5.149527013754348,-0.6254587553229634,5
9848,5.8754707248464255,5.149527013754348,-0.7259437110920777,6
9849,5.84364315217773,5.149527013754348,-0.6941161384233823,8
9850,5.801620764449247,5.149527013754348,-0.6520937506948989,1
9851,5.733744988956452,5.149527013754348,-0.5842179752021037,7
9852,5.690565331206708,5.149527013754348,-0.5410383174523599,10
9853,5.796385662849415,5.149527013754348,-0.6468586490950674,9
9854,5.845655434319283,5.149527013754348,-0.6961284205649347,2
9855,5.292651662033505,5.2552725051033065,-0.03737915693019822,6
9856,5.223322576192379,5.2552725051033065,0.03194992891092774,7
9857,5.270134695146598,5.2552725051033065,-0.014862190043291257,9
9858,5.455319754793781,5.2552725051033065,-0.20004724969047416,2
9859,5.326434384240688,5.2552725051033065,-0.07116187913738159,3
9860,5.303181886099453,5.2552725051033065,-0.04790938099614639,4
9861,5.247605567036837,5.2552725051033065,0.007666938066469342,5
9862,5.398820021579801,5.2552725051033065,-0.14354751647649433,1
9863,5.309495967395064,5.2552725051033065,-0.05422346229175723,8
9864,5.8140084659233935,6.176091259055681,0.36208279313228786,5
9865,5.800382501384149,6.176091259055681,0.3757087576715321,7
9866,5.912415927071297,6.176091259055681,0.2636753319843841,1
9867,5.953735064581029,6.176091259055681,0.22235619447465194,2
9868,5.894221970590582,6.176091259055681,0.2818692884650993,9
9869,5.892226096801129,6.176091259055681,0.2838651622545525,4
9870,5.939598094433283,6.176091259055681,0.23649316462239867,6
9871,5.943467323191846,6.176091259055681,0.23262393586383556,8
9872,5.79712107137416,6.176091259055681,0.3789701876815217,10
9873,5.267426335591012,5.301029995663981,0.033603660072969,8
9874,5.101121059489547,5.301029995663981,0.19990893617443461,1
9875,5.437791934562422,5.301029995663981,-0.13676193889844068,6
9876,5.214289935412971,5.301029995663981,0.08674006025101022,5
9877,5.1014839259928975,5.301029995663981,0.1995460696710838,3
9878,5.195044249683649,5.301029995663981,0.10598574598033217,9
9879,5.191287238341235,5.301029995663981,0.10974275732274652,4
9880,5.20859053056142,5.301029995663981,0.09243946510256151,10
9881,5.199770317456351,5.301029995663981,0.10125967820763027,2
9882,3.152337762643378,2.6989700043360187,-0.4533677583073592,10
9883,3.116350389552119,2.6989700043360187,-0.41738038521610044,4
9884,2.974064478320551,2.6989700043360187,-0.27509447398453224,3
9885,2.9101165671892977,2.6989700043360187,-0.21114656285327893,2
9886,2.8987980728788667,2.6989700043360187,-0.19982806854284796,8
9887,2.975841288707207,2.6989700043360187,-0.27687128437118824,9
9888,3.191282380805809,2.6989700043360187,-0.4923123764697901,1
9889,3.0605891062757804,2.6989700043360187,-0.36161910193976166,6
9890,2.911855078767103,2.6989700043360187,-0.2128850744310844,5
9891,2.6213849342218505,3.0791812460476247,0.4577963118257742,7
9892,2.023603314859665,3.0791812460476247,1.0555779311879596,5
9893,2.0226869825831786,3.0791812460476247,1.056494263464446,3
9894,1.872802844595193,3.0791812460476247,1.2063784014524317,2
9895,2.2933078268424687,3.0791812460476247,0.785873419205156,1
9896,2.029509481773562,3.0791812460476247,1.0496717642740627,9
9897,2.1311871581951944,3.0791812460476247,0.9479940878524302,6
9898,2.155963200590293,3.0791812460476247,0.9232180454573315,4
9899,2.212606645966927,3.0791812460476247,0.8665746000806975,10
9900,3.9003192540486875,2.615529223637133,-1.2847900304115547,9
9901,3.890624246434597,2.615529223637133,-1.2750950227974642,2
9902,4.146933668140049,2.615529223637133,-1.531404444502916,7
9903,3.86461078154306,2.615529223637133,-1.2490815579059271,10
9904,3.767721751862809,2.615529223637133,-1.1521925282256764,3
9905,3.972364143854266,2.615529223637133,-1.3568349202171333,4
9906,3.664356629287692,2.615529223637133,-1.048827405650559,8
9907,4.0733946758154715,2.615529223637133,-1.4578654521783387,1
9908,4.012530528490325,2.615529223637133,-1.3970013048531924,5
9909,4.178932934636589,2.650501794878367,-1.5284311397582222,10
9910,4.541834018989179,2.650501794878367,-1.891332224110812,7
9911,4.342040146020394,2.650501794878367,-1.691538351142027,4
9912,4.07024728631821,2.650501794878367,-1.4197454914398433,8
9913,4.251119867874578,2.650501794878367,-1.6006180729962107,2
9914,4.354326317074451,2.650501794878367,-1.7038245221960837,1
9915,4.209437133544593,2.650501794878367,-1.5589353386662257,9
9916,4.31057143673083,2.650501794878367,-1.6600696418524628,6
9917,4.1757272732626465,2.650501794878367,-1.5252254783842796,3
9918,3.672706124367816,2.630427875025024,-1.0422782493427918,10
9919,3.6726748429418334,2.630427875025024,-1.0422469679168094,6
9920,3.8791175827432323,2.630427875025024,-1.2486897077182082,1
9921,3.6723687234679883,2.630427875025024,-1.0419408484429642,2
9922,3.672796842746618,2.630427875025024,-1.0423689677215942,5
9923,3.7538996906352704,2.630427875025024,-1.1234718156102463,4
9924,3.672499361054985,2.630427875025024,-1.0420714860299611,9
9925,4.091487011142707,2.630427875025024,-1.461059136117683,7
9926,3.433498891152951,2.630427875025024,-0.8030710161279271,8
9927,4.354083037250387,3.556302500767288,-0.7977805364830988,7
9928,3.904822006494681,3.556302500767288,-0.3485195057273929,2
9929,3.9175937737430204,3.556302500767288,-0.36129127297573227,10
9930,3.778402333039942,3.556302500767288,-0.22209983227265395,3
9931,3.901630382505146,3.556302500767288,-0.345327881737858,9
9932,4.0804628396996545,3.556302500767288,-0.5241603389323664,4
9933,3.8711294606448856,3.556302500767288,-0.31482695987759746,6
9934,3.7565904928137166,3.556302500767288,-0.20028799204642844,8
9935,3.9241339054950948,3.556302500767288,-0.3678314047278066,5
9936,2.8987980728788667,2.9912260756924947,0.09242800281362795,8
9937,3.5853374030442238,2.9912260756924947,-0.5941113273517291,7
9938,3.191282380805809,2.9912260756924947,-0.20005630511331418,1
9939,2.9101165671892977,2.9912260756924947,0.08110950850319698,2
9940,2.975841288707207,2.9912260756924947,0.015384786985287668,9
9941,3.0605891062757804,2.9912260756924947,-0.06936303058328575,6
9942,2.911855078767103,2.9912260756924947,0.07937099692539151,5
9943,3.116350389552119,2.9912260756924947,-0.12512431385962453,4
9944,2.974064478320551,2.9912260756924947,0.01716159737194367,3
9945,3.147548518264872,2.9474337218870508,-0.20011479637782115,6
9946,3.3525520321100992,2.9474337218870508,-0.40511831022304845,10
9947,3.3448611854292585,2.9474337218870508,-0.3974274635422077,1
9948,3.2098824235084025,2.9474337218870508,-0.2624487016213517,8
9949,3.6293753800545514,2.9474337218870508,-0.6819416581675006,4
9950,3.3342113326818894,2.9474337218870508,-0.38677761079483863,7
9951,3.3978355615866387,2.9474337218870508,-0.4504018396995879,9
9952,3.2260150764511266,2.9474337218870508,-0.27858135456407584,5
9953,3.332869272491441,2.9474337218870508,-0.3854355506043903,2
9954,3.3049498438178304,3.4885507165004443,0.18360087268261394,9
9955,3.303820893973738,3.4885507165004443,0.18472982252670622,10
9956,3.4794592756206115,3.4885507165004443,0.009091440879832824,3
9957,3.4796490123532795,3.4885507165004443,0.008901704147164846,4
9958,3.479346164316061,3.4885507165004443,0.009204552184383541,7
9959,3.4172613151353035,3.4885507165004443,0.07128940136514084,2
9960,3.479303595768282,3.4885507165004443,0.009247120732162273,1
9961,3.288481773515469,3.4885507165004443,0.20006894298497535,8
9962,3.351803153099032,3.4885507165004443,0.13674756340141236,5
9963,3.7105799337643215,3.510545010206612,-0.20003492355770947,9
9964,3.716872942810159,3.510545010206612,-0.20632793260354676,5
9965,3.781573510064634,3.510545010206612,-0.2710284998580219,2
9966,3.710429165348375,3.510545010206612,-0.19988415514176294,6
9967,3.710971155167366,3.510545010206612,-0.20042614496075384,1
9968,4.171409137061416,3.510545010206612,-0.6608641268548041,3
9969,3.8323207322057886,3.510545010206612,-0.3217757219991766,10
9970,3.830201487051977,3.510545010206612,-0.31965647684536513,7
9971,3.7108443075604955,3.510545010206612,-0.20029929735388352,8
9972,3.238778316812278,2.419955748489758,-0.8188225683225201,8
9973,3.5788860929310173,2.419955748489758,-1.1589303444412593,5
9974,3.74859109755257,2.419955748489758,-1.3286353490628118,10
9975,3.4973365117349644,2.419955748489758,-1.0773807632452064,6
9976,3.8363964689822163,2.419955748489758,-1.4164407204924583,1
9977,3.7303647532588156,2.419955748489758,-1.3104090047690575,2
9978,3.897364112188375,2.419955748489758,-1.477408363698617,7
9979,3.7269365298887065,2.419955748489758,-1.3069807813989485,9
9980,3.539238564118433,2.419955748489758,-1.119282815628675,3
9981,5.478918171761547,5.278753600952829,-0.20016457080871852,10
9982,5.4723532850049414,5.278753600952829,-0.1935996840521126,5
9983,5.478633658225201,5.278753600952829,-0.199880057272372,2
9984,5.479206516119279,5.278753600952829,-0.20045291516645047,7
9985,5.478637408303761,5.278753600952829,-0.1998838073509317,8
9986,5.478859502231884,5.278753600952829,-0.2001059012790547,3
9987,5.479126651260876,5.278753600952829,-0.20037305030804742,4
9988,5.4789205550016975,5.278753600952829,-0.20016695404886864,6
9989,5.479265257421667,5.278753600952829,-0.20051165646883806,1
9990,5.661420814054049,6.004321373782642,0.34290055972859346,9
9991,5.803904039745011,6.004321373782642,0.20041733403763118,2
9992,5.722447309925135,6.004321373782642,0.281874063857507,6
9993,5.66401865559746,6.004321373782642,0.3403027181851819,5
9994,5.804257515576591,6.004321373782642,0.20006385820605121,3
9995,5.804127721838169,6.004321373782642,0.20019365194447314,8
9996,5.804350850477386,6.004321373782642,0.19997052330525644,7
9997,5.731253823884023,6.004321373782642,0.27306754989861926,10
9998,5.801304465544379,6.004321373782642,0.20301690823826313,1
9999,5.630677769810085,6.176091259055681,0.545413489245596,1
10000,5.660501410796897,6.176091259055681,0.5155898482587844,2
10001,5.554377370060185,6.176091259055681,0.6217138889954965,6
10002,5.540050784883191,6.176091259055681,0.6360404741724901,9
10003,5.623330876099498,6.176091259055681,0.5527603829561833,8
10004,5.468611221485059,6.176091259055681,0.7074800375706225,5
10005,5.6071575158076765,6.176091259055681,0.5689337432480048,7
10006,5.575518274449591,6.176091259055681,0.6005729846060905,10
10007,5.6519338324842545,6.176091259055681,0.5241574265714268,3
10008,4.861116055960178,5.008600171761918,0.14748411580174015,7
10009,5.2087890043484935,5.008600171761918,-0.2001888325865755,8
10010,5.208771845976919,5.008600171761918,-0.20017167421500126,3
10011,5.208809830272846,5.008600171761918,-0.20020965851092765,6
10012,5.20888049132726,5.008600171761918,-0.20028031956534242,5
10013,5.208639329177677,5.008600171761918,-0.20003915741575895,2
10014,5.179597111108001,5.008600171761918,-0.1709969393460833,10
10015,5.0362989954378055,5.008600171761918,-0.027698823675887496,1
10016,5.105819573800082,5.008600171761918,-0.0972194020381636,9
10017,6.019394217704508,5.819543935541868,-0.19985028216263956,7
10018,5.84576586578422,5.819543935541868,-0.026221930242352087,6
10019,6.019424875072847,5.819543935541868,-0.19988093953097863,3
10020,6.019318079077236,5.819543935541868,-0.19977414353536727,2
10021,6.019470888444161,5.819543935541868,-0.19992695290229268,8
10022,6.006469783088945,5.819543935541868,-0.18692584754707653,10
10023,6.018917555924496,5.819543935541868,-0.19937362038262751,4
10024,5.979486535814305,5.819543935541868,-0.15994260027243623,9
10025,5.920199293376611,5.819543935541868,-0.10065535783474289,5
10026,5.638549840543824,5.600972895686748,-0.037576944857075745,6
10027,5.724662068872005,5.600972895686748,-0.12368917318525696,9
10028,5.739033283641845,5.600972895686748,-0.13806038795509679,5
10029,5.791342915059935,5.600972895686748,-0.19037001937318632,7
10030,5.76757963924082,5.600972895686748,-0.16660674355407146,4
10031,5.800295299771385,5.600972895686748,-0.19932240408463642,8
10032,5.778231621967369,5.600972895686748,-0.17725872628062067,2
10033,5.780333268212875,5.600972895686748,-0.17936037252612635,10
10034,5.789237903507341,5.600972895686748,-0.18826500782059252,3
10035,5.8632189622068855,6.4623979978989565,0.599179035692071,10
10036,5.999459748309425,6.4623979978989565,0.46293824958953156,7
10037,5.9117815552385675,6.4623979978989565,0.550616442660389,3
10038,5.9185151512384975,6.4623979978989565,0.543882846660459,9
10039,5.862442408129388,6.4623979978989565,0.5999555897695688,5
10040,5.889896452092515,6.4623979978989565,0.5725015458064417,1
10041,5.935932127175189,6.4623979978989565,0.5264658707237677,4
10042,5.924359894008875,6.4623979978989565,0.5380381038900817,2
10043,5.882871387146701,6.4623979978989565,0.5795266107522554,6
10044,3.359071497399222,2.886490725172482,-0.4725807722267401,8
10045,3.403615256493517,2.886490725172482,-0.5171245313210351,4
10046,3.3236644642658475,2.886490725172482,-0.43717373909336565,10
10047,3.140608828535393,2.886490725172482,-0.2541181033629112,2
10048,3.3481074064859633,2.886490725172482,-0.46161668131348144,9
10049,3.3770284784269506,2.886490725172482,-0.4905377532544688,6
10050,3.355890201446665,2.886490725172482,-0.4693994762741833,5
10051,3.329744618991117,2.886490725172482,-0.443253893818635,1
10052,3.2135309545122475,2.886490725172482,-0.3270402293397656,7
10053,6.228862954141739,6.3979400086720375,0.1690770545302982,6
10054,6.233584289644201,6.3979400086720375,0.16435571902783686,1
10055,6.238403355472494,6.3979400086720375,0.15953665319954347,9
10056,6.29816520644883,6.3979400086720375,0.09977480222320789,8
10057,6.268237929934259,6.3979400086720375,0.12970207873777806,2
10058,6.256951818855071,6.3979400086720375,0.1409881898169667,3
10059,6.215606414488827,6.3979400086720375,0.18233359418321093,5
10060,6.213350726635523,6.3979400086720375,0.18458928203651492,10
10061,6.312642135005117,6.3979400086720375,0.08529787366692076,4
10062,6.197812518999668,6.3979400086720375,0.20012748967236949,10
10063,6.19773124682391,6.3979400086720375,0.20020876184812764,2
10064,6.043192164254768,6.3979400086720375,0.35474784441726914,1
10065,6.115402415524682,6.3979400086720375,0.2825375931473557,3
10066,6.197860689823846,6.3979400086720375,0.20007931884819108,8
10067,6.188646923962657,6.3979400086720375,0.20929308470938057,5
10068,6.1978295695981895,6.3979400086720375,0.20011043907384796,6
10069,6.172562009490518,6.3979400086720375,0.22537799918151968,9
10070,6.198125296877543,6.3979400086720375,0.1998147117944944,4
10071,6.177570097505507,6.246498580795801,0.06892848329029366,5
10072,6.189823227964917,6.246498580795801,0.056675352830883874,6
10073,6.21225707457712,6.246498580795801,0.03424150621868094,9
10074,6.2366436874193605,6.246498580795801,0.009854893376440188,4
10075,6.217072799944557,6.246498580795801,0.02942578085124392,2
10076,6.253509230157201,6.246498580795801,-0.0070106493614003895,7
10077,6.125464176718824,6.246498580795801,0.12103440407697708,10
10078,6.249878998867905,6.246498580795801,-0.0033804180721039856,3
10079,6.112009861149508,6.246498580795801,0.13448871964629294,1
10080,5.997976964251717,5.286613631657004,-0.7113633325947131,8
10081,5.935545507333061,5.286613631657004,-0.6489318756760571,5
10082,5.98621619397631,5.286613631657004,-0.6996025623193063,3
10083,6.071621637925235,5.286613631657004,-0.7850080062682308,7
10084,5.954864153687811,5.286613631657004,-0.6682505220308066,1
10085,5.965272980339923,5.286613631657004,-0.6786593486829187,9
10086,5.894489432766964,5.286613631657004,-0.6078758011099596,10
10087,5.95463987544791,5.286613631657004,-0.6680262437909059,6
10088,5.983797591814094,5.286613631657004,-0.6971839601570897,2
10089,5.9080438381447,6.079181246047625,0.17113740790292553,9
10090,5.942819569569959,6.079181246047625,0.13636167647766584,4
10091,5.8791265790141924,6.079181246047625,0.20005466703343266,8
10092,5.875252790316873,6.079181246047625,0.20392845573075213,6
10093,5.825552085519127,6.079181246047625,0.25362916052849815,10
10094,5.935837192575412,6.079181246047625,0.14334405347221324,7
10095,5.88170472215481,6.079181246047625,0.19747652389281534,1
10096,5.90619291651636,6.079181246047625,0.17298832953126553,3
10097,5.899190193363277,6.079181246047625,0.17999105268434779,2
10098,4.81730604296097,3.886490725172482,-0.9308153177884884,10
10099,4.812636756577963,3.886490725172482,-0.9261460314054815,4
10100,4.861146795209194,3.886490725172482,-0.9746560700367124,3
10101,4.754566301230788,3.886490725172482,-0.8680755760583065,5
10102,4.746845046590807,3.886490725172482,-0.8603543214183254,6
10103,4.867986659623712,3.886490725172482,-0.9814959344512304,7
10104,4.891297044197069,3.886490725172482,-1.004806319024587,8
10105,4.783913716391011,3.886490725172482,-0.8974229912185288,1
10106,4.864911745544088,3.886490725172482,-0.9784210203716062,2
10107,5.435204000521591,5.698970004336019,0.2637660038144274,1
10108,5.4990495894625475,5.698970004336019,0.19992041487347123,3
10109,5.498720802152671,5.698970004336019,0.20024920218334774,2
10110,5.518458935431387,5.698970004336019,0.18051106890463142,4
10111,5.533698129231828,5.698970004336019,0.1652718751041906,9
10112,5.498655185818182,5.698970004336019,0.20031481851783717,6
10113,5.5869752331682525,5.698970004336019,0.11199477116776624,7
10114,5.471594174746523,5.698970004336019,0.2273758295894961,5
10115,5.558532739579876,5.698970004336019,0.1404372647561427,8
10116,5.860122278062257,5.704150516839799,-0.15597176122245848,4
10117,5.843348001563382,5.704150516839799,-0.1391974847235833,2
10118,5.843355231507024,5.704150516839799,-0.13920471466722528,9
10119,5.747472862265078,5.704150516839799,-0.04332234542527935,10
10120,5.83322221821851,5.704150516839799,-0.12907170137871127,3
10121,5.76744943465111,5.704150516839799,-0.06329891781131103,1
10122,5.782366390155346,5.704150516839799,-0.07821587331554714,6
10123,5.794490403019918,5.704150516839799,-0.09033988618011879,8
10124,5.861059980364388,5.704150516839799,-0.15690946352458912,7
10125,5.459906834041971,5.260071387985075,-0.19983544605689563,8
10126,5.46010795862668,5.260071387985075,-0.20003657064160496,9
10127,5.390724467094665,5.260071387985075,-0.13065307910958968,1
10128,5.328918433392566,5.260071387985075,-0.06884704540749098,6
10129,5.402250132060288,5.260071387985075,-0.14217874407521247,10
10130,5.406616073786706,5.260071387985075,-0.14654468580163105,5
10131,5.4601997287952795,5.260071387985075,-0.20012834081020436,7
10132,5.459992599883532,5.260071387985075,-0.1999212118984568,3
10133,5.460119893486173,5.260071387985075,-0.20004850550109765,4
10134,5.956252336251937,5.738066714777469,-0.21818562147446752,9
10135,5.886796341089948,5.738066714777469,-0.14872962631247866,6
10136,5.995773360443155,5.738066714777469,-0.257706645665686,3
10137,5.9377965508482475,5.738066714777469,-0.19972983607077843,2
10138,5.938119157497886,5.738066714777469,-0.2000524427204171,7
10139,6.015040197177169,5.738066714777469,-0.27697348239969966,4
10140,5.937856712251699,5.738066714777469,-0.19978999747423032,5
10141,5.949263211917876,5.738066714777469,-0.21119649714040722,8
10142,5.937922585005007,5.738066714777469,-0.19985587022753748,1
10143,6.021835896198052,6.146128035678238,0.12429213948018614,9
10144,5.961760711414588,6.146128035678238,0.18436732426365054,1
10145,6.038919714270376,6.146128035678238,0.10720832140786207,6
10146,6.063564899090643,6.146128035678238,0.08256313658759495,4
10147,5.969678180825614,6.146128035678238,0.1764498548526241,2
10148,6.092273038578777,6.146128035678238,0.053854997099461066,7
10149,6.023360257340566,6.146128035678238,0.12276777833767216,3
10150,5.990023616732199,6.146128035678238,0.15610441894603877,5
10151,5.9553856887120915,6.146128035678238,0.19074234696614667,10
10152,5.0519215024611315,4.477121254719663,-0.5748002477414689,10
10153,5.1788008138578965,4.477121254719663,-0.7016795591382339,6
10154,5.2037043746373595,4.477121254719663,-0.7265831199176969,3
10155,5.082542037682861,4.477121254719663,-0.6054207829631988,9
10156,5.117815477749912,4.477121254719663,-0.6406942230302493,1
10157,5.190311244781229,4.477121254719663,-0.7131899900615668,4
10158,5.23257021137818,4.477121254719663,-0.7554489566585172,8
10159,5.046167602642265,4.477121254719663,-0.569046347922602,5
10160,5.264813984581485,4.477121254719663,-0.7876927298618224,2
10161,6.056899872091021,6.278753600952829,0.22185372886180765,4
10162,6.078675713072128,6.278753600952829,0.2000778878807008,7
10163,5.865288921590858,6.278753600952829,0.4134646793619705,5
10164,5.848412241929496,6.278753600952829,0.43034135902333315,1
10165,5.959085569952127,6.278753600952829,0.3196680310007016,3
10166,5.989027068833465,6.278753600952829,0.2897265321193636,2
10167,5.886682779187484,6.278753600952829,0.392070821765345,6
10168,5.940763620437328,6.278753600952829,0.3379899805155011,9
10169,5.977917295121078,6.278753600952829,0.3008363058317505,8
10170,6.300174469886681,6.365487984890899,0.06531351500421856,1
10171,6.377338564103001,6.365487984890899,-0.011850579212101309,3
10172,6.387940230268222,6.365487984890899,-0.022452245377322377,2
10173,6.351897785782879,6.365487984890899,0.013590199108020506,9
10174,6.212446695392469,6.365487984890899,0.15304128949843054,8
10175,6.405673865010751,6.365487984890899,-0.0401858801198518,4
10176,6.286700591862256,6.365487984890899,0.07878739302864357,7
10177,6.370252068725239,6.365487984890899,-0.004764083834339239,6
10178,6.334159728834147,6.365487984890899,0.031328256056752046,5
10179,6.163135858681094,6.447158031342219,0.2840221726611256,3
10180,6.201083873306982,6.447158031342219,0.24607415803523747,4
10181,6.145031476517383,6.447158031342219,0.3021265548248362,5
10182,6.193856122233081,6.447158031342219,0.25330190910913863,2
10183,6.246966130004727,6.447158031342219,0.20019190133749287,7
10184,6.130723718816389,6.447158031342219,0.3164343125258302,10
10185,6.153716257270041,6.447158031342219,0.2934417740721784,1
10186,6.247003434704529,6.447158031342219,0.20015459663769075,9
10187,6.190091825465105,6.447158031342219,0.2570662058771145,8
10188,5.943010650226386,6.0,0.05698934977361425,2
10189,5.951242004276667,6.0,0.04875799572333328,5
10190,5.94988580037759,6.0,0.05011419962240993,10
10191,5.980313926440531,6.0,0.01968607355946883,4
10192,5.983752477801999,6.0,0.016247522198001185,8
10193,5.971283136107997,6.0,0.028716863892002564,1
10194,5.881458784943815,6.0,0.11854121505618487,6
10195,6.031657866905011,6.0,-0.031657866905010934,9
10196,6.01205041570151,6.0,-0.012050415701509998,7
10197,5.982396050271076,6.3979400086720375,0.4155439584009617,10
10198,5.985642713346722,6.3979400086720375,0.4122972953253159,5
10199,6.134862063072593,6.3979400086720375,0.2630779455994441,1
10200,5.93333732349148,6.3979400086720375,0.4646026851805578,3
10201,5.939284727141361,6.3979400086720375,0.45865528153067636,9
10202,6.013489369376259,6.3979400086720375,0.3844506392957783,2
10203,5.939710219414289,6.3979400086720375,0.45822978925774827,6
10204,6.0491156166316165,6.3979400086720375,0.34882439204042104,7
10205,6.046604116302566,6.3979400086720375,0.3513358923694714,8
10206,4.947255971785709,5.938919812244772,0.9916638404590632,9
10207,4.839127599674651,5.938919812244772,1.0997922125701214,7
10208,4.789638852459945,5.938919812244772,1.1492809597848268,3
10209,4.951639533655195,5.938919812244772,0.9872802785895773,4
10210,4.827547031820675,5.938919812244772,1.1113727804240972,8
10211,4.762797182408208,5.938919812244772,1.1761226298365646,10
10212,4.8508256331826045,5.938919812244772,1.0880941790621677,6
10213,4.609965774599487,5.938919812244772,1.3289540376452855,5
10214,4.853797165902238,5.938919812244772,1.0851226463425343,2
10215,5.748062873394449,5.484299839346786,-0.2637630340476633,7
10216,5.710233561817909,5.484299839346786,-0.2259337224711233,6
10217,5.6842474263241485,5.484299839346786,-0.1999475869773626,1
10218,5.684308026796778,5.484299839346786,-0.20000818744999194,3
10219,5.716215812672249,5.484299839346786,-0.23191597332546277,8
10220,5.6841125329073465,5.484299839346786,-0.19981269356056064,10
10221,5.684033159611197,5.484299839346786,-0.1997333202644107,5
10222,5.7053086007055525,5.484299839346786,-0.22100876135876657,2
10223,5.823995583806613,5.484299839346786,-0.339695744459827,4
10224,6.025038462931335,7.301029995663981,1.2759915327326459,5
10225,6.055309376293972,7.301029995663981,1.245720619370009,8
10226,6.045551410316584,7.301029995663981,1.2554785853473973,2
10227,5.9841773401596114,7.301029995663981,1.3168526555043698,1
10228,6.079113570662285,7.301029995663981,1.2219164250016963,3
10229,6.140378381183969,7.301029995663981,1.1606516144800123,7
10230,6.134071733809264,7.301029995663981,1.1669582618547176,4
10231,6.034609290397114,7.301029995663981,1.2664207052668672,10
10232,6.027755171716312,7.301029995663981,1.273274823947669,6
10233,5.861948144725662,5.954242509439325,0.09229436471366359,10
10234,5.896724621420823,5.954242509439325,0.057517888018502106,2
10235,5.821480166867853,5.954242509439325,0.13276234257147213,1
10236,5.9189876349360215,5.954242509439325,0.03525487450330367,3
10237,5.79970452022954,5.954242509439325,0.15453798920978556,9
10238,5.89909947209469,5.954242509439325,0.055143037344635104,8
10239,5.945849606742574,5.954242509439325,0.008392902696750859,7
10240,5.953552273218163,5.954242509439325,0.0006902362211622659,4
10241,5.841212036522856,5.954242509439325,0.11303047291646884,6
10242,5.662340334569186,6.6020599913279625,0.9397196567587764,8
10243,5.59176262816892,6.6020599913279625,1.0102973631590428,6
10244,5.713360240460491,6.6020599913279625,0.8886997508674712,7
10245,5.577074729986062,6.6020599913279625,1.0249852613419002,9
10246,5.674003162875219,6.6020599913279625,0.9280568284527435,4
10247,5.645293182177637,6.6020599913279625,0.9567668091503254,3
10248,5.655422043352089,6.6020599913279625,0.9466379479758738,2
10249,5.566827881107908,6.6020599913279625,1.0352321102200541,10
10250,5.595790917046497,6.6020599913279625,1.006269074281466,5
10251,6.772383961931782,6.972202838379064,0.19981887644728236,5
10252,6.772501796168219,6.972202838379064,0.19970104221084561,6
10253,6.771803184403911,6.972202838379064,0.20039965397515314,1
10254,6.772676595719709,6.972202838379064,0.19952624265935537,4
10255,6.755103551272167,6.972202838379064,0.21709928710689752,3
10256,6.771796395373511,6.972202838379064,0.20040644300555321,9
10257,6.771946472968148,6.972202838379064,0.20025636541091618,10
10258,6.694752641313226,6.972202838379064,0.2774501970658383,7
10259,6.744073997783662,6.972202838379064,0.22812884059540206,2
10260,6.100637930733601,6.301029995663981,0.2003920649303801,4
10261,6.1009984302856255,6.301029995663981,0.20003156537835576,10
10262,6.101050566649837,6.301029995663981,0.19997942901414412,6
10263,6.1011033027080375,6.301029995663981,0.19992669295594379,3
10264,6.101174784946368,6.301029995663981,0.19985521071761347,8
10265,6.100989671288964,6.301029995663981,0.20004032437501706,1
10266,6.100919894255419,6.301029995663981,0.200110101408562,5
10267,6.100707775532674,6.301029995663981,0.20032222013130685,9
10268,6.100970278358935,6.301029995663981,0.20005971730504601,2
10269,6.081411472665201,6.248267603534647,0.16685613086944606,1
10270,6.048495998590961,6.248267603534647,0.1997716049436864,3
10271,6.0819377964830235,6.248267603534647,0.16632980705162392,4
10272,6.117462033958687,6.248267603534647,0.13080556957596023,10
10273,6.070605414069393,6.248267603534647,0.1776621894652548,5
10274,6.052144584792015,6.248267603534647,0.19612301874263238,6
10275,6.048399452270985,6.248267603534647,0.19986815126366242,7
10276,6.236476838720568,6.248267603534647,0.011790764814079147,9
10277,6.051075766908037,6.248267603534647,0.19719183662661077,2
10278,6.183106769268786,6.380211241711606,0.19710447244282037,9
10279,6.180373881067675,6.380211241711606,0.1998373606439312,4
10280,6.180233538207008,6.380211241711606,0.1999777035045982,3
10281,6.179979906436693,6.380211241711606,0.2002313352749132,10
10282,6.180114170136428,6.380211241711606,0.2000970715751782,6
10283,6.180177196044271,6.380211241711606,0.2000340456673353,2
10284,6.179969921192845,6.380211241711606,0.20024132051876098,5
10285,6.180341586220953,6.380211241711606,0.1998696554906534,7
10286,6.179891299180616,6.380211241711606,0.2003199425309905,8
10287,6.028526806755535,6.301029995663981,0.2725031889084466,3
10288,6.101171676319879,6.301029995663981,0.19985831934410214,7
10289,6.044335615312088,6.301029995663981,0.2566943803518935,10
10290,6.101622627621559,6.301029995663981,0.1994073680424222,6
10291,6.074386200383225,6.301029995663981,0.22664379528075607,5
10292,6.088772887471208,6.301029995663981,0.2122571081927731,2
10293,6.073761840664703,6.301029995663981,0.22726815499927788,1
10294,6.100868957818153,6.301029995663981,0.20016103784582828,4
10295,6.0828785163646915,6.301029995663981,0.2181514792992898,8
10296,6.122005787162988,6.32221929473392,0.2002135075709326,7
10297,6.121975221516096,6.32221929473392,0.20024407321782434,1
10298,6.121929382375513,6.32221929473392,0.2002899123584072,2
10299,6.122407541746025,6.32221929473392,0.19981175298789555,8
10300,6.12217348396617,6.32221929473392,0.20004581076775008,6
10301,6.122016533922013,6.32221929473392,0.2002027608119077,5
10302,6.1223402980666375,6.32221929473392,0.19987899666728293,4
10303,6.122215518053061,6.32221929473392,0.20000377668085978,9
10304,6.12215849324819,6.32221929473392,0.2000608014857308,10
10305,6.263503333714944,6.380211241711606,0.11670790799666264,6
10306,6.26352154907295,6.380211241711606,0.1166896926386567,2
10307,6.264595600107546,6.380211241711606,0.11561564160406057,7
10308,6.27668117125024,6.380211241711606,0.10353007046136664,1
10309,6.26351192687166,6.380211241711606,0.11669931483994667,4
10310,6.420407474798326,6.380211241711606,-0.0401962330867196,9
10311,6.26954746677306,6.380211241711606,0.11066377493854596,5
10312,6.263021142112876,6.380211241711606,0.11719009959873006,8
10313,6.263587225691044,6.380211241711606,0.1166240160205625,10
10314,6.180487032954507,6.380211241711606,0.1997242087570994,6
10315,6.1798384455034565,6.380211241711606,0.20037279620814985,3
10316,6.180574235261168,6.380211241711606,0.19963700645043847,10
10317,6.1805398830663885,6.380211241711606,0.1996713586452179,8
10318,6.1977509291075235,6.380211241711606,0.1824603126040829,9
10319,6.180052082993375,6.380211241711606,0.20015915871823164,7
10320,6.256799026646281,6.380211241711606,0.12341221506532563,1
10321,6.180126284853253,6.380211241711606,0.20008495685835292,4
10322,6.180118915672641,6.380211241711606,0.20009232603896532,5
10323,6.178704098470305,5.603198520676098,-0.5755055777942077,4
10324,6.1185806853078955,5.603198520676098,-0.5153821646317978,6
10325,6.188801806718545,5.603198520676098,-0.5856032860424474,7
10326,6.183937221251769,5.603198520676098,-0.5807387005756715,5
10327,6.16887835937431,5.603198520676098,-0.5656798386982125,2
10328,6.171872134061654,5.603198520676098,-0.5686736133855561,8
10329,6.199525774516367,5.603198520676098,-0.5963272538402693,1
10330,6.1265454681961256,5.603198520676098,-0.5233469475200279,10
10331,6.157076378710876,5.603198520676098,-0.5538778580347783,3
10332,6.233287583182939,6.32221929473392,0.08893171155098134,5
10333,6.232856986275696,6.32221929473392,0.08936230845822468,2
10334,6.237496351595678,6.32221929473392,0.08472294313824236,9
10335,6.246956473808003,6.32221929473392,0.07526282092591785,7
10336,6.139105942258604,6.32221929473392,0.18311335247531613,1
10337,6.241703630186725,6.32221929473392,0.08051566454719516,6
10338,6.210096301738549,6.32221929473392,0.11212299299537154,3
10339,6.2302470824417995,6.32221929473392,0.09197221229212094,10
10340,6.2228976706798385,6.32221929473392,0.09932162405408196,4
10341,5.877779041663276,6.017033339298781,0.1392542976355049,5
10342,5.816825673276197,6.017033339298781,0.20020766602258355,2
10343,5.8894051388207735,6.017033339298781,0.12762820047800716,1
10344,5.879832573750531,6.017033339298781,0.13720076554824967,8
10345,5.844397196041595,6.017033339298781,0.17263614325718546,3
10346,5.9738074964748735,6.017033339298781,0.04322584282390718,9
10347,5.846728900414176,6.017033339298781,0.1703044388846049,6
10348,5.893636795470676,6.017033339298781,0.12339654382810483,10
10349,5.863597792380838,6.017033339298781,0.15343554691794292,7
10350,6.130723718816389,6.197831693328903,0.06710797451251338,10
10351,6.193856122233081,6.197831693328903,0.003975571095821806,2
10352,6.153716257270041,6.197831693328903,0.04411543605886159,1
10353,6.0127947040887575,6.197831693328903,0.1850369892401451,6
10354,6.145031476517383,6.197831693328903,0.05280021681151936,5
10355,6.163135858681094,6.197831693328903,0.03469583464780879,3
10356,6.201083873306982,6.197831693328903,-0.0032521799780793614,4
10357,6.246966130004727,6.197831693328903,-0.049134436675823956,7
10358,6.247003434704529,6.197831693328903,-0.04917174137562608,9
10359,5.971343235791448,6.171480722621874,0.20013748683042643,4
10360,5.97163059885227,6.171480722621874,0.19985012376960398,6
10361,6.063415632085158,6.171480722621874,0.10806509053671576,10
10362,6.054695039874146,6.171480722621874,0.11678568274772783,8
10363,6.077962054784557,6.171480722621874,0.09351866783731744,7
10364,6.044942386475032,6.171480722621874,0.12653833614684196,5
10365,6.024063015242714,6.171480722621874,0.1474177073791605,2
10366,5.986195726173964,6.171480722621874,0.1852849964479102,3
10367,6.033989051384732,6.171480722621874,0.13749167123714212,9
10368,6.415452324123596,7.105510184769974,0.6900578606463785,5
10369,6.426448104206373,7.105510184769974,0.6790620805636012,2
10370,6.399199273501127,7.105510184769974,0.7063109112688473,1
10371,6.470298921517839,7.105510184769974,0.6352112632521356,7
10372,6.36989228831747,7.105510184769974,0.7356178964525046,3
10373,6.296547893737119,7.105510184769974,0.8089622910328549,6
10374,6.51972699898454,7.105510184769974,0.5857831857854343,9
10375,6.4583559999553914,7.105510184769974,0.6471541848145828,4
10376,6.415736268391765,7.105510184769974,0.6897739163782095,8
10377,5.912907761222391,6.373095987078727,0.4601882258563368,6
10378,5.948147979529934,6.373095987078727,0.42494800754879325,2
10379,5.926890237013647,6.373095987078727,0.44620575006508023,4
10380,5.951192309397378,6.373095987078727,0.4219036776813496,7
10381,5.936365719178271,6.373095987078727,0.4367302679004563,3
10382,5.961906264080789,6.373095987078727,0.4111897229979382,1
10383,5.9544180150366595,6.373095987078727,0.4186779720420679,5
10384,5.941002490745681,6.373095987078727,0.4320934963330467,10
10385,5.964275791317067,6.373095987078727,0.4088201957616606,8
10386,5.620262543527669,5.419955748489758,-0.20030679503791138,2
10387,5.620417156627568,5.419955748489758,-0.20046140813780955,4
10388,5.619843525187919,5.419955748489758,-0.19988777669816127,1
10389,5.6203283142749125,5.419955748489758,-0.2003725657851545,8
10390,5.619810673375571,5.419955748489758,-0.19985492488581258,7
10391,5.619956178328779,5.419955748489758,-0.20000042983902055,3
10392,5.6200503088856655,5.419955748489758,-0.20009456039590745,6
10393,5.620008997478739,5.419955748489758,-0.20005324898898103,5
10394,5.619591233212845,5.419955748489758,-0.19963548472308723,9
10395,6.285915209999338,6.332438459915605,0.046523249916266884,7
10396,6.2861028413731015,6.332438459915605,0.046335618542503454,5
10397,6.285874655414609,6.332438459915605,0.04656380450099551,3
10398,6.286376760286347,6.332438459915605,0.046061699629257546,8
10399,6.286270107213399,6.332438459915605,0.04616835270220587,6
10400,6.285791799458925,6.332438459915605,0.046646660456679534,1
10401,6.286342999001728,6.332438459915605,0.04609546091387706,10
10402,6.132806695383304,6.332438459915605,0.1996317645323007,9
10403,6.285770663742297,6.332438459915605,0.04666779617330796,4
10404,5.968254881396219,6.079181246047625,0.11092636465140604,10
10405,5.8789089553293294,6.079181246047625,0.20027229071829566,3
10406,6.0662394440987875,6.079181246047625,0.01294180194883765,1
10407,5.879420719430766,6.079181246047625,0.19976052661685895,4
10408,5.952561495469639,6.079181246047625,0.12661975057798625,5
10409,5.878976925545417,6.079181246047625,0.20020432050220816,6
10410,5.988142069431754,6.079181246047625,0.09103917661587069,8
10411,6.002935716509171,6.079181246047625,0.0762455295384541,7
10412,5.87916260899594,6.079181246047625,0.2000186370516852,9
10413,5.982396050271076,5.124830149413859,-0.8575659008572165,10
10414,6.013489369376259,5.124830149413859,-0.8886592199623999,2
10415,5.939284727141361,5.124830149413859,-0.8144545777275018,9
10416,5.939710219414289,5.124830149413859,-0.81488007000043,6
10417,6.046604116302566,5.124830149413859,-0.9217739668887068,8
10418,6.0491156166316165,5.124830149413859,-0.9242854672177572,7
10419,5.985642713346722,5.124830149413859,-0.8608125639328623,5
10420,5.832000823218668,5.124830149413859,-0.7071706738048089,4
10421,5.93333732349148,5.124830149413859,-0.8085071740776204,3
10422,6.286124782612667,6.486146996806573,0.20002221419390587,2
10423,6.285874655414609,6.486146996806573,0.2002723413919636,3
10424,6.2861028413731015,6.486146996806573,0.20004415543347154,5
10425,6.285770663742297,6.486146996806573,0.20037633306427605,4
10426,6.286342999001728,6.486146996806573,0.19980399780484515,10
10427,6.285915209999338,6.486146996806573,0.20023178680723497,7
10428,6.286376760286347,6.486146996806573,0.19977023652022563,8
10429,6.285791799458925,6.486146996806573,0.20035519734764762,1
10430,6.286270107213399,6.486146996806573,0.19987688959317396,6
10431,6.37488085289392,6.174931593528442,-0.1999492593654777,8
10432,6.419063239183644,6.174931593528442,-0.24413164565520162,6
10433,6.375075273794102,6.174931593528442,-0.20014368026565954,10
10434,6.12974915964616,6.174931593528442,0.0451824338822826,9
10435,6.374789780392294,6.174931593528442,-0.19985818686385137,3
10436,6.374924776849255,6.174931593528442,-0.19999318332081284,7
10437,6.375208004842432,6.174931593528442,-0.20027641131398966,4
10438,6.355765081783594,6.174931593528442,-0.18083348825515166,5
10439,6.375443212821804,6.174931593528442,-0.20051161929336203,1
10440,6.523436988889213,5.886490725172482,-0.6369462637167311,9
10441,6.479021790358924,5.886490725172482,-0.5925310651864413,6
10442,6.460344287497093,5.886490725172482,-0.5738535623246106,5
10443,6.547325652093645,5.886490725172482,-0.6608349269211624,8
10444,6.56097651064557,5.886490725172482,-0.6744857854730881,10
10445,6.5072675252380785,5.886490725172482,-0.6207768000655962,7
10446,6.561264599093899,5.886490725172482,-0.6747738739214171,1
10447,6.502836236102339,5.886490725172482,-0.6163455109298566,4
10448,6.39968125092678,5.886490725172482,-0.5131905257542977,3
10449,5.357095265561196,5.725911632295048,0.368816366733852,6
10450,5.353767899330766,5.725911632295048,0.3721437329642825,8
10451,5.326542702015543,5.725911632295048,0.39936893027950493,5
10452,5.312731295970128,5.725911632295048,0.41318033632492046,4
10453,5.3183511753106885,5.725911632295048,0.40756045698435983,9
10454,5.329785088665391,5.725911632295048,0.3961265436296575,3
10455,5.321365151418869,5.725911632295048,0.4045464808761796,10
10456,5.377943177144306,5.725911632295048,0.3479684551507427,2
10457,5.393426232889378,5.725911632295048,0.33248539940567046,1
10458,6.505839508120273,5.413132050434872,-1.0927074576854006,2
10459,6.468443843167783,5.413132050434872,-1.055311792732911,9
10460,6.424741491037938,5.413132050434872,-1.011609440603066,5
10461,6.504414893105795,5.413132050434872,-1.091282842670923,8
10462,6.480757988584451,5.413132050434872,-1.067625938149579,6
10463,6.537224073309084,5.413132050434872,-1.124092022874212,1
10464,6.452669143454752,5.413132050434872,-1.03953709301988,3
10465,6.486677515518785,5.413132050434872,-1.073545465083913,7
10466,6.486766286949199,5.413132050434872,-1.0736342365143265,4
10467,6.9551403485249725,7.292256071356476,0.3371157228315038,8
10468,7.044091494859539,7.292256071356476,0.24816457649693735,9
10469,6.946209111638375,7.292256071356476,0.34604695971810173,10
10470,6.9396312977288686,7.292256071356476,0.3526247736276078,3
10471,6.997748115735685,7.292256071356476,0.2945079556207917,2
10472,6.885657200006032,7.292256071356476,0.40659887135044404,6
10473,6.833530947863506,7.292256071356476,0.4587251234929708,5
10474,6.921817283874397,7.292256071356476,0.3704387874820796,4
10475,6.910994273846256,7.292256071356476,0.38126179751021994,7
10476,6.458125232510289,6.698970004336019,0.2408447718257296,5
10477,6.499178656783829,6.698970004336019,0.19979134755218997,10
10478,6.499140318172126,6.698970004336019,0.19982968616389307,9
10479,6.498703859252438,6.698970004336019,0.20026614508358076,8
10480,6.4988019814446245,6.698970004336019,0.20016802289139424,4
10481,6.49913347606598,6.698970004336019,0.19983652827003873,2
10482,6.471134892250455,6.698970004336019,0.22783511208556373,6
10483,6.498858478112806,6.698970004336019,0.20011152622321315,7
10484,6.516569978510365,6.698970004336019,0.18240002582565396,1
10485,6.51584548234415,7.519827993775719,1.0039825114315688,8
10486,6.412964399095038,7.519827993775719,1.1068635946806813,3
10487,6.431987387839264,7.519827993775719,1.0878406059364547,4
10488,6.521787824586875,7.519827993775719,0.9980401691888439,1
10489,6.4482165325152865,7.519827993775719,1.0716114612604324,9
10490,6.515275143603391,7.519827993775719,1.0045528501723275,10
10491,6.495828946539391,7.519827993775719,1.0239990472363276,7
10492,6.490173751942966,7.519827993775719,1.0296542418327528,2
10493,6.435092655971424,7.519827993775719,1.084735337804295,5
10494,6.987829164736642,7.188037055006895,0.20020789027025288,7
10495,6.988118708802364,7.188037055006895,0.1999183462045302,3
10496,7.117482811765865,7.188037055006895,0.07055424324102955,9
10497,6.987907745613266,7.188037055006895,0.2001293093936285,5
10498,6.987953925514079,7.188037055006895,0.20008312949281581,1
10499,6.987741909121571,7.188037055006895,0.20029514588532393,4
10500,6.987852906815826,7.188037055006895,0.20018414819106845,6
10501,6.924625864887593,7.188037055006895,0.26341119011930125,2
10502,6.987864342559972,7.188037055006895,0.20017271244692303,10
10503,7.137644646225205,8.071882007306126,0.9342373610809211,10
10504,7.289895131983124,8.071882007306126,0.7819868753230015,6
10505,7.136076325687241,8.071882007306126,0.9358056816188851,2
10506,7.117729477130634,8.071882007306126,0.9541525301754916,3
10507,7.088338443163439,8.071882007306126,0.9835435641426873,9
10508,7.16888900975033,8.071882007306126,0.9029929975557955,1
10509,7.059351655253379,8.071882007306126,1.0125303520527469,5
10510,6.807923740349522,8.071882007306126,1.263958266956604,7
10511,7.13521655091282,8.071882007306126,0.9366654563933059,8
10512,5.781980328102029,5.982271233039568,0.20029090493753898,3
10513,5.781977231745506,5.982271233039568,0.20029400129406216,9
10514,5.782336743554994,5.982271233039568,0.1999344894845736,4
10515,5.7822380176914105,5.982271233039568,0.20003321534815743,2
10516,5.782401501975085,5.982271233039568,0.19986973106448325,7
10517,5.782331531061997,5.982271233039568,0.19993970197757083,5
10518,5.782580854485492,5.982271233039568,0.19969037855407556,8
10519,5.782608090899359,5.982271233039568,0.19966314214020908,1
10520,5.78228381063915,5.982271233039568,0.1999874224004179,10
10521,6.77298031021289,6.973127853599698,0.20014754338680874,5
10522,6.772931550111451,6.973127853599698,0.20019630348824702,8
10523,6.790083449613707,6.973127853599698,0.1830444039859911,1
10524,6.773097624689481,6.973127853599698,0.20003022891021693,10
10525,6.773230999611908,6.973127853599698,0.19989685398779056,6
10526,6.772914224957617,6.973127853599698,0.20021362864208125,9
10527,6.773447867573072,6.973127853599698,0.1996799860266263,7
10528,6.773080888363829,6.973127853599698,0.2000469652358694,4
10529,6.77277867785889,6.973127853599698,0.20034917574080868,3
10530,6.3179798240291385,6.077731179652392,-0.24024864437674687,8
10531,6.351111656084394,6.077731179652392,-0.2733804764320027,6
10532,6.335390153920145,6.077731179652392,-0.25765897426775375,7
10533,6.372058548293341,6.077731179652392,-0.29432736864094977,2
10534,6.323359467332736,6.077731179652392,-0.2456282876803444,5
10535,6.330836447764299,6.077731179652392,-0.2531052681119075,10
10536,6.351012914666776,6.077731179652392,-0.27328173501438435,4
10537,6.27790070158037,6.077731179652392,-0.200169521927978,9
10538,6.360524017768027,6.077731179652392,-0.28279283811563527,1
10539,6.514781423886963,6.3979400086720375,-0.11684141521492553,4
10540,6.479962485860599,6.3979400086720375,-0.08202247718856182,8
10541,6.451613653760788,6.3979400086720375,-0.05367364508875028,3
10542,6.433688805655807,6.3979400086720375,-0.03574879698376954,2
10543,6.373690470697188,6.3979400086720375,0.024249537974849744,6
10544,6.4808019706951505,6.3979400086720375,-0.08286196202311302,7
10545,6.248511130669441,6.3979400086720375,0.1494288780025963,5
10546,6.504837685290119,6.3979400086720375,-0.10689767661808158,10
10547,6.419526864035644,6.3979400086720375,-0.021586855363606716,1
10548,6.857226182055235,7.294466226161593,0.43724004410635864,7
10549,6.98010410551965,7.294466226161593,0.3143621206419436,9
10550,6.836101805621215,7.294466226161593,0.45836442054037807,6
10551,6.88105334218539,7.294466226161593,0.41341288397620346,10
10552,6.792185535638722,7.294466226161593,0.5022806905228716,2
10553,6.7917895148064735,7.294466226161593,0.5026767113551198,5
10554,6.898200239948802,7.294466226161593,0.3962659862127911,3
10555,6.875576281887658,7.294466226161593,0.41888994427393555,4
10556,6.897327342235574,7.294466226161593,0.3971388839260195,8
10557,6.727507049218529,7.333648756514701,0.6061417072961719,10
10558,6.64485235713335,7.333648756514701,0.6887963993813511,3
10559,6.740727525876073,7.333648756514701,0.5929212306386278,6
10560,6.66163359531685,7.333648756514701,0.6720151611978507,7
10561,6.725444819513174,7.333648756514701,0.6082039370015266,1
10562,6.715770107004459,7.333648756514701,0.6178786495102422,5
10563,6.698381368079913,7.333648756514701,0.6352673884347881,9
10564,6.681215039750007,7.333648756514701,0.6524337167646941,4
10565,6.672166090490695,7.333648756514701,0.6614826660240061,8
10566,6.673653682158675,7.793755472155577,1.1201017899969017,10
10567,6.6131488341162,7.793755472155577,1.180606638039377,8
10568,6.673720953882322,7.793755472155577,1.120034518273255,2
10569,6.7351518867640445,7.793755472155577,1.0586035853915323,9
10570,6.650227270607365,7.793755472155577,1.1435282015482118,4
10571,6.707227081837349,7.793755472155577,1.086528390318228,1
10572,6.700882617320282,7.793755472155577,1.0928728548352948,6
10573,6.800063552708696,7.793755472155577,0.9936919194468805,3
10574,6.670311260803234,7.793755472155577,1.1234442113523428,7
10575,6.580659812820624,6.087071205906535,-0.4935886069140887,10
10576,6.534522053553593,6.087071205906535,-0.44745084764705734,3
10577,6.560209912685912,6.087071205906535,-0.47313870677937686,2
10578,6.589619579714367,6.087071205906535,-0.5025483738078318,6
10579,6.421957604707588,6.087071205906535,-0.33488639880105264,4
10580,6.440600911279466,6.087071205906535,-0.3535297053729307,5
10581,6.557359598408392,6.087071205906535,-0.47028839250185683,9
10582,6.580512118678917,6.087071205906535,-0.4934409127723818,8
10583,6.612868484985002,6.087071205906535,-0.5257972790784669,7
10584,6.7351518867640445,6.0,-0.7351518867640445,9
10585,6.670311260803234,6.0,-0.670311260803234,7
10586,6.700882617320282,6.0,-0.700882617320282,6
10587,6.673653682158675,6.0,-0.6736536821586752,10
10588,6.673720953882322,6.0,-0.6737209538823219,2
10589,6.6131488341162,6.0,-0.6131488341161999,8
10590,6.650227270607365,6.0,-0.6502272706073651,4
10591,6.707227081837349,6.0,-0.707227081837349,1
10592,6.800063552708696,6.0,-0.8000635527086963,3
10593,6.563256547981802,6.544068044350276,-0.019188503631526466,10
10594,6.630487820332209,6.544068044350276,-0.08641977598193318,6
10595,6.62446151730109,6.544068044350276,-0.08039347295081445,8
10596,6.608473938139625,6.544068044350276,-0.06440589378934902,9
10597,6.589337886592867,6.544068044350276,-0.04526984224259145,3
10598,6.660603457427401,6.544068044350276,-0.11653541307712523,1
10599,6.585752803662545,6.544068044350276,-0.041684759312269115,5
10600,6.6588339732407995,6.544068044350276,-0.11476592889052384,7
10601,6.642053971297143,6.544068044350276,-0.09798592694686725,2
10602,7.298606485579484,7.845098040014257,0.5464915544347733,3
10603,7.2837686387360865,7.845098040014257,0.5613294012781704,5
10604,7.285359929493269,7.845098040014257,0.5597381105209882,4
10605,7.2832694070535755,7.845098040014257,0.5618286329606814,2
10606,7.28360149324316,7.845098040014257,0.5614965467710968,10
10607,7.2836191853333805,7.845098040014257,0.5614788546808764,7
10608,7.283465614690859,7.845098040014257,0.5616324253233982,8
10609,7.283848651889195,7.845098040014257,0.561249388125062,9
10610,7.2878324211190515,7.845098040014257,0.5572656188952054,6
10611,6.156300169055393,7.301029995663981,1.1447298266085886,4
10612,6.199652554419702,7.301029995663981,1.1013774412442796,9
10613,6.200158917787,7.301029995663981,1.100871077876981,7
10614,6.199995732392919,7.301029995663981,1.1010342632710621,10
10615,6.1997612999029075,7.301029995663981,1.1012686957610738,2
10616,6.18258955981471,7.301029995663981,1.118440435849271,5
10617,6.199760083446882,7.301029995663981,1.1012699122170995,3
10618,6.24348217192367,7.301029995663981,1.057547823740311,6
10619,6.199989142255452,7.301029995663981,1.101040853408529,8
10620,5.797478787128721,6.975431808509263,1.1779530213805414,4
10621,5.7613279095815875,6.975431808509263,1.2141038989276751,9
10622,5.77497445353892,6.975431808509263,1.200457354970343,7
10623,5.826587259606401,6.975431808509263,1.1488445489028614,5
10624,5.828732858319502,6.975431808509263,1.1466989501897604,3
10625,5.895612528876088,6.975431808509263,1.079819279633175,1
10626,5.7877611672694345,6.975431808509263,1.1876706412398281,8
10627,5.868206329579817,6.975431808509263,1.107225478929446,6
10628,5.8286953400413495,6.975431808509263,1.146736468467913,2
10629,6.384888567531834,6.184691430817598,-0.20019713671423567,5
10630,6.485677251396398,6.184691430817598,-0.3009858205787994,1
10631,6.406946817630074,6.184691430817598,-0.22225538681247592,8
10632,6.4846235313669816,6.184691430817598,-0.29993210054938313,9
10633,6.4324495715323495,6.184691430817598,-0.2477581407147511,3
10634,6.428257483570865,6.184691430817598,-0.24356605275326615,7
10635,6.384567759547707,6.184691430817598,-0.19987632873010863,10
10636,6.443969356441517,6.184691430817598,-0.2592779256239188,6
10637,6.4759598505963964,6.184691430817598,-0.291268419778798,2
10638,6.080848027069111,6.281033367247727,0.20018534017861622,8
10639,6.080999716752514,6.281033367247727,0.2000336504952136,7
10640,6.080686516671015,6.281033367247727,0.20034685057671187,6
10641,6.081399946125904,6.281033367247727,0.19963342112182314,4
10642,6.0809091749801825,6.281033367247727,0.20012419226754474,3
10643,6.080809753691282,6.281033367247727,0.20022361355644502,1
10644,6.081132661697868,6.281033367247727,0.19990070554985895,10
10645,6.081149397400225,6.281033367247727,0.19988396984750256,9
10646,6.0813312117776395,6.281033367247727,0.19970215547008774,5
10647,5.541750457405642,5.012837224705172,-0.5289132327004697,5
10648,5.5696505593687675,5.012837224705172,-0.5568133346635955,10
10649,5.56093394028578,5.012837224705172,-0.5480967155806082,4
10650,5.565255716843154,5.012837224705172,-0.5524184921379822,3
10651,5.55892460682705,5.012837224705172,-0.5460873821218781,6
10652,5.3324127791935005,5.012837224705172,-0.31957555448832853,1
10653,5.494083538100886,5.012837224705172,-0.48124631339571433,8
10654,5.556375719981372,5.012837224705172,-0.5435384952762004,2
10655,5.576786909768968,5.012837224705172,-0.563949685063796,7
10656,6.635252328258098,7.735997884091794,1.1007455558336954,3
10657,6.656426571959095,7.735997884091794,1.0795713121326989,1
10658,6.409414590945016,7.735997884091794,1.3265832931467774,5
10659,6.679393330447054,7.735997884091794,1.05660455364474,2
10660,6.591945896100785,7.735997884091794,1.1440519879910092,9
10661,6.6048335930882685,7.735997884091794,1.1311642910035253,4
10662,6.52625759846236,7.735997884091794,1.209740285629434,7
10663,6.647735390311854,7.735997884091794,1.0882624937799399,6
10664,6.63145422035532,7.735997884091794,1.1045436637364734,8
10665,6.212576903392242,5.301029995663981,-0.911546907728261,4
10666,6.246969290472189,5.301029995663981,-0.9459392948082082,9
10667,6.244626864966141,5.301029995663981,-0.9435968693021595,7
10668,6.229664798477426,5.301029995663981,-0.9286348028134448,2
10669,6.179316864491705,5.301029995663981,-0.8782868688277237,5
10670,6.19194086008399,5.301029995663981,-0.8909108644200083,3
10671,6.191289185144209,5.301029995663981,-0.8902591894802274,8
10672,6.195655041781378,5.301029995663981,-0.8946250461173966,6
10673,6.200651479657008,5.301029995663981,-0.8996214839930268,10
10674,6.375075273794102,6.618633737597086,0.24355846380298374,10
10675,6.419063239183644,6.618633737597086,0.19957049841344165,6
10676,6.418831780234665,6.618633737597086,0.19980195736242035,2
10677,6.37488085289392,6.618633737597086,0.24375288470316558,8
10678,6.355765081783594,6.618633737597086,0.2628686558134916,5
10679,6.374924776849255,6.618633737597086,0.24370896074783044,7
10680,6.375208004842432,6.618633737597086,0.24342573275465362,4
10681,6.374789780392294,6.618633737597086,0.2438439572047919,3
10682,6.375443212821804,6.618633737597086,0.24319052477528125,1
10683,6.747349447425665,7.665017825412472,0.9176683779868071,6
10684,6.699408853720774,7.665017825412472,0.9656089716916982,5
10685,6.810453793369136,7.665017825412472,0.8545640320433368,7
10686,6.771298376780295,7.665017825412472,0.8937194486321776,2
10687,6.703604457228662,7.665017825412472,0.96141336818381,10
10688,6.768973718699734,7.665017825412472,0.896044106712738,1
10689,6.792450262299061,7.665017825412472,0.8725675631134111,4
10690,6.7950256195715495,7.665017825412472,0.8699922058409228,9
10691,6.746530254070414,7.665017825412472,0.9184875713420579,8
10692,6.5619411372437435,6.361727836017593,-0.20021330122615044,2
10693,6.562100089858163,6.361727836017593,-0.20037225384056967,7
10694,6.561668847575451,6.361727836017593,-0.1999410115578577,6
10695,6.56170806745814,6.361727836017593,-0.19998023144054677,1
10696,6.561645971143157,6.361727836017593,-0.19991813512556433,9
10697,6.5620490300742205,6.361727836017593,-0.2003211940566274,5
10698,6.561832529545509,6.361727836017593,-0.2001046935279156,4
10699,6.561731134278513,6.361727836017593,-0.20000329826091967,10
10700,6.561526140667501,6.361727836017593,-0.19979830464990833,8
10701,6.670164615353933,6.886490725172482,0.21632610981854938,8
10702,6.677915366735756,6.886490725172482,0.20857535843672625,9
10703,6.686262226217902,6.886490725172482,0.20022849895457995,3
10704,6.68617671290681,6.886490725172482,0.20031401226567258,6
10705,6.657323861329048,6.886490725172482,0.22916686384343432,4
10706,6.691033640295963,6.886490725172482,0.19545708487651936,1
10707,6.686231557269302,6.886490725172482,0.2002591679031802,2
10708,6.686434396002082,6.886490725172482,0.20005632917040028,10
10709,6.686401531193747,6.886490725172482,0.20008919397873548,7
10710,6.545607570387756,7.477121254719663,0.9315136843319065,6
10711,6.529758582714487,7.477121254719663,0.947362672005176,3
10712,6.531714877467965,7.477121254719663,0.9454063772516976,5
10713,6.516964821580992,7.477121254719663,0.9601564331386703,10
10714,6.5411011546132585,7.477121254719663,0.9360201001064041,8
10715,6.572190332225042,7.477121254719663,0.9049309224946205,7
10716,6.569392621904631,7.477121254719663,0.907728632815032,9
10717,6.535632414387318,7.477121254719663,0.9414888403323447,2
10718,6.560588819569206,7.477121254719663,0.9165324351504562,1
10719,5.876600092828611,6.079181246047625,0.20258115321901382,8
10720,5.888358124953452,6.079181246047625,0.19082312109417288,6
10721,6.279517206595036,6.079181246047625,-0.20033596054741132,3
10722,5.90350675583857,6.079181246047625,0.17567449020905546,4
10723,5.879283272216403,6.079181246047625,0.19989797383122188,5
10724,5.909750165761001,6.079181246047625,0.1694310802866239,9
10725,5.8954115033710375,6.079181246047625,0.18376974267658763,1
10726,5.940743686840531,6.079181246047625,0.13843755920709455,10
10727,5.899075054470907,6.079181246047625,0.18010619157671837,7
10728,6.544540752788459,6.744918542441353,0.20037778965289466,10
10729,6.544809802318955,6.744918542441353,0.2001087401223982,1
10730,6.544758567618163,6.744918542441353,0.20015997482319037,8
10731,6.544538074228103,6.744918542441353,0.2003804682132504,9
10732,6.544682759803084,6.744918542441353,0.20023578263826902,3
10733,6.5448374072830635,6.744918542441353,0.20008113515828985,4
10734,6.54523760814384,6.744918542441353,0.199680934297513,6
10735,6.54539625282203,6.744918542441353,0.19952228961932317,7
10736,6.544516738419834,6.744918542441353,0.20040180402151897,5
10737,6.6131488341162,5.2455126678141495,-1.3676361663020504,8
10738,6.650227270607365,5.2455126678141495,-1.4047146027932156,4
10739,6.673653682158675,5.2455126678141495,-1.4281410143445257,10
10740,6.670311260803234,5.2455126678141495,-1.4247985929890845,7
10741,6.707227081837349,5.2455126678141495,-1.4617144140231995,1
10742,6.700882617320282,5.2455126678141495,-1.4553699495061325,6
10743,6.673720953882322,5.2455126678141495,-1.4282082860681724,2
10744,6.700026011904997,5.2455126678141495,-1.4545133440908478,5
10745,6.7351518867640445,5.2455126678141495,-1.489639218949895,9
10746,6.639705975606135,6.698970004336019,0.05926402872988401,2
10747,6.630390734923543,6.698970004336019,0.06857926941247605,6
10748,6.6671946125725015,6.698970004336019,0.03177539176351729,3
10749,6.580490378277517,6.698970004336019,0.11847962605850171,8
10750,6.5983875237912155,6.698970004336019,0.10058248054480323,5
10751,6.628143473103215,6.698970004336019,0.0708265312328038,4
10752,6.662286829283452,6.698970004336019,0.03668317505256713,1
10753,6.642338291353116,6.698970004336019,0.05663171298290237,7
10754,6.682250531465952,6.698970004336019,0.01671947287006681,10
10755,6.846263451419507,7.174234304941022,0.32797085352151534,7
10756,6.7745170615529,7.174234304941022,0.399717243388122,4
10757,6.907004631088737,7.174234304941022,0.2672296738522846,10
10758,6.765084152490568,7.174234304941022,0.4091501524504544,2
10759,6.806227025218073,7.174234304941022,0.3680072797229492,6
10760,6.704865324254568,7.174234304941022,0.46936898068645405,3
10761,6.799345146983308,7.174234304941022,0.37488915795771405,5
10762,6.863045436407906,7.174234304941022,0.3111888685331161,1
10763,6.842654901352526,7.174234304941022,0.3315794035884956,9
10764,6.308948054843235,6.047140468477217,-0.2618075863660181,6
10765,6.3449431141121195,6.047140468477217,-0.2978026456349028,2
10766,6.265569567927373,6.047140468477217,-0.2184290994501561,9
10767,6.307716150916864,6.047140468477217,-0.26057568243964724,8
10768,6.288508691004901,6.047140468477217,-0.24136822252768386,10
10769,6.285651835572906,6.047140468477217,-0.23851136709568888,5
10770,6.261964920979049,6.047140468477217,-0.21482445250183257,4
10771,6.375625838443128,6.047140468477217,-0.32848536996591093,1
10772,6.302443853315018,6.047140468477217,-0.25530338483780124,3
10773,6.035580701707853,5.628388930050312,-0.4071917716575415,7
10774,5.947655573877608,5.628388930050312,-0.3192666438272962,4
10775,6.034039107648729,5.628388930050312,-0.40565017759841737,2
10776,6.0005134151116275,5.628388930050312,-0.3721244850613159,5
10777,5.98349874100566,5.628388930050312,-0.35510981095534877,10
10778,5.99617442438276,5.628388930050312,-0.36778549433244834,6
10779,5.97959230532465,5.628388930050312,-0.35120337527433865,9
10780,5.996400886913707,5.628388930050312,-0.3680119568633957,3
10781,6.020308861588579,5.628388930050312,-0.39191993153826754,8
10782,6.037402043628632,7.204119982655925,1.1667179390272926,5
10783,6.317096130459788,7.204119982655925,0.8870238521961369,10
10784,6.2157868436964785,7.204119982655925,0.9883331389594465,9
10785,6.167479208565748,7.204119982655925,1.036640774090177,4
10786,6.253494874539141,7.204119982655925,0.9506251081167836,1
10787,6.217742051001703,7.204119982655925,0.9863779316542223,6
10788,6.228759729963557,7.204119982655925,0.9753602526923677,3
10789,6.480693427933623,7.204119982655925,0.7234265547223018,2
10790,6.197531881045501,7.204119982655925,1.006588101610424,8
10791,6.699903882051865,6.900312496983727,0.20040861493186135,4
10792,6.700596905987556,6.900312496983727,0.19971559099617053,1
10793,6.700142026967359,6.900312496983727,0.200170470016368,7
10794,6.70073878203747,6.900312496983727,0.19957371494625686,9
10795,6.700346615896726,6.900312496983727,0.19996588108700042,6
10796,6.699827734302711,6.900312496983727,0.20048476268101556,2
10797,6.70139825793211,6.900312496983727,0.19891423905161698,10
10798,6.700324562387248,6.900312496983727,0.19998793459647857,3
10799,6.700496543216299,6.900312496983727,0.19981595376742778,5
10800,5.799978055421444,6.0,0.20002194457855627,6
10801,5.799619503503337,6.0,0.20038049649666334,10
10802,5.800014331857979,6.0,0.19998566814202068,5
10803,5.800237917704446,6.0,0.19976208229555414,4
10804,5.799874674853069,6.0,0.2001253251469306,1
10805,5.7995345089688275,6.0,0.2004654910311725,3
10806,5.799977586276483,6.0,0.20002241372351737,9
10807,5.799955724210579,6.0,0.20004427578942074,8
10808,5.800353842338948,6.0,0.19964615766105176,7
10809,5.094180300482028,4.041392685158225,-1.052787615323803,4
10810,4.896703868989451,4.041392685158225,-0.8553111838312253,3
10811,4.876527255833852,4.041392685158225,-0.8351345706756268,10
10812,4.817674030663785,4.041392685158225,-0.7762813455055593,5
10813,4.882475899742062,4.041392685158225,-0.8410832145838363,9
10814,4.9342751920383785,4.041392685158225,-0.8928825068801531,8
10815,4.6766415914415695,4.041392685158225,-0.6352489062833442,2
10816,4.958528266614677,4.041392685158225,-0.9171355814564519,7
10817,4.8619532940416565,4.041392685158225,-0.8205606088834312,1
10818,6.355765081783594,5.352240420182231,-1.0035246616013627,5
10819,6.12974915964616,5.352240420182231,-0.7775087394639284,9
10820,6.374924776849255,5.352240420182231,-1.0226843566670238,7
10821,6.375443212821804,5.352240420182231,-1.023202792639573,1
10822,6.418831780234665,5.352240420182231,-1.066591360052434,2
10823,6.375208004842432,5.352240420182231,-1.0229675846602007,4
10824,6.374789780392294,5.352240420182231,-1.0225493602100624,3
10825,6.375075273794102,5.352240420182231,-1.0228348536118705,10
10826,6.37488085289392,5.352240420182231,-1.0226404327116887,8
10827,6.200158917787,6.0,-0.20015891778700023,7
10828,6.24348217192367,6.0,-0.24348217192367017,6
10829,6.1997612999029075,6.0,-0.19976129990290747,2
10830,6.199760083446882,6.0,-0.1997600834468818,3
10831,6.186192303767359,6.0,-0.18619230376735896,1
10832,6.156300169055393,6.0,-0.15630016905539268,4
10833,6.199652554419702,6.0,-0.19965255441970164,9
10834,6.199989142255452,6.0,-0.19998914225545228,8
10835,6.199995732392919,6.0,-0.19999573239291912,10
10836,6.307716150916864,6.3807537708039,0.07303761988703616,8
10837,6.261964920979049,6.3807537708039,0.11878884982485083,4
10838,6.375625838443128,6.3807537708039,0.005127932360772469,1
10839,6.308948054843235,6.3807537708039,0.07180571596066532,6
10840,6.288508691004901,6.3807537708039,0.09224507979899954,10
10841,6.265569567927373,6.3807537708039,0.11518420287652731,9
10842,6.285651835572906,6.3807537708039,0.09510193523099453,5
10843,6.3449431141121195,6.3807537708039,0.03581065669178063,2
10844,6.334710150066588,6.3807537708039,0.046043620737312274,7
10845,5.843949721976097,6.07700432679335,0.23305460481725326,8
10846,5.876682434280746,6.07700432679335,0.20032189251260402,9
10847,5.8766402507242566,6.07700432679335,0.20036407606909368,2
10848,5.876664867864025,6.07700432679335,0.20033945892932525,7
10849,5.876967591100046,6.07700432679335,0.20003673569330438,5
10850,5.875729744571551,6.07700432679335,0.2012745822217994,1
10851,5.876842172622706,6.07700432679335,0.20016215417064398,3
10852,5.876783617238627,6.07700432679335,0.20022070955472326,6
10853,5.876750620269068,6.07700432679335,0.20025370652428265,10
10854,5.979491390674413,6.252124552505644,0.272633161831231,1
10855,5.9822538753673244,6.252124552505644,0.2698706771383197,5
10856,6.0090679299158,6.252124552505644,0.24305662258984384,7
10857,6.04713398332861,6.252124552505644,0.20499056917703395,9
10858,6.051978023797501,6.252124552505644,0.2001465287081432,3
10859,5.931456759519951,6.252124552505644,0.32066779298569337,8
10860,5.975569288012557,6.252124552505644,0.2765552644930871,6
10861,6.039782117855853,6.252124552505644,0.2123424346497913,2
10862,5.980621212748071,6.252124552505644,0.27150333975757324,10
10863,5.872021373367819,6.006037954997317,0.13401658162949825,4
10864,5.872559061810446,6.006037954997317,0.13347889318687045,1
10865,5.869869174121729,6.006037954997317,0.1361687808755878,8
10866,5.974709826983867,6.006037954997317,0.03132812801344986,2
10867,5.930448327751133,6.006037954997317,0.07558962724618379,6
10868,5.885940602351381,6.006037954997317,0.1200973526459359,3
10869,5.951750094659189,6.006037954997317,0.05428786033812827,5
10870,5.915202877460588,6.006037954997317,0.09083507753672926,7
10871,5.971890753836426,6.006037954997317,0.03414720116089054,10
10872,5.995177915077659,5.913018683747961,-0.08215923132969838,10
10873,5.941782708569564,5.913018683747961,-0.02876402482160323,8
10874,6.053305152037954,5.913018683747961,-0.14028646828999314,7
10875,5.9709905436969555,5.913018683747961,-0.0579718599489949,4
10876,5.985174358667512,5.913018683747961,-0.07215567491955177,1
10877,6.090377829469614,5.913018683747961,-0.17735914572165346,3
10878,6.074263164630981,5.913018683747961,-0.16124448088302046,2
10879,6.085199709656936,5.913018683747961,-0.17218102590897555,9
10880,6.031854116730806,5.913018683747961,-0.11883543298284582,5
10881,5.850341794166956,5.742725131304698,-0.10761666286225857,4
10882,5.879067929876456,5.742725131304698,-0.13634279857175802,10
10883,5.942982410052428,5.742725131304698,-0.20025727874773036,3
10884,5.886536730454335,5.742725131304698,-0.14381159914963693,6
10885,5.84887435020377,5.742725131304698,-0.10614921889907247,8
10886,5.916497354831087,5.742725131304698,-0.173772223526389,9
10887,5.905052422012849,5.742725131304698,-0.16232729070815122,1
10888,5.942927916187552,5.742725131304698,-0.2002027848828538,7
10889,5.9430048682299415,5.742725131304698,-0.2002797369252436,2
10890,5.393894529647499,4.845098040014257,-0.5487964896332418,8
10891,5.604363525611333,4.845098040014257,-0.7592654855970764,9
10892,5.494307574113816,4.845098040014257,-0.6492095340995592,4
10893,5.571826766066266,4.845098040014257,-0.7267287260520092,1
10894,5.6177439685435395,4.845098040014257,-0.7726459285292826,7
10895,5.499590483761108,4.845098040014257,-0.6544924437468511,3
10896,5.565259509529552,4.845098040014257,-0.7201614695152951,10
10897,5.6734815075975105,4.845098040014257,-0.8283834675832535,5
10898,5.634684305760978,4.845098040014257,-0.7895862657467214,2
10899,6.057366125349458,5.857030798272624,-0.200335327076834,6
10900,6.056818870760197,5.857030798272624,-0.19978807248757313,3
10901,6.066052058774497,5.857030798272624,-0.2090212605018733,7
10902,6.056710856253728,5.857030798272624,-0.19968005798110422,4
10903,6.0649233703280405,5.857030798272624,-0.20789257205541656,10
10904,6.057250799016083,5.857030798272624,-0.20022000074345936,1
10905,6.0571008579494565,5.857030798272624,-0.20007005967683256,8
10906,6.085401654346925,5.857030798272624,-0.2283708560743012,5
10907,6.057406250986423,5.857030798272624,-0.20037545271379908,9
10908,5.708535141082151,6.078094150406411,0.3695590093242602,4
10909,5.850584573378791,6.078094150406411,0.22750957702761987,3
10910,5.793980986620537,6.078094150406411,0.28411316378587426,10
10911,5.7838856424682215,6.078094150406411,0.29420850793818953,1
10912,5.722746801808935,6.078094150406411,0.3553473485974763,8
10913,5.857901007671413,6.078094150406411,0.22019314273499813,9
10914,5.828281787784071,6.078094150406411,0.24981236262233963,7
10915,5.864567089350211,6.078094150406411,0.21352706105620012,2
10916,5.778615881416371,6.078094150406411,0.2994782689900397,5
10917,6.182108745041813,6.382233234970556,0.20012448992874354,4
10918,6.166192395902091,6.382233234970556,0.21604083906846494,6
10919,6.182097141574193,6.382233234970556,0.20013609339636318,1
10920,6.182415383657947,6.382233234970556,0.1998178513126092,9
10921,6.182315304916693,6.382233234970556,0.19991793005386338,3
10922,6.182610828214195,6.382233234970556,0.19962240675636078,5
10923,6.181867032755862,6.382233234970556,0.2003662022146946,2
10924,6.181998501653301,6.382233234970556,0.20023473331725494,7
10925,6.181985811726697,6.382233234970556,0.20024742324385958,10
10926,5.969238683091424,6.093421685162235,0.12418300207081057,9
10927,6.001831569605469,6.093421685162235,0.091590115556766,7
10928,5.897797776816517,6.093421685162235,0.19562390834571808,4
10929,5.915932866979101,6.093421685162235,0.177488818183134,1
10930,5.979603996936856,6.093421685162235,0.11381768822537897,3
10931,5.937212115683555,6.093421685162235,0.1562095694786798,2
10932,5.956410479434126,6.093421685162235,0.13701120572810854,5
10933,5.981741370254848,6.093421685162235,0.11168031490738706,6
10934,5.9239859219812185,6.093421685162235,0.16943576318101616,10
10935,5.970324780610585,5.78625439578978,-0.18407038482080473,7
10936,5.826695681920747,5.78625439578978,-0.04044128613096731,8
10937,5.851110614622693,5.78625439578978,-0.06485621883291337,4
10938,5.985557881020058,5.78625439578978,-0.19930348523027774,2
10939,5.91625785913879,5.78625439578978,-0.13000346334901014,6
10940,5.947801453170406,5.78625439578978,-0.16154705738062614,1
10941,5.965538420899105,5.78625439578978,-0.17928402510932528,3
10942,5.954359174699867,5.78625439578978,-0.16810477891008713,5
10943,5.94698542393842,5.78625439578978,-0.16073102814864004,9
10944,5.763817794924966,5.963787827345556,0.1999700324205893,8
10945,5.764081790050641,5.963787827345556,0.19970603729491465,4
10946,5.821896673878831,5.963787827345556,0.14189115346672487,6
10947,5.771846046358215,5.963787827345556,0.1919417809873405,1
10948,5.83905552894861,5.963787827345556,0.12473229839694522,3
10949,5.898336764039578,5.963787827345556,0.06545106330597772,2
10950,5.763878096194986,5.963787827345556,0.19990973115056931,5
10951,5.764271178600552,5.963787827345556,0.19951664874500352,10
10952,5.7637506450267795,5.963787827345556,0.2000371823187761,9
10953,5.8840739898604255,6.093421685162235,0.2093476953018092,10
10954,5.8856713211176315,6.093421685162235,0.20775036404460323,9
10955,5.893383153692502,6.093421685162235,0.20003853146973238,6
10956,5.89357809879511,6.093421685162235,0.19984358636712507,1
10957,5.893589788235691,6.093421685162235,0.19983189692654335,3
10958,5.893466993564649,6.093421685162235,0.1999546915975854,5
10959,5.89340224858347,6.093421685162235,0.20001943657876442,7
10960,5.8937045010226505,6.093421685162235,0.19971718413958417,2
10961,5.892937863145281,6.093421685162235,0.20048382201695336,8
10962,5.083022562828394,4.88309335857569,-0.19992920425270455,3
10963,5.082783427963613,4.88309335857569,-0.19969006938792333,10
10964,5.083142952098861,4.88309335857569,-0.20004959352317098,1
10965,5.082802188551171,4.88309335857569,-0.19970882997548145,6
10966,5.083016823983178,4.88309335857569,-0.19992346540748862,4
10967,5.083297962705234,4.88309335857569,-0.200204604129544,7
10968,5.083104053028805,4.88309335857569,-0.20001069445311526,2
10969,5.0827998791317155,4.88309335857569,-0.19970652055602578,8
10970,5.082950778853522,4.88309335857569,-0.1998574202778327,5
10971,5.392040675831348,5.123851640967086,-0.26818903486426215,2
10972,5.3493704001857125,5.123851640967086,-0.22551875921862674,4
10973,5.377052369827705,5.123851640967086,-0.2532007288606195,6
10974,5.383990177666902,5.123851640967086,-0.26013853669981657,9
10975,5.3349835953341165,5.123851640967086,-0.2111319543670307,5
10976,5.396462593857727,5.123851640967086,-0.2726109528906413,1
10977,5.35148307636047,5.123851640967086,-0.22763143539338415,10
10978,5.347815522210616,5.123851640967086,-0.22396388124353006,7
10979,5.379146807071234,5.123851640967086,-0.2552951661041485,3
10980,6.376420624131348,6.176091259055681,-0.20032936507566657,4
10981,6.239698021408861,6.176091259055681,-0.06360676235317975,6
10982,6.229116412027563,6.176091259055681,-0.05302515297188126,1
10983,6.229269206958526,6.176091259055681,-0.05317794790284491,10
10984,6.215281365309083,6.176091259055681,-0.03919010625340125,2
10985,6.259624643417186,6.176091259055681,-0.08353338436150448,8
10986,6.14365690669742,6.176091259055681,0.03243435235826109,3
10987,6.33001298333508,6.176091259055681,-0.15392172427939865,9
10988,6.347120781280105,6.176091259055681,-0.17102952222442358,7
10989,5.400283170891878,3.3010299956639813,-2.099253175227897,6
10990,5.438986290397803,3.3010299956639813,-2.1379562947338213,5
10991,5.405173677074307,3.3010299956639813,-2.104143681410326,8
10992,5.359111975448292,3.3010299956639813,-2.058081979784311,2
10993,5.327838183472997,3.3010299956639813,-2.0268081878090154,9
10994,5.234323374167732,3.3010299956639813,-1.933293378503751,1
10995,5.019196075120313,3.3010299956639813,-1.7181660794563314,7
10996,5.339530583957316,3.3010299956639813,-2.038500588293335,3
10997,5.360780935451778,3.3010299956639813,-2.059750939787797,10
10998,6.078750060648012,6.392978186542541,0.31422812589452853,6
10999,6.192658300993962,6.392978186542541,0.20031988554857882,8
11000,6.192795542171451,6.392978186542541,0.20018264437108968,4
11001,6.192962345456457,6.392978186542541,0.20001584108608395,9
11002,6.155287331251122,6.392978186542541,0.23769085529141876,1
11003,6.193008706664518,6.392978186542541,0.19996947987802294,7
11004,6.146530567774713,6.392978186542541,0.24644761876782795,3
11005,6.175728676908468,6.392978186542541,0.21724950963407252,2
11006,6.19268555904909,6.392978186542541,0.20029262749345111,10
11007,6.340818039086115,6.463445031770428,0.12262699268431287,2
11008,6.356317636470069,6.463445031770428,0.10712739530035886,10
11009,6.329135123869502,6.463445031770428,0.134309907900926,3
11010,6.42782444041492,6.463445031770428,0.035620591355508324,9
11011,6.4277127651662775,6.463445031770428,0.03573226660415063,7
11012,6.364222399057008,6.463445031770428,0.09922263271342047,1
11013,6.490703223642265,6.463445031770428,-0.027258191871836424,4
11014,6.380697125366489,6.463445031770428,0.08274790640393892,6
11015,6.371866118439309,6.463445031770428,0.09157891333111934,5
11016,6.097583825666516,5.0,-1.0975838256665158,5
11017,6.122793860561388,5.0,-1.122793860561388,4
11018,6.131073270416709,5.0,-1.1310732704167092,7
11019,6.105699424863054,5.0,-1.1056994248630536,8
11020,6.012547687851454,5.0,-1.0125476878514537,10
11021,6.045375716718983,5.0,-1.0453757167189828,3
11022,6.097893411002894,5.0,-1.097893411002894,1
11023,6.033980818035541,5.0,-1.0339808180355412,6
11024,6.099137649115224,5.0,-1.0991376491152236,2
11025,5.916604094903653,6.544068044350276,0.6274639494466223,8
11026,5.844555389097874,6.544068044350276,0.699512655252402,1
11027,5.895669076409753,6.544068044350276,0.6483989679405227,6
11028,5.960553174021351,6.544068044350276,0.5835148703289246,5
11029,5.9778516979524285,6.544068044350276,0.5662163463978471,9
11030,5.959698898917991,6.544068044350276,0.5843691454322846,4
11031,5.937009958442218,6.544068044350276,0.6070580859080579,2
11032,5.989691210246954,6.544068044350276,0.554376834103322,7
11033,5.913483153330997,6.544068044350276,0.6305848910192786,10
11034,6.280347107063453,6.75427186868346,0.4739247616200073,10
11035,6.38710146591882,6.75427186868346,0.3671704027646401,9
11036,6.336108154577669,6.75427186868346,0.41816371410579123,8
11037,6.335201157706764,6.75427186868346,0.4190707109766967,1
11038,6.36341457476702,6.75427186868346,0.3908572939164401,5
11039,6.3848202146469015,6.75427186868346,0.3694516540365589,7
11040,6.331235668688828,6.75427186868346,0.42303619999463216,3
11041,6.329349560743815,6.75427186868346,0.4249223079396458,6
11042,6.3996175525905485,6.75427186868346,0.35465431609291187,4
11043,6.26673885945754,6.152288344383057,-0.11445051507448323,7
11044,6.209741999072472,6.152288344383057,-0.05745365468941532,1
11045,6.132773510270124,6.152288344383057,0.019514834112932533,3
11046,6.208600985493369,6.152288344383057,-0.056312641110312533,5
11047,6.137817462410365,6.152288344383057,0.01447088197269153,10
11048,6.187884941086395,6.152288344383057,-0.03559659670333826,6
11049,6.234386038008286,6.152288344383057,-0.08209769362522934,9
11050,6.198265661679569,6.152288344383057,-0.04597731729651233,8
11051,6.302265422072022,6.152288344383057,-0.1499770776889653,4
11052,5.709435124007477,6.079181246047625,0.3697461220401479,10
11053,5.7043003161778,6.079181246047625,0.3748809298698248,5
11054,5.7066387144680135,6.079181246047625,0.3725425315796116,6
11055,5.651248379797498,6.079181246047625,0.42793286625012694,2
11056,5.7731437665112955,6.079181246047625,0.30603747953632965,9
11057,5.744342658823465,6.079181246047625,0.3348385872241604,8
11058,5.663810377193444,6.079181246047625,0.41537086885418084,3
11059,5.779522735548717,6.079181246047625,0.299658510498908,7
11060,5.753411571744488,6.079181246047625,0.3257696743031371,4
11061,5.993445781113634,6.544068044350276,0.550622263236642,5
11062,6.119726558796252,6.544068044350276,0.42434148555402373,9
11063,6.0005022594083055,6.544068044350276,0.5435657849419702,8
11064,5.998757239271071,6.544068044350276,0.5453108050792048,10
11065,6.028032871395595,6.544068044350276,0.5160351729546804,1
11066,6.072914267082518,6.544068044350276,0.47115377726775787,7
11067,6.033340687986124,6.544068044350276,0.5107273563641517,2
11068,6.111622796390588,6.544068044350276,0.43244524795968786,4
11069,6.0227428674434265,6.544068044350276,0.5213251769068492,6
11070,6.131167955190921,5.850033257689769,-0.2811346975011517,7
11071,6.096096430425641,5.850033257689769,-0.2460631727358722,5
11072,6.054226748369597,5.850033257689769,-0.2041934906798284,6
11073,6.050375516256281,5.850033257689769,-0.20034225856651222,10
11074,6.111397160836146,5.850033257689769,-0.2613639031463775,9
11075,6.049870965819903,5.850033257689769,-0.19983770813013368,2
11076,6.050278519036419,5.850033257689769,-0.20024526134664988,3
11077,6.189421793381039,5.850033257689769,-0.3393885356912705,4
11078,6.050244225021664,5.850033257689769,-0.2002109673318948,8
11079,6.03445379241831,5.187520720836463,-0.846933071581847,3
11080,6.04189682349181,5.187520720836463,-0.8543761026553476,6
11081,6.005941946423798,5.187520720836463,-0.8184212255873353,10
11082,6.029297215436985,5.187520720836463,-0.8417764946005226,5
11083,6.015349918325455,5.187520720836463,-0.8278291974889926,1
11084,6.09920354494791,5.187520720836463,-0.9116828241114474,8
11085,6.112682170086782,5.187520720836463,-0.9251614492503197,9
11086,6.217972474188532,5.187520720836463,-1.030451753352069,4
11087,6.095181060526517,5.187520720836463,-0.9076603396900547,2
11088,6.36989228831747,6.432327792261604,0.06243550394413422,3
11089,6.296547893737119,6.432327792261604,0.13577989852448447,6
11090,6.426448104206373,6.432327792261604,0.0058796880552307584,2
11091,6.4583559999553914,6.432327792261604,-0.026028207693787664,4
11092,6.51972699898454,6.432327792261604,-0.0873992067229361,9
11093,6.415452324123596,6.432327792261604,0.01687546813800811,5
11094,6.267329993236912,6.432327792261604,0.16499779902469136,10
11095,6.415736268391765,6.432327792261604,0.016591523869839087,8
11096,6.470298921517839,6.432327792261604,-0.037971129256234804,7
11097,6.417887162840061,6.776701183988411,0.35881402114835037,8
11098,6.448805721486394,6.776701183988411,0.32789546250201695,5
11099,6.475064698336176,6.776701183988411,0.3016364856522351,7
11100,6.425941237890081,6.776701183988411,0.3507599460983304,2
11101,6.420799748776211,6.776701183988411,0.35590143521219986,3
11102,6.4108284707880205,6.776701183988411,0.3658727132003907,1
11103,6.328028338921286,6.776701183988411,0.4486728450671249,10
11104,6.491040372838834,6.776701183988411,0.28566081114957687,9
11105,6.464165938907432,6.776701183988411,0.3125352450809791,4
11106,5.885940429312663,5.02938377768521,-0.8565566516274536,4
11107,5.921519049737418,5.02938377768521,-0.892135272052208,3
11108,5.924953622262387,5.02938377768521,-0.8955698445771771,10
11109,5.914288102200802,5.02938377768521,-0.8849043245155919,6
11110,5.932976862854107,5.02938377768521,-0.9035930851688976,5
11111,5.902328565417338,5.02938377768521,-0.8729447877321279,1
11112,5.977300832635755,5.02938377768521,-0.9479170549505449,9
11113,5.961608750854396,5.02938377768521,-0.9322249731691858,2
11114,5.8759934099713265,5.02938377768521,-0.8466096322861167,8
11115,5.861783220413864,6.360404054729939,0.49862083431607473,3
11116,5.99192110260742,6.360404054729939,0.3684829521225188,9
11117,5.86075646230106,6.360404054729939,0.4996475924288788,6
11118,5.921292679442677,6.360404054729939,0.4391113752872622,5
11119,5.896501041547199,6.360404054729939,0.4639030131827395,10
11120,5.932739600046846,6.360404054729939,0.427664454683093,2
11121,5.92302948353212,6.360404054729939,0.437374571197819,8
11122,5.889560560666435,6.360404054729939,0.47084349406350334,1
11123,6.012357842944112,6.360404054729939,0.3480462117858272,4
11124,5.975854158240702,6.176091259055681,0.20023710081497903,1
11125,5.976098521827337,6.176091259055681,0.1999927372283441,9
11126,6.031012750003251,6.176091259055681,0.14507850905243025,6
11127,5.976027895518191,6.176091259055681,0.20006336353749,10
11128,5.990828098518502,6.176091259055681,0.18526316053717906,8
11129,5.975975117032302,6.176091259055681,0.20011614202337924,5
11130,5.975863026104961,6.176091259055681,0.20022823295072012,7
11131,5.977211086755879,6.176091259055681,0.19888017229980193,4
11132,5.976055900591754,6.176091259055681,0.20003535846392761,3
11133,5.863545732428206,5.787318756624548,-0.07622697580365845,8
11134,5.91652920392284,5.787318756624548,-0.12921044729829223,7
11135,5.846149959438306,5.787318756624548,-0.05883120281375831,9
11136,5.834556267357048,5.787318756624548,-0.04723751073249982,2
11137,5.84614048269537,5.787318756624548,-0.058821726070822145,1
11138,5.858822335049649,5.787318756624548,-0.07150357842510147,5
11139,5.803955916010825,5.787318756624548,-0.016637159386276856,10
11140,5.826453476786068,5.787318756624548,-0.03913472016152042,6
11141,5.801266179099282,5.787318756624548,-0.013947422474734239,3
11142,5.734620198859885,3.89209460269048,-1.8425255961694047,4
11143,5.630135534897403,3.89209460269048,-1.738040932206923,6
11144,5.74275685923575,3.89209460269048,-1.8506622565452702,5
11145,5.682049030634637,3.89209460269048,-1.7899544279441573,8
11146,5.813063106811262,3.89209460269048,-1.9209685041207818,2
11147,5.672446619263694,3.89209460269048,-1.7803520165732145,9
11148,5.767395971354202,3.89209460269048,-1.875301368663722,7
11149,5.567599595131208,3.89209460269048,-1.675504992440728,3
11150,5.680441674550611,3.89209460269048,-1.788347071860131,1
11151,4.296730221162802,4.096910013008056,-0.19982020815474577,8
11152,4.296917710364662,4.096910013008056,-0.20000769735660562,10
11153,4.296443006048079,4.096910013008056,-0.19953299304002314,1
11154,4.410160610221686,4.096910013008056,-0.3132505972136297,7
11155,4.38891745973553,4.096910013008056,-0.2920074467274736,4
11156,4.465365141083074,4.096910013008056,-0.3684551280750181,9
11157,4.489679592367084,4.096910013008056,-0.3927695793590278,5
11158,4.416046317875819,4.096910013008056,-0.31913630486776245,3
11159,4.372389341154207,4.096910013008056,-0.27547932814615095,2
11160,4.625564963715616,3.404833716619938,-1.2207312470956784,1
11161,4.885863581777922,3.404833716619938,-1.4810298651579843,5
11162,4.806093541474465,3.404833716619938,-1.401259824854527,2
11163,4.8098473954172976,3.404833716619938,-1.4050136787973595,9
11164,4.820446142907613,3.404833716619938,-1.4156124262876753,3
11165,4.694472715794964,3.404833716619938,-1.289638999175026,8
11166,4.765073445721081,3.404833716619938,-1.3602397291011425,10
11167,4.507108395410846,3.404833716619938,-1.102274678790908,7
11168,4.6459416103925975,3.404833716619938,-1.2411078937726594,4
11169,5.616618714923517,5.816506437046357,0.19988772212284012,2
11170,5.587644988164827,5.816506437046357,0.22886144888152948,3
11171,5.616431131695775,5.816506437046357,0.20007530535058216,7
11172,5.540669192528786,5.816506437046357,0.27583724451757075,8
11173,5.616427496534229,5.816506437046357,0.20007894051212816,9
11174,5.61640372421687,5.816506437046357,0.20010271282948722,5
11175,5.5484414125272385,5.816506437046357,0.2680650245191183,1
11176,5.616175335120661,5.816506437046357,0.2003311019256957,4
11177,5.616660375038074,5.816506437046357,0.19984606200828292,6
11178,5.267359858596651,4.968482948553935,-0.29887691004271577,10
11179,5.4378169151853495,4.968482948553935,-0.4693339666314147,5
11180,5.337042278224223,4.968482948553935,-0.3685593296702878,1
11181,5.312217128701391,4.968482948553935,-0.3437341801474565,8
11182,5.38254704615082,4.968482948553935,-0.414064097596885,3
11183,5.56219915752694,4.968482948553935,-0.5937162089730048,6
11184,5.415775626341851,4.968482948553935,-0.4472926777879165,2
11185,5.368920448703973,4.968482948553935,-0.400437500150038,4
11186,5.4769577243136975,4.968482948553935,-0.5084747757597627,9
11187,4.218859094579109,3.833147111912785,-0.385711982666324,10
11188,4.304824369364006,3.833147111912785,-0.4716772574512209,6
11189,4.210020361783512,3.833147111912785,-0.37687324987072657,2
11190,4.19474765572321,3.833147111912785,-0.3616005438104253,7
11191,4.25298405706396,3.833147111912785,-0.4198369451511752,3
11192,4.033441852117155,3.833147111912785,-0.20029474020437021,4
11193,4.267942660592988,3.833147111912785,-0.43479554868020287,5
11194,4.305464484572623,3.833147111912785,-0.47231737265983753,9
11195,4.287148111978045,3.833147111912785,-0.4540010000652597,1
11196,5.75064612828177,6.146128035678238,0.3954819073964684,9
11197,5.652641690666302,6.146128035678238,0.4934863450119362,5
11198,5.715198633770366,6.146128035678238,0.4309294019078722,7
11199,5.741816185532348,6.146128035678238,0.40431185014589044,6
11200,5.528182643663036,6.146128035678238,0.6179453920152023,8
11201,5.596580586563553,6.146128035678238,0.5495474491146854,3
11202,5.677384135837904,6.146128035678238,0.4687438998403346,4
11203,5.679930766848387,6.146128035678238,0.466197268829851,2
11204,5.552391121578232,6.146128035678238,0.5937369141000062,10
11205,4.296443006048079,4.008600171761918,-0.2878428342861614,1
11206,4.372389341154207,4.008600171761918,-0.3637891693922892,2
11207,4.38891745973553,4.008600171761918,-0.38031728797361186,4
11208,4.296730221162802,4.008600171761918,-0.28813004940088405,8
11209,4.489679592367084,4.008600171761918,-0.48107942060516606,5
11210,4.842179338105102,4.008600171761918,-0.833579166343184,6
11211,4.296917710364662,4.008600171761918,-0.2883175386027439,10
11212,4.410160610221686,4.008600171761918,-0.40156043845976797,7
11213,4.465365141083074,4.008600171761918,-0.4567649693211564,9
11214,4.927150076632658,4.0,-0.9271500766326577,10
11215,5.038279813362563,4.0,-1.0382798133625633,7
11216,4.999496025483098,4.0,-0.999496025483098,4
11217,4.997199732900331,4.0,-0.9971997329003308,3
11218,5.0995238666528575,4.0,-1.0995238666528575,9
11219,4.91639868001902,4.0,-0.9163986800190198,1
11220,5.0299179703270545,4.0,-1.0299179703270545,2
11221,5.278909616357967,4.0,-1.278909616357967,6
11222,4.895522394017528,4.0,-0.8955223940175276,8
11223,5.241514497493302,4.089905111439398,-1.151609386053904,6
11224,5.05785367984865,4.089905111439398,-0.9679485684092519,7
11225,5.1590143646347215,4.089905111439398,-1.0691092531953235,9
11226,5.039256142613099,4.089905111439398,-0.949351031173701,4
11227,5.035629218975232,4.089905111439398,-0.9457241075358338,8
11228,5.137526051442661,4.089905111439398,-1.047620940003263,3
11229,5.059355148632253,4.089905111439398,-0.9694500371928552,1
11230,5.020539536891202,4.089905111439398,-0.930634425451804,10
11231,5.224654182949679,4.089905111439398,-1.1347490715102806,2
11232,5.2107102523665825,3.770852011642144,-1.4398582407244387,8
11233,5.253279217628032,3.770852011642144,-1.4824272059858883,7
11234,5.364346409332128,3.770852011642144,-1.5934943976899838,6
11235,5.25667353433511,3.770852011642144,-1.4858215226929659,4
11236,5.2554627521498185,3.770852011642144,-1.4846107405076747,2
11237,5.172407791437203,3.770852011642144,-1.4015557797950589,1
11238,5.242507545319269,3.770852011642144,-1.4716555336771249,5
11239,5.215364503579535,3.770852011642144,-1.4445124919373908,10
11240,5.2029635320812275,3.770852011642144,-1.4321115204390837,3
11241,4.807819644434926,3.6020599913279625,-1.2057596531069636,5
11242,4.7138319644299225,3.6020599913279625,-1.11177197310196,3
11243,4.825229432444383,3.6020599913279625,-1.2231694411164202,10
11244,4.775669799725204,3.6020599913279625,-1.1736098083972415,7
11245,4.909584957047778,3.6020599913279625,-1.3075249657198151,2
11246,4.679241178066876,3.6020599913279625,-1.0771811867389136,8
11247,4.804892499441501,3.6020599913279625,-1.2028325081135387,9
11248,4.788045383301923,3.6020599913279625,-1.1859853919739605,6
11249,4.709930263640297,3.6020599913279625,-1.1078702723123346,4
11250,3.944250620850421,3.869231719730976,-0.07501890111944531,2
11251,3.808467211874629,3.869231719730976,0.06076450785634657,5
11252,4.0066842584122835,3.869231719730976,-0.1374525386813077,8
11253,3.7203597418844945,3.869231719730976,0.14887197784648132,7
11254,3.8301350648608308,3.869231719730976,0.03909665487014502,1
11255,3.915884193022909,3.869231719730976,-0.046652473291933116,3
11256,4.069350211038612,3.869231719730976,-0.2001184913076366,6
11257,3.9970275922262735,3.869231719730976,-0.12779587249529767,4
11258,4.013639212595449,3.869231719730976,-0.1444074928644734,10
11259,3.647346406435138,3.206825876031849,-0.4405205304032891,7
11260,4.079516703339225,3.206825876031849,-0.8726908273073759,8
11261,4.120477467353611,3.206825876031849,-0.913651591321762,10
11262,4.023268830721544,3.206825876031849,-0.8164429546896947,9
11263,3.916469774602948,3.206825876031849,-0.7096438985710991,1
11264,4.023405287973262,3.206825876031849,-0.8165794119414125,4
11265,4.0232388595000055,3.206825876031849,-0.8164129834681564,2
11266,4.023298831395832,3.206825876031849,-0.8164729553639827,3
11267,4.023749695220066,3.206825876031849,-0.8169238191882169,5
11268,3.7916376717190445,3.589949601325708,-0.20168807039333636,8
11269,3.7918668312238237,3.589949601325708,-0.20191722989811556,4
11270,3.789864001331141,3.589949601325708,-0.19991440000543292,10
11271,3.79018198943137,3.589949601325708,-0.20023238810566202,7
11272,3.7900021133947783,3.589949601325708,-0.20005251206907015,3
11273,3.789998104511386,3.589949601325708,-0.2000485031856778,1
11274,3.892198690166377,3.589949601325708,-0.3022490888406688,9
11275,3.789887415576559,3.589949601325708,-0.199937814250851,2
11276,3.789495876002782,3.589949601325708,-0.19954627467707375,5
11277,4.119001611358206,2.903089986991944,-1.2159116243662615,2
11278,4.0546347505972005,2.903089986991944,-1.1515447636052563,10
11279,4.099018076702385,2.903089986991944,-1.1959280897104407,7
11280,4.059868958878965,2.903089986991944,-1.1567789718870212,8
11281,4.289783157938375,2.903089986991944,-1.386693170946431,6
11282,4.085408581176285,2.903089986991944,-1.1823185941843408,3
11283,3.9628974598967686,2.903089986991944,-1.0598074729048244,1
11284,4.252388476930438,2.903089986991944,-1.3492984899384939,9
11285,4.009146612755782,2.903089986991944,-1.1060566257638382,5
11286,4.377156133965296,4.167317334748176,-0.20983879921712045,8
11287,4.436839566757976,4.167317334748176,-0.2695222320098001,6
11288,4.3672472989975155,4.167317334748176,-0.19992996424933995,3
11289,4.367488862532616,4.167317334748176,-0.20017152778444025,10
11290,4.416092134883544,4.167317334748176,-0.24877480013536868,2
11291,4.302064047435276,4.167317334748176,-0.13474671268710026,1
11292,4.366961432115862,4.167317334748176,-0.1996440973676865,7
11293,4.238214994165288,4.167317334748176,-0.07089765941711246,5
11294,4.460941851794942,4.167317334748176,-0.2936245170467666,4
11295,4.392848132712685,4.035829825252828,-0.35701830745985674,10
11296,4.2466429022109144,4.035829825252828,-0.21081307695808604,8
11297,4.275946522080266,4.035829825252828,-0.24011669682743797,6
11298,4.323602143162642,4.035829825252828,-0.2877723179098135,4
11299,4.245545353475189,4.035829825252828,-0.20971552822236017,3
11300,4.380892477407951,4.035829825252828,-0.34506265215512233,9
11301,4.266244946366195,4.035829825252828,-0.23041512111336626,7
11302,4.2355076847276925,4.035829825252828,-0.19967785947486405,1
11303,4.235544227519431,4.035829825252828,-0.19971440226660242,5
11304,6.019979934236239,6.024046225131059,0.004066290894820135,1
11305,5.824054375047546,6.024046225131059,0.19999185008351272,6
11306,5.823911335623776,6.024046225131059,0.2001348895072832,8
11307,5.853560812083745,6.024046225131059,0.1704854130473139,10
11308,5.835038248276219,6.024046225131059,0.18900797685483983,4
11309,5.88903927047223,6.024046225131059,0.13500695465882906,7
11310,5.8241792074355745,6.024046225131059,0.19986701769548443,3
11311,5.833007290624453,6.024046225131059,0.19103893450660614,5
11312,5.840327478575017,6.024046225131059,0.1837187465560417,2
11313,5.047820916448533,5.247973266361806,0.20015234991327358,7
11314,5.055692470182895,5.247973266361806,0.19228079617891147,4
11315,5.047715026392853,5.247973266361806,0.20025823996895298,3
11316,5.073859501210934,5.247973266361806,0.17411376515087262,6
11317,5.047978791672379,5.247973266361806,0.19999447468942755,2
11318,5.0476262991706005,5.247973266361806,0.20034696719120593,5
11319,5.238335607052521,5.247973266361806,0.009637659309285063,1
11320,5.098254770072176,5.247973266361806,0.14971849628963074,10
11321,5.047693313444611,5.247973266361806,0.20027995291719503,8
11322,6.291277242511566,6.491361693834273,0.2000844513227067,9
11323,6.291514954323131,6.491361693834273,0.19984673951114207,5
11324,6.291187665307987,6.491361693834273,0.20017402852628585,7
11325,6.2914416130028386,6.491361693834273,0.19992008083143453,4
11326,6.291149201657863,6.491361693834273,0.20021249217641035,2
11327,6.291264419130362,6.491361693834273,0.2000972747039107,1
11328,6.291489333029749,6.491361693834273,0.19987236080452409,3
11329,6.291711783555401,6.491361693834273,0.1996499102788718,10
11330,6.291081656923319,6.491361693834273,0.20028003691095364,8
11331,5.1670276992411965,4.833147111912785,-0.3338805873284114,6
11332,5.326025604474644,4.833147111912785,-0.492878492561859,2
11333,5.313633779009349,4.833147111912785,-0.48048666709656374,8
11334,5.241958237240921,4.833147111912785,-0.40881112532813546,10
11335,5.3411415659034756,4.833147111912785,-0.5079944539906904,9
11336,5.283652217347697,4.833147111912785,-0.45050510543491207,7
11337,5.352120520933655,4.833147111912785,-0.5189734090208695,5
11338,5.339603402401873,4.833147111912785,-0.5064562904890879,3
11339,5.465724162362,4.833147111912785,-0.632577050449215,1
11340,6.067171094161169,6.334453751150931,0.26728265698976195,1
11341,5.816203594837051,6.334453751150931,0.5182501563138793,5
11342,5.936417224989157,6.334453751150931,0.398036526161774,9
11343,5.985788862909688,6.334453751150931,0.34866488824124264,3
11344,5.801358303034103,6.334453751150931,0.5330954481168275,10
11345,5.831377661122064,6.334453751150931,0.5030760900288671,7
11346,5.936557919688293,6.334453751150931,0.3978958314626375,4
11347,5.944354934041869,6.334453751150931,0.39009881710906136,8
11348,6.0073442130446235,6.334453751150931,0.32710953810630716,2
11349,6.5200259265166425,7.708420900134713,1.1883949736180703,8
11350,6.69636710176769,7.708420900134713,1.012053798367023,3
11351,6.685068977915686,7.708420900134713,1.0233519222190264,1
11352,6.612576226789176,7.708420900134713,1.0958446733455371,10
11353,6.5835251771196805,7.708420900134713,1.1248957230150323,7
11354,6.592775654654756,7.708420900134713,1.115645245479957,9
11355,6.56890471404013,7.708420900134713,1.1395161860945828,2
11356,6.573079180198003,7.708420900134713,1.1353417199367097,4
11357,6.563644358345833,7.708420900134713,1.1447765417888798,5
11358,5.70879315380633,4.698970004336019,-1.0098231494703116,10
11359,5.894341026538477,4.698970004336019,-1.1953710222024583,1
11360,5.627980871554002,4.698970004336019,-0.9290108672179835,3
11361,5.618501525986014,4.698970004336019,-0.9195315216499953,8
11362,5.612780006929354,4.698970004336019,-0.9138100025933351,4
11363,5.7065061975529945,4.698970004336019,-1.0075361932169757,2
11364,5.638521626518091,4.698970004336019,-0.9395516221820719,5
11365,5.598629611375982,4.698970004336019,-0.899659607039963,6
11366,5.689210067022137,4.698970004336019,-0.9902400626861185,9
11367,6.122057939199557,6.32221929473392,0.20016135553436332,1
11368,6.12256208466755,6.32221929473392,0.19965721006637072,7
11369,6.07327557259344,6.32221929473392,0.24894372214048044,4
11370,6.121969726697789,6.32221929473392,0.20024956803613136,10
11371,5.974305328501001,6.32221929473392,0.3479139662329196,8
11372,6.070067963349957,6.32221929473392,0.2521513313839634,5
11373,6.122383974927645,6.32221929473392,0.199835319806275,2
11374,6.122182308003145,6.32221929473392,0.2000369867307752,9
11375,6.024569127439828,6.32221929473392,0.2976501672940923,6
11376,5.309175482679817,6.2812606870550125,0.9720852043751957,2
11377,5.2803942872033405,6.2812606870550125,1.000866399851672,6
11378,5.418937661725754,6.2812606870550125,0.8623230253292586,7
11379,5.24050974873893,6.2812606870550125,1.0407509383160827,1
11380,5.233711029349044,6.2812606870550125,1.0475496577059689,5
11381,5.3034110025248715,6.2812606870550125,0.977849684530141,9
11382,5.279782499781303,6.2812606870550125,1.001478187273709,3
11383,5.450648299278703,6.2812606870550125,0.8306123877763092,8
11384,5.219372241117185,6.2812606870550125,1.0618884459378277,4
11385,6.02996017115525,6.230448921378274,0.20048875022302415,6
11386,6.030507876881634,6.230448921378274,0.19994104449664007,1
11387,6.030444999774414,6.230448921378274,0.2000039216038605,5
11388,6.0304673618452975,6.230448921378274,0.19998155953297658,10
11389,6.0304234932680245,6.230448921378274,0.2000254281102496,9
11390,6.030442303125006,6.230448921378274,0.20000661825326826,4
11391,6.030079475595201,6.230448921378274,0.20036944578307292,2
11392,6.030288398525149,6.230448921378274,0.2001605228531247,8
11393,6.030856366001085,6.230448921378274,0.19959255537718867,7
11394,5.799838168539075,5.0,-0.7998381685390754,1
11395,5.799854832799606,5.0,-0.799854832799606,6
11396,5.799624072638758,5.0,-0.7996240726387578,2
11397,5.822572325428419,5.0,-0.8225723254284194,10
11398,5.909216548418052,5.0,-0.9092165484180521,8
11399,5.799642143135292,5.0,-0.7996421431352916,4
11400,5.800015380292219,5.0,-0.8000153802922192,5
11401,5.799978677532237,5.0,-0.7999786775322368,3
11402,5.893457254227886,5.0,-0.8934572542278856,7
11403,5.578621974123276,4.26150077319828,-1.317121200924996,2
11404,5.8039329016415655,4.26150077319828,-1.5424321284432851,9
11405,5.698330367290235,4.26150077319828,-1.4368295940919547,1
11406,5.847989907464052,4.26150077319828,-1.5864891342657712,8
11407,5.7240285788032885,4.26150077319828,-1.4625278056050082,3
11408,5.78805853133972,4.26150077319828,-1.5265577581414398,6
11409,5.694035963636526,4.26150077319828,-1.4325351904382453,5
11410,5.680009913380109,4.26150077319828,-1.418509140181829,4
11411,5.805655567830493,4.26150077319828,-1.5441547946322123,7
11412,6.65131555333845,7.077222510411053,0.42590695707260284,3
11413,6.532881090075372,7.077222510411053,0.5443414203356811,9
11414,6.420697941753412,7.077222510411053,0.6565245686576411,1
11415,6.437629233170428,7.077222510411053,0.6395932772406248,6
11416,6.525861640211197,7.077222510411053,0.551360870199856,8
11417,6.515238944850733,7.077222510411053,0.56198356556032,10
11418,6.426815847263842,7.077222510411053,0.6504066631472112,4
11419,6.515675793613855,7.077222510411053,0.5615467167971975,7
11420,6.44128752508051,7.077222510411053,0.6359349853305432,2
11421,6.427442872502335,7.05865374157237,0.6312108690700349,1
11422,6.422776715687855,7.05865374157237,0.6358770258845157,8
11423,6.3739605708370055,7.05865374157237,0.6846931707353647,4
11424,6.349646372274749,7.05865374157237,0.7090073692976215,7
11425,6.391558753642568,7.05865374157237,0.6670949879298025,10
11426,6.462507788190711,7.05865374157237,0.5961459533816589,6
11427,6.4212655544585635,7.05865374157237,0.6373881871138067,9
11428,6.4220875582642325,7.05865374157237,0.6365661833081377,5
11429,6.485983908770823,7.05865374157237,0.5726698328015472,2
11430,5.200493346324336,5.0,-0.20049334632433613,10
11431,5.200260653113595,5.0,-0.2002606531135953,6
11432,5.200047362015599,5.0,-0.20004736201559936,1
11433,5.1997646754803934,5.0,-0.19976467548039345,7
11434,5.199493370819441,5.0,-0.1994933708194413,4
11435,5.199966845601101,5.0,-0.199966845601101,5
11436,5.199729192177317,5.0,-0.19972919217731722,9
11437,5.19949093141151,5.0,-0.19949093141150964,8
11438,5.19500131719244,5.0,-0.19500131719243985,2
11439,4.40644198577802,3.709269960975831,-0.6971720248021893,4
11440,4.469306283017282,3.709269960975831,-0.7600363220414512,1
11441,4.436980998532837,3.709269960975831,-0.7277110375570062,9
11442,4.5043868088347745,3.709269960975831,-0.7951168478589437,8
11443,4.594047312943696,3.709269960975831,-0.8847773519678648,3
11444,4.390734370407618,3.709269960975831,-0.6814644094317868,2
11445,4.359309899392711,3.709269960975831,-0.6500399384168802,7
11446,4.390603309475448,3.709269960975831,-0.6813333484996176,6
11447,4.414901261651222,3.709269960975831,-0.7056313006753911,10
11448,4.841234433698753,3.431363764158988,-1.4098706695397656,5
11449,4.850992111821741,3.431363764158988,-1.4196283476627531,9
11450,4.812278179770885,3.431363764158988,-1.3809144156118975,6
11451,4.79957783624992,3.431363764158988,-1.3682140720909324,7
11452,4.720462091227024,3.431363764158988,-1.2890983270680358,2
11453,4.8227742582256035,3.431363764158988,-1.3914104940666157,8
11454,4.783420515416336,3.431363764158988,-1.352056751257348,4
11455,4.747517698564346,3.431363764158988,-1.3161539344053583,1
11456,4.746715860493102,3.431363764158988,-1.3153520963341139,10
11457,4.802806238132831,5.0,0.19719376186716886,2
11458,4.811471784385623,5.0,0.18852821561437683,10
11459,5.1417725382961805,5.0,-0.14177253829618053,3
11460,4.93184278363875,5.0,0.06815721636125005,9
11461,4.9172699149509285,5.0,0.08273008504907153,8
11462,4.799833782885317,5.0,0.20016621711468296,1
11463,4.888975372135562,5.0,0.11102462786443823,4
11464,4.8362137033209756,5.0,0.16378629667902445,6
11465,4.799870979654773,5.0,0.20012902034522728,5
11466,5.879176858947457,6.079181246047625,0.20000438710016777,1
11467,5.879249751670915,6.079181246047625,0.19993149437671054,8
11468,5.879217021169625,6.079181246047625,0.19996422487800025,9
11469,5.8788183958839015,6.079181246047625,0.20036285016372357,6
11470,5.87905414573512,6.079181246047625,0.20012710031250514,2
11471,5.879108664665152,6.079181246047625,0.2000725813824733,5
11472,5.878869890802389,6.079181246047625,0.20031135524523602,10
11473,5.878949894292999,6.079181246047625,0.20023135175462592,4
11474,5.879658687565183,6.079181246047625,0.1995225584824425,7
11475,4.5310421178506495,3.770852011642144,-0.7601901062085057,5
11476,4.459049581531855,3.770852011642144,-0.6881975698897111,7
11477,4.506986996946361,3.770852011642144,-0.7361349853042176,1
11478,4.5490855055467545,3.770852011642144,-0.7782334939046107,8
11479,4.5898532677388655,3.770852011642144,-0.8190012560967217,9
11480,4.609129286800003,3.770852011642144,-0.8382772751578589,4
11481,4.508346597188538,3.770852011642144,-0.7374945855463944,6
11482,4.596650673077654,3.770852011642144,-0.8257986614355106,3
11483,4.529914550646998,3.770852011642144,-0.7590625390048542,2
11484,5.903887883585886,6.383653821462558,0.4797659378766719,10
11485,5.928371716895314,6.383653821462558,0.45528210456724416,8
11486,5.930503385243696,6.383653821462558,0.45315043621886186,6
11487,6.006797784600431,6.383653821462558,0.37685603686212765,9
11488,5.9487219795779405,6.383653821462558,0.43493184188461775,1
11489,5.944682617889056,6.383653821462558,0.4389712035735025,5
11490,5.929866643789406,6.383653821462558,0.4537871776731519,7
11491,6.0386005198106965,6.383653821462558,0.34505330165186177,4
11492,5.903424461567946,6.383653821462558,0.48022935989461235,2
11493,6.245880879673454,6.281941933440825,0.03606105376737112,6
11494,6.183486505286292,6.281941933440825,0.09845542815453268,2
11495,6.357141779876842,6.281941933440825,-0.07519984643601685,9
11496,6.2197177378436725,6.281941933440825,0.06222419559715231,1
11497,6.233485208384011,6.281941933440825,0.04845672505681353,8
11498,6.235948584530112,6.281941933440825,0.04599334891071294,7
11499,6.101087044996106,6.281941933440825,0.18085488844471875,10
11500,6.247345055109797,6.281941933440825,0.03459687833102798,3
11501,6.267372463407525,6.281941933440825,0.014569470033300114,4
11502,5.09003924538762,4.152288344383057,-0.9377509010045637,3
11503,5.180487445893189,4.152288344383057,-1.0281991015101326,2
11504,5.364086074429613,4.152288344383057,-1.2117977300465563,10
11505,5.202136141632257,4.152288344383057,-1.0498477972492006,4
11506,5.021385460657899,4.152288344383057,-0.8690971162748422,7
11507,4.951329149561837,4.152288344383057,-0.7990408051787803,8
11508,5.188189944695963,4.152288344383057,-1.035901600312906,5
11509,5.280312690055213,4.152288344383057,-1.1280243456721566,6
11510,5.236611761828833,4.152288344383057,-1.084323417445776,9
11511,5.919092212812395,6.176091259055681,0.25699904624328607,6
11512,5.685594196496229,6.176091259055681,0.49049706255945225,5
11513,5.9763343113233836,6.176091259055681,0.1997569477322978,10
11514,5.706512089528475,6.176091259055681,0.469579169527206,9
11515,5.654487621320409,6.176091259055681,0.5216036377352724,2
11516,5.929223375313317,6.176091259055681,0.24686788374236457,1
11517,5.604351008489198,6.176091259055681,0.5717402505664833,7
11518,5.710317259629262,6.176091259055681,0.4657739994264194,3
11519,5.6488159275232634,6.176091259055681,0.5272753315324179,4
11520,5.442015617293367,4.195899652409234,-1.2461159648841331,6
11521,5.162501955882696,4.195899652409234,-0.9666023034734623,4
11522,5.426876475777003,4.195899652409234,-1.2309768233677687,8
11523,5.3729220879915385,4.195899652409234,-1.1770224355823045,5
11524,5.147827888712949,4.195899652409234,-0.9519282363037149,7
11525,5.663699864785224,4.195899652409234,-1.4678002123759901,1
11526,5.407141036185774,4.195899652409234,-1.2112413837765397,3
11527,5.355616912440076,4.195899652409234,-1.1597172600308419,9
11528,5.290019786022116,4.195899652409234,-1.0941201336128819,10
11529,4.329678369706292,3.3010299956639813,-1.0286483740423105,4
11530,4.209345154651363,3.3010299956639813,-0.9083151589873815,7
11531,4.41409707495964,3.3010299956639813,-1.113067079295659,8
11532,4.329411717844006,3.3010299956639813,-1.0283817221800247,9
11533,4.472562233844396,3.3010299956639813,-1.171532238180415,2
11534,4.411540738411627,3.3010299956639813,-1.1105107427476462,1
11535,4.3610640478005545,3.3010299956639813,-1.0600340521365732,5
11536,4.409417028630895,3.3010299956639813,-1.108387032966914,3
11537,4.351195777717356,3.3010299956639813,-1.0501657820533747,10
11538,6.055320128440028,6.079181246047625,0.023861117607596682,4
11539,6.1471108813393665,6.079181246047625,-0.06792963529174134,6
11540,6.108651558056769,6.079181246047625,-0.02947031200914374,8
11541,6.141981391773269,6.079181246047625,-0.06280014572564419,2
11542,6.025639066690633,6.079181246047625,0.05354217935699168,7
11543,6.058915761912008,6.079181246047625,0.02026548413561713,1
11544,6.083766973124739,6.079181246047625,-0.004585727077113688,5
11545,6.123419937885492,6.079181246047625,-0.044238691837866995,3
11546,5.925133778731965,6.079181246047625,0.1540474673156602,10
11547,5.506882610429841,5.311753861055754,-0.19512874937408675,8
11548,5.511941912446842,5.311753861055754,-0.20018805139108764,6
11549,5.4540272033674935,5.311753861055754,-0.14227334231173927,5
11550,5.472415312301975,5.311753861055754,-0.160661451246221,9
11551,5.446533869907729,5.311753861055754,-0.1347800088519744,10
11552,5.5117034161254415,5.311753861055754,-0.19994955506968726,2
11553,5.485669976518239,5.311753861055754,-0.1739161154624851,1
11554,5.50370191749928,5.311753861055754,-0.19194805644352542,3
11555,5.4148942643833085,5.311753861055754,-0.10314040332755425,7
11556,5.224654182949679,5.041392685158225,-0.1832614977914533,2
11557,5.020539536891202,5.041392685158225,0.020853148267023336,10
11558,5.035629218975232,5.041392685158225,0.005763466182993504,8
11559,5.059355148632253,5.041392685158225,-0.017962463474027857,1
11560,5.05785367984865,5.041392685158225,-0.016460994690424613,7
11561,5.1590143646347215,5.041392685158225,-0.11762167947649615,9
11562,5.241514497493302,5.041392685158225,-0.20012181233507675,6
11563,5.039256142613099,5.041392685158225,0.0021365425451262965,4
11564,5.241429731370987,5.041392685158225,-0.20003704621276164,5
11565,5.355616912440076,4.41161970596323,-0.9439972064768458,9
11566,5.442015617293367,4.41161970596323,-1.030395911330137,6
11567,5.3729220879915385,4.41161970596323,-0.9613023820283084,5
11568,5.147827888712949,4.41161970596323,-0.7362081827497189,7
11569,5.754184750578524,4.41161970596323,-1.3425650446152941,2
11570,5.426876475777003,4.41161970596323,-1.0152567698137727,8
11571,5.407141036185774,4.41161970596323,-0.9955213302225436,3
11572,5.290019786022116,4.41161970596323,-0.8784000800588858,10
11573,5.162501955882696,4.41161970596323,-0.7508822499194663,4
11574,6.00412167634337,4.249198357391113,-1.7549233189522573,2
11575,6.0596653657869215,4.249198357391113,-1.8104670083958085,3
11576,5.973411918879485,4.249198357391113,-1.724213561488372,7
11577,5.991985857209047,4.249198357391113,-1.7427874998179345,1
11578,6.01255878301556,4.249198357391113,-1.7633604256244473,8
11579,6.022139600853185,4.249198357391113,-1.7729412434620722,4
11580,5.986180820329576,4.249198357391113,-1.736982462938463,9
11581,5.9753126017491445,4.249198357391113,-1.7261142443580315,10
11582,6.021994223620502,4.249198357391113,-1.772795866229389,5
11583,5.714367871206496,5.17897694729317,-0.5353909239133259,4
11584,5.713857986373997,5.17897694729317,-0.534881039080827,9
11585,5.872061159665817,5.17897694729317,-0.6930842123726473,6
11586,5.826618968475391,5.17897694729317,-0.6476420211822216,1
11587,5.694927378605235,5.17897694729317,-0.5159504313120653,7
11588,5.781813793068208,5.17897694729317,-0.6028368457750384,10
11589,5.8133641253771104,5.17897694729317,-0.6343871780839407,8
11590,5.7751998245280705,5.17897694729317,-0.5962228772349007,5
11591,5.8987138229675695,5.17897694729317,-0.7197368756743998,2
11592,5.919939861184681,6.119915410257991,0.19997554907330972,6
11593,5.919632122135094,6.119915410257991,0.20028328812289686,8
11594,5.9201108042087425,6.119915410257991,0.19980460604924843,10
11595,5.920244537001787,6.119915410257991,0.19967087325620358,4
11596,5.919911674171077,6.119915410257991,0.2000037360869138,5
11597,5.919888685070811,6.119915410257991,0.2000267251871799,2
11598,5.920279528380447,6.119915410257991,0.1996358818775441,7
11599,5.919707561743215,6.119915410257991,0.20020784851477558,3
11600,5.919458607286136,6.119915410257991,0.2004568029718552,9
11601,5.427420935783403,6.0,0.5725790642165967,3
11602,5.723696341520427,6.0,0.2763036584795726,1
11603,5.47668210704814,6.0,0.5233178929518596,7
11604,5.321455636569758,6.0,0.6785443634302419,2
11605,5.041563409521541,6.0,0.9584365904784589,6
11606,5.644104943732652,6.0,0.3558950562673484,10
11607,5.49990022273895,6.0,0.5000997772610498,9
11608,4.935178083154324,6.0,1.064821916845676,4
11609,5.603097428204161,6.0,0.396902571795839,8
11610,4.458007569207488,3.824125833916549,-0.6338817352909385,5
11611,5.008409684503832,3.824125833916549,-1.1842838505872826,10
11612,4.76812505184907,3.824125833916549,-0.9439992179325212,7
11613,5.027896255232426,3.824125833916549,-1.2037704213158764,1
11614,4.893478549547835,3.824125833916549,-1.0693527156312856,9
11615,4.682117389078487,3.824125833916549,-0.8579915551619375,6
11616,4.4914940894208115,3.824125833916549,-0.6673682555042624,4
11617,4.795642451536988,3.824125833916549,-0.9715166176204391,3
11618,4.788314685862662,3.824125833916549,-0.9641888519461133,2
11619,4.689450842521099,3.740362689494244,-0.9490881530268549,6
11620,4.676794924289516,3.740362689494244,-0.936432234795272,2
11621,5.1075349008552315,3.740362689494244,-1.3671722113609874,7
11622,5.091666505666182,3.740362689494244,-1.3513038161719377,10
11623,4.983033858837101,3.740362689494244,-1.2426711693428567,3
11624,5.028845502032358,3.740362689494244,-1.2884828125381143,1
11625,4.909444040014614,3.740362689494244,-1.1690813505203703,5
11626,5.0142575135071015,3.740362689494244,-1.2738948240128574,8
11627,4.897889092374637,3.740362689494244,-1.1575264028803929,4
11628,4.740603974718846,3.146128035678238,-1.594475939040608,7
11629,4.905486476462076,3.146128035678238,-1.7593584407838376,10
11630,4.873901836956801,3.146128035678238,-1.7277738012785626,4
11631,4.739502081732674,3.146128035678238,-1.5933740460544357,2
11632,4.8834526125098305,3.146128035678238,-1.7373245768315924,3
11633,4.916251304443419,3.146128035678238,-1.7701232687651807,9
11634,4.917020204159569,3.146128035678238,-1.770892168481331,5
11635,4.849882324163728,3.146128035678238,-1.7037542884854897,6
11636,4.8749770868968945,3.146128035678238,-1.7288490512186563,8
11637,5.933149493886904,5.380211241711606,-0.5529382521752977,6
11638,5.943722893417393,5.380211241711606,-0.5635116517057863,5
11639,6.091284259708258,5.380211241711606,-0.711073017996652,10
11640,6.03689897633672,5.380211241711606,-0.6566877346251134,7
11641,6.019556285980597,5.380211241711606,-0.6393450442689907,1
11642,6.018699791391496,5.380211241711606,-0.6384885496798898,2
11643,6.036732363113307,5.380211241711606,-0.6565211214017008,9
11644,6.0664620281349775,5.380211241711606,-0.6862507864233711,3
11645,6.002560284489658,5.380211241711606,-0.622349042778052,4
11646,5.07178482934812,5.271841606536499,0.20005677718837855,6
11647,5.0715468790581335,5.271841606536499,0.20029472747836508,5
11648,5.136282364425358,5.271841606536499,0.13555924211114068,8
11649,5.139624193741507,5.271841606536499,0.13221741279499177,7
11650,4.984700601885084,5.271841606536499,0.28714100465141446,9
11651,5.07147070475499,5.271841606536499,0.20037090178150851,1
11652,5.079738234609244,5.271841606536499,0.19210337192725468,3
11653,5.085875285063174,5.271841606536499,0.18596632147332492,2
11654,5.07202849057506,5.271841606536499,0.19981311596143847,4
11655,6.337943165694302,5.365487984890899,-0.9724551808034025,6
11656,6.350149268280478,5.365487984890899,-0.9846612833895785,10
11657,6.358121053977002,5.365487984890899,-0.9926330690861027,3
11658,6.317434229063822,5.365487984890899,-0.9519462441729223,8
11659,6.347006791497246,5.365487984890899,-0.9815188066063465,7
11660,6.264389196932924,5.365487984890899,-0.8989012120420243,2
11661,6.3489130260724185,5.365487984890899,-0.9834250411815191,5
11662,6.317318113615332,5.365487984890899,-0.9518301287244322,1
11663,6.342045172455575,5.365487984890899,-0.9765571875646755,9
11664,6.522659019833349,6.778874472002739,0.25621545216939,10
11665,6.51639458363651,6.778874472002739,0.2624798883662294,7
11666,6.521559002083114,6.778874472002739,0.2573154699196252,9
11667,6.5204935531112636,6.778874472002739,0.25838091889147563,6
11668,6.509647178222467,6.778874472002739,0.269227293780272,5
11669,6.491719782154389,6.778874472002739,0.28715468984835013,8
11670,6.50086505105399,6.778874472002739,0.2780094209487496,2
11671,6.492495134757213,6.778874472002739,0.2863793372455259,4
11672,6.534709592039391,6.778874472002739,0.244164879963348,1
11673,6.38480697975066,5.880813592280791,-0.503993387469869,6
11674,6.411412286392067,5.880813592280791,-0.5305986941112755,3
11675,6.32795979659545,5.880813592280791,-0.44714620431465857,2
11676,6.433413768713901,5.880813592280791,-0.5526001764331099,4
11677,6.40769929513228,5.880813592280791,-0.5268857028514891,5
11678,6.384778154397348,5.880813592280791,-0.5039645621165567,9
11679,6.411960282248348,5.880813592280791,-0.5311466899675565,1
11680,6.4154774647403165,5.880813592280791,-0.5346638724595252,7
11681,6.384420075307071,5.880813592280791,-0.5036064830262799,8
11682,6.351684865992696,6.3979400086720375,0.04625514267934161,9
11683,6.344240558571106,6.3979400086720375,0.05369945010093158,7
11684,6.327067634416491,6.3979400086720375,0.07087237425554616,2
11685,6.308524646371329,6.3979400086720375,0.08941536230070835,10
11686,6.345122840465138,6.3979400086720375,0.05281716820689919,4
11687,6.337636787869558,6.3979400086720375,0.06030322080247963,8
11688,6.357731656398666,6.3979400086720375,0.04020835227337116,5
11689,6.392620652219046,6.3979400086720375,0.0053193564529916415,3
11690,6.320752949180885,6.3979400086720375,0.07718705949115279,1
11691,6.358723946662507,6.377563035549853,0.0188390888873462,2
11692,6.17727813288077,6.377563035549853,0.2002849026690834,4
11693,6.177813284851652,6.377563035549853,0.1997497506982011,8
11694,6.177337484088563,6.377563035549853,0.2002255514612905,10
11695,6.177706437375766,6.377563035549853,0.19985659817408674,7
11696,6.17742287049605,6.377563035549853,0.20014016505380283,9
11697,6.177591975758115,6.377563035549853,0.19997105979173835,3
11698,6.177258811786938,6.377563035549853,0.2003042237629149,5
11699,6.177199468473583,6.377563035549853,0.2003635670762698,6
11700,6.295024024937108,5.518513939877887,-0.776510085059221,3
11701,6.230097155284868,5.518513939877887,-0.7115832154069812,10
11702,6.203406504779538,5.518513939877887,-0.6848925649016513,1
11703,6.300411472515621,5.518513939877887,-0.7818975326377338,5
11704,6.262588721652042,5.518513939877887,-0.7440747817741551,6
11705,6.27674117983759,5.518513939877887,-0.7582272399597025,4
11706,6.19914313084952,5.518513939877887,-0.6806291909716329,2
11707,6.273647995253368,5.518513939877887,-0.7551340553754811,7
11708,6.227635621081085,5.518513939877887,-0.7091216812031975,8
11709,6.147384751482762,4.698970004336019,-1.4484147471467432,1
11710,6.126648954401697,4.698970004336019,-1.427678950065678,6
11711,6.066133096019502,4.698970004336019,-1.3671630916834836,2
11712,6.128979590019226,4.698970004336019,-1.430009585683207,9
11713,6.121651151176744,4.698970004336019,-1.4226811468407252,10
11714,6.11221037649582,4.698970004336019,-1.4132403721598017,8
11715,6.1564110283005125,4.698970004336019,-1.4574410239644937,3
11716,6.170018531120423,4.698970004336019,-1.4710485267844042,5
11717,6.181853662748172,4.698970004336019,-1.4828836584121534,4
11718,6.041643415015709,5.949390006644912,-0.09225340837079621,5
11719,6.055249910341027,5.949390006644912,-0.10585990369611498,8
11720,6.021564996778547,5.949390006644912,-0.07217499013363504,10
11721,6.035696197568133,5.949390006644912,-0.08630619092322078,9
11722,6.038154330264366,5.949390006644912,-0.0887643236194533,6
11723,6.033489921670965,5.949390006644912,-0.08409991502605241,2
11724,6.1271734332953365,5.949390006644912,-0.17778342665042413,7
11725,6.074175909218147,5.949390006644912,-0.12478590257323496,3
11726,6.127344872075846,5.949390006644912,-0.17795486543093375,4
11727,6.339242080127493,6.247924190766308,-0.09131788936118479,4
11728,6.335551134845465,6.247924190766308,-0.08762694407915728,10
11729,6.348232225159855,6.247924190766308,-0.10030803439354674,3
11730,6.283269934825205,6.247924190766308,-0.03534574405889668,2
11731,6.356561186099943,6.247924190766308,-0.1086369953336348,7
11732,6.288994516157362,6.247924190766308,-0.04107032539105404,8
11733,6.326817581667617,6.247924190766308,-0.07889339090130942,9
11734,6.169387174938867,6.247924190766308,0.07853701582744055,1
11735,6.349751466761289,6.247924190766308,-0.10182727599498076,5
11736,5.985453420250931,7.602059991327962,1.616606571077031,3
11737,5.932077559351529,7.602059991327962,1.6699824319764325,7
11738,5.895921663056047,7.602059991327962,1.7061383282719147,2
11739,5.962031746413691,7.602059991327962,1.6400282449142702,4
11740,5.939106920588506,7.602059991327962,1.662953070739456,10
11741,5.934164710370638,7.602059991327962,1.6678952809573238,6
11742,5.914580739049321,7.602059991327962,1.6874792522786404,5
11743,5.9308553011583145,7.602059991327962,1.6712046901696471,1
11744,5.986793364443249,7.602059991327962,1.6152666268847122,9
11745,6.007422897795735,5.553883026643875,-0.4535398711518601,9
11746,5.98491648112219,5.553883026643875,-0.43103345447831565,3
11747,5.987109175526482,5.553883026643875,-0.433226148882607,10
11748,5.933620588532431,5.553883026643875,-0.37973756188855656,8
11749,5.982686216599082,5.553883026643875,-0.4288031899552074,6
11750,5.970556982115661,5.553883026643875,-0.41667395547178643,2
11751,6.0200558818776955,5.553883026643875,-0.4661728552338209,7
11752,6.023651390879001,5.553883026643875,-0.4697683642351267,5
11753,6.0252982574221186,5.553883026643875,-0.471415230778244,1
11754,6.140378381183969,6.278753600952829,0.13837521976885991,7
11755,6.045551410316584,6.278753600952829,0.23320219063624492,2
11756,6.079113570662285,6.278753600952829,0.1996400302905439,3
11757,6.025038462931335,6.278753600952829,0.2537151380214935,5
11758,5.9841773401596114,6.278753600952829,0.2945762607932174,1
11759,6.027755171716312,6.278753600952829,0.2509984292365166,6
11760,6.134071733809264,6.278753600952829,0.14468186714356523,4
11761,6.055309376293972,6.278753600952829,0.2234442246588566,8
11762,6.034609290397114,6.278753600952829,0.24414431055571484,10
11763,6.686401531193747,6.445311461756064,-0.24109006943768296,7
11764,6.686231557269302,6.445311461756064,-0.24092009551323823,2
11765,6.657323861329048,6.445311461756064,-0.21201239957298412,4
11766,6.670164615353933,6.445311461756064,-0.22485315359786906,8
11767,6.677915366735756,6.445311461756064,-0.2326039049796922,9
11768,6.691033640295963,6.445311461756064,-0.24572217853989908,1
11769,6.686262226217902,6.445311461756064,-0.2409507644618385,3
11770,6.686434396002082,6.445311461756064,-0.24112293424601816,10
11771,6.68617671290681,6.445311461756064,-0.24086525115074586,6
11772,5.821809401347348,5.622214022966295,-0.19959537838105312,7
11773,5.816448562011764,5.622214022966295,-0.1942345390454685,1
11774,5.822500430019337,5.622214022966295,-0.20028640705304213,2
11775,5.821914649597034,5.622214022966295,-0.1997006266307393,9
11776,5.822311643040357,5.622214022966295,-0.20009762007406184,8
11777,5.822057518380222,5.622214022966295,-0.1998434954139272,4
11778,5.822027661901639,5.622214022966295,-0.19981363893534354,6
11779,5.822147614142998,5.622214022966295,-0.19993359117670284,5
11780,5.822238638440063,5.622214022966295,-0.20002461547376793,10
11781,6.250921980846592,6.201397124320452,-0.04952485652614058,5
11782,6.316230434095675,6.201397124320452,-0.11483330977522321,7
11783,6.226200879739842,6.201397124320452,-0.024803755419390505,6
11784,6.206785319873396,6.201397124320452,-0.0053881955529444525,1
11785,6.277424627961724,6.201397124320452,-0.07602750364127253,9
11786,6.236632519895213,6.201397124320452,-0.03523539557476152,10
11787,6.205041197195364,6.201397124320452,-0.0036440728749118634,3
11788,6.1824278638503865,6.201397124320452,0.018969260470065308,2
11789,6.219462451155998,6.201397124320452,-0.01806532683554618,8
11790,5.40389632648683,6.176091259055681,0.7721949325688513,2
11791,5.492581267874448,6.176091259055681,0.683509991181233,9
11792,5.3645266126611375,6.176091259055681,0.8115646463945438,10
11793,5.411333341770584,6.176091259055681,0.7647579172850971,3
11794,5.318191783325078,6.176091259055681,0.8578994757306031,1
11795,5.451914690467439,6.176091259055681,0.7241765685882422,5
11796,5.454437672535358,6.176091259055681,0.7216535865203237,7
11797,5.40784060390652,6.176091259055681,0.7682506551491617,4
11798,5.560634122451064,6.176091259055681,0.6154571366046175,6
11799,5.882111210684674,5.927370363039024,0.045259152354350185,6
11800,5.979098821663915,5.927370363039024,-0.05172845862489073,7
11801,5.853941084059635,5.927370363039024,0.07342927897938978,4
11802,5.785624191422541,5.927370363039024,0.14174617161648317,2
11803,5.8571933600932145,5.927370363039024,0.07017700294580997,5
11804,5.95597177776593,5.927370363039024,-0.02860141472690536,10
11805,5.965637384657155,5.927370363039024,-0.03826702161813067,8
11806,5.959522778281225,5.927370363039024,-0.03215241524220058,9
11807,5.833951478865262,5.927370363039024,0.09341888417376243,1
11808,5.978030249265555,6.079181246047625,0.10115099678206985,3
11809,5.883157791600054,6.079181246047625,0.1960234544475714,9
11810,5.973337162810155,6.079181246047625,0.10584408323747052,2
11811,5.913242848867266,6.079181246047625,0.1659383971803594,1
11812,5.907587109348791,6.079181246047625,0.17159413669883428,8
11813,5.879210817247266,6.079181246047625,0.1999704288003592,10
11814,5.914754567231783,6.079181246047625,0.1644266788158424,5
11815,5.998421824838209,6.079181246047625,0.08075942120941626,6
11816,5.879268758830201,6.079181246047625,0.19991248721742405,4
11817,6.11448163512165,6.2405492482826,0.1260676131609504,8
11818,6.195132691774641,6.2405492482826,0.04541655650795917,3
11819,6.200597160949179,6.2405492482826,0.039952087333421815,10
11820,6.207597837411926,6.2405492482826,0.0329514108706741,4
11821,6.18959024065844,6.2405492482826,0.05095900762416061,7
11822,6.186454767352682,6.2405492482826,0.0540944809299182,5
11823,6.155514709472206,6.2405492482826,0.0850345388103948,9
11824,6.062918492390251,6.2405492482826,0.17763075589234933,2
11825,6.118366411332353,6.2405492482826,0.12218283695024734,1
11826,6.082317789646495,5.891147030448771,-0.19117075919772386,10
11827,6.045078139669213,5.891147030448771,-0.1539311092204425,7
11828,5.966603560554159,5.891147030448771,-0.075456530105388,2
11829,6.010537021613584,5.891147030448771,-0.1193899911648133,8
11830,6.0822857729663165,5.891147030448771,-0.1911387425175457,3
11831,6.011118833253369,5.891147030448771,-0.1199718028045984,1
11832,5.9601501862209085,5.891147030448771,-0.06900315577213778,9
11833,6.026589420181637,5.891147030448771,-0.13544238973286582,5
11834,6.056177704981117,5.891147030448771,-0.1650306745323462,4
11835,5.797820853363345,6.0,0.20217914663665493,1
11836,5.8161746913561805,6.0,0.18382530864381952,7
11837,5.804955794557204,6.0,0.19504420544279633,5
11838,5.721505900447898,6.0,0.2784940995521019,9
11839,5.800172291828386,6.0,0.19982770817161377,4
11840,5.7966478187128265,6.0,0.20335218128717347,8
11841,5.839217973586518,6.0,0.16078202641348227,3
11842,5.823462224419542,6.0,0.17653777558045824,10
11843,5.7556207240129735,6.0,0.24437927598702647,2
11844,6.081354426540141,5.847572659142112,-0.23378176739802914,10
11845,6.073024427236663,5.847572659142112,-0.22545176809455114,8
11846,6.034440799827104,5.847572659142112,-0.18686814068499213,1
11847,6.04781026892258,5.847572659142112,-0.20023760978046834,5
11848,6.062061928220814,5.847572659142112,-0.21448926907870192,9
11849,6.01895390897082,5.847572659142112,-0.17138124982870817,2
11850,6.082107980216454,5.847572659142112,-0.23453532107434238,3
11851,6.053517098753553,5.847572659142112,-0.20594443961144115,7
11852,6.071053250820723,5.847572659142112,-0.22348059167861134,6
11853,6.046356170076605,5.931966114728173,-0.11439005534843183,1
11854,6.07938055905207,5.931966114728173,-0.14741444432389716,4
11855,5.989057327886218,5.931966114728173,-0.057091213158044773,2
11856,6.096700568589095,5.931966114728173,-0.16473445386092234,7
11857,6.132286089979361,5.931966114728173,-0.2003199752511886,5
11858,6.106706386631729,5.931966114728173,-0.17474027190355645,8
11859,6.014476309360531,5.931966114728173,-0.08251019463235831,9
11860,6.061422003498234,5.931966114728173,-0.1294558887700612,6
11861,6.08681201506965,5.931966114728173,-0.15484590034147683,10
11862,5.788513241859647,5.146778989307833,-0.6417342525518137,3
11863,5.78814089909763,5.146778989307833,-0.6413619097897971,7
11864,5.7561884692156315,5.146778989307833,-0.6094094799077983,8
11865,5.761923626255546,5.146778989307833,-0.6151446369477132,4
11866,5.767391993877329,5.146778989307833,-0.6206130045694955,10
11867,5.713198396574023,5.146778989307833,-0.5664194072661894,9
11868,5.7881075729487295,5.146778989307833,-0.6413285836408962,5
11869,5.756068798947972,5.146778989307833,-0.6092898096401385,1
11870,5.709907774005504,5.146778989307833,-0.5631287846976711,2
11871,5.934584958332303,5.079181246047625,-0.8554037122846783,3
11872,5.934120518952118,5.079181246047625,-0.8549392729044927,10
11873,5.832432970998608,5.079181246047625,-0.7532517249509825,5
11874,5.845539113688586,5.079181246047625,-0.766357867640961,6
11875,5.8437159851395695,5.079181246047625,-0.7645347390919444,2
11876,5.876390577745581,5.079181246047625,-0.7972093316979558,4
11877,5.866066293121661,5.079181246047625,-0.7868850470740361,7
11878,5.737319852458842,5.079181246047625,-0.6581386064112165,9
11879,5.873743287230191,5.079181246047625,-0.7945620411825658,8
11880,5.246189323388376,5.021189299069938,-0.22500002431843757,6
11881,5.200911036789915,5.021189299069938,-0.17972173771997646,2
11882,5.089374585980774,5.021189299069938,-0.06818528691083614,1
11883,5.288052090052831,5.021189299069938,-0.2668627909828931,5
11884,5.2207820072715325,5.021189299069938,-0.19959270820159425,8
11885,5.249635525718583,5.021189299069938,-0.22844622664864467,10
11886,5.204313069456599,5.021189299069938,-0.1831237703866604,4
11887,4.793110158236415,5.021189299069938,0.22807914083352365,7
11888,5.075032451460046,5.021189299069938,-0.053843152390107285,9
11889,5.594424052662357,6.0,0.4055759473376428,10
11890,5.605193380719839,6.0,0.39480661928016136,4
11891,5.526049187240749,6.0,0.4739508127592513,1
11892,5.552764076235898,6.0,0.4472359237641017,8
11893,5.670831947289093,6.0,0.3291680527109069,5
11894,5.612856620028842,6.0,0.38714337997115766,3
11895,5.631183244414289,6.0,0.36881675558571114,6
11896,5.573532496916828,6.0,0.42646750308317216,2
11897,5.357110192557681,6.0,0.6428898074423186,7
11898,5.808743116006711,6.008600171761918,0.1998570557552073,2
11899,5.808398164905845,6.008600171761918,0.20020200685607303,9
11900,5.83370421689491,6.008600171761918,0.17489595486700793,1
11901,5.843054045261732,6.008600171761918,0.1655461265001863,3
11902,5.817443555051504,6.008600171761918,0.19115661671041373,8
11903,5.808336105012774,6.008600171761918,0.20026406674914377,5
11904,5.826827792544284,6.008600171761918,0.18177237921763378,10
11905,5.857240983015758,6.008600171761918,0.15135918874616028,7
11906,5.808592508722368,6.008600171761918,0.20000766303954975,4
11907,6.02021087588581,6.220108088040055,0.19989721215424527,10
11908,6.019884474291111,6.220108088040055,0.20022361374894437,5
11909,6.0132776062327995,6.220108088040055,0.2068304818072555,9
11910,6.019819774005534,6.220108088040055,0.20028831403452063,6
11911,6.01963395242271,6.220108088040055,0.20047413561734473,8
11912,6.039209831785938,6.220108088040055,0.1808982562541166,3
11913,6.075046138526066,6.220108088040055,0.14506194951398932,4
11914,6.019929278955916,6.220108088040055,0.20017880908413943,1
11915,6.019996831471655,6.220108088040055,0.2001112565684,2
11916,6.262505269380837,6.214843848047698,-0.047661421333138776,7
11917,6.233720834339121,6.214843848047698,-0.018876986291423314,9
11918,6.229968973382091,6.214843848047698,-0.01512512533439292,6
11919,6.219507527432499,6.214843848047698,-0.004663679384800723,5
11920,6.2353355743970384,6.214843848047698,-0.02049172634934049,2
11921,6.1984988673861405,6.214843848047698,0.01634498066155743,8
11922,6.2675487084958705,6.214843848047698,-0.052704860448172575,3
11923,6.228312528939619,6.214843848047698,-0.013468680891921103,10
11924,6.274249526030645,6.214843848047698,-0.05940567798294705,4
11925,5.941681796003815,6.113943352306837,0.1722615563030221,1
11926,5.98849490435152,6.113943352306837,0.12544844795531684,8
11927,5.942654629216617,6.113943352306837,0.17128872309022025,10
11928,5.942728176749527,6.113943352306837,0.17121517555731014,9
11929,5.994747753861802,6.113943352306837,0.11919559844503524,3
11930,5.934479743006748,6.113943352306837,0.17946360930008876,6
11931,5.998296348820025,6.113943352306837,0.11564700348681178,2
11932,6.036749767450789,6.113943352306837,0.07719358485604833,7
11933,6.088679886032329,6.113943352306837,0.025263466274507707,4
11934,5.784198469841365,6.257051875069349,0.47285340522798425,9
11935,5.843456337445406,6.257051875069349,0.4135955376239435,1
11936,5.840541433582632,6.257051875069349,0.4165104414867171,7
11937,5.849539915057021,6.257051875069349,0.4075119600123278,4
11938,5.8355782539698255,6.257051875069349,0.4214736210995236,2
11939,5.847878635030985,6.257051875069349,0.4091732400383643,3
11940,5.838408053871533,6.257051875069349,0.41864382119781585,8
11941,5.82334406689496,6.257051875069349,0.4337078081743888,10
11942,5.844463566837992,6.257051875069349,0.4125883082313573,5
11943,4.935200707383439,5.2552725051033065,0.3200717977198675,3
11944,5.014433341057908,5.2552725051033065,0.24083916404539885,8
11945,4.908598205212371,5.2552725051033065,0.34667429989093534,6
11946,4.969964036229394,5.2552725051033065,0.2853084688739127,10
11947,4.897402251821321,5.2552725051033065,0.35787025328198574,4
11948,4.96924039011663,5.2552725051033065,0.2860321149866767,7
11949,4.930264958626831,5.2552725051033065,0.3250075464764759,1
11950,4.962739073330864,5.2552725051033065,0.2925334317724424,2
11951,4.8823357046579225,5.2552725051033065,0.3729368004453839,5
11952,6.141456186247934,6.041392685158225,-0.10006350108970885,2
11953,6.118812156340411,6.041392685158225,-0.07741947118218562,9
11954,6.174956636798854,6.041392685158225,-0.13356395164062906,6
11955,6.166492488585593,6.041392685158225,-0.12509980342736782,7
11956,6.206917431309851,6.041392685158225,-0.16552474615162538,4
11957,6.217271164950431,6.041392685158225,-0.17587847979220594,3
11958,6.202889443525154,6.041392685158225,-0.1614967583669289,10
11959,6.160398767534083,6.041392685158225,-0.11900608237585786,5
11960,6.181738603805783,6.041392685158225,-0.14034591864755797,8
11961,6.40167377425735,6.6020599913279625,0.2003862170706121,7
11962,6.402979800112027,6.6020599913279625,0.1990801912159359,3
11963,6.402112969655891,6.6020599913279625,0.19994702167207112,8
11964,6.402141059903562,6.6020599913279625,0.1999189314244001,9
11965,6.401596487988354,6.6020599913279625,0.20046350333960827,5
11966,6.4268383521365395,6.6020599913279625,0.17522163919142297,1
11967,6.401797530324893,6.6020599913279625,0.20026246100306988,2
11968,6.407322576954348,6.6020599913279625,0.19473741437361447,10
11969,6.402119835025788,6.6020599913279625,0.19994015630217454,6
11970,6.184254241231841,4.986771734266245,-1.1974825069655957,9
11971,6.274326114900004,4.986771734266245,-1.2875543806337584,7
11972,6.278403877875268,4.986771734266245,-1.2916321436090232,8
11973,6.278978586995589,4.986771734266245,-1.2922068527293442,4
11974,6.283733635095899,4.986771734266245,-1.296961900829654,3
11975,6.30463210207062,4.986771734266245,-1.317860367804375,10
11976,6.249876968818614,4.986771734266245,-1.263105234552369,5
11977,6.253396014866999,4.986771734266245,-1.2666242806007535,6
11978,6.2241814598892145,4.986771734266245,-1.2374097256229692,2
11979,6.169401307176987,6.08278537031645,-0.08661593686053681,3
11980,6.186504949807761,6.08278537031645,-0.10371957949131083,10
11981,6.169333447218904,6.08278537031645,-0.08654807690245381,1
11982,6.14881169260254,6.08278537031645,-0.06602632228609018,4
11983,6.1008976759024645,6.08278537031645,-0.01811230558601462,2
11984,6.149995431544561,6.08278537031645,-0.0672100612281108,8
11985,6.118417235465216,6.08278537031645,-0.03563186514876637,6
11986,6.114809253464131,6.08278537031645,-0.0320238831476809,5
11987,6.033611939231239,6.08278537031645,0.04917343108521077,9
11988,5.938347389190394,5.181843587944773,-0.7565038012456213,2
11989,5.982033669727489,5.181843587944773,-0.8001900817827163,3
11990,5.985905052980938,5.181843587944773,-0.804061465036165,8
11991,6.007925132108065,5.181843587944773,-0.8260815441632925,1
11992,5.877835071390202,5.181843587944773,-0.6959914834454297,9
11993,5.961140451029281,5.181843587944773,-0.7792968630845083,4
11994,5.9796659390284,5.181843587944773,-0.7978223510836271,7
11995,5.96288562607951,5.181843587944773,-0.7810420381347374,5
11996,5.945573389786128,5.181843587944773,-0.7637298018413556,6
11997,6.175494490686028,5.687261346243506,-0.4882331444425221,5
11998,6.197726733919643,5.687261346243506,-0.5104653876761365,2
11999,6.196944052614535,5.687261346243506,-0.509682706371029,1
12000,6.128924773325854,5.687261346243506,-0.4416634270823474,6
12001,6.1468397885316355,5.687261346243506,-0.4595784422881293,9
12002,6.191057762752775,5.687261346243506,-0.5037964165092692,4
12003,6.2025909107477855,5.687261346243506,-0.5153295645042792,8
12004,6.157427877533873,5.687261346243506,-0.4701665312903671,10
12005,6.184925803097991,5.687261346243506,-0.49766445685448435,7
12006,6.091031061981137,6.2455126678141495,0.15448160583301274,4
12007,6.082454253437779,6.2455126678141495,0.16305841437637092,5
12008,6.100556277351797,6.2455126678141495,0.14495639046235276,8
12009,6.111661857681824,6.2455126678141495,0.13385081013232547,10
12010,6.315244961276913,6.2455126678141495,-0.06973229346276355,2
12011,6.097127338791349,6.2455126678141495,0.14838532902280033,6
12012,6.1454881127234495,6.2455126678141495,0.10002455509069996,1
12013,6.045447196940107,6.2455126678141495,0.20006547087404236,9
12014,6.091504039288374,6.2455126678141495,0.15400862852577557,7
12015,6.110540855237169,6.776327733563306,0.6657868783261369,10
12016,6.025281737424977,6.776327733563306,0.7510459961383296,2
12017,5.991889162053225,6.776327733563306,0.7844385715100817,1
12018,6.021115615988535,6.776327733563306,0.7552121175747715,8
12019,5.942945008274693,6.776327733563306,0.8333827252886135,3
12020,6.032680732941741,6.776327733563306,0.7436470006215652,5
12021,6.044783589733424,6.776327733563306,0.7315441438298826,6
12022,5.954773388338049,6.776327733563306,0.8215543452252572,9
12023,6.026029451546167,6.776327733563306,0.7502982820171393,4
12024,6.117987356094811,6.056904851336473,-0.061082504758338096,4
12025,6.175346814515133,6.056904851336473,-0.11844196317866018,3
12026,6.0882128518697245,6.056904851336473,-0.03130800053325178,1
12027,6.101520664321848,6.056904851336473,-0.044615812985375314,2
12028,6.137027823782875,6.056904851336473,-0.08012297244640187,7
12029,6.094266502122062,6.056904851336473,-0.03736165078558962,9
12030,6.130314118816564,6.056904851336473,-0.07340926748009124,8
12031,6.1394719988158855,6.056904851336473,-0.08256714747941274,5
12032,6.10920883400223,6.056904851336473,-0.052303982665756976,10
12033,5.975971215104916,6.113943352306837,0.13797213720192136,2
12034,6.0054483158027,6.113943352306837,0.10849503650413705,4
12035,5.976263319313597,6.113943352306837,0.13768003299323972,7
12036,5.971147870971974,6.113943352306837,0.14279548133486308,9
12037,5.98986940166891,6.113943352306837,0.1240739506379267,3
12038,5.967978157575673,6.113943352306837,0.14596519473116398,8
12039,6.0075971532687085,6.113943352306837,0.10634619903812847,5
12040,5.976370308860688,6.113943352306837,0.13757304344614862,6
12041,5.991939388709597,6.113943352306837,0.12200396359723964,1
12042,6.008818594958045,6.441176499941076,0.4323579049830304,3
12043,5.902468076718801,6.441176499941076,0.5387084232222747,9
12044,5.97763247376586,6.441176499941076,0.4635440261752155,8
12045,5.974952298754521,6.441176499941076,0.46622420118655494,5
12046,5.968246717375493,6.441176499941076,0.4729297825655827,10
12047,5.981037189932367,6.441176499941076,0.46013931000870834,7
12048,5.962735126073578,6.441176499941076,0.47844137386749797,6
12049,6.003495547771277,6.441176499941076,0.4376809521697984,4
12050,5.942333080566046,6.441176499941076,0.49884341937502974,2
12051,6.024233645741952,5.332438459915605,-0.6917951858263471,5
12052,6.005331578123884,5.332438459915605,-0.6728931182082789,6
12053,5.975641591939565,5.332438459915605,-0.6432031320239604,2
12054,5.981898783612409,5.332438459915605,-0.649460323696804,10
12055,6.033373946531158,5.332438459915605,-0.7009354866155535,3
12056,6.022252566453021,5.332438459915605,-0.6898141065374164,7
12057,6.014422764144196,5.332438459915605,-0.6819843042285907,8
12058,5.962944090462693,5.332438459915605,-0.6305056305470877,9
12059,6.048558336403016,5.332438459915605,-0.7161198764874115,4
12060,6.097176074431663,5.710117365111817,-0.3870587093198461,1
12061,6.131964153247708,5.710117365111817,-0.42184678813589116,7
12062,6.087655517850546,5.710117365111817,-0.3775381527387296,8
12063,6.059868542420778,5.710117365111817,-0.34975117730896166,2
12064,6.067123135010906,5.710117365111817,-0.3570057698990894,9
12065,6.162988376795058,5.710117365111817,-0.45287101168324106,4
12066,6.060488612631861,5.710117365111817,-0.35037124752004445,10
12067,6.071880109814542,5.710117365111817,-0.36176274470272496,3
12068,6.072396086678432,5.710117365111817,-0.3622787215666152,6
12069,5.843471059862051,6.008600171761918,0.16512911189986657,9
12070,5.983651136211642,6.008600171761918,0.024949035550275944,3
12071,5.941183090482127,6.008600171761918,0.06741708127979074,8
12072,5.958884284049696,6.008600171761918,0.04971588771222191,1
12073,5.921045462109753,6.008600171761918,0.08755470965216539,6
12074,5.9588440394684525,6.008600171761918,0.04975613229346543,4
12075,5.925530506330492,6.008600171761918,0.08306966543142558,5
12076,5.955485048154604,6.008600171761918,0.05311512360731374,10
12077,5.940414710012626,6.008600171761918,0.06818546174929185,7
12078,6.186613851087099,5.552668216112194,-0.6339456349749053,6
12079,6.179258444931704,5.552668216112194,-0.6265902288195102,7
12080,6.119003519549427,5.552668216112194,-0.5663353034372332,9
12081,6.180164658371103,5.552668216112194,-0.6274964422589093,10
12082,6.198686127489083,5.552668216112194,-0.6460179113768891,3
12083,6.1573392827673885,5.552668216112194,-0.6046710666551949,4
12084,6.161028597046191,5.552668216112194,-0.6083603809339975,2
12085,6.14772898877472,5.552668216112194,-0.5950607726625261,8
12086,6.025802708953222,5.552668216112194,-0.4731344928410284,1
12087,5.293008697364716,5.093421685162235,-0.19958701220248098,7
12088,5.372954562455715,5.093421685162235,-0.2795328772934802,10
12089,5.293761993996562,5.093421685162235,-0.20034030883432763,8
12090,5.242550397220539,5.093421685162235,-0.14912871205830402,9
12091,5.300095567001073,5.093421685162235,-0.20667388183883872,1
12092,5.258409325123657,5.093421685162235,-0.16498763996142252,5
12093,5.293692240353326,5.093421685162235,-0.20027055519109105,4
12094,5.293369430699848,5.093421685162235,-0.19994774553761374,2
12095,5.321932175158665,5.093421685162235,-0.2285104899964301,3
12096,5.714935873954578,4.6020599913279625,-1.1128758826266152,5
12097,5.735840995841103,4.6020599913279625,-1.133781004513141,8
12098,5.769569474052847,4.6020599913279625,-1.1675094827248849,2
12099,5.827931273123034,4.6020599913279625,-1.2258712817950714,3
12100,5.786702883430214,4.6020599913279625,-1.1846428921022518,1
12101,5.756139654857272,4.6020599913279625,-1.1540796635293091,9
12102,5.785432737987219,4.6020599913279625,-1.1833727466592565,10
12103,5.761032284436547,4.6020599913279625,-1.1589722931085849,6
12104,5.745162474916545,4.6020599913279625,-1.1431024835885824,7
12105,6.095038351090911,5.895422546039408,-0.19961580505150245,4
12106,6.095316377306146,5.895422546039408,-0.19989383126673754,10
12107,6.095751317206887,5.895422546039408,-0.20032877116747905,9
12108,6.095484435942011,5.895422546039408,-0.20006188990260299,6
12109,6.095456931744035,5.895422546039408,-0.20003438570462695,3
12110,6.095219946052637,5.895422546039408,-0.199797400013229,8
12111,6.095357921973395,5.895422546039408,-0.19993537593398703,5
12112,6.095404251819438,5.895422546039408,-0.19998170578002927,2
12113,6.09575529819021,5.895422546039408,-0.2003327521508016,7
12114,6.300798036056269,6.100752969451338,-0.2000450666049316,3
12115,6.300393462963802,6.100752969451338,-0.19964049351246427,2
12116,6.300845431337726,6.100752969451338,-0.2000924618863884,4
12117,5.901009618044821,6.100752969451338,0.199743351406517,7
12118,6.30031934478403,6.100752969451338,-0.19956637533269195,6
12119,6.300966445287348,6.100752969451338,-0.20021347583601035,10
12120,6.30084310149944,6.100752969451338,-0.20009013204810255,8
12121,6.300633564968248,6.100752969451338,-0.19988059551690984,5
12122,6.300815147907426,6.100752969451338,-0.2000621784560881,9
12123,5.893160045768122,6.0,0.10683995423187831,2
12124,5.885351541206539,6.0,0.11464845879346086,3
12125,5.872713482563441,6.0,0.12728651743655917,6
12126,5.889180748614015,6.0,0.11081925138598514,5
12127,5.930658284751191,6.0,0.06934171524880917,1
12128,5.887735153890989,6.0,0.112264846109011,10
12129,5.912595835133211,6.0,0.08740416486678892,7
12130,5.857926085141533,6.0,0.1420739148584671,8
12131,5.851176599314497,6.0,0.1488234006855027,9
12132,5.989003360637899,5.788875115775417,-0.2001282448624826,8
12133,6.003291447625316,5.788875115775417,-0.2144163318498995,10
12134,5.98917303674328,5.788875115775417,-0.2002979209678628,4
12135,5.987241465881072,5.788875115775417,-0.19836635010565562,2
12136,5.906568221335321,5.788875115775417,-0.11769310555990398,9
12137,5.989069159945323,5.788875115775417,-0.2001940441699066,3
12138,5.988988412063867,5.788875115775417,-0.20011329628844976,7
12139,5.986585778418356,5.788875115775417,-0.19771066264293946,1
12140,5.988992430347162,5.788875115775417,-0.2001173145717452,5
12141,5.967978157575673,6.176091259055681,0.2081131014800084,8
12142,5.976263319313597,6.176091259055681,0.19982793974208413,7
12143,6.0054483158027,6.176091259055681,0.17064294325298146,4
12144,5.98986940166891,6.176091259055681,0.1862218573867711,3
12145,5.975971215104916,6.176091259055681,0.20012004395076577,2
12146,5.934312177328728,6.176091259055681,0.2417790817269534,10
12147,5.991939388709597,6.176091259055681,0.18415187034608405,1
12148,5.976370308860688,6.176091259055681,0.19972095019499303,6
12149,6.0075971532687085,6.176091259055681,0.16849410578697288,5
12150,5.7959249133824375,5.193124598354461,-0.6028003150279764,4
12151,5.770490784794774,5.193124598354461,-0.5773661864403126,10
12152,5.809187001346718,5.193124598354461,-0.6160624029922568,1
12153,5.749875587538161,5.193124598354461,-0.5567509891836995,8
12154,5.714939211026456,5.193124598354461,-0.5218146126719949,9
12155,5.75809482636785,5.193124598354461,-0.5649702280133893,6
12156,5.786644002487159,5.193124598354461,-0.5935194041326977,3
12157,5.776373959791498,5.193124598354461,-0.5832493614370371,5
12158,5.773011884069867,5.193124598354461,-0.5798872857154063,2
12159,5.639309686484667,5.051923916046107,-0.5873857704385603,7
12160,5.852840171979775,5.051923916046107,-0.800916255933668,3
12161,5.813660339636762,5.051923916046107,-0.761736423590655,6
12162,5.69321455813665,5.051923916046107,-0.6412906420905431,9
12163,5.745749690224337,5.051923916046107,-0.6938257741782303,1
12164,5.812236807067343,5.051923916046107,-0.7603128910212362,2
12165,5.638780099729568,5.051923916046107,-0.5868561836834614,5
12166,5.649141949232805,5.051923916046107,-0.5972180331866985,10
12167,5.789034114761324,5.051923916046107,-0.7371101987152171,4
12168,5.956811838296271,5.756636108245848,-0.20017573005042255,2
12169,5.956901519458903,5.756636108245848,-0.20026541121305463,8
12170,5.956477173943853,5.756636108245848,-0.19984106569800453,10
12171,5.956395485385941,5.756636108245848,-0.19975937714009273,1
12172,5.956404710609267,5.756636108245848,-0.19976860236341842,3
12173,5.734586021494078,5.756636108245848,0.022050086751770337,7
12174,5.956694715925215,5.756636108245848,-0.20005860767936667,6
12175,5.956639973345164,5.756636108245848,-0.20000386509931545,4
12176,5.956748995369555,5.756636108245848,-0.20011288712370678,5
12177,6.152750388487145,6.431363764158987,0.2786133756718421,6
12178,6.1494705184402525,6.431363764158987,0.2818932457187344,2
12179,6.113397721633614,6.431363764158987,0.31796604252537275,5
12180,6.105422964399317,6.431363764158987,0.32594079975967016,10
12181,6.159512129713929,6.431363764158987,0.2718516344450581,3
12182,6.231480594434879,6.431363764158987,0.19988316972410836,9
12183,6.119762662395303,6.431363764158987,0.31160110176368416,8
12184,6.0901044150331884,6.431363764158987,0.3412593491257985,1
12185,6.14799163326899,6.431363764158987,0.2833721308899966,4
12186,5.684710841712371,6.0,0.31528915828762916,10
12187,5.614567750242461,6.0,0.38543224975753887,6
12188,5.71940763709055,6.0,0.28059236290945044,2
12189,5.710561080038053,6.0,0.28943891996194715,8
12190,5.738447960593135,6.0,0.26155203940686533,3
12191,5.692593111413922,6.0,0.3074068885860779,7
12192,5.679955819878607,6.0,0.3200441801213927,1
12193,5.563346719802225,6.0,0.43665328019777494,5
12194,5.5961529083695085,6.0,0.4038470916304915,4
12195,5.945849606742574,5.599883072073688,-0.3459665346688867,7
12196,5.841212036522856,5.599883072073688,-0.24132896444916874,6
12197,5.9189876349360215,5.599883072073688,-0.3191045628623339,3
12198,5.861948144725662,5.599883072073688,-0.262065072651974,10
12199,5.79970452022954,5.599883072073688,-0.199821448155852,9
12200,5.89909947209469,5.599883072073688,-0.29921640002100247,8
12201,5.821480166867853,5.599883072073688,-0.22159709479416545,1
12202,5.811409375317414,5.599883072073688,-0.21152630324372623,5
12203,5.896724621420823,5.599883072073688,-0.29684154934713547,2
12204,5.812588330068138,5.716837723299524,-0.0957506067686138,4
12205,5.829160084614519,5.716837723299524,-0.11232236131499462,9
12206,5.916869105570485,5.716837723299524,-0.20003138227096073,1
12207,5.917197401468815,5.716837723299524,-0.20035967816929112,10
12208,5.812344201943493,5.716837723299524,-0.09550647864396922,6
12209,5.867186605591564,5.716837723299524,-0.15034888229203958,5
12210,5.916728500685899,5.716837723299524,-0.19989077738637473,7
12211,5.872626086422217,5.716837723299524,-0.15578836312269306,3
12212,5.911298236882618,5.716837723299524,-0.19446051358309369,2
12213,5.837946970979855,5.812913356642856,-0.025033614336999577,9
12214,5.983908466084607,5.812913356642856,-0.17099510944175123,1
12215,5.960657743125175,5.812913356642856,-0.14774438648231936,8
12216,5.9147243558828695,5.812913356642856,-0.1018109992400138,5
12217,5.957490568730776,5.812913356642856,-0.14457721208792051,7
12218,5.828460031475731,5.812913356642856,-0.015546674832875418,4
12219,5.996485304722505,5.812913356642856,-0.18357194807964916,10
12220,5.912431220245969,5.812913356642856,-0.0995178636031131,2
12221,5.8619038637019765,5.812913356642856,-0.04899050705912078,3
12222,6.583089010878538,7.929418925714293,1.3463299148357546,1
12223,6.541165139033337,7.929418925714293,1.3882537866809557,6
12224,6.548518751615495,7.929418925714293,1.380900174098798,8
12225,6.525881360439125,7.929418925714293,1.403537565275168,4
12226,6.553643207084962,7.929418925714293,1.3757757186293311,10
12227,6.575023018909168,7.929418925714293,1.3543959068051246,2
12228,6.555361110099734,7.929418925714293,1.3740578156145586,7
12229,6.48850455402587,7.929418925714293,1.4409143716884225,9
12230,6.566448569461927,7.929418925714293,1.362970356252366,3
12231,6.167274206797097,5.862727528317975,-0.304546678479122,4
12232,6.081808541107881,5.862727528317975,-0.2190810127899061,10
12233,6.062805010018322,5.862727528317975,-0.20007748170034745,2
12234,6.083908244855697,5.862727528317975,-0.22118071653772198,8
12235,6.06301679310654,5.862727528317975,-0.200289264788565,5
12236,6.13836641509266,5.862727528317975,-0.2756388867746855,7
12237,6.06278167948955,5.862727528317975,-0.20005415117157543,6
12238,6.063223453674911,5.862727528317975,-0.20049592535693606,3
12239,6.062385950769992,5.862727528317975,-0.1996584224520177,9
12240,5.237658769332112,5.079181246047625,-0.15847752328448728,4
12241,5.2796249766938015,5.079181246047625,-0.20044373064617638,3
12242,5.2790885767758065,5.079181246047625,-0.19990733072818134,5
12243,5.279243184124753,5.079181246047625,-0.2000619380771278,9
12244,5.187287581662649,5.079181246047625,-0.10810633561502403,1
12245,5.177288693186654,5.079181246047625,-0.09810744713902864,8
12246,5.220887195952384,5.079181246047625,-0.14170594990475927,10
12247,5.278744862957636,5.079181246047625,-0.19956361691001057,7
12248,5.279565270219193,5.079181246047625,-0.20038402417156753,2
12249,5.20487647216208,5.278753600952829,0.07387712879074915,1
12250,5.207547876306176,5.278753600952829,0.07120572464665287,3
12251,5.248001037694711,5.278753600952829,0.030752563258118037,7
12252,5.273385122765957,5.278753600952829,0.005368478186872139,9
12253,5.269722892346765,5.278753600952829,0.009030708606063698,2
12254,5.288721035312096,5.278753600952829,-0.00996743435926728,10
12255,5.225319590150299,5.278753600952829,0.05343401080252974,6
12256,5.2667061146882395,5.278753600952829,0.012047486264589402,8
12257,5.213707058993551,5.278753600952829,0.06504654195927806,4
12258,5.842979546579025,6.017033339298781,0.1740537927197554,8
12259,5.909055251631386,6.017033339298781,0.10797808766739436,2
12260,5.940000521914831,6.017033339298781,0.07703281738394985,10
12261,5.937138959545285,6.017033339298781,0.07989437975349567,7
12262,5.885133895732857,6.017033339298781,0.1318994435659233,5
12263,6.109264534583134,6.017033339298781,-0.09223119528435308,1
12264,5.906446748614349,6.017033339298781,0.11058659068443166,4
12265,5.820949547943172,6.017033339298781,0.19608379135560838,6
12266,5.8822342431102665,6.017033339298781,0.13479909618851416,9
12267,5.731817988274173,5.176091259055681,-0.5557267292184918,6
12268,5.8464424132720145,5.176091259055681,-0.6703511542163332,8
12269,5.77885614936872,5.176091259055681,-0.6027648903130389,9
12270,5.692361447186432,5.176091259055681,-0.5162701881307505,5
12271,5.753327649918799,5.176091259055681,-0.577236390863118,3
12272,5.826186311712618,5.176091259055681,-0.6500950526569369,7
12273,5.703838798901971,5.176091259055681,-0.5277475398462901,4
12274,5.702012234300662,5.176091259055681,-0.5259209752449809,2
12275,5.6967930090088155,5.176091259055681,-0.5207017499531341,1
12276,5.443369573316421,6.079181246047625,0.6358116727312044,10
12277,5.623378296249527,6.079181246047625,0.4558029497980982,4
12278,5.616645305927269,6.079181246047625,0.4625359401203557,9
12279,5.559413274768798,6.079181246047625,0.519767971278827,2
12280,5.629726556201967,6.079181246047625,0.4494546898456582,8
12281,5.749685532072228,6.079181246047625,0.3294957139753967,7
12282,5.5360012272502015,6.079181246047625,0.5431800187974236,5
12283,5.509548042160244,6.079181246047625,0.5696332038873813,3
12284,5.48687140663803,6.079181246047625,0.5923098394095954,6
12285,6.279109550175921,6.079181246047625,-0.19992830412829576,5
12286,6.278806087298536,6.079181246047625,-0.19962484125091073,7
12287,6.279197365159001,6.079181246047625,-0.20001611911137562,1
12288,6.278862314230409,6.079181246047625,-0.19968106818278386,4
12289,6.27900900506391,6.079181246047625,-0.19982775901628447,8
12290,6.279158932341612,6.079181246047625,-0.1999776862939866,2
12291,6.279629651280704,6.079181246047625,-0.20044840523307883,6
12292,6.278692599858308,6.079181246047625,-0.1995113538106832,10
12293,6.278834039593853,6.079181246047625,-0.19965279354622822,9
12294,5.321394338667458,5.121559844187501,-0.1998344944799575,10
12295,5.321548683860761,5.121559844187501,-0.1999888396732601,9
12296,5.275234255216601,5.121559844187501,-0.15367441102910018,6
12297,5.321497842799139,5.121559844187501,-0.19993799861163808,4
12298,5.230241090912118,5.121559844187501,-0.10868124672461743,2
12299,5.321289653418587,5.121559844187501,-0.19972980923108619,7
12300,5.321409146478016,5.121559844187501,-0.19984930229051567,1
12301,5.33848415140246,5.121559844187501,-0.21692430721495892,5
12302,5.43686883171312,5.121559844187501,-0.3153089875256194,8
12303,5.642423604336482,4.912275210498812,-0.7301483938376698,1
12304,5.587902057477538,4.912275210498812,-0.6756268469787257,2
12305,5.709094983933762,4.912275210498812,-0.79681977343495,6
12306,5.568406932093013,4.912275210498812,-0.6561317215942006,5
12307,5.599890303586054,4.912275210498812,-0.687615093087242,3
12308,5.333143605489356,4.912275210498812,-0.42086839499054385,8
12309,5.568309702042065,4.912275210498812,-0.6560344915432523,4
12310,5.50488500617742,4.912275210498812,-0.5926097956786078,7
12311,5.5090523495298935,4.912275210498812,-0.5967771390310812,9
12312,5.694927378605235,6.218272853571447,0.5233454749662121,7
12313,5.8133641253771104,6.218272853571447,0.40490872819433665,8
12314,5.781813793068208,6.218272853571447,0.436459060503239,10
12315,5.872061159665817,6.218272853571447,0.3462116939056301,6
12316,5.8954012475962285,6.218272853571447,0.3228716059752186,3
12317,5.713857986373997,6.218272853571447,0.5044148671974504,9
12318,5.826618968475391,6.218272853571447,0.3916538850960558,1
12319,5.7751998245280705,6.218272853571447,0.44307302904337664,5
12320,5.8987138229675695,6.218272853571447,0.3195590306038776,2
12321,5.646039115126694,5.700617195682057,0.05457808055536262,4
12322,5.693331965712181,5.700617195682057,0.007285229969875573,1
12323,5.683981119268662,5.700617195682057,0.016636076413394818,5
12324,5.604900896036747,5.700617195682057,0.09571629964530981,9
12325,5.770029940772622,5.700617195682057,-0.06941274509056505,3
12326,5.740684873763294,5.700617195682057,-0.04006767808123701,6
12327,5.647759717329309,5.700617195682057,0.05285747835274801,7
12328,5.727375227832815,5.700617195682057,-0.02675803215075856,2
12329,5.710489384764102,5.700617195682057,-0.00987218908204568,8
12330,6.0822857729663165,6.924279286061882,0.8419935130955656,3
12331,6.026589420181637,6.924279286061882,0.8976898658802455,5
12332,6.056177704981117,6.924279286061882,0.8681015810807651,4
12333,6.045078139669213,6.924279286061882,0.8792011463926688,7
12334,6.011118833253369,6.924279286061882,0.9131604528085129,1
12335,6.0086062486024225,6.924279286061882,0.9156730374594595,6
12336,6.010537021613584,6.924279286061882,0.913742264448298,8
12337,6.082317789646495,6.924279286061882,0.8419614964153874,10
12338,5.9601501862209085,6.924279286061882,0.9641290998409735,9
12339,5.866066293121661,6.134495855834674,0.26842956271301244,7
12340,5.934120518952118,6.134495855834674,0.20037533688255582,10
12341,5.876390577745581,6.134495855834674,0.25810527808909267,4
12342,5.934584958332303,6.134495855834674,0.19991089750237023,3
12343,5.8437159851395695,6.134495855834674,0.29077987069510414,2
12344,5.873743287230191,6.134495855834674,0.2607525686044827,8
12345,5.845539113688586,6.134495855834674,0.28895674214608746,6
12346,5.832432970998608,6.134495855834674,0.302062884836066,5
12347,5.875301396960329,6.134495855834674,0.25919445887434467,1
12348,6.153856865058895,6.509202522331103,0.355345657272208,8
12349,6.049389986569795,6.509202522331103,0.45981253576130765,6
12350,6.033660302469631,6.509202522331103,0.47554221986147205,5
12351,6.0982126014344065,6.509202522331103,0.4109899208966965,3
12352,6.231040581233132,6.509202522331103,0.278161941097971,2
12353,6.094250156741287,6.509202522331103,0.41495236558981574,10
12354,6.051093323469782,6.509202522331103,0.4581091988613206,4
12355,6.053367085919671,6.509202522331103,0.45583543641143187,7
12356,6.109360312436775,6.509202522331103,0.39984220989432817,1
12357,6.031896595747191,6.590507462008583,0.5586108662613922,1
12358,6.049405165305222,6.590507462008583,0.541102296703361,5
12359,6.074638128822648,6.590507462008583,0.5158693331859352,10
12360,6.050180522961328,6.590507462008583,0.5403269390472554,6
12361,6.1106879934372325,6.590507462008583,0.4798194685713506,3
12362,6.056551628933976,6.590507462008583,0.5339558330746073,4
12363,6.059716932833629,6.590507462008583,0.5307905291749542,8
12364,6.076123431853961,6.590507462008583,0.5143840301546216,7
12365,5.992042927235619,6.590507462008583,0.5984645347729645,9
12366,5.921045462109753,5.758911892397974,-0.16213356971177895,6
12367,5.958884284049696,5.758911892397974,-0.19997239165172243,1
12368,5.843471059862051,5.758911892397974,-0.08455916746407777,9
12369,5.941183090482127,5.758911892397974,-0.1822711980841536,8
12370,5.940414710012626,5.758911892397974,-0.18150281761465248,7
12371,5.9588440394684525,5.758911892397974,-0.1999321470704789,4
12372,5.955485048154604,5.758911892397974,-0.1965731557566306,10
12373,5.908526885371777,5.758911892397974,-0.14961499297380332,2
12374,5.925530506330492,5.758911892397974,-0.16661861393251876,5
12375,5.92944335571745,6.079181246047625,0.14973789033017493,6
12376,5.975401487670017,6.079181246047625,0.10377975837760811,4
12377,5.919141674332498,6.079181246047625,0.16003957171512706,8
12378,5.970371829647981,6.079181246047625,0.10880941639964448,10
12379,5.960076623602151,6.079181246047625,0.11910462244547393,1
12380,5.925054905931196,6.079181246047625,0.154126340116429,5
12381,5.965623590689276,6.079181246047625,0.11355765535834905,3
12382,5.875850240467612,6.079181246047625,0.20333100558001327,9
12383,5.935339063109829,6.079181246047625,0.14384218293779583,2
12384,5.876390577745581,6.7626785637274365,0.8862879859818555,4
12385,5.934120518952118,6.7626785637274365,0.8285580447753187,10
12386,5.873743287230191,6.7626785637274365,0.8889352764972456,8
12387,5.934584958332303,6.7626785637274365,0.8280936053951331,3
12388,5.737319852458842,6.7626785637274365,1.025358711268595,9
12389,5.845539113688586,6.7626785637274365,0.9171394500388503,6
12390,5.866066293121661,6.7626785637274365,0.8966122706057753,7
12391,5.832432970998608,6.7626785637274365,0.9302455927288289,5
12392,5.8437159851395695,6.7626785637274365,0.918962578587867,2
12393,5.723500325459215,5.86391737695786,0.14041705149864558,10
12394,5.707313472023155,5.86391737695786,0.15660390493470544,1
12395,5.673803184818618,5.86391737695786,0.19011419213924263,5
12396,5.695155406350632,5.86391737695786,0.1687619706072283,7
12397,5.672709848587431,5.86391737695786,0.19120752837042954,2
12398,5.702854291594354,5.86391737695786,0.161063085363506,8
12399,5.664096600886253,5.86391737695786,0.19982077607160686,6
12400,5.6784232880810706,5.86391737695786,0.18549408887678975,4
12401,5.739591071474206,5.86391737695786,0.12432630548365431,3
12402,5.9303121056422246,5.342422680822207,-0.5878894248200179,1
12403,5.965422444402303,5.342422680822207,-0.6229997635800961,3
12404,5.934691560961876,5.342422680822207,-0.5922688801396694,4
12405,5.915203955759089,5.342422680822207,-0.5727812749368821,2
12406,5.972324155018081,5.342422680822207,-0.629901474195874,10
12407,5.879770306908187,5.342422680822207,-0.53734762608598,9
12408,5.900391297861722,5.342422680822207,-0.5579686170395153,5
12409,5.923724680097467,5.342422680822207,-0.5813019992752606,7
12410,5.94887317913228,5.342422680822207,-0.6064504983100738,6
12411,5.664040049571591,6.033423755486949,0.3693837059153582,9
12412,5.63528407479338,6.033423755486949,0.39813968069356953,10
12413,5.833215451415531,6.033423755486949,0.20020830407141865,7
12414,5.7937527371961925,6.033423755486949,0.23967101829075688,6
12415,5.833469713758878,6.033423755486949,0.19995404172807163,4
12416,5.925599799039389,6.033423755486949,0.10782395644756004,8
12417,5.524395084287659,6.033423755486949,0.5090286711992906,5
12418,5.664740332541588,6.033423755486949,0.36868342294536127,2
12419,5.758973582668046,6.033423755486949,0.27445017281890305,3
12420,5.613543948180275,5.518513939877887,-0.09503000830238761,8
12421,5.575033921629053,5.518513939877887,-0.05651998175116635,4
12422,5.6053091902600425,5.518513939877887,-0.08679525038215541,7
12423,5.590351768981171,5.518513939877887,-0.07183782910328418,5
12424,5.6189572100489755,5.518513939877887,-0.10044327017108845,1
12425,5.569427522458851,5.518513939877887,-0.050913582580964345,6
12426,5.582997858021631,5.518513939877887,-0.06448391814374421,2
12427,5.613141130598811,5.518513939877887,-0.09462719072092352,10
12428,5.485373922976427,5.518513939877887,0.03314001690146018,9
12429,5.965528973611747,7.041392685158225,1.0758637115464786,8
12430,6.012521907522317,7.041392685158225,1.028870777635908,7
12431,5.9776991316911365,7.041392685158225,1.0636935534670888,1
12432,5.863796522793809,7.041392685158225,1.1775961623644164,9
12433,5.928953131509781,7.041392685158225,1.1124395536484446,2
12434,5.918574606595305,7.041392685158225,1.1228180785629203,3
12435,5.945767294878086,7.041392685158225,1.095625390280139,10
12436,5.863767583665773,7.041392685158225,1.1776251014924526,4
12437,5.933309917058599,7.041392685158225,1.1080827680996261,6
12438,5.923481862066007,4.678518379040114,-1.2449634830258924,3
12439,5.867401225097057,4.678518379040114,-1.1888828460569423,10
12440,5.865151602292528,4.678518379040114,-1.1866332232524135,2
12441,5.873901160911456,4.678518379040114,-1.1953827818713414,1
12442,5.868014228280005,4.678518379040114,-1.1894958492398908,4
12443,5.888554889446834,4.678518379040114,-1.2100365104067192,8
12444,5.874379412413752,4.678518379040114,-1.195861033373638,6
12445,5.896109278135292,4.678518379040114,-1.2175908990951774,5
12446,5.905718989865664,4.678518379040114,-1.22720061082555,7
12447,5.5030046716676715,6.066773037085025,0.5637683654173538,10
12448,5.399076481846365,6.066773037085025,0.6676965552386607,9
12449,5.530476973277597,6.066773037085025,0.5362960638074279,1
12450,5.471902449519929,6.066773037085025,0.5948705875650964,4
12451,5.515279279392224,6.066773037085025,0.5514937576928016,7
12452,5.506664717390307,6.066773037085025,0.5601083196947183,5
12453,5.534466566577963,6.066773037085025,0.5323064705070619,3
12454,5.475033288633428,6.066773037085025,0.5917397484515972,6
12455,5.493268878922706,6.066773037085025,0.5735041581623195,2
12456,5.8453976174995415,5.899820502427096,0.05442288492755498,7
12457,5.744104328496026,5.899820502427096,0.1557161739310704,4
12458,5.858290289585786,5.899820502427096,0.04153021284131064,3
12459,5.819067999676056,5.899820502427096,0.08075250275104029,9
12460,5.88481977842719,5.899820502427096,0.015000723999906818,2
12461,5.865758176257606,5.899820502427096,0.03406232616949012,1
12462,5.800549857014424,5.899820502427096,0.09927064541267239,5
12463,5.878891720304614,5.899820502427096,0.020928782122482836,6
12464,5.906050484193698,5.899820502427096,-0.006229981766601611,10
12465,5.481222705790101,7.429752280002408,1.9485295742123068,5
12466,5.579663644075428,7.429752280002408,1.85008863592698,2
12467,5.368582228502356,7.429752280002408,2.061170051500052,6
12468,5.448925761283686,7.429752280002408,1.9808265187187217,3
12469,5.420861692456345,7.429752280002408,2.0088905875460625,4
12470,5.501453160235871,7.429752280002408,1.9282991197665362,7
12471,5.443688271333142,7.429752280002408,1.986064008669266,1
12472,5.6029791180988795,7.429752280002408,1.8267731619035281,10
12473,5.426879937722306,7.429752280002408,2.002872342280102,8
12474,6.4128645005719935,6.612783856719736,0.1999193561477428,1
12475,6.4129073371362875,6.612783856719736,0.19987651958344888,5
12476,6.413042725767709,6.612783856719736,0.1997411309520274,6
12477,6.4126300246683146,6.612783856719736,0.2001538320514218,9
12478,6.412710132598049,6.612783856719736,0.20007372412168767,10
12479,6.413219168629749,6.612783856719736,0.19956468808998729,4
12480,6.412763957196367,6.612783856719736,0.20001989952336974,2
12481,6.412563024579407,6.612783856719736,0.20022083214032893,3
12482,6.412816068345522,6.612783856719736,0.19996778837421392,7
12483,6.303749324581042,6.503790683057181,0.20004135847613913,4
12484,6.303321854338859,6.503790683057181,0.20046882871832228,5
12485,6.303875116193099,6.503790683057181,0.19991556686408174,9
12486,6.303490471895298,6.503790683057181,0.200300211161883,1
12487,6.3038980756908956,6.503790683057181,0.19989260736628545,3
12488,6.303474606468219,6.503790683057181,0.20031607658896178,6
12489,6.303615993934957,6.503790683057181,0.2001746891222238,7
12490,6.303599007263519,6.503790683057181,0.20019167579366215,2
12491,6.303414274371268,6.503790683057181,0.200376408685913,10
12492,5.8954115033710375,5.240798771117332,-0.6546127322537059,1
12493,5.899075054470907,5.240798771117332,-0.6582762833535751,7
12494,5.909750165761001,5.240798771117332,-0.6689513946436696,9
12495,5.90350675583857,5.240798771117332,-0.662707984721238,4
12496,5.888358124953452,5.240798771117332,-0.6475593538361206,6
12497,5.876600092828611,5.240798771117332,-0.6358013217112797,8
12498,5.879283272216403,5.240798771117332,-0.6384845010990716,5
12499,5.874097257941714,5.240798771117332,-0.6332984868243825,2
12500,5.940743686840531,5.240798771117332,-0.699944915723199,10
12501,5.96213502688619,5.968482948553935,0.0063479216677446715,8
12502,5.839359820004398,5.968482948553935,0.12912312854953711,3
12503,5.9667835821215,5.968482948553935,0.0016993664324349567,1
12504,5.859633192337697,5.968482948553935,0.10884975621623738,7
12505,5.911691546677761,5.968482948553935,0.05679140187617371,2
12506,5.979087125933723,5.968482948553935,-0.010604177379788027,4
12507,5.952287120623565,5.968482948553935,0.01619582793037022,10
12508,6.005732858994588,5.968482948553935,-0.03724991044065362,9
12509,5.980119773148728,5.968482948553935,-0.011636824594793538,5
12510,6.079340561473759,6.05307844348342,-0.026262117990339284,7
12511,6.17276044123397,6.05307844348342,-0.11968199775054966,2
12512,6.189231261687396,6.05307844348342,-0.13615281820397573,8
12513,6.1825608139666075,6.05307844348342,-0.12948237048318756,5
12514,6.193567194985253,6.05307844348342,-0.1404887515018327,4
12515,6.205977114099026,6.05307844348342,-0.15289867061560614,9
12516,6.253107695857426,6.05307844348342,-0.20002925237400593,6
12517,6.200363502660594,6.05307844348342,-0.14728505917717438,1
12518,6.223402940351249,6.05307844348342,-0.17032449686782947,3
12519,5.881089269362061,6.008600171761918,0.12751090239985707,3
12520,5.8084031932119595,6.008600171761918,0.20019697854995844,9
12521,5.8083747208596215,6.008600171761918,0.2002254509022965,10
12522,5.838072575830723,6.008600171761918,0.17052759593119493,1
12523,5.839437579683476,6.008600171761918,0.1691625920784423,2
12524,5.808529488530613,6.008600171761918,0.2000706832313046,7
12525,5.824637255465411,6.008600171761918,0.1839629162965073,4
12526,5.808225854690975,6.008600171761918,0.2003743170709429,5
12527,5.81288471119839,6.008600171761918,0.19571546056352762,8
12528,6.192275207552383,4.954242509439325,-1.2380326981130576,8
12529,6.230418036863511,4.954242509439325,-1.2761755274241855,3
12530,6.1806754721251975,4.954242509439325,-1.2264329626858723,4
12531,6.17044455579177,4.954242509439325,-1.2162020463524446,5
12532,6.040934694157865,4.954242509439325,-1.0866921847185402,7
12533,6.179692210521418,4.954242509439325,-1.225449701082093,2
12534,5.961854558006424,4.954242509439325,-1.0076120485670987,10
12535,6.185174815042574,4.954242509439325,-1.2309323056032486,1
12536,6.186416521089489,4.954242509439325,-1.232174011650164,9
12537,6.570610669500728,6.770115294787102,0.19950462528637392,2
12538,6.570137346156532,6.770115294787102,0.19997794863057017,4
12539,6.570553402209816,6.770115294787102,0.19956189257728596,10
12540,6.5701068494472175,6.770115294787102,0.2000084453398845,3
12541,6.569966472451629,6.770115294787102,0.20014882233547304,6
12542,6.5698080627445945,6.770115294787102,0.20030723204250744,1
12543,6.570425991497304,6.770115294787102,0.19968930328979795,9
12544,6.570071766545278,6.770115294787102,0.2000435282418236,5
12545,6.570001092487296,6.770115294787102,0.20011420229980637,8
12546,6.218138362444984,6.418301291319746,0.20016292887476173,4
12547,6.218411203102269,6.418301291319746,0.19989008821747678,2
12548,6.218085111113602,6.418301291319746,0.2002161802061435,1
12549,6.218151719564948,6.418301291319746,0.20014957175479786,7
12550,6.218282069895695,6.418301291319746,0.20001922142405082,5
12551,6.218018386579025,6.418301291319746,0.20028290474072108,6
12552,6.218254329603047,6.418301291319746,0.20004696171669867,8
12553,6.218775762358617,6.418301291319746,0.19952552896112863,9
12554,6.2180244459264316,6.418301291319746,0.20027684539331414,10
12555,6.431357832603325,7.0220157398177205,0.5906579072143954,9
12556,6.4299884780309355,7.0220157398177205,0.592027261786785,8
12557,6.426667843056425,7.0220157398177205,0.5953478967612957,4
12558,6.482524939839337,7.0220157398177205,0.5394907999783838,3
12559,6.543239197275449,7.0220157398177205,0.4787765425422714,6
12560,6.413216001118939,7.0220157398177205,0.6087997386987816,1
12561,6.376503802237891,7.0220157398177205,0.6455119375798297,5
12562,6.273268872075112,7.0220157398177205,0.7487468677426081,10
12563,6.431371176764846,7.0220157398177205,0.5906445630528747,2
12564,2.912252617527347,1.9242792860618816,-0.9879733314654655,5
12565,2.8859216017448253,1.9242792860618816,-0.9616423156829437,6
12566,2.89612923085529,1.9242792860618816,-0.9718499447934086,1
12567,2.917029377985354,1.9242792860618816,-0.9927500919234724,4
12568,2.808213215597272,1.9242792860618816,-0.8839339295353903,8
12569,2.8786978959036778,1.9242792860618816,-0.9544186098417962,2
12570,2.85437783854358,1.9242792860618816,-0.9300985524816983,7
12571,2.7796305929217486,1.9242792860618816,-0.855351306859867,9
12572,3.563037411439271,1.9242792860618816,-1.6387581253773895,3
12573,4.572891297402992,4.550228353055094,-0.022662944347898062,4
12574,4.601883653994242,4.550228353055094,-0.05165530093914761,2
12575,4.698335057322684,4.550228353055094,-0.14810670426758943,10
12576,4.686084730264444,4.550228353055094,-0.1358563772093495,3
12577,4.527512073128677,4.550228353055094,0.022716279926417116,1
12578,4.537447418596885,4.550228353055094,0.012780934458208826,7
12579,4.5959432989706945,4.550228353055094,-0.045714945915600325,6
12580,4.603910505643876,4.550228353055094,-0.05368215258878184,8
12581,4.60066339560704,4.550228353055094,-0.050435042551946196,5
12582,5.633412740702792,6.354621218722914,0.721208478020122,4
12583,5.690887778027572,6.354621218722914,0.6637334406953421,10
12584,5.669496540796382,6.354621218722914,0.6851246779265319,2
12585,5.709098536323479,6.354621218722914,0.6455226823994353,3
12586,5.549351331444256,6.354621218722914,0.8052698872786586,9
12587,5.589012501494571,6.354621218722914,0.7656087172283437,5
12588,6.154744967408194,6.354621218722914,0.19987625131471987,7
12589,5.556252891095917,6.354621218722914,0.7983683276269975,8
12590,5.569434913822844,6.354621218722914,0.78518630490007,6
12591,5.376276096578091,5.856227259455358,0.479951162877267,9
12592,5.490706513954462,5.856227259455358,0.36552074550089575,2
12593,5.376195062727183,5.856227259455358,0.48003219672817554,1
12594,5.468512267052057,5.856227259455358,0.38771499240330076,4
12595,5.386883451915058,5.856227259455358,0.4693438075402998,6
12596,5.543529707249701,5.856227259455358,0.3126975522056572,5
12597,5.552441732284645,5.856227259455358,0.30378552717071283,7
12598,5.406930499808732,5.856227259455358,0.44929675964662596,8
12599,5.38672811140471,5.856227259455358,0.4694991480506481,10
12600,5.853152162704221,6.052936217579409,0.19978405487518724,10
12601,5.853282154156018,6.052936217579409,0.19965406342339076,7
12602,5.631091427219417,6.052936217579409,0.4218447903599918,6
12603,5.852898402574916,6.052936217579409,0.20003781500449236,2
12604,5.991328094686558,6.052936217579409,0.061608122892850226,3
12605,5.7169917186801396,6.052936217579409,0.33594449889926903,1
12606,5.6936835317883245,6.052936217579409,0.35925268579108405,4
12607,5.590026031090312,6.052936217579409,0.462910186489097,8
12608,5.8531581808613815,6.052936217579409,0.19977803671802707,5
12609,4.823139388619918,6.431363764158987,1.608224375539069,9
12610,4.982489420572878,6.431363764158987,1.448874343586109,1
12611,5.001750359505239,6.431363764158987,1.4296134046537476,4
12612,5.07120323135762,6.431363764158987,1.360160532801367,5
12613,4.8658987334663575,6.431363764158987,1.5654650306926294,6
12614,5.23668393595075,6.431363764158987,1.194679828208237,3
12615,5.1424921386803994,6.431363764158987,1.2888716254785875,7
12616,5.303541528122301,6.431363764158987,1.1278222360366863,10
12617,5.131981387313285,6.431363764158987,1.2993823768457018,2
12618,4.6234548776065445,3.982723387668545,-0.6407314899379997,6
12619,4.66275625665053,3.982723387668545,-0.6800328689819852,8
12620,4.859765279587865,3.982723387668545,-0.8770418919193204,3
12621,4.757248839515108,3.982723387668545,-0.774525451846563,10
12622,4.979793761686456,3.982723387668545,-0.9970703740179112,2
12623,4.720532668128699,3.982723387668545,-0.7378092804601546,4
12624,4.813898179001498,3.982723387668545,-0.8311747913329532,1
12625,4.785495392665529,3.982723387668545,-0.8027720049969838,9
12626,4.762253651647152,3.982723387668545,-0.7795302639786068,5
12627,4.185872314367278,3.4471580313422194,-0.7387142830250584,5
12628,4.135914073294707,3.4471580313422194,-0.6887560419524874,9
12629,4.1223410735884745,3.4471580313422194,-0.675183042246255,4
12630,4.140568577525252,3.4471580313422194,-0.6934105461830322,1
12631,4.151906624664107,3.4471580313422194,-0.704748593321888,6
12632,4.451254510575422,3.4471580313422194,-1.004096479233203,2
12633,4.244501283931275,3.4471580313422194,-0.7973432525890551,10
12634,4.212639410866101,3.4471580313422194,-0.765481379523882,7
12635,4.287134995698749,3.4471580313422194,-0.8399769643565298,8
12636,4.961425177129404,6.563836918664545,1.6024117415351409,7
12637,4.8323143649650735,6.563836918664545,1.7315225536994712,4
12638,5.004055219500838,6.563836918664545,1.5597816991637066,10
12639,5.01152461949871,6.563836918664545,1.552312299165835,2
12640,5.101375732695333,6.563836918664545,1.4624611859692118,3
12641,4.925212545563354,6.563836918664545,1.638624373101191,1
12642,4.840340696816985,6.563836918664545,1.7234962218475598,9
12643,4.718326250464627,6.563836918664545,1.8455106681999176,8
12644,4.797707547530901,6.563836918664545,1.766129371133644,6
12645,4.3679025379023555,2.812913356642856,-1.5549891812594994,6
12646,4.36802338952667,2.812913356642856,-1.5551100328838134,10
12647,4.367863491338776,2.812913356642856,-1.5549501346959196,5
12648,4.368143233043338,2.812913356642856,-1.5552298764004822,1
12649,4.368414852998185,2.812913356642856,-1.5555014963553293,8
12650,4.3350455685036415,2.812913356642856,-1.5221322118607854,4
12651,4.465199878480541,2.812913356642856,-1.6522865218376848,2
12652,4.375734056834623,2.812913356642856,-1.5628207001917667,7
12653,4.417361672694518,2.812913356642856,-1.6044483160516623,9
12654,4.159325353667531,3.0791812460476247,-1.080144107619906,4
12655,4.155089698599037,3.0791812460476247,-1.075908452551412,6
12656,4.066909633058456,3.0791812460476247,-0.9877283870108315,9
12657,4.158799652168663,3.0791812460476247,-1.0796184061210385,10
12658,4.159345123554518,3.0791812460476247,-1.0801638775068931,7
12659,4.021303128136602,3.0791812460476247,-0.9421218820889776,8
12660,4.15923830008785,3.0791812460476247,-1.0800570540402252,5
12661,4.160126684612976,3.0791812460476247,-1.0809454385653514,2
12662,4.140705955996372,3.0791812460476247,-1.0615247099487477,1
12663,5.356338395809195,5.556302500767287,0.19996410495809158,10
12664,5.3568458271935375,5.556302500767287,0.1994566735737493,9
12665,5.355909763052445,5.556302500767287,0.200392737714842,4
12666,5.3562775929083415,5.556302500767287,0.20002490785894533,7
12667,5.356649113241282,5.556302500767287,0.1996533875260047,2
12668,5.356536249630188,5.556302500767287,0.199766251137099,1
12669,5.356661390116572,5.556302500767287,0.199641110650715,8
12670,5.356412115078681,5.556302500767287,0.1998903856886054,5
12671,5.356297851565519,5.556302500767287,0.20000464920176775,6
12672,4.13487877852858,4.334855689617291,0.19997691108871152,1
12673,4.1352277456832995,4.334855689617291,0.19962794393399186,7
12674,4.135343870461644,4.334855689617291,0.19951181915564753,4
12675,4.13506423026027,4.334855689617291,0.19979145935702114,8
12676,3.9647767960246663,4.334855689617291,0.37007889359262514,6
12677,4.134548765502574,4.334855689617291,0.2003069241147175,5
12678,4.134517214184681,4.334855689617291,0.20033847543261007,2
12679,4.135217755036226,4.334855689617291,0.19963793458106505,3
12680,4.134481394661925,4.334855689617291,0.20037429495536596,10
12681,3.0376315032154038,4.698970004336019,1.661338501120615,1
12682,3.2701793302762887,4.698970004336019,1.42879067405973,3
12683,2.9842881228756215,4.698970004336019,1.7146818814603972,8
12684,2.9053567493055743,4.698970004336019,1.7936132550304444,7
12685,2.818870146035535,4.698970004336019,1.8800998583004835,6
12686,2.95433152461007,4.698970004336019,1.7446384797259489,2
12687,3.0352985376075554,4.698970004336019,1.6636714667284633,5
12688,2.954830181308691,4.698970004336019,1.7441398230273277,10
12689,2.9701804366932545,4.698970004336019,1.7287895676427643,4
12690,4.137939944063335,3.187520720836463,-0.9504192232268722,2
12691,4.096854258342036,3.187520720836463,-0.9093335375055731,3
12692,4.087671300471843,3.187520720836463,-0.9001505796353801,5
12693,4.062613634098318,3.187520720836463,-0.8750929132618546,4
12694,3.909732588233775,3.187520720836463,-0.7222118673973119,6
12695,4.092139068163616,3.187520720836463,-0.9046183473271525,8
12696,4.10428602533127,3.187520720836463,-0.9167653044948065,7
12697,4.1393972453643695,3.187520720836463,-0.9518765245279064,1
12698,3.9465282452637016,3.187520720836463,-0.7590075244272385,10
12699,5.329874072649563,4.167317334748176,-1.1625567379013875,2
12700,4.805663334846067,4.167317334748176,-0.6383460000978918,8
12701,5.189434104653987,4.167317334748176,-1.0221167699058116,1
12702,5.293082323920302,4.167317334748176,-1.1257649891721266,5
12703,4.988526310429837,4.167317334748176,-0.8212089756816612,9
12704,5.39102858985126,4.167317334748176,-1.2237112551030842,3
12705,5.183047695639131,4.167317334748176,-1.0157303608909558,4
12706,4.956869608290624,4.167317334748176,-0.7895522735424487,6
12707,5.353333251495273,4.167317334748176,-1.1860159167470972,7
12708,3.303820893973738,3.679427896612119,0.3756070026383811,10
12709,3.479303595768282,3.679427896612119,0.20012430084383714,1
12710,3.4172613151353035,3.679427896612119,0.2621665814768157,2
12711,3.4794592756206115,3.679427896612119,0.1999686209915077,3
12712,3.479346164316061,3.679427896612119,0.2000817322960584,7
12713,3.3049498438178304,3.679427896612119,0.3744780527942888,9
12714,3.288481773515469,3.679427896612119,0.3909461230966502,8
12715,3.351803153099032,3.679427896612119,0.32762474351308724,5
12716,3.4796490123532795,3.679427896612119,0.19977888425883972,4
12717,3.6396219217187107,0.6989700043360189,-2.940651917382692,7
12718,3.757374429642801,0.6989700043360189,-3.058404425306782,5
12719,3.5525439393790528,0.6989700043360189,-2.853573935043034,9
12720,3.4589303318289266,0.6989700043360189,-2.759960327492908,1
12721,3.6322756990038636,0.6989700043360189,-2.933305694667845,6
12722,3.5007293033718674,0.6989700043360189,-2.8017592990358486,2
12723,3.612010798113512,0.6989700043360189,-2.913040793777493,8
12724,3.4797690812813573,0.6989700043360189,-2.7807990769453386,3
12725,3.8068121372458688,0.6989700043360189,-3.10784213290985,4
12726,5.086282281315557,4.754883228252168,-0.33139905306338946,1
12727,4.954668087199954,4.754883228252168,-0.19978485894778597,10
12728,4.954490858204968,4.754883228252168,-0.19960762995280046,4
12729,4.954918275597172,4.754883228252168,-0.2000350473450041,3
12730,4.955255767672887,4.754883228252168,-0.20037253942071942,8
12731,4.954603238196944,4.754883228252168,-0.1997200099447758,6
12732,4.954815795222085,4.754883228252168,-0.1999325669699168,5
12733,4.9548890254110916,4.754883228252168,-0.20000579715892375,2
12734,4.954871487799195,4.754883228252168,-0.19998825954702681,9
12735,4.192699264809691,2.556302500767288,-1.6363967640424026,4
12736,4.1435082046080405,2.556302500767288,-1.5872057038407523,6
12737,4.203770434292422,2.556302500767288,-1.6474679335251339,10
12738,4.133387113311223,2.556302500767288,-1.5770846125439353,1
12739,4.0718324067256795,2.556302500767288,-1.5155299059583913,8
12740,4.388675876029536,2.556302500767288,-1.832373375262248,3
12741,4.037715072058424,2.556302500767288,-1.4814125712911355,9
12742,4.207884406925645,2.556302500767288,-1.651581906158357,7
12743,4.135848995944322,2.556302500767288,-1.5795464951770337,5
12744,5.074991038276185,5.812913356642856,0.737922318366671,9
12745,5.344028482338867,5.812913356642856,0.4688848743039884,4
12746,5.476583586835166,5.812913356642856,0.3363297698076897,5
12747,5.276352240159957,5.812913356642856,0.5365611164828987,7
12748,5.224362725174122,5.812913356642856,0.5885506314687339,1
12749,5.230139633696527,5.812913356642856,0.582773722946329,6
12750,5.263814455260269,5.812913356642856,0.5490989013825871,10
12751,5.2645061489448866,5.812913356642856,0.5484072076979691,8
12752,4.857696967189248,5.812913356642856,0.9552163894536081,3
12753,5.386883451915058,5.186815124447454,-0.20006832746760406,6
12754,5.468512267052057,5.186815124447454,-0.2816971426046031,4
12755,5.490706513954462,5.186815124447454,-0.3038913895070081,2
12756,5.376195062727183,5.186815124447454,-0.18937993827972832,1
12757,5.406930499808732,5.186815124447454,-0.2201153753612779,8
12758,5.552441732284645,5.186815124447454,-0.36562660783719103,7
12759,5.38672811140471,5.186815124447454,-0.1999129869572558,10
12760,5.543529707249701,5.186815124447454,-0.35671458280224666,5
12761,5.376276096578091,5.186815124447454,-0.18946097213063684,9
12762,4.72838898258325,4.821513528404773,0.09312454582152263,9
12763,4.866539063788303,4.821513528404773,-0.04502553538353027,10
12764,4.777529739554027,4.821513528404773,0.0439837888507455,6
12765,4.866613977547691,4.821513528404773,-0.04510044914291811,3
12766,4.866955778783684,4.821513528404773,-0.04544225037891092,1
12767,4.866396705732743,4.821513528404773,-0.044883177327970536,4
12768,4.834195054697661,4.821513528404773,-0.012681526292888101,8
12769,4.866981318276812,4.821513528404773,-0.045467789872039255,7
12770,4.872348060692561,4.821513528404773,-0.050834532287788115,5
12771,5.967029200950307,6.167317334748176,0.20028813379786836,5
12772,5.967086484635012,6.167317334748176,0.20023085011316333,4
12773,5.967155667065597,6.167317334748176,0.20016166768257815,3
12774,5.967768050704281,6.167317334748176,0.19954928404389438,10
12775,5.967296843224184,6.167317334748176,0.2000204915239916,6
12776,5.967304240032453,6.167317334748176,0.2000130947157226,7
12777,5.967201792087742,6.167317334748176,0.2001155426604333,8
12778,5.988769296023985,6.167317334748176,0.17854803872419023,2
12779,5.967117080062943,6.167317334748176,0.20020025468523261,1
12780,5.643430759997458,5.903089986991944,0.2596592269944855,8
12781,5.571646789359574,5.903089986991944,0.3314431976323702,3
12782,5.524114668559937,5.903089986991944,0.3789753184320066,6
12783,5.635067887035005,5.903089986991944,0.26802209995693893,10
12784,5.673248818387242,5.903089986991944,0.22984116860470216,9
12785,5.562326194603167,5.903089986991944,0.34076379238877674,2
12786,5.564559171141739,5.903089986991944,0.3385308158502047,5
12787,5.569554314328035,5.903089986991944,0.33353567266390893,1
12788,5.3938693798939,5.903089986991944,0.5092206070980438,4
12789,6.053228195433507,5.287129620719111,-0.7660985747143965,5
12790,6.064985757884354,5.287129620719111,-0.7778561371652426,3
12791,6.044621355135084,5.287129620719111,-0.7574917344159733,1
12792,5.99784669465811,5.287129620719111,-0.7107170739389987,10
12793,5.998496479600265,5.287129620719111,-0.7113668588811537,9
12794,6.051272398414014,5.287129620719111,-0.7641427776949028,6
12795,5.964280020089747,5.287129620719111,-0.6771503993706363,7
12796,5.900360129927148,5.287129620719111,-0.6132305092080372,4
12797,6.0090576416672885,5.287129620719111,-0.7219280209481775,8
12798,5.530039080262937,5.773069340485962,0.24303026022302454,7
12799,5.5625601510822555,5.773069340485962,0.2105091894037061,3
12800,5.573406593871587,5.773069340485962,0.19966274661437478,1
12801,5.573377330142917,5.773069340485962,0.1996920103430444,5
12802,5.59149582779519,5.773069340485962,0.18157351269077182,6
12803,5.5732669537749135,5.773069340485962,0.1998023867110481,8
12804,5.5729789487903805,5.773069340485962,0.20009039169558118,2
12805,5.573247315786747,5.773069340485962,0.1998220246992144,9
12806,5.573116574568714,5.773069340485962,0.19995276591724753,10
12807,5.736342078674675,5.845098040014257,0.10875596133958165,3
12808,5.795990722636061,5.845098040014257,0.04910731737819596,2
12809,5.71627156143488,5.845098040014257,0.12882647857937712,1
12810,5.661507758164432,5.845098040014257,0.18359028184982495,7
12811,5.645043449146246,5.845098040014257,0.20005459086801114,9
12812,5.645202763843534,5.845098040014257,0.19989527617072333,5
12813,5.6697232126568995,5.845098040014257,0.17537482735735743,6
12814,5.680126537771325,5.845098040014257,0.1649715022429321,10
12815,5.645361452753323,5.845098040014257,0.1997365872609338,4
12816,4.705233463072738,4.505149978319906,-0.20008348475283189,6
12817,4.70522731660398,4.505149978319906,-0.20007733828407392,3
12818,4.704665834794061,4.505149978319906,-0.1995158564741546,4
12819,4.705214125135656,4.505149978319906,-0.20006414681575002,10
12820,4.705483947804613,4.505149978319906,-0.2003339694847064,9
12821,4.70523997097819,4.505149978319906,-0.20008999265828376,5
12822,4.704920048485162,4.505149978319906,-0.19977007016525583,1
12823,4.705470417002425,4.505149978319906,-0.20032043868251836,2
12824,4.705102212364853,4.505149978319906,-0.19995223404494666,7
12825,6.6894240633270385,6.889301702506311,0.19987763917927204,6
12826,6.689433251002653,6.889301702506311,0.19986845150365795,10
12827,6.689162891807645,6.889301702506311,0.20013881069866546,3
12828,6.689310540416018,6.889301702506311,0.199991162090293,4
12829,6.689657941444378,6.889301702506311,0.1996437610619326,1
12830,6.689325896967225,6.889301702506311,0.19997580553908545,8
12831,6.689527824906581,6.889301702506311,0.1997738775997293,9
12832,6.689318956641246,6.889301702506311,0.19998274586506426,5
12833,6.680405035990609,6.889301702506311,0.2088966665157015,7
12834,5.475438682292084,5.395850376018781,-0.07958830627330293,8
12835,5.4754379501095025,5.395850376018781,-0.0795875740907217,1
12836,5.475416813143373,5.395850376018781,-0.07956643712459233,6
12837,5.4749417415374175,5.395850376018781,-0.07909136551863671,10
12838,5.4750306765241765,5.395850376018781,-0.0791803005053957,7
12839,5.595984404100114,5.395850376018781,-0.20013402808133307,2
12840,5.475557126614888,5.395850376018781,-0.07970675059610688,3
12841,5.4752692143606,5.395850376018781,-0.07941883834181951,5
12842,5.474929227263076,5.395850376018781,-0.07907885124429548,4
12843,6.0786025082254875,6.74154551677621,0.6629430085507222,10
12844,6.091060374266272,6.74154551677621,0.6504851425099378,2
12845,6.072748056818936,6.74154551677621,0.6687974599572737,5
12846,6.074542138740421,6.74154551677621,0.6670033780357887,6
12847,6.0730937025502625,6.74154551677621,0.6684518142259472,4
12848,5.653285074893071,6.74154551677621,1.088260441883139,7
12849,6.064511887992317,6.74154551677621,0.6770336287838923,1
12850,6.075058092516725,6.74154551677621,0.6664874242594845,3
12851,6.067938219609363,6.74154551677621,0.6736072971668463,8
12852,5.563144640694264,5.698970004336019,0.13582536364175457,7
12853,5.899148490325412,5.698970004336019,-0.20017848598939292,1
12854,5.8989613502142655,5.698970004336019,-0.19999134587824674,5
12855,5.875053142098206,5.698970004336019,-0.17608313776218765,3
12856,5.899300143771045,5.698970004336019,-0.2003301394350263,9
12857,5.8987946957347575,5.698970004336019,-0.1998246913987387,8
12858,5.899415720472954,5.698970004336019,-0.20044571613693485,4
12859,5.898863913335714,5.698970004336019,-0.1998939089996954,6
12860,5.899338314001887,5.698970004336019,-0.20036830966586816,10
12861,4.117875399372787,3.845098040014257,-0.2727773593585301,2
12862,4.124408405495128,3.845098040014257,-0.27931036548087107,7
12863,4.237937361017212,3.845098040014257,-0.39283932100295527,6
12864,4.12228961682513,3.845098040014257,-0.27719157681087303,3
12865,4.4864931490298305,3.845098040014257,-0.6413951090155736,10
12866,4.225216960156487,3.845098040014257,-0.38011892014223037,8
12867,4.146141572692479,3.845098040014257,-0.30104353267822237,1
12868,4.282451209496024,3.845098040014257,-0.43735316948176717,9
12869,4.316101218190735,3.845098040014257,-0.47100317817647763,4
12870,4.708290200459473,2.8090544272229425,-1.8992357732365304,8
12871,4.723452229506488,2.8090544272229425,-1.914397802283545,1
12872,4.668583529436502,2.8090544272229425,-1.8595291022135592,2
12873,4.695054730933084,2.8090544272229425,-1.8860003037101412,7
12874,4.746742768792147,2.8090544272229425,-1.937688341569204,4
12875,4.696688463824242,2.8090544272229425,-1.8876340366012996,5
12876,4.721675938377036,2.8090544272229425,-1.9126215111540934,6
12877,4.761396902731325,2.8090544272229425,-1.9523424755083822,10
12878,4.686556072096261,2.8090544272229425,-1.8775016448733184,3
12879,4.672510478059252,2.505149978319906,-2.167360499739346,7
12880,4.630743407836996,2.505149978319906,-2.12559342951709,2
12881,4.7256550469425065,2.505149978319906,-2.2205050686226007,9
12882,4.674481762955541,2.505149978319906,-2.169331784635635,6
12883,4.667554749087067,2.505149978319906,-2.162404770767161,8
12884,4.6358818802016195,2.505149978319906,-2.1307319018817137,3
12885,4.722835502255879,2.505149978319906,-2.2176855239359727,10
12886,4.685681609764541,2.505149978319906,-2.180531631444635,1
12887,4.649567626304072,2.505149978319906,-2.144417647984166,5
12888,3.8747260883408714,3.4471580313422194,-0.42756805699865197,10
12889,3.661369716343654,3.4471580313422194,-0.2142116850014344,6
12890,3.647253357382737,3.4471580313422194,-0.20009532604051739,1
12891,3.6473646061393645,3.4471580313422194,-0.2002065747971451,7
12892,3.646965475845285,3.4471580313422194,-0.19980744450306576,2
12893,3.721467982787337,3.4471580313422194,-0.2743099514451175,4
12894,3.6748203930392624,3.4471580313422194,-0.22766236169704301,5
12895,3.7254110906657782,3.4471580313422194,-0.2782530593235588,3
12896,3.7460981533605335,3.4471580313422194,-0.2989401220183141,9
12897,3.2570279332034944,1.7993405494535817,-1.4576873837499127,3
12898,3.2712043664624306,1.7993405494535817,-1.471863817008849,1
12899,3.2674904234025286,1.7993405494535817,-1.468149873948947,7
12900,3.44642184436906,1.7993405494535817,-1.6470812949154783,5
12901,3.3300604018801754,1.7993405494535817,-1.5307198524265937,8
12902,3.5204550522177653,1.7993405494535817,-1.7211145027641837,10
12903,3.420119833337522,1.7993405494535817,-1.62077928388394,4
12904,3.2270785584919386,1.7993405494535817,-1.427738009038357,2
12905,3.580011682285115,1.7993405494535817,-1.7806711328315332,9
12906,3.5224758838691543,3.322219294733919,-0.20025658913523525,10
12907,3.5223197253620637,3.322219294733919,-0.20010043062814464,5
12908,3.5222789303835165,3.322219294733919,-0.2000596356495974,8
12909,3.522518913035977,3.322219294733919,-0.20029961830205778,7
12910,3.5224876593275893,3.322219294733919,-0.20026836459367026,1
12911,3.522441932720219,3.322219294733919,-0.2002226379862999,4
12912,3.5219062559057868,3.322219294733919,-0.19968696117186768,2
12913,3.4811340560514776,3.322219294733919,-0.15891476131755855,3
12914,3.5224161607088478,3.322219294733919,-0.2001968659749287,6
12915,3.8036696648785777,1.5587085705331658,-2.244961094345412,5
12916,3.693069540061428,1.5587085705331658,-2.134360969528262,2
12917,3.703472046740017,1.5587085705331658,-2.144763476206851,1
12918,3.3127890004313407,1.5587085705331658,-1.754080429898175,3
12919,4.0047243965421115,1.5587085705331658,-2.4460158260089457,10
12920,3.9279972428559513,1.5587085705331658,-2.3692886723227855,8
12921,3.800954065616165,1.5587085705331658,-2.242245495082999,6
12922,3.7286831209128226,1.5587085705331658,-2.169974550379657,7
12923,3.7231532812835084,1.5587085705331658,-2.1644447107503426,9
12924,5.761882864658928,5.434568904034199,-0.3273139606247293,3
12925,5.7865710642494435,5.434568904034199,-0.35200216021524433,8
12926,5.718884112802237,5.434568904034199,-0.28431520876803784,7
12927,5.753041965905683,5.434568904034199,-0.31847306187148394,4
12928,5.711635988381866,5.434568904034199,-0.27706708434766725,5
12929,5.759768817754855,5.434568904034199,-0.32519991372065604,10
12930,5.706288520764265,5.434568904034199,-0.27171961673006617,2
12931,5.774846158009695,5.434568904034199,-0.34027725397549613,9
12932,5.694656066517052,5.434568904034199,-0.26008716248285246,1
12933,5.580208178426861,5.926856708949693,0.34664853052283195,5
12934,5.577229315889587,5.926856708949693,0.34962739306010526,6
12935,5.44383711713539,5.926856708949693,0.483019591814303,4
12936,5.433950852004439,5.926856708949693,0.4929058569452538,9
12937,5.56142182234269,5.926856708949693,0.3654348866070025,8
12938,5.5082234793594225,5.926856708949693,0.41863322959027016,3
12939,5.098908693584307,5.926856708949693,0.8279480153653855,7
12940,5.494742400215339,5.926856708949693,0.43211430873435397,2
12941,5.360323195735892,5.926856708949693,0.566533513213801,1
12942,5.873678467232065,5.8750612633917,0.0013827961596346583,1
12943,5.8945371505961806,5.8750612633917,-0.019475887204480458,9
12944,5.876432053169328,5.8750612633917,-0.0013707897776278344,6
12945,5.856019744327868,5.8750612633917,0.019041519063832446,4
12946,5.86194623730307,5.8750612633917,0.01311502608862991,2
12947,5.851351868589952,5.8750612633917,0.02370939480174794,5
12948,5.892656699952578,5.8750612633917,-0.01759543656087814,7
12949,5.891140405460406,5.8750612633917,-0.016079142068705643,8
12950,5.864686515102673,5.8750612633917,0.010374748289026847,10
12951,6.224562313903756,6.237040791379191,0.012478477475434957,7
12952,6.2175985261837905,6.237040791379191,0.019442265195400488,1
12953,6.2403210704041525,6.237040791379191,-0.00328027902496153,4
12954,6.316145030991169,6.237040791379191,-0.07910423961197832,8
12955,6.304936528078306,6.237040791379191,-0.06789573669911508,10
12956,6.285991338449011,6.237040791379191,-0.04895054706982016,3
12957,6.27830565963913,6.237040791379191,-0.04126486825993858,9
12958,6.271316146033161,6.237040791379191,-0.03427535465397025,5
12959,6.403276832293604,6.237040791379191,-0.1662360409144128,6
12960,6.0545415363016915,5.990782691803138,-0.06375884449855374,10
12961,6.078863986899591,5.990782691803138,-0.0880812950964529,9
12962,6.067392421602631,5.990782691803138,-0.07660972979949321,7
12963,6.088106067166225,5.990782691803138,-0.09732337536308755,6
12964,6.0788359674803445,5.990782691803138,-0.08805327567720678,3
12965,6.040565107187197,5.990782691803138,-0.04978241538405914,2
12966,6.079022450781569,5.990782691803138,-0.08823975897843095,4
12967,6.094108179236899,5.990782691803138,-0.10332548743376169,8
12968,6.072929722104137,5.990782691803138,-0.08214703030099901,5
12969,6.238222446089351,6.447158031342219,0.2089355852528687,2
12970,6.247029851147121,6.447158031342219,0.20012818019509826,7
12971,6.147971157859426,6.447158031342219,0.2991868734827934,1
12972,6.24693732557523,6.447158031342219,0.20022070576698958,4
12973,6.247461109147287,6.447158031342219,0.1996969221949323,8
12974,6.246895505814526,6.447158031342219,0.20026252552769375,9
12975,6.247530984035986,6.447158031342219,0.19962704730623315,10
12976,6.246773140317984,6.447158031342219,0.2003848910242354,6
12977,6.246962998826202,6.447158031342219,0.20019503251601733,3
12978,6.057836234974088,6.2576785748691846,0.19984233989509637,6
12979,6.05773187664617,6.2576785748691846,0.19994669822301425,2
12980,6.057601983948147,6.2576785748691846,0.20007659092103758,10
12981,6.057901977346324,6.2576785748691846,0.19977659752286048,5
12982,6.084264301472391,6.2576785748691846,0.17341427339679338,1
12983,6.057422841656976,6.2576785748691846,0.20025573321220858,3
12984,6.057433274106825,6.2576785748691846,0.2002453007623597,7
12985,6.057702607324697,6.2576785748691846,0.19997596754448743,8
12986,6.086779998175447,6.2576785748691846,0.17089857669373743,4
12987,6.45273192229826,6.653212513775344,0.20048059147708397,4
12988,6.4531234228903225,6.653212513775344,0.20008909088502147,8
12989,6.452884851347355,6.653212513775344,0.2003276624279886,2
12990,6.453287440006395,6.653212513775344,0.19992507376894864,10
12991,6.453061821384829,6.653212513775344,0.20015069239051453,9
12992,6.453306245664922,6.653212513775344,0.19990626811042222,6
12993,6.4532057152509825,6.653212513775344,0.20000679852436143,1
12994,6.45329576242376,6.653212513775344,0.1999167513515836,7
12995,6.453265815861911,6.653212513775344,0.19994669791343256,3
12996,6.239202496613613,6.2552725051033065,0.01607000848969342,6
12997,6.232607840184347,6.2552725051033065,0.022664664918959687,9
12998,6.076407990270303,6.2552725051033065,0.1788645148330037,3
12999,6.237240765974062,6.2552725051033065,0.018031739129244606,8
13000,6.232493699067214,6.2552725051033065,0.022778806036092725,10
13001,6.237686480800526,6.2552725051033065,0.01758602430278078,2
13002,6.353025469618474,6.2552725051033065,-0.09775296451516713,1
13003,6.235636627684915,6.2552725051033065,0.019635877418391345,4
13004,6.205587055098748,6.2552725051033065,0.04968545000455826,5
13005,6.349443154114178,6.531478917042255,0.1820357629280771,8
13006,6.4835892382955596,6.531478917042255,0.04788967874669581,1
13007,6.202707095102681,6.531478917042255,0.32877182193957477,3
13008,6.351261758270259,6.531478917042255,0.1802171587719963,4
13009,6.358353771973217,6.531478917042255,0.1731251450690383,2
13010,6.352746782366008,6.531478917042255,0.17873213467624716,10
13011,6.354960324543365,6.531478917042255,0.17651859249889057,9
13012,6.466505211480901,6.531478917042255,0.0649737055613544,7
13013,6.331860060480344,6.531478917042255,0.19961885656191125,5
13014,4.600249127682591,3.3010299956639813,-1.2992191320186102,5
13015,4.873617889071844,3.3010299956639813,-1.5725878934078628,7
13016,4.561515497669104,3.3010299956639813,-1.2604855020051229,8
13017,4.543219549852373,3.3010299956639813,-1.2421895541883918,10
13018,4.536861201845357,3.3010299956639813,-1.235831206181376,4
13019,4.606210477719623,3.3010299956639813,-1.3051804820556416,2
13020,4.5283110439808025,3.3010299956639813,-1.2272810483168213,6
13021,4.480762146853637,3.3010299956639813,-1.179732151189656,9
13022,4.52396936182959,3.3010299956639813,-1.2229393661656092,3
13023,5.501168214502354,5.301029995663981,-0.20013821883837313,4
13024,5.500872960919005,5.301029995663981,-0.19984296525502376,2
13025,5.501313254815427,5.301029995663981,-0.20028325915144585,9
13026,5.501028810419494,5.301029995663981,-0.19999881475551273,7
13027,5.501238227293946,5.301029995663981,-0.20020823162996493,8
13028,5.501014970439124,5.301029995663981,-0.199984974775143,3
13029,5.500892609937747,5.301029995663981,-0.19986261427376562,6
13030,5.500652321342421,5.301029995663981,-0.19962232567843952,10
13031,5.500918042335064,5.301029995663981,-0.19988804667108262,1
13032,6.195568284771556,6.230448921378274,0.03488063660671781,1
13033,6.208282831210646,6.230448921378274,0.022166090167628383,10
13034,6.245046987935437,6.230448921378274,-0.014598066557162781,8
13035,6.22980665136987,6.230448921378274,0.0006422700084041111,5
13036,6.198835742736703,6.230448921378274,0.03161317864157098,3
13037,6.172568059584563,6.230448921378274,0.05788086179371099,9
13038,6.1990902096555285,6.230448921378274,0.031358711722745625,4
13039,6.1994988473717605,6.230448921378274,0.030950074006513617,6
13040,6.132878558242078,6.230448921378274,0.09757036313619594,2
13041,6.189193953729612,6.340444114840119,0.15125016111050726,8
13042,6.160801098320893,6.340444114840119,0.17964301651922643,3
13043,6.140551380975032,6.340444114840119,0.1998927338650871,2
13044,6.161245847829053,6.340444114840119,0.17919826701106611,7
13045,6.199634621542994,6.340444114840119,0.14080949329712578,5
13046,6.154275912131428,6.340444114840119,0.18616820270869106,4
13047,6.140737434268676,6.340444114840119,0.19970668057144358,10
13048,6.140101624572541,6.340444114840119,0.20034249026757855,6
13049,6.150890600974956,6.340444114840119,0.18955351386516295,1
13050,6.295068516777517,6.3979400086720375,0.10287149189452016,5
13051,6.328442244845573,6.3979400086720375,0.06949776382646444,8
13052,6.218212401328198,6.3979400086720375,0.17972760734383986,6
13053,6.166776477821265,6.3979400086720375,0.23116353085077268,3
13054,6.207939296680859,6.3979400086720375,0.1900007119911784,7
13055,6.197719451157901,6.3979400086720375,0.20022055751413692,1
13056,6.197863052002186,6.3979400086720375,0.20007695666985192,9
13057,6.202782252964841,6.3979400086720375,0.1951577557071964,4
13058,6.197927038200711,6.3979400086720375,0.2000129704713265,10
13059,5.657850409129008,4.346744054604849,-1.311106354524159,1
13060,5.575333493468026,4.346744054604849,-1.2285894388631773,9
13061,5.6295078374526755,4.346744054604849,-1.2827637828478267,6
13062,5.632673207564457,4.346744054604849,-1.285929152959608,7
13063,5.684756727916709,4.346744054604849,-1.3380126733118605,8
13064,5.553202308871951,4.346744054604849,-1.206458254267102,3
13065,5.676808487982407,4.346744054604849,-1.330064433377558,5
13066,5.671913572684504,4.346744054604849,-1.3251695180796554,4
13067,5.493498257799245,4.346744054604849,-1.146754203194396,2
13068,6.140477982525946,6.079181246047625,-0.06129673647832057,1
13069,6.124282639846875,6.079181246047625,-0.045101393799249934,6
13070,6.1436790272938895,6.079181246047625,-0.06449778124626437,4
13071,6.0735189272766,6.079181246047625,0.005662318771024744,9
13072,6.119536840073774,6.079181246047625,-0.04035559402614908,3
13073,6.064068688453906,6.079181246047625,0.01511255759371899,2
13074,6.114778125915047,6.079181246047625,-0.03559687986742155,10
13075,6.154569973371533,6.079181246047625,-0.075388727323908,5
13076,6.148145415327807,6.079181246047625,-0.06896416928018212,7
13077,5.98431629389572,6.301029995663981,0.3167137017682613,1
13078,6.101091197616452,6.301029995663981,0.1999387980475289,10
13079,6.101404972264903,6.301029995663981,0.1996250233990784,4
13080,6.101149137875951,6.301029995663981,0.19988085778803022,6
13081,6.101084992655265,6.301029995663981,0.19994500300871643,2
13082,6.100798782527028,6.301029995663981,0.20023121313695302,7
13083,6.100782230275858,6.301029995663981,0.2002477653881236,5
13084,6.100998499091016,6.301029995663981,0.20003149657296504,3
13085,6.1009942800150405,6.301029995663981,0.20003571564894074,8
13086,5.835315068726725,6.623249290397901,0.7879342216711755,8
13087,5.59846302125721,6.623249290397901,1.0247862691406908,7
13088,5.76253909919782,6.623249290397901,0.8607101912000807,4
13089,5.856596059741994,6.623249290397901,0.7666532306559066,5
13090,5.629581506951098,6.623249290397901,0.9936677834468028,1
13091,5.845152607038785,6.623249290397901,0.7780966833591156,10
13092,5.810046766786851,6.623249290397901,0.81320252361105,3
13093,5.765887432910763,6.623249290397901,0.8573618574871373,2
13094,5.793398758545405,6.623249290397901,0.8298505318524958,6
13095,6.196504781390164,6.531478917042255,0.3349741356520912,7
13096,6.213548488232123,6.531478917042255,0.3179304288101328,8
13097,6.199434691166449,6.531478917042255,0.33204422587580673,3
13098,6.197449410969978,6.531478917042255,0.33402950607227755,4
13099,6.24727593977166,6.531478917042255,0.2842029772705956,10
13100,6.165088316968527,6.531478917042255,0.3663906000737285,6
13101,6.15913096563336,6.531478917042255,0.3723479514088952,2
13102,5.963729300703697,6.531478917042255,0.567749616338558,9
13103,6.184771903221033,6.531478917042255,0.3467070138212227,5
13104,5.713723347650303,4.352182518111363,-1.3615408295389404,1
13105,5.75336996038601,4.352182518111363,-1.4011874422746473,4
13106,5.659989772254691,4.352182518111363,-1.307807254143328,2
13107,5.818746569124935,4.352182518111363,-1.466564051013572,8
13108,5.765778131873764,4.352182518111363,-1.4135956137624017,6
13109,5.783858994669448,4.352182518111363,-1.431676476558085,7
13110,5.747762065734691,4.352182518111363,-1.3955795476233286,3
13111,5.675612105735635,4.352182518111363,-1.3234295876242719,9
13112,5.79585762577342,4.352182518111363,-1.4436751076620569,10
13113,5.969844042493653,6.1702617153949575,0.2004176729013043,9
13114,5.970251441699706,6.1702617153949575,0.20001027369525115,10
13115,5.970409343415184,6.1702617153949575,0.19985237197977312,7
13116,5.973931799295922,6.1702617153949575,0.19632991609903527,5
13117,5.9700498790805705,6.1702617153949575,0.200211836314387,3
13118,5.969934914420722,6.1702617153949575,0.20032680097423583,6
13119,5.971302150114337,6.1702617153949575,0.19895956528062086,8
13120,5.969901257376843,6.1702617153949575,0.20036045801811486,1
13121,5.970279151679355,6.1702617153949575,0.19998256371560252,4
13122,6.133953404851523,6.531478917042255,0.3975255121907324,1
13123,6.100602679198467,6.531478917042255,0.4308762378437887,10
13124,6.054354056645109,6.531478917042255,0.4771248603971463,2
13125,6.1236438291951885,6.531478917042255,0.4078350878470669,4
13126,6.181734868122553,6.531478917042255,0.34974404891970234,5
13127,6.092767460670804,6.531478917042255,0.43871145637145137,7
13128,6.089528924372086,6.531478917042255,0.4419499926701693,6
13129,6.092050563280234,6.531478917042255,0.43942835376202094,9
13130,6.224412471816118,6.531478917042255,0.3070664452261376,8
13131,6.158911880583742,6.358886204405869,0.19997432382212743,5
13132,6.158958489433504,6.358886204405869,0.1999277149723655,3
13133,6.1593200136144075,6.358886204405869,0.19956619079146165,8
13134,6.1586480326694835,6.358886204405869,0.2002381717363857,6
13135,6.158852239781934,6.358886204405869,0.20003396462393486,2
13136,6.152025157032078,6.358886204405869,0.20686104737379107,7
13137,6.139514092530241,6.358886204405869,0.21937211187562777,9
13138,6.159143626748911,6.358886204405869,0.19974257765695835,1
13139,6.159277576232134,6.358886204405869,0.19960862817373481,4
13140,5.80240892582938,4.314288660947498,-1.488120264881882,6
13141,5.717365310810116,4.314288660947498,-1.4030766498626184,9
13142,5.808687930998739,4.314288660947498,-1.4943992700512414,3
13143,5.803044012192412,4.314288660947498,-1.4887553512449143,1
13144,5.830058799466529,4.314288660947498,-1.5157701385190308,10
13145,5.831752335379773,4.314288660947498,-1.5174636744322747,7
13146,5.759895464199601,4.314288660947498,-1.4456068032521028,2
13147,5.875230547929498,4.314288660947498,-1.5609418869820004,8
13148,5.788257797720094,4.314288660947498,-1.4739691367725962,4
13149,5.976122616255751,6.176091259055681,0.19996864279993076,8
13150,5.976510536298145,6.176091259055681,0.19958072275753658,7
13151,5.975928614661778,6.176091259055681,0.2001626443939033,1
13152,5.976154018260855,6.176091259055681,0.1999372407948261,2
13153,5.976057846695499,6.176091259055681,0.2000334123601819,5
13154,5.976424211934958,6.176091259055681,0.19966704712072314,4
13155,5.975741709204325,6.176091259055681,0.20034954985135656,10
13156,5.976025986663496,6.176091259055681,0.20006527239218563,9
13157,5.976093446567032,6.176091259055681,0.19999781248864945,6
13158,6.291430250516121,6.091315159697223,-0.20011509081889756,2
13159,6.291340259283579,6.091315159697223,-0.20002509958635617,4
13160,6.291783549025055,6.091315159697223,-0.20046838932783206,1
13161,6.290981991711476,6.091315159697223,-0.19966683201425273,7
13162,6.291702423878293,6.091315159697223,-0.20038726418107,10
13163,6.291166965967305,6.091315159697223,-0.1998518062700816,3
13164,5.89126554104226,6.091315159697223,0.20004961865496362,6
13165,6.291308558369863,6.091315159697223,-0.19999339867263988,5
13166,6.291236532542329,6.091315159697223,-0.1999213728451057,9
13167,6.086347092397577,6.286456469746983,0.20010937734940626,2
13168,6.08644474672324,6.286456469746983,0.20001172302374304,4
13169,6.086112175357064,6.286456469746983,0.20034429438991896,6
13170,6.10967157624577,6.286456469746983,0.17678489350121307,9
13171,6.1094065425941615,6.286456469746983,0.17704992715282142,10
13172,6.105277926071415,6.286456469746983,0.18117854367556774,1
13173,6.086240087256686,6.286456469746983,0.2002163824902965,3
13174,6.09880921795569,6.286456469746983,0.18764725179129282,7
13175,6.086361618980981,6.286456469746983,0.20009485076600164,8
13176,5.880266315046451,6.913813852383717,1.0335475373372658,6
13177,6.135089033146674,6.913813852383717,0.7787248192370431,7
13178,6.024400690187318,6.913813852383717,0.8894131621963988,5
13179,6.021084998142994,6.913813852383717,0.8927288542407226,1
13180,6.032220368023249,6.913813852383717,0.8815934843604678,8
13181,5.9991229630886185,6.913813852383717,0.9146908892950982,10
13182,5.9771735915946556,6.913813852383717,0.9366402607890612,2
13183,6.036638844060688,6.913813852383717,0.8771750083230287,9
13184,6.004099830377106,6.913813852383717,0.9097140220066109,3
13185,5.633554425449707,5.433321711630784,-0.20023271381892283,9
13186,5.633578707200871,5.433321711630784,-0.20025699557008725,10
13187,5.633676922199953,5.433321711630784,-0.20035521056916927,1
13188,5.633415613840007,5.433321711630784,-0.20009390220922274,4
13189,5.633570672270803,5.433321711630784,-0.2002489606400193,6
13190,5.633589415167079,5.433321711630784,-0.2002677035362952,8
13191,5.633380777793509,5.433321711630784,-0.2000590661627255,5
13192,5.633679984721769,5.433321711630784,-0.20035827309098497,3
13193,5.633464167622224,5.433321711630784,-0.20014245599143976,2
13194,6.109420457298647,6.308991029000164,0.19957057170151682,4
13195,6.109421915910794,6.308991029000164,0.1995691130893702,9
13196,6.109200848885873,6.308991029000164,0.19979018011429073,1
13197,6.108552620835682,6.308991029000164,0.20043840816448188,3
13198,6.109296942454189,6.308991029000164,0.19969408654597487,7
13199,6.109030571354539,6.308991029000164,0.19996045764562442,10
13200,6.109050043403429,6.308991029000164,0.19994098559673468,8
13201,6.10891641855399,6.308991029000164,0.20007461044617347,2
13202,6.109031821990806,6.308991029000164,0.19995920700935788,6
13203,5.34671298897817,5.361727836017593,0.015014847039423351,6
13204,5.179432645688925,5.361727836017593,0.18229519032866826,5
13205,5.162104285034506,5.361727836017593,0.19962355098308748,10
13206,5.380856049769662,5.361727836017593,-0.019128213752068746,7
13207,5.4144504526079285,5.361727836017593,-0.05272261659033539,4
13208,5.522265846703468,5.361727836017593,-0.16053801068587514,8
13209,5.318797393947079,5.361727836017593,0.042930442070513664,2
13210,5.318330157855108,5.361727836017593,0.043397678162484965,3
13211,5.318396899710906,5.361727836017593,0.043330936306687384,1
13212,4.295801739083142,4.095518042323151,-0.2002836967599908,10
13213,4.295600599748128,4.095518042323151,-0.2000825574249765,1
13214,4.2957784670341255,4.095518042323151,-0.20026042471097405,3
13215,4.295267161551233,4.095518042323151,-0.19974911922808136,4
13216,4.322741460735083,4.095518042323151,-0.22722341841193128,6
13217,4.312566904613586,4.095518042323151,-0.21704886229043474,9
13218,4.295516287142367,4.095518042323151,-0.19999824481921546,8
13219,4.417809292071403,4.095518042323151,-0.3222912497482513,7
13220,4.295815798760298,4.095518042323151,-0.20029775643714665,5
13221,5.809269077878601,6.544068044350276,0.7347989664716748,2
13222,6.025035692996156,6.544068044350276,0.5190323513541193,8
13223,5.655280001847917,6.544068044350276,0.8887880425023589,5
13224,5.752983991564856,6.544068044350276,0.7910840527854193,10
13225,5.922220668274721,6.544068044350276,0.6218473760755545,6
13226,5.910949350313931,6.544068044350276,0.6331186940363445,1
13227,5.882501249897329,6.544068044350276,0.6615667944529466,4
13228,5.917911509258216,6.544068044350276,0.6261565350920595,7
13229,5.821402265056274,6.544068044350276,0.7226657792940019,3
13230,6.379515206756876,6.57978359661681,0.200268389859934,8
13231,6.3802624796441485,6.57978359661681,0.19952111697266162,6
13232,6.379884170067402,6.57978359661681,0.1998994265494085,5
13233,6.379904454242579,6.57978359661681,0.19987914237423077,10
13234,6.379800911120016,6.57978359661681,0.19998268549679388,3
13235,6.37969415361583,6.57978359661681,0.20008944300098008,1
13236,6.379710237237926,6.57978359661681,0.2000733593788837,2
13237,6.379597949533358,6.57978359661681,0.200185647083452,4
13238,6.379615516200485,6.57978359661681,0.20016808041632483,7
13239,4.432144959505503,2.6972293427597176,-1.734915616745785,3
13240,4.358342214557339,2.6972293427597176,-1.6611128717976218,5
13241,4.364414141387569,2.6972293427597176,-1.6671847986278516,2
13242,4.461246485963091,2.6972293427597176,-1.7640171432033735,10
13243,4.331040985780164,2.6972293427597176,-1.6338116430204463,7
13244,4.4674879526085665,2.6972293427597176,-1.7702586098488489,1
13245,4.454189105338818,2.6972293427597176,-1.7569597625791005,4
13246,4.900130587262574,2.6972293427597176,-2.202901244502856,9
13247,4.4486234869546495,2.6972293427597176,-1.751394144194932,8
13248,5.13372323237086,4.746322765089953,-0.3874004672809068,2
13249,5.440850955544053,4.746322765089953,-0.6945281904540996,6
13250,5.155632862526236,4.746322765089953,-0.40931009743628266,8
13251,4.946660428893022,4.746322765089953,-0.20033766380306872,7
13252,5.194722615768662,4.746322765089953,-0.448399850678709,3
13253,5.194467986218889,4.746322765089953,-0.44814522112893584,4
13254,5.184088575948743,4.746322765089953,-0.43776581085878963,10
13255,5.153330227335816,4.746322765089953,-0.40700746224586304,5
13256,5.216147888420767,4.746322765089953,-0.4698251233308133,1
13257,5.9944773302728205,6.291391053078407,0.2969137228055869,4
13258,5.991702939171716,6.291391053078407,0.2996881139066918,5
13259,5.95184825301921,6.291391053078407,0.33954280005919735,8
13260,6.012752609221399,6.291391053078407,0.278638443857008,1
13261,6.011072536248776,6.291391053078407,0.2803185168296318,10
13262,5.984884897838658,6.291391053078407,0.30650615523974967,3
13263,6.091041774901582,6.291391053078407,0.20034927817682568,6
13264,5.980920578845453,6.291391053078407,0.3104704742329547,2
13265,6.091807543413391,6.291391053078407,0.19958350966501648,9
13266,6.055990091008258,6.747411807886423,0.6914217168781649,7
13267,6.145850958431098,6.747411807886423,0.6015608494553248,6
13268,6.097710498511219,6.747411807886423,0.649701309375204,2
13269,5.987157375274414,6.747411807886423,0.7602544326120091,10
13270,6.147495276540415,6.747411807886423,0.5999165313460084,8
13271,6.1655206773561755,6.747411807886423,0.5818911305302477,9
13272,6.101978824730594,6.747411807886423,0.6454329831558292,4
13273,6.160891761830165,6.747411807886423,0.5865200460562585,3
13274,6.195908131298508,6.747411807886423,0.5515036765879149,5
13275,6.412909061590478,6.491361693834273,0.0784526322437955,9
13276,6.412788083647928,6.491361693834273,0.07857361018634546,6
13277,6.31077840582347,6.491361693834273,0.18058328801080314,5
13278,6.329144680468092,6.491361693834273,0.1622170133661811,10
13279,6.393967257630605,6.491361693834273,0.09739443620366828,3
13280,6.368147810818146,6.491361693834273,0.12321388301612668,2
13281,6.291082713205181,6.491361693834273,0.20027898062909166,8
13282,6.367980536258036,6.491361693834273,0.12338115757623669,1
13283,6.412991210868877,6.491361693834273,0.07837048296539617,4
13284,6.198961007082355,6.113943352306837,-0.08501765477551793,1
13285,6.229253397831741,6.113943352306837,-0.11531004552490387,6
13286,6.238814121021375,6.113943352306837,-0.12487076871453784,3
13287,6.17845005724585,6.113943352306837,-0.06450670493901267,2
13288,6.208085535739692,6.113943352306837,-0.0941421834328553,8
13289,6.239250315620797,6.113943352306837,-0.1253069633139603,9
13290,6.163379145939535,6.113943352306837,-0.04943579363269812,10
13291,6.218320915590798,6.113943352306837,-0.1043775632839612,4
13292,6.265950467398301,6.113943352306837,-0.1520071150914637,5
13293,5.001750359505239,6.096910013008056,1.095159653502817,4
13294,4.982489420572878,6.096910013008056,1.1144205924351782,1
13295,5.1424921386803994,6.096910013008056,0.9544178743276568,7
13296,5.23668393595075,6.096910013008056,0.8602260770573062,3
13297,5.303541528122301,6.096910013008056,0.7933684848857556,10
13298,5.07120323135762,6.096910013008056,1.0257067816504364,5
13299,5.131981387313285,6.096910013008056,0.9649286256947711,2
13300,4.823139388619918,6.096910013008056,1.2737706243881384,9
13301,4.8658987334663575,6.096910013008056,1.2310112795416988,6
13302,4.672240612261831,3.804820678721162,-0.8674199335406692,2
13303,4.749562110696463,3.804820678721162,-0.9447414319753009,4
13304,4.726261477814001,3.804820678721162,-0.921440799092839,1
13305,4.7118219214888954,3.804820678721162,-0.9070012427677336,8
13306,4.69039408201857,3.804820678721162,-0.8855734032974083,3
13307,4.698355793610929,3.804820678721162,-0.8935351148897674,7
13308,4.699475341371765,3.804820678721162,-0.8946546626506033,5
13309,4.766233523063593,3.804820678721162,-0.9614128443424312,9
13310,4.724991199403143,3.804820678721162,-0.9201705206819812,6
13311,5.278931805987453,5.079181246047625,-0.1997505599398277,10
13312,5.25918857933228,5.079181246047625,-0.1800073332846548,6
13313,5.260451000851449,5.079181246047625,-0.18126975480382423,1
13314,5.279296936648056,5.079181246047625,-0.20011569060043133,3
13315,5.212121045947253,5.079181246047625,-0.1329397998996278,2
13316,5.24586734784535,5.079181246047625,-0.16668610179772525,8
13317,5.236629750397129,5.079181246047625,-0.15744850434950397,7
13318,5.279107212947849,5.079181246047625,-0.19992596690022424,5
13319,5.279337693330326,5.079181246047625,-0.20015644728270132,9
13320,4.200388852249527,2.220108088040055,-1.9802807642094722,6
13321,4.5885551735235985,2.220108088040055,-2.3684470854835435,3
13322,4.188679513521128,2.220108088040055,-1.9685714254810733,7
13323,4.254663729802712,2.220108088040055,-2.0345556417626574,4
13324,4.210466018028782,2.220108088040055,-1.9903579299887273,1
13325,4.299144702968146,2.220108088040055,-2.079036614928091,10
13326,4.199255091003261,2.220108088040055,-1.979147002963206,8
13327,4.241036612449786,2.220108088040055,-2.0209285244097313,9
13328,4.1703981672860735,2.220108088040055,-1.9502900792460185,2
13329,5.533633310376581,4.850646235183066,-0.6829870751935152,5
13330,5.660577965584218,4.850646235183066,-0.8099317304011517,7
13331,5.246306818605042,4.850646235183066,-0.39566058342197596,2
13332,5.541895581903498,4.850646235183066,-0.6912493467204319,4
13333,5.471876993749897,4.850646235183066,-0.6212307585668304,10
13334,5.536688717388969,4.850646235183066,-0.6860424822059032,9
13335,5.520272152429419,4.850646235183066,-0.6696259172463526,1
13336,5.515065137021188,4.850646235183066,-0.6644189018381219,3
13337,5.584926000257151,4.850646235183066,-0.7342797650740849,6
13338,5.845322044393602,6.045322978786658,0.20000093439305555,4
13339,5.845630490284361,6.045322978786658,0.19969248850229615,8
13340,5.844953832152503,6.045322978786658,0.20036914663415484,6
13341,5.845196427883666,6.045322978786658,0.2001265509029917,9
13342,5.8438313582510455,6.045322978786658,0.2014916205356121,1
13343,5.845168305025176,6.045322978786658,0.20015467376148166,7
13344,5.845221410999456,6.045322978786658,0.20010156778720134,5
13345,5.845373893631577,6.045322978786658,0.19994908515508047,2
13346,5.845161276694103,6.045322978786658,0.20016170209255435,3
13347,5.991605391138681,5.791690649020118,-0.19991474211856364,4
13348,5.9914039740092,5.791690649020118,-0.19971332498908279,3
13349,5.991708030012516,5.791690649020118,-0.2000173809923984,5
13350,5.998488431586318,5.791690649020118,-0.20679778256620018,6
13351,5.991894403272217,5.791690649020118,-0.20020375425209913,9
13352,5.970964862152857,5.791690649020118,-0.1792742131327394,10
13353,5.9918190177851445,5.791690649020118,-0.20012836876502682,1
13354,6.0530466370415175,5.791690649020118,-0.2613559880213998,7
13355,5.973782505485918,5.791690649020118,-0.18209185646580028,2
13356,5.3559047129067165,5.155609283678915,-0.2002954292278014,6
13357,5.355708950878006,5.155609283678915,-0.20009966719909045,7
13358,5.2884540517295715,5.155609283678915,-0.13284476805065637,8
13359,5.355421370891624,5.155609283678915,-0.1998120872127087,9
13360,5.356035133542106,5.155609283678915,-0.20042584986319056,2
13361,5.341206891344709,5.155609283678915,-0.1855976076657937,3
13362,5.497886352387706,5.155609283678915,-0.3422770687087908,5
13363,5.355918650282579,5.155609283678915,-0.20030936660366372,1
13364,5.3558047832445554,5.155609283678915,-0.2001954995656403,4
13365,5.210686177776989,5.690196080028514,0.47950990225152523,6
13366,5.211618460084255,5.690196080028514,0.47857761994425907,2
13367,5.192609797970766,5.690196080028514,0.4975862820577479,9
13368,5.282334154088883,5.690196080028514,0.4078619259396312,8
13369,5.287301756445078,5.690196080028514,0.40289432358343547,7
13370,5.222812008489276,5.690196080028514,0.46738407153923767,3
13371,5.226259591916676,5.690196080028514,0.4639364881118375,1
13372,5.1847062204371746,5.690196080028514,0.5054898595913393,4
13373,5.191952023002224,5.690196080028514,0.49824405702629004,5
13374,5.227899070074613,5.000867721531227,-0.22703134854338547,3
13375,5.201084444367416,5.000867721531227,-0.2002167228361884,2
13376,5.247234650821363,5.000867721531227,-0.2463669292901356,5
13377,5.234258503903561,5.000867721531227,-0.23339078237233402,1
13378,5.221547331479652,5.000867721531227,-0.22067960994842473,10
13379,5.201085332001167,5.000867721531227,-0.2002176104699398,4
13380,5.353451653972139,5.000867721531227,-0.35258393244091213,8
13381,5.282775163236669,5.000867721531227,-0.28190744170544146,6
13382,5.258476805538344,5.000867721531227,-0.25760908400711724,9
13383,6.1804174344520515,6.806179973983888,0.6257625395318369,1
13384,6.227140816067966,6.806179973983888,0.579039157915922,3
13385,6.072440911497152,6.806179973983888,0.7337390624867366,2
13386,6.0313500070304595,6.806179973983888,0.7748299669534289,7
13387,6.126184554548277,6.806179973983888,0.6799954194356115,5
13388,5.991576484401741,6.806179973983888,0.8146034895821472,6
13389,6.156785366557545,6.806179973983888,0.649394607426343,4
13390,6.219771660987979,6.806179973983888,0.5864083129959097,8
13391,6.071159367578799,6.806179973983888,0.7350206064050893,10
13392,5.84154921834749,6.041392685158225,0.1998434668107354,1
13393,5.837393859719766,6.041392685158225,0.20399882543845926,3
13394,5.841575961408286,6.041392685158225,0.1998167237499393,7
13395,5.8416492763634045,6.041392685158225,0.1997434087948209,5
13396,5.841111124070943,6.041392685158225,0.2002815610872828,10
13397,5.8414361562909125,6.041392685158225,0.19995652886731285,6
13398,5.789596177799098,6.041392685158225,0.25179650735912773,9
13399,5.841538298669341,6.041392685158225,0.19985438648888465,4
13400,5.832690270106416,6.041392685158225,0.20870241505180953,2
13401,5.581064368970913,5.656960182742849,0.0758958137719361,4
13402,5.514699556035175,5.656960182742849,0.14226062670767448,3
13403,5.670450277411818,5.656960182742849,-0.013490094668968666,8
13404,5.526198762828988,5.656960182742849,0.1307614199138607,1
13405,5.476167207192122,5.656960182742849,0.1807929755507267,9
13406,5.524808735834266,5.656960182742849,0.13215144690858338,2
13407,5.456711391409232,5.656960182742849,0.2002487913336175,10
13408,5.570830744991379,5.656960182742849,0.0861294377514703,6
13409,5.45698264543199,5.656960182742849,0.19997753731085943,5
13410,5.920815721332051,6.355068206348851,0.4342524850167999,8
13411,5.536688717388969,6.355068206348851,0.8183794889598817,9
13412,5.584926000257151,6.355068206348851,0.7701422060917,6
13413,5.660577965584218,6.355068206348851,0.6944902407646332,7
13414,5.471876993749897,6.355068206348851,0.8831912125989545,10
13415,5.515065137021188,6.355068206348851,0.840003069327663,3
13416,5.541895581903498,6.355068206348851,0.813172624445353,4
13417,5.533633310376581,6.355068206348851,0.8214348959722697,5
13418,5.520272152429419,6.355068206348851,0.8347960539194323,1
13419,6.124143212662556,6.324282455297693,0.20013924263513694,10
13420,6.12440946598167,6.324282455297693,0.19987298931602293,8
13421,6.124376508103245,6.324282455297693,0.19990594719444843,4
13422,6.124710746548405,6.324282455297693,0.1995717087492883,2
13423,6.12423509252739,6.324282455297693,0.20004736277030322,7
13424,6.124643764528707,6.324282455297693,0.19963869076898622,6
13425,6.124015062709898,6.324282455297693,0.20026739258779536,9
13426,6.124375120862297,6.324282455297693,0.19990733443539632,5
13427,6.124295756907772,6.324282455297693,0.199986698389921,1
13428,5.744842057542235,5.944482672150168,0.19964061460793303,4
13429,5.744761636374416,5.944482672150168,0.1997210357757524,2
13430,5.6593951205602755,5.944482672150168,0.28508755158989274,1
13431,5.744467899012322,5.944482672150168,0.20001477313784655,9
13432,5.744617238179142,5.944482672150168,0.19986543397102619,5
13433,5.482314856568917,5.944482672150168,0.4621678155812514,7
13434,5.744094171053044,5.944482672150168,0.20038850109712403,10
13435,5.744543073012301,5.944482672150168,0.19993959913786696,6
13436,5.744407259948974,5.944482672150168,0.20007541220119407,8
13437,6.259304229396759,6.3979400086720375,0.13863577927527881,7
13438,6.291189841662522,6.3979400086720375,0.10675016700951545,6
13439,6.292157379150316,6.3979400086720375,0.10578262952172146,2
13440,6.334322751413669,6.3979400086720375,0.0636172572583682,9
13441,6.197863843590207,6.3979400086720375,0.20007616508183013,3
13442,6.261826308010451,6.3979400086720375,0.13611370066158646,8
13443,6.241867781663051,6.3979400086720375,0.1560722270089867,10
13444,6.197706447472908,6.3979400086720375,0.20023356119912972,1
13445,6.285310976172902,6.3979400086720375,0.11262903249913592,4
13446,5.98740572938603,6.1702617153949575,0.18285598600892783,1
13447,6.063928504909473,6.1702617153949575,0.10633321048548439,3
13448,6.181232467751786,6.1702617153949575,-0.010970752356828761,10
13449,6.182576476361185,6.1702617153949575,-0.012314760966227745,8
13450,5.970386248226539,6.1702617153949575,0.1998754671684182,6
13451,6.101589642307491,6.1702617153949575,0.06867207308746615,5
13452,6.205347425222301,6.1702617153949575,-0.03508570982734316,4
13453,6.321725372502233,6.1702617153949575,-0.15146365710727583,9
13454,6.309855427243681,6.1702617153949575,-0.1395937118487236,2
13455,5.390346031533506,4.413634997198556,-0.9767110343349499,7
13456,5.390358913293225,4.413634997198556,-0.9767239160946692,8
13457,5.396448324761796,4.413634997198556,-0.9828133275632398,4
13458,5.423347463590549,4.413634997198556,-1.009712466391993,9
13459,5.261645811931589,4.413634997198556,-0.8480108147330334,3
13460,5.395196538137703,4.413634997198556,-0.9815615409391469,2
13461,5.314016096362204,4.413634997198556,-0.9003810991636483,6
13462,5.3910331284721895,4.413634997198556,-0.9773981312736337,1
13463,5.343972795754168,4.413634997198556,-0.9303377985556125,5
13464,6.056600517471433,5.949390006644912,-0.10721051082652089,8
13465,5.984432595633838,5.949390006644912,-0.03504258898892587,5
13466,5.999066877698113,5.949390006644912,-0.049676871053200955,2
13467,5.962829582474545,5.949390006644912,-0.013439575829632844,6
13468,6.078363066737281,5.949390006644912,-0.12897306009236864,9
13469,6.012150306574296,5.949390006644912,-0.06276029992938348,4
13470,6.041900124803311,5.949390006644912,-0.09251011815839849,10
13471,6.056595092485255,5.949390006644912,-0.10720508584034238,1
13472,5.907815712620743,5.949390006644912,0.041574294024169234,3
13473,6.134164354023073,6.056904851336473,-0.07725950268660053,8
13474,6.10238766327736,6.056904851336473,-0.04548281194088766,4
13475,6.1187663995115535,6.056904851336473,-0.06186154817508083,2
13476,6.171193220709251,6.056904851336473,-0.11428836937277786,9
13477,6.043543076328872,6.056904851336473,0.01336177500760094,3
13478,6.101819494069219,6.056904851336473,-0.04491464273274648,5
13479,6.112505898567292,6.056904851336473,-0.05560104723081949,10
13480,6.058513479468442,6.056904851336473,-0.0016086281319696027,6
13481,6.123370689686142,6.056904851336473,-0.06646583834966968,1
13482,5.611717563347823,5.072984744627931,-0.5387328187198923,5
13483,5.480475050961304,5.072984744627931,-0.407490306333373,2
13484,5.656580927802784,5.072984744627931,-0.5835961831748531,8
13485,5.596631469840921,5.072984744627931,-0.5236467252129904,4
13486,5.712301837303088,5.072984744627931,-0.6393170926751575,7
13487,5.7147305867635945,5.072984744627931,-0.6417458421356637,10
13488,5.483747595542013,5.072984744627931,-0.4107628509140824,6
13489,5.514446920925371,5.072984744627931,-0.4414621762974402,3
13490,5.6369312874310324,5.072984744627931,-0.5639465428031016,1
13491,5.497225414249003,5.697229342759718,0.20000392851071425,3
13492,5.497566350410921,5.697229342759718,0.19966299234879692,6
13493,5.496799948278971,5.697229342759718,0.20042939448074648,8
13494,5.665372348803856,5.697229342759718,0.031856993955861945,5
13495,5.497131700794491,5.697229342759718,0.20009764196522628,1
13496,5.655938500688106,5.697229342759718,0.0412908420716116,9
13497,5.497302345495038,5.697229342759718,0.19992699726467933,7
13498,5.497084846266292,5.697229342759718,0.2001444964934258,4
13499,5.497535489844801,5.697229342759718,0.19969385291491637,2
13500,5.8988571086906205,5.698970004336019,-0.19988710435460177,1
13501,5.8987521111180925,5.698970004336019,-0.19978210678207375,3
13502,5.898840550242424,5.698970004336019,-0.19987054590640518,9
13503,5.898752504582561,5.698970004336019,-0.19978250024654187,2
13504,5.898986553041778,5.698970004336019,-0.2000165487057597,4
13505,5.898920957682032,5.698970004336019,-0.1999509533460131,7
13506,5.953638637146179,5.698970004336019,-0.2546686328101604,5
13507,5.939198173873963,5.698970004336019,-0.24022816953794468,6
13508,5.898948844246315,5.698970004336019,-0.19997883991029664,8
13509,6.308725426525652,6.664547962246547,0.35582253572089506,1
13510,6.1469325710877545,6.664547962246547,0.5176153911587926,3
13511,6.464862070424525,6.664547962246547,0.19968589182202212,10
13512,6.151396801562859,6.664547962246547,0.5131511606836883,2
13513,6.209561137660243,6.664547962246547,0.454986824586304,8
13514,6.270586028087914,6.664547962246547,0.3939619341586331,6
13515,6.167237724131777,6.664547962246547,0.49731023811477026,7
13516,6.228136245388493,6.664547962246547,0.43641171685805435,5
13517,6.180320547041887,6.664547962246547,0.48422741520465973,4
13518,6.633184421381271,6.937016107464814,0.3038316860835426,7
13519,6.239151419210725,6.937016107464814,0.6978646882540884,2
13520,6.616216674906708,6.937016107464814,0.32079943255810583,1
13521,6.586092876385066,6.937016107464814,0.3509232310797481,9
13522,6.514199547699495,6.937016107464814,0.4228165597653186,8
13523,6.647006592222684,6.937016107464814,0.29000951524212937,10
13524,6.647022485448492,6.937016107464814,0.28999362201632195,5
13525,6.455252361011805,6.937016107464814,0.4817637464530087,3
13526,6.5265617644027385,6.937016107464814,0.4104543430620753,4
13527,6.682183961434459,7.531478917042255,0.849294955607796,5
13528,6.638548214592461,7.531478917042255,0.8929307024497941,8
13529,6.729825377358435,7.531478917042255,0.8016535396838202,10
13530,6.548780337761636,7.531478917042255,0.9826985792806191,3
13531,6.56282192219508,7.531478917042255,0.9686569948471755,9
13532,6.329730096752033,7.531478917042255,1.2017488202902227,6
13533,6.739409073313792,7.531478917042255,0.7920698437284637,1
13534,6.727756552985485,7.531478917042255,0.8037223640567701,7
13535,6.605914136262961,7.531478917042255,0.9255647807792942,4
13536,6.040318617221923,6.240798771117332,0.2004801538954082,1
13537,5.973498107793407,6.240798771117332,0.2673006633239243,3
13538,6.040473162998799,6.240798771117332,0.20032560811853273,5
13539,6.040804168426866,6.240798771117332,0.19999460269046576,10
13540,6.040736163675758,6.240798771117332,0.20006260744157345,9
13541,6.0443116039167,6.240798771117332,0.19648716720063142,6
13542,6.040475589484107,6.240798771117332,0.20032318163322493,7
13543,6.0083375831500625,6.240798771117332,0.2324611879672691,2
13544,6.014073499413366,6.240798771117332,0.22672527170396517,8
13545,6.0939020311701455,6.012837224705172,-0.0810648064649735,5
13546,6.117503168645902,6.012837224705172,-0.10466594394072981,3
13547,6.168629765543097,6.012837224705172,-0.1557925408379246,7
13548,6.062706409667649,6.012837224705172,-0.04986918496247661,2
13549,6.213132610172018,6.012837224705172,-0.20029538546684567,9
13550,6.136912623943492,6.012837224705172,-0.12407539923832012,1
13551,6.152613126422675,6.012837224705172,-0.13977590171750265,8
13552,6.184850988580511,6.012837224705172,-0.17201376387533873,4
13553,6.172116310278618,6.012837224705172,-0.15927908557344583,10
13554,6.29774622264542,6.44870631990508,0.15096009725965942,6
13555,6.420371297605712,6.44870631990508,0.028335022299367907,1
13556,6.284695271271221,6.44870631990508,0.16401104863385907,9
13557,6.248521137147388,6.44870631990508,0.20018518275769193,2
13558,6.248556338213818,6.44870631990508,0.2001499816912622,5
13559,6.413784875031632,6.44870631990508,0.03492144487344806,10
13560,6.338587725918387,6.44870631990508,0.11011859398669266,7
13561,6.248511575561032,6.44870631990508,0.2001947443440475,8
13562,6.248724491444051,6.44870631990508,0.19998182846102885,4
13563,6.1388170443096985,6.580468783951002,0.4416517396413031,9
13564,6.036320251303205,6.580468783951002,0.5441485326477968,4
13565,6.074634689890125,6.580468783951002,0.5058340940608765,5
13566,5.931188717330662,6.580468783951002,0.6492800666203395,3
13567,6.101731880297651,6.580468783951002,0.47873690365335086,6
13568,6.295082417489086,6.580468783951002,0.28538636646191584,10
13569,6.041145685934182,6.580468783951002,0.53932309801682,8
13570,6.01401907269995,6.580468783951002,0.5664497112510514,2
13571,6.112990128501592,6.580468783951002,0.46747865544940925,1
13572,6.212724861630038,5.778151250383644,-0.43457361124639426,7
13573,5.978042439626577,5.778151250383644,-0.19989118924293336,3
13574,6.113968301841495,5.778151250383644,-0.3358170514578509,4
13575,6.171668397966664,5.778151250383644,-0.3935171475830206,6
13576,6.071393700492429,5.778151250383644,-0.29324245010878514,8
13577,6.1598990334547805,5.778151250383644,-0.38174778307113666,5
13578,6.210492823760843,5.778151250383644,-0.43234157337719914,1
13579,6.095229780610373,5.778151250383644,-0.3170785302267287,2
13580,6.224530126550668,5.778151250383644,-0.44637887616702443,9
13581,5.932075356874092,5.732393759822968,-0.1996815970511241,1
13582,5.932610745965479,5.732393759822968,-0.20021698614251093,3
13583,5.932673437536113,5.732393759822968,-0.20027967771314525,4
13584,5.932129817859523,5.732393759822968,-0.1997360580365548,7
13585,5.9324794606171904,5.732393759822968,-0.20008570079422228,5
13586,5.932341594919524,5.732393759822968,-0.19994783509655623,2
13587,5.932361881155152,5.732393759822968,-0.19996812133218356,10
13588,5.932487222093176,5.732393759822968,-0.20009346227020774,8
13589,5.9324350234227365,5.732393759822968,-0.20004126359976837,6
13590,5.364348071997986,4.954242509439325,-0.4101055625586607,4
13591,5.503854041504781,4.954242509439325,-0.5496115320654562,10
13592,5.360123396568129,4.954242509439325,-0.405880887128804,2
13593,5.4604286415008865,4.954242509439325,-0.5061861320615613,7
13594,5.3434762074312,4.954242509439325,-0.3892336979918749,5
13595,5.384634718743298,4.954242509439325,-0.4303922093039727,6
13596,5.466595298210276,4.954242509439325,-0.5123527887709507,1
13597,5.1922133490768205,4.954242509439325,-0.23797083963749532,3
13598,5.348905733438711,4.954242509439325,-0.3946632239993857,8
13599,6.338587725918387,6.857332496431268,0.5187447705128809,7
13600,6.413784875031632,6.857332496431268,0.4435476213996363,10
13601,6.284695271271221,6.857332496431268,0.5726372251600473,9
13602,6.248724491444051,6.857332496431268,0.6086080049872171,4
13603,6.248521137147388,6.857332496431268,0.6088113592838802,2
13604,6.248511575561032,6.857332496431268,0.6088209208702358,8
13605,6.166155285710093,6.857332496431268,0.6911772107211753,3
13606,6.420371297605712,6.857332496431268,0.4369611988255562,1
13607,6.29774622264542,6.857332496431268,0.5595862737858477,6
13608,6.048395328749874,5.308393649976259,-0.7400016787736146,9
13609,5.86072190224311,5.308393649976259,-0.5523282522668511,4
13610,5.810159258353397,5.308393649976259,-0.5017656083771378,3
13611,5.958279217144523,5.308393649976259,-0.6498855671682637,10
13612,5.874601595185923,5.308393649976259,-0.5662079452096638,6
13613,5.906766915139561,5.308393649976259,-0.5983732651633016,7
13614,5.915768815492408,5.308393649976259,-0.6073751655161486,1
13615,5.890339168927677,5.308393649976259,-0.581945518951418,2
13616,5.837665462004008,5.308393649976259,-0.5292718120277486,8
13617,6.07733886670901,6.277090960334402,0.19975209362539204,4
13618,6.077497396958674,6.277090960334402,0.19959356337572753,6
13619,6.077327476024608,6.277090960334402,0.19976348430979396,2
13620,6.076957489116573,6.277090960334402,0.20013347121782843,9
13621,6.076733687489144,6.277090960334402,0.20035727284525784,5
13622,6.077292356935693,6.277090960334402,0.19979860339870825,8
13623,6.077185038672245,6.277090960334402,0.1999059216621566,7
13624,6.0771021992834715,6.277090960334402,0.1999887610509301,3
13625,6.076907655128608,6.277090960334402,0.20018330520579397,1
13626,6.0572578182866295,5.857332496431268,-0.19992532185536138,6
13627,6.057580551631138,5.857332496431268,-0.20024805519986977,10
13628,6.0575060659078845,5.857332496431268,-0.20017356947661646,4
13629,6.057023465634407,5.857332496431268,-0.19969096920313856,8
13630,6.05716908644982,5.857332496431268,-0.1998365900185517,1
13631,6.057807954776019,5.857332496431268,-0.20047545834475056,2
13632,6.057691002266976,5.857332496431268,-0.20035850583570802,9
13633,6.057683932065612,5.857332496431268,-0.2003514356343441,5
13634,6.05757042895989,5.857332496431268,-0.20023793252862188,7
13635,5.740882037589982,5.0,-0.7408820375899818,8
13636,5.664864320367177,5.0,-0.6648643203671769,5
13637,5.637807044774131,5.0,-0.6378070447741306,4
13638,5.720193411440305,5.0,-0.720193411440305,3
13639,5.6574136604918035,5.0,-0.6574136604918035,9
13640,5.699400264792186,5.0,-0.6994002647921862,1
13641,5.690034779431636,5.0,-0.6900347794316364,2
13642,5.5715532212678065,5.0,-0.5715532212678065,6
13643,5.689855012120827,5.0,-0.6898550121208267,7
13644,5.576506203907497,5.301029995663981,-0.27547620824351604,9
13645,5.5930947605168715,5.301029995663981,-0.29206476485289024,3
13646,5.545053107864087,5.301029995663981,-0.24402311220010553,4
13647,5.563069583746915,5.301029995663981,-0.26203958808293404,6
13648,5.628927058147586,5.301029995663981,-0.32789706248360506,7
13649,5.557355342862847,5.301029995663981,-0.25632534719886557,10
13650,5.611203621450541,5.301029995663981,-0.31017362578656016,1
13651,5.5791738914503375,5.301029995663981,-0.27814389578635623,2
13652,5.5891972910821375,5.301029995663981,-0.2881672954181562,5
13653,3.9240510405051747,4.123851640967086,0.19980060046191106,10
13654,3.8615920636699452,4.123851640967086,0.26225957729714056,9
13655,3.9141933162056306,4.123851640967086,0.20965832476145518,2
13656,3.9584842143828993,4.123851640967086,0.16536742658418646,8
13657,3.9073397730664654,4.123851640967086,0.21651186790062038,4
13658,3.9237487255928505,4.123851640967086,0.2001029153742353,5
13659,3.8427297001183076,4.123851640967086,0.2811219408487782,7
13660,3.92355780823149,4.123851640967086,0.20029383273559587,1
13661,3.9160845494005905,4.123851640967086,0.2077670915664953,6
13662,5.472482944132564,4.505149978319906,-0.9673329658126582,10
13663,5.536532656538888,4.505149978319906,-1.031382678218982,6
13664,5.555169986516677,4.505149978319906,-1.0500200081967703,2
13665,5.588348127766394,4.505149978319906,-1.0831981494464875,3
13666,5.630979252666388,4.505149978319906,-1.125829274346482,9
13667,5.534272277925112,4.505149978319906,-1.0291222996052056,4
13668,5.440820287356401,4.505149978319906,-0.9356703090364951,1
13669,5.569008938019699,4.505149978319906,-1.0638589596997932,8
13670,5.596546215009448,4.505149978319906,-1.0913962366895413,7
13671,5.710276961262823,6.32221929473392,0.6119423334710978,3
13672,5.791956509881241,6.32221929473392,0.5302627848526793,7
13673,5.824902649939993,6.32221929473392,0.49731664479392723,6
13674,5.776054331187207,6.32221929473392,0.5461649635467136,1
13675,5.860786732946018,6.32221929473392,0.4614325617879027,10
13676,5.8149963341168,6.32221929473392,0.5072229606171206,2
13677,5.808648568579356,6.32221929473392,0.5135707261545646,8
13678,5.789554692647953,6.32221929473392,0.5326646020859673,4
13679,5.830438291563965,6.32221929473392,0.49178100316995543,5
13680,5.863935515660264,4.505149978319906,-1.3587855373403581,1
13681,5.857399766561657,4.505149978319906,-1.3522497882417506,2
13682,5.907573210027022,4.505149978319906,-1.4024232317071155,3
13683,5.885249356723937,4.505149978319906,-1.3800993784040303,7
13684,5.849317591729127,4.505149978319906,-1.3441676134092209,4
13685,5.8744986657439435,4.505149978319906,-1.3693486874240373,6
13686,5.810757748916452,4.505149978319906,-1.3056077705965459,10
13687,5.878617073010231,4.505149978319906,-1.3734670946903247,8
13688,5.916586944172822,4.505149978319906,-1.411436965852916,5
13689,5.99750282174588,4.568201724066995,-1.4293010976788851,7
13690,6.011817861440049,4.568201724066995,-1.4436161373730538,9
13691,6.018900567764779,4.568201724066995,-1.4506988436977837,6
13692,6.047251634581584,4.568201724066995,-1.479049910514589,3
13693,5.982290971112935,4.568201724066995,-1.4140892470459399,1
13694,5.923814912736906,4.568201724066995,-1.3556131886699108,10
13695,6.014674811591674,4.568201724066995,-1.4464730875246792,8
13696,5.988023815149695,4.568201724066995,-1.4198220910827004,2
13697,5.985428058523802,4.568201724066995,-1.4172263344568075,4
13698,4.2603727175487975,4.900367128656471,0.6399944111076739,7
13699,4.345153299414207,4.900367128656471,0.5552138292422644,8
13700,4.258369604721356,4.900367128656471,0.6419975239351157,2
13701,4.291663512297016,4.900367128656471,0.6087036163594552,5
13702,4.275205941157477,4.900367128656471,0.6251611874989944,3
13703,4.282061501470643,4.900367128656471,0.618305627185828,1
13704,4.273644840221607,4.900367128656471,0.6267222884348644,6
13705,4.266187298184597,4.900367128656471,0.634179830471874,4
13706,4.2747323784178395,4.900367128656471,0.6256347502386319,9
13707,5.76818041936286,5.477121254719663,-0.2910591646431975,5
13708,5.83482211557418,5.477121254719663,-0.3577008608545178,7
13709,5.677255893148953,5.477121254719663,-0.20013463842929013,3
13710,5.805988442098864,5.477121254719663,-0.32886718737920173,8
13711,5.677351435348284,5.477121254719663,-0.20023018062862175,6
13712,5.766617813956757,5.477121254719663,-0.2894965592370946,4
13713,5.7457721175861165,5.477121254719663,-0.2686508628664539,1
13714,5.677385771014399,5.477121254719663,-0.20026451629473652,2
13715,5.676845940249698,5.477121254719663,-0.1997246855300352,9
13716,5.4468133494940485,6.041392685158225,0.5945793356641769,2
13717,5.542871283303891,6.041392685158225,0.498521401854334,7
13718,5.539081682523323,6.041392685158225,0.5023110026349027,8
13719,5.523973658870714,6.041392685158225,0.5174190262875111,3
13720,5.505530147169032,6.041392685158225,0.5358625379891935,9
13721,5.492968298712428,6.041392685158225,0.5484243864457969,4
13722,5.50308054272614,6.041392685158225,0.5383121424320851,6
13723,5.5333117586737135,6.041392685158225,0.5080809264845119,10
13724,5.52617933505568,6.041392685158225,0.5152133501025453,5
13725,6.134267409391078,6.496791315700042,0.36252390630896425,7
13726,6.107378290590629,6.496791315700042,0.38941302510941345,10
13727,6.115122714097343,6.496791315700042,0.38166860160269866,4
13728,5.987879028506335,6.496791315700042,0.5089122871937075,6
13729,6.005312380994721,6.496791315700042,0.491478934705321,3
13730,6.026660200470962,6.496791315700042,0.4701311152290799,2
13731,6.134180780505968,6.496791315700042,0.36261053519407405,8
13732,6.102633811909841,6.496791315700042,0.3941575037902014,1
13733,6.134468031846849,6.496791315700042,0.36232328385319335,5
13734,5.446181866081349,4.486713775982485,-0.9594680900988637,9
13735,5.546411373617812,4.486713775982485,-1.059697597635327,6
13736,5.5494348699256015,4.486713775982485,-1.0627210939431162,8
13737,5.33553253825276,4.486713775982485,-0.848818762270275,10
13738,5.381281364139506,4.486713775982485,-0.8945675881570203,7
13739,5.3966795092212525,4.486713775982485,-0.9099657332387672,5
13740,5.546468904740977,4.486713775982485,-1.0597551287584919,2
13741,5.4996845207144585,4.486713775982485,-1.0129707447319731,1
13742,5.49910797768395,4.486713775982485,-1.0123942017014649,4
13743,5.655422043352089,5.0,-0.6554220433520888,2
13744,5.645293182177637,5.0,-0.6452931821776371,3
13745,5.595790917046497,5.0,-0.5957909170464966,5
13746,5.662340334569186,5.0,-0.6623403345691861,8
13747,5.674003162875219,5.0,-0.674003162875219,4
13748,5.577074729986062,5.0,-0.5770747299860624,9
13749,5.59176262816892,5.0,-0.5917626281689197,6
13750,5.713360240460491,5.0,-0.7133602404604913,7
13751,5.566827881107908,5.0,-0.5668278811079084,10
13752,5.858822335049649,6.32221929473392,0.4633969596842711,5
13753,5.826453476786068,6.32221929473392,0.4957658179478521,6
13754,5.801266179099282,6.32221929473392,0.5209531156346383,3
13755,5.846149959438306,6.32221929473392,0.47606933529561424,9
13756,5.84614048269537,6.32221929473392,0.4760788120385504,1
13757,5.91652920392284,6.32221929473392,0.4056900908110803,7
13758,5.908714647962364,6.32221929473392,0.41350464677155685,4
13759,5.834556267357048,6.32221929473392,0.4876630273768727,2
13760,5.863545732428206,6.32221929473392,0.4586735623057141,8
13761,5.467743144179267,4.685741738602264,-0.7820014055770033,7
13762,5.592973607532456,4.685741738602264,-0.9072318689301921,8
13763,5.444241361861351,4.685741738602264,-0.7584996232590875,9
13764,5.6063706633867385,4.685741738602264,-0.9206289247844746,10
13765,5.330229885102806,4.685741738602264,-0.6444881465005423,2
13766,5.440391390166924,4.685741738602264,-0.7546496515646597,3
13767,4.99057028823859,4.685741738602264,-0.30482854963632633,6
13768,4.8855428919617765,4.685741738602264,-0.19980115335951254,4
13769,4.885559366138824,4.685741738602264,-0.19981762753655996,5
13770,5.7561884692156315,6.504701881045554,0.7485134118299221,8
13771,5.7421394843403775,6.504701881045554,0.7625623967051762,6
13772,5.709907774005504,6.504701881045554,0.7947941070400493,2
13773,5.767391993877329,6.504701881045554,0.7373098871682249,10
13774,5.756068798947972,6.504701881045554,0.748633082097582,1
13775,5.7881075729487295,6.504701881045554,0.7165943080968242,5
13776,5.761923626255546,6.504701881045554,0.7427782547900073,4
13777,5.78814089909763,6.504701881045554,0.7165609819479233,7
13778,5.788513241859647,6.504701881045554,0.7161886391859067,3
13779,4.133387113311223,2.146128035678238,-1.9872590776329853,1
13780,4.1435082046080405,2.146128035678238,-1.9973801689298023,6
13781,4.192699264809691,2.146128035678238,-2.0465712291314526,4
13782,4.037715072058424,2.146128035678238,-1.8915870363801854,9
13783,4.0718324067256795,2.146128035678238,-1.9257043710474413,8
13784,4.203770434292422,2.146128035678238,-2.057642398614184,10
13785,4.135848995944322,2.146128035678238,-1.9897209602660837,5
13786,4.388675876029536,2.146128035678238,-2.242547840351298,3
13787,4.238784192992544,2.146128035678238,-2.0926561573143054,2
13788,3.9592294170932774,1.4471580313422192,-2.5120713857510584,6
13789,4.044884594625449,1.4471580313422192,-2.5977265632832296,5
13790,4.046695622691415,1.4471580313422192,-2.599537591349195,1
13791,3.9798131381571986,1.4471580313422192,-2.532655106814979,3
13792,4.210506295880613,1.4471580313422192,-2.7633482645383936,4
13793,3.997164772876036,1.4471580313422192,-2.5500067415338172,7
13794,4.242135387337917,1.4471580313422192,-2.794977355995697,10
13795,4.220774264090613,1.4471580313422192,-2.7736162327483935,9
13796,4.004967207424734,1.4471580313422192,-2.5578091760825146,8
13797,3.3139069662469165,3.113943352306837,-0.19996361394007955,6
13798,3.4027860611633916,3.113943352306837,-0.2888427088565546,5
13799,3.3140832086787415,3.113943352306837,-0.20013985637190457,3
13800,3.417961525063501,3.113943352306837,-0.3040181727566642,7
13801,3.5217616090825055,3.113943352306837,-0.4078182567756685,8
13802,3.405845224194481,3.113943352306837,-0.29190187188764405,1
13803,3.407424068417563,3.113943352306837,-0.293480716110726,10
13804,3.3462936245931485,3.113943352306837,-0.23235027228631155,4
13805,3.501904975707383,3.113943352306837,-0.3879616234005461,2
13806,4.074712196633151,4.826074802700826,0.7513626060676746,9
13807,4.019758938773956,4.826074802700826,0.8063158639268702,5
13808,3.9645760809041515,4.826074802700826,0.8614987217966745,1
13809,4.153695941441724,4.826074802700826,0.6723788612591024,4
13810,4.096136686974976,4.826074802700826,0.72993811572585,8
13811,3.9506243604835882,4.826074802700826,0.8754504422172378,7
13812,4.0629067377060695,4.826074802700826,0.7631680649947565,10
13813,3.8698418657832914,4.826074802700826,0.9562329369175346,6
13814,4.012504531002829,4.826074802700826,0.8135702716979969,2
13815,5.7551382712097405,4.247973266361806,-1.5071650048479341,10
13816,5.795830272217716,4.247973266361806,-1.54785700585591,8
13817,5.760374225945372,4.247973266361806,-1.512400959583566,1
13818,5.728693829839488,4.247973266361806,-1.4807205634776812,2
13819,5.756373940006269,4.247973266361806,-1.5084006736444628,3
13820,5.756534304091618,4.247973266361806,-1.5085610377298115,9
13821,5.798358462178279,4.247973266361806,-1.5503851958164727,5
13822,5.6248344661550735,4.247973266361806,-1.3768611997932672,6
13823,5.88817687691647,4.247973266361806,-1.6402036105546633,7
13824,4.7746369154921116,5.0,0.22536308450788844,7
13825,4.327618879651997,5.0,0.6723811203480032,8
13826,4.3516894767623455,5.0,0.6483105232376545,9
13827,4.594134489195554,5.0,0.4058655108044462,1
13828,4.3488573190061155,5.0,0.6511426809938845,2
13829,4.358246926888616,5.0,0.6417530731113841,3
13830,4.263011226846345,5.0,0.7369887731536551,10
13831,4.324691600749309,5.0,0.6753083992506914,6
13832,4.503712044812282,5.0,0.49628795518771796,4
13833,5.343053416637151,5.653212513775344,0.3101590971381931,7
13834,5.294288457704308,5.653212513775344,0.35892405607103584,10
13835,5.32223334787934,5.653212513775344,0.33097916589600374,2
13836,5.235557262396372,5.653212513775344,0.41765525137897175,9
13837,5.3544492969417545,5.653212513775344,0.2987632168335894,8
13838,5.276122126962498,5.653212513775344,0.3770903868128457,4
13839,5.361659373025645,5.653212513775344,0.2915531407496985,1
13840,5.338513160216306,5.653212513775344,0.3146993535590381,3
13841,5.295885029681304,5.653212513775344,0.35732748409404014,6
13842,6.020308861588579,5.653212513775344,-0.3670963478132352,8
13843,5.947655573877608,5.653212513775344,-0.29444306010226384,4
13844,6.0698799851988365,5.653212513775344,-0.4166674714234926,1
13845,6.034039107648729,5.653212513775344,-0.380826593873385,2
13846,6.035580701707853,5.653212513775344,-0.38236818793250915,7
13847,5.996400886913707,5.653212513775344,-0.34318837313836337,3
13848,5.97959230532465,5.653212513775344,-0.3263797915493063,9
13849,5.98349874100566,5.653212513775344,-0.3302862272303164,10
13850,5.99617442438276,5.653212513775344,-0.342961910607416,6
13851,5.743295491529013,6.204119982655925,0.46082449112691215,1
13852,5.748921295519267,6.204119982655925,0.455198687136658,2
13853,5.675034935361933,6.204119982655925,0.5290850472939921,4
13854,5.661121621414711,6.204119982655925,0.5429983612412137,9
13855,5.719589324256013,6.204119982655925,0.48453065839991183,5
13856,5.694984178018582,6.204119982655925,0.5091358046373431,10
13857,5.727241901329533,6.204119982655925,0.476878081326392,8
13858,5.691887363506572,6.204119982655925,0.5122326191493531,7
13859,5.684213208580286,6.204119982655925,0.5199067740756389,6
13860,5.879618368843778,6.079181246047625,0.1995628772038467,6
13861,5.875921552863525,6.079181246047625,0.20325969318410042,9
13862,5.81568810786295,6.079181246047625,0.2634931381846748,8
13863,5.806913868159077,6.079181246047625,0.27226737788854827,7
13864,5.786819610776935,6.079181246047625,0.2923616352706899,3
13865,5.867840638348604,6.079181246047625,0.21134060769902074,10
13866,5.878798194046068,6.079181246047625,0.20038305200155726,1
13867,5.755263040901358,6.079181246047625,0.323918205146267,5
13868,5.877348034262622,6.079181246047625,0.20183321178500346,2
13869,6.1977436108078985,6.3979400086720375,0.200196397864139,6
13870,6.176780437508928,6.3979400086720375,0.2211595711631098,1
13871,6.160427392125309,6.3979400086720375,0.23751261654672806,8
13872,6.146402740421721,6.3979400086720375,0.2515372682503161,3
13873,6.198110378690146,6.3979400086720375,0.1998296299818918,9
13874,6.104545803869573,6.3979400086720375,0.2933942048024649,5
13875,6.191225183181932,6.3979400086720375,0.20671482549010545,10
13876,6.183628593054365,6.3979400086720375,0.2143114156176722,2
13877,6.14169969330293,6.3979400086720375,0.25624031536910774,7
13878,5.507252873191982,5.223755453657241,-0.28349741953474084,2
13879,5.42366552501672,5.223755453657241,-0.19991007135947836,1
13880,5.48252494358283,5.223755453657241,-0.258769489925589,5
13881,5.493533513693282,5.223755453657241,-0.26977806003604066,10
13882,5.515838962743846,5.223755453657241,-0.29208350908660474,7
13883,5.423818521347706,5.223755453657241,-0.2000630676904649,4
13884,5.470915825217901,5.223755453657241,-0.24716037156065962,6
13885,5.531127574633357,5.223755453657241,-0.3073721209761153,9
13886,5.486234890617685,5.223755453657241,-0.26247943696044373,8
13887,6.168902136879963,5.079181246047625,-1.0897208908323375,6
13888,6.082374681006323,5.079181246047625,-1.003193434958698,3
13889,5.996190990927029,5.079181246047625,-0.9170097448794037,4
13890,6.067436226425319,5.079181246047625,-0.9882549803776941,1
13891,6.101014859319897,5.079181246047625,-1.021833613272272,9
13892,6.057233396589987,5.079181246047625,-0.9780521505423616,8
13893,6.1047605078780975,5.079181246047625,-1.0255792618304724,2
13894,6.074364886556357,5.079181246047625,-0.9951836405087322,10
13895,6.066761071992191,5.079181246047625,-0.9875798259445663,7
13896,6.104545803869573,6.778151250383644,0.6736054465140713,5
13897,6.1977436108078985,6.778151250383644,0.5804076395757454,6
13898,6.191225183181932,6.778151250383644,0.5869260672017118,10
13899,6.14169969330293,6.778151250383644,0.6364515570807141,7
13900,6.183628593054365,6.778151250383644,0.5945226573292786,2
13901,6.146402740421721,6.778151250383644,0.6317485099619224,3
13902,6.160427392125309,6.778151250383644,0.6177238582583344,8
13903,6.198110378690146,6.778151250383644,0.5800408716934982,9
13904,6.176780437508928,6.778151250383644,0.6013708128747162,1
13905,5.524981850028875,5.585460729508501,0.060478879479625824,10
13906,5.441478951104751,5.585460729508501,0.1439817784037496,3
13907,5.548219770619398,5.585460729508501,0.03724095888910295,9
13908,5.471420540959359,5.585460729508501,0.11404018854914177,1
13909,5.523322631276653,5.585460729508501,0.06213809823184846,6
13910,5.385444046333111,5.585460729508501,0.2000166831753898,4
13911,5.483165237618896,5.585460729508501,0.1022954918896053,7
13912,5.446205322201988,5.585460729508501,0.1392554073065133,5
13913,5.501340897017733,5.585460729508501,0.08411983249076815,8
13914,6.058448415974979,5.845098040014257,-0.21335037596072226,3
13915,6.102547134311285,5.845098040014257,-0.2574490942970282,6
13916,6.193050604581064,5.845098040014257,-0.3479525645668069,7
13917,6.210393183995969,5.845098040014257,-0.3652951439817125,10
13918,6.111868938335411,5.845098040014257,-0.26677089832115364,9
13919,6.146518871214337,5.845098040014257,-0.3014208312000797,5
13920,6.168071670000038,5.845098040014257,-0.32297362998578105,1
13921,6.144662929206854,5.845098040014257,-0.29956488919259705,2
13922,6.196929247843898,5.845098040014257,-0.3518312078296413,8
13923,5.8832600990184485,5.934498451243568,0.051238352225119854,9
13924,5.789732710681151,5.934498451243568,0.1447657405624172,4
13925,5.887327513511612,5.934498451243568,0.047170937731956464,3
13926,5.9130482698758,5.934498451243568,0.02145018136776855,10
13927,5.968546409481122,5.934498451243568,-0.034047958237553466,5
13928,5.906618458001226,5.934498451243568,0.027879993242342138,7
13929,5.916390260807691,5.934498451243568,0.018108190435877525,6
13930,5.917110381154728,5.934498451243568,0.017388070088840024,1
13931,5.927440226066529,5.934498451243568,0.007058225177039468,8
13932,6.082374681006323,5.771587480881255,-0.310787200125068,3
13933,6.123246523985394,5.771587480881255,-0.35165904310413865,5
13934,6.067436226425319,5.771587480881255,-0.29584874554406415,1
13935,6.101014859319897,5.771587480881255,-0.3294273784386421,9
13936,6.1047605078780975,5.771587480881255,-0.3331730269968425,2
13937,6.074364886556357,5.771587480881255,-0.30277740567510225,10
13938,6.066761071992191,5.771587480881255,-0.29517359111093633,7
13939,6.057233396589987,5.771587480881255,-0.28564591570873166,8
13940,5.996190990927029,5.771587480881255,-0.22460351004577372,4
13941,5.793024032408451,6.653212513775344,0.860188481366893,10
13942,5.781924060209601,6.653212513775344,0.871288453565743,3
13943,5.799555405091638,6.653212513775344,0.8536571086837057,9
13944,5.795613199217391,6.653212513775344,0.8575993145579526,1
13945,5.865166446575678,6.653212513775344,0.7880460671996659,6
13946,5.840754901168174,6.653212513775344,0.8124576126071696,8
13947,5.8609635515358525,6.653212513775344,0.7922489622394915,7
13948,5.711967999875041,6.653212513775344,0.941244513900303,4
13949,5.836929022779085,6.653212513775344,0.8162834909962591,2
13950,5.628794075701233,5.903089986991944,0.27429591129071085,8
13951,5.6132200493916375,5.903089986991944,0.2898699376003062,7
13952,5.4877577740043275,5.903089986991944,0.41533221298761624,4
13953,5.591470727400452,5.903089986991944,0.3116192595914917,5
13954,5.6421115760732,5.903089986991944,0.2609784109187441,6
13955,5.628005214127573,5.903089986991944,0.2750847728643704,10
13956,5.659510291289882,5.903089986991944,0.24357969570206173,2
13957,5.601267903998179,5.903089986991944,0.30182208299376434,9
13958,5.642714424848739,5.903089986991944,0.2603755621432047,1
13959,5.879618368843778,4.927370363039024,-0.952248005804754,6
13960,5.867840638348604,4.927370363039024,-0.9404702753095799,10
13961,5.806913868159077,4.927370363039024,-0.8795435051200524,7
13962,5.875921552863525,4.927370363039024,-0.9485511898245003,9
13963,5.547565308154019,4.927370363039024,-0.6201949451149948,4
13964,5.786819610776935,4.927370363039024,-0.8594492477379108,3
13965,5.81568810786295,4.927370363039024,-0.8883177448239259,8
13966,5.877348034262622,4.927370363039024,-0.9499776712235972,2
13967,5.755263040901358,4.927370363039024,-0.8278926778623337,5
13968,5.0259435292101795,4.826074802700826,-0.1998687265093535,2
13969,5.026565866172807,4.826074802700826,-0.20049106347198098,3
13970,5.026099362851092,4.826074802700826,-0.2000245601502657,7
13971,5.026088430024659,4.826074802700826,-0.2000136273238331,8
13972,5.0262841348235,4.826074802700826,-0.20020933212267433,10
13973,5.026037193821741,4.826074802700826,-0.1999623911209154,4
13974,5.025891224082171,4.826074802700826,-0.19981642138134514,5
13975,5.026098783336391,4.826074802700826,-0.2000239806355646,6
13976,5.026238462010991,4.826074802700826,-0.20016365931016455,9
13977,5.315913320416443,5.002166061756507,-0.31374725865993547,10
13978,5.307010696278754,5.002166061756507,-0.3048446345222464,6
13979,5.445890719247268,5.002166061756507,-0.44372465749076095,1
13980,5.299303622332231,5.002166061756507,-0.2971375605757238,2
13981,5.202323464342022,5.002166061756507,-0.20015740258551507,4
13982,5.316704644913316,5.002166061756507,-0.3145385831568088,7
13983,5.321972122025283,5.002166061756507,-0.31980606026877556,3
13984,5.332113622675948,5.002166061756507,-0.32994756091944044,5
13985,5.3164051481232955,5.002166061756507,-0.3142390863667881,9
13986,6.46325269411517,6.662757831681574,0.19950513756640476,6
13987,6.462582432734278,6.662757831681574,0.2001753989472963,9
13988,6.462567618399362,6.662757831681574,0.20019021328221243,10
13989,6.463117038792527,6.662757831681574,0.19964079288904735,5
13990,6.462737152492015,6.662757831681574,0.20002067918955913,4
13991,6.462930738987097,6.662757831681574,0.19982709269447696,2
13992,6.46266325902085,6.662757831681574,0.20009457266072417,7
13993,6.462646932365613,6.662757831681574,0.2001108993159617,8
13994,6.462841220938355,6.662757831681574,0.19991661074321954,1
13995,6.115409621897486,6.071882007306125,-0.04352761459136101,8
13996,6.097389813804537,6.071882007306125,-0.025507806498412222,6
13997,6.03437185148648,6.071882007306125,0.03751015581964534,10
13998,6.149389901478627,6.071882007306125,-0.07750789417250203,5
13999,6.069312218260018,6.071882007306125,0.0025697890461069406,7
14000,5.87240720018126,6.071882007306125,0.1994748071248651,3
14001,6.112114678300409,6.071882007306125,-0.04023267099428374,2
14002,6.1710149758386,6.071882007306125,-0.09913296853247466,1
14003,6.151011926337258,6.071882007306125,-0.07912991903113298,4
14004,4.557952262478655,2.6766936096248664,-1.8812586528537887,6
14005,4.646838199717433,2.6766936096248664,-1.9701445900925663,1
14006,4.93169336279996,2.6766936096248664,-2.2549997531750936,10
14007,4.614454827830916,2.6766936096248664,-1.9377612182060497,3
14008,4.705793106855967,2.6766936096248664,-2.0290994972311003,5
14009,4.731259047024587,2.6766936096248664,-2.054565437399721,4
14010,4.6747321848640295,2.6766936096248664,-1.9980385752391632,8
14011,4.918534178392078,2.6766936096248664,-2.241840568767212,2
14012,5.083446023805912,2.6766936096248664,-2.406752414181046,9
14013,5.142121392669828,4.184691430817598,-0.9574299618522293,7
14014,5.142426460770876,4.184691430817598,-0.9577350299532776,4
14015,5.142276769927275,4.184691430817598,-0.9575853391096762,10
14016,5.142452821695482,4.184691430817598,-0.9577613908778835,5
14017,5.142271610465309,4.184691430817598,-0.9575801796477101,1
14018,5.142422838572459,4.184691430817598,-0.9577314077548609,6
14019,5.142609401489432,4.184691430817598,-0.9579179706718337,2
14020,5.142275440549057,4.184691430817598,-0.957584009731459,3
14021,5.142542238203147,4.184691430817598,-0.9578508073855483,9
14022,5.52235239747343,4.933993163831242,-0.5883592336421879,4
14023,5.511106264815036,4.933993163831242,-0.5771131009837944,1
14024,5.499386641053587,4.933993163831242,-0.5653934772223455,8
14025,5.518795125115333,4.933993163831242,-0.5848019612840911,3
14026,5.635996041325132,4.933993163831242,-0.7020028774938902,2
14027,5.491813640710286,4.933993163831242,-0.5578204768790442,7
14028,5.218712186421898,4.933993163831242,-0.2847190225906564,6
14029,5.709242740809846,4.933993163831242,-0.7752495769786041,10
14030,5.528481117075902,4.933993163831242,-0.5944879532446601,5
14031,5.417130191377755,5.3979400086720375,-0.019190182705717262,4
14032,5.55958623912122,5.3979400086720375,-0.16164623044918258,2
14033,5.378337754959897,5.3979400086720375,0.019602253712140083,6
14034,5.537699462327727,5.3979400086720375,-0.13975945365568965,10
14035,5.485213628022072,5.3979400086720375,-0.08727361935003408,7
14036,5.4267063952636185,5.3979400086720375,-0.02876638659158104,8
14037,5.470401190035136,5.3979400086720375,-0.07246118136309843,5
14038,5.4485475979312525,5.3979400086720375,-0.05060758925921505,3
14039,5.449584441981685,5.3979400086720375,-0.0516444333096473,1
14040,5.79988413248033,6.57978359661681,0.7798994641364798,10
14041,5.799602876551492,6.57978359661681,0.7801807200653181,7
14042,5.800171583913956,6.57978359661681,0.7796120127028541,8
14043,5.800093253409634,6.57978359661681,0.779690343207176,5
14044,5.799951432841336,6.57978359661681,0.7798321637754739,4
14045,5.800047036457147,6.57978359661681,0.7797365601596633,1
14046,5.6677072542902955,6.57978359661681,0.9120763423265146,3
14047,5.799902285136487,6.57978359661681,0.7798813114803229,6
14048,5.817759466484788,6.57978359661681,0.7620241301320219,2
14049,5.799752125060692,6.0,0.20024787493930774,10
14050,5.800058727101957,6.0,0.19994127289804275,6
14051,5.800368418311613,6.0,0.19963158168838735,7
14052,5.7999409981807535,6.0,0.20005900181924652,4
14053,5.800167742352487,6.0,0.1998322576475129,9
14054,5.799682556297473,6.0,0.20031744370252724,5
14055,5.872586145048422,6.0,0.12741385495157775,2
14056,5.800044404042924,6.0,0.1999555959570758,1
14057,5.800052093657865,6.0,0.19994790634213544,8
14058,4.669605179543234,4.469365398766434,-0.20023978077680038,9
14059,4.651143033453188,4.469365398766434,-0.18177763468675412,6
14060,4.787078867621318,4.469365398766434,-0.31771346885488416,2
14061,4.669489066696528,4.469365398766434,-0.20012366793009395,5
14062,4.732659161176965,4.469365398766434,-0.26329376241053115,10
14063,4.669686049339251,4.469365398766434,-0.20032065057281745,8
14064,4.669323923348971,4.469365398766434,-0.19995852458253704,3
14065,4.669314659353428,4.469365398766434,-0.19994926058699392,7
14066,4.6694930618278185,4.469365398766434,-0.20012766306138463,1
14067,5.151367769427822,4.252853030979893,-0.8985147384479291,7
14068,5.164387982346154,4.252853030979893,-0.911534951366261,6
14069,5.184367558244007,4.252853030979893,-0.9315145272641141,3
14070,5.1819077750603775,4.252853030979893,-0.9290547440804842,8
14071,5.285935893429166,4.252853030979893,-1.0330828624492723,2
14072,5.399645881865753,4.252853030979893,-1.14679285088586,10
14073,5.161578855140359,4.252853030979893,-0.9087258241604657,5
14074,5.172742454911026,4.252853030979893,-0.9198894239311324,4
14075,5.178523702260357,4.252853030979893,-0.9256706712804634,1
14076,5.886078021107026,6.041392685158225,0.15531466405119954,10
14077,5.797090573170621,6.041392685158225,0.24430211198760432,9
14078,5.8919773869124406,6.041392685158225,0.1494152982457848,2
14079,5.775489900567189,6.041392685158225,0.2659027845910362,3
14080,5.706822385655767,6.041392685158225,0.33457029950245865,6
14081,5.841134111126633,6.041392685158225,0.20025857403159275,5
14082,5.812206066475148,6.041392685158225,0.22918661868307755,7
14083,5.749115233929106,6.041392685158225,0.2922774512291193,4
14084,5.766995992088668,6.041392685158225,0.2743966930695576,8
14085,5.282517904236173,5.079181246047625,-0.2033366581885483,3
14086,5.304722554123852,5.079181246047625,-0.22554130807622652,8
14087,5.322516021619054,5.079181246047625,-0.24333477557142924,4
14088,5.2795622987271,5.079181246047625,-0.20038105267947515,1
14089,5.280644364632129,5.079181246047625,-0.2014631185845035,7
14090,5.494789613707414,5.079181246047625,-0.4156083676597886,9
14091,5.311271723539678,5.079181246047625,-0.23209047749205247,2
14092,5.351719495116627,5.079181246047625,-0.2725382490690018,5
14093,5.279201127914339,5.079181246047625,-0.20001988186671404,6
14094,6.042690671118835,6.491361693834273,0.44867102271543846,10
14095,5.802283360953697,6.491361693834273,0.6890783328805759,6
14096,5.895353647527261,6.491361693834273,0.5960080463070119,2
14097,5.823457292954437,6.491361693834273,0.667904400879836,4
14098,5.691312570601801,6.491361693834273,0.8000491232324718,8
14099,5.996330406746808,6.491361693834273,0.4950312870874649,1
14100,5.919267911818415,6.491361693834273,0.572093782015858,5
14101,5.886301140331545,6.491361693834273,0.605060553502728,3
14102,5.750517764320623,6.491361693834273,0.74084392951365,9
14103,5.691312570601801,6.278753600952829,0.5874410303510276,8
14104,5.919267911818415,6.278753600952829,0.3594856891344138,5
14105,5.802283360953697,6.278753600952829,0.47647023999913163,6
14106,5.996330406746808,6.278753600952829,0.2824231942060207,1
14107,5.750517764320623,6.278753600952829,0.5282358366322057,9
14108,5.823457292954437,6.278753600952829,0.4552963079983918,4
14109,5.886301140331545,6.278753600952829,0.3924524606212838,3
14110,6.042690671118835,6.278753600952829,0.23606292983399424,10
14111,5.765136281000935,6.278753600952829,0.5136173199518943,7
14112,4.963214935191921,3.892651033877301,-1.0705639013146202,10
14113,4.770565894595161,3.892651033877301,-0.8779148607178602,4
14114,4.7417875555814035,3.892651033877301,-0.8491365217041027,5
14115,4.789204124441072,3.892651033877301,-0.8965530905637715,1
14116,4.690006355056652,3.892651033877301,-0.7973553211793512,6
14117,4.77180282604171,3.892651033877301,-0.879151792164409,8
14118,4.919055994617568,3.892651033877301,-1.0264049607402672,2
14119,4.829292048555736,3.892651033877301,-0.9366410146784352,7
14120,4.7539039850851,3.892651033877301,-0.8612529512077991,3
14121,4.883894223463027,5.079181246047625,0.19528702258459774,6
14122,5.063704570875705,5.079181246047625,0.015476675171919752,2
14123,4.954665000031349,5.079181246047625,0.12451624601627653,5
14124,4.995905827778077,5.079181246047625,0.08327541826954832,7
14125,4.948284008512162,5.079181246047625,0.13089723753546334,8
14126,4.912725101860515,5.079181246047625,0.1664561441871104,1
14127,5.135512296827111,5.079181246047625,-0.056331050779485636,10
14128,4.987418497408812,5.079181246047625,0.09176274863881329,9
14129,4.883597791953867,5.079181246047625,0.1955834540937582,3
14130,4.987874359815062,4.787743771646467,-0.2001305881685953,5
14131,5.145324124458221,4.787743771646467,-0.3575803528117545,8
14132,5.024302651859403,4.787743771646467,-0.2365588802129368,10
14133,4.988126489542233,4.787743771646467,-0.20038271789576623,6
14134,5.082361740738651,4.787743771646467,-0.29461796909218485,1
14135,5.081459364166286,4.787743771646467,-0.2937155925198196,7
14136,5.094733774630986,4.787743771646467,-0.3069900029845192,4
14137,5.050220961394863,4.787743771646467,-0.2624771897483962,9
14138,5.095759100096325,4.787743771646467,-0.30801532844985857,3
14139,5.509775685774873,5.575187844927661,0.06541215915278809,10
14140,5.540405447932742,5.575187844927661,0.034782396994918585,2
14141,5.4038127053624,5.575187844927661,0.17137513956526096,7
14142,5.404042970761922,5.575187844927661,0.17114487416573887,5
14143,5.422575834499792,5.575187844927661,0.15261201042786876,9
14144,5.3751416257121925,5.575187844927661,0.2000462192154684,8
14145,5.403878133480855,5.575187844927661,0.1713097114468054,3
14146,5.374926165905106,5.575187844927661,0.20026167902255487,6
14147,5.404034128116814,5.575187844927661,0.17115371681084657,1
14148,5.219592730314272,4.56157836830096,-0.6580143620133114,6
14149,5.411664234209564,4.56157836830096,-0.8500858659086035,5
14150,5.420751458610494,4.56157836830096,-0.8591730903095334,8
14151,5.33705074103319,4.56157836830096,-0.7754723727322297,10
14152,5.400370062037605,4.56157836830096,-0.8387916937366446,2
14153,5.445964824741161,4.56157836830096,-0.8843864564402004,1
14154,5.331179672946547,4.56157836830096,-0.7696013046455867,9
14155,5.431011315530214,4.56157836830096,-0.8694329472292539,4
14156,5.2589823589952776,4.56157836830096,-0.6974039906943172,7
14157,4.9999973454074045,7.133858125203335,2.1338607797959304,5
14158,5.037281377842769,7.133858125203335,2.096576747360566,8
14159,5.195465110481857,7.133858125203335,1.9383930147214778,1
14160,5.092238624580941,7.133858125203335,2.041619500622394,4
14161,5.084055789777132,7.133858125203335,2.049802335426203,3
14162,5.231751450674234,7.133858125203335,1.9021066745291009,10
14163,5.256922495800792,7.133858125203335,1.876935629402543,2
14164,5.035499097349678,7.133858125203335,2.0983590278536566,6
14165,5.1103383915900995,7.133858125203335,2.0235197336132353,7
14166,5.021326193434135,5.221674997070769,0.20034880363663454,9
14167,5.109873616798622,5.221674997070769,0.11180138027214692,2
14168,5.108956252111546,5.221674997070769,0.1127187449592233,1
14169,5.021993636818663,5.221674997070769,0.19968136025210637,8
14170,5.021737819660038,5.221674997070769,0.1999371774107308,5
14171,5.021611944412294,5.221674997070769,0.20006305265847502,6
14172,5.02153878442313,5.221674997070769,0.2001362126476396,3
14173,5.021311927967202,5.221674997070769,0.2003630691035676,10
14174,5.079033935309955,5.221674997070769,0.14264106176081448,7
14175,5.549513187296432,4.239049093140191,-1.3104640941562407,9
14176,5.624559670621654,4.239049093140191,-1.3855105774814627,6
14177,5.932550033748564,4.239049093140191,-1.6935009406083728,10
14178,5.464604710706686,4.239049093140191,-1.2255556175664948,8
14179,5.693292214333358,4.239049093140191,-1.4542431211931666,3
14180,5.701676810094225,4.239049093140191,-1.4626277169540334,4
14181,5.73828699235096,4.239049093140191,-1.4992378992107689,5
14182,5.577815899547898,4.239049093140191,-1.3387668064077065,7
14183,5.718704043062181,4.239049093140191,-1.47965494992199,2
14184,5.303181886099453,3.964730921053629,-1.338450965045824,4
14185,5.309495967395064,3.964730921053629,-1.344765046341435,8
14186,5.223322576192379,3.964730921053629,-1.25859165513875,7
14187,5.455319754793781,3.964730921053629,-1.4905888337401518,2
14188,5.270134695146598,3.964730921053629,-1.305403774092969,9
14189,5.336218303878045,3.964730921053629,-1.3714873828244163,10
14190,5.247605567036837,3.964730921053629,-1.2828746459832083,5
14191,5.326434384240688,3.964730921053629,-1.3617034631870593,3
14192,5.292651662033505,3.964730921053629,-1.327920740979876,6
14193,3.74859109755257,3.6972293427597176,-0.05136175479285221,10
14194,3.7269365298887065,3.6972293427597176,-0.0297071871289889,9
14195,3.7303647532588156,3.6972293427597176,-0.03313541049909796,2
14196,3.897364112188375,3.6972293427597176,-0.2001347694286575,7
14197,3.4973365117349644,3.6972293427597176,0.1998928310247532,6
14198,3.8968563007237895,3.6972293427597176,-0.19962695796407193,4
14199,3.8363964689822163,3.6972293427597176,-0.13916712622249872,1
14200,3.539238564118433,3.6972293427597176,0.15799077864128463,3
14201,3.5788860929310173,3.6972293427597176,0.11834324982870026,5
14202,4.421347417315797,5.041392685158225,0.6200452678424284,5
14203,4.513364893011262,5.041392685158225,0.5280277921469629,10
14204,4.45797615276886,5.041392685158225,0.5834165323893652,2
14205,4.62861916536558,5.041392685158225,0.412773519792645,1
14206,4.535207954829224,5.041392685158225,0.506184730329001,4
14207,4.3623690686716525,5.041392685158225,0.6790236164865728,9
14208,4.401492406635796,5.041392685158225,0.639900278522429,3
14209,4.583053775967121,5.041392685158225,0.4583389091911041,7
14210,4.316721774047316,5.041392685158225,0.7246709111109091,6
14211,5.540833109338751,6.0,0.4591668906612494,3
14212,5.563343479276988,6.0,0.4366565207230124,5
14213,5.632491113460962,6.0,0.3675088865390377,7
14214,5.666486594232902,6.0,0.3335134057670981,10
14215,5.420295692875376,6.0,0.579704307124624,6
14216,5.551199558686867,6.0,0.448800441313133,8
14217,5.7413924093360444,6.0,0.25860759066395556,2
14218,5.552817561764082,6.0,0.4471824382359184,9
14219,5.5813044092564414,6.0,0.41869559074355855,4
14220,6.480693427933623,5.442479769064448,-1.038213658869175,2
14221,6.037402043628632,5.442479769064448,-0.5949222745641842,5
14222,6.228759729963557,5.442479769064448,-0.7862799608991091,3
14223,6.197531881045501,5.442479769064448,-0.7550521119810529,8
14224,6.317096130459788,5.442479769064448,-0.8746163613953399,10
14225,6.2157868436964785,5.442479769064448,-0.7733070746320303,9
14226,6.217742051001703,5.442479769064448,-0.7752622819372545,6
14227,6.167479208565748,5.442479769064448,-0.7249994395012997,4
14228,6.253494874539141,5.442479769064448,-0.8110151054746932,1
14229,6.228759729963557,7.397940008672037,1.1691802787084793,3
14230,6.2157868436964785,7.397940008672037,1.1821531649755581,9
14231,6.253494874539141,7.397940008672037,1.1444451341328952,1
14232,6.480693427933623,7.397940008672037,0.9172465807384134,2
14233,6.217742051001703,7.397940008672037,1.1801979576703339,6
14234,6.317096130459788,7.397940008672037,1.0808438782122485,10
14235,6.197531881045501,7.397940008672037,1.2004081276265355,8
14236,6.2139648749495775,7.397940008672037,1.183975133722459,7
14237,6.167479208565748,7.397940008672037,1.2304608001062887,4
14238,5.767395971354202,6.690196080028514,0.9228001086743118,7
14239,5.680441674550611,6.690196080028514,1.0097544054779028,1
14240,5.813063106811262,6.690196080028514,0.8771329732172521,2
14241,5.630135534897403,6.690196080028514,1.060060545131111,6
14242,5.734620198859885,6.690196080028514,0.9555758811686292,4
14243,5.866404524512875,6.690196080028514,0.8237915555156388,10
14244,5.682049030634637,6.690196080028514,1.0081470493938767,8
14245,5.672446619263694,6.690196080028514,1.0177494607648194,9
14246,5.74275685923575,6.690196080028514,0.9474392207927638,5
14247,6.122057939199557,6.079181246047625,-0.04287669315193199,1
14248,6.07327557259344,6.079181246047625,0.005905673454185134,4
14249,5.974305328501001,6.079181246047625,0.10487591754662429,8
14250,6.024569127439828,6.079181246047625,0.05461211860779702,6
14251,5.878897876700878,6.079181246047625,0.20028336934674673,3
14252,6.121969726697789,6.079181246047625,-0.04278848065016394,10
14253,6.122383974927645,6.079181246047625,-0.0432027288800203,2
14254,6.12256208466755,6.079181246047625,-0.04338083861992459,7
14255,6.070067963349957,6.079181246047625,0.00911328269766809,5
14256,5.331333903979894,4.064457989226918,-1.2668759147529762,1
14257,5.113633645279157,4.064457989226918,-1.0491756560522392,2
14258,5.098674682890217,4.064457989226918,-1.034216693663299,3
14259,4.731768279849801,4.064457989226918,-0.6673102906228827,4
14260,5.207756730368509,4.064457989226918,-1.1432987411415905,7
14261,5.194474825169823,4.064457989226918,-1.1300168359429046,9
14262,4.600254593603777,4.064457989226918,-0.5357966043768592,6
14263,4.71078576665724,4.064457989226918,-0.6463277774303222,5
14264,5.22542612111651,4.064457989226918,-1.1609681318895921,8
14265,4.933025252916332,3.686636269262293,-1.2463889836540392,1
14266,4.9110359224364695,3.686636269262293,-1.2243996531741765,2
14267,5.145625619919743,3.686636269262293,-1.45898935065745,10
14268,4.916630190272174,3.686636269262293,-1.2299939210098807,5
14269,4.688338658760922,3.686636269262293,-1.0017023894986292,6
14270,4.863076767568945,3.686636269262293,-1.1764404983066519,4
14271,4.93267406330458,3.686636269262293,-1.2460377940422869,8
14272,5.127545477921604,3.686636269262293,-1.4409092086593112,9
14273,4.901233433533518,3.686636269262293,-1.214597164271225,3
14274,5.369348569809951,5.168939213835978,-0.20040935597397258,9
14275,5.481222705790101,5.168939213835978,-0.31228349195412264,5
14276,5.6029791180988795,5.168939213835978,-0.4340399042629013,10
14277,5.368582228502356,5.168939213835978,-0.19964301466637746,6
14278,5.426879937722306,5.168939213835978,-0.2579407238863274,8
14279,5.443688271333142,5.168939213835978,-0.2747490574971634,1
14280,5.448925761283686,5.168939213835978,-0.2799865474477077,3
14281,5.420861692456345,5.168939213835978,-0.2519224786203669,4
14282,5.579663644075428,5.168939213835978,-0.4107244302394495,2
14283,6.050012352516484,6.079181246047625,0.029168893531140938,8
14284,6.052195428413406,6.079181246047625,0.02698581763421881,5
14285,5.923212264241227,6.079181246047625,0.1559689818063985,7
14286,5.968692869894538,6.079181246047625,0.11048837615308749,10
14287,6.088665584610415,6.079181246047625,-0.009484338562789851,2
14288,6.046600685073193,6.079181246047625,0.032580560974432515,9
14289,6.196840724704112,6.079181246047625,-0.11765947865648663,6
14290,6.0924668850838355,6.079181246047625,-0.013285639036210384,3
14291,6.054306616334193,6.079181246047625,0.024874629713432128,4
14292,4.847777742297181,5.32221929473392,0.4744415524367396,10
14293,4.6575463080638135,5.32221929473392,0.6646729866701069,8
14294,4.789867340812143,5.32221929473392,0.5323519539217774,5
14295,4.775482926407878,5.32221929473392,0.5467363683260427,7
14296,4.680446388070287,5.32221929473392,0.6417729066636335,9
14297,4.769406377322228,5.32221929473392,0.5528129174116927,4
14298,4.6906139650716865,5.32221929473392,0.6316053296622339,6
14299,4.852628070210519,5.32221929473392,0.4695912245234011,3
14300,4.6897036138316555,5.32221929473392,0.632515680902265,1
14301,5.095545998336935,4.895201474778894,-0.20034452355804167,4
14302,5.095370813285601,4.895201474778894,-0.20016933850670693,8
14303,5.095646683376395,4.895201474778894,-0.20044520859750126,10
14304,5.09497233270283,4.895201474778894,-0.19977085792393634,5
14305,5.095205023801359,4.895201474778894,-0.20000354902246542,6
14306,5.095300370265097,4.895201474778894,-0.20009889548620308,3
14307,5.095131734726609,4.895201474778894,-0.19993025994771507,7
14308,5.095529317470948,4.895201474778894,-0.2003278426920545,1
14309,5.095174662808945,4.895201474778894,-0.19997318803005104,9
14310,6.077292356935693,6.079181246047625,0.0018888891119317464,8
14311,6.076907655128608,6.079181246047625,0.0022735909190174652,1
14312,6.076733687489144,6.079181246047625,0.002447558558481333,5
14313,6.077185038672245,6.079181246047625,0.001996207375380088,7
14314,6.076957489116573,6.079181246047625,0.0022237569310519234,9
14315,6.077327476024608,6.079181246047625,0.0018537700230174536,2
14316,6.07733886670901,6.079181246047625,0.0018423793386155296,4
14317,6.0771021992834715,6.079181246047625,0.0020790467641536026,3
14318,6.077497396958674,6.079181246047625,0.0016838490889510282,6
14319,5.171137331010426,5.648360010980932,0.47722267997050594,9
14320,5.332549724403687,5.648360010980932,0.3158102865772454,10
14321,5.1934879624096,5.648360010980932,0.4548720485713318,8
14322,5.113544289051148,5.648360010980932,0.5348157219297835,6
14323,5.187521025716575,5.648360010980932,0.46083898526435707,3
14324,5.245331371203831,5.648360010980932,0.4030286397771006,5
14325,5.267728070417065,5.648360010980932,0.38063194056386696,7
14326,5.155719953873824,5.648360010980932,0.4926400571071081,4
14327,5.3561409286193635,5.648360010980932,0.29221908236156846,2
14328,5.1792537967455745,4.473924693416158,-0.7053291033294169,4
14329,5.168701660247009,4.473924693416158,-0.694776966830851,9
14330,5.345348024085268,4.473924693416158,-0.8714233306691108,8
14331,4.916266421987473,4.473924693416158,-0.44234172857131515,7
14332,5.164411455185356,4.473924693416158,-0.6904867617691988,6
14333,5.2489584960759155,4.473924693416158,-0.7750338026597579,1
14334,5.280983574127043,4.473924693416158,-0.8070588807108852,10
14335,5.249607037492913,4.473924693416158,-0.7756823440767553,5
14336,5.303786948721637,4.473924693416158,-0.8298622553054793,2
14337,5.695152343838224,5.931966114728173,0.23681377088994893,5
14338,5.655054175314977,5.931966114728173,0.27691193941319625,4
14339,5.731853795316644,5.931966114728173,0.20011231941152907,2
14340,5.6850993292912015,5.931966114728173,0.24686678543697127,7
14341,5.589051693080008,5.931966114728173,0.34291442164816477,3
14342,5.648748900237779,5.931966114728173,0.28321721449039394,1
14343,5.731954674776139,5.931966114728173,0.20001143995203385,10
14344,5.595521918630284,5.931966114728173,0.3364441960978892,6
14345,5.646270815205661,5.931966114728173,0.28569529952251216,8
14346,5.293891064119706,4.93981866282138,-0.3540724012983265,8
14347,5.209441089494113,4.93981866282138,-0.2696224266727336,6
14348,5.403727676303659,4.93981866282138,-0.4639090134822794,7
14349,5.304732117128164,4.93981866282138,-0.3649134543067838,4
14350,5.285215634307602,4.93981866282138,-0.34539697148622217,5
14351,5.416491627610815,4.93981866282138,-0.47667296478943477,9
14352,5.475122467197589,4.93981866282138,-0.5353038043762091,10
14353,5.285268174532558,4.93981866282138,-0.34544951171117777,3
14354,5.2989489880807,4.93981866282138,-0.3591303252593203,1
14355,5.172961837632186,5.732393759822968,0.5594319221907824,1
14356,5.246846806567379,5.732393759822968,0.4855469532555894,8
14357,5.482697300956724,5.732393759822968,0.2496964588662438,2
14358,5.281599698334599,5.732393759822968,0.4507940614883692,5
14359,5.2207387243795,5.732393759822968,0.5116550354434679,3
14360,5.399227884427906,5.732393759822968,0.33316587539506237,7
14361,5.279662688308606,5.732393759822968,0.4527310715143624,4
14362,5.364008789602779,5.732393759822968,0.36838497022018935,9
14363,5.444331050998217,5.732393759822968,0.28806270882475093,10
14364,4.646838199717433,3.3010299956639813,-1.3458082040534514,1
14365,4.6747321848640295,3.3010299956639813,-1.3737021892000483,8
14366,4.918534178392078,3.3010299956639813,-1.617504182728097,2
14367,4.731259047024587,3.3010299956639813,-1.4302290513606062,4
14368,4.705793106855967,3.3010299956639813,-1.4047631111919854,5
14369,5.031752131938851,3.3010299956639813,-1.7307221362748697,7
14370,4.93169336279996,3.3010299956639813,-1.6306633671359787,10
14371,4.614454827830916,3.3010299956639813,-1.3134248321669348,3
14372,4.557952262478655,3.3010299956639813,-1.2569222668146738,6
14373,5.330171473631795,4.57978359661681,-0.750387877014985,10
14374,5.249068751381918,4.57978359661681,-0.6692851547651077,9
14375,5.2970712512205065,4.57978359661681,-0.7172876546036964,4
14376,5.405853462603742,4.57978359661681,-0.8260698659869323,5
14377,5.288707794601058,4.57978359661681,-0.7089241979842482,8
14378,5.356738521834074,4.57978359661681,-0.7769549252172636,6
14379,4.996596041030773,4.57978359661681,-0.4168124444139627,7
14380,5.2574760883271,4.57978359661681,-0.6776924917102898,1
14381,5.307330796890251,4.57978359661681,-0.7275472002734409,3
14382,6.502922870589171,6.57978359661681,0.07686072602763883,5
14383,6.380005066828192,6.57978359661681,0.19977852978861854,10
14384,6.634984631015466,6.57978359661681,-0.05520103439865576,2
14385,6.38011815435948,6.57978359661681,0.19966544225732985,6
14386,6.501890572453165,6.57978359661681,0.07789302416364485,3
14387,6.524373653834639,6.57978359661681,0.055409942782171484,1
14388,6.379775195700087,6.57978359661681,0.20000840091672334,4
14389,6.5276680457580145,6.57978359661681,0.0521155508587956,9
14390,6.550427456946136,6.57978359661681,0.029356139670674075,8
14391,6.17744544020742,7.19942604159399,1.02198060138657,9
14392,6.228419301757676,7.19942604159399,0.971006739836314,1
14393,6.198990659725453,7.19942604159399,1.0004353818685372,7
14394,6.232247908494136,7.19942604159399,0.9671781330998543,6
14395,6.250281502411691,7.19942604159399,0.9491445391822992,2
14396,6.264807386988939,7.19942604159399,0.9346186546050514,4
14397,6.210602207265987,7.19942604159399,0.9888238343280031,5
14398,6.259221540815095,7.19942604159399,0.9402045007788953,8
14399,6.212739548558849,7.19942604159399,0.9866864930351413,10
14400,6.595668641981323,6.795880017344075,0.2002113753627519,8
14401,6.595711560784574,6.795880017344075,0.200168456559501,1
14402,6.595942699873362,6.795880017344075,0.19993731747071308,7
14403,6.596065301445112,6.795880017344075,0.19981471589896316,9
14404,6.595919939888969,6.795880017344075,0.19996007745510624,4
14405,6.59586935134854,6.795880017344075,0.20001066599553496,5
14406,6.595915072623893,6.795880017344075,0.19996494472018167,6
14407,6.595947106764777,6.795880017344075,0.19993291057929774,3
14408,6.596103722411605,6.795880017344075,0.1997762949324704,10
14409,4.009844760200153,4.0,-0.009844760200152791,6
14410,4.01655593584272,4.0,-0.016555935842720082,8
14411,4.071400786125357,4.0,-0.07140078612535739,1
14412,3.8000762962207864,4.0,0.19992370377921365,7
14413,4.078945188273275,4.0,-0.07894518827327524,3
14414,3.8823827227509025,4.0,0.11761727724909754,2
14415,4.01562799530256,4.0,-0.01562799530255976,10
14416,4.048601818364599,4.0,-0.04860181836459887,5
14417,3.9902183645325153,4.0,0.009781635467484673,9
14418,5.470356389962387,5.532384880503846,0.06202849054145965,4
14419,5.3896756913614245,5.532384880503846,0.1427091891424217,9
14420,5.462720613343164,5.532384880503846,0.06966426716068241,7
14421,5.381183251457089,5.532384880503846,0.15120162904675727,2
14422,5.546050779132996,5.532384880503846,-0.013665898629149353,10
14423,5.406756442909627,5.532384880503846,0.12562843759421938,6
14424,5.575184135155258,5.532384880503846,-0.042799254651411545,8
14425,5.6160169504039406,5.532384880503846,-0.08363206990009431,1
14426,5.656986739249699,5.532384880503846,-0.12460185874585239,5
14427,6.122244202397845,6.32221929473392,0.19997509233607502,9
14428,6.121888310968959,6.32221929473392,0.20033098376496117,2
14429,6.122228248097882,6.32221929473392,0.19999104663603884,1
14430,6.122017746018362,6.32221929473392,0.20020154871555818,4
14431,6.122135878634647,6.32221929473392,0.2000834160992735,5
14432,6.121885810579938,6.32221929473392,0.20033348415398233,10
14433,6.091690406208019,6.32221929473392,0.23052888852590137,3
14434,6.122150564484547,6.32221929473392,0.20006873024937377,6
14435,6.121879715069873,6.32221929473392,0.20033957966404703,8
14436,6.106556030967121,6.176091259055681,0.06953522808856061,8
14437,6.104661610715552,6.176091259055681,0.07142964834012933,5
14438,6.143770261648132,6.176091259055681,0.03232099740754979,1
14439,6.085358697097354,6.176091259055681,0.09073256195832702,9
14440,6.060170606606133,6.176091259055681,0.11592065244954863,10
14441,6.085677288760197,6.176091259055681,0.0904139702954847,3
14442,6.053411265302531,6.176091259055681,0.12267999375315064,6
14443,6.087775460936701,6.176091259055681,0.08831579811898038,2
14444,6.091388919522489,6.176091259055681,0.08470233953319273,4
14445,5.512182960977736,5.311965660368366,-0.2002173006093697,10
14446,5.5124800719608755,5.311965660368366,-0.2005144115925095,1
14447,5.512181058648979,5.311965660368366,-0.20021539828061297,8
14448,5.512081336902377,5.311965660368366,-0.2001156765340113,4
14449,5.511691925105362,5.311965660368366,-0.19972626473699595,7
14450,5.512479604639752,5.311965660368366,-0.20051394427138636,9
14451,5.512292998309518,5.311965660368366,-0.2003273379411521,6
14452,5.5118551805056955,5.311965660368366,-0.1998895201373294,3
14453,5.511721379020161,5.311965660368366,-0.19975571865179464,2
14454,5.664228932018081,5.338456493604605,-0.3257724384134759,5
14455,5.60764997640957,5.338456493604605,-0.26919348280496536,9
14456,5.659307202703988,5.338456493604605,-0.32085070909938285,10
14457,5.676981495137916,5.338456493604605,-0.338525001533311,8
14458,5.6105113259091475,5.338456493604605,-0.2720548323045424,2
14459,5.60605218876037,5.338456493604605,-0.267595695155765,7
14460,5.643371682184172,5.338456493604605,-0.30491518857956734,4
14461,5.538300758630305,5.338456493604605,-0.19984426502569974,3
14462,5.677370323153656,5.338456493604605,-0.3389138295490506,6
14463,6.147270641434508,5.489958479424835,-0.6573121620096734,9
14464,6.215839705595042,5.489958479424835,-0.7258812261702072,8
14465,6.073149473988025,5.489958479424835,-0.5831909945631901,4
14466,6.1034984429446215,5.489958479424835,-0.6135399635197869,2
14467,6.196182682275116,5.489958479424835,-0.7062242028502812,3
14468,6.237908153658421,5.489958479424835,-0.7479496742335865,5
14469,6.170099168425163,5.489958479424835,-0.6801406890003285,7
14470,6.176934317796441,5.489958479424835,-0.6869758383716063,6
14471,6.188070174416104,5.489958479424835,-0.6981116949912698,10
14472,5.4173465203101685,5.205096047578484,-0.21225047273168407,6
14473,5.40489518134307,5.205096047578484,-0.1997991337645857,4
14474,5.404896148137769,5.205096047578484,-0.1998001005592842,2
14475,5.405128919776599,5.205096047578484,-0.20003287219811483,8
14476,5.413136460286181,5.205096047578484,-0.2080404127076969,7
14477,5.404727765807334,5.205096047578484,-0.19963171822884984,10
14478,5.416457095407159,5.205096047578484,-0.2113610478286745,9
14479,5.405139980799637,5.205096047578484,-0.20004393322115277,5
14480,5.404681714926626,5.205096047578484,-0.19958566734814198,3
14481,6.331515983174422,6.531478917042255,0.19996293386783304,3
14482,6.3311204493819915,6.531478917042255,0.20035846766026388,1
14483,6.331377196256102,6.531478917042255,0.20010172078615351,6
14484,6.331906762812678,6.531478917042255,0.19957215422957741,7
14485,6.287778501059199,6.531478917042255,0.24370041598305647,2
14486,6.331163840574617,6.531478917042255,0.20031507646763824,10
14487,6.331524747727419,6.531478917042255,0.19995416931483678,5
14488,6.3316162577712,6.531478917042255,0.19986265927105507,4
14489,6.331575056807971,6.531478917042255,0.19990386023428464,8
14490,5.669436697313756,6.079181246047625,0.4097445487338689,6
14491,5.671149260499337,6.079181246047625,0.4080319855482877,7
14492,5.688481666610978,6.079181246047625,0.3906995794366468,10
14493,5.6747313420715955,6.079181246047625,0.40444990397602965,4
14494,5.702801422986351,6.079181246047625,0.37637982306127427,8
14495,5.679395761702209,6.079181246047625,0.39978548434541583,2
14496,5.640437502810536,6.079181246047625,0.4387437432370893,1
14497,5.6834116629830485,6.079181246047625,0.39576958306457666,9
14498,5.688338431336717,6.079181246047625,0.39084281471090776,5
14499,4.816359922746683,4.301029995663981,-0.5153299270827016,1
14500,4.635647857385177,4.301029995663981,-0.33461786172119545,7
14501,4.719848752552652,4.301029995663981,-0.41881875688867076,9
14502,4.75937278814866,4.301029995663981,-0.4583427924846788,8
14503,4.79020806561579,4.301029995663981,-0.4891780699518087,5
14504,4.739100649769889,4.301029995663981,-0.43807065410590784,6
14505,4.702677496215145,4.301029995663981,-0.4016475005511637,2
14506,4.7443738684294345,4.301029995663981,-0.4433438727654533,10
14507,4.726889443151719,4.301029995663981,-0.4258594474877375,4
14508,6.038375493131776,5.491361693834273,-0.5470137992975026,5
14509,5.949473519833754,5.491361693834273,-0.45811182599948097,9
14510,5.972703581024103,5.491361693834273,-0.4813418871898296,2
14511,5.886266714797212,5.491361693834273,-0.39490502096293856,3
14512,6.031675343785003,5.491361693834273,-0.54031364995073,1
14513,6.03952848562225,5.491361693834273,-0.5481667917879767,8
14514,5.939708746865365,5.491361693834273,-0.44834705303109157,6
14515,6.034434105163789,5.491361693834273,-0.5430724113295158,10
14516,6.021489477860569,5.491361693834273,-0.5301277840262957,4
14517,6.030310530741332,6.0,-0.03031053074133183,2
14518,6.021079324724989,6.0,-0.021079324724989412,7
14519,5.799492255585119,6.0,0.20050774441488084,8
14520,6.057923577886153,6.0,-0.05792357788615288,9
14521,6.024416856225161,6.0,-0.024416856225161432,5
14522,6.067174644608038,6.0,-0.06717464460803768,6
14523,6.014310857779638,6.0,-0.014310857779637587,10
14524,6.032869960898983,6.0,-0.03286996089898331,4
14525,6.039369656850209,6.0,-0.039369656850208656,3
14526,5.995507518329819,6.185542154854375,0.19003463652455643,7
14527,5.98559396167908,6.185542154854375,0.19994819317529533,2
14528,5.985632644205819,6.185542154854375,0.19990951064855622,4
14529,6.064440099137428,6.185542154854375,0.1211020557169471,5
14530,6.073325005121982,6.185542154854375,0.11221714973239383,6
14531,6.023905543877025,6.185542154854375,0.16163661097735016,8
14532,6.142722465214415,6.185542154854375,0.042819689639960856,1
14533,6.03349299472515,6.185542154854375,0.1520491601292253,3
14534,6.0746832038017775,6.185542154854375,0.11085895105259791,10
14535,5.6764780193368365,5.301029995663981,-0.37544802367285524,1
14536,5.542919834600018,5.301029995663981,-0.24188983893603666,5
14537,5.5997921880420805,5.301029995663981,-0.2987621923780992,6
14538,5.686955209701848,5.301029995663981,-0.38592521403786684,2
14539,5.576248868731033,5.301029995663981,-0.27521887306705217,9
14540,5.660280365846235,5.301029995663981,-0.35925037018225403,3
14541,5.608165180468929,5.301029995663981,-0.30713518480494795,10
14542,5.545142180122155,5.301029995663981,-0.2441121844581735,4
14543,5.625530081500527,5.301029995663981,-0.32450008583654544,7
14544,6.279567138817679,6.079181246047625,-0.20038589277005414,6
14545,6.279320541137266,6.079181246047625,-0.2001392950896408,3
14546,6.279425310986494,6.079181246047625,-0.20024406493886904,4
14547,6.279242504601092,6.079181246047625,-0.20006125855346646,7
14548,6.278744041378049,6.079181246047625,-0.19956279533042398,9
14549,6.279476072182471,6.079181246047625,-0.20029482613484628,5
14550,6.279292832155228,6.079181246047625,-0.20011158610760305,2
14551,6.279335423049299,6.079181246047625,-0.20015417700167415,10
14552,6.279365323893206,6.079181246047625,-0.2001840778455808,8
14553,5.940115815416768,4.892372907398436,-1.047742908018332,2
14554,5.939718281080762,4.892372907398436,-1.047345373682326,6
14555,5.858529994092705,4.892372907398436,-0.9661570866942686,3
14556,5.954653614604509,4.892372907398436,-1.0622807072060727,8
14557,5.980892214592031,4.892372907398436,-1.0885193071935948,4
14558,5.976560567089008,4.892372907398436,-1.0841876596905715,7
14559,5.9698958093818355,4.892372907398436,-1.0775229019833992,9
14560,5.931296644136006,4.892372907398436,-1.03892373673757,5
14561,5.945495704642835,4.892372907398436,-1.0531227972443986,1
14562,5.980940135364122,6.176091259055681,0.1951511236915593,1
14563,5.991271489141229,6.176091259055681,0.18481976991445226,5
14564,5.979952795647389,6.176091259055681,0.19613846340829255,6
14565,5.996213572808519,6.176091259055681,0.1798776862471625,10
14566,5.975969939941791,6.176091259055681,0.2001213191138902,8
14567,5.971279785758361,6.176091259055681,0.20481147329732075,3
14568,5.975827649548735,6.176091259055681,0.20026360950694677,4
14569,5.981895075084565,6.176091259055681,0.19419618397111638,2
14570,5.989023509439712,6.176091259055681,0.18706774961596917,7
14571,5.224362725174122,6.491361693834273,1.2669989686601513,1
14572,4.893580512243609,6.491361693834273,1.5977811815906637,2
14573,5.276352240159957,6.491361693834273,1.2150094536743161,7
14574,5.263814455260269,6.491361693834273,1.2275472385740045,10
14575,5.2645061489448866,6.491361693834273,1.2268555448893865,8
14576,5.344028482338867,6.491361693834273,1.1473332114954058,4
14577,5.074991038276185,6.491361693834273,1.4163706555580884,9
14578,5.476583586835166,6.491361693834273,1.014778106999107,5
14579,5.230139633696527,6.491361693834273,1.2612220601377464,6
14580,3.756143238617606,3.556302500767288,-0.19984073785031775,1
14581,3.7327023401014547,3.556302500767288,-0.17639983933416659,6
14582,3.4374855243207847,3.556302500767288,0.11881697644650346,3
14583,3.756156022458158,3.556302500767288,-0.19985352169086967,7
14584,3.7560813992156996,3.556302500767288,-0.19977889844841146,4
14585,3.756082122332153,3.556302500767288,-0.19977962156486484,9
14586,3.7566436269917833,3.556302500767288,-0.20034112622449518,5
14587,3.756332858608888,3.556302500767288,-0.20003035784159984,10
14588,3.756263079525395,3.556302500767288,-0.1999605787581067,2
14589,5.53788764792563,4.089905111439398,-1.447982536486232,5
14590,5.331646204149361,4.089905111439398,-1.2417410927099626,6
14591,5.503563125433822,4.089905111439398,-1.4136580139944241,10
14592,5.277012677801677,4.089905111439398,-1.187107566362279,7
14593,5.375709308785786,4.089905111439398,-1.2858041973463878,9
14594,5.321213901331621,4.089905111439398,-1.231308789892223,3
14595,5.410150824005794,4.089905111439398,-1.320245712566396,1
14596,5.3686073653520925,4.089905111439398,-1.2787022539126944,4
14597,5.398229192254173,4.089905111439398,-1.3083240808147751,8
14598,4.365149253770685,4.653212513775344,0.28806326000465887,10
14599,4.262825394360174,4.653212513775344,0.3903871194151698,8
14600,4.258040247309798,4.653212513775344,0.39517226646554615,4
14601,4.316213754553531,4.653212513775344,0.3369987592218129,3
14602,4.2392669498034135,4.653212513775344,0.4139455639719305,9
14603,4.343925223758035,4.653212513775344,0.30928729001730915,1
14604,4.259613361659653,4.653212513775344,0.39359915211569074,6
14605,4.401647432428583,4.653212513775344,0.2515650813467607,5
14606,4.390078387201523,4.653212513775344,0.26313412657382074,2
14607,5.929192720706862,5.221022805204841,-0.7081699155020207,10
14608,6.008433537281481,5.221022805204841,-0.7874107320766397,9
14609,5.990491570639293,5.221022805204841,-0.7694687654344516,7
14610,6.072635983256897,5.221022805204841,-0.8516131780520562,8
14611,5.921951502894011,5.221022805204841,-0.7009286976891698,6
14612,5.963039396525495,5.221022805204841,-0.7420165913206542,3
14613,5.9960302851171665,5.221022805204841,-0.7750074799123254,1
14614,5.871561418029753,5.221022805204841,-0.6505386128249118,5
14615,5.846595697587478,5.221022805204841,-0.6255728923826371,4
14616,5.855825882211107,5.698970004336019,-0.15685587787508837,1
14617,5.924269416111489,5.698970004336019,-0.2252994117754703,8
14618,5.891214049920325,5.698970004336019,-0.19224404558430663,5
14619,5.878920979473889,5.698970004336019,-0.17995097513786984,6
14620,5.835358766191366,5.698970004336019,-0.13638876185534698,3
14621,5.888862420624979,5.698970004336019,-0.18989241628896014,7
14622,5.881119466570419,5.698970004336019,-0.18214946223439998,9
14623,5.879155267660807,5.698970004336019,-0.18018526332478846,2
14624,5.8982392599797775,5.698970004336019,-0.19926925564375875,10
14625,6.879082836865271,7.342422680822207,0.46333984395693584,5
14626,6.924188049330224,7.342422680822207,0.41823463149198226,1
14627,6.885140158072483,7.342422680822207,0.4572825227497237,3
14628,6.9562445345211925,7.342422680822207,0.3861781463010141,9
14629,6.9242720240706115,7.342422680822207,0.41815065675159513,6
14630,6.776690157655545,7.342422680822207,0.5657325231666617,8
14631,6.912174618659759,7.342422680822207,0.4302480621624474,7
14632,6.960353208987341,7.342422680822207,0.38206947183486584,10
14633,6.948357316601918,7.342422680822207,0.3940653642202889,4
14634,6.131189123848145,6.176091259055681,0.044902135207536276,1
14635,5.9761146097648,6.176091259055681,0.199976649290881,8
14636,6.056874127326192,6.176091259055681,0.11921713172948945,7
14637,6.085934931008153,6.176091259055681,0.09015632804752816,4
14638,6.149347050043111,6.176091259055681,0.026744209012570686,2
14639,6.1048969784169556,6.176091259055681,0.0711942806387258,10
14640,6.084575680445711,6.176091259055681,0.09151557860996995,6
14641,6.142434273611545,6.176091259055681,0.033656985444136645,5
14642,6.133489755520152,6.176091259055681,0.04260150353552916,9
14643,6.214685350281928,6.414973347970818,0.20028799768889005,7
14644,6.2342871005973315,6.414973347970818,0.1806862473734867,3
14645,6.248001712822311,6.414973347970818,0.16697163514850732,9
14646,6.214843687766722,6.414973347970818,0.20012966020409628,6
14647,6.214681622733338,6.414973347970818,0.20029172523747985,2
14648,6.261446883180966,6.414973347970818,0.1535264647898522,4
14649,6.2145656942739675,6.414973347970818,0.20040765369685065,8
14650,6.214524607631859,6.414973347970818,0.20044874033895876,10
14651,6.252747361998429,6.414973347970818,0.16222598597238935,1
14652,6.778167370419078,6.977723605288848,0.19955623486976926,5
14653,6.777761596142244,6.977723605288848,0.19996200914660367,7
14654,6.777834118905455,6.977723605288848,0.19988948638339288,10
14655,6.777328468995675,6.977723605288848,0.20039513629317263,6
14656,6.777695044217484,6.977723605288848,0.20002856107136324,4
14657,6.777795518460227,6.977723605288848,0.19992808682862062,9
14658,6.777712415405756,6.977723605288848,0.2000111898830914,2
14659,6.77796694479438,6.977723605288848,0.19975666049446783,1
14660,6.778109890108999,6.977723605288848,0.19961371517984894,3
14661,5.140255502465662,4.765072201102792,-0.3751833013628696,9
14662,4.965017454090604,4.765072201102792,-0.19994525298781163,7
14663,5.2509172133199975,4.765072201102792,-0.48584501221720533,8
14664,5.265482233369656,4.765072201102792,-0.5004100322668634,2
14665,5.236704154141286,4.765072201102792,-0.4716319530384938,4
14666,5.318204219021907,4.765072201102792,-0.5531320179191148,6
14667,5.4471668002741795,4.765072201102792,-0.6820945991713874,10
14668,5.347581851738868,4.765072201102792,-0.5825096506360756,5
14669,5.1805745047297425,4.765072201102792,-0.4155023036269503,3
14670,1.5425066055231964,1.3424226808222062,-0.20008392470099023,9
14671,1.141984570343337,1.3424226808222062,0.20043811047886928,7
14672,1.5445485016699818,1.3424226808222062,-0.20212582084777564,10
14673,1.6126815734783015,1.3424226808222062,-0.2702588926560954,3
14674,1.5883553541175326,1.3424226808222062,-0.24593267329532642,5
14675,1.5427271130222886,1.3424226808222062,-0.20030443220008243,8
14676,1.542638450626744,1.3424226808222062,-0.20021576980453792,4
14677,1.1423478469174748,1.3424226808222062,0.20007483390473135,2
14678,1.5425897167515368,1.3424226808222062,-0.2001670359293306,1
14679,3.1291152703049083,2.7481880270062,-0.38092724329870853,6
14680,3.1315616505221366,2.7481880270062,-0.38337362351593685,8
14681,3.0902999595790854,2.7481880270062,-0.34211193257288564,4
14682,2.9480709998579515,2.7481880270062,-0.19988297285175172,7
14683,2.948212326110142,2.7481880270062,-0.20002429910394204,2
14684,3.1529140266589644,2.7481880270062,-0.40472599965276457,5
14685,3.1489077328689903,2.7481880270062,-0.4007197058627905,1
14686,3.1910349429077973,2.7481880270062,-0.4428469159015975,3
14687,3.199675993490578,2.7481880270062,-0.45148796648437806,10
14688,4.223123535438944,2.4553017716570764,-1.7678217637818676,3
14689,4.327154345488318,2.4553017716570764,-1.8718525738312417,10
14690,4.27419122980697,2.4553017716570764,-1.8188894581498936,4
14691,4.277055136542114,2.4553017716570764,-1.821753364885038,6
14692,4.151741906526331,2.4553017716570764,-1.6964401348692544,9
14693,4.376395533299546,2.4553017716570764,-1.92109376164247,7
14694,4.2766528263246055,2.4553017716570764,-1.8213510546675291,5
14695,4.337423319639653,2.4553017716570764,-1.8821215479825764,2
14696,4.282533336950172,2.4553017716570764,-1.8272315652930953,1
14697,4.584255131674125,5.7160033436348,1.1317482119606757,1
14698,4.654228154945591,5.7160033436348,1.061775188689209,8
14699,4.481070433282591,5.7160033436348,1.2349329103522093,6
14700,4.582199236491888,5.7160033436348,1.133804107142912,9
14701,4.631326096344259,5.7160033436348,1.084677247290541,3
14702,4.5228168310236505,5.7160033436348,1.1931865126111498,4
14703,4.517865876282791,5.7160033436348,1.1981374673520095,7
14704,4.609115289507698,5.7160033436348,1.1068880541271024,2
14705,4.612372760847926,5.7160033436348,1.1036305827868746,10
14706,5.277106756997723,4.765072201102792,-0.5120345558949309,1
14707,5.236704154141286,4.765072201102792,-0.4716319530384938,4
14708,4.965017454090604,4.765072201102792,-0.19994525298781163,7
14709,5.265482233369656,4.765072201102792,-0.5004100322668634,2
14710,5.2509172133199975,4.765072201102792,-0.48584501221720533,8
14711,5.140255502465662,4.765072201102792,-0.3751833013628696,9
14712,5.1805745047297425,4.765072201102792,-0.4155023036269503,3
14713,5.318204219021907,4.765072201102792,-0.5531320179191148,6
14714,5.347581851738868,4.765072201102792,-0.5825096506360756,5
14715,5.316756219866169,5.0,-0.31675621986616864,2
14716,5.239380269410307,5.0,-0.2393802694103071,9
14717,5.205597671836326,5.0,-0.20559767183632616,3
14718,5.199887588838653,5.0,-0.19988758883865287,6
14719,5.199632211311721,5.0,-0.19963221131172126,7
14720,5.200311403573206,5.0,-0.2003114035732061,1
14721,5.415197558539207,5.0,-0.4151975585392069,5
14722,5.282437778360913,5.0,-0.2824377783609133,10
14723,5.200420831877679,5.0,-0.200420831877679,4
14724,5.312349347791354,0.1139433523068367,-5.198405995484517,3
14725,5.120112163486774,0.1139433523068367,-5.006168811179937,2
14726,4.956731715657725,0.1139433523068367,-4.842788363350888,10
14727,5.010609091136052,0.1139433523068367,-4.896665738829215,4
14728,5.022008836683071,0.1139433523068367,-4.908065484376234,1
14729,5.106636286469815,0.1139433523068367,-4.992692934162978,7
14730,5.001366458630526,0.1139433523068367,-4.8874231063236895,6
14731,5.080279353153596,0.1139433523068367,-4.966336000846759,9
14732,4.995642900249412,0.1139433523068367,-4.881699547942575,8
14733,3.6845929944853717,1.6989700043360187,-1.985622990149353,5
14734,3.5760509180941176,1.6989700043360187,-1.8770809137580988,4
14735,3.3780286715690924,1.6989700043360187,-1.6790586672330736,7
14736,3.5737055341105455,1.6989700043360187,-1.8747355297745267,8
14737,3.3541817827644564,1.6989700043360187,-1.6552117784284377,2
14738,3.697865062177266,1.6989700043360187,-1.9988950578412474,3
14739,3.5919695232041473,1.6989700043360187,-1.8929995188681286,1
14740,3.6076498028206556,1.6989700043360187,-1.9086797984846369,9
14741,3.5867917136336365,1.6989700043360187,-1.8878217092976177,10
14742,5.234920188852942,2.1357685145678222,-3.0991516742851197,2
14743,5.162182432154504,2.1357685145678222,-3.0264139175866815,1
14744,5.2471516471632365,2.1357685145678222,-3.111383132595414,8
14745,5.18766788839812,2.1357685145678222,-3.0518993738302975,5
14746,5.208260394405546,2.1357685145678222,-3.0724918798377234,3
14747,5.14149767680004,2.1357685145678222,-3.005729162232218,4
14748,5.094793202280342,2.1357685145678222,-2.9590246877125197,9
14749,5.213475217002235,2.1357685145678222,-3.0777067024344125,6
14750,5.216483431283848,2.1357685145678222,-3.0807149167160257,7
14751,4.61223055458129,2.560420774091161,-2.0518097804901285,10
14752,4.7018128777723796,2.560420774091161,-2.1413921036812185,5
14753,4.440161464048771,2.560420774091161,-1.8797406899576097,6
14754,4.445743633605657,2.560420774091161,-1.885322859514496,9
14755,4.603844128568517,2.560420774091161,-2.043423354477356,4
14756,4.641012115608494,2.560420774091161,-2.080591341517333,3
14757,4.720884429201001,2.560420774091161,-2.1604636551098397,2
14758,4.696381394970942,2.560420774091161,-2.135960620879781,7
14759,4.704388186190794,2.560420774091161,-2.143967412099633,1
14760,6.202741077955956,6.113943352306837,-0.08879772564911903,7
14761,6.210322093007213,6.113943352306837,-0.09637874070037622,9
14762,6.20308576858908,6.113943352306837,-0.08914241628224318,3
14763,6.257258282211261,6.113943352306837,-0.14331492990442385,8
14764,6.130059223286064,6.113943352306837,-0.01611587097922662,2
14765,6.21047684544915,6.113943352306837,-0.09653349314231274,5
14766,6.2132486354471155,6.113943352306837,-0.09930528314027853,6
14767,6.206894406627903,6.113943352306837,-0.0929510543210661,4
14768,6.199708791122738,6.113943352306837,-0.08576543881590126,10
14769,5.952797304200357,6.041392685158225,0.08859538095786856,4
14770,5.979582126129047,6.041392685158225,0.06181055902917798,7
14771,6.049722543962782,6.041392685158225,-0.008329858804557055,6
14772,5.974929576820977,6.041392685158225,0.06646310833724822,10
14773,5.9854963956444704,6.041392685158225,0.055896289513754915,1
14774,5.991053206897934,6.041392685158225,0.05033947826029106,5
14775,6.057988111462646,6.041392685158225,-0.01659542630442079,9
14776,6.023351485623152,6.041392685158225,0.018041199535073105,2
14777,5.9602372958616705,6.041392685158225,0.08115538929655486,8
14778,5.134741142724639,5.334453751150931,0.19971260842629146,2
14779,5.134303748702508,5.334453751150931,0.20015000244842263,8
14780,5.134084978974537,5.334453751150931,0.20036877217639404,9
14781,5.134567877804555,5.334453751150931,0.19988587334637575,6
14782,5.134100187573929,5.334453751150931,0.20035356357700174,7
14783,5.134411354133375,5.334453751150931,0.20004239701755555,4
14784,5.1344018085266825,5.334453751150931,0.2000519426242482,3
14785,5.134762278233014,5.334453751150931,0.1996914729179169,10
14786,5.1348638288495465,5.334453751150931,0.19958992230138417,1
14787,4.156531407259755,1.7442929831226763,-2.4122384241370787,1
14788,4.105516271211738,1.7442929831226763,-2.361223288089062,5
14789,4.087979417779813,1.7442929831226763,-2.343686434657137,4
14790,3.952005187557047,1.7442929831226763,-2.2077122044343707,9
14791,3.944060050458776,1.7442929831226763,-2.1997670673361,10
14792,4.086725643142164,1.7442929831226763,-2.3424326600194876,7
14793,4.128877290099896,1.7442929831226763,-2.38458430697722,2
14794,4.079090858587496,1.7442929831226763,-2.3347978754648198,8
14795,3.9375389065481308,1.7442929831226763,-2.1932459234254544,6
14796,4.264556802145662,1.576226137449605,-2.688330664696057,6
14797,4.4624634439121245,1.576226137449605,-2.8862373064625197,4
14798,4.421896102962022,1.576226137449605,-2.8456699655124176,5
14799,4.1709323498299025,1.576226137449605,-2.5947062123802977,7
14800,4.709034079251209,1.576226137449605,-3.1328079418016044,10
14801,4.190450506219802,1.576226137449605,-2.6142243687701976,2
14802,4.5112780205309235,1.576226137449605,-2.935051883081319,3
14803,4.470660863534914,1.576226137449605,-2.8944347260853096,1
14804,4.4932113088923336,1.576226137449605,-2.916985171442729,8
14805,4.939816802108616,2.143014800254095,-2.7968020018545214,6
14806,5.297527221519558,2.143014800254095,-3.154512421265463,9
14807,5.268061331004185,2.143014800254095,-3.1250465307500903,4
14808,5.247334951062086,2.143014800254095,-3.1043201508079914,1
14809,5.233521857388965,2.143014800254095,-3.09050705713487,3
14810,4.951445859079903,2.143014800254095,-2.808431058825808,10
14811,4.987247741232805,2.143014800254095,-2.84423294097871,5
14812,5.076710303494114,2.143014800254095,-2.9336955032400187,2
14813,5.116730302175071,2.143014800254095,-2.9737155019209762,7
14814,4.715442857110474,-0.15864053,-4.874083387110474,1
14815,4.71534860966872,-0.15864053,-4.873989139668719,4
14816,4.693893613197737,-0.15864053,-4.852534143197737,5
14817,4.6451168565538214,-0.15864053,-4.803757386553821,10
14818,4.715048520512144,-0.15864053,-4.873689050512144,9
14819,4.71563891770475,-0.15864053,-4.874279447704749,2
14820,4.715251832958941,-0.15864053,-4.873892362958941,8
14821,4.715199391741129,-0.15864053,-4.873839921741128,7
14822,4.715296025450305,-0.15864053,-4.873936555450305,6
14823,3.0881969783618795,3.0293837776852097,-0.05881320067666973,8
14824,3.0622870755582468,3.0293837776852097,-0.03290329787303703,9
14825,2.8307313190267847,3.0293837776852097,0.19865245865842507,10
14826,2.9135315219047766,3.0293837776852097,0.11585225578043312,2
14827,3.1736248607871476,3.0293837776852097,-0.14424108310193784,5
14828,3.0040781653689197,3.0293837776852097,0.025305612316290027,6
14829,3.229337685190837,3.0293837776852097,-0.19995390750562736,4
14830,3.12456357762332,3.0293837776852097,-0.09517979993811032,1
14831,3.017328037080255,3.0293837776852097,0.012055740604954845,7
14832,4.361422381782781,0.0791812460476248,-4.2822411357351555,3
14833,4.459349691970898,0.0791812460476248,-4.380168445923273,5
14834,4.313369483206229,0.0791812460476248,-4.2341882371586035,6
14835,4.359901791064747,0.0791812460476248,-4.280720545017122,10
14836,4.4384591776461555,0.0791812460476248,-4.35927793159853,9
14837,4.4616262445281345,0.0791812460476248,-4.382444998480509,7
14838,4.401975213421229,0.0791812460476248,-4.322793967373604,2
14839,4.526607112243407,0.0791812460476248,-4.447425866195782,8
14840,4.505739002905719,0.0791812460476248,-4.426557756858094,1
14841,5.519811170895207,2.4771212547196626,-3.0426899161755445,8
14842,5.465192660402069,2.4771212547196626,-2.9880714056824065,6
14843,5.542768242529383,2.4771212547196626,-3.0656469878097203,5
14844,5.578615126452527,2.4771212547196626,-3.101493871732864,7
14845,5.576542151091704,2.4771212547196626,-3.0994208963720418,2
14846,5.443689611383196,2.4771212547196626,-2.966568356663533,3
14847,5.311759832590667,2.4771212547196626,-2.8346385778710044,4
14848,5.454609152989438,2.4771212547196626,-2.977487898269775,10
14849,5.513128029751957,2.4771212547196626,-3.0360067750322948,9
14850,4.5169397922019785,3.8750612633917,-0.6418785288102784,1
14851,4.543996807938323,3.8750612633917,-0.6689355445466232,2
14852,4.617148934447524,3.8750612633917,-0.742087671055824,3
14853,4.593376003261135,3.8750612633917,-0.7183147398694345,5
14854,4.326860690505964,3.8750612633917,-0.45179942711426424,9
14855,4.720586581608469,3.8750612633917,-0.8455253182167688,10
14856,4.656401523099272,3.8750612633917,-0.781340259707572,6
14857,4.561154863551436,3.8750612633917,-0.6860936001597358,8
14858,4.846111935446506,3.8750612633917,-0.9710506720548056,4
14859,2.8786978959036778,2.146128035678238,-0.7325698602254396,2
14860,2.7796305929217486,2.146128035678238,-0.6335025572435105,9
14861,2.89612923085529,2.146128035678238,-0.750001195177052,1
14862,2.912252617527347,2.146128035678238,-0.7661245818491089,5
14863,3.145751359031598,2.146128035678238,-0.9996233233533598,10
14864,2.808213215597272,2.146128035678238,-0.6620851799190337,8
14865,2.85437783854358,2.146128035678238,-0.7082498028653417,7
14866,2.917029377985354,2.146128035678238,-0.7709013423071158,4
14867,2.8859216017448253,2.146128035678238,-0.7397935660665871,6
14868,5.488049813069042,5.688419822002711,0.2003700089336693,7
14869,5.513571186125861,5.688419822002711,0.17484863587684973,9
14870,5.724431901903297,5.688419822002711,-0.03601207990058608,10
14871,5.5904281711642945,5.688419822002711,0.09799165083841643,1
14872,5.718913850716289,5.688419822002711,-0.030494028713578203,6
14873,5.6647957402830755,5.688419822002711,0.02362408171963537,4
14874,5.752508016441111,5.688419822002711,-0.06408819443840041,8
14875,5.656499115761667,5.688419822002711,0.03192070624104382,2
14876,5.843508133596933,5.688419822002711,-0.15508831159422254,5
14877,5.302447286638502,1.3010299956639813,-4.001417290974521,2
14878,5.424994543215647,1.3010299956639813,-4.123964547551665,8
14879,5.2910133852973535,1.3010299956639813,-3.9899833896333723,1
14880,5.453481831181666,1.3010299956639813,-4.1524518355176845,5
14881,5.407816849186159,1.3010299956639813,-4.106786853522178,10
14882,5.3325915384043965,1.3010299956639813,-4.031561542740415,7
14883,5.276125856041646,1.3010299956639813,-3.9750958603776647,9
14884,5.1206526253986935,1.3010299956639813,-3.8196226297347122,3
14885,5.342528768757386,1.3010299956639813,-4.041498773093405,4
14886,5.761006983026322,3.9542425094393248,-1.806764473586997,1
14887,5.789115376028481,3.9542425094393248,-1.8348728665891563,7
14888,5.630988189664214,3.9542425094393248,-1.6767456802248897,2
14889,5.72027284986402,3.9542425094393248,-1.7660303404246949,3
14890,5.618677986561043,3.9542425094393248,-1.6644354771217178,6
14891,5.88105405248473,3.9542425094393248,-1.9268115430454054,8
14892,5.67358571089424,3.9542425094393248,-1.7193432014549148,9
14893,5.559400305646233,3.9542425094393248,-1.6051577962069081,10
14894,5.478347693677974,3.9542425094393248,-1.5241051842386493,5
14895,4.240104328647025,2.6232492903979003,-1.6168550382491245,6
14896,4.631503998115918,2.6232492903979003,-2.008254707718018,5
14897,4.253331504715665,2.6232492903979003,-1.6300822143177647,1
14898,4.312251274654279,2.6232492903979003,-1.6890019842563784,10
14899,4.240862066522094,2.6232492903979003,-1.617612776124194,8
14900,4.22867802738951,2.6232492903979003,-1.6054287369916094,7
14901,4.285197648712991,2.6232492903979003,-1.6619483583150907,4
14902,4.286156092456781,2.6232492903979003,-1.6629068020588806,9
14903,4.212946837132082,2.6232492903979003,-1.589697546734182,2
14904,5.3544492969417545,0.0,-5.3544492969417545,8
14905,5.343053416637151,0.0,-5.343053416637151,7
14906,5.276122126962498,0.0,-5.276122126962498,4
14907,5.294288457704308,0.0,-5.294288457704308,10
14908,5.361659373025645,0.0,-5.361659373025645,1
14909,5.235557262396372,0.0,-5.235557262396372,9
14910,5.295885029681304,0.0,-5.295885029681304,6
14911,5.346334367558641,0.0,-5.346334367558641,5
14912,5.338513160216306,0.0,-5.338513160216306,3
14913,4.733441076328831,4.778151250383644,0.04471017405481259,5
14914,4.788873973571345,4.778151250383644,-0.010722723187701177,9
14915,4.650516685853177,4.778151250383644,0.1276345645304673,6
14916,4.761500864299866,4.778151250383644,0.01665038608377767,1
14917,4.67192750324846,4.778151250383644,0.1062237471351839,7
14918,4.778918449700129,4.778151250383644,-0.0007671993164848345,3
14919,4.8167931874662795,4.778151250383644,-0.038641937082635636,8
14920,4.707767697034574,4.778151250383644,0.0703835533490702,4
14921,4.712483844592071,4.778151250383644,0.06566740579157315,2
14922,4.939816802108616,2.143014800254095,-2.7968020018545214,6
14923,5.247334951062086,2.143014800254095,-3.1043201508079914,1
14924,5.076710303494114,2.143014800254095,-2.9336955032400187,2
14925,5.297527221519558,2.143014800254095,-3.154512421265463,9
14926,4.987247741232805,2.143014800254095,-2.84423294097871,5
14927,5.116730302175071,2.143014800254095,-2.9737155019209762,7
14928,5.268061331004185,2.143014800254095,-3.1250465307500903,4
14929,5.233521857388965,2.143014800254095,-3.09050705713487,3
14930,4.951445859079903,2.143014800254095,-2.808431058825808,10
14931,6.035317656600719,3.903089986991944,-2.1322276696087745,1
14932,6.006685654832297,3.903089986991944,-2.1035956678403527,8
14933,6.0402909852724544,3.903089986991944,-2.1372009982805102,2
14934,6.02424752681963,3.903089986991944,-2.1211575398276854,3
14935,5.967041464622196,3.903089986991944,-2.0639514776302517,4
14936,6.023903166348578,3.903089986991944,-2.120813179356634,10
14937,5.9679151701416,3.903089986991944,-2.064825183149656,5
14938,6.052103857296542,3.903089986991944,-2.149013870304598,6
14939,5.9986631877537695,3.903089986991944,-2.0955732007618253,7
14940,5.6524544012622,3.633468455579586,-2.018985945682614,5
14941,5.648087661228049,3.633468455579586,-2.0146192056484624,9
14942,5.603428118909903,3.633468455579586,-1.9699596633303171,4
14943,5.641191051098762,3.633468455579586,-2.0077225955191755,6
14944,5.537941534025115,3.633468455579586,-1.9044730784455286,3
14945,5.613502764756432,3.633468455579586,-1.9800343091768458,2
14946,5.653983368006631,3.633468455579586,-2.0205149124270445,7
14947,5.542759664562343,3.633468455579586,-1.909291208982757,1
14948,5.677970533410676,3.633468455579586,-2.0445020778310896,10
